ID,dataset,label_positive_probability,junction_aa,v_call,j_call
00931bf8651867a9575152b4342d794d,test_dataset_1,0.5715991662167927,CASSYSYPGMGYSYEQYF,TRBV6,TRBJ2-7
009c600d7ad93ca2fe8f6710d9e9a317,test_dataset_1,0.5515108789006486,CASSYSGTSGGGGQFF,TRBV6-2,TRBJ2-1
009f383a77314f4bc8d041b636152b25,test_dataset_1,0.5217517809829816,CASSQGFGGGYGYTF,TRBV3-1,TRBJ1-2
00c2f235783b71189f670f563a62c004,test_dataset_1,0.488107214128935,CASSSWTGVGGGYGYTF,TRBV6,TRBJ1-2
018194997c63d92ea8ab22d27fec5b1b,test_dataset_1,0.4432378333059227,CASSYGGGGSGYGYTF,TRBV5-1,TRBJ1-2
0183aebce97137596213b8ff6b4df916,test_dataset_1,0.5543836808873422,CASSYASGGASYGYTF,TRBV6-5,TRBJ1-2
02f32d161c259f3b83a1690bf867e936,test_dataset_1,0.5526387592603486,CASSGASGGSGFF,TRBV6-2,TRBJ2-1
04eeef24b4ee32c274641c405b8fe124,test_dataset_1,0.4850613410408507,CASSSGGGFDYGYTF,TRBV12,TRBJ1-2
050ce9aa1ad0a913ecbe8976324e60ca,test_dataset_1,0.4442545631550015,CASSYGQGWGVGYGYTF,TRBV6,TRBJ1-2
05583066c32992baac3058bdecd90f98,test_dataset_1,0.5257012947500002,CASSFGSGGGYGYTF,TRBV5-4,TRBJ1-2
060f1a4873f42f7d8705d82ba88aec9b,test_dataset_1,0.5058158108167323,CASSYSSGGSGYGYTF,TRBV6-6,TRBJ1-2
069616e6b004ee1bf493ffc3db873c31,test_dataset_1,0.5350071821907858,CASSYSGGAGYGYTF,TRBV5-1,TRBJ1-2
06b0dac31d168a306becc287001c9d30,test_dataset_1,0.5448273347560746,CASSYSGSGGGGYTF,TRBV6-5,TRBJ1-2
06d948047c079a569ddf8cf2eac2e00c,test_dataset_1,0.5327139023100655,CASSYSSGGGGDSQYF,TRBV6-2,TRBJ2-3
077c8409f0f87d933e88058115942e34,test_dataset_1,0.5257005804577597,CASSYSSRGWGAGYGYTF,TRBV6,TRBJ1-2
084a961494c5d1bf49716e7b79957757,test_dataset_1,0.475429050646697,CASSYGGVGSNYGYTF,TRBV6-2,TRBJ1-2
0a3236cbb87f17f485fe737f77b33692,test_dataset_1,0.46544266982906,CASSQSGGGYGSF,TRBV3-1,TRBJ2-7
0ab0ff23bb90b4f0dd174beacb234549,test_dataset_1,0.5707068648385987,CASSYSGGGFGPYEQYF,TRBV6,TRBJ2-7
0cd23ec30c3df592b561f240bdd287c2,test_dataset_1,0.5255741902776668,CASSQAYAGVGYGYTF,TRBV3-1,TRBJ1-2
0e0bad32b85c4d81fae8b97c65752108,test_dataset_1,0.5260481533801098,CSGGFGSSGMGSGELFF,TRBV29-1,TRBJ2-2
0eca26efddc8a72e092b81607fb1deab,test_dataset_1,0.5180833719103757,CASSYGGGGGYRSDTQYF,TRBV6-2,TRBJ2-3
0f893b6b78f864f325b498a41f6c3a94,test_dataset_1,0.4756763657197175,CASSYGGSLGYGYTF,TRBV6-6,TRBJ1-2
0fe8ea0dc3ef78ddc06408e98a8a887a,test_dataset_1,0.4978786239794721,CASSYSGGGGYEQYF,TRBV6-2,TRBJ2-7
100dda4543e610d625e509a174ec7264,test_dataset_1,0.4818088484712147,CASTYGGVGYGYTF,TRBV6,TRBJ1-2
100f38b5e81f65faccc6724bea7c3eee,test_dataset_1,0.5368689378667816,CASSYGGGLGYGYTF,TRBV4-3,TRBJ1-2
10187357d59cc56817f32be622694d22,test_dataset_1,0.4403617552319945,CASSFSGGGGDYGYTF,TRBV27,TRBJ1-2
11d1a9772aab69075c37bfd6c1d6647f,test_dataset_1,0.5645747298568076,CASSSSGGGGAFF,TRBV6-5,TRBJ1-1
11e4a994eb486d1d2e4a7a6e2a8297fe,test_dataset_1,0.4572438420292055,CASSFGGGGYGYTF,TRBV6-5,TRBJ1-2
13a811589f878eca57cda476960cc5a8,test_dataset_1,0.445479188880609,CASSYSWGGYSYEQYF,TRBV6-5,TRBJ2-7
1474403b00b90489c02e981ebba3c9b0,test_dataset_1,0.4790959977576073,CASSYYSSGGSYEQYF,TRBV6-2,TRBJ2-7
152a2178b3994e509598b5d30f9c2352,test_dataset_1,0.5420573728341266,CASSSGGFGGGSSYEQYF,TRBV5-4,TRBJ2-7
164e1797d66abc17dedab0ac83e81663,test_dataset_1,0.4757353619044763,CASSYDTYPGGYGYTF,TRBV5-5,TRBJ1-2
169365687531fbb152e03e0e0d5f47a7,test_dataset_1,0.5449064851239372,CASSYSSGGGGDSQYF,TRBV6-2,TRBJ2-3
169d87505abfc1617b705d45923fa0ae,test_dataset_1,0.4945584118239322,CASSYSSFPGGYSGYEQYF,TRBV6,TRBJ2-7
16ce1a258a1d70cba8dcd67e411face5,test_dataset_1,0.4832520962448683,CASSYSGGGGTYGYTF,TRBV6-5,TRBJ1-2
172b25acbf96f661dae00a4c2a4a5390,test_dataset_1,0.5878109466519073,CASSFSTGGGYGYTF,TRBV27,TRBJ1-2
17bc434ccb19879cd9058a065f91db83,test_dataset_1,0.4586805458974631,CASSYSSFGGGDYGYTF,TRBV6-2,TRBJ1-2
17daabb55dc9d0b3070da4e3faa5229d,test_dataset_1,0.5041442960279434,CASSYGAGGGSGDYGYTF,TRBV6,TRBJ1-2
18c8d6d79f655c7caa818e595fcff139,test_dataset_1,0.4616047101070319,CASSYDAGGGYGYTF,TRBV6-5,TRBJ1-2
1908b63831ae555aac5ddd4233ee5076,test_dataset_1,0.4516080876854481,CASSYGGGSGSSYEQYF,TRBV5-1,TRBJ2-7
1939a5fce2630ff9e6f5b6d9ed92cd89,test_dataset_1,0.5119778890497346,CASSYSGGGGYEQYF,TRBV6-2,TRBJ2-7
193ac382bcecaec249ae7879a4bead2c,test_dataset_1,0.5462638713356689,CASSYGGFGNYGYTF,TRBV6,TRBJ1-2
194d33332b5e831681b7b5ebee13b7eb,test_dataset_1,0.4956244920809864,CASSYGAGGFSYGYTF,TRBV6-5,TRBJ1-2
1980599b5c4b114b76eb71d565d491de,test_dataset_1,0.5417177933834597,CASSYGGYGINYGYTF,TRBV6-5,TRBJ1-2
199c7b3c9f544ef46224db45c580aadf,test_dataset_1,0.4964710153244949,CASSYSYEGGYGYTF,TRBV6-5,TRBJ1-2
19ada0f2b2383732b26c0db721102b4e,test_dataset_1,0.479217302309496,CASSPWGGGGSYGYTF,TRBV27,TRBJ1-2
19cccb589ce550f5cac98465ffdbedb7,test_dataset_1,0.4475571452204538,CASSLYGIGGGGWGYTF,TRBV28,TRBJ1-2
1afbf51fe1439f71b23da87d311702f2,test_dataset_1,0.5466866127649979,CASSYSAGTGGGYGYTF,TRBV6,TRBJ1-2
1b7ba54105cb017c49851846ae2eb9a0,test_dataset_1,0.5363207728333085,CASSFGGGGYGYTF,TRBV6-5,TRBJ1-2
1c87fef73a380b69c6a00c4b25278e44,test_dataset_1,0.5047819468856495,CASSYSSYGGAGYTF,TRBV6-5,TRBJ1-2
1cd95eb89d3f3ca138654825f9f018f4,test_dataset_1,0.5335037390135579,CASSQGYGGGPSYGYTF,TRBV4-1,TRBJ1-2
1de596bfd7cba60e4ae1302eb7823513,test_dataset_1,0.493880239822464,CASSYSGGPYSYEQYF,TRBV6-5,TRBJ2-7
1e022719b31a1b52bb81d93edfb872be,test_dataset_1,0.5442237583894771,CASSYSSSGGWGYTF,TRBV6-5,TRBJ1-2
1e043880320c9988acf9d934df7437f4,test_dataset_1,0.4941411553554721,CASSYGGGGAYGYTF,TRBV6-2,TRBJ1-2
1e0d595ab460f9d9e1bc0e9bb990749f,test_dataset_1,0.4850186507522983,CASSSSGGGGYGYTF,TRBV19,TRBJ1-2
1e306038b11cbf1813792880c08500ff,test_dataset_1,0.5483752162624203,CASSYYGQGYSYEQYF,TRBV6-6,TRBJ2-7
1e78320dfd5af9c9d9a51a991df47b10,test_dataset_1,0.4674892741152907,CASSYGGGYPYEQYF,TRBV5-4,TRBJ2-7
1fb00d55322aa9f39810be8bb659cf7a,test_dataset_1,0.4451940807897476,CASSYSGDWGQGRFSYGYTF,TRBV6,TRBJ1-2
2094d919a17daa4090b6fba15e72f32d,test_dataset_1,0.5528560785605878,CASSFGGGGSGFYNEQFF,TRBV7-8,TRBJ2-1
2166047738cf01ed702e8de531572f69,test_dataset_1,0.5460719103029631,CASSYGGGGSGYGYTF,TRBV5-1,TRBJ1-2
22e4fcc5357de1af19620c7b384d8305,test_dataset_1,0.5903845590122169,CASSYGGMGGSYEQYF,TRBV6-5,TRBJ2-7
236e11d304aa38bf747fb91cf3989a06,test_dataset_1,0.5105746013422664,CASSYSGGGTGYGYTF,TRBV6-5,TRBJ1-2
23e9c5db151161e0d780dc64bf9dafc6,test_dataset_1,0.4382291526598785,CASSYSKGGGYGYTF,TRBV6-2,TRBJ1-2
249af447581b5d9dd011c34de24791da,test_dataset_1,0.4830367964356393,CASSYSGGGLGYGYTF,TRBV6-5,TRBJ1-2
24f0ab8931da80281f4992a1dae8e9b2,test_dataset_1,0.4595241750636213,CASSYSYRGGSYYGYTF,TRBV6,TRBJ1-2
2508bc587ffb2749b11f5a32fa4ce2d5,test_dataset_1,0.5015693815972795,CASSSFGGGGGGSGSIYEQYF,TRBV27,TRBJ2-7
25f3b7a0a1c0d11c0d48c9c1bbc10673,test_dataset_1,0.4889574116676078,CASSYYGGGYTF,TRBV7-8,TRBJ1-2
26667f76e0a983fbb90a72e899d801a6,test_dataset_1,0.4539644084077398,CASSYSFGQGGGGYEQYF,TRBV6-2,TRBJ2-7
26e20d83d35225a9bebf73230d52bd80,test_dataset_1,0.5584007934984837,CASSQGGGGAGGFF,TRBV3-1,TRBJ2-1
276890d6e844cbf11301829266d7e042,test_dataset_1,0.536093641597994,CASSFSAGGGGGYGYTF,TRBV12,TRBJ1-2
27bc7776b6526c66581a5e722cb84a22,test_dataset_1,0.5552350229415964,CASSYMTGGGLGYGYTF,TRBV27,TRBJ1-2
28edec177291fded0952984744747b5c,test_dataset_1,0.4955644424141122,CASSYGGGGGYGYTF,TRBV19,TRBJ1-2
295e8398806839feae5849088de8ad1b,test_dataset_1,0.4806876437424745,CASSYGGGGGYGYTF,TRBV5-1,TRBJ1-2
2a37efdfd952cf49c7417e046d922080,test_dataset_1,0.5290773460303816,CASSFGGSSGGYTF,TRBV12,TRBJ1-2
2a80a9973e25eba0f579aa6bcf9f795a,test_dataset_1,0.5467560002784795,CASCSGGGSYWGYEQYF,TRBV6,TRBJ2-7
2b1b67c609e88d6e3afeb2bb9c23d1cd,test_dataset_1,0.5312439918109301,CASSYFAGGGYGYTF,TRBV6-6,TRBJ1-2
2bdd0145e8c33a3fc6ac66f76fd5e44e,test_dataset_1,0.4483616941919742,CASSFGGGGGSYEQYF,TRBV5-1,TRBJ2-7
2bfe7811ce73d760d197130340c3ead9,test_dataset_1,0.4393301189939108,CASSYGSGGGYGYTF,TRBV28,TRBJ1-2
2c091d12eef98ae0faa3daad0e9c11a0,test_dataset_1,0.4869761307029342,CASSFGTGGGYGYTF,TRBV5-5,TRBJ1-2
2c723757ab1b169f83b16c42c6da0fea,test_dataset_1,0.5827088655203537,CASSYNAGVGYGYTF,TRBV6-6,TRBJ1-2
2cf04e27271e2d54d60533ab475553d0,test_dataset_1,0.5499449392011729,CASSYGTGGGFDYGYTF,TRBV6,TRBJ1-2
2d4bb97b439ee232a162c3648f3ef84b,test_dataset_1,0.5111380803239175,CSGGGGSYGYTF,TRBV29-1,TRBJ1-2
2e82de4f43b0bf479c588f51aa667254,test_dataset_1,0.529624484800654,CASSYSSYGGDGYTF,TRBV6-5,TRBJ1-2
30c9d1672feb8e03a5b62489fd33f9e9,test_dataset_1,0.5318951286877168,CASSPSGGGGGQFF,TRBV11-2,TRBJ2-1
30d604bed07a25aaaef088b77b43e7e7,test_dataset_1,0.5867965047173538,CASSFGAGGQVGYGYTF,TRBV5-4,TRBJ1-2
3195db49c67de42caef659195c6b71e7,test_dataset_1,0.4845598185369981,CASYSGGSSYGYTF,TRBV19,TRBJ1-2
31ffe4512fa89403b87ea7b2bfb7dd16,test_dataset_1,0.588116004348775,CASSYSGSGGGAFF,TRBV6-6,TRBJ1-1
3222ead37cc34b2aec667b96ea3c2569,test_dataset_1,0.4727714924513549,CASSYSIGGGTGSYGYTF,TRBV6,TRBJ1-2
3302a17e62484abc8b9c4adc9c7269c2,test_dataset_1,0.5598939678650963,CASSSSGSGGLSGGFF,TRBV5-1,TRBJ2-1
33f7a72887a02012c74e2eff46622d7f,test_dataset_1,0.4726761365500215,CASSYSGGFGYGYTF,TRBV6-6,TRBJ1-2
343c62c90c3cb48383fb0ae1adfc66f2,test_dataset_1,0.469200076620199,CASSYGSGYGYEQYF,TRBV6-2,TRBJ2-7
3456a072c6f3232bdae59045a9234e9e,test_dataset_1,0.4355892214436023,CASSYSSGGDSYGYTF,TRBV6-5,TRBJ1-2
34b04dfc3eeb3db75d2c8c3a7359d650,test_dataset_1,0.5291698800136778,CASSSGGFGGGSSYEQYF,TRBV5-4,TRBJ2-7
352a59f712ec725293a7990554f6bf5d,test_dataset_1,0.5515039243469574,CASSSYGGGGGYTF,TRBV27,TRBJ1-2
38368ad23d4d7cd2b4d0295b8cd04b2e,test_dataset_1,0.450563038048095,CSVGGGYGSYGYTF,TRBV29-1,TRBJ1-2
3a019e3bfa709cba83ff40b3c48910ab,test_dataset_1,0.502043447047212,CASSYSIGGFGVDYGYTF,TRBV6,TRBJ1-2
3b628ff68617c0082e2821a1ee55dfc0,test_dataset_1,0.5011207652582337,CASSSYGGQGYGYTF,TRBV7-2,TRBJ1-2
3b93d0b7074dd93bc2f5e9c0457d4ad9,test_dataset_1,0.520149690399443,CSGGGGGGYGYTF,TRBV29-1,TRBJ1-2
3bf2b25d7fa430a2974acb9cbb6c4e98,test_dataset_1,0.5206247505374242,CASSPYGGLGYGYTF,TRBV28,TRBJ1-2
3c115c436ea304f2a5212fb0960cf3fe,test_dataset_1,0.5429992274307613,CASSFGGGRSYGYTF,TRBV5-4,TRBJ1-2
3cfa38222a43288ccb1e8f0eb7fc41c3,test_dataset_1,0.5259547470008883,CASSGGGGGFF,TRBV6-2,TRBJ2-1
3f534ff266473cb107c3b28995fdb204,test_dataset_1,0.5103431590867457,CASSYGAGGLGYGYTF,TRBV6-5,TRBJ1-2
3fb513a02be9829408cfc98a31c226aa,test_dataset_1,0.5702275114690695,CASSYSTGTGGGYGYTF,TRBV6,TRBJ1-2
4004d4d2319a04ca536aa2cefa5ffa92,test_dataset_1,0.4854768401638743,CASSQGGFGGGSSDEQFF,TRBV4-3,TRBJ2-1
40909394e8cd08d4e226e0bb9cf0cb78,test_dataset_1,0.5808644853765166,CASSYDGGGRGGYGYTF,TRBV6,TRBJ1-2
40fea8326f4cdfdf46f782272523c32e,test_dataset_1,0.4854240703459291,CASSYSTGGGYGYTF,TRBV7-2,TRBJ1-2
4145525bd942598b5cb9acd1cfaef79d,test_dataset_1,0.4581543921329356,CASSYSGSGWGSYGYTF,TRBV6,TRBJ1-2
420ceb3210c65c1d831958b3f075ebb4,test_dataset_1,0.528202059768554,CASSLIGGGFGGSGGYEQYF,TRBV28,TRBJ2-7
42ed9a0d9326fcb78388073a931d877a,test_dataset_1,0.5604429611577527,CASSYSGGGGGVYGYTF,TRBV6,TRBJ1-2
43602dfabe5f66b540d80a31df20b591,test_dataset_1,0.5738743801786177,CASSYSSGGDSGYEQYF,TRBV6,TRBJ2-7
4362395910f07609e821381c72a54ab2,test_dataset_1,0.4707192593803985,CASSYSSGGESSYEQYF,TRBV6-2,TRBJ2-7
443e5ac656740a966eda2e7588fd5e31,test_dataset_1,0.4791719570948525,CASSSFSGGGSYGYTF,TRBV7-2,TRBJ1-2
45c12d5e9bd68316ad53076de014fc32,test_dataset_1,0.5263049076861438,CASSYGGSSYGYTF,TRBV12,TRBJ1-2
46ff300f34db9b8770b1a6878935923a,test_dataset_1,0.5484612922074801,CASIGGGVGYGYTF,TRBV28,TRBJ1-2
47a497f725c514716d1e3ecad4fcc587,test_dataset_1,0.5001228352468216,CASSYSGAGGVSYGYTF,TRBV6,TRBJ1-2
483cbbce27d14fb9eceeff240978cca1,test_dataset_1,0.5842259446878759,CASSLFGGGGYGYTF,TRBV7-2,TRBJ1-2
48599a5ac81a9e4cec498b09d76d2c39,test_dataset_1,0.5138975294799235,CASSYGGPSGGYEQYF,TRBV6-5,TRBJ2-7
4891d0e1153813d77afb04d30bd3a867,test_dataset_1,0.5355911362098561,CASSYSYGGAYYEQYF,TRBV6-2,TRBJ2-7
490ec5f2ad9eff7516abe173ae3ac0f2,test_dataset_1,0.4596329265446222,CASSFGPGGGGYGYTF,TRBV11-2,TRBJ1-2
49ecf14e093db6ca3101daeb3312a0e2,test_dataset_1,0.5342987872257084,CASSYSGGSSYGYTF,TRBV6-5,TRBJ1-2
4a2c92e83fbff17417aba932165c3ae8,test_dataset_1,0.4580160011046935,CASSYGAGAGYGYTF,TRBV5-1,TRBJ1-2
4b10d7e12a69ff46d572fabf4cf1d510,test_dataset_1,0.5488009208483177,CSASGGSGGSYSYEQYF,TRBV20-1,TRBJ2-7
4b88b1d6d5e1fc9a1d548fc1626ff4fc,test_dataset_1,0.4808555587466063,CASSYSSGTGGSYGYTF,TRBV6-2,TRBJ1-2
4babe10e68c1f10b0bc25cdb6a5bfe4b,test_dataset_1,0.5188326471157247,CASSYGGAGGYGYTF,TRBV6-2,TRBJ1-2
4bf5a830dee1fef025c3947c058f3f9e,test_dataset_1,0.5197212019160345,CASSYSGGGGYF,TRBV6-6,TRBJ2-7
4c3035a78c78cb0fe7de411390e5e5ba,test_dataset_1,0.5546136401489941,CASSFGGGGGSYEQYF,TRBV5-1,TRBJ2-7
4c469ac148734216d0e6f1243e00bdca,test_dataset_1,0.5172170110285957,CASSSPYGGYYGYTF,TRBV6-2,TRBJ1-2
4cb3a13b91137e15c8af8661c9245527,test_dataset_1,0.5012172607483868,CASSYGGGGPGYF,TRBV6-2,TRBJ2-3
4d0f63070e528ed503d4349bed0098a3,test_dataset_1,0.516355024718187,CASSLIAGTGGLLQGYEQYF,TRBV5,TRBJ2-7
4dac15c8a89e8fd02d2682a52aa78a2b,test_dataset_1,0.5192221512709645,CASSYGGGGAYGYTF,TRBV6-2,TRBJ1-2
4f75e082a8e91c28a39a692ac5a71eb4,test_dataset_1,0.5250181832910411,CASSPYGYPGSSYEQYF,TRBV5-1,TRBJ2-7
5000088a6ffd25a7e4bb2c4d7cbb2d5c,test_dataset_1,0.5484551904115478,CASSYSAWGGGYGYTF,TRBV6-5,TRBJ1-2
532e6a0e3eaf3ca12f01dce62e1492bd,test_dataset_1,0.4387632984473441,CASSYSSGGGFYGYTF,TRBV6-5,TRBJ1-2
532f82983edcef9c97923ab952f196d8,test_dataset_1,0.5475656614605051,CASSFGGGSGGGFYEQYF,TRBV11-2,TRBJ2-7
540aeec2c83c4e7098035d975a6c3b4e,test_dataset_1,0.4710013413739581,CASSYGSGGGYGYTF,TRBV28,TRBJ1-2
540bb9af0f3b631afcce6049c011a8d7,test_dataset_1,0.4740843822039226,CASSFSGGGSYGYTF,TRBV28,TRBJ1-2
5673db27d3edc415bb27e4e6c9103850,test_dataset_1,0.4525535836853619,CSGFGQGGNYGYTF,TRBV29-1,TRBJ1-2
5686fa512f5692cc6fcf275c0a0078ef,test_dataset_1,0.4933608502894525,CASSYSGAGGGYGYTF,TRBV27,TRBJ1-2
56addd4af9240f18150260299d792ebb,test_dataset_1,0.5258999714638631,CASSYGWGGSSYEQYF,TRBV6-5,TRBJ2-7
56b93449283b5c5ff14e28b8225ac3a8,test_dataset_1,0.4580302387569642,CASSYGSGGYGYTF,TRBV12,TRBJ1-2
57169e97edcc490c6688e48a5a074622,test_dataset_1,0.5363659839862546,CASSYGTGGAFGYGYTF,TRBV5-4,TRBJ1-2
57893b481163d655951dd6352a9716b8,test_dataset_1,0.4527066367998645,CASSYQAGGGYGYTF,TRBV6-6,TRBJ1-2
57a6a6de21ec83b57a7b604bfda3335e,test_dataset_1,0.5197515272267843,CASSFGGGGDYPYEQYF,TRBV6,TRBJ2-7
58f3db487f7fcd93c805b39d6d60f078,test_dataset_1,0.4425109445813288,CASSFGLGGGGGYTF,TRBV12,TRBJ1-2
59f5681187d638f9dc9ed2a7dcf124b7,test_dataset_1,0.5057701345625898,CSTYGGGGGGYTF,TRBV29-1,TRBJ1-2
5b28165798a854f38cb61a6e13e66683,test_dataset_1,0.4880021261331067,CASSPSGGSGGFF,TRBV12-3,TRBJ1-1
5b88f33f0ab9b414c1223ff50d5421b0,test_dataset_1,0.4871417717993603,CASSSPFFGSGGGGDEQFF,TRBV28,TRBJ2-1
5bb98e30e90a77fe6e929b23e77083a4,test_dataset_1,0.5268935640253141,CSAGVGGGFGIGYTF,TRBV20-1,TRBJ1-2
5bc9ddeeba19abf33747ab17fe1005e4,test_dataset_1,0.4758260560180682,CASSYGTGGAGYGYTF,TRBV6-5,TRBJ1-2
5c95e5fdb7ecec1a9a30af86d4229531,test_dataset_1,0.4548663910142895,CASSYSGQGGSYGYTF,TRBV6-6,TRBJ1-2
5d0a2eba5661816a7cfd5ddad670f789,test_dataset_1,0.5352648904634922,CASSFSGGGSYGYTF,TRBV28,TRBJ1-2
5d9fcd8ccdec36314571eb1250e1e464,test_dataset_1,0.5274258405047099,CASSSGGGGGFNYGYTF,TRBV7-2,TRBJ1-2
5deef55afc7abd931b57cff307cc9231,test_dataset_1,0.5283279323132164,CASSYGGQGGGYTF,TRBV12,TRBJ1-2
5f17e5502cb2e777d18c26850163defe,test_dataset_1,0.5693303211258784,CASSYGLGGGARGYGYTF,TRBV12,TRBJ1-2
5f6d827d0a575ad3bc3023dfbd1fff69,test_dataset_1,0.573951392259791,CASSYGTGGASYGYTF,TRBV6-6,TRBJ1-2
600ce1b8b4b53f50c6bf2f01adcd3558,test_dataset_1,0.4878249735353631,CASSFGQGGGYSSYEQYF,TRBV7-2,TRBJ2-7
61916d5e096afb1c5a56bef012823624,test_dataset_1,0.5432530950392902,CASSFGGYGQPSYGYTF,TRBV28,TRBJ1-2
6277f3ecd7b5b6a9b47ece78b91cf8d3,test_dataset_1,0.5168166088575157,CASSFAGGGGSYGYTF,TRBV7-9,TRBJ1-2
629cbbee4e0b335eb27b2e41eb7f530e,test_dataset_1,0.5541745467598296,CASSYSSGGGYYGYTF,TRBV6-5,TRBJ1-2
634a6787233e8bb14d22c25a66f4063a,test_dataset_1,0.5245746988269838,CASSYGGQGYDYGYTF,TRBV6-5,TRBJ1-2
648b961d27289643fd4f16d471fb5307,test_dataset_1,0.494155621938422,CASSFGGGRSYGYTF,TRBV28,TRBJ1-2
6530ffd2a0f59a3d975307b433704183,test_dataset_1,0.4722749334446475,CASSFGLGGGYGYTF,TRBV6-5,TRBJ1-2
654b0e87d64aca1625a58d9111fc65fc,test_dataset_1,0.5207738430158511,CASSYGGGINYGYTF,TRBV6-6,TRBJ1-2
66020b4ffe6a6a79d6416216fdda34d9,test_dataset_1,0.4523405681661182,CASSFGGGYGYTF,TRBV5-4,TRBJ1-2
665f5229495e14f07ab8276a05166e6a,test_dataset_1,0.5257184262443167,CASSSFGGGYGYTF,TRBV12,TRBJ1-2
6669f26d5a51c378e852c81238d03a33,test_dataset_1,0.4689293707663799,CASSYYGGPPYEQYF,TRBV2,TRBJ2-7
66ef2a0c95b1a74023b8e3ed4d133e51,test_dataset_1,0.5738193031263583,YASSYSGGGYTF,TRBV6-2,TRBJ1-2
67a302eb268920ef09581b8f2acad9fd,test_dataset_1,0.5309975860205591,CASSYSGGYSNYEQYF,TRBV6-5,TRBJ2-7
67d4b1c34c1e8f1219feaeba2f71c512,test_dataset_1,0.4915189078853301,CSCGGGPYEQYF,TRBV29-1,TRBJ2-7
68e13c7e42e6f8ad36a85dafbea55ee9,test_dataset_1,0.5065297348725722,CASSFGYYGDPYEQYF,TRBV27,TRBJ2-7
6a52ebeb0b54b95f128f69f78bccc6a6,test_dataset_1,0.5571461712555821,CASSYGAGLGYGYTF,TRBV18,TRBJ1-2
6db40ed1db890200256f92cdd01d4732,test_dataset_1,0.5157938258797385,CASSLIGGGFGGSGGYEQYF,TRBV28,TRBJ2-7
6ecca4fd6ecaadd3123ba01db24daee6,test_dataset_1,0.4581509795007395,CASSYGSGGYGVYEQYF,TRBV6-2,TRBJ2-7
6f4c12e0a2f68c188fc55e3facfc063e,test_dataset_1,0.51789830387909,CSAGGGYGSYEQYF,TRBV20-1,TRBJ2-7
6f5432f972e76004af4814a6f04d5a41,test_dataset_1,0.4682864106054629,CASSPSYGGLGYGYTF,TRBV7-2,TRBJ1-2
7117d6bc9b8889591e3b2f6991cc4c00,test_dataset_1,0.477006098988493,CASSYGGGGAYGYTF,TRBV6-2,TRBJ1-2
721c901bba71f006a2f17f64c57f9cd6,test_dataset_1,0.4432660514088282,CASSYGGRGGLGYGYTF,TRBV6,TRBJ1-2
7291fd4d100b75a089cefb99a1463513,test_dataset_1,0.4882117672141421,CASSYGGSSSYGYTF,TRBV6-6,TRBJ1-2
7394a84349146197484ea84ed363b1e7,test_dataset_1,0.5385746848256685,CASSGFGGGGYEQYF,TRBV6-2,TRBJ2-7
73db1aabe55ccfdf36db7497bdc27d3d,test_dataset_1,0.4785994156202042,CSGGSGGGLGYGYTF,TRBV29-1,TRBJ1-2
742b375794b28b35cc076fc52f2759e1,test_dataset_1,0.5071383994613928,CASSYGGFGRPYYEQYF,TRBV6,TRBJ2-7
74cb6fa4049682f20a5c46e9af846b86,test_dataset_1,0.4623464371474433,CASSYSGGTGGGSYEQYF,TRBV6,TRBJ2-7
753a44fe517c82b01217116e33526d0e,test_dataset_1,0.4512176932742232,CASSYSGFGAPSYGYTF,TRBV6,TRBJ1-2
754d85f575ed9841dda38d05eef9f0ec,test_dataset_1,0.5688898276231359,CASSYGGGGLGTPYEQYF,TRBV6,TRBJ2-7
75cb2b95463c9ca359b934190ae76e66,test_dataset_1,0.5254270033094433,CASSYYGGGSSPYEQYF,TRBV12,TRBJ2-7
75ea7dae7a6e60246e2b096975271e3f,test_dataset_1,0.4870992142549538,CASSYKGGGLGYGYTF,TRBV28,TRBJ1-2
782d3bd97db498498046c786f14139b3,test_dataset_1,0.4618612816162814,CASSFGGGGYYGYTF,TRBV5-1,TRBJ1-2
79b30256fd74aa8ec1ce01fded552913,test_dataset_1,0.5732994703873083,CASSYSGGGQGGYGYTF,TRBV6,TRBJ1-2
79f6450b551788fd9d1478f3d0694c77,test_dataset_1,0.5498054380623721,CASSTFGGGGYGYTF,TRBV13,TRBJ1-2
7a33fdfcb96d7c236e466c1bb92f5bb5,test_dataset_1,0.4576759151773145,CASSYGAGAGYGYTF,TRBV5-1,TRBJ1-2
7c260611969da3aad7c854a72f26487d,test_dataset_1,0.5138057592196353,CASSFGGGGYGYTF,TRBV6-5,TRBJ1-2
7d0c5a5538391d843fb089b2e50a5f30,test_dataset_1,0.4884559582050637,CSGGSSGGSTGELFF,TRBV29-1,TRBJ2-2
7d34c01094d88102f39b65a36f600861,test_dataset_1,0.4949581629068499,CASSYGGGSSYGQYV,TRBV6-6,TRBJ2-7
7e9fd6e435a84b64927ee5e3d8f4e05a,test_dataset_1,0.5081373325993348,CASSYSYPGYSSYEQYF,TRBV6,TRBJ2-7
7f61fa257c7a9b1757b629fe0686b9f8,test_dataset_1,0.4362018818492199,CASSYEGSSGSGSYGYTF,TRBV6,TRBJ1-2
7f62ca6c888f891d8f39c95f126ba05a,test_dataset_1,0.5183768114696026,CASSYSSGGGQGGYTF,TRBV6-5,TRBJ1-2
7fdee0cd4916cb16ab0674b3226e1431,test_dataset_1,0.4712789508259955,CASSFGAGGSYGYTF,TRBV12,TRBJ1-2
81289c2f72d9bfda87a2ae0fd63c7a5c,test_dataset_1,0.526655546584565,CASSYGGGINYGYTF,TRBV27,TRBJ1-2
8162838b8aa1f56489da92519efee80e,test_dataset_1,0.512495188101895,CASSYGGGPSSYEQYF,TRBV6-6,TRBJ2-7
818a5aa6767d35c0c821df16016b0d88,test_dataset_1,0.5398976701479045,CASSFGGGSGSFQFF,TRBV7-2,TRBJ2-1
81b61b77f18e592364832f43a41c1840,test_dataset_1,0.5641084740136327,CASSYSSSGGDYGYTF,TRBV6-5,TRBJ1-2
8233aec7dc0bd87620ca803c5a87b565,test_dataset_1,0.4848469321536006,CASSYYGGGKYGYTF,TRBV6-5,TRBJ1-2
8242fbdb060a31c453b779664fbef2c8,test_dataset_1,0.5282935818141864,CASSYGGQGGYYGYTF,TRBV6-5,TRBJ1-2
82be1a073cefe41cf7b7810e91160484,test_dataset_1,0.5665895572209476,CASSYSGPTGGYGYTF,TRBV6-2,TRBJ1-2
82f3a711dec8c6a23c27c1721180fe31,test_dataset_1,0.5478275264180998,CASSYSSGGAGYGYTF,TRBV6-2,TRBJ1-2
833407b1cc4fc98fc9c306d0cf70aee4,test_dataset_1,0.543361384139315,YASSYSGGGYTF,TRBV6-2,TRBJ1-2
847b62a4f7521fd409a4868ba1de4668,test_dataset_1,0.5184570064113836,CASSFGSGGYGYTF,TRBV7-2,TRBJ1-2
853b11ca7b92c03160b84130031672f2,test_dataset_1,0.5274999174765468,CASSFSGGGYGSYEQYF,TRBV7-8,TRBJ2-7
85a0e2eb9a495ef459ede79d74800c52,test_dataset_1,0.5194064849785401,CASSYGGGYGYTF,TRBV12-3,TRBJ1-2
86036f85cc5da58f6ee7558b61bd1ff1,test_dataset_1,0.5398833276090487,CASSYSGGGTGYGYTF,TRBV6-5,TRBJ1-2
86a5a0f53d540a71725daaa2bd5bb851,test_dataset_1,0.5416088513853193,CASSFGGGGYGYTF,TRBV27,TRBJ1-2
8711d0a5f012f93aee02d367e455b031,test_dataset_1,0.5414600520578648,CASYPYSGSSSYEQYF,TRBV27,TRBJ2-7
8808ca0fb8cf047a3b55d1e3d29a506c,test_dataset_1,0.4631960576806169,CASSYWGQGYYGYYEQYF,TRBV6-2,TRBJ2-7
88c9f31d8171ca20ac2c1932a4a4a383,test_dataset_1,0.4676663242731634,CASSYSGGGRSGFGYGYTF,TRBV6,TRBJ1-2
895e7f46b45defcea7117c6f799b886a,test_dataset_1,0.4821663502557878,CASSGYGGGGYNEQFF,TRBV9,TRBJ2-1
89e2ac1300ed118bc70a0a31d99a5120,test_dataset_1,0.5098925777762225,CASSSWGAGGYYGYTF,TRBV5-6,TRBJ1-2
8a1ba3afd22815a97e1c508450b32d7d,test_dataset_1,0.5507270726242691,CASSYAGVGVGYGYTF,TRBV6-5,TRBJ1-2
8a80b9a2ef7cdf5d8cebce41e839de48,test_dataset_1,0.5106967237630134,CASSLGYGTGGSYSYGYTF,TRBV5-8,TRBJ1-2
8abf3b1c9543b3d21e5a4d53dddee4d9,test_dataset_1,0.5127540755846143,CASSYGGGSPYGYTF,TRBV6-6,TRBJ1-2
8aed9ea6f9cab1db1e5e4704e502290f,test_dataset_1,0.47125335307382,CASSYNVGGGYGYTF,TRBV6-6,TRBJ1-2
8d0d0e1104d79f128212d6887074d885,test_dataset_1,0.4384627713161566,CSGYGQGGYEQYF,TRBV29-1,TRBJ2-7
8d7ac2c42602fafcd7bb666886b60984,test_dataset_1,0.5221365650001899,CASSFGQGGGYGYTF,TRBV27,TRBJ1-2
8db1abe7a872184867175f24dc7efac6,test_dataset_1,0.5005696123797545,CASSYSKGGAGYGYTF,TRBV6-2,TRBJ1-2
8de0b715353aa0f850a6377659d587f0,test_dataset_1,0.5661456018688656,CASSYYGTGYDYEQYF,TRBV6-2,TRBJ2-7
8ee3b0d87410b429577e8e5b7bb39dd0,test_dataset_1,0.571307733992534,CASSFGQGGGYGYTF,TRBV27,TRBJ1-2
8fd7ae4143b7e90e79c528bbc5306308,test_dataset_1,0.5907544797868818,CASSYNVGGGYGYTF,TRBV6-6,TRBJ1-2
902b9cc34c753c1814533bdfdd7c4fd2,test_dataset_1,0.5089807595034032,CACSGGGSSSYEQYF,TRBV28,TRBJ2-7
902ff533739a30a630c56c60147ad677,test_dataset_1,0.4937952452894726,CASSYGAGGLGYGYTF,TRBV6-5,TRBJ1-2
9049a11ed6e308a5e96f504ffa603fde,test_dataset_1,0.5738594343700351,CASSFGPGGGGYGYTF,TRBV11-2,TRBJ1-2
905ebffb011536985037d63862ada90a,test_dataset_1,0.4491174295102544,CASSYSYGGSGYTF,TRBV6-5,TRBJ1-2
91aac6df65ef3f9d15cd8ea8330bc211,test_dataset_1,0.4818360679528812,CASSFGGGGNGQFF,TRBV7-2,TRBJ2-1
924e10abd94f3d40c15950e7e42efd77,test_dataset_1,0.4921646934407443,CASSYSGGGYYEQYF,TRBV6-6,TRBJ2-7
93655987206ab466f621fa3762b029b7,test_dataset_1,0.4311826621020039,CASSYSTGGVGYGYTF,TRBV6-5,TRBJ1-2
957eef1785d6926af9cf7143a1e8e60c,test_dataset_1,0.5020275837930526,CASSFGGGQGYGYTF,TRBV6-5,TRBJ1-2
960c64245837dcc5873d5c8d57f34e84,test_dataset_1,0.5292115308945122,CASSYGTGGLSYGYTF,TRBV5-6,TRBJ1-2
962c9ca994498148320acd87a0af10b6,test_dataset_1,0.57483472720381,CASSYSYSGRGYGYTF,TRBV6-5,TRBJ1-2
9639afc19707975961b01fdad672e621,test_dataset_1,0.4523920585683298,CSASFSGGGGYGYTF,TRBV20-1,TRBJ1-2
967fc5315f27f2b10943397d4c5ee50c,test_dataset_1,0.4433847391916503,CASSYGGQGSQGGYGYTF,TRBV6,TRBJ1-2
96880085fc55b765378ceb4dcb7ff2b3,test_dataset_1,0.53579541819276,CASSLGGGYGANYGYTF,TRBV11-2,TRBJ1-2
96c32df1b5a48af32c9ace4f64fd1189,test_dataset_1,0.4802617784470095,CASSFGGGAGGSYGYTF,TRBV7-2,TRBJ1-2
96eb5992829f3ca99d52fd1d0ad4f66b,test_dataset_1,0.4497505528134881,CASSYSGTGGGSFF,TRBV6-5,TRBJ1-1
979ceda65d75df7ec7e427c91c587528,test_dataset_1,0.4888189812741347,CASSGGGYGSYEQYF,TRBV2,TRBJ2-7
97f7c6624bc0de89bb60bf5e6a2272e6,test_dataset_1,0.589709818878256,CASSYYGGGGSSYNEQFF,TRBV6,TRBJ2-1
988cdcaa392212c8bd57af4a12529304,test_dataset_1,0.5094580301185603,CASSYGGGQGGYEQYF,TRBV6-5,TRBJ2-7
9922d1c87f6dfe1a3d44652fb54769a0,test_dataset_1,0.4924287064460427,CASSSGGSGGAFF,TRBV7-2,TRBJ1-1
99ee4cb291ed849bf5125dee02ca11a8,test_dataset_1,0.5308161816543054,CASSGGTFGGGGDEQFF,TRBV9,TRBJ2-1
9b97ba12c7c2c9c741cb9610987ea956,test_dataset_1,0.5234102995705695,CASSFGGGGYGYTF,TRBV6-5,TRBJ1-2
9bfd32e590ac0b560f0b071260df20d7,test_dataset_1,0.4824031227997729,CASSYGGGGSYEQYF,TRBV18,TRBJ2-7
9bfe8a72a0458a8bf997fd41b5e3ca46,test_dataset_1,0.4474619402391528,CASSYGQGWGVGYGYTF,TRBV6,TRBJ1-2
9c8f91a8fb933665c2ac1a407da02144,test_dataset_1,0.5380833664614199,CASSYGGGGYSGNTIYF,TRBV6-2,TRBJ1-3
9cf0c9782080a76226ddf39bd56a6a3c,test_dataset_1,0.4943305344769837,CASAYGGGGGVGQYF,TRBV6,TRBJ2-7
9da521afc76557d46085e3823761b4ac,test_dataset_1,0.4995296134354256,CASSLYGAGGGYGYTF,TRBV27,TRBJ1-2
9e49f59b69b407c1870ab95ca2151388,test_dataset_1,0.4899720788693067,CASSYGFSGPSSYGYTF,TRBV6-2,TRBJ1-2
9ed8e59dbcb1e0ec93bc618fa1cd73fb,test_dataset_1,0.5086900683303146,CASSYGFGGGSYNEQFF,TRBV6-2,TRBJ2-1
9f175ea0db5f5ecc785860a785e345f8,test_dataset_1,0.5229487112875899,CASSGGYSGGSSYEQYF,TRBV10-2,TRBJ2-7
9f617d7b62d2b83af757d0221270638a,test_dataset_1,0.5246762282116159,CASSYGGSSPYGYTF,TRBV6-2,TRBJ1-2
9fdc772c0db96da6213090e9524604f2,test_dataset_1,0.4509488117895341,CASSFGGSGGYYEQYF,TRBV11,TRBJ2-7
9ff23d20cb566da437a462d6b53fc54a,test_dataset_1,0.5513953235383521,CASYGGGSYTPYYGYTF,TRBV27,TRBJ1-2
a08f6e282ca1c6b07ed2a5e90fbd848c,test_dataset_1,0.5457022441877161,CASSYGGYGGEQYF,TRBV6-6,TRBJ2-7
a0ce4ce31c81019045e63df3b3595625,test_dataset_1,0.4714211226098399,CASSSGGGSSSYGYTF,TRBV7-2,TRBJ1-2
a0f406701fe4712a72e4ba4fc35cf69c,test_dataset_1,0.4599019601500112,CASSYSWGGYSYEQYF,TRBV6-5,TRBJ2-7
a118cc2422f030e46a83df81ff30cf2e,test_dataset_1,0.574826459776201,CASSYGGSGFSSSYEQYF,TRBV6,TRBJ2-7
a1aa3d69e764e84e9f057439cf133bae,test_dataset_1,0.4769627849255428,CASSPWGGGGYGYTF,TRBV12,TRBJ1-2
a1db5a0411c681864d40bc7200f7997c,test_dataset_1,0.4927063746802023,CASSYGGYGNYEQYF,TRBV6-5,TRBJ2-7
a3471df8fe57a25a3c5c37b2407d75f5,test_dataset_1,0.4877006858134183,CASSYGFGGSDYEQYF,TRBV6-6,TRBJ2-7
a39f6c2121d246b41461508b20838a8f,test_dataset_1,0.4857209558050715,CSGYGQGGYEQYF,TRBV29-1,TRBJ2-7
a6f5cc4ec95e7b1c1d7d5de7d4c2403a,test_dataset_1,0.536003875961858,CASSFGLGGGYGYTF,TRBV5-8,TRBJ1-2
a71a16814c51358498d58213349ddc4f,test_dataset_1,0.5123521734475279,CASSYSGGGYYEQYF,TRBV6-6,TRBJ2-7
a751507cc267eb75c435a4f734d6c1da,test_dataset_1,0.4789782267298936,CASSYGGGGGYRSDTQYF,TRBV6-2,TRBJ2-3
a88a25259189b12436f549874024ad42,test_dataset_1,0.5291826914780461,CASSFGGGSNYGYTF,TRBV5-8,TRBJ1-2
a8a33b25f49059ef2411c1f1fb0d9ff2,test_dataset_1,0.5230919697676047,CASSYYSGRGLGGGYTF,TRBV6,TRBJ1-2
a8bf69db5e2ce2555ff68abaa67a1226,test_dataset_1,0.5202658885342055,CASCFGGGGGSYGYTF,TRBV28,TRBJ1-2
a8d55f661eea5fa71ba4aefe17f04e75,test_dataset_1,0.5472724186331657,CASSYGGGGAGYTF,TRBV6-5,TRBJ1-2
a9087b2456909c0e61afa69b3e5dac92,test_dataset_1,0.5820381200668943,CASSGGFGGGYGYTF,TRBV28,TRBJ1-2
aa55d8f402b9dacc9bb564f943e10b97,test_dataset_1,0.4703954993141117,CASSYGYGSYRGGYEQYF,TRBV6,TRBJ2-7
ac61bbdd66cc882cbb5df06c887c9c17,test_dataset_1,0.4670560480222658,CASSYGGGGAGYTF,TRBV6-5,TRBJ1-2
af343757c215393d97af99d7dd2c8ce1,test_dataset_1,0.5362241884580092,CASSLGSGGGGYGYTF,TRBV7-8,TRBJ1-2
b026461731a630d15280e2d47c368d6d,test_dataset_1,0.4780063756957317,CASSFGGGAGGSYGYTF,TRBV7-2,TRBJ1-2
b239708ecbbea77d63f1b1bc3ef51643,test_dataset_1,0.4899056931150836,CASSYSGGGFDYGYTF,TRBV6-5,TRBJ1-2
b2ce29754270738226990fafebaeaa40,test_dataset_1,0.5087452760700979,CASSFGGGGGGGYTF,TRBV12,TRBJ1-2
b2f33d5fb2ce083aee1ae98ec3cdf508,test_dataset_1,0.5409423084642213,CASSWYGGGCYGYTF,TRBV11-3,TRBJ1-2
b33566170cda182f0e5574d671f7a9e9,test_dataset_1,0.5550713686610281,CASSFGGGVGYGYTF,TRBV7-2,TRBJ1-2
b4913dc8c19aa49911f5e64cc1012f39,test_dataset_1,0.5090092984001079,CASSYGGGYGYTF,TRBV7-9,TRBJ1-2
b492d80229f01e150c8c3258237e7e5e,test_dataset_1,0.4667772008368285,CASSYSGGYSAGGQFF,TRBV6-5,TRBJ2-1
b4975c1ffc5a5db43665b38c7f4ab76a,test_dataset_1,0.4975776112131918,CASSYSGGFGYGYTF,TRBV6-6,TRBJ1-2
b50c7754a472dfc51ad64c201a530b40,test_dataset_1,0.4350678624687826,CASSPYGQGGGYGYTF,TRBV7-8,TRBJ1-2
b6a9257366d142c34f1f5c614e7745de,test_dataset_1,0.4527190715593805,CASSYSSTGGGFGYTF,TRBV6-5,TRBJ1-2
b6c4240ac15ba9674246b9df46d5316f,test_dataset_1,0.5647434494655906,CASSQDYFGTGGGGYGYTF,TRBV4-3,TRBJ1-2
b742ef567e3c2ac69ff097bc5a2eb27a,test_dataset_1,0.5053835448060947,CASSGSSGGGFF,TRBV19,TRBJ2-1
b87e48787683f5ebcea80adcd5bd095c,test_dataset_1,0.5287336878804,CASSFGTSGSGGFF,TRBV5-1,TRBJ2-1
b974e6a8100d3f114ae018fe51f020ab,test_dataset_1,0.5228153566049097,CASSYGGFGGAGYGYTF,TRBV6,TRBJ1-2
bab1317514684b710cac20ab795a0045,test_dataset_1,0.4754317398858804,CASSLFGGGGSYGYTF,TRBV5-5,TRBJ1-2
bca124b0d133ebb9a876c2d03093dea6,test_dataset_1,0.5930493937333795,CASSLYGGGSNYGYTF,TRBV7-8,TRBJ1-2
bce2bf4178b7d564530f00c2da406b39,test_dataset_1,0.5080648029507565,CASSPGFGGGYYGYTF,TRBV18,TRBJ1-2
bd3cc1c3e85ea0936ba11c73c346312d,test_dataset_1,0.5047807222974565,CASSYYGAGGNYGYTF,TRBV6-5,TRBJ1-2
bdbc65d47ff079050bd5e8065de8c812,test_dataset_1,0.481940799471501,CASSYSSGGGYSYEQYF,TRBV6,TRBJ2-7
be420d0591376c4702a95987fbbc77af,test_dataset_1,0.4451806116273143,CASSYSGGAGANYGYTF,TRBV6,TRBJ1-2
beb1b2656a3ccbc748a8e9feb962dc93,test_dataset_1,0.567699401906293,CARGCCGGPSSYEQYF,TRBV12,TRBJ2-7
bedf598bf0bf567bf9c79d4c4a8de65d,test_dataset_1,0.4667241076652734,CASAFGGGGYGYTF,TRBV12-5,TRBJ1-2
bf0a1d000da52a33170fcf59dbb56e57,test_dataset_1,0.592822505953379,CSGGGGFGSGELFF,TRBV29-1,TRBJ2-2
bf65c30e0a3d5d19c10976d6c1b4b303,test_dataset_1,0.5470618407992279,CASSFWGGGSYGYTF,TRBV5-6,TRBJ1-2
c07275dd18cdcca17ea7f7cdc765c6b6,test_dataset_1,0.4940818801197445,CSAGGGYGNSYEQYF,TRBV20-1,TRBJ2-7
c0baec389df47017c01431ff4c7fddd2,test_dataset_1,0.4911244622943385,CASSYLGGGAGYGYTF,TRBV28,TRBJ1-2
c185f8fce4037759ec612efd645ed8bb,test_dataset_1,0.5373630671037858,CASYGGGGLNYGYTF,TRBV2,TRBJ1-2
c18adc66bfb1967741ab6efd64d02b61,test_dataset_1,0.5289242272232774,CASSFGGGGDYPYEQYF,TRBV6,TRBJ2-7
c1d940da1a2cf63df173c88f9a4cbadf,test_dataset_1,0.5593824556755916,CSASPSYGGGYGYTF,TRBV20-1,TRBJ1-2
c3d408f5cda2206fcf7e33ef24c966c9,test_dataset_1,0.4614480596040583,CASSYGTGGAGYGYTF,TRBV6-5,TRBJ1-2
c54dd350b4f566dd42ed1f43552e5370,test_dataset_1,0.4535744719204552,CASSFGGGGYGYTF,TRBV6-5,TRBJ1-2
c56961e66746d307a7418344d68e5c83,test_dataset_1,0.5460112130045421,CASSSSGTSGGGSFF,TRBV11-2,TRBJ2-1
c60aa355d832ac0df3002d8c9ce95b86,test_dataset_1,0.4523681036519266,CASSYSFGSAGAGGYGYTF,TRBV6,TRBJ1-2
c70f7d0fb22c7d214310f8782860fa2f,test_dataset_1,0.5195884297470728,CASQYGGGSGYGYTF,TRBV28,TRBJ1-2
c72fcedd47f40e3115842a70b355f759,test_dataset_1,0.5320637309201718,CASYSGGYSPYEQYF,TRBV28,TRBJ2-7
c7a11ab067f7531164fb1e7be98a6778,test_dataset_1,0.4690209703071202,CASSYSYPSGSQSSYEQYF,TRBV6,TRBJ2-7
c8113e55c1f8735b119caf72da5d1a95,test_dataset_1,0.4978986644714713,CASSYSYGGQGSYEQYF,TRBV6,TRBJ2-7
c83b5871a27279f635a30d1afe518e15,test_dataset_1,0.518184629498426,CASSLGGGGFSYGYTF,TRBV7-9,TRBJ1-2
c94dafaa5fd8a52e42ae6e05658f3524,test_dataset_1,0.4690317911798329,CASSSSGGGGAFF,TRBV6-5,TRBJ1-1
c9b3856500f7cefb48987faadb63a9f9,test_dataset_1,0.574278816934444,CASSQSGGGGSYGYTF,TRBV18,TRBJ1-2
cad973814f3225f412e1fb68b3102724,test_dataset_1,0.5843887806012178,CASSLAYGTGVGGSYGYTF,TRBV7-2,TRBJ1-2
cada535870798278f13a38019a8912e3,test_dataset_1,0.5707183390627073,CASSSYSTGGRGYGYTF,TRBV12,TRBJ1-2
cbf2cec58d927eb948290b643fcc4577,test_dataset_1,0.5095921007406847,CASGYGGGGYGYTF,TRBV12,TRBJ1-2
cc1c0110d80290ace303d1d156037f85,test_dataset_1,0.5317294851505304,CASSYSGTSGGYSSYEQYF,TRBV6,TRBJ2-7
cd2d1f03db85b2ebc4eeaff565d921e0,test_dataset_1,0.5491463421713026,CASSFSTGGGYGYTF,TRBV7-6,TRBJ1-2
cf7bf4558019a09c3d934178cc043d9e,test_dataset_1,0.4849308389955477,CASSFGGGSYYEQYF,TRBV27,TRBJ2-7
cfeac925272ddabd38b0e1ab58c18f57,test_dataset_1,0.5154443578926551,CASSYGGSSSYGYTF,TRBV6-6,TRBJ1-2
d0fce58a99dc544b92c3d76f68dc72cb,test_dataset_1,0.5085158046165692,CASSFGAGGSYGYTF,TRBV12,TRBJ1-2
d19854efbe93b6bdd66a39654e407a43,test_dataset_1,0.5496655716654787,CASSYGLGGAGYGYTF,TRBV6-2,TRBJ1-2
d283fd3e594f30b4b6bf9277e4db755c,test_dataset_1,0.4942532048525989,CASSYSGGGLGYGYTF,TRBV6-5,TRBJ1-2
d2b11b2afeab0bce396a26bf8c38c675,test_dataset_1,0.591162476900793,CASSSSGTGGKGSGGGYTF,TRBV27,TRBJ1-2
d2c09faa2b1e23e39451736175487991,test_dataset_1,0.5718982329628666,CASSFGGGGSNYGYTF,TRBV5-1,TRBJ1-2
d311228327c106d2117d58bb16a0ae92,test_dataset_1,0.4960109350869003,CASSFGGVGGYGYTF,TRBV5-1,TRBJ1-2
d4c75169d9ad4139c4974ce40cf1c48c,test_dataset_1,0.5216674949306939,CASSYGGGQGFYEQYF,TRBV28,TRBJ2-7
d55832a44fff37a80b62a6f3ca43056d,test_dataset_1,0.5521400568086975,CASSYSGGYSYEQYF,TRBV7-2,TRBJ2-7
d57397a8a741eddf36e69e0871eb0807,test_dataset_1,0.57064491834001,CASSSYGGGYDGYTF,TRBV7-2,TRBJ1-2
d580d9107d12015c56a5f991de59e402,test_dataset_1,0.4869859614252488,CASSFYDRGIGGYYNYGYTF,TRBV6,TRBJ1-2
d656923dc76de72807ca03b310f63dbd,test_dataset_1,0.547214052752949,CASSFGTSGSGGFF,TRBV5-1,TRBJ2-1
d7df4f7b3dbfbc5fa1e21b420afa4cc0,test_dataset_1,0.4859927207267166,CASSYSPGGVGYGYTF,TRBV6-5,TRBJ1-2
d7e4ddb44dceb672029deb8f3adbcd04,test_dataset_1,0.5000650234667453,CSGYGGSYGYTF,TRBV20-1,TRBJ1-2
d7f90fdd8885aefbb7fd92b53f3b89d1,test_dataset_1,0.5187506798032864,CSALGGGGGYGYTF,TRBV20-1,TRBJ1-2
d9551e2a3ebda30842a0a95ce51f2bd9,test_dataset_1,0.5817313273265186,CASSYSYGGVGYTF,TRBV6-2,TRBJ1-2
d9a3c28ecb99272729f488885f499309,test_dataset_1,0.4831689374609099,CASSFGYGGGYEQYF,TRBV27,TRBJ2-7
d9bdaeaadde5f87dc27feed274a438c9,test_dataset_1,0.5640915984707817,CASSSSGGGSYGYTF,TRBV27,TRBJ1-2
da835c694e4c781b28b9dfef7aa9c123,test_dataset_1,0.4943505622055095,CASSFSGGYSYGYTF,TRBV12,TRBJ1-2
dae0c295d878cc082a970d195687c153,test_dataset_1,0.5150086166244984,CASSYPFYGGSSYEQYF,TRBV28,TRBJ2-7
db112e077fcdf351061539971f580cea,test_dataset_1,0.4541379261607352,CASSGYGGGQYF,TRBV7-6,TRBJ2-7
dc03ad045abaa75cbb90fedee2eda6b6,test_dataset_1,0.529562476961599,CSGGGYGSYEQYF,TRBV29-1,TRBJ2-7
dd19ee2fc7b320b5babdf4edfbfadc58,test_dataset_1,0.5457696786283932,CASSYSKYGDGYGYTF,TRBV6-5,TRBJ1-2
dd6b982472a797fd382110c44189b6a9,test_dataset_1,0.5292842984374281,CASSPSSYGGGYYEQYF,TRBV18,TRBJ2-7
dde7dc493f7fd01ad2dfce99f941ee1c,test_dataset_1,0.4950561634205145,CASSYGGYGDGYTF,TRBV6-2,TRBJ1-2
de6a0fdb372a8ca1c0e3c18a18d6803a,test_dataset_1,0.4507599736188207,CASSFGGGGSSFF,TRBV6-5,TRBJ1-1
dfc582b4f09c65658a08fcc019b9ec7e,test_dataset_1,0.5290017116170007,CASSFGGGGGYGYTF,TRBV12,TRBJ1-2
dfd5221cb3f721cf6e49f481030cc3cf,test_dataset_1,0.5140959697125134,CASSYGYGAGGSYEQYF,TRBV6,TRBJ2-7
e06496dac274765e75313a95d441f3b8,test_dataset_1,0.5046431422741232,CASSSGGGFGYGYTF,TRBV5-6,TRBJ1-2
e12c99800e3e74f52c6b7ebb867db053,test_dataset_1,0.5873716113241387,CASSYSGWGGGYEQYF,TRBV6-5,TRBJ2-7
e190e7c35f4e9c01ab1ada689c3dcd41,test_dataset_1,0.5361838078524223,CASSYGGSPFSGYGYTF,TRBV6-2,TRBJ1-2
e1ac67a859cb2bbf352fc2c88ab99ffc,test_dataset_1,0.4954746142835668,CASSYSIGGGTGSYGYTF,TRBV6,TRBJ1-2
e2b8b3329382a9da5a101cd52ce49a47,test_dataset_1,0.5606818159877656,CASSYSLPGFGGGSSYEQYF,TRBV6,TRBJ2-7
e35c758a6d4e6dde312bc8837d88ebf4,test_dataset_1,0.4838787701847089,CASSLGGGGLGYGYTF,TRBV6-5,TRBJ1-2
e5a41392c09f8b1a1d2227129e23b952,test_dataset_1,0.5823931302682025,CASSYYGGDSYEQYF,TRBV5-1,TRBJ2-7
e636e6ccf9423cef7f03430e759ebb87,test_dataset_1,0.4615645462778268,CASSYYSGGASGYEQYF,TRBV6,TRBJ2-7
e6b431f594c65d0cf1fcf2f2c243d7c6,test_dataset_1,0.4573949166443374,CASSQSGGGYGSF,TRBV3-1,TRBJ2-7
e6c60f9eed982dd07251e514c740a30b,test_dataset_1,0.4695015780080823,CASSEFGSGGGGYF,TRBV25-1,TRBJ2-3
e95adc374d615bba22b4fd0530a5aef3,test_dataset_1,0.5767573127418243,CASSYYGGGSTSYEQYF,TRBV6,TRBJ2-7
e9794f33155b3484656498158418f023,test_dataset_1,0.569405579170866,CASSEFGSGGGGYF,TRBV25-1,TRBJ2-3
ea2d2121d0a8c69dfb3bc00accb7261e,test_dataset_1,0.5178150121809262,CASSQSGGGYGSF,TRBV3-1,TRBJ2-7
ea6c62a8d3d47112622ad358c290d124,test_dataset_1,0.5537766199305082,CASSTGPYGGGGYGYTF,TRBV6,TRBJ1-2
ec7735d75a76d5695052f826014bc9a6,test_dataset_1,0.4562625715285778,CASSYGGKGGGYGYTF,TRBV6-5,TRBJ1-2
ee210445253b3a3cc08c43e17b1978f0,test_dataset_1,0.4425747577742807,CASSYSYWGGYGYTF,TRBV6-8,TRBJ1-2
ee3133357a45eee5fe1c88a30b2f42e9,test_dataset_1,0.4708316563985833,CASYSGGYSPYEQYF,TRBV28,TRBJ2-7
ef5467be346d098ed5cfa0f42ca6af9d,test_dataset_1,0.5636604963343917,CASSYSPSGGSSSYEQYF,TRBV6-2,TRBJ2-7
ef76dc964e8a47582e244c5073829351,test_dataset_1,0.5339753733349805,CASSYGGQGYYEQYF,TRBV6-6,TRBJ2-7
ef8150c24a19480bbf156f03ed4fb140,test_dataset_1,0.5416677514208273,CASSYGTGGASYGYTF,TRBV6-6,TRBJ1-2
f0cbfd53aca0af838f38b2f9b58b78d9,test_dataset_1,0.4473372044860959,CASSYSRGGGGGSYGYTF,TRBV6,TRBJ1-2
f150ed8fa9e86824c36bb21b505aa76d,test_dataset_1,0.5259849250940678,CASSFGYGGGSYNEQFF,TRBV11-2,TRBJ2-1
f1bd0dd4236e4f4014826293adf98fe2,test_dataset_1,0.568351299134479,CASSGGGGGGYGYTF,TRBV6-6,TRBJ1-2
f1d696ac621f30c467640a527a20e0cd,test_dataset_1,0.5434016819319151,CASSQYGGYSGNYGYTF,TRBV16,TRBJ1-2
f2c41df00ec3717da10cdef04c2e61db,test_dataset_1,0.5692833754082482,CASSYGGGLSYGYTF,TRBV6-5,TRBJ1-2
f2ee3ed66151644fc66c29e9be7915d0,test_dataset_1,0.4578972093415275,CASSPIGGWVKVNTEAFF,TRBV27,TRBJ1-1
f306d7857532708fe2b44198b385733e,test_dataset_1,0.5538522365357393,CASSYGGGPSSYEQYF,TRBV6-6,TRBJ2-7
f3a26da18f65bdd942116a818064c421,test_dataset_1,0.5318844853842409,CASSLWGGGAGYGYTF,TRBV12,TRBJ1-2
f3ab0fb4425215c096d76a4ea6d7383b,test_dataset_1,0.572495087776809,CASSYSGGGDFDYGYTF,TRBV6,TRBJ1-2
f457375dae66566f78b0b513cc6043a2,test_dataset_1,0.5156526537272497,CASSSYYGQGAGYGYTF,TRBV27,TRBJ1-2
f473c60c8c6bf202a44523423c76867a,test_dataset_1,0.5160672468247597,CASSSGGGGSIF,TRBV27,TRBJ2-1
f59fd2bff57b99dee03dd68b14134118,test_dataset_1,0.5485109415815703,CASSSYQSGGGFGSYNEQFF,TRBV6,TRBJ2-1
f61eda447c14f9d96ac6099a378d6a70,test_dataset_1,0.4391080021359891,CASSYGTGGSGGGYEQYF,TRBV27,TRBJ2-7
f67cca4f14fa770dcfdd055b04e6344f,test_dataset_1,0.4667248482074971,CASSYGGGIGYGYTF,TRBV6-5,TRBJ1-2
f6a1d0997147114b77c492a3eec66c12,test_dataset_1,0.4849760881044001,CASSGGSGGGQFF,TRBV2,TRBJ2-1
f70a88cb488fb0e0cbc1e1aaecc46534,test_dataset_1,0.4600926246980392,CASSYYGGGDSYEQYF,TRBV6-5,TRBJ2-7
f8060f5c9c0113e56e9318d6337f9060,test_dataset_1,0.4863093371062558,CASSSGWGWGANYGYTF,TRBV12,TRBJ1-2
f865fa743902cd62e26549a61bd48412,test_dataset_1,0.5509682159118774,CASSLGGGGYSYGYTF,TRBV28,TRBJ1-2
f94f11afa2e86305ceb50e4f7bdb6270,test_dataset_1,0.5733566884167569,CSGGGFFGSYNEQFF,TRBV29-1,TRBJ2-1
f977f1e5445155b4f0c005875f5b3e21,test_dataset_1,0.4701146663378572,CASSYSGGGYYEQYF,TRBV6-6,TRBJ2-7
fa2de1d15c51d8988ccaeddcc82525d2,test_dataset_1,0.5082572280144697,CASSYSTPQFGGGGYTF,TRBV6,TRBJ1-2
fb1a65b2f36542e97f4af91eccd0b8ca,test_dataset_1,0.4741179132451742,CASSYGQGAGYGYTF,TRBV5-5,TRBJ1-2
fb666d244284ab88940352226588e125,test_dataset_1,0.5357710276560309,CASSYGSSGYSYEQYF,TRBV6-5,TRBJ2-7
fb949f48f5710332ea721058d47540f2,test_dataset_1,0.4606989688764344,CASSSGGGGFF,TRBV6-5,TRBJ1-1
fbf951a9e2b6337d872a6c054ab95c7f,test_dataset_1,0.4951408759940983,CASSAYGGGGYGYTF,TRBV6-5,TRBJ1-2
fd4ca3e7669f048b3e2095bb1235941e,test_dataset_1,0.5740137388860335,CASSYGGDCSYEQYF,TRBV6-5,TRBJ2-7
fdea0e49d92b7edf034a20a3d43e730e,test_dataset_1,0.4963114984374478,CASSYGSGGYGYTF,TRBV5-6,TRBJ1-2
ff574bac34edc5ad86bb4b40b803e02e,test_dataset_1,0.5366255331948657,CGCGGGYGYTF,TRBV20-1,TRBJ1-2
ff7947705d67ec6def0247e24912eeba,test_dataset_1,0.453866243769935,CASSYDYGGSGYTF,TRBV6-5,TRBJ1-2
00e14bda7db74ee090f23b4bbdd52c27,test_dataset_2,0.5967211029667489,CASLLTLF,TRBV9,TRBJ2-1
01fcfd0e5b2940bdb22c3eab070f88b5,test_dataset_2,0.6178962888161884,CMCGNEQFF,TRBV20-1,TRBJ2-1
0207c17c4a5645d4bbd0c043bc788639,test_dataset_2,0.6531345295290835,CSVDLVIILLHF,TRBV29-1,TRBJ1-6
0239352f80a040a893e64f2e59e89c33,test_dataset_2,0.6165854983850134,CSVSSLFF,TRBV29-1,TRBJ1-4
03f4c2ea66134b4d9b4a29760e6aebeb,test_dataset_2,0.5199815621152578,CFCGHEQYF,TRBV30,TRBJ2-7
045aeaf52f47408a875b357e3d8ab48e,test_dataset_2,0.5586475888330192,CASSLVLEVLLVPQHF,TRBV11-3,TRBJ1-5
04c34ef422414d429098d29e9e070197,test_dataset_2,0.4602817806393794,CSGLRSIF,TRBV29-1,TRBJ1-2
0514b53b9b9847cfb293fd39916509ed,test_dataset_2,0.4729054050619984,CSVRLPLKLFF,TRBV20-1,TRBJ1-4
064ff146faac47db9c2d9fdb9d1a8f2b,test_dataset_2,0.346542678112215,CAKLVLVF,TRBV19,TRBJ2-7
08a840debd584413b820933965ebe1f1,test_dataset_2,0.7118156420792673,CASSWLGSWLLFF,TRBV6-3,TRBJ1-4
08c936c17f104b918fd6db84f88b9bf6,test_dataset_2,0.6839434326610302,CASSFLVTSWFSSTEAFF,TRBV5-1,TRBJ1-1
09b4000e78954329a7b423ef80706c81,test_dataset_2,0.53217992750759,CASSLKYF,TRBV11-3,TRBJ2-5
0ad1f4ef74514f148deb642533819cc8,test_dataset_2,0.3905885809322835,CASSFLSLTGSSTELFF,TRBV7-2,TRBJ2-2
0b1ef5fb7b8a480184ed49d13f922341,test_dataset_2,0.5670313994559052,CASSILVLLLFF,TRBV9,TRBJ1-4
0b731c8abe9e423a92849c93c996d2d2,test_dataset_2,0.5011252283272403,CSVKPQVSSF,TRBV29-1,TRBJ1-1
0b77565428434c7eb4dd501ee69ea6fc,test_dataset_2,0.4857824863028688,CASSLETPLSLLELFF,TRBV11-3,TRBJ2-2
0bdebe71661d4239ad401912811648e9,test_dataset_2,0.247813278783281,CASSMSPNPWSLFF,TRBV7-3,TRBJ2-2
0c461e07053c4c4d9991514487d3423d,test_dataset_2,0.4427695034932658,CSGRGLF,TRBV29-1,TRBJ2-1
0d046391099a496fb60294dd42f000a1,test_dataset_2,0.329233384483612,CASSPSPSLILF,TRBV18,TRBJ2-1
0f3893acf85a4a7a96e08625cdfac6a8,test_dataset_2,0.4591371696571081,CVSLLFF,TRBV6-2,TRBJ2-2
0f4c0fcbdf2242e4be9f7266c977dd78,test_dataset_2,0.5868341101497885,CSVEKLFF,TRBV29-1,TRBJ1-4
10f118f0a57e42cc8ba7df623350e82a,test_dataset_2,0.7487553060120882,CGFCDKLF,TRBV28,TRBJ1-1
10f2dc4315ae478686cf8491247024ae,test_dataset_2,0.4169447881857224,CASSKCYGYTF,TRBV27,TRBJ1-2
111d8159fc4145adadbc5853bd1d02d4,test_dataset_2,0.2435868698255087,CFLKNSPLHF,TRBV19,TRBJ1-6
1201592c705c46dabdcc3e3392ffeee5,test_dataset_2,0.5074869672421939,CSVEVFLLHF,TRBV29-1,TRBJ1-6
139e86327a7c4c02aa352cbca98b4c38,test_dataset_2,0.3862371541989547,CSLCGGKGLFF,TRBV20-1,TRBJ1-4
143588806b544e82ad840b0677ea8a46,test_dataset_2,0.37983507716497,CSDSGGLF,TRBV29-1,TRBJ2-1
15f8af73ceb04a1e889fc35c5cb5c7af,test_dataset_2,0.5962997581649683,CSVLSHF,TRBV29-1,TRBJ2-7
1749afc83ef8493b807b0965b4716a7b,test_dataset_2,0.5379415934767777,CLLVNEKLFF,TRBV20-1,TRBJ1-4
18410121abd845faaf8b2162a8101a84,test_dataset_2,0.4566748046391486,CSVLLYF,TRBV29-1,TRBJ1-3
188a9c2e923e434a85f1d64dffe30689,test_dataset_2,0.4887475792886287,CASKVGPF,TRBV28,TRBJ2-7
19593eb2362e413e85d837ad9a0d2da8,test_dataset_2,0.4618031762300957,CDVLGSF,TRBV2,TRBJ2-7
1964a4b596d941f8a5e2e32b1a0fb70e,test_dataset_2,0.4230862447113325,CASSLCGKLF,TRBV7-9,TRBJ2-1
1ab8ff74dfda4e9fbfbae7aa9eb50adb,test_dataset_2,0.3477713083203947,CCSGSCEKLFF,TRBV6-1,TRBJ1-4
1b2ab431e5314bb3b6b0e9a6cef6800c,test_dataset_2,0.6977296144013435,CVLSFSPLHF,TRBV25-1,TRBJ1-6
1c303f0e3cec4c049bae5608fce7a8e4,test_dataset_2,0.6287960068740361,CDLVSPLHF,TRBV11-3,TRBJ1-6
1f516198c8414db2aa3510c5c275aa62,test_dataset_2,0.5706127993305983,CMSKLFF,TRBV20-1,TRBJ1-4
1fc34bf75bc14c009ac139486984d7fa,test_dataset_2,0.4226269537941468,CSVFSTNEQFF,TRBV29-1,TRBJ2-1
21a529858cfd4d97bb84684173f0e767,test_dataset_2,0.4180848675821009,CASSLSGSF,TRBV5-4,TRBJ1-2
224cb198a39147aabdb874cb912e9b26,test_dataset_2,0.3153007764935149,CASSIKSGGLF,TRBV11-2,TRBJ2-1
2306094cdac34e77b735e76035600bc0,test_dataset_2,0.4371128782227614,CASKFSSF,TRBV12-3,TRBJ2-7
2307cc9a2de049fda88ee859829abdb0,test_dataset_2,0.3981217007352295,CVRKLFF,TRBV20-1,TRBJ1-4
23c19dbfe0384032a715ba3d69a1e5db,test_dataset_2,0.6496159865407836,CSGLGLIF,TRBV29-1,TRBJ2-1
2529f202123a42f190bcd53161e7000e,test_dataset_2,0.3813429531446969,CSPSKYF,TRBV29-1,TRBJ2-5
255afe5fb3f948619d20fb96e671ea5f,test_dataset_2,0.4253812803326928,CSEVLNNEQFF,TRBV29-1,TRBJ2-1
2610ee0436124e0681a849d59bcbb284,test_dataset_2,0.4476247051618551,CSVVSSLEQFF,TRBV29-1,TRBJ2-1
26b738f7c03f406280e7a0c387ace13a,test_dataset_2,0.3459977942496471,CGGQGGGLF,TRBV5-1,TRBJ2-1
2771b76924b54eaab1dfb509cd6acecf,test_dataset_2,0.5274146892738889,CASSLNSPPLSSYNSPLHF,TRBV27,TRBJ1-6
27e9b597f60c4a8c9f59d44673ad2b4a,test_dataset_2,0.6189023970250002,CSVCPLQFF,TRBV29-1,TRBJ2-1
280e7f2b3baf4b97b28cdf4e6c603b7e,test_dataset_2,0.6848566344755821,CASSLSSFF,TRBV13,TRBJ2-1
289b92c9af34438c868759f4e7deba05,test_dataset_2,0.5250576789508886,CSGLKPLHF,TRBV20-1,TRBJ1-6
28afa1e3704f47edb8ea8468f3b77c8e,test_dataset_2,0.5928057716502071,CSLFSPVAFF,TRBV20-1,TRBJ1-1
292b1362996e443381cfe5013693549c,test_dataset_2,0.4330030451388356,CASSESPWSMMLFF,TRBV10-1,TRBJ2-2
29960f613f0e46cba92caa80b3db8c4e,test_dataset_2,0.5234297041982099,CGSSRKGHRCYTF,TRBV24-1,TRBJ1-2
2997f06046c741198d1fd7d424756b40,test_dataset_2,0.6627788594912504,CASSSFYKGRCEKLFF,TRBV5-1,TRBJ1-4
2a6481eda34d4c099316ad3718b9fb54,test_dataset_2,0.6823547589534054,CASSFFLSSSEAFF,TRBV19,TRBJ1-1
2ae29eb0f3274f6d8f486097764980cf,test_dataset_2,0.521126763861026,CNSPLHF,TRBV29-1,TRBJ1-6
2b07ac52b97d43babb0a6735636e2ad6,test_dataset_2,0.5613783431022343,CVLIKYF,TRBV11-3,TRBJ2-7
2be882479734412d9e19f5472de756ff,test_dataset_2,0.431984757539334,CASSSWSSLKLFF,TRBV28,TRBJ1-4
2ca562e83d964d2db9297bfec28258d7,test_dataset_2,0.467523811528212,CASSLSLSLNF,TRBV7-9,TRBJ2-7
2cf1377ae57243fd9483a4700935cd26,test_dataset_2,0.4144366474458308,CSPLPVANSPLHF,TRBV20-1,TRBJ1-6
2cf9b9de3a2b41af9a34e3dbfd4571d9,test_dataset_2,0.432384727803807,CSEDCSLF,TRBV29-1,TRBJ2-1
2d21b9ff9b574659a9fb06262c596f26,test_dataset_2,0.4897444454084665,CKHSGGSSFF,TRBV10-3,TRBJ2-7
2d71fc9a440f4f7a8063df9681138cfb,test_dataset_2,0.5339953024935524,CSVVCSLNSPLHF,TRBV29-1,TRBJ1-6
2dcc90efe44f4dcbab67f34bfdfb5c94,test_dataset_2,0.5182364348319155,CASSLLPLVVNSPLHF,TRBV7-6,TRBJ1-6
2e06ecded5814a5590867eab814aa962,test_dataset_2,0.3608056400549332,CKLTPPKYF,TRBV20-1,TRBJ2-7
2e319ccda2b4417ea5ca59dd7e340bcc,test_dataset_2,0.4925776896736487,CASSVPKSF,TRBV9,TRBJ2-5
2f61f8d10b9f41d3a62fcae133cdff25,test_dataset_2,0.4947507056081124,CASSKSSPTPCVLSSYNSPLHF,TRBV5-6,TRBJ1-6
2f9d88f6433145dfa96be21f3a8ddf4d,test_dataset_2,0.7940530050759796,CGGKLFF,TRBV3-1,TRBJ1-4
2fd2a16d84da4605b35b6eb37316c1e9,test_dataset_2,0.3077840342003047,CSVLSGGLF,TRBV29-1,TRBJ2-7
2ff4e5e26f9545798a5c2125c38583f5,test_dataset_2,0.4895537974626659,CGLSKFF,TRBV28,TRBJ2-1
315da98f8329404096185b6a9a3af041,test_dataset_2,0.4973306850523186,CSMPGKLFF,TRBV29-1,TRBJ1-4
31b90304b2c64d45abc6dbe000b505f4,test_dataset_2,0.6819063105524383,CASSLLSGKLLSGELFF,TRBV14,TRBJ2-2
33060395fd724a55be0e2967836b0a87,test_dataset_2,0.5733885844547516,CSDLKVF,TRBV29-1,TRBJ2-1
34511dab3d744b72971698258376bebb,test_dataset_2,0.5050788543419032,CRQLLQLF,TRBV6-1,TRBJ2-1
3469ba57ccea44deab531486a3ca8b87,test_dataset_2,0.5166159473718762,CGSKKYF,TRBV7-2,TRBJ2-5
34744fca1a2a4d92ae16bf23fe9a429e,test_dataset_2,0.4561215604899033,CASSEGCLCGSEKLFF,TRBV6-1,TRBJ1-4
350e246fdc3144f7af9fdbe1e769a86c,test_dataset_2,0.430615000282336,CSVLGGLF,TRBV20-1,TRBJ2-1
363e530c89524d4d88895ee05ea8ac27,test_dataset_2,0.4309042941933458,CKGLVSPLHF,TRBV20-1,TRBJ1-6
3676319a5bab466ab7e6e32e4ccfc23b,test_dataset_2,0.5579633453076157,CSVLLSVEKLFF,TRBV29-1,TRBJ1-4
377d5441d8134753b2e6c0d64cdc2a2c,test_dataset_2,0.6615593628963446,CSLWGGSLF,TRBV20-1,TRBJ2-1
3806e6c73ed640cfa98db7f8fd11409f,test_dataset_2,0.5588067272276154,CSVELLYF,TRBV29-1,TRBJ2-4
3920a99d68a74fc69256c5d4a8095534,test_dataset_2,0.6471271278319272,CSLFPLLFF,TRBV20-1,TRBJ2-2
39560f91e7904df7b2775de76db7e352,test_dataset_2,0.475717383604,CASCVERCGSNEQYF,TRBV27,TRBJ2-7
39c4467eba5d4edea0201da42ab3e760,test_dataset_2,0.6001337737633342,CSASLKIF,TRBV20-1,TRBJ2-1
39d52d9fd805404c93c060165b894511,test_dataset_2,0.4610866247273021,CGGGLFF,TRBV12-3,TRBJ1-4
3aa3d7923feb423fb19a51322f46f586,test_dataset_2,0.5820139832298334,CASSLVSSLYF,TRBV12-4,TRBJ2-3
3acafb0c5626481cac5750599002fe0e,test_dataset_2,0.5153153906380245,CASSSKSYSGCEQYF,TRBV28,TRBJ2-7
3aeaf47c69364f82912b8e557be89249,test_dataset_2,0.4099517579520203,CSVCWGSF,TRBV29-1,TRBJ1-2
3b2dfc3ae1934a2195d7817366980a36,test_dataset_2,0.4052787763584144,CSVVSLVISGELFF,TRBV29-1,TRBJ2-2
3c74f0764ef040a68227f14c78f8a3e7,test_dataset_2,0.5508773900715845,CSVSLLLSYEQYF,TRBV29-1,TRBJ2-7
3d8726179cfd4978b1348f102643e21d,test_dataset_2,0.4935845451255726,CAKSGQSCF,TRBV19,TRBJ2-5
3ddcf7ec41674d979addeea30c03f610,test_dataset_2,0.4920552863772431,CSDWSCF,TRBV29-1,TRBJ1-2
3dfaa800c0a345bb82794bcdf36fe3f9,test_dataset_2,0.2877690483805266,CASSKIF,TRBV6-1,TRBJ2-1
3f8d0cd859444dab91e42db01ce18828,test_dataset_2,0.51658546327755,CASSLECNNRGCEKLFF,TRBV5-1,TRBJ1-4
40c8deb70d674af387f7a346aa2039e9,test_dataset_2,0.6011914496975763,CSLGPLF,TRBV20-1,TRBJ2-1
418fe60f7f314404b02a51eae2174b0a,test_dataset_2,0.5303013564883818,CLKNSPLHF,TRBV7-9,TRBJ1-6
419143ccfa83418db0581a0bbf934bf1,test_dataset_2,0.5516417267484243,CSVCPGLF,TRBV29-1,TRBJ1-1
419881a734674d70a314638b106956c0,test_dataset_2,0.5071349794197149,CSVRLIF,TRBV29-1,TRBJ2-1
41d566d487364d2387962e3ddc31d05a,test_dataset_2,0.4813706612426175,CASSLKSLKLFF,TRBV7-6,TRBJ1-4
422249ef7a9942219147dc228ac31915,test_dataset_2,0.4416327131330539,CQGPKLFF,TRBV7-9,TRBJ1-4
4247f2160a584a9aa8c17e8b4de13ec4,test_dataset_2,0.4800119444124351,CSHPLHF,TRBV20-1,TRBJ1-6
427967dae71c49059504c309142da6f4,test_dataset_2,0.2404087966436072,CSVGLLSYF,TRBV29-1,TRBJ2-7
43914cc327a543039148520c5675293b,test_dataset_2,0.7069893548985422,CASSLCSGLF,TRBV27,TRBJ2-1
43ee380129a54c7cb6bdc59449282ab1,test_dataset_2,0.4605461521480987,CLSEKLFF,TRBV6-5,TRBJ1-4
44b4975fbf954c97a87d0b73b1dfe5df,test_dataset_2,0.5640621754192328,CNLKPQHF,TRBV6-6,TRBJ1-5
44ba7c1d3538469d99f92a5f822e7dcd,test_dataset_2,0.4803525655827425,CTMKKLFF,TRBV20-1,TRBJ1-4
44e29b3cd81044c9bdf2bc5aba0212b5,test_dataset_2,0.5635917148814606,CASSLFSSF,TRBV7-2,TRBJ2-5
452506c251df4c0abd10db1ac1337604,test_dataset_2,0.238670219642613,CSGLKRVF,TRBV20-1,TRBJ1-1
453fe898b8814d978a1ae4b75abf0e78,test_dataset_2,0.6412652076474846,CSVSLCSSEKLFF,TRBV29-1,TRBJ1-4
45ae302e985045b0a3cd1ea825c199be,test_dataset_2,0.6324744866901957,CSGGGCLFF,TRBV29-1,TRBJ2-1
47bf71f1701f4ae2ba4fdd6b559e24ab,test_dataset_2,0.5288551950305207,CASSKINSLF,TRBV7-6,TRBJ2-1
482f6fddda2f4347b3e6d7a0df5377ff,test_dataset_2,0.6522884948253266,CWSVLLHF,TRBV11-2,TRBJ1-5
48369be72cfc49f889a8b1340376efcb,test_dataset_2,0.411691583390162,CASSFPFCSDSFTLFF,TRBV5-1,TRBJ1-4
48be50ba469540ddaeee4bf1ac427b8a,test_dataset_2,0.5996310001870494,CASLNIF,TRBV12-3,TRBJ2-1
48e529856d5a43c4884f7946453d844b,test_dataset_2,0.4708907032627624,CIHLLYF,TRBV20-1,TRBJ2-3
4a9d7619b77846ce8e2002f57fc1494b,test_dataset_2,0.4496154646688834,CASSCNF,TRBV7-9,TRBJ2-7
4ace0adf9a8c48df93ead9bce6f0fe24,test_dataset_2,0.2880113287506269,CASSLPSMCF,TRBV13,TRBJ2-7
4bfd06c8f60c4d38ba29f0a39b68187a,test_dataset_2,0.3491752647824647,CASSFKGF,TRBV5-4,TRBJ2-7
4c1121a1690240c9bade0af3a14231f1,test_dataset_2,0.6694217736522096,CAKCFCSKGKGGGKLFF,TRBV10-2,TRBJ1-4
4c1b0a163e4a4bae9b4925a70fa668ef,test_dataset_2,0.4963413217053247,CASSSSSFSFF,TRBV7-9,TRBJ1-1
4ec101c14878497e9efabce3977b7ac3,test_dataset_2,0.2932974301453315,CASISSF,TRBV6-1,TRBJ2-7
4ef2c19213e4477e807f4699efad4887,test_dataset_2,0.3799591966813608,CPEGGLF,TRBV20-1,TRBJ2-1
4f79df98ac8f4a6a8ba20b167c507044,test_dataset_2,0.4733063104525379,CIHSSSPLHF,TRBV20-1,TRBJ1-6
4fdf061665b14b3fadda7acd2cebaede,test_dataset_2,0.6293231360021416,CSVEVSLSLSEQYF,TRBV29-1,TRBJ2-7
513df371e40f4f1e85f32a941f4bd416,test_dataset_2,0.6219536479124865,CSPSLELSPLHF,TRBV29-1,TRBJ1-6
5171cbe99d324e279e6f289846b8a55d,test_dataset_2,0.5838704233369377,CSVLLVISSYNEQFF,TRBV29-1,TRBJ2-1
51cd03af85004edfabcb35ad59788b06,test_dataset_2,0.5050721353712583,CGKGLLFF,TRBV27,TRBJ1-4
5260ca7cf3044c909648d4e3c83c8f04,test_dataset_2,0.4282910908036597,CSLHFHNSPLHF,TRBV20-1,TRBJ1-6
53919cdfc59d46108cc5c1773d080461,test_dataset_2,0.4859927281551592,CSVECQDRMFSYEQYF,TRBV29-1,TRBJ2-7
53be274e79f54bf9a1590af1d05cbfb9,test_dataset_2,0.3976708917427237,CVISLRRKLFF,TRBV24-1,TRBJ1-4
547e226478d64a9cb87fdfb58cdff875,test_dataset_2,0.589658887362926,CLLVFGPSLQFF,TRBV29-1,TRBJ2-1
5493ff4dd0784eb595f435f42c3849f8,test_dataset_2,0.4786626900611089,CSELSYF,TRBV29-1,TRBJ2-5
54a2b02822de4f9394ba876a2130abae,test_dataset_2,0.4855117326747069,CSVLLSDEKLFF,TRBV29-1,TRBJ1-4
54e7f0897ee244cebce8a1f63faa5fbf,test_dataset_2,0.6938077207702318,CASSCPSCEKLFF,TRBV27,TRBJ1-4
56ae89e62ac14392add6145bf6c3a924,test_dataset_2,0.4275938956468348,CMSMTNSPLHF,TRBV29-1,TRBJ1-6
5708bc1833b14e108def8409a80048b6,test_dataset_2,0.448319385617155,CSVRKSPLHF,TRBV29-1,TRBJ1-6
5787d538326e46ad90ab5c4c479e823e,test_dataset_2,0.2708117211577596,CSVSNLF,TRBV29-1,TRBJ1-1
578e3b1d26884fcaa01336aa0a65533d,test_dataset_2,0.5190155427852647,CLNKKLF,TRBV5-1,TRBJ2-7
5851e189601943a995b5dde0e1fc4aed,test_dataset_2,0.5737497387362297,CSKFRSDF,TRBV20-1,TRBJ1-2
592f8d638eda42c7a436f788a38b2dbf,test_dataset_2,0.490830932674823,CASSLSSGSLFF,TRBV27,TRBJ2-2
593020c10da344729e9f1de44cd74f5c,test_dataset_2,0.5777336042236884,CASSLLLLPMVKLFF,TRBV13,TRBJ1-4
596c6e33d4064614979b1594868d2562,test_dataset_2,0.6881311431832806,CASSQEYVRDCPNEQFF,TRBV4-3,TRBJ2-1
599a5f23eb0449b9ac299f549461e1a5,test_dataset_2,0.3835312947349452,CSVGGIF,TRBV29-1,TRBJ2-1
5b343d0c3ce84978ab06d635a0fbc6c4,test_dataset_2,0.4585826106356316,CAWGRKCCYNEQFF,TRBV30,TRBJ2-1
5c060dde9a494144a11bff47412ccedd,test_dataset_2,0.6569178316725929,CSALLSLF,TRBV20-1,TRBJ2-1
5c26f23948ab4574bf1b222713d23cfb,test_dataset_2,0.4035639276163346,CNLTSGGLF,TRBV20-1,TRBJ2-1
5cb19b4897bb4c01bf9c8ea0fdb70560,test_dataset_2,0.4196431935707262,CASSKKNCIF,TRBV13,TRBJ2-1
5cf384fc705a4beda082caa326c7983f,test_dataset_2,0.5663978862970351,CASSLKVF,TRBV28,TRBJ2-1
5d13ea051f264698abed27bd0e592a66,test_dataset_2,0.4109782478307234,CSVLLQPQHF,TRBV29-1,TRBJ1-5
5e70ced37ad449cca354e6e30e977453,test_dataset_2,0.4180543970063218,CASKCYF,TRBV10-1,TRBJ2-5
5eb524bdf7c04670bbcee0aee7a1af56,test_dataset_2,0.516837426591014,CSALGLF,TRBV20-1,TRBJ2-1
6086c0199c8641cab6c787dc8fe5c286,test_dataset_2,0.4382156686121534,CSALGPF,TRBV20-1,TRBJ1-2
610c881591804fec8fda97cc903e829e,test_dataset_2,0.5642099288039887,CSVLPLEKLFF,TRBV20-1,TRBJ1-4
613df12dc0504d4988365a501ed8cf76,test_dataset_2,0.4290889974736355,CASSCPTGKIGELFF,TRBV6-5,TRBJ2-2
626bbacc92ea45a0b3ed51ebbad83592,test_dataset_2,0.2991002497513135,CSVVELSNGSYF,TRBV29-1,TRBJ2-3
62bfe4ae1d5747819b070d5e9b23b8e4,test_dataset_2,0.6382179559286234,CASSLSLVCVVPSGELFF,TRBV11-2,TRBJ2-2
634e02fdf5754f49951fa0adcde12320,test_dataset_2,0.639769298111205,CSAIGSLF,TRBV20-1,TRBJ2-1
63ea9b08d10747f996cd0ed53b06ac10,test_dataset_2,0.6736668724013107,CASKTCSLF,TRBV27,TRBJ2-1
64bad59f19c443ae9ea6cf372e00745b,test_dataset_2,0.3595276142216998,CSVLLPNSNEQFF,TRBV29-1,TRBJ2-1
64f00ed573d64b718c12ad1da1d8124d,test_dataset_2,0.5321930776922594,CASKGSIF,TRBV7-7,TRBJ1-1
655cc5bf0a864bc88e4afa8d26a86f31,test_dataset_2,0.3756774576169521,CGKKGRPQFF,TRBV20-1,TRBJ2-1
661c18df82bb4432b92f9b02cc69a0e6,test_dataset_2,0.44175458825444,CASSFKVSSLFF,TRBV7-7,TRBJ2-2
66feaefdc666434285a42df99c66f84c,test_dataset_2,0.463007108646966,CASMGLF,TRBV5-1,TRBJ2-1
671604e448a7425d84f5786dfbec4db0,test_dataset_2,0.4317547886124226,CASSLMKVKLFF,TRBV5-4,TRBJ1-4
67762b5bc16341ff88b366451f1d7a36,test_dataset_2,0.439433820731974,CVCPNVLTF,TRBV2,TRBJ2-6
67c3928f826641fc8e026b043e62d1f3,test_dataset_2,0.416986044770569,CSVLFLTLHF,TRBV29-1,TRBJ1-6
68d254c6bcd14960b135f80ba027741c,test_dataset_2,0.5772750993261693,CASSFSWLF,TRBV11-2,TRBJ2-1
6a14e43469674cb4adf30158da5b15d0,test_dataset_2,0.563691301204881,CASSFNLSLTKTFLTEAFF,TRBV27,TRBJ1-1
6a7d803cc10e4a7580607a60a72417fe,test_dataset_2,0.6615794939555178,CPNCENEQFF,TRBV11-2,TRBJ2-1
6aed78391495409e911a334e956aa4ee,test_dataset_2,0.4488192564677814,CAKHCSF,TRBV5-6,TRBJ1-2
6bef21fbbc284d4c9760a9b779faffa5,test_dataset_2,0.6419821601027937,CASSLSFDSSLFF,TRBV27,TRBJ1-4
6c723a88e5a84ddf874230e2d0c136fb,test_dataset_2,0.2935383897404752,CASLKFF,TRBV4-2,TRBJ1-1
6d0d406ac87e4802af762ccc8cf943b1,test_dataset_2,0.8295795346589776,CAKSSVF,TRBV10-1,TRBJ2-1
6d97dbb5a0b04f169b7cb5b189028653,test_dataset_2,0.3511860617928859,CSISIKLFF,TRBV29-1,TRBJ1-4
6db18c33c6c74f20be05d5906ad27211,test_dataset_2,0.4377120887181151,CAKGGLF,TRBV5-1,TRBJ2-1
6ea65b934a894e84a96b867410a11512,test_dataset_2,0.6451329508529814,CASSLVPRASSLHF,TRBV5-1,TRBJ1-6
6f0a18e1bb934dbcac589b104c9767ad,test_dataset_2,0.4486203194484934,CASSLSLASLSESSYTEAFF,TRBV7-3,TRBJ1-1
6ff2627e7ecd4fe6b593f08dad4bb112,test_dataset_2,0.6451002219146408,CSVQGLF,TRBV29-1,TRBJ2-1
6ffdc6f4a04c4a0e9ae62b8fbca73ce6,test_dataset_2,0.3831063347270089,CASSLGLF,TRBV12-4,TRBJ2-1
70a766753f9f4d40ba0594afcdd5f6d7,test_dataset_2,0.5936262379495194,CASSSSPLIVLFF,TRBV7-7,TRBJ1-4
70e75f86ac684e239a9b4a2ae8e3c1b3,test_dataset_2,0.5477523375197332,CSGKLFF,TRBV7-9,TRBJ1-4
7113d7637f864441969298c3c94f6331,test_dataset_2,0.5569682376223632,CSVIPQVSQFF,TRBV29-1,TRBJ2-1
713133f3bfac48d59892338759acc430,test_dataset_2,0.4028658399574324,CLVVVNEKLFF,TRBV6-5,TRBJ1-4
73094e818a164eaab17811183224b980,test_dataset_2,0.626341377700788,CSVPMLFF,TRBV20-1,TRBJ1-4
7326ee86992d49e2a10d10e78a006ffa,test_dataset_2,0.2695057758471594,CASSWPKIF,TRBV6-5,TRBJ2-1
738a9521ddfd4d6d8570505ba0591723,test_dataset_2,0.4547308610322323,CSVVPNSPLHF,TRBV29-1,TRBJ1-6
75677f0e66b6494d88bae40c616662d5,test_dataset_2,0.606912486833272,CASSLALKTSLPPLKLFF,TRBV5-1,TRBJ1-4
77537c0c952c499fbd8cc5fc1def471f,test_dataset_2,0.5919708694536928,CKSQSFF,TRBV20-1,TRBJ1-1
7954b39bfc4c441589485f41fc5c357f,test_dataset_2,0.4745290685321235,CAKLGGLF,TRBV12-3,TRBJ2-1
7a30ea8d47a24fcda39734b8f81b2428,test_dataset_2,0.5374525652736114,CAWSSPLLKKLFF,TRBV30,TRBJ1-4
7aa046c1e58348d8af7c02c50ac5448c,test_dataset_2,0.6813220640485705,CVRKLLQFF,TRBV6-4,TRBJ2-1
7b3ba16f46a04fdcb04eec472e30227f,test_dataset_2,0.4023634520832405,CSGLDKVF,TRBV29-1,TRBJ2-1
7bf5de5f16a04d0bb102c65389ef45e2,test_dataset_2,0.5898412199236551,CSVELLKISRFMELFF,TRBV29-1,TRBJ2-2
7c205a2306614be4a4cb599548ce4414,test_dataset_2,0.6948616424408895,CSKIKLFF,TRBV20-1,TRBJ1-4
7d37d0f2b27649768a585ae10af8ea3d,test_dataset_2,0.5138713576457365,CSDLSGLF,TRBV20-1,TRBJ2-1
7f095df8cf22471095bcc01277b43047,test_dataset_2,0.401788199067861,CVCLRNSPLHF,TRBV6-2,TRBJ1-6
7f5f99ebb6c949a8a3405ab9abffa221,test_dataset_2,0.7432882869013154,CASSLLSLFF,TRBV27,TRBJ1-4
8058c5dd166b4276ba77a4ac03810a1e,test_dataset_2,0.4219521374774604,CSVGLGNF,TRBV29-1,TRBJ2-7
80ccd1b4de054711bfefb3dcb949a6e6,test_dataset_2,0.4661784626370991,CSVVLQGSSAFF,TRBV29-1,TRBJ1-1
822733151e6045fca91e8b8cf3248fc3,test_dataset_2,0.6405590451251248,CSVVNSGVFLNEQFF,TRBV29-1,TRBJ2-1
822ca0519bb4451c9812336bc9d227c5,test_dataset_2,0.676166580727756,CSVFLRSKKYF,TRBV29-1,TRBJ2-3
82d0eaf7afc148abba10334baad48abd,test_dataset_2,0.412122677982948,CASSLSSGSLSSEKLFF,TRBV7-9,TRBJ1-4
831f5419e757468984bd49f7d0976e5d,test_dataset_2,0.3601266203355804,CASSVKRTSGCCPETQYF,TRBV5-1,TRBJ2-5
8332fc4919cc46789531f375c7d71519,test_dataset_2,0.3515602259833711,CSWLKLFF,TRBV20-1,TRBJ1-4
833be3d46d1941d38c2a89ec7c2163e4,test_dataset_2,0.6493318841585615,CVLPRILFF,TRBV12-3,TRBJ1-4
84ea959da32a4a778a1b6a8c2a17fdff,test_dataset_2,0.3293600634203211,CASSLNRGKRCEQYF,TRBV5-4,TRBJ2-7
85c6565dfbff4ffeabde9cde0b3dfeb8,test_dataset_2,0.5022275574346406,CASSVVLSSTGLFF,TRBV9,TRBJ1-4
85f13ff5f76d4e9080211cf35a40b1fb,test_dataset_2,0.6295243558320617,CASSLSLFLLFF,TRBV5-1,TRBJ1-4
860ba48aa63d4d46a6e6d4af94b8b23b,test_dataset_2,0.655933054996773,CSPGWSF,TRBV20-1,TRBJ2-7
8640bb3aba0747b1a70df79b6c5f04a3,test_dataset_2,0.718188598791776,CSLKLVLVLNEQFF,TRBV29-1,TRBJ2-1
8703b6f6fc41464895252ca978ca3c57,test_dataset_2,0.4514571905381629,CASSTDRGKPCEQYF,TRBV13,TRBJ2-7
87d6bc25a8634f148a268ef5d921e819,test_dataset_2,0.6556105100940376,CASSLCSLSLSGELFF,TRBV28,TRBJ2-2
884d295bd75c4aee93871b7866c95c57,test_dataset_2,0.5047217481943874,CCPSIIHEKLFF,TRBV27,TRBJ1-4
889dcc24b0bc4e5ebdda87437b21ea75,test_dataset_2,0.5604781493726502,CASKGQSPF,TRBV10-1,TRBJ1-2
897bded3a3244936b5c40117c9eb274d,test_dataset_2,0.8016265741076837,CASSLIMNLLFF,TRBV5-6,TRBJ1-4
8a97912f13824d3ea4b7045a44d20a2f,test_dataset_2,0.4494600444013181,CSGTGSLF,TRBV20-1,TRBJ2-1
8cb4025e6b72456e97b9718953e067f6,test_dataset_2,0.5168479230745138,CSALSVLF,TRBV20-1,TRBJ2-1
8cd6bd6d18404a49a769ac0f86e58352,test_dataset_2,0.5389200161893751,CSVGGGIF,TRBV29-1,TRBJ2-1
8eba6e4deff64e2997f365bc3e91daf7,test_dataset_2,0.5550902115036485,CSVLVQSSYNSPLHF,TRBV29-1,TRBJ1-6
902dea4c862c49d892c9d5c620340288,test_dataset_2,0.5449935492638381,CSVELGPVKLFF,TRBV29-1,TRBJ1-4
90447911af5c4a80ac2b3f53ffd4611b,test_dataset_2,0.7527939486337738,CSVLCGVF,TRBV29-1,TRBJ2-1
91c06a8e0d6c403192241b5403219c70,test_dataset_2,0.3343343925193158,CSGKGGGLFF,TRBV29-1,TRBJ2-2
9295a9a7c59a4086a675868db5b7c24d,test_dataset_2,0.5577919211911462,CSVVKLFF,TRBV29-1,TRBJ2-2
936777c44e8a4c959513351fcffc87d6,test_dataset_2,0.5827699817314456,CSVSKLRFSPLHF,TRBV29-1,TRBJ1-6
9403c3fea1cb4357910b53a24daf64a2,test_dataset_2,0.6987118574243831,CSVECRDSALNEQYF,TRBV29-1,TRBJ2-7
95d6618611ff44099c2d05bd4d8e33b9,test_dataset_2,0.4919579687565422,CGQSCNEQFF,TRBV6-4,TRBJ2-1
95e1aa76073e4942903fd0f09a65378a,test_dataset_2,0.4087918193177079,CKKLLSAEKLFF,TRBV29-1,TRBJ1-4
96fda931e1dc434dbeb7ea4c6351d0c4,test_dataset_2,0.4546388827976171,CASSLIPKDSPKPKLFF,TRBV5-5,TRBJ1-4
9757b08d60e64f83b1e2efb9d86b4aa6,test_dataset_2,0.5860972066026001,CASSLSPSWMPSLQFF,TRBV11-2,TRBJ2-1
97621f1df0c341cca60c47504e2302fc,test_dataset_2,0.3806384765927396,CSLRGFF,TRBV20-1,TRBJ2-1
98e97ea46e7d479e8dd7d41974f240a9,test_dataset_2,0.4352920840083891,CSVFSIF,TRBV20-1,TRBJ2-1
99ea7e3c8145496d95b8c61d1df2b5a0,test_dataset_2,0.4649535464955856,CSVSNSPLHF,TRBV20-1,TRBJ1-6
9a0e7e2cb0164d61be2a19fb66b07805,test_dataset_2,0.502202114085956,CASSKGIF,TRBV6-4,TRBJ1-1
9a4edd03d33f43dd87de16b5578aefb8,test_dataset_2,0.4490092871264279,CMSSPLHF,TRBV20-1,TRBJ1-6
9a7c9d462c4e4b138002870e078fd844,test_dataset_2,0.5233727021283426,CSVPWTSFLF,TRBV29-1,TRBJ2-7
9b5ed62c336348aab665dbbca3d225be,test_dataset_2,0.3780930376335357,CASSSCSSF,TRBV3-1,TRBJ2-5
9d2b03af9a31441387ee4a6c72f3320e,test_dataset_2,0.4322946345456319,CSLSQMTGSF,TRBV29-1,TRBJ1-2
9db54f5bc4c0411d8027be8e6d36743a,test_dataset_2,0.4379767092798592,CASSVLLLVLLDF,TRBV13,TRBJ2-7
9dc2524b8f174903b5063173de1694a7,test_dataset_2,0.5577977320929909,CASLIIF,TRBV7-3,TRBJ2-1
9e690ed2f74b447eb9ba4b68a9434984,test_dataset_2,0.6500242312687579,CSPNSPLHF,TRBV29-1,TRBJ1-6
9ed053fd6a584be2936fe7dcc7d87f26,test_dataset_2,0.4070158977784932,CASKLQSF,TRBV6-8,TRBJ2-7
9ed45df5dc094fcea67cff1baeaab8e8,test_dataset_2,0.3828779661584989,CASSLNPF,TRBV7-3,TRBJ1-1
9f64256b0b7943369a98a7fb6be8f509,test_dataset_2,0.5500813096259005,CGSLKLFF,TRBV10-1,TRBJ1-4
9fdf41c545c04372b51398dbdec09ae1,test_dataset_2,0.5280332431844469,CSVPNSPLHF,TRBV29-1,TRBJ1-6
a0d0b316e38f4f7fb3c8721b4a47a277,test_dataset_2,0.5072646574074047,CSVLRLHNSPLHF,TRBV29-1,TRBJ1-6
a18baf6637f74fcd97a5bc4d869fe920,test_dataset_2,0.7090459759257598,CASSLWVSSPMNSPLHF,TRBV11-3,TRBJ1-6
a2d6938b458d4c7a801f84aa42efd56b,test_dataset_2,0.4866292852989829,CKKHCEQFF,TRBV20-1,TRBJ2-1
a2eb66fd055f4615b815b331bfdba025,test_dataset_2,0.3558059913004863,CASRKRFRGTCEKLFF,TRBV7-9,TRBJ1-4
a351495c1dc14c3380f4bda271bdb79c,test_dataset_2,0.3765229624896274,CSINLLSYNSPLHF,TRBV29-1,TRBJ1-6
a3ae9c7033ad4b2ba9fd5782c22c7ae7,test_dataset_2,0.4591904351295379,CIPSSVSQFF,TRBV20-1,TRBJ2-1
a47fc10101954697a392e4be62ebaf56,test_dataset_2,0.5088174691727528,CSGGIFF,TRBV29-1,TRBJ1-1
a4bd3080b1c74af481fb96b9a088e470,test_dataset_2,0.4519016540677882,CASSLWLVPNSPLHF,TRBV5-4,TRBJ1-6
a5b53a699b4c48f28e6cd7fcc42a73e9,test_dataset_2,0.5454228454875696,CASSLLHFNSPLHF,TRBV3-1,TRBJ1-6
a5d7562fe07c408b8d4bf4949ab2592d,test_dataset_2,0.672106274702494,CGLQGLFF,TRBV27,TRBJ1-4
a7a6463f03224e93a400427102deaefd,test_dataset_2,0.4590456119414063,CASSKGGIF,TRBV11-3,TRBJ2-1
a7bfc893297d442295a545f786106786,test_dataset_2,0.4289943492888486,CASSTKFRGRCNYEQYF,TRBV7-9,TRBJ2-7
a962647dc9874e989d875c0387dc6c28,test_dataset_2,0.6695466625146524,CGQGLFF,TRBV3-1,TRBJ1-4
a9d3ec01674f47ccbb23f426e48be51c,test_dataset_2,0.4189840427850961,CSVSLIGFF,TRBV29-1,TRBJ2-5
aa56c2af82d343ee98eed123210917e1,test_dataset_2,0.4970318665295562,CASSVLLLELFF,TRBV9,TRBJ2-2
aade7d4630454594827ec3317ea6fc05,test_dataset_2,0.2886118447010854,CASSLDYGGDCEKLFF,TRBV5-1,TRBJ1-4
ab3bba0d8fa242a5a3b247f628f4cfd4,test_dataset_2,0.5842943960179832,CLLELFF,TRBV20-1,TRBJ1-4
ab7e705b2aca46d0b9f7b493c8c88878,test_dataset_2,0.5871796112194901,CSGQGSFF,TRBV29-1,TRBJ1-1
ac9169775a5547b8aa0831b9c3ee8124,test_dataset_2,0.4957116567413597,CNSKGKCINQPQHF,TRBV20-1,TRBJ1-5
ad1c814d6f574453a1aaf16c3f380d5c,test_dataset_2,0.5335612258730896,CASSLCSLKSLLSFRRSNSPLHF,TRBV7-9,TRBJ1-6
ad5aaf759b4c4e4c81831ee904129a08,test_dataset_2,0.5852084058272833,CSLSLWKLFF,TRBV29-1,TRBJ1-4
ad9f19c9ad3f4178b8662b04c6b7f04d,test_dataset_2,0.7894975826179319,CASSLLPLLSRMLFF,TRBV27,TRBJ2-2
ae875f6fd9c047ecbe71fdaba47aae90,test_dataset_2,0.6182719599452979,CASSLLPETFLPTEAFF,TRBV5-1,TRBJ1-1
af1f42405ea74e06890dec5e4ca6160a,test_dataset_2,0.5416813671747251,CSGGLGKVF,TRBV20-1,TRBJ2-1
b0020af9786c466ab03bd12e569b5ace,test_dataset_2,0.5212426377655874,CSVMRLSSYNSPLHF,TRBV29-1,TRBJ1-6
b02728b0808c4e51a931096e3acddf02,test_dataset_2,0.5357077246979388,CASMGCF,TRBV6-1,TRBJ1-1
b09c5859ab2348ad909ab5f2679ef479,test_dataset_2,0.3601306286845598,CASKPGVPF,TRBV11-1,TRBJ1-2
b0bb2ef1baf841629a16afb4bef95d86,test_dataset_2,0.4540260047492159,CASGLENGPQCEQYF,TRBV12-5,TRBJ2-7
b1d3ee7d7b5e40c28a249039ab2e157d,test_dataset_2,0.3973217506410789,CTCGSMNRECHNEQFF,TRBV29-1,TRBJ2-1
b27eca80440b46189428e75928b06ee3,test_dataset_2,0.3145118263887871,CSVLYSFF,TRBV20-1,TRBJ2-1
b2a6cbceb4f24ca0a7d25fb63d43b2dc,test_dataset_2,0.3154029148146915,CSVGGLF,TRBV29-1,TRBJ2-1
b3f327869266407dbceb70592e06498b,test_dataset_2,0.4827710918361481,CSVGLRPKLFF,TRBV20-1,TRBJ1-4
b44e006170d04e7f9e9299ae14f9f214,test_dataset_2,0.5284391074462799,CSVPVYLLF,TRBV29-1,TRBJ2-1
b51b96011b0b42d7b036c74e941cad5f,test_dataset_2,0.5131155118205608,CASCMNLF,TRBV7-2,TRBJ2-7
b573672a008f4839bbdc047d85311f15,test_dataset_2,0.5252238896586167,CSIIGVF,TRBV20-1,TRBJ2-1
b62e49b5b88b47d38edb4c1fbb6d74a0,test_dataset_2,0.7197678695825283,CASIMLFPPKLFF,TRBV6-3,TRBJ1-4
b76aba40ee1247a684ebc4885596f103,test_dataset_2,0.5766887741755689,CAWSVCPRQGKCKQFF,TRBV30,TRBJ2-1
b7a9ca0fba9548069cb739b94445ae3c,test_dataset_2,0.4652976882867073,CGKPGLFF,TRBV7-9,TRBJ1-4
b7af4ab10dfa4f13bb047d4c455cea42,test_dataset_2,0.2876007074550746,CSVELSFLVEQYF,TRBV29-1,TRBJ2-7
b80e83720ed34c9dab5c64816447bede,test_dataset_2,0.6670738373686582,CSSKMGGVF,TRBV29-1,TRBJ2-1
b836b91c28194c49aff634743e63300f,test_dataset_2,0.4860270238313661,CSVLSPNSPLHF,TRBV29-1,TRBJ1-6
b8582957cc554ced87da182077dd9058,test_dataset_2,0.4090445778078153,CKISQFF,TRBV20-1,TRBJ2-1
baef45ef35fb4025b6d60c481750a215,test_dataset_2,0.795952666329585,CMVLLTF,TRBV20-1,TRBJ1-2
bb4cb80689614250909a428a2af3b495,test_dataset_2,0.5046962304713215,CASKLTKLF,TRBV10-1,TRBJ2-1
bc75abd75214489bbba62a540e80a15a,test_dataset_2,0.389437053774555,CKGQGLF,TRBV27,TRBJ2-1
be989570773d4b82817aa1a7e6163270,test_dataset_2,0.3501794684783171,CASSLLLGELSSSGELFF,TRBV4-3,TRBJ2-2
bef069dd8e204f558a265c778e2cd7ed,test_dataset_2,0.4246492934741663,CFEELFF,TRBV29-1,TRBJ2-2
c04e79a8c33e457abfa21002fa8c8c1f,test_dataset_2,0.4992095975542926,CSKGLFF,TRBV20-1,TRBJ1-4
c09d650c6b4041dabab3a0ad2eefb505,test_dataset_2,0.7141757848670235,CASSLLLLF,TRBV18,TRBJ2-1
c168fcc29ef8427db4dc2561a040b69b,test_dataset_2,0.4872999052237126,CSSPLMFLYNSPLHF,TRBV20-1,TRBJ1-6
c17c2075a79e4497b5353b1c8a60e7c3,test_dataset_2,0.34892786832412,CACSVKSLKSIF,TRBV24-1,TRBJ1-1
c3e16fb2b657451bbaee95dad1f37b0a,test_dataset_2,0.4381097100701311,CNQGGLFF,TRBV20-1,TRBJ1-4
c4057083173d400d8d72455b4761e2c3,test_dataset_2,0.6364546398336246,CASSKGLF,TRBV9,TRBJ2-1
c419c4e43c1d4f69961b5dcf9b575086,test_dataset_2,0.5508394462099631,CSVSLNLVLPNSPLHF,TRBV29-1,TRBJ1-6
c4d5a4064f5e4341b11a145a53a58b4e,test_dataset_2,0.5473432812094532,CSVLDSGF,TRBV29-1,TRBJ2-7
c6087720aae94967b53fab3dd0e0fccf,test_dataset_2,0.275290386221679,CASSLKYF,TRBV6-5,TRBJ2-7
c693a51ee7ef4c22a61dea9788d97f9a,test_dataset_2,0.5882428919047328,CVKSFEQFF,TRBV12-3,TRBJ2-1
c7729808e80a49319c18256dc039f3c6,test_dataset_2,0.4498348776282583,CVSLVLFF,TRBV29-1,TRBJ1-4
c78fb484958d41fea54369b8a406fa60,test_dataset_2,0.550281780902821,CPPLGKLF,TRBV20-1,TRBJ2-1
c7afbf7e268b45a889ca6ab4237e7375,test_dataset_2,0.4298475883313047,CKGPLHF,TRBV14,TRBJ1-6
c86ff900588d4544a72f6f1323c8812b,test_dataset_2,0.5449064914300882,CSVECRELYEQYF,TRBV29-1,TRBJ2-7
cbf9f4e917164d669e2bd06a72ff5503,test_dataset_2,0.5606090821506814,CSVSSNF,TRBV29-1,TRBJ2-7
cd07de909024477398308f677666a50f,test_dataset_2,0.5782222111845703,CASSFPSPSSELFF,TRBV27,TRBJ2-2
cd0ba93aff5243e18e0afbce358b95e9,test_dataset_2,0.6073865421195047,CGLGKYF,TRBV7-9,TRBJ2-7
cd8eb7b87bc94bbc81d9a9e713edbd71,test_dataset_2,0.4542254871176538,CSKGCLSF,TRBV10-2,TRBJ2-5
cd9e2d1259d849008de8be04c1f5b63a,test_dataset_2,0.5249933091129717,CSLSSPLHF,TRBV20-1,TRBJ1-6
cdf361a7fcd849e99d350d11e218dc93,test_dataset_2,0.4598597554173174,CASTKENGRDCPYEQYF,TRBV5-5,TRBJ2-7
ce2bbdd68742489da39dd2b09b2b37de,test_dataset_2,0.7079170292500305,CGQGNSF,TRBV20-1,TRBJ1-2
ceac82d406bc45f6a788ab52bc11392f,test_dataset_2,0.5109944508045633,CASSLSEVGSLSEKLFF,TRBV27,TRBJ1-4
cfb224c931d145d99fe12669562b9f1c,test_dataset_2,0.4564557616051437,CASSFLLLF,TRBV13,TRBJ2-1
cfecad2b73934fb29def008e92ed1d57,test_dataset_2,0.4683485081573042,CASKLKIF,TRBV27,TRBJ2-1
d07078d32b89436a877de277d48283f8,test_dataset_2,0.4578417929211477,CASSLPLHVNSPLHF,TRBV11-2,TRBJ1-6
d09f6ae338ff4c4c8fad439ecab967c4,test_dataset_2,0.5312277648524806,CSGELFF,TRBV20-1,TRBJ2-2
d11b3463d2144b9089c936da95a2774d,test_dataset_2,0.5923761845253213,CASSHPCSCGNEKLFF,TRBV14,TRBJ1-4
d257a82cd97a4b6b8e67bd8327ad5974,test_dataset_2,0.2971113028813669,CGKGPLFF,TRBV6-4,TRBJ1-4
d2a26828d040485cb04fe01b79cd6578,test_dataset_2,0.6142873129681711,CGLGLFF,TRBV27,TRBJ1-2
d2f9e35da38f42aab31822cba9dbb558,test_dataset_2,0.4194604248891548,CSVVIRNF,TRBV29-1,TRBJ2-7
d567e5bfd39f400f98ff05425ae005b0,test_dataset_2,0.2460841621253441,CSAKKQGCF,TRBV20-1,TRBJ1-2
d5a86fe941ac42f5af787363b6edd9d1,test_dataset_2,0.2527358852671634,CASSLKVF,TRBV14,TRBJ2-1
d63b550f03ab4600ad64803167e14946,test_dataset_2,0.547327851268984,CSVDSSVYF,TRBV29-1,TRBJ1-3
d6fd4653110b4d18ae7f19c5187ce65b,test_dataset_2,0.4318916326682568,CGPKSQFF,TRBV12-3,TRBJ2-1
d7ba409c6fed4cd99ed32720867a2c9e,test_dataset_2,0.6800204490000876,CSLQGFF,TRBV29-1,TRBJ1-1
d7d42030f9554807847be2eb53d22c13,test_dataset_2,0.3541231452193212,CSGISTF,TRBV20-1,TRBJ1-2
d850d1d815ff4adf9e78a7120f9709fa,test_dataset_2,0.293106533317147,CGLKSPLHF,TRBV25-1,TRBJ1-6
da7caa7749984d82b471820f677870e0,test_dataset_2,0.6280269113670341,CSLGGVF,TRBV20-1,TRBJ2-1
dae29fad0bc84d0296e23665d382cf70,test_dataset_2,0.4812603336593585,CSVESSKYF,TRBV29-1,TRBJ2-7
db1883c4381f4eb18683f81a79a60247,test_dataset_2,0.6237242490562256,CSGLQGGFF,TRBV29-1,TRBJ2-1
db21dbf53bd54929a5ed98107fcf5a01,test_dataset_2,0.5167825031662643,CSVSPSKCF,TRBV29-1,TRBJ1-2
dc9803d879b1482fbb7f468ea16aff90,test_dataset_2,0.4814255981731546,CASSQEKGCCCEQYF,TRBV3-1,TRBJ2-7
dd40cc6cf7ad4daebd89c0d7195fc55a,test_dataset_2,0.6110922587378824,CSGKGGLF,TRBV19,TRBJ2-1
dde62dc8dde54fe58afe2f72e48e0ba2,test_dataset_2,0.4664677157494486,CASSNKSGTGCEKLFF,TRBV5-1,TRBJ1-4
dde693afa1314d5ab24a502abfc22477,test_dataset_2,0.7040436591135676,CSVVPSIF,TRBV29-1,TRBJ2-1
de21fced17784a878f4a9fb0c17ebee5,test_dataset_2,0.3683499341188889,CSPLQYF,TRBV29-1,TRBJ2-7
df8e0c3b1bc34a13834a9c5f5592407c,test_dataset_2,0.4683285599149021,CASKIKVF,TRBV19,TRBJ2-1
e0219112bfcf41acb7eae0dabd5b7e4d,test_dataset_2,0.373056060983536,CNCEQFF,TRBV29-1,TRBJ2-1
e02af52c7fea4800bae0be05a16dc711,test_dataset_2,0.5865556878889274,CSLWGVF,TRBV20-1,TRBJ2-1
e11d7c28aaf048fc8addc15edbb33084,test_dataset_2,0.515458478158913,CSVSGLSVEKLFF,TRBV29-1,TRBJ1-4
e14c0d9fd11e48eaafb35a23bebbe603,test_dataset_2,0.4170287125841674,CSVLVEQFF,TRBV29-1,TRBJ2-1
e1eb08433aa3404bb63d20433eca4c55,test_dataset_2,0.50347042295744,CSVLRMIIF,TRBV29-1,TRBJ2-1
e325568045f7471c9df1b98405d9e762,test_dataset_2,0.4368284294338301,CASSLKFSSLGLELF,TRBV7-3,TRBJ2-1
e38009b5d7684388b7905e7234688516,test_dataset_2,0.6525789470113591,CSALGVLF,TRBV20-1,TRBJ2-1
e3df503bfb2543f887a164fdf090b763,test_dataset_2,0.558502003213586,CSVDLLVF,TRBV20-1,TRBJ1-1
e3e9c58048484359bcd35424e28de6b9,test_dataset_2,0.3465637513048466,CSVVELVYF,TRBV29-1,TRBJ2-3
e42ebd5989ae4d5e8f05d8817e73f0f2,test_dataset_2,0.6440838420988874,CKHCMPPLHF,TRBV20-1,TRBJ1-6
e47b9f6baad9475296e84c9ce91d6f99,test_dataset_2,0.3723050186726126,CVRCLGIF,TRBV27,TRBJ2-1
e5bd595ee2bf4ef1b242865f3530bd90,test_dataset_2,0.5162998835065299,CLVISNEKLFF,TRBV20-1,TRBJ1-4
e5df229786ff4d48a088f55bac1f691a,test_dataset_2,0.4557449747842788,CASSLVKLNFPSPLHF,TRBV5-1,TRBJ1-6
e709e356dd8c4157b349b2fb7a7faff1,test_dataset_2,0.3804113627865983,CASSSWTLSLFF,TRBV5-1,TRBJ1-4
e7a44c8d04354b24bb9bc60f18e2224e,test_dataset_2,0.4201409554669584,CSVVLSGFNSPLHF,TRBV29-1,TRBJ1-6
e84655b2f05f42dab14d392706bb2aad,test_dataset_2,0.5654691251977938,CASSGKGGGLF,TRBV11-2,TRBJ2-1
e9b3e492f367497aa8caa61587a52f10,test_dataset_2,0.4002787138333599,CGLTLFF,TRBV24-1,TRBJ1-4
ea1818a6f20947e5b90ed8ea874b2eb3,test_dataset_2,0.4664775019810019,CASSSLSF,TRBV10-1,TRBJ2-7
ea4c13d426c248768d2166bc99342c42,test_dataset_2,0.3159612956602223,CVPLSSGELFF,TRBV11-3,TRBJ2-2
eb29ba32869741d1894daa36eb78f6eb,test_dataset_2,0.4514730903163417,CSVVLLLSSYEQYF,TRBV29-1,TRBJ2-7
eb3ce5ae347f44dfbec2e27468c3a40c,test_dataset_2,0.6239223431480959,CSDLGLF,TRBV29-1,TRBJ2-1
eb722173aa044d28bafccc1e42d75155,test_dataset_2,0.5039460732272092,CSPSLNSPLHF,TRBV11-2,TRBJ1-6
ebf26e63ca614aea942457ccfec6ab2e,test_dataset_2,0.3308218295494943,CSSVKPEKLFF,TRBV7-9,TRBJ1-4
eca14f421b5644d8a69542053fda3f9f,test_dataset_2,0.4604171459446269,CASLLGIF,TRBV6-4,TRBJ2-1
ecd1b5d287024aa683266246b8bfc243,test_dataset_2,0.5894936798949522,CASSLMGSLF,TRBV7-3,TRBJ2-1
ed4fe4e57e954919a1584eccb6364a45,test_dataset_2,0.3134595009766551,CSPPEKLFF,TRBV20-1,TRBJ1-4
ed72f83c509141e987a0305fd5f806a4,test_dataset_2,0.4007886127088549,CKVLLSGVLF,TRBV20-1,TRBJ2-1
ed801f5582a74e22874815b706de0aea,test_dataset_2,0.4200748494912572,CSLSTSLHF,TRBV20-1,TRBJ1-6
ed9a932a69d74831aa3ab84c40dbf47b,test_dataset_2,0.4510402666975626,CSVISLKLFF,TRBV29-1,TRBJ2-2
edb67906d01640898f92f12361271218,test_dataset_2,0.5686383059624999,CSVVVILTLEKLFF,TRBV29-1,TRBJ1-4
ee0cf46fa36249d3ad2845d818491de6,test_dataset_2,0.4813727601867247,CASSLERKGGCHNYGYTF,TRBV7-9,TRBJ1-2
f057561a62c743f2a2d8ee5b4ee32f0f,test_dataset_2,0.4582142948486334,CSVLGQVF,TRBV29-1,TRBJ2-1
f183d7d5d0014348ad787b9faab4a713,test_dataset_2,0.7695151581705474,CSVELVIEKLFF,TRBV29-1,TRBJ1-4
f1b28b5c966847909bac21d3acc594e7,test_dataset_2,0.6084637927965676,CSVVCSPGKLFF,TRBV29-1,TRBJ1-4
f2ac13fd3302428288772f5b2cccf2cf,test_dataset_2,0.4665695921263696,CSVPEPSNF,TRBV29-1,TRBJ2-5
f32c8a41c4e44ff1b1b3547cd7c27108,test_dataset_2,0.4560712146771474,CASMKTGCF,TRBV11-3,TRBJ1-2
f3abd53f6e1247268d39ceae7a0ef966,test_dataset_2,0.6010022378715241,CASSKIF,TRBV25-1,TRBJ2-1
f45758f319154539910d3b46e67fc837,test_dataset_2,0.2222281925946278,CVISLKRYYF,TRBV24-1,TRBJ2-5
f46eb80f1181462e8fb8310984f53751,test_dataset_2,0.3960771624916036,CSVPGLF,TRBV29-1,TRBJ1-1
f55cac093af341b8bcc4e5edebf03292,test_dataset_2,0.6345848331454059,CSVFLVQYF,TRBV29-1,TRBJ2-7
f600d6b4b1a74b4fb7b160cb023a84e3,test_dataset_2,0.390402702814635,CSVGPMSLF,TRBV29-1,TRBJ2-1
f643c55df4454f6e9a3aca1a696a8dd8,test_dataset_2,0.5670782534951224,CSLLGELFF,TRBV20-1,TRBJ2-2
f693c058e5d34a4a8dc00090bf241ded,test_dataset_2,0.554357806581732,CSVFTMNSPLHF,TRBV29-1,TRBJ1-6
f6965bd0b82d46d1a5543cb3d9193ceb,test_dataset_2,0.5655403689218503,CASSLERASSSEKLFF,TRBV5-1,TRBJ1-4
f6becf5ba10345929c76b2af2846fd2d,test_dataset_2,0.5332030016189817,CASKSTCGYTF,TRBV5-4,TRBJ1-2
f735d0b3bf554732a44931e876496df8,test_dataset_2,0.5275684194220478,CSVVLNNEQFF,TRBV20-1,TRBJ2-1
f742ecc2f9ca48b59c8c55e4ef34930c,test_dataset_2,0.5525572012117368,CSVLLWDSEKLFF,TRBV29-1,TRBJ1-4
f7e4b8a1721c4cb7a3c6761215e7f3b4,test_dataset_2,0.5489083118265555,CSVPWGLTF,TRBV29-1,TRBJ1-2
fa9615407a8544ecaa897be6d4adae6e,test_dataset_2,0.3279141953167672,CSVKLVFYEKLFF,TRBV29-1,TRBJ1-4
facb78db24594b6f98d65c4e821e02c3,test_dataset_2,0.4098164609017178,CGGIKLFF,TRBV30,TRBJ1-4
fb4ee992684544df928e43de0f0cd784,test_dataset_2,0.4075690141600634,CASSLVSGLF,TRBV7-4,TRBJ2-1
fb6a1e10fc844255871e8e003faf857b,test_dataset_2,0.5118208458709756,CSVLSSVF,TRBV29-1,TRBJ2-1
fbf6576d2ab04cbd8497aa7dac27ea95,test_dataset_2,0.4961613531514373,CTLLCVKLFF,TRBV20-1,TRBJ1-4
fcc85fb3c0c24a5782ffae7652adea9b,test_dataset_2,0.6744603439938108,CSVLSVPEKLFF,TRBV29-1,TRBJ1-4
fcf7fa2b15df4d9b8c11d58a1b21a972,test_dataset_2,0.5033979420220722,CFMWKDPFF,TRBV20-1,TRBJ1-1
fd43f7df9a6e49f38f54d4f5c35295f8,test_dataset_2,0.2620037714222177,CASSLSLPLFF,TRBV12-3,TRBJ1-4
fd6b4b79e0ed4e7d88639de216fdb1c4,test_dataset_2,0.5856486826547702,CASSWDSSLWDSSYF,TRBV27,TRBJ2-4
fd6f8e464c1d4ea893ec3f26c74960bd,test_dataset_2,0.5277877451043516,CRSKLFF,TRBV20-1,TRBJ1-4
fe81776229fd4d17941f07fe1fd3c470,test_dataset_2,0.346269249804675,CYCGKLFF,TRBV11-2,TRBJ1-4
ff8e265effcc4c68b0b6e23acb4d18bd,test_dataset_2,0.613052196997773,CASSSKFF,TRBV5-6,TRBJ1-2
ffba099dd0cd4ba4ad26cb0f967abc51,test_dataset_2,0.5426008491269118,CASSKGGGLLEKLFF,TRBV6-1,TRBJ1-4
00bf3e8b5c44db7f9765a2c896308ca8,test_dataset_3,0.4944199754905048,CASSLAWAAFF,TRBV5-8,TRBJ1-1
00c0a5b0b5780839679ddcede9da56df,test_dataset_3,0.4918953573539557,CASSEALLGMPAGGYGYTF,TRBV6-1,TRBJ1-2
00d82591a1ef87f94bc28b47f9a6c9a2,test_dataset_3,0.5183119048558201,CASSLAGSGGAFF,TRBV7-9,TRBJ1-1
016b2ba917244113cdc4dd790c5ff3c7,test_dataset_3,0.5118608069591116,CASSLASGGASAFF,TRBV7-9,TRBJ1-1
02dd6983048af267517bc0a57d53e1b0,test_dataset_3,0.5247413246170238,CASSLGSTLKLNTGAFF,TRBV11-2,TRBJ1-1
02ec916b7aa5721bf52521f5c3df82d0,test_dataset_3,0.4985111318719564,CASSLAGAGPVGAFF,TRBV5-5,TRBJ1-1
0302c07e3e0e98b81ac599d2adcdeb0e,test_dataset_3,0.4849655245483326,CASSLGGAGSF,TRBV28,TRBJ1-1
0345fad9f4f490434ff861150f56b84c,test_dataset_3,0.4914790105240341,CASSLIAASAFF,TRBV28,TRBJ1-1
03afa3ea85cef7c59afa314b2f3714e2,test_dataset_3,0.4981825690840905,CASSLSSAGASMAF,TRBV12,TRBJ1-2
0540bac503edefaf64878ba34693b166,test_dataset_3,0.4925016139444222,CASSLFGSGAFGSEAFF,TRBV27,TRBJ1-1
054f1e8ba7135ae2cd04f1d87c2c8a27,test_dataset_3,0.5199543425361604,CASSLPGLAGALF,TRBV12-3,TRBJ2-7
058daf602682e2f57a01489ca38ba380,test_dataset_3,0.4788664520967389,CASSPQGTANFYEQYF,TRBV6,TRBJ2-7
05b984c0007ad527370ebe52ae17a3be,test_dataset_3,0.4917799918575243,CASSLIAASAFF,TRBV28,TRBJ1-1
06165d465462bfa2c748990b6401795d,test_dataset_3,0.4901811336863207,CASSLAGTLTYNEQFF,TRBV5-6,TRBJ2-1
06c34253a314e79503d1995e3e36990c,test_dataset_3,0.5007519191824873,CSARDPLAGTPWYEQYF,TRBV20-1,TRBJ2-7
080c47ce0f397a34776c5ebf1c956288,test_dataset_3,0.4918972096134285,CASSFADAAFGAFF,TRBV12,TRBJ1-1
08fd8935a1adbe953e7f6b404ea4d98c,test_dataset_3,0.5110466149048798,CASTNNGLISGNTIYF,TRBV2,TRBJ1-3
09906a09b967d4512648c39922623083,test_dataset_3,0.493260582470105,CASSLGGLAGLGGQFF,TRBV12,TRBJ2-1
0993f893aab66681a62a600efb780678,test_dataset_3,0.4883541863849963,CATSAGTGLGDAFF,TRBV24-1,TRBJ1-1
09b50618567eef03049f8d0ad3614f2a,test_dataset_3,0.4809491947292158,CASSLAWAASGATF,TRBV5-4,TRBJ1-2
0a1b35503f4987d4cd2f678528a4aaab,test_dataset_3,0.5050938260235448,CATSDLWLAGGWYEQYF,TRBV24-1,TRBJ2-7
0a35bf4567e057fef86a9836ceb4be15,test_dataset_3,0.503248580923362,CASDLGGSLAAITGELFF,TRBV12,TRBJ2-2
0aa6e334752d15daf7bacdd17e1c3fa9,test_dataset_3,0.5013591977981362,CASSLAAASRAFF,TRBV11-1,TRBJ1-1
0be9a401d4009ab57627b58ba2810c71,test_dataset_3,0.4941170597013636,CASSLDSLGLAGGFVNEQFF,TRBV11-2,TRBJ2-1
0c0a21655b8c24a110beee6a5630b1f9,test_dataset_3,0.5116591375430898,CASSLAGSSAGAFF,TRBV7-2,TRBJ1-1
0c76c9eba6c8a41dccc95a3781a52095,test_dataset_3,0.5136429852125108,CASSLGGALAGIKNIQYF,TRBV5-4,TRBJ2-4
0c9071ddf409486397003ea80c44b409,test_dataset_3,0.5142235863057653,CASSLASGLAGRYF,TRBV12,TRBJ2-5
0dd42dc2037409657df6f8ce4daa5f86,test_dataset_3,0.5193216662444171,CASSLAGGGSALF,TRBV19,TRBJ1-1
10fb93c12c2c8e8e44f329770dbac97b,test_dataset_3,0.5025382799200883,CASSLDGLLANEQFF,TRBV5-1,TRBJ2-1
113cc2b4fb612cecf0a5d61b730e798d,test_dataset_3,0.4743439470338245,CATQLGTGTGAIVGELFF,TRBV6,TRBJ2-2
117dfcd861d1144dfc23bce3e2007983,test_dataset_3,0.4883762691232765,CASSLTGLAGIF,TRBV28,TRBJ2-3
12e525d9f790257c808752a7c12874fe,test_dataset_3,0.4920492079008339,CASSMGALLAGYNNEQFF,TRBV19,TRBJ2-1
13751c9c8d5e6fd2adfc91cf6cddcf29,test_dataset_3,0.5071599097811231,CASSLAGLAGGALYEQYF,TRBV11-2,TRBJ2-7
157fc5c259f0e7702d3c81821a61f88c,test_dataset_3,0.4924421382107244,CASSLSGLWVKVNTEAFF,TRBV7-9,TRBJ1-1
15ccdd45ac86efe6469a4d992dd495a0,test_dataset_3,0.5019647964874165,CASSLSTSAAFF,TRBV5-4,TRBJ1-1
15fe605038b671a70437826e58410042,test_dataset_3,0.5071092921422024,CASSLGPGGLGAFF,TRBV11-2,TRBJ1-1
1773d5d3afa88e5aa39f6df9c8e775f5,test_dataset_3,0.4989709215893435,CASSFGGAFF,TRBV28,TRBJ1-1
19b69f9cc3a6493ca0c3dc79642f5add,test_dataset_3,0.5159704466596189,CASSLALGIANYGYTF,TRBV7-2,TRBJ1-2
1a87a7a1079a4a7740ad60efa74223f4,test_dataset_3,0.5081191553843708,CASSAFYAVAPDRARGWYTEAFF,TRBV6,TRBJ1-1
1ae7cc9f6bdd04c980aaf323b0eeebee,test_dataset_3,0.5086040834727262,CASSLGGLLAGVSNEQFF,TRBV7-2,TRBJ2-1
1b6872da4bb6a35936619a5909665e36,test_dataset_3,0.5173422336536073,CASSLGGAAGTGIYEQYF,TRBV5-1,TRBJ2-7
1b92d63038ebeb0939f50aa643bbff85,test_dataset_3,0.4972703521736631,CASSLAGGAGAFF,TRBV7-8,TRBJ1-1
1b9fbd0f45f43ca8107edb73376b9d06,test_dataset_3,0.503322724761392,CASMWASGGADGTQYF,TRBV25-1,TRBJ2-3
1bd3e887b398b5a4cb53695c038a7896,test_dataset_3,0.4873787235541109,CASSQDLGASGSWYEQYF,TRBV4-3,TRBJ2-7
1cf3f8156001e5733f02524113fd6732,test_dataset_3,0.5095239072115844,CASSLPGLAGLF,TRBV7-2,TRBJ2-1
1d1166b3fd8e95b90a142709694a5e87,test_dataset_3,0.4943926994772146,CASSAAGASATLGKFF,TRBV9,TRBJ2-1
1f029b5655a40cef983518132a935510,test_dataset_3,0.500612096574928,CASSLGGLAGALL,TRBV12-3,TRBJ2-7
1f3d715d567a9fc92acf0ce736be9f79,test_dataset_3,0.5015456517929326,CSALGGLGGSLLGEQYF,TRBV20-1,TRBJ2-7
1ff55afa292fca3f6a88f81e91774451,test_dataset_3,0.4926009328151776,CASSESTGAGDAFF,TRBV10-1,TRBJ1-1
1ff780f5538a9e7e1210b2eafb1a9059,test_dataset_3,0.5235963845024375,CASSSLAGIF,TRBV11-3,TRBJ1-2
20cb2b16ffea2c4bdf40e0783c167fea,test_dataset_3,0.5151492678930797,CASGLSGGLPGGAFF,TRBV12-5,TRBJ1-1
219b77af40cb65dc0408841412ac9a7e,test_dataset_3,0.4950824102905956,CASLLAD,TRBV6-4,TRBJ2-3
22fee7a89bd03f32f948cfc04d8a9854,test_dataset_3,0.509686964411575,CASSIAGLAGPLGTQYF,TRBV19,TRBJ2-3
23ac7e2d4cd6395136fb3087173f7164,test_dataset_3,0.4881989736003218,CASSLASGLAAGPEAFF,TRBV5-1,TRBJ1-1
2421c3c8264435a0ce0affac02997449,test_dataset_3,0.4934885841612492,CAISVLAGGLGTNTGELFF,TRBV10-3,TRBJ2-2
248eac62a1d96a9e4d06d83cfccbac11,test_dataset_3,0.5103838131313834,CASSFAAPVLAGINEQFF,TRBV7-6,TRBJ2-1
271c6ae18792744d31c83e2dfbd65e1b,test_dataset_3,0.4787343960969085,CASSLAGGLFGSSFF,TRBV7-8,TRBJ1-1
2817656cbdfcbf9065fb5cbb4353c966,test_dataset_3,0.4849258402234962,CASSIGNLGGSTGELFF,TRBV19,TRBJ2-2
28257234b0e8b425e45bb925519c1d09,test_dataset_3,0.477642584268873,CASSLTALSAAFF,TRBV7-2,TRBJ1-1
289a7772cabe1563f3494d60d9847f32,test_dataset_3,0.5120880655349117,CASSLAASGFAEAFF,TRBV5-1,TRBJ1-1
28e42d7642174644dc46ea9283fcaf05,test_dataset_3,0.5030609648024811,CASSSSDTAVSGNTIYF,TRBV7-9,TRBJ1-3
28ea761ab91bee427b22bcfd8b7cafb4,test_dataset_3,0.5256511169773935,CASSIGGLAGIWGTQYF,TRBV19,TRBJ2-3
297004a16f7ff13d931eb8229a5fb55d,test_dataset_3,0.507825299777405,CASSDDQTISGNTIYF,TRBV2,TRBJ1-3
29904c8800d9f22bf76c2ee45c243001,test_dataset_3,0.4863491711748256,CASSSSDTAVSGNTIYF,TRBV7-9,TRBJ1-3
2aa3c47238c9dea65db343f2d5e8c199,test_dataset_3,0.483335299792076,CSRHGETGLNTEAFF,TRBV20-1,TRBJ1-1
2b1df10b14fed1f96c977d5e80ca1b12,test_dataset_3,0.481386157818066,CASSLGCF,TRBV12,TRBJ1-5
2b3059b4d01147ada836b88264ce10b8,test_dataset_3,0.5095325805973002,CASSLAATASTAFF,TRBV7-2,TRBJ1-1
2b91944c206a75344f5bdd073cf11633,test_dataset_3,0.5018989056025409,CASGALALALIAGELFF,TRBV12-5,TRBJ2-2
2cef58240336378b7fc1f7dd6ad94b25,test_dataset_3,0.4874364727285469,CASSLAGLGAFF,TRBV7-9,TRBJ1-1
2d610f507b7f5c4863011142d6f00b66,test_dataset_3,0.5138478313261936,CASSLGGAGGFGGAFF,TRBV7-9,TRBJ1-1
2d8d680b7efe2e233bf134e7650877b8,test_dataset_3,0.4897867005326584,CASGLEAGPFYEQYF,TRBV12-5,TRBJ2-7
2eb8b2174cdc353bf6fe094b250696af,test_dataset_3,0.4997501863163785,CASSLAGGLAGGLPYEQYF,TRBV7-2,TRBJ2-7
2f0e07ae836bce0c25eb431521814683,test_dataset_3,0.484802825280795,CASSVWTPDKSWTFANTGELFF,TRBV9,TRBJ2-2
2f9146154a094191ead6524771c91763,test_dataset_3,0.4852231316050966,CASSLGAAGGFAEAFF,TRBV5-1,TRBJ1-1
2fa0c7b0755517510b373d3f9addb5ab,test_dataset_3,0.5019390838940685,CASSLGGLLAGVSDTQYF,TRBV7-3,TRBJ2-3
316de6cf868e8ca5eb711478e1a5a9d9,test_dataset_3,0.5086086914045251,CASSSGQAGSAFGAFF,TRBV6-6,TRBJ1-1
31a8d5d6b24112c918c1f2301da883de,test_dataset_3,0.4928030859453037,CSALAGGF,TRBV20-1,TRBJ1-1
31b802b936a44dcc39525658a1afbe38,test_dataset_3,0.5101254240890808,CASSLALGIANYGYTF,TRBV7-2,TRBJ1-2
322c0deb9f7c97f33a242b4e0314f6b7,test_dataset_3,0.5180423000346835,CASSLASGAGAFF,TRBV5-4,TRBJ1-1
329e2f3707e4936c83de37deede66297,test_dataset_3,0.4941870699917701,CASSLAAGAFF,TRBV7-9,TRBJ1-1
32e2b61c84dfad23527561db9f61ccc6,test_dataset_3,0.4869843960299685,CASSFLGALF,TRBV7-9,TRBJ1-3
32ed12b48e915e3efb3099a3304ebef0,test_dataset_3,0.4843978007444696,CSARELAAGKEPYEQYF,TRBV20-1,TRBJ2-7
33def81b37a36ee1c36a979329bc2645,test_dataset_3,0.4840245475763254,CASSLGAFF,TRBV13,TRBJ1-1
350d6fc96b3b0547a008ef2897880a8f,test_dataset_3,0.5027334981751761,CASSTGSLGGAFF,TRBV10-2,TRBJ1-1
3577d5808f7b113f8f176812ac597a42,test_dataset_3,0.4791553680387455,CASSVGGLLAGGPGELFF,TRBV9,TRBJ2-2
35ea5f7d9b3b9f2e950206fba19e7a5e,test_dataset_3,0.5013752869502022,CASSKAGVLTDTQYF,TRBV19,TRBJ2-3
3602022bff9ac43c3535fbc7d2b19dce,test_dataset_3,0.4926189227730593,CASSAGASAGAFF,TRBV6-6,TRBJ1-1
360e375ee0c3fef8b30883b3848c4acf,test_dataset_3,0.4766366648437865,CASALAGMAFF,TRBV6-5,TRBJ1-1
367f18f5d2e47438a1231eef87a157df,test_dataset_3,0.506932766752375,CASSIDGGLISGNTIYF,TRBV5-6,TRBJ1-3
375ed6ed0c3971731bb5ac058df6c66a,test_dataset_3,0.4838317023363274,CASSLAGGGSALF,TRBV19,TRBJ1-1
37796dd335f529e2df8bf6b158992d2b,test_dataset_3,0.4983600526594129,CASSLGGLNGGAFF,TRBV5-1,TRBJ1-1
379a0fda419c7c90b046730321bb6d81,test_dataset_3,0.5028635380181691,CASSLGGPAGLF,TRBV11-2,TRBJ1-1
37ac2f9e4d12dc4c5f32eae10e1a03db,test_dataset_3,0.5063287471809109,CASSLSSGGGALGAFF,TRBV11-2,TRBJ1-1
37ed93ed9c3d9cf74340412b7f45a16f,test_dataset_3,0.4943678422356753,CASSFIAGLAGGGDF,TRBV28,TRBJ2-7
38fd462283d8f283e4b2a31f23cc21b7,test_dataset_3,0.4777392240915071,CASSLGGVGGPTGSLLG,TRBV5-4,TRBJ2-3
3947311c592cf92ed4395fbff8fd82c7,test_dataset_3,0.5188276648350122,CASSLGSGTGIGAFF,TRBV5-1,TRBJ1-1
3a73bd3aec502afc78f6ded2938edf5b,test_dataset_3,0.4979017225394736,CASSSLAGGCFF,TRBV6-2,TRBJ2-1
3aac4fda0623c80ca2cd9fac3ba7cd8c,test_dataset_3,0.5052418472895576,CSALLGGPGAFF,TRBV20-1,TRBJ1-1
3b05cc145d35929d1cd14b8c3aeda30d,test_dataset_3,0.4925671808307932,CASSLAGLAGAFATQYF,TRBV12,TRBJ2-3
3b2dd56b30bde72c3308a96fadefe66a,test_dataset_3,0.4939853469626438,CASSEALWTASLTAF,TRBV6-1,TRBJ1-6
3ba2d3e2c503aa91f59da1badc1be399,test_dataset_3,0.5081813551022529,CASSLAALGGGFF,TRBV12-3,TRBJ2-1
3d1025da67db7a19bf5e74445ec43400,test_dataset_3,0.5142717797055113,CASSLGAAAFF,TRBV7-9,TRBJ1-1
3d2e5e371eecc067a7604fb6a525d79c,test_dataset_3,0.5114720692745994,CASSVGGLLMNTEAFF,TRBV9,TRBJ1-1
3d4701000a12f1d5803686b6f42508e3,test_dataset_3,0.4977945876970071,CASSLGGFLAGGNNEQFF,TRBV7-9,TRBJ2-1
3d97bc1d1bc71ad89056b5dabd925262,test_dataset_3,0.4999470261269555,CASSLAGGAFF,TRBV14,TRBJ1-1
3e09682902f67fe24f513bdfe7c120e6,test_dataset_3,0.4957765660873072,CASSQVALGAANYGYTF,TRBV18,TRBJ1-2
3ead2e5f9fe95921be9c3579ee2ba5dc,test_dataset_3,0.5003812613212717,CASSLGGGLAGFGDTQYF,TRBV7-8,TRBJ2-3
3ee1bc7a77ec1bd9f215f47bec0e79d3,test_dataset_3,0.5112342856362887,CASSLAGLGGAFF,TRBV11-2,TRBJ1-1
41f707770f14c779cb48d14e4755f705,test_dataset_3,0.511023521540675,CASSSDTAVSGNTIYF,TRBV7-6,TRBJ1-3
4241c0e2b55e98599362946599fff6e0,test_dataset_3,0.4797529848007751,CASSLAALAFF,TRBV7,TRBJ1-1
42b3142dcb523ac51080a3814da13e2e,test_dataset_3,0.5083507297406139,CASSLGGAGIF,TRBV12-3,TRBJ2-1
42cf1281305defb88ff24830aa4ccbc5,test_dataset_3,0.5014359535047521,CSARDLFAGADFYEQYF,TRBV20-1,TRBJ2-7
43ab2cde1bf5f48ec2256574ade3e378,test_dataset_3,0.5017332422140753,CASSASLASWLFF,TRBV2,TRBJ1-4
45f5e91ca153db4ccd663bde4a0b87b6,test_dataset_3,0.506434263622464,CASSLAGGSGAFF,TRBV11-2,TRBJ1-1
46551afe57c861a160e0801871afafbe,test_dataset_3,0.510966076493706,CASLGGALGVSIYEQYF,TRBV28,TRBJ2-7
4719753be6e0f675e58c4f2e183dce4d,test_dataset_3,0.5235028236659054,CASSALLSSTATEAFF,TRBV4-1,TRBJ1-1
475af1a90129267bd544dad93e4a0efa,test_dataset_3,0.5099299772316302,CSAQTNLGLAGDFYEQYF,TRBV20-1,TRBJ2-7
490a635b3bc55f3a0a85ff479681bce4,test_dataset_3,0.5011351887880534,CASTNNGLISGNTIYF,TRBV2,TRBJ1-3
49647b70cc01b56e682ab05e4baa3a05,test_dataset_3,0.5114511912844395,CASSLVGAFGGSTDTQYF,TRBV5-1,TRBJ2-3
49b62f69fefb4624e005876e5d8fbd08,test_dataset_3,0.4906558269740423,CAISGTGALGSGAFF,TRBV10-3,TRBJ1-1
49e6aaa5be5fb2fa97b6a28b3202e851,test_dataset_3,0.4927312609419625,CASSLVLAAAAFF,TRBV11-2,TRBJ2-1
49f35451db7b8404ef61f876843c6e02,test_dataset_3,0.5081796035508321,CASSFGALGGLGAFF,TRBV5-5,TRBJ1-1
4a83287d28bcfcdf4f3e7b3d8e801c77,test_dataset_3,0.4834859532495346,CASSADRAPRFYEQYF,TRBV27,TRBJ2-7
4afdfef83fd9834ec13fc3b521513fc2,test_dataset_3,0.4837959755195728,CASSSALAGAMAIF,TRBV28,TRBJ2-1
4b0eea81f13c003b0a4c81586696f710,test_dataset_3,0.504085915654148,CASSLAGQGLGGIF,TRBV12,TRBJ1-4
4b16a7d9dec1e050db5a6ec7dd346845,test_dataset_3,0.5122978413327492,CASSLAARAAFF,TRBV3-1,TRBJ1-1
4bd093268315b6fc6a87809225748459,test_dataset_3,0.5023339229846291,CASTLHSAVLIAGGTYNEQFF,TRBV6,TRBJ2-1
4c9c324520d1ae1baa85146452c5bbba,test_dataset_3,0.492858479617067,CASSLDRASGFYEQFF,TRBV5-8,TRBJ2-1
4ccf2c63ae70c14d2c78125bed0c2187,test_dataset_3,0.4909048410702001,CASSLAASGLAAQYF,TRBV5-1,TRBJ2-5
4d23244f82fe3408276066c53602fe5e,test_dataset_3,0.5079319748644376,CASSLATASLRAFF,TRBV5-5,TRBJ1-1
4d29533aedd898e33686426676a58f27,test_dataset_3,0.5057406143858866,CASSQDVGVSGNTIYF,TRBV14,TRBJ1-3
4d6dcd5a414c0cfeafa0dd1cb6781752,test_dataset_3,0.5086716302840646,CASSMGIGLAGGLAGELFF,TRBV27,TRBJ2-2
4d6f6384a1d3148182b1e3a9926ab819,test_dataset_3,0.4998907615378854,CASSLNLGGVVGANVLTF,TRBV5-4,TRBJ2-6
4f2a1e9a4dbdcbaf43692a43fa070007,test_dataset_3,0.4809662103883252,CASSSAGFGPMGAFF,TRBV28,TRBJ1-1
50ad34acb216f1e91e1a786c5a7e10d9,test_dataset_3,0.4912864140268893,CASSSLAGASCPWARV,TRBV7-9,TRBJ2-7
50ea612641238ed6870a7294ad85d049,test_dataset_3,0.5067285225753415,CASSSLGGAFGAAATEAFF,TRBV7-3,TRBJ1-1
530d6dfbf4a89e23735898ddb61826b9,test_dataset_3,0.5025440269856472,CASSQDTAVSGNTIYF,TRBV4-3,TRBJ1-3
53f2bad4e24cd28846e634fbf54cc984,test_dataset_3,0.5154838011705526,CASSLAAAGAFCF,TRBV6-6,TRBJ2-7
545cea8071a0e2757bd647323c400112,test_dataset_3,0.4916876034380701,CAIIKVGGTEAFF,TRBV10-3,TRBJ1-1
54c1a6158da5d181ece06a8f40c3c3e2,test_dataset_3,0.5117732769473042,CASSLGLAGAAGANVLTF,TRBV11-2,TRBJ2-6
55b4652753550837c823eed28505ef8d,test_dataset_3,0.4772089517421409,CASSGGLAGGLSGANVLTF,TRBV19,TRBJ2-6
56808fa2f8458719af48f0a8466dd613,test_dataset_3,0.507236443754928,CASSLGTSGSLF,TRBV6-2,TRBJ2-7
578bc9577da6134c8172e0b65f393c58,test_dataset_3,0.5071403866455593,CASGLLGGGFF,TRBV12-5,TRBJ1-1
58260146e2997f1a42f9444f6cecd214,test_dataset_3,0.4787452926515266,CASSIASAPAAFF,TRBV19,TRBJ1-1
587e8fc7a26430a81fc4cc698870dcd6,test_dataset_3,0.4891528503892074,CASSHPAGRAFYEQYF,TRBV4-1,TRBJ2-7
58a3f8a4e3f94ea3eca08acf7dabcf54,test_dataset_3,0.5232843014817694,CASSLALIAAFF,TRBV7-9,TRBJ1-1
58f5ffe14fa05cd86dd20ed2face8ea0,test_dataset_3,0.4863674018133837,CAWSAASSGTF,TRBV30,TRBJ1-2
5b0d2a8ff3502370dc1a1337da085ebb,test_dataset_3,0.4879359940802761,CASSLGWLATW,TRBV5-5,TRBJ2-7
5baaeb2a287bcbda3c953f9c66b3a10d,test_dataset_3,0.4830258655502817,CASSLAGGPSLF,TRBV12-3,TRBJ2-1
5bf9ea7bccba9069024491f605410170,test_dataset_3,0.4932077171920088,CASSIGQNTISGNTIYF,TRBV9,TRBJ1-3
5c12255f0d70246e7893fc5449c4e5d0,test_dataset_3,0.4984081421884385,CAGGTELYTEAFF,TRBV2,TRBJ1-1
5cb9bca2047489b335cda57f02092f96,test_dataset_3,0.5145761673401612,CASSLIPGGLIPGAFF,TRBV27,TRBJ1-1
5cee879bf12acf975b0505df22a66fbc,test_dataset_3,0.5027061490944859,CASSLLMGLAGGGF,TRBV28,TRBJ2-7
5e11d822d535d31be20ea19d9ae49bd8,test_dataset_3,0.5087610763262381,CASSLGGTLMNTEAFF,TRBV9,TRBJ1-1
5e7390e44ab3d00d389b7405f021ab21,test_dataset_3,0.4809356620413054,CASSFGALGGLGAFF,TRBV5-5,TRBJ1-1
5fcff788c4b6c1ad0d6d68664786dedc,test_dataset_3,0.475918171581198,CASSLGLSVAGGADTQYF,TRBV13,TRBJ2-3
60af06caf1973a962d80443020365b10,test_dataset_3,0.4945292976481212,CASSPGLAGGLGGFF,TRBV19,TRBJ2-1
6177311b8e3c49536f7d30f086d75fbd,test_dataset_3,0.4970641013416688,CASSSDGTVSGNTIYF,TRBV5-1,TRBJ1-3
6282b73f1de8cd03e3371d709cfabdf8,test_dataset_3,0.5064363590410293,CASSHPAGRAFYEQYF,TRBV4-1,TRBJ2-7
62bd30fc4ed3db65ed128b83bb73d595,test_dataset_3,0.492024415826346,CASSLAGSAGTSAFF,TRBV5-1,TRBJ1-1
62d591b69f387066fdf47b864d1ef1dd,test_dataset_3,0.4856782772665299,CASSSTGGALGAFF,TRBV18,TRBJ1-1
62d9644901ae3ed9ca791b17a72bc872,test_dataset_3,0.5098460045764787,CASSLIAASAFF,TRBV28,TRBJ1-1
62dc06c229ba6de22f14dfb57aea4d2e,test_dataset_3,0.5136963657481511,CASSLASSF,TRBV5-8,TRBJ1-2
62de73e365f83a58ff39b65bc92dad34,test_dataset_3,0.4976473386060756,CASSLIAASAFF,TRBV28,TRBJ1-1
6321a7b0b845a3dde815607b7d32cd2b,test_dataset_3,0.5058347332009494,CASSFGGLTSGAF,TRBV2,TRBJ1-2
6398b6ebba86cec7c553847729147f7a,test_dataset_3,0.5068296315703993,CASSQDNLVSGNTIYF,TRBV23-1,TRBJ1-3
63dc4e4a2f8e1eac1974421f17da9af4,test_dataset_3,0.5031564225331028,CASSLAGLLS,TRBV5-1,TRBJ2-3
64111cb2e23bf09b8025d0d8a46224c8,test_dataset_3,0.5153430195461219,CASSLGSLAGGLIYEQYF,TRBV11-2,TRBJ2-7
64e0d9cee66e0a67086e7131e621f073,test_dataset_3,0.5155822057849417,CASSLAGLAGGLTGELFF,TRBV5-4,TRBJ2-2
65c40ddd6206c48defd2b2f55ce8d109,test_dataset_3,0.4865603279578645,CASSAGPGLGGFF,TRBV9,TRBJ2-1
65feafe0dddd5a5b54eb041cf9e3b29a,test_dataset_3,0.4930634594964906,CASSLGLPGLAGGAAPFF,TRBV7-9,TRBJ2-1
666754a31b13a81a01bac8db1624385f,test_dataset_3,0.4989638901748578,CASSIAGTLMNTEAFF,TRBV9,TRBJ1-1
682f5e26fc051f20bb8e0adfc797cbe4,test_dataset_3,0.4765211909386687,CASSLGGLAGGLPGEQYF,TRBV5-4,TRBJ2-7
692858f530f35396788f4d1f0687676a,test_dataset_3,0.4966309453871677,CASALGGLGAFF,TRBV3-1,TRBJ1-1
692cf39082cbfb60e8d2dfc4ca9b4a66,test_dataset_3,0.4973086017127062,CASSLASAAISTEAFF,TRBV7-6,TRBJ1-1
6a850f0f2728cb1cc2cfd047dadf52b7,test_dataset_3,0.5171159078634293,CSARFASGMIDTQYF,TRBV20-1,TRBJ2-3
6b3fa66addf3a756589b232f558a2c83,test_dataset_3,0.4812581605876871,CASSQLRGAGAFYEQYF,TRBV3-1,TRBJ2-7
6c1ba2729e591757d376d6b8aec176e1,test_dataset_3,0.5130544986894968,CASSLGGALAGIKNIQYF,TRBV5-4,TRBJ2-4
6c563dd6e685eaeee4fff6b9e9be7851,test_dataset_3,0.5146732109348261,CASSLGSSGLAGVF,TRBV7-2,TRBJ2-3
6da487382b515ed5a5bc3706a2e845e2,test_dataset_3,0.4964476074996543,CASSLAGAFF,TRBV11-2,TRBJ1-1
6e48ce44e5ff8137faaff356b5026def,test_dataset_3,0.5083019428441254,CASSQARGLAGLGDTGELFF,TRBV4-1,TRBJ2-2
6ea2d8e8a613ffab109177fcdf51b74e,test_dataset_3,0.5035613603131541,CASSLAPATDFYEQYF,TRBV5-1,TRBJ2-7
6eb7e5711f6ad9d7820166b1dede3a75,test_dataset_3,0.5156369434322007,CASSVAGAGALGAEAFF,TRBV9,TRBJ1-1
6ffffe9d853cc0140d0a6606c8dc3be4,test_dataset_3,0.4797053923679713,CASSLAGGTGAFF,TRBV7-9,TRBJ1-1
70894ff30a81f8b50698decfae6e256d,test_dataset_3,0.484579572744218,CASSLSLASSLFF,TRBV7-9,TRBJ1-4
718f1489d7c98230ae7260459501a20c,test_dataset_3,0.518672264231869,CASSLAGAGFGTEAFF,TRBV5-1,TRBJ1-1
71f15174a265812e85637bf992ba909e,test_dataset_3,0.4787189548434101,CASSLFGSGAFGSEAFF,TRBV27,TRBJ1-1
7259af0598cf431694b91c63fd0a24d1,test_dataset_3,0.5079735272165592,CASSLVASGAFYEQYF,TRBV28,TRBJ2-7
734a7e2b4680644f7b54557850629543,test_dataset_3,0.499076542427773,CAASIIAAGAAEAFF,TRBV28,TRBJ1-1
741fdc78b9ab69789e9a41b16a18f5b4,test_dataset_3,0.5143365521871761,CASSGWLAGALVGTGELFF,TRBV2,TRBJ2-2
744ef1ff2a93e95667a89e69b4eb377e,test_dataset_3,0.4903521970927613,CASSATGIAGAFF,TRBV2,TRBJ1-1
7455f6f58c7e81d87ac1a604c5bd7bec,test_dataset_3,0.492639939578692,CASSLAAAAGLFF,TRBV7,TRBJ2-1
7481c18d2a8a4c3063c220e02fabb14d,test_dataset_3,0.5091320749098059,CASSLGGALAGIKNIQYF,TRBV5-4,TRBJ2-4
74f45dad45e89a35f38804f3656bff4f,test_dataset_3,0.5067802363614919,CASIILGGAASTIYF,TRBV11-1,TRBJ1-3
7717c1f1a2e21afc2e3498f844a5819c,test_dataset_3,0.5072591429020195,CASSLLPSGGGFF,TRBV7,TRBJ2-1
7731ca86f91f02de05004a246fa9c4f4,test_dataset_3,0.5197194897146455,CASSLASSTLGAFF,TRBV12,TRBJ1-1
787c3154f43b949d81e59914410ee5e2,test_dataset_3,0.4857693605439345,CASSQNVGISGNTIYF,TRBV12,TRBJ1-3
78db6ec0f6b9cc1334c569cd8aaabeef,test_dataset_3,0.5114445213803593,CASSLASGASGFF,TRBV27,TRBJ1-1
793d6bd2759678d46e2ae85a87029f6d,test_dataset_3,0.4861959488867182,CASSQDNLVSGNTIYF,TRBV23-1,TRBJ1-3
79a8a17e2bfed4984dcb51a0302299d5,test_dataset_3,0.4833306528648908,CASSLIGAGALTGAFF,TRBV7-9,TRBJ1-1
79fbad0173f7321c5ef5e706b09d0488,test_dataset_3,0.4852183907933602,CASSLIAASAFF,TRBV28,TRBJ1-1
7a7eb2b6c2ca5220f6df582db3116c4e,test_dataset_3,0.508250387630029,CASSFRAGLIDEQYF,TRBV5-1,TRBJ2-7
7ce1f06bc54a13fd78a6ddcbfc582368,test_dataset_3,0.4981249082924232,CASGLAPWPSGGYKLHTDTQYF,TRBV12-5,TRBJ2-3
7d36f6d245c657669cb622f96c6c6a56,test_dataset_3,0.5046496497007502,CAISDPDRHTRSFYEQYF,TRBV10-3,TRBJ2-7
7d4d2fb8700d6f310985aad82ef89e8d,test_dataset_3,0.4919134997115347,CASSLAGAGGAGAFF,TRBV5-1,TRBJ1-1
7e8dce6e6bd4a4474de564859dac0294,test_dataset_3,0.4807040406893301,CASSDDASISGNTIYF,TRBV6-1,TRBJ1-3
7ea4b3d43d8e5d6aee8fc5d5359c993a,test_dataset_3,0.4994041301675055,CASSLATWAAFF,TRBV28,TRBJ1-1
8068ba3d992454508626d2bdbb81c478,test_dataset_3,0.4783402639064083,CASSLAVLPAGGTDTQYF,TRBV5-1,TRBJ2-3
80c032326d6a360f626216dc582c33fc,test_dataset_3,0.485288494517806,CASSKLSLGGSYYGYTF,TRBV28,TRBJ1-2
81099ffd00123bfb0371727a562d12e6,test_dataset_3,0.477541276297053,CASSLASGLARYF,TRBV7-9,TRBJ2-3
8240e9e5af4350f8e95f7fefbc4b54e1,test_dataset_3,0.5090842764566058,CASSLGGAPGGAFF,TRBV27,TRBJ1-1
8260b13474bbc656dfe9afbddcd81221,test_dataset_3,0.5165952566434477,CASSLAGIAGSIFYEQYF,TRBV5-1,TRBJ2-7
832c4474384b2605a974b7e64bce6bb9,test_dataset_3,0.5170025094142009,CASSLSGTGGLGAFF,TRBV5-4,TRBJ1-1
83daeef16dfcf59e5a4f2a2d835402d0,test_dataset_3,0.487311972938759,CASSIGGLAGHLLGEQYF,TRBV19,TRBJ2-7
84aa06f50e6ab01750221fc8ebf3c4b9,test_dataset_3,0.4754895021634025,CASSLGSAFGTAVSTQYF,TRBV5-4,TRBJ2-5
870586e7205099eeb277843beb1349f6,test_dataset_3,0.4964012204294709,CASSLLTTGGALGNTIYF,TRBV18,TRBJ1-3
87ef85e965399491b2692ce622ca847e,test_dataset_3,0.496343182565173,CASSLEPGTAFYEQYF,TRBV5-1,TRBJ2-7
8876a2a270aa63d1df97435c88b8c873,test_dataset_3,0.4973540325952051,CASSLGASASF,TRBV3-1,TRBJ1-1
8930e4699c4db4cee22bf0628a9f5aec,test_dataset_3,0.5013955066088646,CASSLIAASAFF,TRBV28,TRBJ1-1
893b11972611535c121ca423483cc2d7,test_dataset_3,0.4841066002492745,CASSASGLGAFF,TRBV27,TRBJ1-1
8a6b900c36de4794b42cbc776a41a4b6,test_dataset_3,0.4958178053899154,CASSLAAAAGLFF,TRBV7,TRBJ2-1
8c7ef50ff41876f7bd93e14c20e8252e,test_dataset_3,0.512019637350349,CASSLAILAAGGYTF,TRBV12,TRBJ1-2
8cca6e35ac6ea8738548115a07b1fffd,test_dataset_3,0.5096598933466748,CASSPTGTLAFYEQYF,TRBV7-9,TRBJ2-7
8dc439531bf4d3c55a5d98d6bb143cc4,test_dataset_3,0.4893979860673674,CATSEAGQGFYEQYF,TRBV24-1,TRBJ2-7
8ef110eba7fb57c731552c9ba9a52a93,test_dataset_3,0.5028302899125695,CASSIDGALMNTEAFF,TRBV19,TRBJ1-1
8f3796dc09c17b4b017e680b35498dbd,test_dataset_3,0.5181266759508932,CASSLAGNLGANTGELFF,TRBV11-3,TRBJ2-2
8f6396b4c80c1ec7bfae47bad962e2ee,test_dataset_3,0.49278650180927,CASSPWEGAGFYEQYF,TRBV7-2,TRBJ2-7
8f993501fdf98c5a963648458842161c,test_dataset_3,0.4836454648633645,CASSDGNTLSGNTIYF,TRBV10-2,TRBJ1-3
8fedbc81557c6dbb6748324b24e50ac2,test_dataset_3,0.4909900994588402,CASSDLAGAFYEQYF,TRBV2,TRBJ2-7
91f861e63ee6049948f33fe59ce422c1,test_dataset_3,0.5154280637285152,CASSKAGTLAYNEQFF,TRBV12,TRBJ2-1
927f2935b11887d702b769925762bac3,test_dataset_3,0.4892173849666919,CASSLAAVGLSNYGYTF,TRBV7-2,TRBJ1-2
92ccbe5471b5c93cbd21b1ba612f91d9,test_dataset_3,0.4918178790109288,CASFAWTATAEAFF,TRBV7-6,TRBJ1-1
93876f236da81e11d43e77234496cac7,test_dataset_3,0.5056684625398951,CASSLGGVGGPTGSLLG,TRBV5-4,TRBJ2-3
9395155211fe1190ec9e5f4d2208b3ae,test_dataset_3,0.4780067462147294,CASSQDNLVSGNTIYF,TRBV23-1,TRBJ1-3
93ada3bf892168bde9c57d72d8a7c014,test_dataset_3,0.4815097833198667,CASSIADLIGTGAAGYTF,TRBV19,TRBJ1-2
941aab4cc725b9ba416100c1aa9d8291,test_dataset_3,0.5256179583623017,CASSLASWLAFF,TRBV12-3,TRBJ1-1
942c7cc78f4d50e77f1e0716233825fd,test_dataset_3,0.4842962962117886,CASSLGTLAGMGTGELFF,TRBV5-1,TRBJ2-2
9483f394bc26f4e7171ba87a758f48c4,test_dataset_3,0.5225412237753918,CASSLAGLGGAFF,TRBV11-2,TRBJ1-1
9553cba74c0662dc3bd85af14086663a,test_dataset_3,0.5116853518501437,CASSFADAAFGAFF,TRBV12,TRBJ1-1
959378ca792d5411df63ebbc5bdd77dc,test_dataset_3,0.4825919047307738,CASSLAGLGPLF,TRBV5-4,TRBJ2-7
96d53ada73567c1e7c03dc7a648edf8b,test_dataset_3,0.4865528439461278,CASTNNGLISGNTIYF,TRBV2,TRBJ1-3
9792e5af934ea4a30444ea7729c3e4b6,test_dataset_3,0.5228221321573837,CASSAGAGTGLAGANVLTF,TRBV7-9,TRBJ2-6
983893232f330cdb98eddfece806749a,test_dataset_3,0.4838769559347112,CAWSGLAGVPQPTRNFYEQYF,TRBV30,TRBJ2-7
9943d403d9909505ee9f4ccd98aa7ebd,test_dataset_3,0.5230974924346341,CASSESLLMGLAGGLTGELFF,TRBV25,TRBJ2-2
9aa595a947aaf5aad0530d56a91f65d0,test_dataset_3,0.5035114306631439,CASSLAGQGLGGIF,TRBV12,TRBJ1-4
9b320dd91a95e7a5b1c684ce6d24e5ee,test_dataset_3,0.5096693685757028,CASSSSGLAGSSL,TRBV7-9,TRBJ2-3
9d467e3a184561353040cd72553cc592,test_dataset_3,0.4819229007682777,CASIWAASSAFF,TRBV10-1,TRBJ1-1
9e2de3a104cddda891220469f3a3a58b,test_dataset_3,0.506856644117914,CASSLGGLAGALL,TRBV12-3,TRBJ2-7
9f007ba635ae0520a7aca50376a8724e,test_dataset_3,0.5050395701505079,CASSFLLGAAALSTEAFF,TRBV28,TRBJ1-1
9fe3d9e2bfbb987aebd666d7bbe0bd85,test_dataset_3,0.5089299806092331,CASSLGGLAGGPFYEQYF,TRBV12,TRBJ2-7
a007974bf058b2375a3187f0d58695db,test_dataset_3,0.5026056205580715,CASSLSGGPIGGFF,TRBV5-1,TRBJ2-1
a158d91f485c54adeba5c19f1f5412e4,test_dataset_3,0.4985859099513967,CASSLGGFVLGSTDTQYF,TRBV27,TRBJ2-3
a1b262a294d5968b5f1186cf7b8d8032,test_dataset_3,0.4806626666020326,CASSLAGAGGFF,TRBV7,TRBJ2-1
a1b99435958825ef3724b0016fff168e,test_dataset_3,0.4972896165570084,CASSAASGAFF,TRBV4-3,TRBJ1-1
a2b9ade59356d7f0d11c157d3be8dcbe,test_dataset_3,0.4967074977719806,CASSLGGLLAGFTDTQYF,TRBV5-4,TRBJ2-3
a305e9f3e7d86ddb2ef533bf40c3ded6,test_dataset_3,0.5180279478514899,CASSLGLGLAGGPHGPGGIF,TRBV5-1,TRBJ2-1
a35d0575d5515aff6dea3741caf5497c,test_dataset_3,0.490231745360098,CSAIAGACF,TRBV20-1,TRBJ2-7
a49ce6256ff4a61359a7ec177e30d72f,test_dataset_3,0.5172881769912522,CASSALGAAIF,TRBV12-3,TRBJ1-4
a6393e2870a9b245fad748246d24caae,test_dataset_3,0.507168653099708,CASSLGGVSGALLTGELFF,TRBV5-1,TRBJ2-2
a6a98d73649410a730951b14196484c3,test_dataset_3,0.4958646559618921,LGALSPWGAFF,TRBV9,TRBJ1-1
a78c123b91d71d6391bcf569234a9f61,test_dataset_3,0.5128970849987633,CASSLDSSAASAEAFF,TRBV7-2,TRBJ1-1
a96c1ae1420f431738e3dbf11f1fafa7,test_dataset_3,0.5084657636739465,CASSALGGALAGELFF,TRBV5-4,TRBJ2-2
a98a69ba700e1a59a05da099ef63c1c6,test_dataset_3,0.4943959550750891,CASSLGVIIAGGTDTQYF,TRBV5-1,TRBJ2-3
a98e16e6fc3fe7e04a85d30dce6a18db,test_dataset_3,0.4817342392752786,CAISARLAGAHGANVLTF,TRBV10-3,TRBJ2-6
a9e58b9db643c834c64b6d11bebbd9d6,test_dataset_3,0.4838003051792493,CASSLGTGAGAFF,TRBV18,TRBJ1-1
aa3c1016968cc60f3dbe683dd446231e,test_dataset_3,0.4982603600602168,CASSVGGLAGTLTTQYF,TRBV9,TRBJ2-3
aa48cbfa89bd633823b4af79c22df34a,test_dataset_3,0.4865242828698393,CASSLARGALGGAFF,TRBV5-1,TRBJ1-1
ab6171d593130755cfc1bf1c28f06b7c,test_dataset_3,0.5039362094700319,CASSLAGGLTGGYTF,TRBV12,TRBJ1-2
ae7f4726d233c2c1f472969b917e5ece,test_dataset_3,0.5040655833911888,CASSALAAFF,TRBV9,TRBJ1-1
ae91bced0ddaab61c273a4184f8123d4,test_dataset_3,0.4891675642636156,CASSLALTAAVAEAFF,TRBV5-6,TRBJ1-1
b02808af846b1949b3c17bc22d9eaf46,test_dataset_3,0.4961481026604996,CASSLGLSVAGGADTQYF,TRBV13,TRBJ2-3
b02c77864265e20f53d2cf8a09b0ac56,test_dataset_3,0.4944890304309468,CASSAGLAGAAFF,TRBV18,TRBJ2-1
b03f4705300d0658fa9166839ed839da,test_dataset_3,0.4902951539243022,CASSPSDTTVSGNTIYF,TRBV28,TRBJ1-3
b04476ad31c2d2ac10bac363c28bc4a5,test_dataset_3,0.4853434267190365,CASSAGGLGAFF,TRBV6-5,TRBJ1-1
b0bd69a8eb54453a0fcc616cf4d2a433,test_dataset_3,0.4748204233319207,CASSMFSGGLAGLGSNAGELFF,TRBV19,TRBJ2-2
b1ad06abef25c576a4f9af58c3275d10,test_dataset_3,0.4882065523426945,CASSDDASISGNTIYF,TRBV6-1,TRBJ1-3
b385dbde88cd05944916cfa5f7aeb76c,test_dataset_3,0.5060528813388734,CASSASNAIAAFF,TRBV5-4,TRBJ1-1
b410a01eba165b9f4980458ca9f335bc,test_dataset_3,0.51633646394551,CASSLAGGLAGGLTGNEQFF,TRBV7-2,TRBJ2-1
b493cd130aa65283f33621c8a8c0b733,test_dataset_3,0.511714029251566,CASSLEPGLAFYEQYF,TRBV27,TRBJ2-7
b537f6a20e20e13a26cdbf27e01bfb2f,test_dataset_3,0.4854974167246663,CASSLSGLAGGGDF,TRBV12,TRBJ2-4
b5cee24ffe4664f3ed7021528c9a9b54,test_dataset_3,0.5053030143525368,CASSLGGLAGTWGTQYF,TRBV11-2,TRBJ2-5
b65e1f2b616dca20d2fd47bee57e6d13,test_dataset_3,0.5156275826915521,CSVAGLAGPMGFYEQYF,TRBV29-1,TRBJ2-7
b6bcbb95bbedc5f539039baf3aab1f47,test_dataset_3,0.5140098891881439,CASSLAGLAGGGGFF,TRBV12,TRBJ2-1
b6d5c6778c751594538260867de22b0f,test_dataset_3,0.5183296820400969,CASSSSDTAVSGNTIYF,TRBV7-9,TRBJ1-3
b6d60d5423be607fe4621f16519db0ec,test_dataset_3,0.5208722389791888,CASMGAGAFF,TRBV2,TRBJ1-1
b72fa543c168ffb30758e39cf852a0e7,test_dataset_3,0.5121250813059869,CASPTPSILAGGLDIQYF,TRBV6-4,TRBJ2-4
b7456643d4d24f66c9c66c366b78fc59,test_dataset_3,0.5111904221787484,CASSLAGGSGAFF,TRBV27,TRBJ1-1
b88b4a41f321dfff02aec2cbc09b8fba,test_dataset_3,0.5149963660490287,CASSPGLAGLF,TRBV7-2,TRBJ2-1
b8cf90f98acd558bedb8bc6704963e3b,test_dataset_3,0.5020872476891343,CASSLAGLAGGLANEQFF,TRBV11,TRBJ2-1
b921a5bf24c8f9eef7727b2e7b0babe4,test_dataset_3,0.5158227965511728,CASRDGTGFVNEQFF,TRBV5-1,TRBJ2-1
b94b7d57788653463650f50723a7cf44,test_dataset_3,0.511510738010283,CASIPAGGTDLRTEAFF,TRBV25-1,TRBJ1-1
ba9985aec693bd7a5f22341cb4f4c62c,test_dataset_3,0.4903958241621748,CASSAGGFASAFF,TRBV6,TRBJ1-1
bb1bfde07d566499da5b61e49f6d79a1,test_dataset_3,0.4936753856360336,CASSLAGLAGTF,TRBV11-2,TRBJ2-3
bb3d4527741b5ab2ed1001d37800f0d5,test_dataset_3,0.4794526902950766,CASTNNGLISGNTIYF,TRBV2,TRBJ1-3
bc75441fd26fdfe7affc3423e08e1a2f,test_dataset_3,0.4930150065629103,CASSQDNRVSGNTIYF,TRBV4-1,TRBJ1-3
bd28c4183059cb92de4db28eccd9a93a,test_dataset_3,0.515549888212563,CASSQDLAGTSGFYEQYF,TRBV4-3,TRBJ2-7
bdb0636e7fe1bad061bb7885e3c475b2,test_dataset_3,0.5042595006995977,CASSFGAASALGAFF,TRBV7-2,TRBJ1-1
c0fd303618ce6f921defb0ce788f0ac0,test_dataset_3,0.5024188083336071,CASSLARAAAAFF,TRBV7-9,TRBJ1-1
c1b332bad07356c117afc7311eee987e,test_dataset_3,0.4846210938396246,CASSLDGGQISGNTIYF,TRBV5-1,TRBJ1-3
c2255fb772f4aa75540997f3198fa89a,test_dataset_3,0.5184079566520047,CASSLGSGGRGLF,TRBV3-1,TRBJ1-4
c278f46bc66f5479e803f3b2e78db601,test_dataset_3,0.4831490760221058,CASSLAGSGGASFF,TRBV5-1,TRBJ2-1
c30a31fd328c1ec4dea45dc589c6e642,test_dataset_3,0.4914611644860381,CASSLAAQGAFYEQYF,TRBV5-4,TRBJ2-7
c3263708eb99efe77a831d9a123410f2,test_dataset_3,0.5042272228657502,CASSLGGFGTGYSNEQFF,TRBV5-1,TRBJ2-1
c470b8f53b4bc6e099ba387bfc68741b,test_dataset_3,0.4854991616158519,CASISDGLISGNTIYF,TRBV19,TRBJ1-3
c63fb149e2c12adba52c31dbd2af3115,test_dataset_3,0.4944911528520347,CASSLGASLAAEAFF,TRBV5-1,TRBJ1-1
c6c25a63c1cdeff068595d75162070a9,test_dataset_3,0.5168994399763269,CASSFGSSGLAGLF,TRBV12,TRBJ2-1
c6e3db09a82405b45ab005bd87d55a5b,test_dataset_3,0.519164336664091,CASSLASGGASAFF,TRBV7-9,TRBJ1-1
c74e1e50c6a4061f106e5207f79e2eef,test_dataset_3,0.4919719544693279,CASSLASAGSKAFF,TRBV10-1,TRBJ1-1
c7f18d567c0ba4442b64330332197025,test_dataset_3,0.4958316071335538,CASNLGGATGANVLTF,TRBV3-1,TRBJ2-6
c80090c8070f056120479fc524c26d14,test_dataset_3,0.5059839146542936,CSAPASGAFYEQYF,TRBV20-1,TRBJ2-7
c87598894d3b491dec951da769846274,test_dataset_3,0.4823165031852051,CASRLGGLAGGGSGANVLTF,TRBV12,TRBJ2-6
c88854e52be6e748eba83dc52adfbadb,test_dataset_3,0.4974485912248153,CASSLAGPF,TRBV7,TRBJ1-1
c8e85d4d62048a7fb5c4120c11c94dd8,test_dataset_3,0.5031087484314094,CAISEPGGAFYEQYF,TRBV10-3,TRBJ2-7
c9b899cef556ec494592bf7fccf67de1,test_dataset_3,0.5162641124976978,CASSLTASSAFF,TRBV7-2,TRBJ1-1
cb6495d6c971f21852a229b693f5124e,test_dataset_3,0.5196794582011051,CASSLLGLGSGLF,TRBV5-6,TRBJ1-1
cba6e550c35c20be3052313adcd17933,test_dataset_3,0.48693380093902,CSALDSAGALYEQYF,TRBV20-1,TRBJ2-7
cbe00ce6491cd0a8b6a0449c5a8407ff,test_dataset_3,0.4794844465575629,CASSLAGSGGASFF,TRBV5-1,TRBJ2-1
ccab4dd6f21f63e6d9d2bba82f78b036,test_dataset_3,0.5027512624598587,CASSLAGSSGGLF,TRBV5-6,TRBJ1-2
cd576c3ea810b1baf45eda89e5740988,test_dataset_3,0.4814886082537033,CASSLGGFLAGGSGANVLTF,TRBV27,TRBJ2-6
cd87b7e345b1a4426cd3e186c672cf72,test_dataset_3,0.4858033960572342,CASSLGASGGLF,TRBV5-4,TRBJ2-1
cf74fc3164563151c3e4779e2979a99c,test_dataset_3,0.4911040104456575,CASSLGGLAGALL,TRBV12-3,TRBJ2-7
d05f6d7c76bb86c86a48280a8496b5dd,test_dataset_3,0.5021840946577092,CASSLASAAISTEAFF,TRBV7-6,TRBJ1-1
d2184c5052d4dbb35aabc0d6db138e45,test_dataset_3,0.5236897897424008,CASSLARGAAFYEQYF,TRBV5-4,TRBJ2-7
d2985183fbe3bb6465823eb3f16042a4,test_dataset_3,0.5162389557444097,CASSLGGTLWNLNTEAFF,TRBV5-5,TRBJ1-1
d3b779cbef310b96a5db5c47aa933756,test_dataset_3,0.507395512706791,CASSLGRGAEFYEQYF,TRBV12,TRBJ2-7
d3e8d3d91234c3d26ed14f733eaf49b4,test_dataset_3,0.490709312104484,CASSLGAGGFF,TRBV28,TRBJ2-1
d44935174e986ab61b497e38ff0d49c7,test_dataset_3,0.5233840859849221,CASSLSGAGSGAFF,TRBV11-2,TRBJ1-1
d472ebaaf5a775d37a1aecbea38417ab,test_dataset_3,0.5083641526975283,CSATLGLAGAPAFYEQYF,TRBV20-1,TRBJ2-7
d5169fc5161c34d349aa9a577e16211b,test_dataset_3,0.5006857044590817,CASSGLAGGKDFYEQYF,TRBV2,TRBJ2-7
d527da07c9ef8966f23daeeec5a6b8d2,test_dataset_3,0.4932208065571893,CASSALSGSGAFF,TRBV5-6,TRBJ1-1
d5ad661ff500bfd1df67c517f16efea8,test_dataset_3,0.4870582517893596,CAAQARAGVPFYEQYF,TRBV24-1,TRBJ2-7
d65e26c77d056132877e249f3d1fbde2,test_dataset_3,0.4996922404963446,CSARDLGLAGVWADTQYF,TRBV20-1,TRBJ2-3
d6d10bf7582b052a73fc79f2b7f6049b,test_dataset_3,0.4809239493241775,CASSLAAGTSSASAGELFF,TRBV7-6,TRBJ2-2
d70c08b2b5b823f0f70fe6a1be3a1e9a,test_dataset_3,0.5104367458077625,CASSSLARALSAFF,TRBV7-2,TRBJ1-1
d87ef4ebbb0cd8d4f1beedfd0f214677,test_dataset_3,0.4871799734998671,CASSLAGTGLGAFF,TRBV27,TRBJ1-1
d9e87ada67464734a53acbcc5ea90bba,test_dataset_3,0.5084518037214255,CAITAAAATWAFF,TRBV19,TRBJ1-1
da136d016718e45f6223c6758904c831,test_dataset_3,0.4753809687834662,CASSQLILGRSNYGYTF,TRBV4-1,TRBJ1-2
db92511473035507d9d97ee5c5303a3c,test_dataset_3,0.4825110476830498,CASSSAFAAEAFF,TRBV12-3,TRBJ1-1
dc9f30d5e59a19d181c2893238a7ab9f,test_dataset_3,0.4926804916956088,CASSLALAAEAFF,TRBV5-6,TRBJ1-1
de518b7a23cf3fe8f134bff0fd3f8d82,test_dataset_3,0.4971553355732089,CASSALAGGPLGQFF,TRBV5-5,TRBJ2-1
def89eb28f7702a7fcf7cff47dfe3185,test_dataset_3,0.5012908606339573,CAWITLGGGTEAFF,TRBV30,TRBJ1-1
e02a3aa62d951893a834d64c90ce90fb,test_dataset_3,0.4883532919140346,CASSLLAGAAFF,TRBV7-6,TRBJ1-1
e0e2df8d46adc073a2acd9299df9a312,test_dataset_3,0.4752240299598074,CASSFTSGIIDEQYF,TRBV11-2,TRBJ2-7
e16ad97e27f38cb6bde4e6cd497ad1b8,test_dataset_3,0.481959545192372,CASSSAAAFSTEAFF,TRBV5-1,TRBJ1-1
e22d680964393bad34e7ae9d00c53244,test_dataset_3,0.4931867760040131,CASSFSAAAFF,TRBV12-3,TRBJ1-1
e236f8d01da291972ba6bffea4f171fe,test_dataset_3,0.4836882139413924,CASSLALGISNYGYTF,TRBV7-2,TRBJ1-2
e2e887e4e3a49c3b4e017daec59cfef0,test_dataset_3,0.5237461777472284,CASSLGDLTGGALYGYTF,TRBV5-1,TRBJ1-2
e320f597fb83ebd97405b224231b98eb,test_dataset_3,0.4892929633529581,CASSLIPGGLIPGAFF,TRBV27,TRBJ1-1
e3878a94c95984fff42ba2369f15d8a7,test_dataset_3,0.5133044406542976,CASSALRAAMAFF,TRBV6,TRBJ1-1
e3ef05a3c36915fc7c04bb44c9b3bb00,test_dataset_3,0.5109968217582245,CASSLAGLAGGSGQFF,TRBV7-8,TRBJ2-1
e431033492b4542f94f8942558679c11,test_dataset_3,0.4990794881352057,CASSQDTTVSGNTIYF,TRBV4-2,TRBJ1-3
e4e73b9042bcf8d3f67b086fde07405c,test_dataset_3,0.5085099331682923,CASSAGLAAFF,TRBV7-2,TRBJ1-1
e562ed7d590fba8826285b9e9275f63b,test_dataset_3,0.4892009988832987,CASSIAGLAGPLGTQYF,TRBV19,TRBJ2-3
e6a26df8770601729ce84eaa022c4531,test_dataset_3,0.487233084962692,CASSDGNTLSGNTIYF,TRBV10-2,TRBJ1-3
e6cabb0393a1c78272774c0e0d6bf661,test_dataset_3,0.508993100577793,CASSINGLAGAIGANVLTF,TRBV19,TRBJ2-6
e760893b9fb02f81276ea5d938a16583,test_dataset_3,0.520645742971136,CASSLGAAGGAFF,TRBV7-9,TRBJ1-1
e7c6e2595741b65c1ea80b7269fb0b4e,test_dataset_3,0.5050349469240623,CASKEPGTAFYEQYF,TRBV6-5,TRBJ2-7
e7d49ad4d8dbc183d8a8b0cd4827b725,test_dataset_3,0.5192817251141449,CAISARLAGAHGANVLTF,TRBV10-3,TRBJ2-6
e853bda03b1f2476f41ba02033342a00,test_dataset_3,0.5146923663780797,CASSSLAGAIVGTGELFF,TRBV7-2,TRBJ2-2
ea233fb179751a76781cb163b57c5e1f,test_dataset_3,0.4986158092165654,CASSAGAGTGLAGANVLTF,TRBV7-9,TRBJ2-6
ea38355a48a6e766c304ffc97d844b90,test_dataset_3,0.4899901167897871,CASSLAGLAGGQGSHF,TRBV7-9,TRBJ2-5
eb13923ac361734812a44ce8820936a7,test_dataset_3,0.5098814441601064,CASSGASSLLAFSAGELFF,TRBV5-8,TRBJ2-2
eb3a454ed5f31e8453b99c30de70c863,test_dataset_3,0.4807501242425671,CASSSGNTFSGNTIYF,TRBV10-2,TRBJ1-3
eb4ce0606aba1d54d7e6d783293752f0,test_dataset_3,0.5068850987807546,CASSLAGAGGLFF,TRBV5-1,TRBJ1-4
ec98e9fb1f9d9245c0ec964ba619c18d,test_dataset_3,0.4845627979494631,CASIDLGTGAAGEAFF,TRBV5-8,TRBJ1-1
ed73f8209ab8028cf43bcc0eb9b5a078,test_dataset_3,0.5120685216536708,CASSLTGALAGGTGELFF,TRBV5-6,TRBJ2-2
ed80f89bc51b39358b9e6c44aee387b8,test_dataset_3,0.5239427596962977,CASSLLTGLPGGFF,TRBV5-6,TRBJ1-1
ee5d5b5e657181fc822667218a535ca7,test_dataset_3,0.4920230579851536,CASSADGQISGNTIYF,TRBV2,TRBJ1-3
eeb5f36169305348febc28471733527e,test_dataset_3,0.5231657043321837,CASSLGGFLAGSVNEQFF,TRBV12,TRBJ2-1
eeec469e655fee7b446481917375fab7,test_dataset_3,0.5080654302510358,CASSSIALGVDNYGYTF,TRBV7-9,TRBJ1-2
f05351b1010e59933a35c3a99fec4879,test_dataset_3,0.497184102778526,CASSQFRGGLINEQFF,TRBV4-2,TRBJ2-1
f0efd455c45e439f3da5ebf629ffea55,test_dataset_3,0.4924360269667569,CASSLATSAGAFF,TRBV19,TRBJ1-1
f12a7b021e62e4f728a69a649e23bf20,test_dataset_3,0.4898431528104049,CASSLAGAAAFF,TRBV7-6,TRBJ1-1
f15e474c7372f33acfe0abc1ed75e24f,test_dataset_3,0.5173842193594124,CASSLGVIAGGLAGELFF,TRBV7-2,TRBJ2-2
f1af519e8547ed716ae9aebdcd777375,test_dataset_3,0.5111839319569861,CSARRLAGGREFYEQYF,TRBV20-1,TRBJ2-7
f215672780aa671323cd09809fefd7a1,test_dataset_3,0.4917704024433894,CSATPLWAAASAFF,TRBV29-1,TRBJ1-1
f25738d0cb57e1e729b995a1b770a693,test_dataset_3,0.486494246004334,CASALAGMAFF,TRBV6-5,TRBJ1-1
f2b18f0a8b413b4928cac37ba13aae61,test_dataset_3,0.4879368058494376,CASSLGGIIGALGTEAFF,TRBV19,TRBJ1-1
f34a29f6ea95d029712cca078893e4ea,test_dataset_3,0.4874766824710678,CASSHPAGRAFYEQYF,TRBV4-1,TRBJ2-7
f49283788e1bcefa8ef335aa80e5df42,test_dataset_3,0.4953266199102978,CASKTLTGADHYGYTF,TRBV6,TRBJ1-2
f5320d4655b3e0a3c4c86ac856b8af7e,test_dataset_3,0.5027458652171187,CASSLGGPAGLF,TRBV11-2,TRBJ1-1
f5d388bf1c02a3c36b14f84b95f94c8f,test_dataset_3,0.4785540374992849,CASSLGGLAGALL,TRBV12-3,TRBJ2-7
f5d3ebb126939f1729a1a32939d98a45,test_dataset_3,0.4829318718345207,CASSPDLQAADYTF,TRBV18,TRBJ1-2
f5f09b2b91a9f46f724a984c27479a70,test_dataset_3,0.5067171423414152,CASSFGSSGLAGLF,TRBV12,TRBJ2-1
f666707bf128c7a7c534249f92213ddd,test_dataset_3,0.4899416267781906,CASSLGGPAGLF,TRBV11-2,TRBJ1-1
f6f851b500d5df473942fd7d1ed0e367,test_dataset_3,0.5093396789191893,CASSLAAGAAFYEQYF,TRBV7-2,TRBJ2-7
f8d197f1c4a861211f686242ab51ea73,test_dataset_3,0.5174713672215034,CASSDGNTLSGNTIYF,TRBV10-2,TRBJ1-3
f9a9a373a2612754d2e7cc07b58b91d8,test_dataset_3,0.4885335642419506,CASSLASTGLGAFF,TRBV5-6,TRBJ1-1
fa30035383cf373a8613a44ec42a5266,test_dataset_3,0.50698616482216,CASSAAGGAFF,TRBV5-4,TRBJ1-1
fa56b29cb78604cc2a494f2b47c0938e,test_dataset_3,0.4842799232115137,CASSLATSGAAGLFF,TRBV7-8,TRBJ1-4
fb04b86c28bfe45cbc7a792fdf406a46,test_dataset_3,0.4992149808955341,CASSGLSGAF,TRBV2,TRBJ2-7
fc4e7a75dcbc25ab05634566fc66d6ca,test_dataset_3,0.4981584789669169,CSAREAGLAGALYNEQFF,TRBV20-1,TRBJ2-1
fd14d04597d1cdf11254ba13f9b4c71a,test_dataset_3,0.494199884212748,CASSILSGGAGFF,TRBV28,TRBJ2-1
fd1ba41e7a4fae567675b9ea5c757c03,test_dataset_3,0.4934066731260295,CASSLASGGSIF,TRBV7-9,TRBJ2-1
fe43a54440369feebf79d5b1017efba0,test_dataset_3,0.4907320866749928,CATSVLTGAVMGTGELFF,TRBV12,TRBJ2-2
fe47d786705b124ee75e76dd970e7290,test_dataset_3,0.4856722053784849,CASSLAGSATAFF,TRBV7-9,TRBJ1-1
feeae51e9d8974bc5048175d2300cfac,test_dataset_3,0.5071619790380161,CASSLGAAGGFAEAFF,TRBV5-1,TRBJ1-1
fef053aa6ddabf5d3c7f4c18f9b08a99,test_dataset_3,0.4776651192034056,CASSLALGIANYGYTF,TRBV7-2,TRBJ1-2
ff42cbc3605d26e8905cb98f19986321,test_dataset_3,0.4956430611053249,CASSLAGTLTYNEQFF,TRBV5-6,TRBJ2-1
ff909b16caa56f22e639950969df8d3e,test_dataset_3,0.513707751305222,CSASGLAGGFAGELFF,TRBV20-1,TRBJ2-2
00928f0504ea4391b30a769734aa5184,test_dataset_4,0.4844464262131998,CASRGGKGGGESGGDDEQYF,TRBV27,TRBJ2-7
00c214a19f2a4f08833f1c0475baf6ae,test_dataset_4,0.4830210716262099,CATRRGGGGGGEQYF,TRBV24-1,TRBJ2-7
0151f6abca4e4b25849e0f2cea9633cd,test_dataset_4,0.4896565167420635,CATSDGDRGGGRQYF,TRBV24-1,TRBJ2-7
01bb35c54ff440e1b8f0d01e15cc8162,test_dataset_4,0.511749741293071,CSARGGGGGGCARDF,TRBV20-1,TRBJ2-7
022bb36eed2a424195b63acdccaac35b,test_dataset_4,0.5080626605520936,CATSDGGGGGTVF,TRBV24-1,TRBJ2-1
023111d9fde140838dec979874e44567,test_dataset_4,0.4953041270643501,CRSHRRGGGYTF,TRBV6-5,TRBJ1-2
061d90bfd74342eba36618738cf4622d,test_dataset_4,0.526618398312868,CATTRGGGGGELFF,TRBV24-1,TRBJ2-2
0686dafc16ad47c19bb142158201c9ac,test_dataset_4,0.5023703728521055,CVEGGGGGYTF,TRBV5-6,TRBJ1-2
087c467a25fb4b6e8dcdcb64a615c857,test_dataset_4,0.5008786644162239,CASTATGTGGGGELFF,TRBV19,TRBJ2-2
08bc37f6cf474e6db64bf85cbe6405ed,test_dataset_4,0.5402260729540853,CATSDFDRGGGGGTDTQYF,TRBV24-1,TRBJ2-3
08c00164158f4a169c0e6fe60075ebcd,test_dataset_4,0.4863466603982346,CASSRRGGCGDGYTF,TRBV3-1,TRBJ1-2
0907223d1208495390bbc2705819f7dd,test_dataset_4,0.5315322971399963,CATTTSGGGRELFF,TRBV12-3,TRBJ2-2
09d8ce6cba41435e962024c31e38637d,test_dataset_4,0.5287048633423839,CATSDGGGGDTGELFF,TRBV24-1,TRBJ2-2
0a8c5471480a46c7ac2edd9431be4c97,test_dataset_4,0.5096603810116066,CSRGRYF,TRBV29-1,TRBJ2-3
0ac8d2110a3b4425ba7aea3a83217f97,test_dataset_4,0.5390480177369696,CSARDRGGGGGGNTEAFF,TRBV20-1,TRBJ1-1
0c12d1d1e3e243b2b69b7a1e23f948d4,test_dataset_4,0.4811919180144641,CRGRGDGYTF,TRBV5-1,TRBJ1-2
0cc6095d44984934b123a28c29a5d581,test_dataset_4,0.483019335096628,CRGGDGYTF,TRBV19,TRBJ1-2
0dbbd67cb27048e6b30ab904729d2cbc,test_dataset_4,0.5738077314310605,CAVTGGGGNTGELFF,TRBV7-9,TRBJ2-2
0e8f50daddaf470191912bf41be8dc93,test_dataset_4,0.5691015774786359,CASGGGGDGYTF,TRBV12-5,TRBJ1-2
0fb614c5e3c64e7d869a34ca320709e2,test_dataset_4,0.5492660226440621,CRDDRRRDHEQYF,TRBV20-1,TRBJ2-7
0feb307ef06b4ee699bc411044540e66,test_dataset_4,0.5179375570940185,CDGDRDGYTF,TRBV28,TRBJ1-2
10a7f0f561984b38b12cd531cacc0209,test_dataset_4,0.4842428558580093,CRRRRGSTDTQYF,TRBV20-1,TRBJ2-3
11315b11e94f4621990f6c6c1e329469,test_dataset_4,0.5218146105945207,CATSDGDGGGTDTQYF,TRBV24-1,TRBJ2-3
11497bff6fa14cbeaf4cbc9ee5f83c66,test_dataset_4,0.4787901802463588,CATSRGGGDDGDTGELFF,TRBV15,TRBJ2-2
11f0bc67d56b4336a1013aacc67182c8,test_dataset_4,0.4877855181988899,CGRDGDDDLETQYF,TRBV11-3,TRBJ2-5
12ff678f2ea846b09a18484c5d857a74,test_dataset_4,0.5242074087173936,CASDGGGGGRELFF,TRBV28,TRBJ2-2
133d387013c44c6fa7b7929dd2be9e1b,test_dataset_4,0.5886074657464031,CARERGGGGYTF,TRBV19,TRBJ1-2
14b502520c7a42beb90c29efbdb1d9f5,test_dataset_4,0.5864870265937752,CATSDDGGDGYTF,TRBV24-1,TRBJ1-2
14c662cfd35d4ad598e1719941cab92c,test_dataset_4,0.5363817234321108,CRRGGYTF,TRBV5-1,TRBJ1-2
158bfbcd5fd14fedacc2fcaaf65b6437,test_dataset_4,0.4995273027150565,CSGDRDRGGGGANVLTF,TRBV29-1,TRBJ2-6
16cf674127f040f2848b771b19f5170f,test_dataset_4,0.5603057705221732,CATSRDRDRGYF,TRBV15,TRBJ2-5
175174730ed347da9aaa95bfc30bad9f,test_dataset_4,0.5897697740424478,CRRGRRAFF,TRBV7-9,TRBJ1-1
17f6c152ead64dcbb66a9b3a54dbb1da,test_dataset_4,0.5223507666989295,CRTGRYF,TRBV20-1,TRBJ2-3
1835883d5df24e83a17960d184196809,test_dataset_4,0.4838829422592662,CSVGGGGGGATRNTEAFF,TRBV29-1,TRBJ1-1
1836861bd6634668bc5d41fd89c6364f,test_dataset_4,0.5430663080842668,CDRGGYF,TRBV6-2,TRBJ1-3
186932b711f24dee9da353280865f627,test_dataset_4,0.5185625817888169,CATVNGGGGGRGGELFF,TRBV24-1,TRBJ2-2
195424ea1cfe4671aeceed489b60420b,test_dataset_4,0.5363486313426916,CASSENEVGGGGGYTF,TRBV6-4,TRBJ1-2
19a1878e23ac4e468a9eb8876d90184b,test_dataset_4,0.511994721184201,CAIVVDGEDGDQPQHF,TRBV10-3,TRBJ1-5
19cbab74ebe94febb5e78060d90fc354,test_dataset_4,0.4832235279326744,CSVGVRRDRGRDDF,TRBV29-1,TRBJ2-7
1a07bfe0ce024bf6b304e2ad9cc5d713,test_dataset_4,0.5408103467971331,CGRRRRYF,TRBV10-3,TRBJ2-7
1acfa37d117f4fcbae02aa4d586e7b1f,test_dataset_4,0.5054319027197957,CSAGGGGGDDEQYF,TRBV20-1,TRBJ2-7
1b59dac287f344d580faf4046aa53701,test_dataset_4,0.4986393792345813,CTPRRRYTF,TRBV10-3,TRBJ1-2
1bb2deff39894e10b0900d063214b688,test_dataset_4,0.5381167989081733,CARVATGGDGGNEKLFF,TRBV5-1,TRBJ1-4
1c6f1b7d2a2a4d6e8857de7fcb2603c4,test_dataset_4,0.5262662227981805,CSARDDGGDGRETQYF,TRBV20-1,TRBJ2-5
1d28d5b85e4e4b98b8667903d1a18270,test_dataset_4,0.5674627134594319,CRGGGYTF,TRBV6-1,TRBJ1-2
1d2eabe7986f4631a1a7e1cc1794b26e,test_dataset_4,0.4772863337186897,CASRTRTGGGGGEAFF,TRBV27,TRBJ1-1
1dabd52ec1db4b6ca7f9e52fa85c2407,test_dataset_4,0.544930252625219,CASGTGGGDGYTF,TRBV7-3,TRBJ1-2
20f16642e2e64f739503cd8c691b087b,test_dataset_4,0.5640274287935163,CATSRGDGGGGGYTF,TRBV15,TRBJ1-2
2330388aa5124985983e804ce40e7bab,test_dataset_4,0.5077367431370142,CATSEPGDGGGGDGYTF,TRBV24-1,TRBJ1-2
24b79d1d33fc492797ebcb7af5f6e480,test_dataset_4,0.5757300501174207,CDDRGDGYTF,TRBV25-1,TRBJ1-2
24c44e2c985d4a6d928268ba54ddab9d,test_dataset_4,0.4709031584323845,CSARGGGGDGGELFF,TRBV20-1,TRBJ2-2
250cb06587124fd88575b2574a9748bd,test_dataset_4,0.5516042197223935,CRPGGDGGGGDNTDTQYF,TRBV20-1,TRBJ2-3
257984df1f1e48d9abdf00e2a37c3d3a,test_dataset_4,0.5013543794628065,CATTTTGGGSGYTF,TRBV24-1,TRBJ1-2
26c830b2d78e41abaccad758becb665d,test_dataset_4,0.5033037328694948,CAAGGGGDF,TRBV4-1,TRBJ2-7
27e45c435f5b40ffb1b2bf048115561a,test_dataset_4,0.4717697904646669,CSVVVDRGRLIKYRGGELFF,TRBV29-1,TRBJ2-2
28b67d3e8c87426caca40b4cc0e70495,test_dataset_4,0.5192944445205006,CAISSDRDRGGGTDDGYTF,TRBV10-3,TRBJ1-2
28fb1f6b58444435bd9d97b196eee6df,test_dataset_4,0.569186232222033,CAIDGGTGDGGYTF,TRBV6-5,TRBJ1-2
2962844d5020428e8589e08046e934ac,test_dataset_4,0.4937553009027913,CSARDRGGGGDF,TRBV20-1,TRBJ2-7
29f14c4d01634066b8c550091699ec27,test_dataset_4,0.5564506033576557,CASSRRGGGREDDEQYF,TRBV7-3,TRBJ2-7
2a185b7a08b64a73b670000fc9c588ee,test_dataset_4,0.5129648937042705,CASSGKDGDRDGGYF,TRBV13,TRBJ2-7
2b0d62c4ddaa467f963f462541bda052,test_dataset_4,0.4956510794966376,CSVDNYDGGGGCSGANVLTF,TRBV29-1,TRBJ2-6
2e20b6d1c34b4d8da9b70522c58df022,test_dataset_4,0.5719199421870024,CSARDEGGDEGGYGYTF,TRBV20-1,TRBJ1-2
2e7d5449c7984cf898b9230085274879,test_dataset_4,0.4773783209621746,CRRRAFF,TRBV30,TRBJ1-1
2e95a7d8b24441f5abc06d313e893cd5,test_dataset_4,0.5946550040342125,CAIVTGGDGGGNTIYF,TRBV10-3,TRBJ1-3
2ee344952a2049b29e2b78ce3ef56b94,test_dataset_4,0.5608299153881696,CSVRDRDRGRYGYTF,TRBV29-1,TRBJ1-2
2f22e9f5a75441b8a85dc70deb6289ba,test_dataset_4,0.5080700429254671,CATTMAGGDGRGYF,TRBV24-1,TRBJ2-3
2f9c5b828189497eb000e0c1eb56bc28,test_dataset_4,0.5413173881568765,CRGRGYF,TRBV6-1,TRBJ2-5
2ff99121c8a64067b801a19c4682bd99,test_dataset_4,0.5908173163854378,CASSDEDGGDGYTF,TRBV6-4,TRBJ1-2
3059f6bb865e48baad70b0e0b83a4892,test_dataset_4,0.493748464415716,CTKKRHRDKRGRRRLDEQYF,TRBV20-1,TRBJ2-7
30a1b39cf58e4b7a828e1c71a9bc27bf,test_dataset_4,0.5162504633347932,CATSDEEGGGGYTF,TRBV24-1,TRBJ1-2
30ef35344f6a415d8641aee767127bb6,test_dataset_4,0.5303592566095351,CATTFDRDRDSGGYTF,TRBV24-1,TRBJ1-2
31431b9100a44454805f031e82c5240c,test_dataset_4,0.4563930496668651,CDGGDGGPGYTF,TRBV6-4,TRBJ1-2
31d9e9d8e9044e54a456337de07854d8,test_dataset_4,0.548898883505992,CSARSGGGGDGYTF,TRBV20-1,TRBJ1-2
31dc6b99c59c4ea9a94ffefac62f8fad,test_dataset_4,0.5262602978619844,CATSDGGEDRGGSGELFF,TRBV24-1,TRBJ2-2
32efc4e800bf439fb59bfcc898d7e9b4,test_dataset_4,0.5032102079794812,CRRPRGRDDYGYTF,TRBV5-1,TRBJ1-2
335ce23f7f1f49b6a46cff75c47eadd7,test_dataset_4,0.4947522854689702,CASSDGDGGGGDNEQFF,TRBV6-1,TRBJ2-1
33f5a3de612841e191eb2a9eacb55eab,test_dataset_4,0.490976567838861,CRRRDYEQYF,TRBV20-1,TRBJ2-7
342a27eecf8842d6a55b334161d9a17a,test_dataset_4,0.530019266255298,CASSDGGGGGGSTDTQYF,TRBV6-4,TRBJ2-3
3435b1d6754648608ff685915c8bf1b9,test_dataset_4,0.5414178094502183,CDRDRGDEQYF,TRBV27,TRBJ2-7
354a4603fbc440f0aede929a858d89e0,test_dataset_4,0.5405912752180483,CATSRDGGGGGGELFF,TRBV15,TRBJ2-2
3631ce8bb873453186f517d136556d17,test_dataset_4,0.487883212938582,CASSDKGGGGGGTDTQYF,TRBV7-9,TRBJ2-3
3640a79f795d45929a9f93a8b677c15f,test_dataset_4,0.4833766995493464,CRSGGGYTF,TRBV11-2,TRBJ1-2
377a0819716d488aaeddb2587b6d22a2,test_dataset_4,0.5230432967140253,CASSRGGGDRKRRYTF,TRBV3-1,TRBJ1-2
380abae35d964139a2125e756e8ba736,test_dataset_4,0.5454439931440892,CATSDPGGGGGGYTF,TRBV24-1,TRBJ1-2
381734409a694eb689cb5dd14fca6a57,test_dataset_4,0.5297309068736322,CASSPPNRDGVGGDGGGDTQYF,TRBV18,TRBJ2-3
38a88bbaa82147848cc33e08dcf18596,test_dataset_4,0.5523383586748704,CRRGRAFF,TRBV29-1,TRBJ1-1
38c0d1ccf6184d0d806226d4dfea0800,test_dataset_4,0.478444450761354,CATTAGGGGNQPQHF,TRBV24-1,TRBJ1-5
3968eecdcb3f4f729315413a874ec08b,test_dataset_4,0.5337182687018744,CATSRETGGGGGYTF,TRBV15,TRBJ1-2
39b800761dfb46fc9fbb41c0f9cf72ee,test_dataset_4,0.5527452680625206,CASTGGGDGGVGTDTQYF,TRBV10-2,TRBJ2-3
39d361793dca40bb96014c279277db9d,test_dataset_4,0.5402960776659979,CRERGRRHEQYF,TRBV20-1,TRBJ2-7
3a8c303e48964f3381dc50e438682823,test_dataset_4,0.5185889170478952,CATDGGGGGEETQYF,TRBV10-1,TRBJ2-5
3b1b3f442814473da3db12266e57f4db,test_dataset_4,0.501632356448127,CGGGGGGGETQYF,TRBV30,TRBJ2-5
3bb866eaba35485e90248e372f710e55,test_dataset_4,0.5308254348976262,CATSRDEDGDEGYTF,TRBV15,TRBJ1-2
3c284c2bbe7b4de9b6256dab24fa7730,test_dataset_4,0.524381598240381,CASSTRDRDRDHYGYTF,TRBV13,TRBJ1-2
3cb17dc7d037499cb33e89958c1a5e90,test_dataset_4,0.5214106718686146,CAGGGGDDYGYTF,TRBV7-8,TRBJ1-2
3d3b37f6705143eeaac955cf75405cac,test_dataset_4,0.5320917506124506,CVREEPLRVRDEQYF,TRBV12-3,TRBJ2-7
3d3eefc9a3da4124b18a94823401542a,test_dataset_4,0.4809049168335558,CASSDRDRGGRRRDTF,TRBV6-1,TRBJ1-2
3f282908e3534f12bf39daa6844f3a17,test_dataset_4,0.5440662857423721,CSVEDGGGGELFF,TRBV29-1,TRBJ2-2
3ffb6c5bb2224a24ac51e71d86f14b9e,test_dataset_4,0.4816667614970874,CASSDDGGDDGVYGYTF,TRBV6-4,TRBJ1-2
400a2eddb95342fdbcc0f44ea56098ab,test_dataset_4,0.4669920111912207,CRRRVLAGGGGNTGELFF,TRBV20-1,TRBJ2-2
40ee66a61ac24163a325acd248ec27a0,test_dataset_4,0.4918287911571776,CATGERRGGRRGEEEKLFF,TRBV18,TRBJ1-4
41125046d25d429f8bc62707dd249fd3,test_dataset_4,0.5014570440381807,CATTRRRDRGDEGEQYF,TRBV24-1,TRBJ2-7
41300f5400e347a1b2044101760ad8ff,test_dataset_4,0.4569707377775586,CDWGRRYF,TRBV24-1,TRBJ2-5
4209c35cc410440891f4280c73c4f4d3,test_dataset_4,0.4739236793529515,CASSDVPTAGTGDGGGKDGGYTF,TRBV25-1,TRBJ1-2
4263179de2e04d62a5f5164cf5f20907,test_dataset_4,0.5348784821025062,CATRRRRRGGTDTQYF,TRBV10-3,TRBJ2-3
435a4bbf08184bc7977a621bd2352e95,test_dataset_4,0.456129951538799,CASTGGGGDGYTF,TRBV7-9,TRBJ1-2
44a846fb9cc44577aa94e4a5f68a4388,test_dataset_4,0.5283705434941888,CATDGGGGFF,TRBV24-1,TRBJ2-1
4666a8ef1d2f445bb6d2cbffc892e766,test_dataset_4,0.4928290598742131,CASSGGRRRDRGGDEQYF,TRBV2,TRBJ2-7
46ad4fec0bb64611b44792d91ecd05ea,test_dataset_4,0.5158820681775654,CASSEEGGGGGGYTF,TRBV2,TRBJ1-2
4722a7939d9b432695117d32bf3663d7,test_dataset_4,0.4898108728930201,CTVKGGGGRGYTF,TRBV20-1,TRBJ1-2
473dbc71cab943b9bd489ab06b49f34f,test_dataset_4,0.5340453618182162,CASSDDDRERRKRYF,TRBV6-4,TRBJ2-7
49c62ce404344a7294c9a4654771d8f4,test_dataset_4,0.552095722979181,CATSRDGDRRARSGDGGGGETQYF,TRBV15,TRBJ2-5
4d60660f672644a1a495ff843cd25bce,test_dataset_4,0.4575231101560787,CATSRDGSGGGDTGTDTQYF,TRBV15,TRBJ2-3
4d612805c75544c895315a3052a9c17c,test_dataset_4,0.524366382936465,CASSRRTRGGGDDYGYTF,TRBV6-1,TRBJ1-2
4d95e7eb3c544700b4e89dd763527c2a,test_dataset_4,0.5582528921180361,CASSSSTRTGGGDGYTF,TRBV7-9,TRBJ1-2
4e7fbc54171e4d60b5852deb6e53f3a4,test_dataset_4,0.539993874484512,CSVGTGGGGGELFF,TRBV29-1,TRBJ2-2
4fe161d1e3564e72825ab9b9ec6d49fb,test_dataset_4,0.5242927990399632,CDDGGDSGYTF,TRBV25-1,TRBJ1-2
5024035bfd5a48a3ad7079314aa1b41b,test_dataset_4,0.5196188927578228,CATSSGGGGGDEQFF,TRBV24-1,TRBJ2-1
505db2dcf4e34e59bc2bc07ce184c6e8,test_dataset_4,0.535986232079329,CGRRGRRYF,TRBV28,TRBJ2-3
5208b3e730cb4edd98f8cf6de2f4f169,test_dataset_4,0.5835258986791948,CVRRDRGGGDTDTQYF,TRBV30,TRBJ2-3
52ee6c904d32444fb2f0729f8918584f,test_dataset_4,0.5580206730262162,CASSSRRRRREVDDGYTF,TRBV13,TRBJ1-2
52f56c1161684406b5d99edbe9735503,test_dataset_4,0.5565194644420982,CASMVGRRRGGGGGTDTQYF,TRBV5-6,TRBJ2-3
52fecea8012b4d5daea331a126518970,test_dataset_4,0.4718118809003361,CATSRDGGGGDYGYTF,TRBV15,TRBJ1-2
53283eba721b4e5d8baa137ff78a582f,test_dataset_4,0.5724834169114439,CRRRRQFF,TRBV29-1,TRBJ2-1
567a1b31c33a4351a960c3fc5ad5f905,test_dataset_4,0.4867599434467457,CTEVRDRGRDYGYTF,TRBV20-1,TRBJ1-2
56c12cdb21b5438e971459b421482847,test_dataset_4,0.5393296335888178,CRGGRRRHYGYTF,TRBV20-1,TRBJ1-2
570c0213793642c99eecacd83f9c8598,test_dataset_4,0.4663431780309486,CDRGGGGYTF,TRBV25-1,TRBJ1-2
574af61989324558a0ce8613e7745ea8,test_dataset_4,0.5534062883178235,CSDGGGGGGTDTQYF,TRBV20-1,TRBJ2-3
5906486170814075ad99806c01377323,test_dataset_4,0.4792616005767748,CSGGGGGRTLHF,TRBV29-1,TRBJ1-6
59baf793523445ca988fbd069238003b,test_dataset_4,0.4790269313085162,CATSRDRDRGRGNTIYF,TRBV15,TRBJ1-3
5ab8463eb74f479f93c9d2c4a48bc2e6,test_dataset_4,0.5039241425595664,CRRRWYF,TRBV7-2,TRBJ2-7
5aba38c6ce904aa28c082a3ed1c9bfcf,test_dataset_4,0.4599120112449051,CATRLADGGGGTDTDTQYF,TRBV24-1,TRBJ2-3
5c98f1b7895e4811910d353423987a19,test_dataset_4,0.4923404676197984,CATSRDGKGEGVGTGGGGGYTF,TRBV15,TRBJ1-2
5cb6dc34da8844b58657eb5ae29f70d3,test_dataset_4,0.4865503883669735,CSARGGGGDRGGGVEQYF,TRBV20-1,TRBJ2-7
5cfd88d73ae84f89a196bc80fb703a78,test_dataset_4,0.5376225010344364,CASSVKGGGGGDDDNEQFF,TRBV9,TRBJ2-1
5d93ace86cd74ccbbf146fa60fb11f51,test_dataset_4,0.5278196015165707,CPRRGGKRRTNYGYTF,TRBV19,TRBJ1-2
5d9a5ab0c96f4acf82c4798b64de7cd2,test_dataset_4,0.5059484300940759,CSVDGLDRDDGANVLTF,TRBV29-1,TRBJ2-6
5de9b2194480465daf40768bc1c76c43,test_dataset_4,0.5243702156649811,CRGRRYF,TRBV7-9,TRBJ2-3
5e32fd91664e4ac892692f16cbf33778,test_dataset_4,0.4625494932738206,CATTPGTVGGGGGRHYGYTF,TRBV6-1,TRBJ1-2
5e65fe95c6ed4aedb65fc90276d4d265,test_dataset_4,0.5099202726629718,CGGGGGRDNEQFF,TRBV12-3,TRBJ2-1
5fe1e3debf014052a39948c7bbb47e33,test_dataset_4,0.4714399101327188,CASSSGGGGGERGTGDTQYF,TRBV7-9,TRBJ2-3
6030d17d648e4abaa5c8f846f7206234,test_dataset_4,0.4893879868638833,CATSRDRDRDTGELFF,TRBV15,TRBJ2-2
62a2c619ae4f4a5ba36b4b56c569f99f,test_dataset_4,0.5623072410955746,CATRDRGRGGGYTF,TRBV24-1,TRBJ1-2
62efe7a9c2104a0b8109b8cccacc3c7c,test_dataset_4,0.5254810068952898,CDTGDDGYTF,TRBV11-3,TRBJ1-2
6305f9c9234a4cb183b95b7c56cd7339,test_dataset_4,0.5486829820068783,CASIRGGGGGDGYTF,TRBV5-4,TRBJ1-2
6385f91211974eb9b9a746563b7dc7e7,test_dataset_4,0.479621152304464,CASSRNRDGGDDGGSSPLHF,TRBV27,TRBJ1-6
63f2f149546e4ec997844e8b5bcf8245,test_dataset_4,0.4888638840639047,CSVEDRDREDRNYGYTF,TRBV29-1,TRBJ1-2
64ba4be9915f402d8e37f78722875fe1,test_dataset_4,0.5748524745612124,CATSDGGGGGGHEQYF,TRBV24-1,TRBJ2-7
664ce19eb8304cc1b7fd0704a7891368,test_dataset_4,0.4731493937751326,CRDRGRGRTGELFF,TRBV20-1,TRBJ2-2
666b501491424390903ec255c5ef9814,test_dataset_4,0.5418743488640899,CHRDRDPGYTF,TRBV19,TRBJ1-2
67feef8d42aa4920a061fa3526ca6497,test_dataset_4,0.5193588371079945,CATSSGGGDGGYTF,TRBV15,TRBJ1-2
68f63ffc3c5249c6b969bdde276a12a5,test_dataset_4,0.5456392861591184,CASSDEGGGGGGDTGELFF,TRBV2,TRBJ2-2
692b57c80de54c7fa0a13d7d406fd36b,test_dataset_4,0.5576213339915619,CARGGGGGGEQYF,TRBV5-1,TRBJ2-7
69b87af0f7524757892420876dbaef94,test_dataset_4,0.4854954524430328,CATSGGGGGDEQYF,TRBV24-1,TRBJ2-7
69c67448ec27417ba9cd043f146c7ae0,test_dataset_4,0.5587311226144485,CASRGGGGGGTDTQYF,TRBV12-3,TRBJ2-3
6a0ea51706c0414e9de675cee19e15f9,test_dataset_4,0.5309413235262058,CVAGGGGGDNEQFF,TRBV5-4,TRBJ2-1
6a6860eaa3d541ec808b76d9187da9f2,test_dataset_4,0.4542195850469285,CTLRDRGDRDGYTF,TRBV20-1,TRBJ1-2
6bda729295ed4bf3973a1f03ff36bd9d,test_dataset_4,0.5095150090458846,CATSDRSGGGGGDQPQHF,TRBV24-1,TRBJ1-5
6bdae59cf9504244bd28efdf567a6b80,test_dataset_4,0.4824820936742877,CASSSDRDRDGYTF,TRBV7-9,TRBJ1-2
6c5d752332a4426c9779cea4b0daae2a,test_dataset_4,0.4898278484602951,CSGTGTGGGGEAFF,TRBV29-1,TRBJ1-1
6e0bbf1b329b49bb97827f1a834a3902,test_dataset_4,0.5342272506771443,CSVGDGGGGYTF,TRBV29-1,TRBJ1-2
6e0c90308922490bbf8419ccf2c347c5,test_dataset_4,0.5578497000020618,CRDRGRFF,TRBV6-1,TRBJ2-1
6e95a87eca234d15bf364e16a3de1b80,test_dataset_4,0.5871575393731157,CSVVGGGGGGTDTQYF,TRBV29-1,TRBJ2-3
6ecf69e3e2494edd94a185c82926b4ca,test_dataset_4,0.5736697264586313,CTDGRDRGDYGYTF,TRBV20-1,TRBJ1-2
6fe4f67e7eaa4fc4b085394afcde86af,test_dataset_4,0.4883861775824298,CRLDRGGGGDNEQFF,TRBV20-1,TRBJ2-1
7042c4a653074d62bca68cb7e419b5ff,test_dataset_4,0.5586389792405383,CATSDRDRGRKRNYGYTF,TRBV24-1,TRBJ1-2
706fc951fc9948aea96e4431411487c8,test_dataset_4,0.4966760613479445,CAREGGGGGEDQPQHF,TRBV27,TRBJ1-5
707a1caf103c4fc1baa32afe8b5b2da9,test_dataset_4,0.538717343255292,CATTPPPRGRRRGNTIYF,TRBV24-1,TRBJ1-3
71056f67f84c48a4afefd5afd6825fd1,test_dataset_4,0.534297771744657,CASSEDRDRDDGYTF,TRBV10-1,TRBJ1-2
714f7611aece4cb68fb686f3132adf1b,test_dataset_4,0.4940731853064513,CASSEGRRRRRGTGGGYEQYF,TRBV10-1,TRBJ2-7
716c80bc1a224b2285e672bed4b9bf59,test_dataset_4,0.5335512876493217,CSVVVEDGGGTDTQYF,TRBV29-1,TRBJ2-3
719037c6e3a24e8d9634bb3a8f56d2b0,test_dataset_4,0.5175656667288822,CATGDRDREGNDEQFF,TRBV24-1,TRBJ2-1
71d6845acc384958bae9581ff758741d,test_dataset_4,0.5543183627566358,CSRPRRYF,TRBV20-1,TRBJ2-5
71fcf9e3a68f43e2adbe23516e44c56e,test_dataset_4,0.5895925559788264,CATSTGTGGGDEQYF,TRBV6-2,TRBJ2-7
72164a5587114200a1bfa63d305e051f,test_dataset_4,0.5360788634226253,CATRRDRGRRSRSGGNTIYF,TRBV24-1,TRBJ1-3
72689054383b4671ac2f856ac2848a8d,test_dataset_4,0.5235292520732117,CATTAGGGGGYEQYF,TRBV24-1,TRBJ2-7
73729604a8c04287a4c7ae5bb7e18eb7,test_dataset_4,0.5008770196495557,CATSRDSGGGGGYTF,TRBV15,TRBJ1-2
73a06c508d6241f99d7fcbbcc2bc5682,test_dataset_4,0.4999410544704689,CATRERGGGGYTF,TRBV24-1,TRBJ1-2
749f4be1ef4c4a3bb78808635a9efea2,test_dataset_4,0.4751372429687416,CGGRRTF,TRBV7-9,TRBJ1-2
7572f1c6501641b8a9741b85254ed5c2,test_dataset_4,0.5654142260901316,CARGRTRDDGGDETQYF,TRBV3-1,TRBJ2-5
75f2ac5e287045b284d2f49f77efabea,test_dataset_4,0.4799749932779773,CKRGGTGGTGYTF,TRBV20-1,TRBJ1-2
765d81bb33e4498ba5660ff13aab8641,test_dataset_4,0.5522640894372078,CATTTGGGGPGELFF,TRBV24-1,TRBJ2-2
7798a9a3939c416f9e2bf064839af526,test_dataset_4,0.4530356570348857,CASRVGDGGGGYTF,TRBV10-1,TRBJ1-2
77b5f6a6fd474f0192b4b9d0d58c0d3a,test_dataset_4,0.5290496312204596,CASDSGGGGRRQYF,TRBV6-4,TRBJ2-7
78152ae515ba4d96a3323ceac968e903,test_dataset_4,0.488203406551828,CSARDRDGDGGDGYTF,TRBV20-1,TRBJ1-2
7b71398969e0489d903b5ff2f7c8a11f,test_dataset_4,0.5424183820197709,CATSDSGGGGGGTDTQYF,TRBV24-1,TRBJ2-3
7dd245bdd6ce45d4a6e5fcf441511859,test_dataset_4,0.5248951590333671,CASRRRDRGGDYGYTF,TRBV6-2,TRBJ1-2
7e7f646349a74c2c8aa5f5380524b100,test_dataset_4,0.4804803986653678,CGGDGDRGLPDEQYF,TRBV6-2,TRBJ2-7
7eb721a6be9c4ef09d1443ea459aaddb,test_dataset_4,0.5362443603169843,CATTSGGGGEAFF,TRBV15,TRBJ1-1
7edc4ff4ac2243b091fd115d2660be1c,test_dataset_4,0.5349101648473469,CRDRDRGRNYGYTF,TRBV20-1,TRBJ1-2
7ef507a5df7a412288178b65b678254e,test_dataset_4,0.5064961472790832,CATRRRRRRLERELFF,TRBV24-1,TRBJ2-2
8017f1fea1c24695b14768bf60493b3e,test_dataset_4,0.5117811743271944,CASRRRKRRGDEQYF,TRBV19,TRBJ2-7
8055f657993c4cd49fe2f298a10337f0,test_dataset_4,0.4505890059428952,CASSLDGGGGGGYTF,TRBV7-2,TRBJ1-2
81253b74eaae4f3b82537f81a9f2715a,test_dataset_4,0.5189606432061252,CARRRGGGYF,TRBV5-1,TRBJ2-5
8173931cd26c485f96109d367e3cd946,test_dataset_4,0.5320175616753277,CSVGGTDGDGGYTF,TRBV29-1,TRBJ1-2
81e98cbb097b47a8b676c9309ca65a39,test_dataset_4,0.5129427574956746,CATTTGGGGTGTGELFF,TRBV6-1,TRBJ2-2
83d63db610584d0da7da7b6e6b863661,test_dataset_4,0.5136182776272649,CARGKVRSPRTGEYF,TRBV27,TRBJ1-3
841023af87124371a4d0eadabce65673,test_dataset_4,0.5197347307361315,CTTVGTGGGTDTQYF,TRBV20-1,TRBJ2-3
84944feda9e6482eae0286409338bb36,test_dataset_4,0.4808164904980233,CAKRTGGRKRGYTF,TRBV10-3,TRBJ1-2
852c050cf1ab4e908fe0320e1ef8fb52,test_dataset_4,0.4502188090340124,CASRDRDRERYEQYF,TRBV5-4,TRBJ2-7
855cd26410454261a1bdf23657f54d16,test_dataset_4,0.5640335052890518,CRGGGYTF,TRBV20-1,TRBJ1-2
85d5580995e1458eb5b49604f6a5ac8b,test_dataset_4,0.5086781837413068,CASRERGGDGGDGYTF,TRBV2,TRBJ1-2
86b5c544be53489396a7bfa59888e6a3,test_dataset_4,0.5529494819219757,CATPPSTGTGGGGGTEAFF,TRBV24-1,TRBJ1-1
87278a1c881f411daa9b0e3f4a62d0e7,test_dataset_4,0.5593049651527593,CATSEGGGGGVF,TRBV24-1,TRBJ2-1
887e0ad8e3ea46fd92f69d6fa137105c,test_dataset_4,0.5573667360649182,CVRYRDRDVHF,TRBV2,TRBJ1-5
8891b3888d6b4e6d9c15764a023b318c,test_dataset_4,0.586955492315185,CTAGGGGGGGEETQYF,TRBV30,TRBJ2-5
8910984fec7349d2a02117abb7d2b2d0,test_dataset_4,0.5042058907802573,CSVRRDRGRDYGYTF,TRBV29-1,TRBJ1-2
893475c8c92e4e86b3cf30511ee03326,test_dataset_4,0.5189032046135609,CATSDGGTGTGDGELFF,TRBV24-1,TRBJ2-2
89bd7de451d0421ea75cc6694e3d73df,test_dataset_4,0.5571403988784869,CASSDGETRRTSGGGEGYF,TRBV25-1,TRBJ2-7
8a98acb74439480fa54eb59629bd6e8c,test_dataset_4,0.5465922436332877,CASSGGGGGGGELFF,TRBV9,TRBJ2-2
8b7ae1fafab544da85abe8652a57bb3c,test_dataset_4,0.5185704336782123,CSVEDGGGGGGTEAFF,TRBV29-1,TRBJ1-1
8bc3f1bdf47b4ec9ab5aa7a15b5e73ff,test_dataset_4,0.4663857687215979,CASSGRDRDRDDEQYF,TRBV7-9,TRBJ2-7
8c5ec99ae5ed464a884be2fea01c8f83,test_dataset_4,0.5908688275835344,CARVDEGGGGTSTDTQYF,TRBV6-4,TRBJ2-3
8c8d4bdeec354d0b940e8830b1911521,test_dataset_4,0.4949323559736966,CASSTRRDRGGGGGYTF,TRBV5-6,TRBJ1-2
8c8f73b6bb3040918b05fa2bd9c3adce,test_dataset_4,0.5528398642584829,CASRDRGGGGGDTQYF,TRBV28,TRBJ2-3
8f23df1815e24de2911ea0180e809bd6,test_dataset_4,0.5710412256588083,CRGGGGGYTF,TRBV20-1,TRBJ1-2
907d2631dd5342f7afc514840b1b84c2,test_dataset_4,0.5379949362290412,CSVDKTGDRDIGGGNGYTF,TRBV29-1,TRBJ1-2
90bb3315a8c642a5bf3f9eaf7a170d50,test_dataset_4,0.5135799417106556,CASSGGGGGELFF,TRBV27,TRBJ2-2
919e9710a40e488c83bd1033698e79e9,test_dataset_4,0.4922297546252152,CATGGGGGKYF,TRBV7-9,TRBJ2-3
92b7306240a640dfbece156676032da3,test_dataset_4,0.5578464257290087,CAGGGGGDDGYTF,TRBV11-3,TRBJ1-2
9301eb39005a48058a67a328e0bfb0dc,test_dataset_4,0.5373162098360809,CASRRGGDDEGRGYEQYF,TRBV3-1,TRBJ2-7
9316e272f60747f69d24a8e62641ebb3,test_dataset_4,0.4996152787931323,CASSEGRDGGGGYTF,TRBV6-4,TRBJ1-2
9326691f6b914de29cceeea15b6e6c52,test_dataset_4,0.4875614130720607,CASRDRDRDLDTGELFF,TRBV6-1,TRBJ2-2
9426fe03483c4eab89d14bea4064a73b,test_dataset_4,0.5681845345388389,CSARRRRGGNEGDEQYF,TRBV20-1,TRBJ2-7
94479e5fe89c4463a3f72ea927ccc3e2,test_dataset_4,0.5103168065163,CVRDRGDF,TRBV5-4,TRBJ2-7
946edd3e90184074911dfaa636809ef4,test_dataset_4,0.4676585872307999,CASRGGGDGDEQFF,TRBV5-1,TRBJ2-1
94e264bbf7bc44588ca3fab49daa141b,test_dataset_4,0.4695411809929548,CSGDRGGDGYTF,TRBV29-1,TRBJ1-2
9506891d4098455dbd337ba1d98d3c75,test_dataset_4,0.5675730849249464,CATTDEDGGGRRGYTF,TRBV24-1,TRBJ1-2
953a6df32867442580e1e8ab816bd195,test_dataset_4,0.5011355588391574,CATSRDPDGGGGGGGTDTQYF,TRBV15,TRBJ2-3
9566f5c8365a451da09284c736756045,test_dataset_4,0.4918863059000809,CATSRDRDRDYGYTF,TRBV15,TRBJ1-2
956a2a8a72bf49cea0475213c1815db6,test_dataset_4,0.5540233575574985,CRRREQYF,TRBV10-2,TRBJ2-7
95dab73df35040a08d9ae212ed18bca1,test_dataset_4,0.504617549958318,CTVGTGGGGTGELFF,TRBV6-5,TRBJ2-2
96716f76a1ee4e70b59af19602b131b9,test_dataset_4,0.5215885506418723,CATSDDGGGGLTGGENPQETQYF,TRBV24-1,TRBJ2-5
96a7a8e227e24eebba4b17fb2f778eb3,test_dataset_4,0.5315178020732556,CASTGGGGGVVDDEQFF,TRBV7-9,TRBJ2-1
96f457e156a74a699fa50a9919d52b6d,test_dataset_4,0.4668822063572173,CVVPPTGGGGEEDYGYTF,TRBV20-1,TRBJ1-2
97d6f45b84c4436da730a4180326c535,test_dataset_4,0.5112025619383265,CKRGRYF,TRBV20-1,TRBJ2-5
97eca3302bcd40ac82d603d2d1b7c311,test_dataset_4,0.5032154326032046,CGGGGDEDTEKLFF,TRBV11-3,TRBJ1-4
9860455ba34f4f639a8b8d7d394a4170,test_dataset_4,0.4887952675861902,CRHRDRGDGEAFF,TRBV20-1,TRBJ1-1
990972522f9c41b79519bd813780cb83,test_dataset_4,0.5617482014998774,CASRRRDRDDGYTF,TRBV7-3,TRBJ1-2
996bac2db2d64bf5b82508e0049ceef1,test_dataset_4,0.5320837459629258,CASVGGGGGDEYGYTF,TRBV6-1,TRBJ1-2
9afbe779df0f427a8c5c300809668797,test_dataset_4,0.4685593455305996,CRRRGRETDTQYF,TRBV20-1,TRBJ2-3
9e01c5619a29420da59a29fca30e1247,test_dataset_4,0.5089348401034762,CASSGGGGDGDTQYF,TRBV10-1,TRBJ2-3
9e0f458ca99d48acaf1d947f3b59a8d7,test_dataset_4,0.4860129853509433,CASSSSRGGGGDNEKLFF,TRBV6-5,TRBJ1-4
a00b113c24b4430989d481748a821b4d,test_dataset_4,0.5690553613908952,CATSGTGGGGGGELFF,TRBV24-1,TRBJ2-2
a15cca6743e8475bb74c27b55a6d4267,test_dataset_4,0.5715711602637302,CASSLDDDRGDDGYTF,TRBV11-2,TRBJ1-2
a191d98f723948bdb8740affe7144551,test_dataset_4,0.5619954165140769,CRRRGREQYF,TRBV29-1,TRBJ2-7
a1b61c307e8241bc94a8ce2d64d41c90,test_dataset_4,0.4907166408719456,CGRGQRDRYF,TRBV7-9,TRBJ2-4
a23a7fb52229407db34488ae62d5a39c,test_dataset_4,0.4723099666750037,CATKDDGGGGDEQYF,TRBV24-1,TRBJ2-7
a26433f433f04145b8b83c3f51da2d82,test_dataset_4,0.4937603373474812,CASSTSRDRGGGGYTF,TRBV6-3,TRBJ1-2
a336fc8ef9694f9aa13774cd3ad44f08,test_dataset_4,0.5505265274835981,CASSDRDRDRKKYF,TRBV25-1,TRBJ2-7
a3895f082d2444ed8b3efaa194de63ca,test_dataset_4,0.5355648553588432,CATNWDGGDGGGDTQYF,TRBV6-5,TRBJ2-3
a424cf1ca5ee49fe856c9db4fa0e419e,test_dataset_4,0.542464236403297,CARKRRRGGGGNQPQHF,TRBV9,TRBJ1-5
a481578e962f4f2abfa8c80f18635cc3,test_dataset_4,0.5013624717405816,CRGGGVGGGDEQYF,TRBV29-1,TRBJ2-7
a4c37fe450674f6d93669655d7c38212,test_dataset_4,0.5804074546408948,CATRRRDRGGDEQYF,TRBV24-1,TRBJ2-7
a5efdf7a7f7c401ba01ae0608da3a4fe,test_dataset_4,0.5879348530067829,CASSDDRRGDRGDGELFF,TRBV6-4,TRBJ2-2
a69aee596a024d83a82d0099536f9e14,test_dataset_4,0.4958770915467163,CASRETGGGGGYTF,TRBV2,TRBJ1-2
a6a2ddd626794e85a13ab3df24872083,test_dataset_4,0.4638748241789985,CATSDGGGGGEFNNEQFF,TRBV24-1,TRBJ2-1
a845d1fcefab45bcb49ed61c68e40711,test_dataset_4,0.4603587808033859,CASSGTGTGGGDGDDEKLFF,TRBV6-4,TRBJ1-4
a98b209357d94f05bb0a591a5bb78aa0,test_dataset_4,0.5641746708536576,CARAGDRDGGDGELFF,TRBV25-1,TRBJ2-2
aa8b527f62154492b0992fce23b9c8f2,test_dataset_4,0.5742238813923872,CATRRTSTGGGGGCYTF,TRBV24-1,TRBJ1-2
aaedaf267dd74f0483923f30125ed724,test_dataset_4,0.539702046867627,CASSRDRDRDDGYTF,TRBV7-3,TRBJ1-2
acb27397870844b8a0bfb78ea4852177,test_dataset_4,0.5532094710280168,CSVDPPTGGGGGRGYTF,TRBV29-1,TRBJ1-2
ae68649869e34d65bbecec1e59f5acf8,test_dataset_4,0.5409751866869666,CSVDDGGDRGGEQYF,TRBV29-1,TRBJ2-7
ae9e90c00c65454ba672d10c353b1047,test_dataset_4,0.5350274439311455,CATTGDGGGNF,TRBV24-1,TRBJ2-7
af120fa37aac4a0499c614fe5ff3c94f,test_dataset_4,0.4923611708984714,CASSDGDNGDRGRTGELFF,TRBV2,TRBJ2-2
b004c8b248b74e329449bb8f6eaebdc5,test_dataset_4,0.4991691333186386,CSARDRDRGGGGYTF,TRBV20-1,TRBJ1-2
b03bb8f6710f4d63a6eb16995a7ccbcc,test_dataset_4,0.5049059843555191,CATSEEEGGGGSNF,TRBV24-1,TRBJ2-5
b0aa9a7f6ff1419e8a4f8a90ce88af76,test_dataset_4,0.5325129034855169,CASSSGGGGKREDEQYF,TRBV13,TRBJ2-7
b180bf9bd4ef43d9901841b5f7930776,test_dataset_4,0.5579149179036075,CAITTTPRGGGRGTGELFF,TRBV10-3,TRBJ2-2
b1dbaf394fae45bc9b31ebcf9e425fc5,test_dataset_4,0.5134912142941638,CASSRGGGGGDEQFF,TRBV7-9,TRBJ2-1
b23736f438454645a755050770ee4748,test_dataset_4,0.4650036225417333,CAILRCEGGGGGGYTF,TRBV10-3,TRBJ1-2
b2d69cfb80fc48389f63ce3e5b40eb7a,test_dataset_4,0.4928089273756327,CATSDSGRDRGGGGEQYF,TRBV24-1,TRBJ2-7
b2f8f8c059e44fdc84b671516ed7f7e3,test_dataset_4,0.5123334897966569,CATSDDGGGRRTYV,TRBV24-1,TRBJ2-7
b48da83295bb4e7f9007f30a355c314d,test_dataset_4,0.4639191061375107,CARATTGGGDGYTF,TRBV30,TRBJ1-2
b4cbcdb4479c490d9d231c7f180aaefd,test_dataset_4,0.4844628554484649,CATTGGKGGGGYTF,TRBV24-1,TRBJ1-2
b4ef31c90e14458da9c279b14dae7cd3,test_dataset_4,0.5503159159297342,CATTLGGGAGTDGDGNQPQHF,TRBV24-1,TRBJ1-5
b5dbcf7540c94369a4fb040e43843658,test_dataset_4,0.5508568070212356,CASRDRDRDRGDTGELFF,TRBV7-3,TRBJ2-2
b65de4e6c5964b6ebf76fecfaf458c99,test_dataset_4,0.5111830168255543,CASRVVATRGGGGGTDTQYF,TRBV28,TRBJ2-3
b6ac8ad3ac2944ceb2b22fc4503ad656,test_dataset_4,0.5899396925663137,CASSVVAGDGRDGGDNEKLFF,TRBV7-3,TRBJ1-4
b793e3d158ea48a6b7f1296334730209,test_dataset_4,0.4902682842321594,CSARGGGGDGGSGELFF,TRBV20-1,TRBJ2-2
b878aadda3494102b49adc959e58264e,test_dataset_4,0.4789807393675627,CSGRDGRDGYTF,TRBV29-1,TRBJ1-2
b9874fa36cb84bba905f864b419eebbf,test_dataset_4,0.5260863278328749,CSARDRDRDGYTF,TRBV20-1,TRBJ1-2
ba6aed45e5304e9286bfca660eaf05dd,test_dataset_4,0.5577170045642406,CSARDRGGGGGDDEQFF,TRBV20-1,TRBJ2-1
bb8c6d65fb404a46bae291e2f662a320,test_dataset_4,0.4915531704682713,CRGGRYF,TRBV20-1,TRBJ2-3
bb97ced58b9d48289fca06985cdf715c,test_dataset_4,0.5194078744963216,CASSVGGDRGGGGYTF,TRBV9,TRBJ1-2
bcafe1ebb4db41d6acff4c76006d2fa2,test_dataset_4,0.5539974426718924,CTTGGGRGYTF,TRBV19,TRBJ1-2
bd22868512b744b98fc19f6c72cee98b,test_dataset_4,0.5266819025421595,CATSDSGGGGGGEQFF,TRBV24-1,TRBJ2-1
bd99cd23cf9c4ca2b73cbc20b6f1bfcc,test_dataset_4,0.5493928186631536,CSGVGGGGGGLTDTQYF,TRBV29-1,TRBJ2-3
be5d520d11594018ad28033a25e6a443,test_dataset_4,0.4863010366763757,CADGGDRDRGLGGGYTF,TRBV6-4,TRBJ1-2
bea84d2031ec4bfe9b1b452200b67fea,test_dataset_4,0.5400350805556113,CATVHPDRGGTEAFF,TRBV19,TRBJ1-1
bf7ce2168b534311b298cbd7be3c2b4e,test_dataset_4,0.4738916472543895,CATRGDRGGGGGYEQYF,TRBV19,TRBJ2-7
bf85f5068563474aada021bfd6a0d9d1,test_dataset_4,0.5473593650710127,CARRRHRDREYYEQYF,TRBV5-6,TRBJ2-7
c19875907a144884818c5f505f28921f,test_dataset_4,0.5329134782767756,CERDRGSDDEQFF,TRBV5-4,TRBJ2-1
c19de95f3c434782aa3e3eaf767904c7,test_dataset_4,0.5131082118129396,CARDNDNRDRDTQYF,TRBV19,TRBJ2-3
c2dd7b8d492c4b059391faab3bca78d3,test_dataset_4,0.5117915100589916,CATSDDRDRGDGNTIYF,TRBV24-1,TRBJ1-3
c4087c785f064530b1e70565fb2b677a,test_dataset_4,0.5060026288114055,CASSETGGGGGGYTF,TRBV10-1,TRBJ1-2
c4597bb7c8e04626b893e27e47f5f4ff,test_dataset_4,0.4947687504052732,CGGDRGGGYTF,TRBV11-1,TRBJ1-2
c65e91e94049419ab1ecbb0646a33142,test_dataset_4,0.5078624277547009,CGGGGDEQYF,TRBV10-1,TRBJ2-7
c70e5dd0c2534433afb72b9f99d2e20a,test_dataset_4,0.5766090316464318,CASSVGGDGDGGNTIYF,TRBV9,TRBJ1-3
c7125a96cb744a32808099d3818d6948,test_dataset_4,0.5833139194670952,CSVEVDRDGDRDDYNEQFF,TRBV29-1,TRBJ2-1
c71ad54d4b3f4780b4ae237de729b4fc,test_dataset_4,0.579050266556102,CARRRGGGGEETQYF,TRBV27,TRBJ2-5
c729a0a67de743be9fd4837e883878fd,test_dataset_4,0.4939496290638981,CASSGDSGGDGDEKLFF,TRBV6-4,TRBJ1-4
c799c3497be5411690532ba92305947f,test_dataset_4,0.5231424985740021,CRRDRGGYF,TRBV20-1,TRBJ2-7
c82ff6865c6344f4ac44fb5bc911de24,test_dataset_4,0.5394278093653286,CGRRDRREQYF,TRBV2,TRBJ2-7
c83e9bc884f04da7b720d2771c9182ab,test_dataset_4,0.5476078097730338,CARGDREDDGYTF,TRBV6-3,TRBJ1-2
c88732b895df437e8fb853d0308cf2df,test_dataset_4,0.4500259594005129,CASRRTDAGGGGGYTF,TRBV28,TRBJ1-2
ca62f518e3674a62a5ce39452412c099,test_dataset_4,0.4669706237190611,CATSRRRGGGDGYTF,TRBV15,TRBJ1-2
cb79b04e192d47e7a6fb776ab809f082,test_dataset_4,0.5398118649711247,CAGGGGGRDGYTF,TRBV25-1,TRBJ1-2
cc202c65054445d08947f0b9f4ee9d7c,test_dataset_4,0.5457939019392288,CATTAGGGGGHEKLFF,TRBV24-1,TRBJ1-4
cc6b8f885d6c43f0a80baff902fd5078,test_dataset_4,0.4890189073535276,CAWRDRDRGGDGYTF,TRBV30,TRBJ1-2
cda90db82b8543e4a3a252f82dbc2f64,test_dataset_4,0.4965201430853129,CATSEKGGGGDGGGNTGELFF,TRBV24-1,TRBJ2-2
ce3baaf45b4c4d8395970442ada5a99b,test_dataset_4,0.5191878141125158,CRDGDRDTQYF,TRBV6-1,TRBJ2-3
ce69d1a582a24aa5b05c6c757ff8cb14,test_dataset_4,0.4858874692944578,CATSPTGTGPTGTGELFF,TRBV24-1,TRBJ2-2
cec88cf98c2b4c59bbec9540206f8667,test_dataset_4,0.5082253533527975,CRDRDSRDRGTDTEAFF,TRBV20-1,TRBJ1-1
cf841efea8e94eae948ba8a3209eea8a,test_dataset_4,0.5631802079379957,CDRDRDYEQYF,TRBV5-6,TRBJ2-7
cf8f386fb4c84abea95f52949101ea78,test_dataset_4,0.555491400597771,CASRKRDRGGGDGYTF,TRBV6-5,TRBJ1-2
cfbe4ed5027742d1ba87ba206e5a0cc4,test_dataset_4,0.4543054427008822,CAEGGEGGGDYGYTF,TRBV30,TRBJ1-2
d05db0c615574a29951272c71b336e29,test_dataset_4,0.4611631618199375,CATSDGGDRGGGSTDTQYF,TRBV24-1,TRBJ2-3
d0d074656e46458680516a45d9abc273,test_dataset_4,0.5276618847422613,CSARDDRGDGGGYTF,TRBV20-1,TRBJ1-2
d0d1257317ef4c81a5a4b679234c75dd,test_dataset_4,0.5592883305055211,CATTGGDGDTDTQYF,TRBV24-1,TRBJ2-3
d0d4242d86ca4dde913cc8f8d0b3b94b,test_dataset_4,0.4765352082387813,CDRDRGYTF,TRBV29-1,TRBJ1-2
d0e3d38f78d543d6865468ab5220b4c3,test_dataset_4,0.5607673908878217,CASSSSRDRDGGDGYTF,TRBV5-1,TRBJ1-2
d2a362a4c1b14255bb983b756c4a8130,test_dataset_4,0.5271222694388481,CRGRYTF,TRBV30,TRBJ1-2
d2b624cd27e149698f3bbcb344ee5274,test_dataset_4,0.5148987809718202,CSVGGGGGGATDTQYF,TRBV29-1,TRBJ2-3
d2dd4a2a33a8411187f7235f9a53b3e3,test_dataset_4,0.5143738118833207,CRRGDDGYTF,TRBV7-9,TRBJ1-2
d3898c9b396943eba8a8c807ccc7bd03,test_dataset_4,0.4712274176017126,CGRGGGYTF,TRBV11-3,TRBJ1-2
d3e97d1be2554f91a4d69709cd7e5d03,test_dataset_4,0.4803276776970699,CSGGGGGEQYF,TRBV29-1,TRBJ2-7
d43ada23e1f046229db9718baa8a5cd7,test_dataset_4,0.5573579848821502,CARGEGTGTSGDGGDDNEQFF,TRBV2,TRBJ2-1
d4c56953016047f383f31312e912d109,test_dataset_4,0.5289282386560571,CVRETGGCGGGYTF,TRBV24-1,TRBJ1-2
d4e1bff2e73149e0bf291306b48f2660,test_dataset_4,0.4848890682129081,CATTTGTGGNDEQYF,TRBV24-1,TRBJ2-7
d5816aafb5244562944d15c3c816acfc,test_dataset_4,0.5403226200415752,CSVEVRDGGGGGATDTQYF,TRBV29-1,TRBJ2-3
d632566588aa46c9ba5c7d966a87895f,test_dataset_4,0.5415476634946844,CRGGRGDRYF,TRBV20-1,TRBJ2-7
d7627e2952414592ab03c0c10e0d27e1,test_dataset_4,0.4853001651091252,CATRDDGGGDYGYTF,TRBV24-1,TRBJ1-2
d7e3b5e77ac04109b125f3b2d10f35dd,test_dataset_4,0.4729849989500318,CATSGGDGGGRGELFF,TRBV24-1,TRBJ2-2
da4be8b96d33442b8f435087e93c2739,test_dataset_4,0.5185305925411183,CARVGGGGGEQFF,TRBV19,TRBJ2-1
da721bac5ca4403aa96d01f8d1dd4887,test_dataset_4,0.459553566397845,CASSDDRVGGGGTDTQYF,TRBV6-4,TRBJ2-3
da885982629b434da88b532558ce1df4,test_dataset_4,0.5055464265290047,CASSQELDRGGGDDGYTF,TRBV4-3,TRBJ1-2
da8c478e029c4117a0c24101dbc801c3,test_dataset_4,0.482217476100913,CASRDSTDREGGGGGRLFF,TRBV12-3,TRBJ1-4
da9d7c25161845778e9aaf698edb4530,test_dataset_4,0.5044391874122248,CATRTRTRRYGYTF,TRBV24-1,TRBJ1-2
dc3dc23afcab42cc9dfdd13542722a08,test_dataset_4,0.4693619363176556,CATAGGGGGREQYF,TRBV24-1,TRBJ2-7
dc6f28e2422d43c28b1c6d2c51efbca4,test_dataset_4,0.4985804264959092,CGGGGGEQYF,TRBV7-9,TRBJ2-7
dc7d1c2daa89437aa50c5f881532ceb9,test_dataset_4,0.5086173752043447,CATSDRKRRTGGGSGYTF,TRBV24-1,TRBJ1-2
dd298537cf5e452c89ca9a99e358f8bf,test_dataset_4,0.5037248315343312,CATGTGGGGGDSNQPQHF,TRBV6-2,TRBJ1-5
ddb2b29c15ef49f682010ed86bc0ec04,test_dataset_4,0.5422347845670484,CATDRDRGGGGLGYTF,TRBV15,TRBJ1-2
de01132a0bb54c118ec43effa82d946f,test_dataset_4,0.5404006632403876,CSVERGGDDDGYTF,TRBV20-1,TRBJ1-2
df267250e427432580001c862707bb07,test_dataset_4,0.5063411151719861,CASSRGGGGGDTGELFF,TRBV13,TRBJ2-2
df3d79f5d34d4c7d9ac4822d1fb96de8,test_dataset_4,0.5582240045637513,CAVDGHDRGRRRYTF,TRBV6-1,TRBJ1-2
e0480cc91fec477e95370b2df5cf7b07,test_dataset_4,0.5573875460058,CAHDGDRGGGYTF,TRBV6-4,TRBJ1-2
e12e7105a64b425fba5bd8a1de36a070,test_dataset_4,0.5537294159483401,CSGDRGRGDGYTF,TRBV29-1,TRBJ1-2
e275d94586e14a9b8b8d72e558b0212b,test_dataset_4,0.571262023660549,CASTVREGRGDGDGYTF,TRBV6-2,TRBJ1-2
e2827b110e8b43bd9b7741529cbd08ba,test_dataset_4,0.4786440072356631,CATRRGGGDF,TRBV24-1,TRBJ2-7
e3b8193376974456aa03016c5b909a28,test_dataset_4,0.5675214799332104,CATNGGGGGELFF,TRBV24-1,TRBJ2-2
e43870d9e81a41ee95478b40a61e1cb4,test_dataset_4,0.5079911926933818,CIVGGGGGEQYF,TRBV20-1,TRBJ2-7
e4ca03dc948c406a92d7806a8f4f907c,test_dataset_4,0.506034361762694,CATSDGGGGKGVF,TRBV24-1,TRBJ2-1
e59a4da6a6ac432db7217e52a44a73ff,test_dataset_4,0.5550564895082337,CSGVREDDDGYTF,TRBV29-1,TRBJ1-2
e604bccd4a4f45428acfd9c52f619385,test_dataset_4,0.5378915064745258,CRGGYTF,TRBV5-1,TRBJ1-2
e7553bca6bb04508b08950e4427e67a0,test_dataset_4,0.5210709861443759,CEDRLRRHF,TRBV27,TRBJ1-5
e76e98b78c05497091ed523e2335f10b,test_dataset_4,0.519541796820317,CATSRDDRGDGYTF,TRBV15,TRBJ1-2
e776a6ddf52b48159a1f5b391916d5d8,test_dataset_4,0.4535006280863785,CSATTGRGGGGGHAFF,TRBV20-1,TRBJ1-1
e780817d7acc45b8a983bd2202a9023c,test_dataset_4,0.508679715976849,CDRDRVF,TRBV10-1,TRBJ2-1
e7d2ab606a394e1b82949b3cd264de47,test_dataset_4,0.5369546510390508,CATSDGGGGDTDTQYF,TRBV24-1,TRBJ2-3
e7f6a68b63e44bcd9990fb9189c17dda,test_dataset_4,0.4727325043078778,CASSGGGLATRYSGGGGELFF,TRBV18,TRBJ2-2
e7f8c5b842484e16a5c1b7961939e9c5,test_dataset_4,0.4796369615266264,CARTGGGGDGYTF,TRBV10-1,TRBJ1-2
e875bcd2bf6e4e60a531d4184193db94,test_dataset_4,0.4529234066788618,CASSPTRDRGRDRKRTDTQYF,TRBV6-6,TRBJ2-3
e9ea838059304d6991de7ab51b915ead,test_dataset_4,0.4885452475199095,CASRGTGGGDGYTF,TRBV5-4,TRBJ1-2
eb05ea79dd754ea9bc3601d133e7ca35,test_dataset_4,0.5082606153535979,CRLRDRGCF,TRBV7-9,TRBJ2-7
eebb8ff014a848d9a46490ea80744a77,test_dataset_4,0.5405949829336536,CATSRDDSGGGDYGYTF,TRBV15,TRBJ1-2
eee326c0b2ab4f9f916dafa7e3fe523a,test_dataset_4,0.5337588025485452,CGEGGDGGGTGSGNTIYF,TRBV5-1,TRBJ1-3
eeefe2c13fe24bf28a0ce42a3b5c7d02,test_dataset_4,0.5000048929991903,CASSGGDSGGGEETQYF,TRBV5-1,TRBJ2-5
ef56975180c74e41b52ecfd5ac7f6c52,test_dataset_4,0.4934837799623517,CSDGGGGYTF,TRBV29-1,TRBJ1-2
efcab1ed704d4e0e87a2f3b5b6880c1c,test_dataset_4,0.5412476158718771,CATSRDTDRDRGDTDTQYF,TRBV15,TRBJ2-3
efe5613832124e1884ce914a3014883c,test_dataset_4,0.477906742590803,CATTRRGGGGDTQYF,TRBV24-1,TRBJ2-3
f02f310f3a394b97860253ad0bca71ed,test_dataset_4,0.4883284779505652,CATPTGGGDGGTDTQYF,TRBV24-1,TRBJ2-3
f0be9abcad744d8389fcb06f220397b7,test_dataset_4,0.511523635066211,CATSRDRGARDRDDGYTF,TRBV15,TRBJ1-2
f0caa83f841542ae9f389f4717e1979e,test_dataset_4,0.4704354092500726,CATSDGNGDSGGGYTF,TRBV24-1,TRBJ1-2
f10f97dd8ac54362b85339b66af22745,test_dataset_4,0.5344527529589391,CASRGGGGGGEQYF,TRBV6-2,TRBJ2-7
f1bc71cc307a4a2ebb2c2a7a092578ce,test_dataset_4,0.4798001779556798,CATSGGGGGGATNEKLFF,TRBV24-1,TRBJ1-4
f1ea320cb9c5463da19f99ae47e4f1fb,test_dataset_4,0.5378981519017407,CASKRGSDGGGGGNEQYF,TRBV19,TRBJ2-7
f3fc8fac0d114565bc5ca4931270daa3,test_dataset_4,0.5194902988713136,CASGGGGGVGTTGELFF,TRBV6-4,TRBJ2-2
f43078f40c6d4b698268861420ab780e,test_dataset_4,0.5394012414375441,CIRGRGGGDGDNEQFF,TRBV20-1,TRBJ2-1
f514f7fe41e74e9abecf43d016f00782,test_dataset_4,0.5308268956414951,CATSDRDRDGGSGNTIYF,TRBV24-1,TRBJ1-3
f5e552da0e774ea283b57302ecc0cd74,test_dataset_4,0.564712569919317,CGLDRDRGRRGYTF,TRBV25-1,TRBJ1-2
f5eae3a4da914f1e84931396e260c0e2,test_dataset_4,0.5175868781683354,CATSGDGGGGHGYTF,TRBV24-1,TRBJ1-2
f605c6f06f42440d9540215e3cc6e578,test_dataset_4,0.5679669418254183,CSAKGNRGRKRRYTF,TRBV20-1,TRBJ1-2
f70fa7ff0874490aad1a50c0c20955d5,test_dataset_4,0.5779882093357475,CSARDRDGGGDEQFF,TRBV20-1,TRBJ2-1
f75b8ce8d2cb47e98e663fc462966f2e,test_dataset_4,0.5665758631309442,CSGGGGRGGTDTQYF,TRBV29-1,TRBJ2-3
f884566d6ff747f7873c6829fcf8ca7e,test_dataset_4,0.5631998537548593,CRRGREQYF,TRBV20-1,TRBJ2-7
f9b879dc865c4ef9aa02e2585ea45ed8,test_dataset_4,0.5038340548693593,CASSGGGGGGETQYF,TRBV11-1,TRBJ2-5
f9e07827648f418c8d4592dc21356b7f,test_dataset_4,0.5506321503109095,CSARDRRDGGGGNTIYF,TRBV20-1,TRBJ1-3
faedbc63bbcd43569a7be6a7ed0604ff,test_dataset_4,0.5643714120627241,CDRDRDTGELFF,TRBV6-4,TRBJ2-2
fbb01d172c56420a82e2b718c9d8046b,test_dataset_4,0.5847079456143246,CAKRGGGGGEQYF,TRBV10-1,TRBJ2-7
fbd7dca3a2e045d9a9a6e1b1991d9e1e,test_dataset_4,0.5054286639979494,CGKRRRRTDTQYF,TRBV6-4,TRBJ2-3
fbdc46e8c4e64bad8f44070d7da7101a,test_dataset_4,0.4704434143711527,CSVGTGGGGGSDEKLFF,TRBV29-1,TRBJ1-4
fbf4b45ab3754152904294a7555d78ff,test_dataset_4,0.4846140980120562,CPRRDRGEDYGYTF,TRBV20-1,TRBJ1-2
fbfdbc4138124ef685dd375c399521bd,test_dataset_4,0.5495280340568518,CATSRGVGGGGDEQYF,TRBV15,TRBJ2-7
fc522b7a72534f2ebedb5151f7798a98,test_dataset_4,0.4787367163187445,CASTGRGGGGVVF,TRBV10-2,TRBJ1-1
fdeb56accb0542d887b46ca1f2b7ced1,test_dataset_4,0.5489351755177316,CAKRDRDGYF,TRBV11-3,TRBJ2-7
fdf65d979c7749f78d0bd35cb4bf6c0f,test_dataset_4,0.4736911812589282,CSARDVDDGGNTIYF,TRBV20-1,TRBJ1-3
fe612cd92c6f4b8eb5a273378e366e5b,test_dataset_4,0.5287471077960707,CASSEDTGGGGDGYTF,TRBV5-4,TRBJ1-2
ffc7badf7478407f9641fbe07813c3cd,test_dataset_4,0.5601891234646226,CASRDRDRGDEQYF,TRBV5-6,TRBJ2-7
015a76f2259c46748e28dd8776fe5808,test_dataset_5,0.7678351118303207,CASSYGYGGSPYNSNQPQHF,TRBV6-2,TRBJ1-5
022f4177c00548ad90e79281585f3f5c,test_dataset_5,0.6682700259944369,CASSYNQPQGYQPQHF,TRBV6-5,TRBJ1-5
02ab9e85822c43bcb3fe4c7bf4c6559b,test_dataset_5,0.3662019070736571,CASRYGGRGSRGYSNQPQHF,TRBV27,TRBJ1-5
0405af4149db414db89593c77a189de0,test_dataset_5,0.3662853184111635,CASSMGGYGGQGPGYGYTF,TRBV19,TRBJ1-2
040976a55816401e8530305b542f3ac4,test_dataset_5,0.5842798073633915,CASSYSNYEGWGGPSYGYTF,TRBV6-2,TRBJ1-2
057ee0509d8c4128b158d704a2230ea7,test_dataset_5,0.4565377702343467,CASSYRPRDRYRERDYGYTF,TRBV6-2,TRBJ1-2
059304f105fd4679824286fac12069f1,test_dataset_5,0.7189632943712716,CASSYGGRGSRYSNQPQHF,TRBV6-2,TRBJ1-5
059dfefc25b34ac2b361d5e0a52a7a13,test_dataset_5,0.7020731239227052,CASNPGGRGFRGGNQPQHF,TRBV19,TRBJ1-5
06447fd7e6624718beefbe9b7e4444a1,test_dataset_5,0.7539503790197858,CSARGQFGGWGPYSNQPQHF,TRBV20-1,TRBJ1-5
068cf1a37299447e8ae02eb0441aa8bb,test_dataset_5,0.6486686386833211,CASSQDYGRGQGSSNYGYTF,TRBV14,TRBJ1-2
0793722e17bb4dd5a5852d7c075bf521,test_dataset_5,0.4044326681842957,CASSQSYGQYGNYGYTF,TRBV14,TRBJ1-2
07e2dd9cee7c43b0addc0303a153dcd3,test_dataset_5,0.646588223924916,CASSHYGRGGGYGYTF,TRBV4-2,TRBJ1-2
0828f8e883df41ba993188d97adda19f,test_dataset_5,0.6155728010351392,CASSYSYGQGGYYQPQHF,TRBV6-5,TRBJ1-5
0842f9b4090d4137b3ec4159374c5b94,test_dataset_5,0.4009100108049698,CASSYGGGYGYTF,TRBV6-2,TRBJ1-2
085b73e69e0a453c9bcc7569e4033bbd,test_dataset_5,0.672492659994699,CASSYGRGGHSNYGYTF,TRBV6-5,TRBJ1-2
08c7ce220a564e61b80b65ec19904e11,test_dataset_5,0.7790956538316243,CASSSAGGFGINYGYTF,TRBV27,TRBJ1-2
094b8fa6abc74c01886e42d39f345ed6,test_dataset_5,0.6577299357919159,CASSYNSAGRGGYGYTF,TRBV6-3,TRBJ1-2
0950ec9de5b84352a79b2cfddc8f71d2,test_dataset_5,0.4933391577088902,CASSYGQGGGRGANYGYTF,TRBV7-3,TRBJ1-2
096aa5548578421eae995ada12b52ac6,test_dataset_5,0.4124145063935258,CASSFGGGQGYSNQPQHF,TRBV6-4,TRBJ1-5
0af116b524264ec0b83c22b8cd514827,test_dataset_5,0.3457129907261536,CASSRGSYNRGSYGYTF,TRBV12-3,TRBJ1-2
0af1603ff1724e0d8854a3a6f824a706,test_dataset_5,0.539512146691179,CASSYSGRQGNGYNQPQHF,TRBV6-5,TRBJ1-5
0bc22b7c131e44aa9672272be2a67728,test_dataset_5,0.5589092535710597,CASSYSKAGGGGYGYTF,TRBV6-5,TRBJ1-2
0c02beb657e9494c800ccb7e5ecbc9d7,test_dataset_5,0.5549074557742822,CASNSQQGASYGANYGYTF,TRBV25-1,TRBJ1-2
0c37871c1df94e60b8572f73375295a3,test_dataset_5,0.5848229433749826,CASSYNQRGGNRDNQPQHF,TRBV6-3,TRBJ1-5
0c41041b62fd499d9cfec34964cb5caf,test_dataset_5,0.3175374710231038,CASGYGQGGINYGYTF,TRBV28,TRBJ1-2
0dfef8430f13460797fc48efdb97491e,test_dataset_5,0.6781605792247903,CASSHYYQTGGGGGNQPQHF,TRBV3-1,TRBJ1-5
0e17f31c51934e5fb04a903583fc667d,test_dataset_5,0.6184498416928591,CASSPWGGGGYGYTF,TRBV27,TRBJ1-2
0e1de9dc82324b3e992afd33c4f114da,test_dataset_5,0.5373814047659042,CASSWGNGQGQDNNNSYEQYF,TRBV5-4,TRBJ2-7
0e4b4754b39b4a56816ac4a901e88e03,test_dataset_5,0.7109518207241555,CANPQGQGWGGNQPQHF,TRBV5-1,TRBJ1-5
0e9921d21b1c46e5a0ed56f234589e4c,test_dataset_5,0.7884822559668043,CASSYSSGYGRGRNYEQYF,TRBV6-5,TRBJ2-7
1017055a97a445d7b0f808e50ea136fd,test_dataset_5,0.3520111467099435,CASSYSSHYGQGANYGYTF,TRBV6-5,TRBJ1-2
10cab325ec2f4156b4cdb8ad94b9be9c,test_dataset_5,0.4050876062908347,CASSYSDNYRGPNYGYTF,TRBV6-6,TRBJ1-2
11120e9fa867468c9a3e55554b40a94d,test_dataset_5,0.5546730535116086,CASSGYYGGAGYGYTF,TRBV5-4,TRBJ1-2
12206b64c2ab4605a439c075294150ac,test_dataset_5,0.3254534676555846,CASSYGGRGYNYGYTF,TRBV6-6,TRBJ1-2
13cae51545524ec29944207f017e9ea4,test_dataset_5,0.6712055218210523,CYRGRGGPGYSNQPQHF,TRBV20-1,TRBJ1-5
14c527f1cff64bb986091eb1a4318c1e,test_dataset_5,0.563776807467429,CASSFGFATGAGGASYGYTF,TRBV11-3,TRBJ1-2
16ed667dd05c4ca8a71ea60f1635ce57,test_dataset_5,0.7387972703702171,CASSYSINGGGYNYGYTF,TRBV6-3,TRBJ1-2
17593c2e1fbe4c0d8e6a376d806015ac,test_dataset_5,0.3511338135572264,CASRSSTPRGGGGSRGNYGYTF,TRBV12-3,TRBJ1-2
17b1960a7e024173b9cb64a7579e4ef5,test_dataset_5,0.5086378239139162,CASSYTGGYGGLGSSGWDEQYF,TRBV6-5,TRBJ2-7
17fb5345b34843f58a601d590e411de3,test_dataset_5,0.7826105574254786,CASSYQPGQGQYSNQPQHF,TRBV6-9,TRBJ1-5
185dcbdbb27a4c88b590666d14523d7e,test_dataset_5,0.6129515235853135,CAPQFGPGQYSNQPQHF,TRBV5-6,TRBJ1-5
18c627d6f58e4f1f843d196bb0f2cab7,test_dataset_5,0.7070669690313888,CASSYSNSRGGNYGYTF,TRBV6-5,TRBJ1-2
19238e72cf864e98ba898b1a622a5a04,test_dataset_5,0.459854491265483,CASSFGGPPGQGYSNQPQHF,TRBV5-1,TRBJ1-5
196205b3f58e4b4aa8cd2bf9b1952a0f,test_dataset_5,0.3929509980079791,CASRGGGSRGGNYGYTF,TRBV11-1,TRBJ1-2
1962789e1ca24165819b019395fe6a68,test_dataset_5,0.7536014645733051,CASSYQYGQGGSYGYTF,TRBV7-3,TRBJ1-2
19f3d9c392eb45b48cc0272c90be2a6a,test_dataset_5,0.3418627540202143,CASSYMAPGQGGGYSNQPQHF,TRBV5-5,TRBJ1-5
1b04ffab15ae4d489089e56b844b76c0,test_dataset_5,0.6148174884494942,CASSQGPGQGGYNQPQHF,TRBV3-1,TRBJ1-5
1cce605712d04e96970a694861180436,test_dataset_5,0.3343172635404745,CASSYSTGAGGGYGYTF,TRBV6-5,TRBJ1-2
1d7dee4092a74ad59f4f735efb23478d,test_dataset_5,0.3700986360144186,CASSYHNRGGNYGYTF,TRBV6-5,TRBJ1-2
1e5b985054f2472b8335806e4568f3e9,test_dataset_5,0.5656065241040362,CASSYPSGGSQGGGYSNQPQHF,TRBV6-5,TRBJ1-5
20786ffef7cc404e867a9005a927ebb0,test_dataset_5,0.4017213525501924,CASSGSYGGGGVNYGYTF,TRBV11-2,TRBJ1-2
20ee93dd66f642059c4ef0b191e5cf4c,test_dataset_5,0.7599461543054444,CASSYGGGCGYGYTF,TRBV6-2,TRBJ1-2
21910b134a2c4087bafc3c675e650985,test_dataset_5,0.5207952691143432,CASSDGFSSFGGGAGYGYTF,TRBV6-4,TRBJ1-2
21d0fe45767c44f8940a41757eafaf39,test_dataset_5,0.5191623441187453,CASSGGRGQGYYSNQPQHF,TRBV10-1,TRBJ1-5
21fb216e6ebf4842a0c7740eaca2ae92,test_dataset_5,0.3399343776015474,CASSFGGGGRGYTF,TRBV5-1,TRBJ1-2
2274598e77444f6197f8a70a888db9fd,test_dataset_5,0.5680951427082703,CASSYSYYRGGGRGYTF,TRBV6-5,TRBJ1-2
231e1309f2594c269584a4ed6fa2bff1,test_dataset_5,0.6170352606832201,CASSYSGGGSYGYTF,TRBV6-5,TRBJ1-2
2381688a88f6466cae93151f673da179,test_dataset_5,0.4890583341969155,CASSYRGGGGSYGYTF,TRBV5-1,TRBJ1-2
24e21b26df234450aeadbc3b953ba125,test_dataset_5,0.7721637023130973,CASSYGGGGHYGYTF,TRBV7-6,TRBJ1-2
255b9a44ee5b47fe9dca59b2e698b02e,test_dataset_5,0.5101622897839652,CASSYRGRGRDNYGYTF,TRBV6-3,TRBJ1-2
26fcd26f54a447ff9f07e472afc0631e,test_dataset_5,0.6840317309073122,CASSHYSNGQGCHSNQPQHF,TRBV18,TRBJ1-5
271b804023bf4415ab8c03181c878d64,test_dataset_5,0.4171554958207079,CASSSSRGGGTFGGDNEQFF,TRBV7-9,TRBJ2-1
275abb356334487da82793b3e1f8bcda,test_dataset_5,0.611736136703517,CASSSTGSAGYGANYGYTF,TRBV5-4,TRBJ1-2
280fbb469f5746a0a29638ee7eaebb2b,test_dataset_5,0.5313389073077113,CASGGSGGGGYF,TRBV11-1,TRBJ2-3
290ce703bc504e0c8b9fa9612ad3efd8,test_dataset_5,0.3253256158357019,CASHSYPGQGGFHQPQHF,TRBV6-1,TRBJ1-5
29e199af1d3e421bbe0894821e03abcc,test_dataset_5,0.3542388823477491,CASSYGGRGHYGYTF,TRBV6-6,TRBJ1-2
2a43c1f010ea468eb293090e4110a69c,test_dataset_5,0.6305900915597247,CASSYSPGGFGANYGYTF,TRBV7-8,TRBJ1-2
2aafa22a40fd4e4f9ed5d3b3248e48bd,test_dataset_5,0.7358909044953924,CASSQGGGGYGNQPQHF,TRBV14,TRBJ1-5
2b0e45b6e33b4a20a03a4ade8fac95d2,test_dataset_5,0.6544164662830556,CASSYSRGTGGGYGYTF,TRBV6-5,TRBJ1-2
2b5aa04c035241f28eedf69b6cfa8f37,test_dataset_5,0.5863756379748626,CASRGGQGGGFNQPQHF,TRBV5-6,TRBJ1-5
2c766932314d4df7bb5f7e7bdc5bec74,test_dataset_5,0.6646333629044003,CASSQFGGRGQWGGGYEQYF,TRBV28,TRBJ2-7
2d5173a5189c44ff8dba491bb38ff82c,test_dataset_5,0.3402669610479444,CASSYGYRGGYGYTF,TRBV5-6,TRBJ1-2
2e205459823f4a8384b8e961381ce6d3,test_dataset_5,0.5017720066740109,CASSRGGNSFGGNQPQHF,TRBV4-3,TRBJ1-5
2f37acef78344731b8c0709504812e50,test_dataset_5,0.5079255620190554,CSAFGGGAGYGYTF,TRBV20-1,TRBJ1-2
2f719e0e4eb9420da585e0d48783b36c,test_dataset_5,0.5474481274741287,CASSYGGGNYGYTF,TRBV13,TRBJ1-2
3037366d54b74f21a84f13840e54368d,test_dataset_5,0.6793866039589714,CASSYGQSSYVGQGGYGYTF,TRBV13,TRBJ1-2
30c8dc2ea90c4b01812039850332cd05,test_dataset_5,0.6692233881586582,CASSYGGTGGYGYTF,TRBV6-5,TRBJ1-2
30f0642eb86b491aac25904cd7d089e2,test_dataset_5,0.3995187173563208,CASSYGQGGSLGYGYTF,TRBV6-2,TRBJ1-2
30f3378ab9b94cee9f2e617bb66422eb,test_dataset_5,0.6081051843799584,CASSYSGGGSYGYTF,TRBV6-3,TRBJ1-2
313863a40e61420c95ae62cebb991bb5,test_dataset_5,0.3645376410277954,CASSHYRGGRGNSNQPQHF,TRBV14,TRBJ1-5
31db9e98e0a6415dbb1afc0237be61c7,test_dataset_5,0.7391121076244717,CASSYRGGGNYGYTF,TRBV6-5,TRBJ1-2
32395234f33b4205b48cb986c2ac3cf6,test_dataset_5,0.527979531520488,CASSYNFASGGGRGYGYTF,TRBV6-6,TRBJ1-2
32672f26a0fc487b8a069221fec12958,test_dataset_5,0.4547374138668073,CASSNRGGRNGGSNQPQHF,TRBV10-1,TRBJ1-5
32b47e30bfc64decb01b035fca3f58df,test_dataset_5,0.3144137776243567,CASSSNDRGGRGGRGNGYTF,TRBV5-1,TRBJ1-2
340ef818b7ff4a55a77b2967fa250d45,test_dataset_5,0.3660576702909983,CASSYYGRPQGYRSNQPQHF,TRBV6-6,TRBJ1-5
37bad31d06b84a019d587a7a69f28fcd,test_dataset_5,0.4942858787468963,CASSSNYGGMGGGPYNEQFF,TRBV27,TRBJ2-1
38036370a26e4f7ca2b6d1cbea3545af,test_dataset_5,0.7748174197530103,CASSYGHYSAPSRGRGGHYEQYF,TRBV6-5,TRBJ2-7
38067608258d4b65b36215338beec2e5,test_dataset_5,0.7773819234189606,CASSFGQGGTPGFYSNQPQHF,TRBV6-5,TRBJ1-5
38b222be15f242e5a4bb3b8037cd4995,test_dataset_5,0.4870349405897284,CASSYSGRGGGYGYTF,TRBV6-6,TRBJ1-2
3a5a4c2c8af64ad89e7bc8e472f9624c,test_dataset_5,0.7222482567699842,CASSHYGQYGPPSYEQYF,TRBV13,TRBJ2-7
3c2ec1a7d34c42f988d5632c6494a7ed,test_dataset_5,0.7790186341923652,CASSQDPYDWGGGGSSYEQYF,TRBV14,TRBJ2-7
3c43d5ee238e44f59498678df7dd01e9,test_dataset_5,0.328803534991807,CASSYSSGGQGGGYGYTF,TRBV6-5,TRBJ1-2
3c9cbe0db33a4de395d393f1313edd1b,test_dataset_5,0.339902724322484,CASNFPPPQGGYSNQPQHF,TRBV7-9,TRBJ1-5
3cad3038224447cc91790c836db741a3,test_dataset_5,0.6295989841661331,CASSYRGRDRGGGYEQYF,TRBV6-6,TRBJ2-7
3e36173be0354daea24d6168064fe2aa,test_dataset_5,0.4547329824809087,CASSYGQGGWLGGYGYTF,TRBV6-2,TRBJ1-2
3e6747ae0f7f4f4e892b962448a36745,test_dataset_5,0.6764021805372933,CARPQGQGGYNQPQHF,TRBV28,TRBJ1-5
3f78edca5dd74eef9f034fa61a3a06d9,test_dataset_5,0.7775163334466623,CASSCGGGGGGAFF,TRBV5-1,TRBJ1-1
3fecf5ab61b640f6a478be9e47546bab,test_dataset_5,0.3531939957464652,CASSYGGQGFGNQPQHF,TRBV6-2,TRBJ1-5
40c29a602f7d40888f5a06bacf999e3f,test_dataset_5,0.5173290929430419,CSARNGTGFNINYGYTF,TRBV20-1,TRBJ1-2
41d4ced0538d4dc08ca0d398c6ea7007,test_dataset_5,0.6875436680019699,CASSFRGGRGRGWSSYNEQFF,TRBV27,TRBJ2-1
42a461e30d3b4d1aa4da1f28a55617cd,test_dataset_5,0.7487704139660354,CASSYSPTWGQQGGYPNYGYTF,TRBV6-5,TRBJ1-2
42be42bbe0f140058f48a70563feb5f7,test_dataset_5,0.31890996500023,CASSYSRPRGGGGGYGYTF,TRBV6-5,TRBJ1-2
42f8854c9a5840aa9e6f5f07ecf69981,test_dataset_5,0.3085167449269848,CASSRGGFRGGYNSSYNEQFF,TRBV27,TRBJ2-1
43b0ef0124194a769ba252cc52d5affb,test_dataset_5,0.7559590219701671,CASSNGGGTGGGGGYF,TRBV7-3,TRBJ1-3
44674c8b4ff6465b82ae45a6139387f1,test_dataset_5,0.6076312189619706,CAPPPGGGGFNQPQHF,TRBV6-5,TRBJ1-5
451b2e7b8e394529a1aa482d15563625,test_dataset_5,0.6965709781106725,CASSYGRGTFGGGGNF,TRBV6-6,TRBJ2-7
452264a8a9c4435cb7f67dc8e9f2ce42,test_dataset_5,0.3407074316760234,CASSSSRGGGYGYTF,TRBV13,TRBJ1-2
4560051caca044ba9a2ab6082dc07188,test_dataset_5,0.6814973565541252,CASSYSSPSFGGNYGYTF,TRBV6-5,TRBJ1-2
46d3725e5c034369a342b12d1b875b74,test_dataset_5,0.6705048607130328,CASSFYGQGGGSNYGYTF,TRBV12-3,TRBJ1-2
475c288e71964a1fb72a0679c0fac92b,test_dataset_5,0.6322224650098981,CASSFGGGGVSYGYTF,TRBV6-5,TRBJ1-2
47b68ca0d7db45ccbbe8a001b3a0e4aa,test_dataset_5,0.6813457400852984,CASSYSNHRGRDGYSNQPQHF,TRBV6-3,TRBJ1-5
485e657ae6214488a1afe526be631cd3,test_dataset_5,0.6569990785878381,CASSFRGGQGFGNQPQHF,TRBV12-3,TRBJ1-5
4889d013cb1c42029bd676bf7c8807b8,test_dataset_5,0.4927110313680613,CASSAWGGGGYGYTF,TRBV9,TRBJ1-2
48a7f6d3d8274438a180937cd62f6bf1,test_dataset_5,0.7251147912581334,CASSYSSGSGGYF,TRBV6-5,TRBJ2-7
49985578ad2246e88f48698ddde9e274,test_dataset_5,0.4906513832927326,CAMYGRGQGGYSNQPQHF,TRBV10-3,TRBJ1-5
4ad125c109e6465fb2524ead7a29130a,test_dataset_5,0.5513072770594741,CASSGNYSSGGRGGFF,TRBV7-3,TRBJ2-1
4bc8f8671a864a5888c72d4d04b54626,test_dataset_5,0.5598687870639555,CASSYGGGMGSSYEQYF,TRBV6-3,TRBJ2-7
4c09a078bd1649b4ac0ef84b19cb69b2,test_dataset_5,0.7403051627668271,CASSQDYRGGGGYGYTF,TRBV4-3,TRBJ1-2
4c33334a01104476bbcc93dde5be2ba8,test_dataset_5,0.4209482459080441,CASSYGRGGFNYGYTF,TRBV6-5,TRBJ1-2
4ccef0279add49ac8039917e8eb986ac,test_dataset_5,0.6927354984564157,CASSAYRGGGSNYGYTF,TRBV7-6,TRBJ1-2
4cfea988b22e4f7593772c3380740fb5,test_dataset_5,0.7526494100971274,CASSQESGYGDRGGRRDNYGYTF,TRBV3-1,TRBJ1-2
4dd4f827ca4b4d5b8936c2b4dd47470f,test_dataset_5,0.7460690799612838,CASSFGGPGQGGFRAYQPQHF,TRBV6-5,TRBJ1-5
4de48e15af1a4c709f2f3e5bc0d5e080,test_dataset_5,0.764770459135814,CASSYDNRGRGGNYGYTF,TRBV7-4,TRBJ1-2
4e52ea7a64154068b80cc465f2d80e67,test_dataset_5,0.3518244367615939,CASSFSGGGRGQFF,TRBV11-1,TRBJ2-1
4e58b2071ee140dca5ea7931f28d129b,test_dataset_5,0.6134426755603436,CASSYYHRGNGGYGYTF,TRBV6-8,TRBJ1-2
4eb99cc65f4444f9922b7aa14ba7edcb,test_dataset_5,0.385433468422526,CASSQGGSQYQGGNQPQHF,TRBV3-1,TRBJ1-5
4ed2cf3baade48409fde777e2a7b94cb,test_dataset_5,0.5489877844825382,CASNNNGGPGGNQPQHF,TRBV9,TRBJ1-5
4fbb819e0c6940999ca4bc45efd55ae5,test_dataset_5,0.393545568727441,CASSSGGGGGYF,TRBV5-4,TRBJ2-3
51483a7c523d4036aacf8532b5b00e65,test_dataset_5,0.4926238667708973,CASSQDSRGSGGSIYLGYTF,TRBV14,TRBJ1-2
5290dcb75afc417e93bc52878030bba2,test_dataset_5,0.4525604763318154,CASSYQQGGYQGNQPQHF,TRBV7-9,TRBJ1-5
52ff75b851cd433b83553b230e8c6e74,test_dataset_5,0.3824432659430539,CASSYAGGWGYGYTF,TRBV6-2,TRBJ1-2
53625780e4be454a99b33a0793e36a7c,test_dataset_5,0.355581089430408,CASSYSYRGGGSSSYNSPLHF,TRBV6-2,TRBJ1-6
537fcbc27f7b4813b9630c61b186ff72,test_dataset_5,0.5921324568902017,CASSCYGWGQGRYGGNYGYTF,TRBV5-1,TRBJ1-2
5397df72bb984b3581039eec6fcb511c,test_dataset_5,0.4718607863625635,CASSYSRGDRGRGKGGRPSGNTIYF,TRBV6-2,TRBJ1-3
53af1458fb334e2b8882a7f07a9751bb,test_dataset_5,0.5747634850312776,CASSVGYGGMGINYGYTF,TRBV9,TRBJ1-2
5521fa35f8c1454b9659a17202f062b1,test_dataset_5,0.3493911792060164,CASSYGGGMNYGYTF,TRBV7-9,TRBJ1-2
5537faf47269444b89df28e3fcd0ec3e,test_dataset_5,0.6006089097615531,CASSYSIGGGYGYTF,TRBV6-6,TRBJ1-2
553ecabe2a1142f1ac37f15a030c464f,test_dataset_5,0.3727700830231902,CASSYSRFGGGGNGYTF,TRBV6-5,TRBJ1-2
5552f8400701495bb06a1a95e5148c9c,test_dataset_5,0.764202736248088,CASSGQQGGGFGNGYTF,TRBV7-2,TRBJ1-2
55eed0497fa4410eaf5e011659aee632,test_dataset_5,0.6829310538092254,CASSYAGSQGLGAAYGYTF,TRBV7-9,TRBJ1-2
5622c74e85574072be23e21aa5b7bacc,test_dataset_5,0.4763902608134601,CASSYSGHRDRGRNRRNYEQYF,TRBV6-6,TRBJ2-7
566515f4d91b4d7abd0502f35629ec6b,test_dataset_5,0.6862826653546508,CASSFGGGMSYGYTF,TRBV5-1,TRBJ1-2
56994030fff74e6a8bdd3376cdf10627,test_dataset_5,0.6705247685733599,CASSFRSYGGAGYGYTF,TRBV27,TRBJ1-2
56b360a587d14abf833919c21d33868e,test_dataset_5,0.780780846351269,CASSYPGQGGYSNQPQHF,TRBV7-3,TRBJ1-5
573415d01c20447bbc1274b625a173da,test_dataset_5,0.4997723717635427,CASSYGGGGNYGYTF,TRBV6-5,TRBJ1-2
577a11e95c4249eab652a9a3805e4c85,test_dataset_5,0.7252559365541098,CASSQYGRGGTYYSNQPQHF,TRBV4-3,TRBJ1-5
5826057770ea418aaac23f95db3fe5c0,test_dataset_5,0.3766134700201866,CASSYGWGRGGGLSYGYTF,TRBV6-5,TRBJ1-2
593331ca91d84ed5b42f37956b21e06e,test_dataset_5,0.7114521093790266,CASSYPRDRGYGSYSNQPQHF,TRBV6-3,TRBJ1-5
5ac1b466e98e44f58199ad33963d6446,test_dataset_5,0.7314317318517153,CASSDDFGTGGGWGGNQPQHF,TRBV9,TRBJ1-5
5aeef5fcae4b4955a2734b85e2ceb2a3,test_dataset_5,0.6407439517574985,CSASWGGGGGYGYTF,TRBV20-1,TRBJ1-2
5b18b43de236481186d6cb3bdb8b30c5,test_dataset_5,0.6662509390687258,CASRGYGQGMFYQPQHF,TRBV5-5,TRBJ1-5
5b3641eeb2c04d298d01617c88157504,test_dataset_5,0.3636878327580516,CASSYSYGGGGQYF,TRBV6-5,TRBJ2-5
5bfd180d9b3f4be2a29ff2c0e716398f,test_dataset_5,0.615718158848412,CAWSVNAGVGFNYGYTF,TRBV30,TRBJ1-2
5c33132f16c443138d604aab4a9fb4a4,test_dataset_5,0.6547641023477704,CASSDSDNNRGRRRGDNQPQHF,TRBV6-4,TRBJ1-5
5c5394d4065742f9a92b2e28ef4598cf,test_dataset_5,0.3400900335511124,CASSYLTSYGGGINYGYTF,TRBV6-5,TRBJ1-2
5edaeefcc9b6462588f5a954f349ee12,test_dataset_5,0.717953247592586,CASSYSGPGQGGYQPQHF,TRBV6-3,TRBJ1-5
5ff75c114c2c4af1ae072f5f93a09add,test_dataset_5,0.6945074289296814,CASSRGRGGGNYGYTF,TRBV19,TRBJ1-2
60edfd7fb386434f923564cbaa6cf00c,test_dataset_5,0.5114668159392124,CASSYSSFYGQGGNYGYTF,TRBV6-2,TRBJ1-2
629b418494fb4afb91167b10930edbc7,test_dataset_5,0.5882056761006912,CASSHSYRDRGRSYSYEQYF,TRBV7-9,TRBJ2-7
63289cc9df064517b67be9cc9419ce28,test_dataset_5,0.7160056727878344,CASSYSRHYRGGGSYEQYF,TRBV6-5,TRBJ2-7
6331385171e849e2be77219d5406f062,test_dataset_5,0.5381851876332961,CASSFGGGGYGYTF,TRBV5-1,TRBJ1-2
6340203f4e914080b15f0e95fde1ab72,test_dataset_5,0.6434483408339037,CATSWSGQGAYFGFGYTF,TRBV24-1,TRBJ1-2
6443c0a5d22241809bf20a17f4ed7d2c,test_dataset_5,0.4452694388620453,CASSYQRRGNAGYGGSYEQYF,TRBV6-5,TRBJ2-7
6458ece500584fbebc9394804ede77d5,test_dataset_5,0.6629160391361788,CASSQDYRDNQWDGSNSNQPQHF,TRBV4-2,TRBJ1-5
64832491e97f422a96831ad30b3c541a,test_dataset_5,0.4646476972866134,CASRFGGGGRGGMNYNEQFF,TRBV6-2,TRBJ2-1
64c6877325d2466b84355b494000002e,test_dataset_5,0.4165297770159438,CAGYRGGYWGYSNQPQHF,TRBV7-9,TRBJ1-5
6536745a492947f5abaa52ffc02a11e3,test_dataset_5,0.3501656257888137,CASSYSRSWGRGYGYTF,TRBV6-6,TRBJ1-2
654ee65c22034143aa91197a785efe37,test_dataset_5,0.4698743357769891,CASSFDSNQGGGGGYGYTF,TRBV12-4,TRBJ1-2
66121fbc7456470bbf62151be968e14e,test_dataset_5,0.6659196065093579,CASSWGWGGRGGYGYTF,TRBV5-1,TRBJ1-2
6694ca7edc574148b8ac3124b9c3b725,test_dataset_5,0.3769081496695362,CASSVYGGGGIGGGYTF,TRBV9,TRBJ1-2
67c38521cc1140d6babc5c9223d4e07e,test_dataset_5,0.6253500743953024,CASSFQNRGGHGYNYGYTF,TRBV7-7,TRBJ1-2
6836155890b54081a7dd04028bd7d4f0,test_dataset_5,0.7714815841713522,CASSYSSGSGGGYTF,TRBV6-2,TRBJ1-2
6969c16c5a644b7983298d0e6e0644d3,test_dataset_5,0.4376746321137323,CASSYSSGGGYGYTF,TRBV6-6,TRBJ1-2
6a00100044cc470fa630bd5495e187f0,test_dataset_5,0.5748561413221529,CASSYSFRTGGGVSYGYTF,TRBV6-2,TRBJ1-2
6a1ce9969dac46fdbcf169eddb1ece53,test_dataset_5,0.3794214288436782,CASSYGFGQGGGKGNYGYTF,TRBV6-5,TRBJ1-2
6ae04a2e9f094a8284ad4b7cc7f172d0,test_dataset_5,0.6726009606307862,CASSFYSGMGGYGYTF,TRBV7-9,TRBJ1-2
6be0cf03ff5a4de6ad4a6097b7c4aea1,test_dataset_5,0.7214137968852706,CASSYGGGYGYTF,TRBV5-1,TRBJ1-2
6c3e2d452e8a44979c7bb6f944f4630e,test_dataset_5,0.3749208307155178,CASSYQPGQGGYQPQHF,TRBV6-3,TRBJ1-5
6da51625acd44db590bf2e9888e4390e,test_dataset_5,0.694982788209883,CASSSGGGRGYGYTF,TRBV11-3,TRBJ1-2
6e0cde99d4e84ff2bdda6e9341e5963d,test_dataset_5,0.7039316451903589,CASRGYGGGGGNYGYTF,TRBV4-3,TRBJ1-2
6e9c2344ddd7419fad55ee985c5bf711,test_dataset_5,0.6156638963190594,CASSYFQGPPPYSNQPQHF,TRBV6-5,TRBJ1-5
6eb6d92ae3ef4a7f928a93a2b9f00ce9,test_dataset_5,0.6922322673478849,CASSYGDDRGRGGSSYEQYF,TRBV6-5,TRBJ2-7
6fd2771f0c80407894de31643c9cdac1,test_dataset_5,0.5860705437595111,CSAYSRGGGYYGYTF,TRBV20-1,TRBJ1-2
7023d1eed00142d2bcdc4f0cc888921e,test_dataset_5,0.4167767208739696,CASSFRGPYRGGYSNQPQHF,TRBV27,TRBJ1-5
708ca9a2f37d4c368fd8335e645c0ce2,test_dataset_5,0.7177700863705787,CASSFYRGRGGRNYGYTF,TRBV7-6,TRBJ1-2
70a80a4c97e24b51a3428ff711b61550,test_dataset_5,0.5469740708434792,CASSYGSTGRGRGYGYTF,TRBV6-5,TRBJ1-2
716a30d0655341dfa2b8c1fd87f73068,test_dataset_5,0.489496616900183,CASSPSNFGGRGFNQPQHF,TRBV6-5,TRBJ1-5
71855b08036f45e19d5ede2f142a7947,test_dataset_5,0.3563895443356164,CASSYGGSWGNYGYTF,TRBV5-1,TRBJ1-2
720cb5f95b7f41ddb7f8546f571c12d7,test_dataset_5,0.4232305578072223,CASSSRYGGDRGGPNYGYTF,TRBV9,TRBJ1-2
7293eaab01114a7d9a0edfdddf916c6d,test_dataset_5,0.3978063231663429,CASSYGGGYGYTF,TRBV13,TRBJ1-2
731713ae748e4ffca89157ce63fd07af,test_dataset_5,0.6647957849539655,CASSSSGGGGYGYTF,TRBV12-3,TRBJ1-2
7322ba2da807431fbbb27f123570f9ee,test_dataset_5,0.4752611491231822,CASSYSSSGQGGYSNQPQHF,TRBV6-6,TRBJ1-5
73365555897b4602885f19a5290b676f,test_dataset_5,0.3384444855940661,CASSYSSNGLGGSNYGYTF,TRBV6-2,TRBJ1-2
73da6c8a358749e0b58088f16a27fb5f,test_dataset_5,0.3818579830108391,CASSYGQQGYNQPQHF,TRBV6-5,TRBJ1-5
742334fa07734f95be0038008e2b3c5e,test_dataset_5,0.5857314124688962,CASSYQFYGQGPSAGYQPQHF,TRBV6-5,TRBJ1-5
74a1d25f7bec4e67a3c3459ecc7dac12,test_dataset_5,0.5962252617939723,CASSFQAQGPGQGPFQPQHF,TRBV5-1,TRBJ1-5
74d21b36d1b34e38a852ed6395282537,test_dataset_5,0.3763840483382428,CASSYSRGGFNYGYTF,TRBV5-6,TRBJ1-2
7521f516fc544225b7785c012be2ce5b,test_dataset_5,0.3962671607637052,CATSGRGGFGFNYGYTF,TRBV24-1,TRBJ1-2
7635d753deef4b5a8c44c44ae6ccadd0,test_dataset_5,0.6828873308460768,CASSYGQGGYGGGYEQYF,TRBV6-5,TRBJ2-7
76df8b948631432fb141633e7dce619e,test_dataset_5,0.6976072813518249,CASSFNGGGSPRGNYSNQPQHF,TRBV12-4,TRBJ1-5
77af7157ea8b42f98e813a4233a4daf3,test_dataset_5,0.3866002293407578,CASSYRGRGRGSYEQYF,TRBV6-6,TRBJ2-7
78221408a52e4c6e9295a85067b175f5,test_dataset_5,0.5961466599333825,CASSSGGGAGISYGYTF,TRBV5-1,TRBJ1-2
783e839e0881473c891dbf2cd74bf3a0,test_dataset_5,0.7515219553436469,CASSYRGGHGGYGYTF,TRBV7-3,TRBJ1-2
786135328b3740b684653d3a0b8f6aed,test_dataset_5,0.4010707427172502,CASSYSSRGGRGYGYTF,TRBV6-5,TRBJ1-2
786b6ea6758149d3b7a38f46ae738b91,test_dataset_5,0.3911744962864903,CSAFNNWDRGGNF,TRBV20-1,TRBJ2-7
7a271cf169364b98ba59fc2b7bb3bd6f,test_dataset_5,0.7121525714376893,CASSYSQQGRGSSYGYTF,TRBV6-5,TRBJ1-2
7abaa8f6e25e4662abdfaef7c2096c79,test_dataset_5,0.7732071589446184,CASSRSRDRGGGGSYGYTF,TRBV4-2,TRBJ1-2
7b90c5025ea24681878a2e3eaddc130f,test_dataset_5,0.5153897272741308,CASSRGGSRGGGGDYGYTF,TRBV19,TRBJ1-2
7c407b7e2d764c0cb64f19696513dc2f,test_dataset_5,0.7373794470358881,CASRPGWGQGAGYYSNQPQHF,TRBV10-1,TRBJ1-5
7d333faccef742629726853a76fc9b74,test_dataset_5,0.3986966250412716,CASSGSWGFGLGGNYGYTF,TRBV7-9,TRBJ1-2
8081d72ec7bb46c9afdf9e4cf312a070,test_dataset_5,0.6161472543413209,CASSYSGGGYGYTF,TRBV6-3,TRBJ1-2
815051f1d7af490497ebe330723deb91,test_dataset_5,0.3925464000933619,CASGYNRGGSYSNQPQHF,TRBV12-5,TRBJ1-5
828689567b744ccb878e942860141b2b,test_dataset_5,0.3602726443582127,CASSFGGGQGGGGYGYTF,TRBV6-6,TRBJ1-2
830eebe271104268844ed91755c45a32,test_dataset_5,0.3748496169081522,CASSYQSQYYGSNQPQHF,TRBV6-2,TRBJ1-5
83157699c4a54fef8fa08ea3e4a2a8a4,test_dataset_5,0.7610323250901114,CASSYSSTAAQGSYGSYEQYF,TRBV6-2,TRBJ2-7
833e56e633874ac381b5e5d699ea47ae,test_dataset_5,0.5157699751516579,CATSDFKGRGRGGYSNQPQHF,TRBV24-1,TRBJ1-5
83588ff0705b46de8934e087f9df4397,test_dataset_5,0.5804169190741918,CASSYSMQPGQGGRYSNQPQHF,TRBV6-5,TRBJ1-5
841967ee2dfc46dbbcdc2dd2542db307,test_dataset_5,0.374233349221547,CASNPGGGFGGNQPQHF,TRBV19,TRBJ1-5
8452ba25ce6d402191889262416c29ba,test_dataset_5,0.6442751403302868,CASSYGGGSGQGFHYGYTF,TRBV6-3,TRBJ1-2
84cda979a1bd48a98ab1995684369030,test_dataset_5,0.5054296257349113,CASRGGSGYGNYSNQPQHF,TRBV11-1,TRBJ1-5
854d51737dd543528f489d453a19a84c,test_dataset_5,0.6706056868286553,CASSWGAGTGFGYGYTF,TRBV7-2,TRBJ1-2
85ae164d0794419bba8360bbff5eed40,test_dataset_5,0.3997134632914856,CASSQPGGGNYGSNQPQHF,TRBV4-1,TRBJ1-5
8601914850894b7382f14b10eb92249b,test_dataset_5,0.52171650384728,CASSYGSGQGAGANYGYTF,TRBV28,TRBJ1-2
884de7797bc0473cb6925ff5d6439ebc,test_dataset_5,0.5623360043878024,CASSGFGGGGNGTDYNEQFF,TRBV13,TRBJ2-1
890f528107ac482080d6b230f8793b7a,test_dataset_5,0.7200789018853961,CASSYGGGNYYGYTF,TRBV6-2,TRBJ1-2
8a97f0829f24409c96d4e17e8497cc80,test_dataset_5,0.6262045816315256,CASNHPPGQGNGGNQPQHF,TRBV19,TRBJ1-5
8b6c4a8acc5144239abf6a69b14e3211,test_dataset_5,0.7415032635530096,CASSYWSGGGYGYTF,TRBV5-6,TRBJ1-2
8c668239b58249a083f168b2db7d0014,test_dataset_5,0.561943274443486,CASSHSGGGGFF,TRBV3-1,TRBJ2-1
8cc7e9cd2a6a40848fba398876ba7910,test_dataset_5,0.6664118410665574,CASSLYGGGGGYGYTF,TRBV7-9,TRBJ1-2
8d1e55503d7c4676bbb1fe0b3c28baac,test_dataset_5,0.352026371196791,CASSYFRGRGGYGYTF,TRBV6-3,TRBJ1-2
8d39269acd014afdac2991cd4292c063,test_dataset_5,0.4026204489435929,CASGGPYGGQGASYSNQPQHF,TRBV12-5,TRBJ1-5
8e20822eab2c47a18a9e580c53a6a7b5,test_dataset_5,0.7435374799737896,CASSYGRGGGRQYF,TRBV5-5,TRBJ2-7
91f00dc8423f43f4abe0edb134bd1b64,test_dataset_5,0.7364161974807406,CASSFPNRGGRGGRNEQFF,TRBV28,TRBJ2-1
920852248f9e43eb9f96ba846468dc9f,test_dataset_5,0.3318730851425148,CASSYGQGYTGGQSNQPQHF,TRBV6-3,TRBJ1-5
926ff41b03194714a7733bdca9ef0e9c,test_dataset_5,0.675165887480242,CASSYGASGQGGGYGYTF,TRBV6-5,TRBJ1-2
9370f8e2ce444453a6259b97d0f9e974,test_dataset_5,0.7550036881301423,CASGGQGGSNRFDSNQPQHF,TRBV27,TRBJ1-5
96c30bea9dd842bca42ce843fe61596a,test_dataset_5,0.3234345303995049,CASSYGGGYGYTF,TRBV6-3,TRBJ1-2
972903a7dec04b01a35ee7677ec76eeb,test_dataset_5,0.4499276673573865,CASSYGSDGGGYGYTF,TRBV6-5,TRBJ1-2
984bc446a4974febb5784c157fbf7be9,test_dataset_5,0.7589856821866076,CASSQGYSTRGGGGSNGYTF,TRBV7-3,TRBJ1-2
99ce029b9e0f4e5cb2fbc1db47781829,test_dataset_5,0.4412556936528332,CASSFGGGSNYGYTF,TRBV6-5,TRBJ1-2
99dd86afc10f4b05a5684d1fef87eb55,test_dataset_5,0.6029406021575352,CASSYFGPGQGQFMDQPQHF,TRBV6-5,TRBJ1-5
9a22e2e35a7044d990abc3efc9e9b89f,test_dataset_5,0.4578000472771312,CASSYHYGGGLSYGYTF,TRBV6-2,TRBJ1-2
9a9264756a77462bbf8de68dd2704ff5,test_dataset_5,0.7660939249189409,CASSNNARGVSLGYGYTF,TRBV14,TRBJ1-2
9d4a0c9a4cfc4722a50212421d2924a4,test_dataset_5,0.5914467190636491,CASSSFRNKWGAGANYGYTF,TRBV5-4,TRBJ1-2
9ecab8eb35ba4ec2853e884cf78dd12e,test_dataset_5,0.757868929707118,CASSYSWGPPSSYGYTF,TRBV6-5,TRBJ1-2
9f9228523ab243aa94564744425ccdc8,test_dataset_5,0.7661639674476275,CASSYGRGFGGYGYTF,TRBV6-5,TRBJ1-2
a0d70d7bf2974ec2928a9a1d092e05bc,test_dataset_5,0.7793172972298495,CSVDRGRNHRGHGGHSNQPQHF,TRBV29-1,TRBJ1-5
a12b52bccc9b48879c7747cdf51fafa7,test_dataset_5,0.4955333349161601,CASSYSINAGIGYTF,TRBV6-3,TRBJ1-2
a1d7bf7b471946a5bc2b4ded2204fb6f,test_dataset_5,0.7462532347973815,CASSSYRGRGRGIYSNQPQHF,TRBV11-3,TRBJ1-5
a1f5c710101b424c9d573e8902774949,test_dataset_5,0.6833185965121384,CASSYGGGGYYGYTF,TRBV6-2,TRBJ1-2
a390cb31449e4ffaa3ac67c3165b0e8c,test_dataset_5,0.6712415687835428,CANRNNYGRGSNQPQHF,TRBV6-4,TRBJ1-5
a3b1b2a175bc41329c33823cbbb6bb01,test_dataset_5,0.6073043253737938,CASSYSSGGGMNSSYNEQFF,TRBV6-5,TRBJ2-1
a493f9ba24094399ac0d687941ab323f,test_dataset_5,0.6640794016899849,CASSYTRGRGRGQSNYGYTF,TRBV7-3,TRBJ1-2
a58c8de907414aceb6f1f8edfd5934f9,test_dataset_5,0.4157236649611344,CASSYGFPGQGAYFNQPQHF,TRBV6-5,TRBJ1-5
a5b13be0a5134de2a0b7ae554a56d9eb,test_dataset_5,0.5157528689985529,CASSYSYHGGGYGYTF,TRBV6-5,TRBJ1-2
a6c9bdacfeb04a5484a7638b65447a45,test_dataset_5,0.6757109397261901,CASSWGGRGNYGYTF,TRBV6-5,TRBJ1-2
a7dc67898c5a4bc0a96acc1eb686657f,test_dataset_5,0.7092951221437124,CASNQGGYYSNQPQHF,TRBV12-3,TRBJ1-5
a987036a83884ed9868f0fb716904b65,test_dataset_5,0.7666685253929758,CASSYSNPRRQGSYSNQPQHF,TRBV6-5,TRBJ1-5
a9bcc0da0ddd4b99a57018dd49ce66c6,test_dataset_5,0.7479014058771418,CASSYSPDRGRGGYYSNQPQHF,TRBV9,TRBJ1-5
aa803295f0cc4b0084df1f5b9b674180,test_dataset_5,0.5491593608720065,CASSQENYGPQGGGYNEQFF,TRBV14,TRBJ2-1
aa9c379eabb84d0fa367535fde03c43f,test_dataset_5,0.6000603133666006,CASQAWGGIGFGYGYTF,TRBV10-1,TRBJ1-2
aab4145b3e2b4f91869c03fa820d2b0f,test_dataset_5,0.6098694907217507,CASSYGRGGYGYTF,TRBV6-6,TRBJ1-2
aabebd55f08d4e7794e8d10059bbc954,test_dataset_5,0.5259847381161764,CASRPQQYPGAGGGYEQYF,TRBV5-6,TRBJ2-7
abc046d03057442cbdce0d2461399869,test_dataset_5,0.7255017683818437,CASSYRDRGSRRGYSNQPQHF,TRBV11-3,TRBJ1-5
abd0d1a105eb41aca60a89a0ff4032af,test_dataset_5,0.5408284894723974,CASSRGSFAGGGGYGYTF,TRBV11-3,TRBJ1-2
abed3ddece5f419d81905335dab59859,test_dataset_5,0.4630002245455087,CASSYGQQNQYGQPQHF,TRBV6-5,TRBJ1-5
ac311bd9cbd94c618a18dbe3eb10f22c,test_dataset_5,0.7651009121739225,CASSFGRNGGRGYSNQPQHF,TRBV5-6,TRBJ1-5
ac39679183614c39be9be1716240972d,test_dataset_5,0.7104258014930983,CASSYGKGGFNYGYTF,TRBV6-5,TRBJ1-2
aedf6a4c91334950a5e2e33db951396e,test_dataset_5,0.7432401362480356,CASSYGGGGHGSYEQYF,TRBV6-3,TRBJ2-7
af99de11690b434096e3ebf0814d8d88,test_dataset_5,0.7412285905969064,CASSYGSGHGYGYTF,TRBV27,TRBJ1-2
b0fa5193d50c4800bc3fb6ae8a71c5bb,test_dataset_5,0.4543682375495466,CASRYGGRGRYSNQPQHF,TRBV11-2,TRBJ1-5
b126c8b971c24131b7ce318029bf3359,test_dataset_5,0.3677546751536897,CASSYAGAGYGYTF,TRBV6-5,TRBJ1-2
b189135c0062409fa54736ca5348dffe,test_dataset_5,0.492718721127082,CASSYSSRGGRGYGYTF,TRBV6-6,TRBJ1-2
b3f4b3de51614609896902a1e6f1fb68,test_dataset_5,0.4663852649790413,CASSYSSRGQGGNYGYTF,TRBV6-8,TRBJ1-2
b4dbabd36c4149a0aae54deffc7367f0,test_dataset_5,0.4797699428784277,CASSFGTGGGGYGYTF,TRBV7-4,TRBJ1-2
b522e42294b045739abe4ec52ddd78cb,test_dataset_5,0.5957898695027302,CASSGGGYGQGGYNEQFF,TRBV13,TRBJ2-1
b5a3554977cb468eb38d42bd820db232,test_dataset_5,0.4003901891896486,CASSNYFRGTGARGSRGSYNEQFF,TRBV28,TRBJ2-1
b65b5547963c4ec78b78e8618e621399,test_dataset_5,0.731941019717602,CASSYGGQGHYSNQPQHF,TRBV5-5,TRBJ1-5
b6f4ca9a083d4a9997992ab220edaa71,test_dataset_5,0.3354429573302142,CASRNRFGPGQGWYGNQPQHF,TRBV5-1,TRBJ1-5
b700c0fe11f2458fb1db77507a9432a2,test_dataset_5,0.3501144879258338,CASSGYQPGGYQPQHF,TRBV11-3,TRBJ1-5
b733c6150aab4b06ba3be85df1e93038,test_dataset_5,0.4271871370330366,CASSYYRDRGRGRYGYTF,TRBV6-5,TRBJ1-2
b83062621b2a4a1ebdfa0d1453d2f086,test_dataset_5,0.4900479394377104,CASSQYNRGIGINYGYTF,TRBV4-1,TRBJ1-2
b8d092ebcbec45fb95e2616a00d29c8b,test_dataset_5,0.7474628256457004,CASSYSSGQANQQYSNQPQHF,TRBV6-2,TRBJ1-5
b8d66ba333a9429981d5c7a9f7c2a8b0,test_dataset_5,0.3546226596549602,CASSQDGGYYGGNQPQHF,TRBV4-1,TRBJ1-5
b92096fcafae4299a0c5589505feec3f,test_dataset_5,0.578558023808001,CASSFPGQGFGPHQPQHF,TRBV7-3,TRBJ1-5
b9271645a4ef44809c02670c80d906fd,test_dataset_5,0.3676774157646281,CASSGGGGGGGRGGIGYTF,TRBV13,TRBJ1-2
b96070ca45e54b99ae55f3c366158cec,test_dataset_5,0.4076735140348825,CASSGGGPGQGNYSNQPQHF,TRBV13,TRBJ1-5
b9d50f50848d4602aaa18e403c54885a,test_dataset_5,0.6861013398848719,CASSYGRGGYGYTF,TRBV7-9,TRBJ1-2
ba477479d5534748b92ab85174e3c6c2,test_dataset_5,0.3682335021848896,CASSYGGGGYGYTF,TRBV6-5,TRBJ1-2
bbad44e1ad114f60ad30f9ddfb4a43c3,test_dataset_5,0.6944851281316986,CASSSGGTGAGFGYGYTF,TRBV5-5,TRBJ1-2
bc5f381560fc47f0881370a67e0b0ea2,test_dataset_5,0.7742168019584417,CASSYSKGGGQGMYSNQPQHF,TRBV6-6,TRBJ1-5
bca72d498713499d9005e044a0b0e448,test_dataset_5,0.6769443734221954,CASSYGGNRQGNYGYTF,TRBV6-5,TRBJ1-2
bddecc9c5ca84b0a9b2e88ab520cd12a,test_dataset_5,0.7609902241324217,CASSGGWRGGSNYGYTF,TRBV2,TRBJ1-2
be45ba746ee64fa0b035cb6d79b59271,test_dataset_5,0.3323610898165467,CASSYGYGGYGYTF,TRBV6-5,TRBJ1-2
bf994ad1304d45e386c5f0fbd79a8e91,test_dataset_5,0.751190783349622,CASSYSGGGGYF,TRBV6-5,TRBJ2-7
c0f8cde0c41c497e80997322a19867ec,test_dataset_5,0.4272789418953708,CASSTSYGIGANYGYTF,TRBV7-6,TRBJ1-2
c118936e21bd4bb2ad0b3a231d6b1cc9,test_dataset_5,0.4383394270007453,CASSYSYGGQGGGYTF,TRBV6-5,TRBJ1-2
c1a49d9d980249878f78ad3f3343ebdd,test_dataset_5,0.4233479199366484,CASSYHQGRYEGGGYEQYF,TRBV6-6,TRBJ2-7
c2d747b6ec674eecad5e9cb6f4718630,test_dataset_5,0.735741894309003,CASSQGGRNGQVGAGYNYGYTF,TRBV4-2,TRBJ1-2
c2e9d8b5fbfb44cb80b070370111c583,test_dataset_5,0.4012741027974867,CASSYGGGSNYGYTF,TRBV6-5,TRBJ1-2
c409c5c5f092493d8183a79f3c393ac0,test_dataset_5,0.7603838550794644,CAWSYSTGGFGANYGYTF,TRBV30,TRBJ1-2
c47498ef7867458c88b4e31802a02261,test_dataset_5,0.5406165512570854,CASSRRGGYDRGGDYEQYF,TRBV9,TRBJ2-7
c55872c310d242dc8bdc800923128cd0,test_dataset_5,0.6253630929611192,CASGPRRNYRGGFRGPFHQPQHF,TRBV12-5,TRBJ1-5
c614fe13ac6d46bfb1d9c85aa2065e38,test_dataset_5,0.4742679906157607,CASSPQFYGQGGYSNQPQHF,TRBV7-2,TRBJ1-5
c697065b4f1746b9866b952a0a4d4279,test_dataset_5,0.4263865063916436,CASNSRGGFGGSNQPQHF,TRBV10-1,TRBJ1-5
c6fbf590c0d542129521f23aadd1816b,test_dataset_5,0.4888135380560756,CASNNWDRGGFGNQPQHF,TRBV6-5,TRBJ1-5
c8e38704eb164c549f5c9cc53760082a,test_dataset_5,0.7871981978555876,CASSYSYYGAHANYGYTF,TRBV6-2,TRBJ1-2
c8ecb64338c340949f550012dbf668b2,test_dataset_5,0.6575685523148395,CASSYLGGGQGQVGYGYTF,TRBV6-2,TRBJ1-2
c9c12b66788542fe959d86e99e706a31,test_dataset_5,0.7318970856652438,CASSFGGGGAFGDGYNEQFF,TRBV12-3,TRBJ2-1
caddc8e36600427b95dc446fc29dafc8,test_dataset_5,0.3476785056666643,CASSYGGQGDYNYGYTF,TRBV6-5,TRBJ1-2
caea373f263b434582c4c64021304556,test_dataset_5,0.7588346075438872,CASSSFGGQGGYSNQPQHF,TRBV7-9,TRBJ1-5
cc07ea6b6fe743e8822a1c3f5bf78b98,test_dataset_5,0.4935787554034415,CASSPRGYLGGGFNYGYTF,TRBV9,TRBJ1-2
cc55a6b140d147beba84266cda688fc2,test_dataset_5,0.6307488086190376,CASSYGGGWGDYEQYF,TRBV6-5,TRBJ2-7
ccdb19b15c2840ff9070caad6e909e6c,test_dataset_5,0.5648776174913478,CASSGGYGQGYQPQHF,TRBV9,TRBJ1-5
cd15957342cf492682877a332824c825,test_dataset_5,0.6021773863526533,CAWSNPFQGGQGAFNQPQHF,TRBV30,TRBJ1-5
cd763bc4a23d4ffbb6b060cbd3b6ef8a,test_dataset_5,0.620605560441485,CASNSFQRGGGSGNYGYTF,TRBV28,TRBJ1-2
cdf726cf2b92440ea283b8b1c9f8a71a,test_dataset_5,0.3319536489453611,CASRGSWGYGNYGYTF,TRBV27,TRBJ1-2
cfd69c14344646e6afa63598b8f7bf5a,test_dataset_5,0.6828189608738316,CASSQNRGRGGYSNQPQHF,TRBV4-3,TRBJ1-5
d06c21977c184dd89e151fca187cf382,test_dataset_5,0.7691824097160848,CASSYGSGRGYGYTF,TRBV6-5,TRBJ1-2
d2e2787ae463498e853a46396bbf099a,test_dataset_5,0.693382790213836,CASSYGQGGYSNQPQHF,TRBV28,TRBJ1-5
d3754c7bc8cc46e1a0e8f6a5c5058450,test_dataset_5,0.6256652647796378,CASSFGGRGRGGNQPQHF,TRBV27,TRBJ1-5
d38257d601a74166b7274ad72d1dd755,test_dataset_5,0.3738410023038874,CASSFRGGGSSYGYTF,TRBV5-4,TRBJ1-2
d3a1dbddefe24b11b8f878ebee516950,test_dataset_5,0.5019830128963526,CASSYGSSRSGSYGYTF,TRBV6-2,TRBJ1-2
d5358ae13677427fbab48af544f1533c,test_dataset_5,0.5444800251716513,CASSFNRGRGYGNQPQHF,TRBV7-8,TRBJ1-5
d69ed88bc1ac4c8ab036d6d2603f6791,test_dataset_5,0.4476737134498479,CASSFYGTGGYGGYGYTF,TRBV11-3,TRBJ1-2
d7ce5b3197cb4e48825ff30b84190625,test_dataset_5,0.6505848397454507,CASSSRGSGGRGSYYGYTF,TRBV5-6,TRBJ1-2
d7d903d9f38141619b417476bfc5e7b7,test_dataset_5,0.4392848464914556,CASDQDYGNRRQGQQNQPQHF,TRBV6-2,TRBJ1-5
d93e017673754e4bb3f84e883d264087,test_dataset_5,0.4213407988591554,CASSFRGGGYGPNYGYTF,TRBV7-7,TRBJ1-2
d964ab5585af4bd2b8cb8548d893e4c6,test_dataset_5,0.6824553469630186,CASSYRGRDRGRDYEQYF,TRBV6-3,TRBJ2-7
d9746681c4bd44cdbbcfcd3d91d3a377,test_dataset_5,0.724702723060209,CASSQGSGGGYYSNQPQHF,TRBV4-1,TRBJ1-5
da0115858044470c904d4de576788308,test_dataset_5,0.6963900331673109,CASSRYRDRDRGRSYEQYF,TRBV6-3,TRBJ2-7
da697b73986b410d9d8c9668b4150c29,test_dataset_5,0.5737782880274628,CASGFSRSGQGGGYSNQPQHF,TRBV12-5,TRBJ1-5
db23062f59bf480b8f4e87947cf327cb,test_dataset_5,0.5146637246468899,CASSYAAGAGYGYTF,TRBV6-6,TRBJ1-2
dc857645c65a4759b8c9c5287676fef0,test_dataset_5,0.6203319215475971,CASNRGNGRGFGNQPQHF,TRBV2,TRBJ1-5
dd81a871f37e404ba22c23119cc93c02,test_dataset_5,0.6892001251268215,CASSFGGRGGHRYWGRPGSYNEQFF,TRBV11-2,TRBJ2-1
ddfd1e8420fb4719918a7656a3df3b1b,test_dataset_5,0.3974174391019456,CASSYSNRHRGGYYGYTF,TRBV6-5,TRBJ1-2
de408291e174471198a3609ca629ec19,test_dataset_5,0.7559915754058372,CASSYSRGGSGSGGYGYTF,TRBV6-3,TRBJ1-2
de8e6252f1954e5a89ae328725db907f,test_dataset_5,0.6100386093517476,CASSQGGYKGGGGSFFGNSYNEQFF,TRBV4-3,TRBJ2-1
df7e89b5b2d847aa8aa84f058d787d08,test_dataset_5,0.4881148684367914,CASSMQFGGRDRGGGNSNQPQHF,TRBV19,TRBJ1-5
e1c98f24900542d287fb64bd9a8c54be,test_dataset_5,0.778122092376176,CASSYRGGRGPYSNQPQHF,TRBV5-4,TRBJ1-5
e260480df1574a3b8eaa71a4ba7c6bd3,test_dataset_5,0.4856496919868603,CASSYYNGGAPFYSNQPQHF,TRBV6-6,TRBJ1-5
e28f08b139b244d5be3dee01e13f79cb,test_dataset_5,0.5213284417363805,CASSYSCFGGGSYGYTF,TRBV6-6,TRBJ1-2
e2d9fc4dd9f247548f75a35888323f74,test_dataset_5,0.7518926107906078,CSGGGGGYGYTF,TRBV29-1,TRBJ1-2
e3c40e4a91a84cebab66d7b5b3235a1b,test_dataset_5,0.440081771695148,CASSYGGGGHYRGWSGNQPQHF,TRBV6-5,TRBJ1-5
e3da446f10bf49a093db933a61e26c2e,test_dataset_5,0.741942239699397,CASSYGGGHYGYTF,TRBV6-6,TRBJ1-2
e3e5a3b3c8044447bb18ef50347eef39,test_dataset_5,0.5983247832106042,CASSQDRSAASYSAGYGYTF,TRBV4-1,TRBJ1-2
e63262a5b1d24fdaaaaeddb2e994658e,test_dataset_5,0.7050196982623292,CASSYGRGRGNYGYTF,TRBV6-5,TRBJ1-2
e668a8d06dc240d3bfc0a7f12b0eda33,test_dataset_5,0.6372823867282255,CASSYGTGGGSGYGYTF,TRBV6-5,TRBJ1-2
e716958d218941098c5ddf749bb79235,test_dataset_5,0.5302363121546583,CASSYSRPSRGYRSSYEQYF,TRBV6-5,TRBJ2-7
e73f09a45cad437880aafb6a0f1a6808,test_dataset_5,0.4327065174874115,CASSGFGQGNYNYGYTF,TRBV2,TRBJ1-2
e75b552edd214951b37e3a0ee802d6e7,test_dataset_5,0.6514653432250951,CASSYGGPQGGANYGYTF,TRBV27,TRBJ1-2
e7dde1ebf94f46dd8ff72311f37fee8a,test_dataset_5,0.3651382925321843,CASSYGTGQGYGNQPQHF,TRBV27,TRBJ1-5
e8ba07bdb8b34d8d938ee8d6380f8681,test_dataset_5,0.4858313237853145,CASSYRGPRYDQDSYGYTF,TRBV7-7,TRBJ1-2
e926994dd08945e6a15e823555e42102,test_dataset_5,0.5688759723574279,CASSPYWGGGYYGYTF,TRBV9,TRBJ1-2
e94861fbc1f6404495b65eb7c4cbac1e,test_dataset_5,0.5104495463373255,CASSYHRGGRGGMYF,TRBV6-5,TRBJ2-7
ea837328ea8942cbba4a6e8635f4df20,test_dataset_5,0.7739329776288951,CASSRFSYGNRGNYGYTF,TRBV5-1,TRBJ1-2
ea99957fd29c459996478f249fc5f872,test_dataset_5,0.4379317125457506,CASSYGGGYSYGYTF,TRBV6-2,TRBJ1-2
eaa963aa4623485798a93873e16815da,test_dataset_5,0.7421563727551339,CASSFGGGCNYGYTF,TRBV28,TRBJ1-2
eb170db28f1944d29b6ebc010819d2ed,test_dataset_5,0.5927961350150847,CASSYAMGGGYYGYTF,TRBV6-6,TRBJ1-2
eb6e7bb8df89405cb6a3a1368d9a9535,test_dataset_5,0.5887011314304177,CASSYSGYSGGGYTF,TRBV6-5,TRBJ1-2
ec7c0161f9c8478e89664a8cbc51c836,test_dataset_5,0.3280105762961207,CASSYNNGGGYGYTF,TRBV7-9,TRBJ1-2
eccfbbf8c4784d009fd5a7f90df3046f,test_dataset_5,0.6634001887256878,CASSYYRGGGWDRGYTF,TRBV6-3,TRBJ1-2
ece248f95ea74027a54a07712c1fe1e9,test_dataset_5,0.740877529615942,CASNRFHDRGGGRSNQPQHF,TRBV9,TRBJ1-5
ed36410325834c20ad64e3aa0ff81746,test_dataset_5,0.7296281594498057,CASSQFGGQGYSNQPQHF,TRBV4-1,TRBJ1-5
edceab2928cd478e98a3fbd2a353bf4e,test_dataset_5,0.3131161551565957,CASSSGGGGGGYTF,TRBV11-3,TRBJ1-2
ee58a476f6314dd4b4545deb8c66b2de,test_dataset_5,0.7248692432209439,CASSFGDRGYGYYSNQPQHF,TRBV5-4,TRBJ1-5
ee672ba137344c8da071e5e7b3e90fcd,test_dataset_5,0.6864531931300849,CASSYGGGGYGYTF,TRBV7-9,TRBJ1-2
ee8423e740e649afa74dcea488240e5b,test_dataset_5,0.7412231139922825,CASQRGRFGQNGGNQPQHF,TRBV27,TRBJ1-5
f039955a59784c7885ddeb39bfe361c1,test_dataset_5,0.769166981554315,CASSYSGSDRGGGRGGYSNQPQHF,TRBV6-5,TRBJ1-5
f07641aa5f2c493388f9e95382767961,test_dataset_5,0.3803443697222339,CASSGGGGGGYGYTF,TRBV6-1,TRBJ1-2
f0ae687e617d4ebf8022d45620f94c33,test_dataset_5,0.5188474275293642,CASSYNQPGGWQSNQPQHF,TRBV27,TRBJ1-5
f0fedc0655444f3391960d3ae2cc8599,test_dataset_5,0.4679905538999225,CASSYGGSAGYGYTF,TRBV7-2,TRBJ1-2
f1452fbd7a0a42fbae3bd1ac6df052e3,test_dataset_5,0.7526087067522244,CASSYGGGHPHYGYTF,TRBV2,TRBJ1-2
f1700b5baee843faaeaf5e4e3671144e,test_dataset_5,0.3808789021822421,CASNFGGKGGGRGYTF,TRBV10-1,TRBJ1-2
f21205c9e76e4f258624c2e85f319af5,test_dataset_5,0.6570384884241433,CASSMHRGRGMGRGYGYTF,TRBV25-1,TRBJ1-2
f2873f8b05fb4b04ba434af96637b7ff,test_dataset_5,0.3451060306280819,CASSYGGGGYGYTF,TRBV6-5,TRBJ1-2
f3beb22830794e77804574703d6b1dc8,test_dataset_5,0.5481258260553131,CASSYSTHPRNDPDRGRGYSNQPQHF,TRBV6-2,TRBJ1-5
f56fcb7c06974eff9a687ca550c325f7,test_dataset_5,0.6954878111409788,CASSLGGIGMGAGWGYGYTF,TRBV11-3,TRBJ1-2
f5c9b13b07204a0c9e26d2899f0a62bf,test_dataset_5,0.5991870599234775,CASRDYNRDRGGYNEQFF,TRBV6-1,TRBJ2-1
f5e30ec909be48898330a16a7b23a302,test_dataset_5,0.7146520844948772,CASSYQQGGYSNQPQHF,TRBV6-6,TRBJ1-5
f5f8857924244ec7b61949fd39dd12bd,test_dataset_5,0.3541107949881245,CASSYGPGQGGYQPQHF,TRBV6-2,TRBJ1-5
f622a7c9b683482d829acf26be168be6,test_dataset_5,0.7032665655868926,CASSFGNQGGGGNQPQHF,TRBV6-6,TRBJ1-5
f6f27b7a4572467b84fcad06f1b7b2ea,test_dataset_5,0.4402361432064961,CARDEEIWGWNFNYGYTF,TRBV7-2,TRBJ1-2
f83703536ff04cb4a9b85f1fbb5c60c6,test_dataset_5,0.3290091548871708,CASSSSYGGGAGYTF,TRBV5-1,TRBJ1-2
f8cf5c3dec8e4c09abbfb75e9d801efa,test_dataset_5,0.4060733294888879,CASSYGAGVSYGYTF,TRBV7-2,TRBJ1-2
f925603780954890ac001566846a05a6,test_dataset_5,0.5350479452991085,CASSYQGQGGGGSYNEQFF,TRBV7-6,TRBJ2-1
fabfbcf8bd494ed8be958c67e56da913,test_dataset_5,0.5700772147110489,CASSYFGQGGRGGFNQPQHF,TRBV6-5,TRBJ1-5
fad22d756821444f9d8c382e6b929ac2,test_dataset_5,0.3546301760882016,CASSYSSRRQGLYSRGNYGYTF,TRBV6-3,TRBJ1-2
fb112d3f9d7e4f8e8441b30ee2e25074,test_dataset_5,0.5694638023560509,CASSYSRPRQGAGGYSSYNEQFF,TRBV6-2,TRBJ2-1
fb88fb2d179c450393fd94a475622e5e,test_dataset_5,0.3310393322058548,CASSFFQPGQGFGHQPQHF,TRBV5-5,TRBJ1-5
fcb65ef7a61549bb884ff01e3906ef44,test_dataset_5,0.336367402432388,CASSYGSQGYQYSNQPQHF,TRBV6-5,TRBJ1-5
fcb810bbdcc242c486da354254b289c2,test_dataset_5,0.546279198962376,CASSQDSYGRGPSFNGGQPQHF,TRBV4-3,TRBJ1-5
fd760989b62e4b06935e7e5db2d42753,test_dataset_5,0.443312231122547,CASSYYGGPGYGYTF,TRBV6-5,TRBJ1-2
fdbf78bfeadc4bdc8608ce8c75b65413,test_dataset_5,0.5039090274704828,CASSQGGGGYNRRGRGRNQPQHF,TRBV4-1,TRBJ1-5
fe229b3f53d340ec93353a98874e835f,test_dataset_5,0.7159313199469216,CSARDTSATGGYGVGYGYTF,TRBV20-1,TRBJ1-2
fefb59ccfcd84474b5021d2c769158c8,test_dataset_5,0.5294042261819153,CASRNRGQGRGRGNGSYEQYF,TRBV12-3,TRBJ2-7
ff45261652874033969e402eadc6601e,test_dataset_5,0.6615665115374982,CASSWGRGGGNYGYTF,TRBV7-8,TRBJ1-2
ff9998d39196498f87168ea767e2517e,test_dataset_5,0.3231786896568033,CASSFRGGGGCGYTF,TRBV28,TRBJ1-2
ffad023d701c47f2a8527fedfcc05d05,test_dataset_5,0.6147588827937593,CASSSSGGGGRGYF,TRBV13,TRBJ2-4
ffaedbdbfba14977afcd37379834812c,test_dataset_5,0.4713894961557628,CASSYRDRGRNYSNQPQHF,TRBV6-5,TRBJ1-5
0060a0d196df927b0c41a6e62f061502,test_dataset_6,0.5249241320914507,CSVEVGMGSGELFF,TRBV29-1,TRBJ2-2
014835b4092ed9f61a8d84a75fc0b4df,test_dataset_6,0.5015561582860681,CASREGGREGGYTF,TRBV6-1,TRBJ1-2
01c6974c6734c6420349465a92308013,test_dataset_6,0.4760166464791265,CSARERERDWETQYF,TRBV20-1,TRBJ2-5
01fcfc48bd89c1814533a7811a3225e4,test_dataset_6,0.5096361273825418,CASGLGEREGLAGELFF,TRBV12-5,TRBJ2-2
022093e62f26e3e600c0b80e6c6efe24,test_dataset_6,0.5205869065847303,CASSEKEGAGGEKLFF,TRBV6-4,TRBJ1-4
02968a9648a1ffba96d9123093746417,test_dataset_6,0.5230700109564009,CASSVGGRGGGEKLFF,TRBV5-4,TRBJ1-4
0328f67fb255bbdc057b080eb3f97b06,test_dataset_6,0.5038932967303147,CASREGGRKGGELFF,TRBV6-6,TRBJ2-2
039c0056f3ddb89accc77fb9389f2a87,test_dataset_6,0.5098524766353816,CASGREGGRGEKLFF,TRBV4-1,TRBJ1-4
040f438cddd5832ea9727aca2833c1b4,test_dataset_6,0.5019145093383536,CSVVFGVGGVF,TRBV29-1,TRBJ1-1
04d95c6753c375dc49ba04c43784699e,test_dataset_6,0.4863342557414103,CATGEREGVGELFF,TRBV10-3,TRBJ2-2
062586a4fe54be92b39877b0f87a4d1c,test_dataset_6,0.4848398567396718,CASSEVVDRWGGGEKLFF,TRBV6-1,TRBJ1-4
066be8f73e97d85c803e8b3dcee93612,test_dataset_6,0.4806595825469196,CSVVRSGGGGELFF,TRBV29-1,TRBJ2-2
06795a406527deb1a4363c0be4e4139e,test_dataset_6,0.4987022219201974,CSVGGGMGRGEAFF,TRBV29-1,TRBJ1-1
067ff0616612a7ce96ce6f372d643826,test_dataset_6,0.5164463166097351,CSVGRGGGGELFF,TRBV29-1,TRBJ2-2
06e164999c6e6b9bd9bfff556b88d2aa,test_dataset_6,0.5000519865248565,CSVEGGRGGGKLFF,TRBV29-1,TRBJ1-4
0769c2dd997c5e6b8a5cb17a903ded41,test_dataset_6,0.5174424747119428,CGGERERETQYF,TRBV20-1,TRBJ2-5
079a491a340e01e66cb463fde336168d,test_dataset_6,0.4929599759097222,CSVRGWDRGRGREKLFF,TRBV29-1,TRBJ1-4
08029e5e1b2c46c18878b0c8ce0f7c96,test_dataset_6,0.5224170018215218,CSVEKRTGERTGELFF,TRBV29-1,TRBJ2-2
08849330847806f1188752d1a60dfbf3,test_dataset_6,0.516544373002414,CASGLGEREGLAGELFF,TRBV12-5,TRBJ2-2
0905d9ed65c601579b5930f8448ac321,test_dataset_6,0.5203472950170852,CASGLGEREGLAGELFF,TRBV12-5,TRBJ2-2
098fb438b37131631f1a218025976268,test_dataset_6,0.5264679613008577,CASREGGGEREKLFF,TRBV7-2,TRBJ1-4
09a3f107ae22248ee4f4bc5bf73c3b1a,test_dataset_6,0.4982136978611868,CSAREGERTGESEAFF,TRBV20-1,TRBJ1-1
0a5ab28ddf5b87f4f5ee882233c0d16f,test_dataset_6,0.5128822560869309,CSARELGDSAGELFF,TRBV20-1,TRBJ2-2
0ae92dbcdb7d1f80b5e44cd0398284d4,test_dataset_6,0.4771867629701407,CATGEREGVGELFF,TRBV10-3,TRBJ2-2
0af7b005810973fd6c1cdd31da0e8544,test_dataset_6,0.4936952908777969,CASGLGEREGLAGELFF,TRBV12-5,TRBJ2-2
0d65ac2b1540802884757cf2d6cefd63,test_dataset_6,0.4947171440013826,CAWKGGDVGAGELFF,TRBV30,TRBJ2-2
0dab3af5e8de88d202eac7f695a02f8d,test_dataset_6,0.4861706924162952,CASGLGEREGLAGELFF,TRBV12-5,TRBJ2-2
0e03d638e7276438c7c65fbcd2afb887,test_dataset_6,0.4899207194223162,CASGLGEREGLAGELFF,TRBV12-5,TRBJ2-2
0ea0b0dee9a94dd79c30295132f8b346,test_dataset_6,0.491690364196309,CSVGIGELLFGGTGELFF,TRBV29-1,TRBJ2-2
108c935fa426a1b5f65455cdefea35b6,test_dataset_6,0.5064765706001436,CASSVGWGEGGELFF,TRBV9,TRBJ2-2
108dcac247d4569129984698af271824,test_dataset_6,0.499604347511044,CAWSVWTGGLAGGRTGELFF,TRBV30,TRBJ2-2
10be948743c7e697ba10e7dc32eecf37,test_dataset_6,0.5149150734676635,CAWSGMVAGEGFRGELFF,TRBV30,TRBJ2-2
11704f499d9371fc6daf917d78a6ab4f,test_dataset_6,0.5086463634865108,CAWSVGGGRGWGEKLFF,TRBV30,TRBJ1-4
12fbfd7466f7536e3bb29599d8c1ba32,test_dataset_6,0.4948431974061274,CAWMVWGVGGELFF,TRBV30,TRBJ2-2
1367346d17f3dd20b7bafb07a58463da,test_dataset_6,0.5205629384238292,CAEGREGGELFF,TRBV30,TRBJ2-2
14c01fb9e370a68bd81c5a68e882f998,test_dataset_6,0.4763804702190625,CSVEGSWGSVEKLFF,TRBV29-1,TRBJ1-4
153897125be5f26abdd72a060edba56d,test_dataset_6,0.5065122322806636,CSVEWGVGGEQYF,TRBV29-1,TRBJ2-7
15cddb48e41ef5bfd3cc0f3ec4110c4a,test_dataset_6,0.4972037457733184,CAWSEGGEGEKLFF,TRBV30,TRBJ1-4
16042ee56c46100545236b869aa9a507,test_dataset_6,0.4962230917119605,CARGGGGEKLFF,TRBV10-1,TRBJ1-4
1653360f1c5b5fe92f1b87fda322004b,test_dataset_6,0.5195617048779985,CSVGRGGGGELFF,TRBV29-1,TRBJ2-2
16f72ae60d63886fbadfb19ecb1f96bf,test_dataset_6,0.5076980614035969,CASSERERETQYF,TRBV7-2,TRBJ2-5
17a06200231968de66a2187ddc7d9279,test_dataset_6,0.5095960515429144,CSVEGSWGSVEKLFF,TRBV29-1,TRBJ1-4
17ba7dbe2a90569d3a1f1e4579437afb,test_dataset_6,0.513724661017922,CAWMGGGELFF,TRBV30,TRBJ2-2
17f2e34e08e5642e81b9a21a8cc726e4,test_dataset_6,0.4885533207562644,CAAGGGGEKLFF,TRBV10-3,TRBJ1-4
17f4e179db2dc8cfc8afaa46528f788a,test_dataset_6,0.5238662671600035,CASGRRGGGGEKLFF,TRBV5-5,TRBJ1-4
18436ab59a2d54eae40d81545992385e,test_dataset_6,0.5055663210906743,CASGLGEREGLAGELFF,TRBV12-5,TRBJ2-2
1ae2cd88d8287240f006afd47c48c9d0,test_dataset_6,0.4845122701549499,CSVGRGGGGELFF,TRBV29-1,TRBJ2-2
1baf062e1b6c4c319c2bc285d018efa0,test_dataset_6,0.5260047577589391,CY,TRBV30,TRBJ1-2
1d11103a81b1e13164340bfc74152e14,test_dataset_6,0.5091708025679279,CAGAGAGEETQYF,TRBV5-4,TRBJ2-5
1d4d8304654449a8fd6882bd9097fbf6,test_dataset_6,0.5216167265638756,CASMVREGGGELFF,TRBV10-1,TRBJ2-2
1dddce1f1821d5f83905df5c4ef20aed,test_dataset_6,0.5012923716972671,CSALLWTGGEWLGTGELFF,TRBV20-1,TRBJ2-2
1de8ed616f52ac3664e73bbafd6a0a1d,test_dataset_6,0.5167686405167051,CASGLGEREGLAGELFF,TRBV12-5,TRBJ2-2
1ebd04beedb4f0bd21587ce15a504bfd,test_dataset_6,0.5141889084128773,CAWMGWGAGELFF,TRBV30,TRBJ2-2
1fba9c0b47c76ba85399610d4cc61cda,test_dataset_6,0.5073322439163883,CSVEGGFGGELFF,TRBV29-1,TRBJ2-2
1fd4a976df3974b2d31cf0c641956a2b,test_dataset_6,0.4768089107477845,CASGLGEREGLAGELFF,TRBV12-5,TRBJ2-2
200e30c170d3609ae2c88c9b4519588e,test_dataset_6,0.4814218204799868,CAWTWGGGGEKLFF,TRBV30,TRBJ1-4
20f48b7634f959921965a42b607106a9,test_dataset_6,0.4970528436582723,CASGLGEREGLAGELFF,TRBV12-5,TRBJ2-2
21e1365ba51b28839aab46208beeb61a,test_dataset_6,0.5237471979936846,CARVGGGEEKLFF,TRBV6-4,TRBJ1-4
226d1ae0b21dd898e288c46072e252a0,test_dataset_6,0.5160741194027789,CASSRERERETQYF,TRBV7-9,TRBJ2-5
227828773378d98d81726c0a2b414e3d,test_dataset_6,0.4824363074305406,CAWSGWGVGEKLFF,TRBV30,TRBJ1-4
22b8ad92cd688761564cc028222fed14,test_dataset_6,0.4904610233748904,CSVEEGGRGCFF,TRBV29-1,TRBJ1-1
23bac0af9162a339a1efe6586e9956ac,test_dataset_6,0.5001667599450567,CAWSDWGVWGVGSNSPLHF,TRBV30,TRBJ1-6
23e668bfc8584adf0c16a344f5f91ee9,test_dataset_6,0.4804356534218434,CSVGERERETQYF,TRBV29-1,TRBJ2-5
243723313fcfefecfc4a09c950808579,test_dataset_6,0.49465289119805,CASRKREGGKGGELFF,TRBV19,TRBJ2-2
24599a41f07a5ce8ca5560bb0b11984a,test_dataset_6,0.5048075586793911,CAWRGEGEIGELFF,TRBV30,TRBJ2-2
24a19b8791625f77f18b5736193170ed,test_dataset_6,0.4894209337412207,F,TRBV7-3,TRBJ2-2
250137f76ae2cbb043cd120cead9783c,test_dataset_6,0.5225478713050696,CSVELGSVEQYF,TRBV29-1,TRBJ2-7
2578c31c4f6a036845010058444903f3,test_dataset_6,0.4841033149304797,CSVGRGGGGELFF,TRBV29-1,TRBJ2-2
26411ce72fead7f87de3a3b9acf9cada,test_dataset_6,0.4787083030161608,CAREWAREWETQYF,TRBV19,TRBJ2-5
269966386feb3e66a6b43812454e884f,test_dataset_6,0.5185894833642697,CSVVGGGGGGEQFF,TRBV29-1,TRBJ2-1
269f786636fbb2c073adc0a10cb57152,test_dataset_6,0.4915204602948659,CASGLGEREGLAGELFF,TRBV12-5,TRBJ2-2
26d56925833df067eccedce05d405cd6,test_dataset_6,0.4916083042122935,CSAKSRDEVWDTEALEEVWDTEAFF,TRBV20-1,TRBJ1-1
276fec961e478fe7eeae579896e9bc40,test_dataset_6,0.5058306909385285,CSVVRMAGGSGGELFF,TRBV29-1,TRBJ2-2
27fe82fe6818386b259bd3393dfe9c6a,test_dataset_6,0.4991388874531894,CSVEEEGGGEGYTF,TRBV29-1,TRBJ1-2
2856a660521977e79fa305e2ef0490ba,test_dataset_6,0.4942761168621455,CSAGAGAGEEEQYF,TRBV20-1,TRBJ2-7
28720f4cbc28f75f9bf720ef96688251,test_dataset_6,0.5048011416022816,CASGLGEREGLAGELFF,TRBV12-5,TRBJ2-2
28779d3e6cb7737b35d93bb7bc19a09c,test_dataset_6,0.4829282051897883,CAWSVWTGGLAGGRTGELFF,TRBV30,TRBJ2-2
292106a0890f78038be6bcc5122c92f8,test_dataset_6,0.5029258654353347,CASGLGEREGLAGELFF,TRBV12-5,TRBJ2-2
298fed663f1d39e775a002e5492e713f,test_dataset_6,0.4855005939178194,CASREGRGGGEKLFF,TRBV6-5,TRBJ1-4
2996834a5a6141bb06f45f558b1d36f4,test_dataset_6,0.4867442013685794,CSVGEGRGGELFF,TRBV29-1,TRBJ2-2
29a4501257cfac8467989a7879920461,test_dataset_6,0.4950404967958888,CAWRGGGGGGEKLFF,TRBV30,TRBJ1-4
29d3f74e41b99a19b8b421ae0fa34985,test_dataset_6,0.4994659932109656,CAWSVWTGGLAGGRTGELFF,TRBV30,TRBJ2-2
2a4bb244a75669ba717f555b254dff60,test_dataset_6,0.5143998220511775,CSVEVEERERTGELFF,TRBV29-1,TRBJ2-2
2a8d0da17f7ccb0f4ad00a862e917548,test_dataset_6,0.5013995005984341,CSVGGEGRSVGVGEYF,TRBV29-1,TRBJ2-7
2bacf8c588beaa30c1825fa3c7a0a845,test_dataset_6,0.4745077859902281,CAWSVGRGRGGELFF,TRBV30,TRBJ2-2
2c7597cd2e8475644b1b12134873cc63,test_dataset_6,0.4800695353880269,CAWGRGGGDEKLFF,TRBV30,TRBJ1-4
2dd696f5e504dc7ba25d319d34a76da4,test_dataset_6,0.5069771131704257,CASAAPSC,TRBV6-4,TRBJ1-1
2e251f9572d0f742f85493bf3b81db8e,test_dataset_6,0.4953786939967104,CASSEGEGEGEKLFF,TRBV4-1,TRBJ1-4
2f68273c0f20dc7e2130f2772de8ed49,test_dataset_6,0.4787590407929187,CASSVGWGEGGEKLFF,TRBV9,TRBJ1-4
308efcc470bd3245b19b24e6322c23be,test_dataset_6,0.5077312495336788,CSAREREWETQYF,TRBV20-1,TRBJ2-5
318b60dbd6194271c1b0f7a50e379634,test_dataset_6,0.526984899651732,CSVGVGGGGREKLFF,TRBV29-1,TRBJ1-4
3246eba49892b9c4e252416635fd5efd,test_dataset_6,0.5103519812039818,CSVEVGGGWLGEAFF,TRBV29-1,TRBJ1-1
353e98aad8a3f0e3b2e006a591ba362e,test_dataset_6,0.4973611960025737,CATSDLGEREGERETQYF,TRBV24-1,TRBJ2-5
36cd3904128ab5be0e3c394f35591dd9,test_dataset_6,0.4955674010088713,CAWSGEGSWSGELFF,TRBV30,TRBJ2-2
36ed75a32baf66e8dea8f3510407b099,test_dataset_6,0.4811741097098614,CSARDEQQGARDEQYF,TRBV20-1,TRBJ2-7
392f172a79d79c308ff63460c7f66c8a,test_dataset_6,0.514889043017445,CSVVGEGGEKLFF,TRBV29-1,TRBJ1-4
3b684a34d136ce23434b4e9e084438fd,test_dataset_6,0.4999867345430544,CSAGAGAGEEEQYF,TRBV20-1,TRBJ2-7
3be28c570c99552de9355f83e1979d9f,test_dataset_6,0.5229640411524957,CAWMGGGGELFF,TRBV30,TRBJ2-2
3e512f30c4c595711c85d2cb53eab71a,test_dataset_6,0.5100880797993886,CAWGVGGGGEKLFF,TRBV30,TRBJ1-4
3ef2d4ddf9797d8edc6860c233526a78,test_dataset_6,0.498652502456126,CAWMGEGARTGELFF,TRBV30,TRBJ2-2
417ea877a28536ee39da78fc0bb3cbab,test_dataset_6,0.517260922181487,CATSRERDREGEKLFF,TRBV15,TRBJ1-4
4351bf354ea6361783fd1be83a5cef61,test_dataset_6,0.5163569835658979,CSARELGHSAGELFF,TRBV20-1,TRBJ2-2
437b88a79c39284c742ade499358b857,test_dataset_6,0.5192563712918806,CSVEGGVEGREYGYTF,TRBV29-1,TRBJ1-2
43b62d78c6eb3c7b6e5f2f8706a72f7c,test_dataset_6,0.4947286974338925,CSVWGAGGGELFF,TRBV20-1,TRBJ2-2
4470ae87dcaa82a24ad032cba45a2956,test_dataset_6,0.5005804136289016,CSVVGGVGELFF,TRBV29-1,TRBJ2-2
44e8b317f281a9ce9bf8f3f50aa63bd0,test_dataset_6,0.4779400788126378,CASREPGEPGELFF,TRBV6,TRBJ2-2
451308ed8ff1f90647b84d1ca115bd9d,test_dataset_6,0.4890425140720904,CSVEGWRGSGELFF,TRBV29-1,TRBJ2-2
46e3ec3ecc18ceb2cb018630ad89ee6d,test_dataset_6,0.5128080689601782,CSGEREGEKLFF,TRBV20-1,TRBJ1-4
47494c4e3584264ff99c7fd17067820c,test_dataset_6,0.5133624727188238,CASSLFLGGGEGVGELFF,TRBV5-6,TRBJ2-2
475eb1a2cac79fe2379a39bf0e5a9852,test_dataset_6,0.5155777436777376,CSVEGSWGSVEKLFF,TRBV29-1,TRBJ1-4
47da1a0b55cb8262a2d7f040952d8b1d,test_dataset_6,0.4726541186416067,CAWREAGAGAGELFF,TRBV30,TRBJ2-2
47dd24b8c29764c1c117f2dcbf0eca44,test_dataset_6,0.4840785715873201,CASGLGEREGLAGELFF,TRBV12-5,TRBJ2-2
47fc26dd74816a35a650730fc9e55142,test_dataset_6,0.5077924321216989,CASGLGEREGLAGELFF,TRBV12-5,TRBJ2-2
4826b1d7ee049e9c6a8d7f9dbc8e8abd,test_dataset_6,0.4820235856715841,CSVGMSWGVRGAGELFF,TRBV29-1,TRBJ2-2
489ed11c5f4689427c5e08a4d5549c8b,test_dataset_6,0.4981939858849786,CSARARARARKELFF,TRBV20-1,TRBJ1-4
49aa4112b81d1f212a12169e8dc61daf,test_dataset_6,0.5201740815483797,CSVVGDRGGELFF,TRBV29-1,TRBJ2-2
49dc478b20000497372af318fd22efa3,test_dataset_6,0.5147343002679974,CAWTGAGGAWTEAFF,TRBV30,TRBJ1-1
4a923f0415afa206d3c69f7258f4182d,test_dataset_6,0.4892902307355704,CSVDGGLAGELAGELFF,TRBV29-1,TRBJ2-2
4ae62021b1b1d45fdce6f9bc73a74bcd,test_dataset_6,0.4736957833963744,CACERARETQYF,TRBV30,TRBJ2-5
4b3bcec3413836bd9c142ff4662f2080,test_dataset_6,0.4945657683089735,CAWKGVGGELFF,TRBV30,TRBJ1-4
4b420db19a0a8231f0e2dfc565aa3886,test_dataset_6,0.4916281185559339,CAWSVGWGRGEKLFF,TRBV30,TRBJ1-4
4ba763c18c090c5e5de618ad5486d7c8,test_dataset_6,0.5074007763718138,CATEGKRATEAFF,TRBV6-5,TRBJ1-1
4d0d51b7fc74f7e68173f36de5656f7e,test_dataset_6,0.509715684482019,CSVEGETGGGMAGELFF,TRBV29-1,TRBJ2-2
4f13d43d2455096ed2ae4e6649536743,test_dataset_6,0.4991730984290535,CASGLGEREGLAGELFF,TRBV12-5,TRBJ2-2
520ee9774b2c97394310f97f50542357,test_dataset_6,0.5149865492422994,CSAREWGKGGAGELFF,TRBV20-1,TRBJ2-2
52396c5de7ed6850dd932365bcd8dfa5,test_dataset_6,0.5225499694702024,CSVEGAKGSVEETQYF,TRBV29-1,TRBJ2-5
526db7e66b74b0c0940cf8dc0fd88dd1,test_dataset_6,0.4996834025630115,CASSLVGSWASSLVGWRDYNEQFF,TRBV5,TRBJ2-1
5281aab20c27bff8165ed03df9ffe3bf,test_dataset_6,0.4932019866894729,CASWEGWGGGGELFF,TRBV4-1,TRBJ2-2
52c434dcb334f1304a5c93315a1349f6,test_dataset_6,0.5109560197926719,CASRGGGVVGGELFF,TRBV27,TRBJ2-2
52e9b4adfb4838fd2e2e13f7c98b1324,test_dataset_6,0.5157859389174531,CSGGGGGVWTGELFF,TRBV29-1,TRBJ2-2
532fbe0f3837028c66b13e394fc8d25c,test_dataset_6,0.5260077598453309,CSVGGRRGGEKLFF,TRBV29-1,TRBJ1-4
53848602c31fae07f06d7b093e238336,test_dataset_6,0.4922641174980228,CSVEGRGGRSGELFF,TRBV29-1,TRBJ2-2
53faf1b94f6aad74e9a960a7140f19b3,test_dataset_6,0.4817223945074655,CGGGWGEKLFF,TRBV20-1,TRBJ1-4
548ec996984dfe3b70c6a4b568261f95,test_dataset_6,0.4994576516666723,CAEEGL,TRBV6-6,TRBJ2-7
56a8e9421e0a5adb36a3bbd72330560d,test_dataset_6,0.4813771547569834,CAFCGRGRAFF,TRBV27,TRBJ1-1
575fdc3c0508c3ba76a873d5896d62ba,test_dataset_6,0.4849209456306016,F,TRBV11,TRBJ1-4
57d26988ade7baff0eb7de55255da573,test_dataset_6,0.4728382094808113,CSVGRGGGGELFF,TRBV29-1,TRBJ2-2
57def58b6181f0adb8f868b51788e4f2,test_dataset_6,0.4935037019183912,CSVGGEGGEKLFF,TRBV29-1,TRBJ1-4
57e025d1a7de18974ab39fce15f7f2a8,test_dataset_6,0.4973551309039545,CAWSLGGEMGGEKLFF,TRBV30,TRBJ1-4
58d3d2b2463f0a96324b0ae5fdd1bf7b,test_dataset_6,0.5283363238912258,CSVEVGERGGFF,TRBV29-1,TRBJ2-1
5a4dbe021f0ccbebd34783800680fcd7,test_dataset_6,0.4937255730347611,CSVGGGRGRSGELFF,TRBV29-1,TRBJ2-2
5a7169227fa9072ec6042ff24613d69c,test_dataset_6,0.5191940763425563,CSVEWGRGVCTGELFF,TRBV29-1,TRBJ2-2
5a78236b6ee04218bbe4973899e4442a,test_dataset_6,0.5285823225927673,CSVEGRWGGELFF,TRBV29-1,TRBJ2-2
5b0364d5a77deac06b124b2de4ab008c,test_dataset_6,0.5187200548739301,CSVEEGGREKLFF,TRBV29-1,TRBJ1-4
5b1cf7296a0f38c484ddde0c6db4839b,test_dataset_6,0.4809096733687227,CSVEGGREGKSEAFF,TRBV29-1,TRBJ1-1
5b558ca0c1a24d88c89214070da8ea63,test_dataset_6,0.5020802347027041,CATGEREGVGELFF,TRBV10-3,TRBJ2-2
5ba4db790160e7571c98a26e01056722,test_dataset_6,0.4753368460063901,CAWSVWTGGLAGGRTGELFF,TRBV30,TRBJ2-2
5cccdf4c313ada6d187be91eec35609b,test_dataset_6,0.5173655702310772,CSVVGMERGAGGERVQYF,TRBV29-1,TRBJ2-7
5e16806927c8312f5c0fbc10081d772d,test_dataset_6,0.5274428291332593,CSVGGVGWGSEAFF,TRBV29-1,TRBJ1-1
5e3a2fe361569b4c1968a6f41ce14966,test_dataset_6,0.5040251562147335,CSGRGMGEGEAFF,TRBV29-1,TRBJ1-1
5e5b6d871e8ec8f5dd92e9d20bc38ffc,test_dataset_6,0.5241522419973081,CASSGGEGEGEKLFF,TRBV9,TRBJ1-4
5e84896aade719aa67e68cc3732a91a8,test_dataset_6,0.4873748294650835,CSARETSGSAREQFF,TRBV20-1,TRBJ2-1
5ebb490135270b219a32bd6d094ee402,test_dataset_6,0.5101738307275504,CASMRERTERTEAFF,TRBV6,TRBJ1-1
6077063d093d90a2d235086dd8860991,test_dataset_6,0.5096101018293063,CAWRVEVSGGRREKLFF,TRBV30,TRBJ1-4
60b4ef888a4fed3123289d54cad2d0ae,test_dataset_6,0.5131119291027094,CASSTGSWTAWTF,TRBV19,TRBJ1-2
61ca6096e88345a5b6d6dfd6d0fae97f,test_dataset_6,0.5179189742655513,CSGGGGGGELFF,TRBV29-1,TRBJ2-2
63226bdc74aed9d16ea38fca7fcd17c7,test_dataset_6,0.5181875423912806,CSGRGMGEGEAFF,TRBV29-1,TRBJ1-1
63fa39d11508a6d042d64cb942c7e01a,test_dataset_6,0.510453263854322,CASSEAGWGVGVGEAEAFF,TRBV6-1,TRBJ1-1
645dfcfe7773f0222438240138d6ea22,test_dataset_6,0.4938609636759939,CASRWGGVVGGELFF,TRBV6-5,TRBJ2-2
647bf861871a0fd536ad9b772cc893f7,test_dataset_6,0.5029376201087663,CSVEVGVDRWGDEKLFF,TRBV29-1,TRBJ1-4
65293f2f72d57483dcf77157d4e0e263,test_dataset_6,0.499366617332952,CAWSVWTGGLAGGRTGELFF,TRBV30,TRBJ2-2
658ad7b6a8de03f4b110addf2ad8a7b6,test_dataset_6,0.5207425043802687,CSVGEGVGGELFF,TRBV29-1,TRBJ2-2
6591eea3f7a8d5648ec711f9d86710af,test_dataset_6,0.5047992331093145,CSVEKEREGGELFF,TRBV29-1,TRBJ2-2
66f7db4a7e9fdcbf10bce1f7af6fdd5d,test_dataset_6,0.4817713025664838,CASERERDTGELFF,TRBV5-8,TRBJ2-2
66fcd816e47c39ef85a58b8a2ad6df6f,test_dataset_6,0.4913562428963779,CSVMAGKGRGKLFF,TRBV29-1,TRBJ1-4
671d93d8b501af4731dac3e1b62d8e84,test_dataset_6,0.5134123395189986,CASSEGRASGEGEQFF,TRBV2,TRBJ2-1
68449f64e43964b299db58815b8d660c,test_dataset_6,0.4985337253305044,CSARGDRGGGKEKLFF,TRBV20-1,TRBJ1-4
69a62d5c6692539f1278ae9fed2e3f9d,test_dataset_6,0.5072137334031275,CSGRGMGEGEAFF,TRBV29-1,TRBJ1-1
6aad83b5234951bae5245a399123aea9,test_dataset_6,0.4812368748832283,CSARERERGNEQYF,TRBV20-1,TRBJ2-7
6b0922ba099f9fac4d988bb2fb3f7314,test_dataset_6,0.4926280257216879,CAGGGMERELFF,TRBV11-2,TRBJ2-2
6cf73c01c6de426f0108d8b0e0d6631e,test_dataset_6,0.4966618213412383,CSGGGGGGEKLFF,TRBV29-1,TRBJ1-4
6d158a5230cef50c019f27d500de9fe6,test_dataset_6,0.4772501513158531,CAGRKRGESGGELFF,TRBV13,TRBJ2-2
6d2de089ee28498cc9a1df62fc6cf1c8,test_dataset_6,0.5112991302778764,CSVEVEMEVGYTF,TRBV29-1,TRBJ1-2
6d8979e6edabe5effe812b3536e76516,test_dataset_6,0.5202108537836522,CASGLGEREGLAGELFF,TRBV12-5,TRBJ2-2
6d9c8d5ef84035bc068dd992d0c04638,test_dataset_6,0.5265665516007554,CSVEEEGRGEKLFF,TRBV29-1,TRBJ1-4
6df36a08628765e779cc1c2a401b824c,test_dataset_6,0.4990673896707935,CATSERQGATNEKLFF,TRBV24-1,TRBJ1-4
6dff853412712635bb1f7a5d40b4f349,test_dataset_6,0.5132839680486466,CSVEGGRGGELFF,TRBV29-1,TRBJ2-2
6e8cbd77c6411146d76f6cfba7e11bcc,test_dataset_6,0.473626476789102,CAWSVVGGGEEKLFF,TRBV30,TRBJ1-4
6ea82e0c0eee50306d9bc0b609aa074b,test_dataset_6,0.4887736650355006,CSARVGVEGKGEKLFF,TRBV20-1,TRBJ1-4
6ed5b134a3d5361845773a7b4cf94fed,test_dataset_6,0.5257311920191299,CAWGSEAGEGGGELFF,TRBV30,TRBJ2-2
70005c47a06335b5451c9b72874b0593,test_dataset_6,0.4818471780332221,CGGERERETQYF,TRBV20-1,TRBJ2-5
7035c29ac9eda1e70f6544450c1c1e45,test_dataset_6,0.5222188598409682,CASPRACC,TRBV3-1,TRBJ1-1
706f52cea459d5195e15ff740ab06fd3,test_dataset_6,0.5261784929482589,CSVGRGGGGELFF,TRBV29-1,TRBJ2-2
723227235f9f214861e9c68a7193aabb,test_dataset_6,0.5023959133822108,CAWSVGGAGWSGELFF,TRBV30,TRBJ2-2
724612275a172b276cc7d716524ec8f9,test_dataset_6,0.4893289729077181,CAWSVWTGGLAGGRTGELFF,TRBV30,TRBJ2-2
7382c3ddf5a96e90b887cfe54004f8fc,test_dataset_6,0.4741428357534428,CARERERGDTGELFF,TRBV2,TRBJ2-2
73ed841a040f256d715e20d6ee581c21,test_dataset_6,0.4925127511358925,CASGLGEREGLAGELFF,TRBV12-5,TRBJ2-2
74c1d20b68c41b8d9d67f2fcd1f37ece,test_dataset_6,0.5122327722727519,CAWSWGGGGEKLFF,TRBV30,TRBJ1-4
74e3dad8c237244c4fe4cc906b81dadc,test_dataset_6,0.5074800103089242,CASSEREKPREKLFF,TRBV2,TRBJ1-4
7507eb1f1a63d0c331854e0157a3899f,test_dataset_6,0.5043661624776407,CASSGRLGEEWGEGEKLFF,TRBV5-5,TRBJ1-4
750a4a9c8228a8a01747070dace71e56,test_dataset_6,0.501946210744511,CSVEGGGEEELFF,TRBV29-1,TRBJ2-2
75905f2a4c570d16f00cc18452b0985f,test_dataset_6,0.5228786110371763,CASSEREGVGGELFF,TRBV6-1,TRBJ2-2
7616b00ffaf739d12f283632ea1e6060,test_dataset_6,0.5127096672235416,WEGGGEKLFF,TRBV30,TRBJ1-4
774fe59035755cf2901f7ee4f4c7788e,test_dataset_6,0.5209116932592814,CAWSWERERETQYF,TRBV30,TRBJ2-5
7785c0f37b525dfc6ba2fb8f8885f507,test_dataset_6,0.4924026239836283,CSVMGGVRGELFF,TRBV29-1,TRBJ2-2
78959b0f851b649a9d5340c135eeba22,test_dataset_6,0.4940831151547505,CASGEEGVEGEAFF,TRBV2,TRBJ1-1
78a1bbd6ab9601cef7f9a4905ea3e11e,test_dataset_6,0.4981516559279472,CASRVTGELFFGEGSRSGELFF,TRBV12,TRBJ2-2
78a504cf63859c6d2b20821468bb541f,test_dataset_6,0.5202448672140065,CSAKSRDEVWDTEALEEVWDTEAFF,TRBV20-1,TRBJ1-1
78dbc16e30501c501e996dfdba988801,test_dataset_6,0.519420792634697,CSVVWGGGGELFF,TRBV29-1,TRBJ2-2
7a78daaff29fcf4722572683890c384f,test_dataset_6,0.4794624811900864,CASEREMGGELFF,TRBV10-2,TRBJ2-2
7c678798669bd8b5bcc11e4c89f02f53,test_dataset_6,0.4969610585621772,CALVEERGGGEKLFF,TRBV30,TRBJ1-4
7c68eaaf7b832a1e169bb6d8dbfb8d4f,test_dataset_6,0.4872963291296271,CASGLGEREGLAGELFF,TRBV12-5,TRBJ2-2
7cabf91e41e3f6ac40fa940e2ce133ab,test_dataset_6,0.526876336310434,CASARAGARAEAFF,TRBV2,TRBJ1-1
7cd279f70e502886e02249c14d25553d,test_dataset_6,0.4966508650084778,CSAREGERETQYF,TRBV20-1,TRBJ2-5
7d3c6d2081ef82107332de7a6032c3e7,test_dataset_6,0.4833274655819036,CSARDRVRVRETQYF,TRBV20-1,TRBJ2-5
7e1550c6d253c7a2505bd7c27528503d,test_dataset_6,0.4883366821728899,CAWKGGKMGTGELFF,TRBV30,TRBJ2-2
7e28ace8f0942a92a0bcd841e2ada7cc,test_dataset_6,0.493946791400823,CASGLGEREGLAGELFF,TRBV12-5,TRBJ2-2
7ec7511ed86b6380d0415f9f05b2b2bf,test_dataset_6,0.4915125182313412,CSVGWGVGSTGELFF,TRBV29-1,TRBJ2-2
7f1cd3fa63db58643e6086122c7e014f,test_dataset_6,0.4899212846977706,CASREGRGGGEKLFF,TRBV6-5,TRBJ1-4
7f5e72886c3a6b03f40946735afd378b,test_dataset_6,0.5135365452562156,CSAGNRERERETQYF,TRBV20-1,TRBJ2-5
7f9db82bffecfb7b3354ef4e7bcc4f62,test_dataset_6,0.5224050601675421,CAWRVGGVGELFF,TRBV30,TRBJ2-2
7feefa6a521f84eb2659b387184883df,test_dataset_6,0.5025843019147906,CAWMGGGGEKLFF,TRBV30,TRBJ1-4
80879a3a5f09840f792e84af80ccce27,test_dataset_6,0.5079438466076689,CAWSVWTGGLAGGRTGELFF,TRBV30,TRBJ2-2
80b8850dd1ae178c34b1e48e966d1f61,test_dataset_6,0.4917392627586869,CSVEGGVGELFF,TRBV29-1,TRBJ2-2
821d9da3024ac21baa59ebeea23090c8,test_dataset_6,0.4802265665259298,CSVRGREREGLDEQFF,TRBV29-1,TRBJ2-1
8273700cf33a3aa1de44533b57465c89,test_dataset_6,0.505131370770532,CSVVRGGRDRGGKLFF,TRBV29-1,TRBJ1-4
850b0204f30f62ce5ae7f376e2b18a58,test_dataset_6,0.4869589789325311,CSADGERSADGVMLF,TRBV20-1,TRBJ2-1
87c943a7c46940afb63b3654604b0dcd,test_dataset_6,0.4755108275308483,CASSREWASGRASGTGELFF,TRBV12,TRBJ2-2
890e7d1a222d5c31f88b1b390616f858,test_dataset_6,0.4896096834425289,CAGGGGELFF,TRBV6-5,TRBJ2-2
891143b5bc749a394bdfdf0426e4fa40,test_dataset_6,0.5024015911536616,CSAREWREGRGGELFF,TRBV20-1,TRBJ2-2
89e26b1db0e1de6d1c5c60984472a161,test_dataset_6,0.5097569431477219,CSVEEGGEVEKLFF,TRBV29-1,TRBJ1-4
8afd7537eff1e75c3fafd3271e9e0ab5,test_dataset_6,0.4883080392704075,CSVEGSWGSVEKLFF,TRBV29-1,TRBJ1-4
8b39f34e7981a1d019ae29e943dd6f38,test_dataset_6,0.5046258508964,CASSRKEGGGGEKLFF,TRBV4-2,TRBJ1-4
8b4eb169857598d8bb0e90544ec71e57,test_dataset_6,0.4856633039105292,CASSGERGGRGGELFF,TRBV9,TRBJ2-2
8b76447fc7a73420591359f72beae9ea,test_dataset_6,0.5114876664410806,CASGREGGRGEKLFF,TRBV4-1,TRBJ1-4
8b999b598b6d8218c11754eb3c577691,test_dataset_6,0.4933421843587439,CASMRERTERTEAFF,TRBV6,TRBJ1-1
8c84b47691a3a160a5d4603e88c56b7d,test_dataset_6,0.519629290665821,CAWGRGLAGGRGELFF,TRBV30,TRBJ2-2
8c96a23bc363be5bb146e42095e6803f,test_dataset_6,0.4989263316750292,CSVDGGLAGELAGELFF,TRBV29-1,TRBJ2-2
8cc0851c3f187f46f686489aced03fc1,test_dataset_6,0.517209663140989,CASKERERETQYF,TRBV6-1,TRBJ2-5
8d358aad8a5aee8cd4959fc1f1cee847,test_dataset_6,0.48931265227086,CSVGFFRGGVGEKLFF,TRBV29-1,TRBJ1-4
8d6b2becb4cbc4813fc49c670568ddd3,test_dataset_6,0.5225997883427613,R,TRBV20-1,TRBJ1-3
8e15a047edc34658830d4d89e6b04155,test_dataset_6,0.5146110657710399,CASGLGEREGLAGELFF,TRBV12-5,TRBJ2-2
8f1fbe8ffaed4455ae20e2af07d2c5e6,test_dataset_6,0.4984017697739663,CAWRGEGGGNEKLFF,TRBV30,TRBJ1-4
8f6e982bb6f4f1b85c06b0a015fa72b6,test_dataset_6,0.4899546760784608,CAWRAVMGGGGRFF,TRBV30,TRBJ2-1
8fe3a31080d988548624b6bb5e1672a7,test_dataset_6,0.475966682911256,CARREGEGDNEKLFF,TRBV7,TRBJ1-4
9349ad932fda95c1fc165230322ef330,test_dataset_6,0.5017589464633847,CAWKGGRDRGREKLFF,TRBV30,TRBJ1-4
94096eb9195e7b7075d868ff532b9b7d,test_dataset_6,0.4858022249067822,CAWWGWGGVAGELFF,TRBV30,TRBJ2-2
94131870a4375540411d66d21f4e006f,test_dataset_6,0.5074805146303553,CSREDSRDREVC,TRBV29-1,TRBJ1-1
947fd6906f2f28242ebce7f3d9806e10,test_dataset_6,0.5124026560293868,CSVVERGGGGELFF,TRBV20-1,TRBJ2-2
94ab67a29698e782e297db97023ba21b,test_dataset_6,0.4979465566774572,CASGLGEREGLAGELFF,TRBV12-5,TRBJ2-2
956b376dcf57c4abda61f737528eb63f,test_dataset_6,0.4830781039230066,CAWSVVGWGELFF,TRBV30,TRBJ2-2
963352c2f5ee7c5c25b1d647a3871745,test_dataset_6,0.5137430205316519,CSVGERGGGELFF,TRBV20-1,TRBJ2-2
96fae4e5bc8520f910ceac97267ed64b,test_dataset_6,0.5190494675972183,CSVEGGVEGREYGYTF,TRBV29-1,TRBJ1-2
97d4005c34ba5476fa6a6138f39824ad,test_dataset_6,0.515317638043399,CASSGVGLDRGGWGAGEKLFF,TRBV28,TRBJ1-4
989750483b972ce336afee7c5fbe9e10,test_dataset_6,0.5143869531919963,CASSTGSWTAWTF,TRBV19,TRBJ1-2
98c19ce58a274f370989ae58874bf1a9,test_dataset_6,0.4977971136257864,CAWSGGTWSW,TRBV30,TRBJ1-2
9a0112d50a29f59c07deef6faa7e7b67,test_dataset_6,0.497340293810678,CRDGGGGEKLFF,TRBV20-1,TRBJ1-4
9bbe9a05266306f2e2a7420fb6f98115,test_dataset_6,0.5200835480654523,CAWSGEGSWSGELFF,TRBV30,TRBJ2-2
9bfb7e23b810cd9e8ac524db8311b38d,test_dataset_6,0.4777646785652742,CASSEGGREGEKLFF,TRBV6-1,TRBJ1-4
9c4a12d9932bdf0ee02bb6ffd0a62c4c,test_dataset_6,0.5092175653996637,CARGEEGEETGELFF,TRBV19,TRBJ2-2
9cd790dafbbc075779401353a23b0b9d,test_dataset_6,0.5281369995050986,CAWSGESGRWESGELFF,TRBV30,TRBJ2-2
9d06f5f44be5435d0bf46c2bc7c81183,test_dataset_6,0.4734764141395847,CSVEGGGGGWKMETQYF,TRBV29-1,TRBJ2-5
9d65a54f5406a5bdf55f398b25eda7e3,test_dataset_6,0.5080111837135161,CSVEVVAGGGDGYTF,TRBV29-1,TRBJ1-2
9e046f66c21b7444ef3e0afd32890e84,test_dataset_6,0.479541920079858,CSVEVLGGGVWEEKLFF,TRBV29-1,TRBJ1-4
9e7a7bb2cdf00a042e51a2f5e38f66d9,test_dataset_6,0.4986120471995839,CSVVRVGGGGEKLFF,TRBV29-1,TRBJ1-4
9ee437c46569a562c47077b73276058d,test_dataset_6,0.5250263661123798,CSARGEGGGEKLFF,TRBV20-1,TRBJ1-4
9f4505d39142713c7c0aad1f59abb72b,test_dataset_6,0.5063359163649741,CASGGGGGEEKLFF,TRBV6-5,TRBJ1-4
9f881071edb1d5cc157de87563c8d3a9,test_dataset_6,0.5006587995378281,CASSVGGEGGGEKLFF,TRBV9,TRBJ1-4
a04f3eb2ea1b1292049bee50f0ee4f96,test_dataset_6,0.5062662571356712,CASSEGGRKGGAGELFF,TRBV25-1,TRBJ2-2
a0f2186f6f0d43e51754f2ec29f5ab1d,test_dataset_6,0.5037667827390325,CSARDRDREGEKLFF,TRBV20-1,TRBJ1-4
a19e5c438cabc971d218457e7c02f860,test_dataset_6,0.5225625203990558,CSVVMGVGEELFF,TRBV29-1,TRBJ2-2
a21fd761d6cf4952a19732d28606e2f6,test_dataset_6,0.4941712663703095,CASSLEGRASGLETQYF,TRBV7-2,TRBJ2-5
a2b0567e17dee1a98d81e9fc629ba7da,test_dataset_6,0.4775656816333056,CSVAVRGGGEKLFF,TRBV29-1,TRBJ1-4
a30a74609e47daadff0483c9760542a9,test_dataset_6,0.4760818737380868,CASREREREKLFF,TRBV27,TRBJ1-4
a3e0fbd1d7ca06e871b3db06e8a90baf,test_dataset_6,0.5074773174740298,CASSGGEREKGRTGELFF,TRBV6-1,TRBJ2-2
a4431933aca655d70b07bfbb6514c555,test_dataset_6,0.5009952177036616,CATGESLATGELFF,TRBV24-1,TRBJ2-2
a5206611b346d1983977619191b40568,test_dataset_6,0.4878326929997864,CSARVGVEGKGEKLFF,TRBV20-1,TRBJ1-4
a5401b9b09cc359f62ee2eb5ec96b30a,test_dataset_6,0.4839414319043281,CSARVGVEGKGEKLFF,TRBV20-1,TRBJ1-4
a57c7d6fbe17d4051eeb8dfc0cdb23e5,test_dataset_6,0.4751910017240003,CSGRGMGEGEAFF,TRBV29-1,TRBJ1-1
a5be0b51cd753ee0cb5a168dfd02483a,test_dataset_6,0.4819795522489417,CSVEGVEGGKLFF,TRBV29-1,TRBJ1-4
a7299a24d44bf816af4b6dc7086f7cef,test_dataset_6,0.4934414072849351,CASSVAPWGGGGELFF,TRBV9,TRBJ2-2
a75023ec46cd9c7e1ea1dcba7b6ef5fc,test_dataset_6,0.516289776478048,CAEGGWGV,TRBV6-4,TRBJ1-1
a8b3e7997974c18fd7772c400ad52d27,test_dataset_6,0.4850880013228444,CSGRGMGEGEAFF,TRBV29-1,TRBJ1-1
aaa6cfa03fa508850a1974fcfb294fda,test_dataset_6,0.5148341524627843,CASSERERGGELFF,TRBV19,TRBJ2-2
aad7f2534ae1478e32afca0672cb9d10,test_dataset_6,0.5238465567999798,CAWSVRGVGGEREFF,TRBV30,TRBJ2-1
ab0ce751ab175978590925bcbc66e57a,test_dataset_6,0.4922187467226795,CATEREGGAREKLFF,TRBV24-1,TRBJ1-4
ab3142c4a839419baa9a1b66ec3e5fa8,test_dataset_6,0.4773869496835538,CSAGAGAGEEEQYF,TRBV20-1,TRBJ2-7
ab88a7f1994f43727b1ae2c4be4009a3,test_dataset_6,0.5206272856490013,CAWSVWTGGLAGGRTGELFF,TRBV30,TRBJ2-2
ac2c8471a9d417d702ddf16d5dce7b64,test_dataset_6,0.4985543734620463,CAWSVMRWGGGELFF,TRBV30,TRBJ1-4
ac3a9ef53c31fce73ad4c9d635c428d8,test_dataset_6,0.5212579646540858,CASTGGRASTGELFF,TRBV6-5,TRBJ2-2
ac408352f8594d740d6de7a042668a81,test_dataset_6,0.4848073997041512,CAGSRGGEGEKLFF,TRBV5-5,TRBJ1-4
aea9e3bd9ae16f3283e0020ba63ac50b,test_dataset_6,0.5157688521395095,CAWREGGVGKLFF,TRBV30,TRBJ1-4
af42c7684b6d8764ea33c151cd1569f2,test_dataset_6,0.5182712033618191,CAWGEGSGGELFF,TRBV30,TRBJ2-2
aff5464ca69996e6dd603e9541c99159,test_dataset_6,0.5243636384200662,CSAKEGGGGEKLFF,TRBV20-1,TRBJ1-4
b1edcf45b01a826aceb5d6e52cdd56d5,test_dataset_6,0.5073448901544222,CASSEQLASSEQFF,TRBV2,TRBJ2-1
b26be48ef1249968ef49e3786680eb47,test_dataset_6,0.4952159009754452,CASGLGEREGLAGELFF,TRBV12-5,TRBJ2-2
b321805c597f878d95b9590e1f27ccb3,test_dataset_6,0.5116174122265882,CASSEGEGEGEKLFF,TRBV2,TRBJ1-4
b5467e7becd2eb1c59cab275e9b781cc,test_dataset_6,0.4840249894786824,CGGERERETQYF,TRBV20-1,TRBJ2-5
b58a91cef2ddc17bbe1fa1893a44d841,test_dataset_6,0.4909874786259258,CSVEAGGGWRHF,TRBV29-1,TRBJ1-5
b5e68b52d89e1bbf4c3b2308a816e6fa,test_dataset_6,0.4803733180890085,CSAREMAGGGELFF,TRBV20-1,TRBJ2-2
b78cb458f88741a5a5627755952c50fa,test_dataset_6,0.4946547769091257,CASGLGEREGLAGELFF,TRBV12-5,TRBJ2-2
b8012bdc6ec76f94edc45f8974593082,test_dataset_6,0.492757529412379,CSAREQGTHSAREQYF,TRBV20-1,TRBJ2-7
b86c2ae8e0d20e0ebcf330dafefe9399,test_dataset_6,0.4807908105734058,CAGEGAGREKLFF,TRBV30,TRBJ1-4
b9840707ef73b0908e075fc9b164b494,test_dataset_6,0.4835422535533232,CSAGNRERLAGNQETQYF,TRBV20-1,TRBJ2-5
ba72df85a23d8dcce31ddf9c7e3c7a94,test_dataset_6,0.5197926253042978,CSVEEEGRGEKLFF,TRBV29-1,TRBJ1-4
bb096b111099b95b6899e68261fcb1da,test_dataset_6,0.5031158451718591,CSVVGEGGEKLFF,TRBV29-1,TRBJ1-4
bb6d76a25ddd4085adacb4896d00b417,test_dataset_6,0.4973509078350446,CAWSVWTGGLAGGRTGELFF,TRBV30,TRBJ2-2
bc45d739a75e4a60726e52d7134185d1,test_dataset_6,0.5081321246488416,CATGEREGVGELFF,TRBV10-3,TRBJ2-2
bc74959894184eec03d8e9201fbda4bb,test_dataset_6,0.5194186619553558,CAWGWGLAGGTGELFF,TRBV30,TRBJ2-2
bd0212abc255b80f2ba2f45ca810a2d7,test_dataset_6,0.4913090868248509,CAWMSGGGGEKLFF,TRBV30,TRBJ1-4
bd2e487be92fab1169791ee8292891a4,test_dataset_6,0.516381110935723,CSVEGEGGVEAFF,TRBV29-1,TRBJ1-1
bec8842f79133f66d1d07bdd3a01da3f,test_dataset_6,0.495116712836225,CASSRKEGGGGEKLFF,TRBV4-2,TRBJ1-4
bfbc18216fcd0769fc296d676fcb0526,test_dataset_6,0.5085657629357777,CAWSVVGGGEEKLFF,TRBV30,TRBJ1-4
c1b45810643753fbfd0a42171a162f1c,test_dataset_6,0.481042849802838,CSAREMGGMGEKLFF,TRBV20-1,TRBJ1-4
c308d83b3075551ddd868c768504c941,test_dataset_6,0.4865283847981631,CAGGGGGELFF,TRBV7-9,TRBJ2-2
c4079de289f9ab8758de82b5b7706080,test_dataset_6,0.4772888937279423,CASSEAGWGVGVGEAEAFF,TRBV6-1,TRBJ1-1
c59f6203553de05b4830f4da9268c8e4,test_dataset_6,0.4848055140689238,CSGGGRGGDEKLFF,TRBV29-1,TRBJ1-4
c5cced0494738e2526bcd7d1be02c09a,test_dataset_6,0.5118177624720427,CSVEGSWGSVEKLFF,TRBV29-1,TRBJ1-4
c6c23960f120041e0ef66ba6905ec4b0,test_dataset_6,0.4856056599833642,CSARERVRVGEQYF,TRBV20-1,TRBJ2-7
c858ad5259174612c737de2830af491b,test_dataset_6,0.5063166894161497,CARGEGEAGEKLFF,TRBV14,TRBJ1-4
c8bdc21fd36fb64a274b6d09904dbf94,test_dataset_6,0.5114170220561296,CASGLGEREGLAGELFF,TRBV12-5,TRBJ2-2
c92f915b3912ba5ca733be187047ed51,test_dataset_6,0.5257579885830076,CSVEGSWGSVEKLFF,TRBV29-1,TRBJ1-4
c950612e362a7a584f0181ac4b4f8f13,test_dataset_6,0.475646399663152,CAGGWTGGGGELFF,TRBV12,TRBJ2-2
caca210fc5ab3624d99e13b011b1d1c7,test_dataset_6,0.5178776780653862,CATSREREKEKLFF,TRBV15,TRBJ1-4
cae0ae1e8a5034142bb56734608661f2,test_dataset_6,0.4877005442613475,CSVVWVGGGGEQYF,TRBV29-1,TRBJ2-7
caf0fe4d3c1cd0aed5b0b6333d09236a,test_dataset_6,0.4872746920485794,CASGLGEREGLAGELFF,TRBV12-5,TRBJ2-2
cb496a4fa7397c690d3a0fca66797dce,test_dataset_6,0.4996824468551546,CASEKDRGGGEKLFF,TRBV2,TRBJ1-4
cbb72b20cf6eec2cc34d3696762c02be,test_dataset_6,0.5097444511621129,CAGGGEGELFF,TRBV27,TRBJ2-2
cbf62fa031bb5349ae940f3f39fcedc2,test_dataset_6,0.4974416698299748,CAWGEGRGGEKLFF,TRBV30,TRBJ1-4
cbf67cacaef7fa7de3e6afde2816451e,test_dataset_6,0.5022698299693639,CASSGGEREKGRTGELFF,TRBV6-1,TRBJ2-2
cdfe23d151b77f8817aac1019e3b6bc8,test_dataset_6,0.5145804745459021,CSVEGRGGGVEFF,TRBV29-1,TRBJ2-1
cf65e08d8708e90aee2992b933b0a9a8,test_dataset_6,0.512612371323126,CASGLGEREGLAGELFF,TRBV12-5,TRBJ2-2
cfc99a37e068df950481d541789043b6,test_dataset_6,0.4797523986245681,CATGEREGVGELFF,TRBV10-3,TRBJ2-2
d071ff3efae757118c08ffd54cbe5a09,test_dataset_6,0.478433793973374,CAMFGGGREGEAFF,TRBV5-1,TRBJ1-1
d09f547b9e18b27ab4c10a0b5e05ca84,test_dataset_6,0.5207857705809279,CASSYKREGGREGGELFF,TRBV5-1,TRBJ2-2
d25e64e55a885309a53cd07a69ad8a52,test_dataset_6,0.5033967974333721,CSGRGMGEGEAFF,TRBV29-1,TRBJ1-1
d279a4a9dd403ee4f4d7f1ca8c241a67,test_dataset_6,0.4944852637799587,CAWSVLCAQGALCEQFF,TRBV30,TRBJ2-1
d4195398695c111b901c3720b5fcc502,test_dataset_6,0.5118164557481562,CAWSKGAWSTEAFF,TRBV30,TRBJ1-1
d525fa36707d05a7ad5bdc13d3f2642f,test_dataset_6,0.5145786387706087,CARAGEGETGELFF,TRBV6-5,TRBJ2-2
d54c88ab1a74b313f6ff8379f3fee312,test_dataset_6,0.5063864167850997,CGVRRGGEKLFF,TRBV29-1,TRBJ1-4
d56aa19a4371cb74541749e74a39c127,test_dataset_6,0.5105516475909864,CAWSVWTGGLAGGRTGELFF,TRBV30,TRBJ2-2
d5850e92cedf68412ac804a258def3a3,test_dataset_6,0.4988852372645211,CSGRGMGEGEAFF,TRBV29-1,TRBJ1-1
d7a4d0278f9c59fb4c27f7053701559b,test_dataset_6,0.5063877877952198,CAWSEGFGGGELFF,TRBV30,TRBJ2-2
d86f513dc7491545e9ae0af06e85caaa,test_dataset_6,0.5163647144546047,CASSEGGEGGEKLFF,TRBV2,TRBJ1-4
d9ca2ac04e2945d1cba939cb7bed398d,test_dataset_6,0.5239759834577354,CSVEDGGGREKLFF,TRBV29-1,TRBJ1-4
da7482642692afd7ebd3bfc1e8542e24,test_dataset_6,0.4798018518695685,CSVVGGEDGRELFF,TRBV29-1,TRBJ2-2
dad5321554dd1fdd938eb72a87f64697,test_dataset_6,0.4978599982561522,CAWMGMEKEKLFF,TRBV30,TRBJ1-4
db436533de588150d22569352a6cd30d,test_dataset_6,0.5033047152858128,CASSLRTGASSLGTGELFF,TRBV5-1,TRBJ2-2
dc3ab5bf51c207431115dfc27445acef,test_dataset_6,0.4980493163137783,CARGERERSGELFF,TRBV2,TRBJ2-2
dcd2516f6f6302034a40ab39293892f3,test_dataset_6,0.5187328617013195,CAGGWAGESEKLFF,TRBV28,TRBJ1-4
dcedb50eb8e78b38d2a76b7ebbf3c5dc,test_dataset_6,0.5129364499959801,CSVGRGGGGELFF,TRBV29-1,TRBJ2-2
de116be47f50333da87de395214c4449,test_dataset_6,0.4757755079056259,CASGLGAWGRGWGAEAFF,TRBV3-1,TRBJ1-1
dee37e12c66678aef6a70e0682347baf,test_dataset_6,0.516801184910154,CASEQGLASEQYF,TRBV6,TRBJ2-7
df1e2eb6ba338621925e1cb72f42bb2a,test_dataset_6,0.4857624699490147,CAWSEKGEGGELFF,TRBV30,TRBJ2-2
df8e20da7f3e080afd5ec927b53eda7c,test_dataset_6,0.5152039937921086,CSVEWMGVGEKLFF,TRBV29-1,TRBJ1-4
dfb61bf4718d0d386d83039febb103ba,test_dataset_6,0.5286031054588991,CASSEGEEVGGELFF,TRBV10-1,TRBJ2-2
e092f34832c854a4c96bcf47fe978199,test_dataset_6,0.4759163743820351,CASMMVGVVGELFF,TRBV6-5,TRBJ2-2
e0e1653f7d0756f81ecaf6081fa6d1c7,test_dataset_6,0.5074350342646357,CSVEGGVGELFF,TRBV29-1,TRBJ2-2
e17daf8332794cd6bdf6defc6439ef8f,test_dataset_6,0.4996350018950705,CASMGEGGRDGGELFF,TRBV6,TRBJ2-2
e20d1180f890b0b4c6efe98a750b8e62,test_dataset_6,0.5265818945806447,CSHKREREGEQYF,TRBV20-1,TRBJ2-7
e2590bb9da4a4451277278e4125f1c06,test_dataset_6,0.5067524426370816,CATGEREGVGELFF,TRBV10-3,TRBJ2-2
e288d9362410deb139368d2dedeb457a,test_dataset_6,0.5161556731565373,CSVEGGGEEELFF,TRBV29-1,TRBJ2-2
e48bb7f3fe61b4292fecc99860ea320f,test_dataset_6,0.4844811527746278,CSVEVGGGGEKLFF,TRBV29-1,TRBJ1-4
e4ee32b7cf6b683742efbb9f8aa2261f,test_dataset_6,0.5074019918554665,CASSRKEGGGGEKLFF,TRBV4-2,TRBJ1-4
e5344f7f7518d6194e6e513d441f85b9,test_dataset_6,0.4904795555406466,CAWGVGGLGFF,TRBV30,TRBJ1-1
e6b96241bf0a724ff57f6010d386e1b7,test_dataset_6,0.4880635435136563,CVGELFF,TRBV9,TRBJ2-2
e6dab5bbf1ee64fe112de86d1ac4e7ab,test_dataset_6,0.4786319357589311,CASSYKREGGREGGELFF,TRBV5-1,TRBJ2-2
e8056cf8b4e1e14ba503b0c23cf14383,test_dataset_6,0.5251734014998476,CASTGELLSTGELFF,TRBV6-5,TRBJ2-2
e8942ae48cfe4f10250ded64d1537534,test_dataset_6,0.479756766345616,CSAGNRERLAGNQETQYF,TRBV20-1,TRBJ2-5
e898533dcf63bc27333a1aeafb661fe9,test_dataset_6,0.4869237599237529,CASSWGMGGVEEKLFF,TRBV5-4,TRBJ1-4
e89ed349227045d6989b23b4a5348841,test_dataset_6,0.5203690988239734,CASGELWGSGELFF,TRBV2,TRBJ2-2
e8a90360d20da53b991481d0717e0b2e,test_dataset_6,0.5107328497826837,CSVGRGAERGAEFF,TRBV29-1,TRBJ2-1
e9b604b214624c032cd017d4e050d62c,test_dataset_6,0.5118225604911084,CASGLGEREGLAGELFF,TRBV12-5,TRBJ2-2
ea732c0fb54c2a6e7621712b9874c450,test_dataset_6,0.513334535419939,CASGLGEREGLAGELFF,TRBV12-5,TRBJ2-2
eba832ab7fe4572d0107e4e8e1c00d4d,test_dataset_6,0.5007495190663276,CAREREGEETQYF,TRBV28,TRBJ2-5
ebffb74da049cbd5d4d824eac66a5f25,test_dataset_6,0.5127027852436233,CSVEEEGGWEEKLFF,TRBV29-1,TRBJ1-4
ed1ce8a4bcf0fc2ce2b2753110bc4b3a,test_dataset_6,0.4848131903095875,CASSVVVCGGVF,TRBV9,TRBJ1-4
edae2744dd588efa5948c1d3c16f9b98,test_dataset_6,0.5260492981528293,CAWGGKGWGTGELFF,TRBV30,TRBJ2-2
ede32def46f89e588e91d871709381ed,test_dataset_6,0.4830454702521641,CSVEESGGRGGELFF,TRBV29-1,TRBJ2-2
edefa683a13b5cc50954cc1cefc34509,test_dataset_6,0.4899473620569237,CSAREREWETQYF,TRBV20-1,TRBJ2-5
eead3ef50fbce3ffe0063ed341e93935,test_dataset_6,0.5134247894889515,CASSQEGWKVEGRKEGELFF,TRBV4-2,TRBJ2-2
eef4a13d7d161b5a4e17eecb310ccf05,test_dataset_6,0.5130329301401925,CAWEKRDRGGEKLFF,TRBV30,TRBJ1-4
ef13810910a49c6475de3f3474764efe,test_dataset_6,0.513471456895028,CGVGGGGEKLFF,TRBV6-5,TRBJ1-4
ef310b8f1fd59c31095e49b63f8f4cc9,test_dataset_6,0.4988059504440915,CAWSGGVGGLGELFF,TRBV30,TRBJ2-2
efa2cdf332dfc0b5a7686615c4d91c12,test_dataset_6,0.4792914402000988,CASSKRGEGQGEGEKLFF,TRBV19,TRBJ1-4
f02dd56a1626b3560943bc076924203c,test_dataset_6,0.4904360262180168,CASSTGSWTAWTF,TRBV19,TRBJ1-2
f086716dc45614bbca04acbc3de2a216,test_dataset_6,0.4967306802639712,CASGLGEREGLAGELFF,TRBV12-5,TRBJ2-2
f1705e72c864126627973391d092aeab,test_dataset_6,0.4993950290470411,CASEEEGRGAGELFF,TRBV9,TRBJ2-2
f1a9ce37da35bcfd1417f4b0f78fb157,test_dataset_6,0.5073405154106764,CASSERERENEQYF,TRBV10-1,TRBJ2-7
f1c7b77b9813f37a3c34197471526749,test_dataset_6,0.5200921810945804,CAWSVGVGVGAFF,TRBV30,TRBJ1-1
f246f49de2e9176e2c1e3e9f4a626d7c,test_dataset_6,0.5262368846909907,CSVEEAGGGEKLFF,TRBV29-1,TRBJ1-4
f2896002fedfddf1c09562fd7b461acc,test_dataset_6,0.5198941015682157,CASVGREGRGGELFF,TRBV6-5,TRBJ2-2
f38499ac255048c352172f89ed032530,test_dataset_6,0.4737161228956462,CSAREGSAREKLFF,TRBV20-1,TRBJ1-4
f473f7a39aadb0a181d294a7f76a4396,test_dataset_6,0.4975319161662276,CSVGLGGWGELFF,TRBV20-1,TRBJ2-2
f6c59cbc5eaec53c88a483c2e00a06ca,test_dataset_6,0.5187647386658367,CASSYPAGKETQYFGPGRKETQYF,TRBV5,TRBJ2-5
f80fdbbe3cc3b3bb2e74a541d8c0bf7f,test_dataset_6,0.5148730764642675,RGGGECL,TRBV20-1,TRBJ1-6
f83d409928aea6d43e79cef2286a4e01,test_dataset_6,0.4916189274927645,CAGVGVRGEKLFF,TRBV6-5,TRBJ1-4
f882e1d1eff128ea591b78ed202ace0c,test_dataset_6,0.5058354642353321,CASSEVEVGEWGGRREKLFF,TRBV6-1,TRBJ1-4
f910431abc272aca44dc5d138bb11c66,test_dataset_6,0.508706352125969,CSVGRGGGGELFF,TRBV29-1,TRBJ2-2
f9b9920f787977a7270a59448a0678c0,test_dataset_6,0.4991727794572048,CASEKDRGGGEKLFF,TRBV2,TRBJ1-4
f9ec1717b5ef431763367e4a4324f2b9,test_dataset_6,0.5024887015259392,CSVGVFVGSGELFF,TRBV29-1,TRBJ2-2
fa19dbf8c3fe66bfd66544336145166d,test_dataset_6,0.5152142864479203,CASKRERETQYF,TRBV3-1,TRBJ2-5
fb4c19f2debd20369af7f259f3c01aac,test_dataset_6,0.5179397126328156,CASREGGREGGYTF,TRBV6-1,TRBJ1-2
fbca8ec7e848303d76fd3dc99c03a6c2,test_dataset_6,0.4930007650661069,CSAVVGGWGDRGEKLFF,TRBV20-1,TRBJ1-4
fcf84632b2a48b636a0c63132850d848,test_dataset_6,0.4798583662466962,CAWSVWTGGLAGGRTGELFF,TRBV30,TRBJ2-2
fd3685804f3e6e80b5629566783b362e,test_dataset_6,0.5010323009834414,CGGGKEGWYF,TRBV6-5,TRBJ2-7
fd99c9a56989572b66a8093d0e65f121,test_dataset_6,0.4943856204551929,CAWAGAGVGELFF,TRBV30,TRBJ2-2
fe5d14a2e478505837ff975df6aafc84,test_dataset_6,0.496703346118631,CSGRGMGEGEAFF,TRBV29-1,TRBJ1-1
fed5812f231693e2c39f0f3c02022ced,test_dataset_6,0.4870485472523926,CAG,TRBV30,TRBJ2-7
ff6e4f2c16947504b2e8bf95ad95ad75,test_dataset_6,0.5109728809265823,CSVEGSWGSVEKLFF,TRBV29-1,TRBJ1-4
002d8efb7e5648e1cf3dad87066c8575,test_dataset_7_1,0.1788116964285233,YF,TCRBV30-01,TCRBJ02-05
01e9246af798ef6ef51bcde6176916f0,test_dataset_7_1,0.1593032848834131,YF,TCRBV03-01/03-02,TCRBJ02-07
04ba4d6eb9e1c8156e1f3b220b5b7288,test_dataset_7_1,0.1327617848769138,WGF,TCRBV09-01,TCRBJ01-02
04fb3dad383db34219f97b8913f540ab,test_dataset_7_1,0.1284238695634479,WAFF,TCRBV05-01,TCRBJ01-01
0559f13604185346572e342552ea3bdf,test_dataset_7_1,0.1808470583887231,CASSHYGGWANYGYTF,TCRBV13-01,TCRBJ01-02
15dc75558c3950f5f1be68ead1ed23c4,test_dataset_7_1,0.1348155358686655,WIPLHF,TCRBV24-01,TCRBJ01-06
1a66d6cb0242bcd58e6a9fa52ec99f7e,test_dataset_7_1,0.1353310756982098,YF,TCRBV27-01,TCRBJ02-07
1c32836501fb91ff3b763234606a333a,test_dataset_7_1,0.1654003613055191,CAWSGYYYGYTF,TCRBV30-01,TCRBJ01-02
1e7ac04e6736a02999151ca6b5bb2a17,test_dataset_7_1,0.1931269043855909,CATGGQGAQGANVLTF,TCRBV19-01,TCRBJ02-06
1efcad4c714c1290ecf3c7839ce546e0,test_dataset_7_1,0.1723344195151475,CAKF,TCRBV03-01/03-02,TCRBJ02-07
1f8de89cadf315921c91ab20726b3984,test_dataset_7_1,0.1268500920302861,CASSPGLAGVPYVGTDTQYF,unresolved,TCRBJ02-03
2343d2d6e9e36c164c16b4f28650150d,test_dataset_7_1,0.1413755811060488,CASSNHNWYGYYGYTF,TCRBV21-01,TCRBJ01-02
23cb2ed1e8eb43ca66e1bd696e578b9c,test_dataset_7_1,0.2529862815147347,CAWGGWNYGYTF,TCRBV30-01,TCRBJ01-02
2a237e04334f5ed4a6855c8e3d34cfa9,test_dataset_7_1,0.1928192247865312,CASWGGPYYGYTF,TCRBV28-01,TCRBJ01-02
2b096e08597b82eeda7a25e213046a20,test_dataset_7_1,0.1028045666832849,KHF,TCRBV30-01,TCRBJ01-05
30f6349aaf50f1ff94ecc9406aff2786,test_dataset_7_1,0.2152419641253707,FF,TCRBV05-01,TCRBJ02-01
358214ae259cca018c3ef51c6dc28ca8,test_dataset_7_1,0.1687630744898573,CAPF,TCRBV15-01,TCRBJ01-02
359ede9a8de1fd9a9c16192c64b8fc4e,test_dataset_7_1,0.1423587189245362,CASGAQGVPGAQGYTF,TCRBV19-01,TCRBJ01-02
3986d76934e41be3ccbabb546222e662,test_dataset_7_1,0.1057217083627675,FF,TCRBV12-01,TCRBJ02-02
3e2b9c716ab1a908428d515c0f58c838,test_dataset_7_1,0.129601520605933,RASSLPTSIPGAWNLPNYGYTF,TCRBV07-03,TCRBJ01-02
3ef3b4b76a28614a1c5bc76f930d0f7b,test_dataset_7_1,0.1632697499352992,CASSKAQGPDRMDTEAFF,TCRBV21-01,TCRBJ01-01
40dbe47dc9da1d8eecb5d0e5b4876f74,test_dataset_7_1,0.1423559988498926,CRYF,TCRBV29-01,TCRBJ02-05
49ffff2c442accb3f7dbe053e70f9ed9,test_dataset_7_1,0.1793835024139026,FF,TCRBV27-01,TCRBJ02-02
4a8995f8a46a69b43165ea55ac126368,test_dataset_7_1,0.1768847968252181,CAWTGGWGYYYGYTF,TCRBV30-01,TCRBJ01-02
4bd01813fbb4b7bba6a29995705a8815,test_dataset_7_1,0.1134038243463035,CASSYYYHYGYTF,TCRBV06-05,TCRBJ01-02
54f16ecd46ac8d0a5899ff9a93571bef,test_dataset_7_1,0.1623823703433807,FF,TCRBV07-03,TCRBJ01-01
581062cb14756be27b097b27e1bbad8b,test_dataset_7_1,0.1448738179630989,CASSYSYGYRNYYGYTF,TCRBV06-X,TCRBJ01-02
5852ab5498fcb4a0b97c12b6c9acda29,test_dataset_7_1,0.1152338480019976,RKF,TCRBV07-03,TCRBJ01-06
5a2ccda06ccd65cdc15f510be63cc0b6,test_dataset_7_1,0.1358909620403533,CASSYYYYGYTF,TCRBV06-02/06-03,TCRBJ01-02
5a674bb733dc6c9e7957e16e6bea9e5f,test_dataset_7_1,0.2361849639533217,CASF,TCRBV12-02,TCRBJ01-03
5dfb29ebe93aeb7d7a8238475165e936,test_dataset_7_1,0.112187126143857,CAWRPWGNYGYTF,TCRBV30-01,TCRBJ01-02
6294f74d6f4c03055cf0a6ce6ac6012e,test_dataset_7_1,0.1798516871555484,FF,TCRBV30-01,TCRBJ01-01
6986ad061ac0211e6a51881efb1d9f5d,test_dataset_7_1,0.1338798565811357,CASSSAYYNNYGYTF,TCRBV07-02,TCRBJ01-02
6bd0a4476c4cf4342e9fcbb87a92d7a4,test_dataset_7_1,0.122035211943589,CASWGYYYGYTF,TCRBV27-01,TCRBJ01-02
7264569a42c13f956d404d283ff331d1,test_dataset_7_1,0.1190608316954246,WTRRWIWGF,TCRBV04-X,TCRBJ02-04
747ee69b9cd154537181a8275f379835,test_dataset_7_1,0.110859431932185,CARWHF,TCRBV12-02,TCRBJ02-07
78614a8994e834668410c7045075df87,test_dataset_7_1,0.1460878022238889,YF,TCRBV09-01,TCRBJ02-05
7dce51f8ac87250725d663d256aa1fe5,test_dataset_7_1,0.1519793234063791,CASSYYHTTGSYYGYTF,TCRBV06-X,TCRBJ01-02
817574bbc8bdf97bed43b01210c93aa9,test_dataset_7_1,0.1403056385888759,YF,TCRBV05-04,TCRBJ01-03
82997f219006d726844eefc71eaa5955,test_dataset_7_1,0.0990341633953982,CAWANRGWYWNYGYTF,TCRBV30-01,TCRBJ01-02
857f7af799908727dba5f2d6f2deec9a,test_dataset_7_1,0.130643648082718,CRPPS,TCRBV20-01,TCRBJ02-X
86d5623369ff1117186e427d5940deed,test_dataset_7_1,0.2002478799281903,CASSIPLVGYGYTF,TCRBV19-01,TCRBJ01-02
8b83673f355198d694df11cafe4aa1ac,test_dataset_7_1,0.1595154995511875,CARY,TCRBV28-01,TCRBJ01-05
8fad4729d52975eb939a0281ef07a42c,test_dataset_7_1,0.0985124222500891,YF,TCRBV07-03,TCRBJ02-07
90bbfead56eb7124bc695611eff215fa,test_dataset_7_1,0.2179474524905582,CASYYPGGWYGYTF,TCRBV18-01,TCRBJ01-02
97e5a462deeac8944f166c2cfcd65e66,test_dataset_7_1,0.1462287841439311,CAYRAWGYGYTF,TCRBV06-05,TCRBJ01-02
994fee84cd7e69012413310f088c50ba,test_dataset_7_1,0.1443384954588414,RPLHF,TCRBV10-02,TCRBJ01-06
9dacbe6078f658f1cdf368d3bd32a8bc,test_dataset_7_1,0.1745219021970852,CSAYYYGYTF,TCRBV20-01,TCRBJ01-02
9db0b000498016bae06ab67b14e018a6,test_dataset_7_1,0.1286584001368709,CASKF,TCRBV14-01,TCRBJ02-X
9e0cfc750077f80246b8015d7849134c,test_dataset_7_1,0.1510748366911611,YF,TCRBV10-01,TCRBJ02-03
a00bc951f59ffedeed6c177436a9a7c5,test_dataset_7_1,0.1144030471005545,YF,TCRBV27-01,TCRBJ02-07
accd1964564e6cc21d3d26ffaf94365b,test_dataset_7_1,0.1436728892446074,FF,TCRBV07-03,TCRBJ02-02
ad353e882c71c87fc1d9c60e6bad2388,test_dataset_7_1,0.1534014072447168,YF,TCRBV07-03,TCRBJ02-05
b46b64de0de5fa37274448cb45757598,test_dataset_7_1,0.1378084708775817,FF,TCRBV05-06,TCRBJ02-02
b5d4d6bd7d71525638c1baa54c0ddf88,test_dataset_7_1,0.1966662165735931,CASIPLWGNTEAFF,TCRBV06-05,TCRBJ01-01
b62bf12cac789714f60a6afccf5a0525,test_dataset_7_1,0.1614756878126625,CASSYTYTGSTYYGYTF,TCRBV06-X,TCRBJ01-02
bf4226ec7e3a867fb933290565cd7e67,test_dataset_7_1,0.1672824403374299,CATSDKGSGGEKWTFPFGHGYTF,TCRBV24-01,TCRBJ01-02
c0a2249287938dc073869ede80786a20,test_dataset_7_1,0.087892011417708,CSAKF,TCRBV20-01,TCRBJ01-02
c9c4a4f9cebdbd354a93523aaf1ac566,test_dataset_7_1,0.119244729287598,FF,TCRBV09-01,TCRBJ01-01
ca7495c72b6d9e0a83e05bbfddbaf513,test_dataset_7_1,0.1712677022935165,FF,TCRBV10-01,TCRBJ02-01
d1d186dc8295f9ed083e2cd68754c4a8,test_dataset_7_1,0.1302188303056231,CASSYYFWHSYYRYGYTF,TCRBV06-07,TCRBJ01-02
d56ab398ffa2374c8c42eff5392ef9b0,test_dataset_7_1,0.1689524304454702,FF,TCRBV05-01,TCRBJ01-01
d72ad9d98e4439d76850cdf30a720289,test_dataset_7_1,0.179564204331546,CAWRGTGYYNYGYTF,TCRBV30-01,TCRBJ01-02
dad0388b714064d6eb426b8c16bc555b,test_dataset_7_1,0.1569945952765123,CASSSYWGGPYGYTF,TCRBV12-X,TCRBJ01-02
dd609fd1b764c018a4442b973c62ba6b,test_dataset_7_1,0.1393373709076069,WAPPYGYTF,TCRBV12-02,TCRBJ01-02
e0b4b25ba4a3baa84dc9263a5bb6d48e,test_dataset_7_1,0.0994773957719304,CASKF,TCRBV07-02,TCRBJ02-07
e1269a8bba52b074de30178070ba4c3c,test_dataset_7_1,0.2336560295691216,FF,TCRBV29-01,TCRBJ01-01
e6b9e45ed66bdd4562feb7688dd73c12,test_dataset_7_1,0.1424856743382904,FF,TCRBV27-01,TCRBJ01-01
e78873a8f6e657f26b7b8a840d68b356,test_dataset_7_1,0.1795492655366563,CAWNWGGYGYTF,TCRBV30-01,TCRBJ01-02
f1856e176dfb24a26b2cc0023fa2c87f,test_dataset_7_1,0.1291393197789197,WPFF,TCRBV05-07,TCRBJ01-01
f8a2fec010d574614a8a5722eaa038ca,test_dataset_7_1,0.1522394199785801,FF,TCRBV10-01,TCRBJ02-01
f8ac66d82d5debe259b1d522d4100b72,test_dataset_7_1,0.145751470349879,CAWSVNGGPNTGELFF,TCRBV30-01,TCRBJ02-02
fa79a77c6e9a880f3488c802f8f93b2d,test_dataset_7_1,0.1338777125301739,CAWGPGYGYTF,TCRBV30-01,TCRBJ01-02
fa9481033af09287257151924ffe7f83,test_dataset_7_1,0.2056314387651401,FF,TCRBV07-03,TCRBJ02-01
fdc539151615ea15edea02b235b10061,test_dataset_7_1,0.1233570855445342,CASSFWWGGYYGYTF,TCRBV28-01,TCRBJ01-02
ff79aff0790269e90204eeea35eb2cb6,test_dataset_7_1,0.1479134965999456,CASSYSYSYYGYTF,TCRBV06-05,TCRBJ01-02
044d39ed45c048a93d8beefc7212c949,test_dataset_7_2,0.2274297733458773,CHHF,TCRBV27-01,TCRBJ02-07
0525c68a3b23d4b8fc0d58cffb3caf7c,test_dataset_7_2,0.1729828975257422,CASSPKKQGWWGYTF,TCRBV28-01,TCRBJ01-02
096e358c5cb6de35872c32a0c8921c22,test_dataset_7_2,0.1618191459185833,CASYWGPYGYTF,TCRBV06-X,TCRBJ01-02
0c99528250faef9d4cfe5f7c5c0da805,test_dataset_7_2,0.1912360767234892,YF,TCRBV05-01,TCRBJ02-03
0e2adf2677ca56de426d9d0162f36ad9,test_dataset_7_2,0.2632441476159761,CASYYYYGYTF,TCRBV06-02/06-03,TCRBJ01-02
164856cb35105c4dc358f4abbd5efc68,test_dataset_7_2,0.2273812082721472,AQYF,TCRBV13-01,TCRBJ02-07
173f67736844805d0f93f29e85a7b65f,test_dataset_7_2,0.2268796705249209,FF,TCRBV03-01/03-02,TCRBJ01-01
1754e988924d92491b485b0dfbfb33a6,test_dataset_7_2,0.1256620223868705,YF,TCRBV09-01,TCRBJ01-03
1c223f57d339b3d13af3cae81ce6972f,test_dataset_7_2,0.1742251072455464,RPHQPQHF,TCRBV27-01,TCRBJ01-05
2031c857398d48e090f3aff120d1ccab,test_dataset_7_2,0.2124124148934927,CASSYWSTGYYGYTF,TCRBV06-05,TCRBJ01-02
26dd7ceca46c3748a3257a4f8654147f,test_dataset_7_2,0.2657153060947939,CSARDRPFVGYGYTF,TCRBV20-X,TCRBJ01-02
2834e0c4a53bdf315b00cc171ef13435,test_dataset_7_2,0.1465031368463153,FF,TCRBV07-04,TCRBJ02-01
2d8e646f798b363f3400f0d28259664e,test_dataset_7_2,0.1629943533067499,CASNPWGAFGYGYTF,TCRBV28-01,TCRBJ01-02
2dc43a041f2d25bf84775d64d2b32b70,test_dataset_7_2,0.2081067628747281,CAWRDNWLGLGNTIYF,TCRBV30-01,TCRBJ01-03
325c83a99caba4225736ab045a34910d,test_dataset_7_2,0.1593457135339993,YF,TCRBV11-02,TCRBJ02-03
36e3ba251cb0ed757eca166629bb0381,test_dataset_7_2,0.2874368807739857,WGTEGYTF,TCRBV20-01,TCRBJ01-02
37b67c783be7dbce3f1f677586721470,test_dataset_7_2,0.1469133145141508,AQYF,TCRBV01-01,TCRBJ02-03
3aa77912d610d12509192cd95715dbdb,test_dataset_7_2,0.1108785335680265,CASYGPYYGYTF,TCRBV28-01,TCRBJ01-02
3e91b29c90dd04bdd38e3496170a2374,test_dataset_7_2,0.1318825051505422,QWYSPLHF,TCRBV20-01,TCRBJ01-06
40e7749c8ea183ded697cbee642c406f,test_dataset_7_2,0.1585497452409742,FF,TCRBV30-01,TCRBJ02-01
4121a58b5efed26a466b03485bde83a7,test_dataset_7_2,0.2076231155370632,CASSWWGFYGGFYGYTF,TCRBV05-01,TCRBJ01-02
41ed267bac5052c7718c6fa4ef958fb1,test_dataset_7_2,0.1746883697844567,CASSYWGAPNYGYTF,TCRBV06-05,TCRBJ01-02
41f5e3ed063c87988d0bc9942127671e,test_dataset_7_2,0.1956364679767994,KEYF,TCRBV20-01,TCRBJ02-07
451c0e5e38ee6fd8297dc6f845a30b18,test_dataset_7_2,0.2264346291889661,WKEAFF,TCRBV20-01,TCRBJ01-01
476a8555ce1338edb07163e307bd98ac,test_dataset_7_2,0.2040596455631135,CASNPWGPYYGYTF,TCRBV05-06,TCRBJ01-02
47949201e050e32ed5c119a9686401a5,test_dataset_7_2,0.1963172788877437,CWWG,TCRBV03-01/03-02,TCRBJ02-07
4bc1dda10755753a518f5c681988c2d5,test_dataset_7_2,0.2093028180291295,FF,TCRBV29-01,TCRBJ01-01
4c50380d95d7b31e625f949cb5b91980,test_dataset_7_2,0.1782578102582349,WEKLFF,TCRBV03-01/03-02,TCRBJ01-04
4da5fcbabb12589b72e1e85f8f319fc2,test_dataset_7_2,0.1714293860455009,FF,TCRBV05-01,TCRBJ02-01
4fb950a498186f0b434860ea10f1a06c,test_dataset_7_2,0.1592356957694977,CASSYSHRGHHNYGYTF,TCRBV06-X,TCRBJ01-02
4fbac5c3cd4fb00d6af9396d710d16f4,test_dataset_7_2,0.1555167047912658,CASTVDGFGGLYRGYTF,TCRBV11-02,TCRBJ01-02
52c1ddc5e71eb0116fdf241c309a6015,test_dataset_7_2,0.1432652239541045,CASSYYYGYTF,TCRBV06-02/06-03,TCRBJ01-02
545648d4c0e0ff86cd81189b28f74d3e,test_dataset_7_2,0.1981486288572358,CASSYWGNNYGYTF,TCRBV06-06,TCRBJ01-02
55aeb1979d7570d799abbda5173c8fc3,test_dataset_7_2,0.1874499914231432,CAWYSPWGGYTF,TCRBV30-01,TCRBJ01-02
58e89ad1600df49b1ae275ee4ea4a59a,test_dataset_7_2,0.1141072191984249,MFF,TCRBV10-03,TCRBJ01-04
594cd4e5ae9f142aa36114cd71b74280,test_dataset_7_2,0.2775044368900821,YF,TCRBV25-01,TCRBJ02-05
5bffbfe9cbb89f9bca956e1000113d14,test_dataset_7_2,0.1295542819667291,CASSYSWGRGWYF,TCRBV06-05,TCRBJ02-03
64616a3bc33887779974d872e3dee70a,test_dataset_7_2,0.2074272442395541,CASSYWGSNYGYTF,TCRBV06-05,TCRBJ01-02
65bf1002be8fb2dafd180d5e95b2ba7a,test_dataset_7_2,0.1649372591347814,CSVGEPVFKVGVNTEAFF,TCRBV29-01,TCRBJ01-01
6636b609c0998945d7ab6964ae9faace,test_dataset_7_2,0.2176683878790699,CASSWGYSYYGYTF,TCRBV05-04,TCRBJ01-02
663e365968888c12af29cdf843f71497,test_dataset_7_2,0.1717827390016759,CASSGGGWFNYGYTF,TCRBV19-01,TCRBJ01-02
6960ca05f5a2ab060f377aefa2ccfa43,test_dataset_7_2,0.2101782895269485,WTYVPRF,TCRBV21-01,TCRBJ01-01
6c1b431cd835a06332eceb267e5359ae,test_dataset_7_2,0.1440528830214388,CASSFWGGWNYGYTF,TCRBV12-X,TCRBJ01-02
6e31007bd9a92d7e87b7d19fc222c10b,test_dataset_7_2,0.1559652113357423,FF,TCRBV03-01/03-02,TCRBJ02-01
758e0830a0de7ad63020f00ab56f3e3a,test_dataset_7_2,0.2455710317372387,CASSYYIYYGYTF,TCRBV06-02/06-03,TCRBJ01-02
7b6ac2aa8d0ec73f6477d2299745c338,test_dataset_7_2,0.1808159991419015,WAATPGAAGRWGTF,TCRBV06-05,TCRBJ01-02
7ff9bc8c0a7dd6706bd985a3aa8f51dc,test_dataset_7_2,0.2006651096451496,CSARPGLPFVGYGYTF,TCRBV20-X,TCRBJ01-02
80208adf3ee35769c26542c4e7b1c02a,test_dataset_7_2,0.2483120166712406,WRRDAFF,TCRBV23-01,TCRBJ01-01
81d4b18e1761252275164f306c08bc59,test_dataset_7_2,0.2226020762258294,CASSYYYGYTF,TCRBV02-01,TCRBJ01-02
84ae85b3234c12f8c6af7b9ec06e260a,test_dataset_7_2,0.1885398216017678,CAWWGWPRGYGYTF,TCRBV30-01,TCRBJ01-02
84fabb9135ea0aff8bf8038a289a4fa3,test_dataset_7_2,0.2253812893416013,CAWSAPGGVNGGYTF,TCRBV30-01,TCRBJ01-02
85a8cc700f913a9de2a624779a11c6db,test_dataset_7_2,0.170771766530178,CASYYYGYTF,TCRBV10-01,TCRBJ01-02
89ebfd691c4b393bc198acdaaa1e654e,test_dataset_7_2,0.1428859553209038,CAIPPHF,TCRBV27-01,TCRBJ02-07
8a657b71b0dd2338e5ac1bb5375513c6,test_dataset_7_2,0.2356339009862429,DHHF,TCRBV05-06,TCRBJ01-06
8bf8e5284a36cc9c9d6b8831d0719b96,test_dataset_7_2,0.2044052511852765,CASSKVPVPGLAGDNYNEQFF,TCRBV21-01,TCRBJ02-01
8c399a3484f2f5f4dd555418a7a9543c,test_dataset_7_2,0.1494053285776564,WPHGPHF,TCRBV28-01,TCRBJ01-06
8d9fa4e637f859c2bf3d248b169b0121,test_dataset_7_2,0.2318718171148068,FF,TCRBV04-01,TCRBJ02-01
90359259983f5013fb4ff9e322446ccb,test_dataset_7_2,0.2334328661971037,CASNHYWGPNYGYTF,TCRBV12-X,TCRBJ01-02
9122be347bfc79d7e15b5c7b5633fb17,test_dataset_7_2,0.2625626903380186,CAWIAWGYNYGYTF,TCRBV30-01,TCRBJ01-02
95eacbf53ee77907ca7495964f351641,test_dataset_7_2,0.1279805402309524,CASSYTPYYGYTF,TCRBV06-02/06-03,TCRBJ01-02
9736baceaabaa086fb946dd758d21d2f,test_dataset_7_2,0.1861137988454773,CASSLAGLAGAIDNLAKNIQYF,TCRBV05-01,TCRBJ02-04
99f8e73076e81db717c5da2f5ac8b5ca,test_dataset_7_2,0.2034568001042845,CWHF,TCRBV09-01,TCRBJ01-05
9a3e77027a58a4244955b576a6dbde7c,test_dataset_7_2,0.1576589994582852,CASGWWWGNGYF,TCRBV23-01,TCRBJ02-07
9c4daf7ea1f0c8b0481d9732e82c1cec,test_dataset_7_2,0.2796495817237769,AIRHF,TCRBV07-03,TCRBJ01-05
a2d09c72d8c76ba396e5c8dda7dc9a19,test_dataset_7_2,0.1960521820064705,CSAPHPHFHIF,TCRBV20-01,TCRBJ02-03
a3f8cf37aac11d07d17dd92fa6014612,test_dataset_7_2,0.2002752244266836,WAF,TCRBV07-X,TCRBJ01-02
a849307e800056389843b05664d80a65,test_dataset_7_2,0.1915256004452454,CASSHYWGWGGYTF,TCRBV03-01/03-02,TCRBJ01-02
a8d86e69af1a7834fc5b75c33b7d8b80,test_dataset_7_2,0.2664738293435151,WASPLYF,TCRBV05-04,TCRBJ01-06
aac99ef29764235b61f66059b7700fa0,test_dataset_7_2,0.1207545028951214,WRPQYF,TCRBV21-01,TCRBJ02-03
b5f8c196dfe44ac8a927bf3d20358b93,test_dataset_7_2,0.2421048915768049,CRKYF,TCRBV29-01,TCRBJ02-03
b6913f748c401872908b7761d33d917e,test_dataset_7_2,0.2214659391837449,YF,TCRBV07-03,TCRBJ02-03
b7a952c9f810f667ddf0d16f1bc3d2d6,test_dataset_7_2,0.2483738143433489,YF,TCRBV09-01,TCRBJ02-07
b81a97bc95fb1ec9a43573f6a695ae26,test_dataset_7_2,0.2712888832197771,CAKHF,TCRBV03-01/03-02,TCRBJ01-05
b81fca21b7a4a673e6fe8f22a4702efb,test_dataset_7_2,0.2259677519279067,CAAYYPPGYTF,TCRBV06-05,TCRBJ01-02
bd2f0e54b1942fd933747f3e4075c991,test_dataset_7_2,0.2026212093631433,CASKF,TCRBV10-01,TCRBJ01-02
c6a6344a4771d389dccd14ea8f3576bc,test_dataset_7_2,0.2142692140309953,CASSYWGSYGYTF,TCRBV06-05,TCRBJ01-02
ca03021a276c4af2fbde4a2fb56846f8,test_dataset_7_2,0.1592961443870846,CASSFWGAITEAFF,TCRBV05-01,TCRBJ01-01
cbd0263e63f84eb2137c5deb9bf5c015,test_dataset_7_2,0.2276826876337225,WKLFF,TCRBV30-01,TCRBJ01-04
cbd08d47491c6888a4314bf878fd876b,test_dataset_7_2,0.1975002393974607,CASMWRWGWYGYTF,TCRBV05-01,TCRBJ01-02
d25cf97d86c412cfcf8e03ef152c1b95,test_dataset_7_2,0.1535564058050567,CAWSAWGWGYGYTF,TCRBV30-01,TCRBJ01-02
d4703463106c511075f6b9ee703aa028,test_dataset_7_2,0.2436569430276016,CAAF,TCRBV09-01,TCRBJ01-02
d5f7b71b5e51d3066631987f0838cd3e,test_dataset_7_2,0.2160389041899968,HKAFF,TCRBV27-01,TCRBJ01-01
d65be0b135db0340bd4630f201b9ec0c,test_dataset_7_2,0.1866839491562909,FF,TCRBV07-03,TCRBJ02-01
d73b64c6938e9819d16e38b06b842dfe,test_dataset_7_2,0.1680712379700243,SAYF,TCRBV07-08,TCRBJ02-05
d8c98632d45e7892d8321e55e382bd96,test_dataset_7_2,0.2283205890116343,YPF,TCRBV09-01,TCRBJ01-02
db44b22f45b1b2c4a844e61e8dd4af05,test_dataset_7_2,0.2647755858569157,WANTIYF,TCRBV04-01,TCRBJ01-03
df7de7dab796de096f0b5b4038416edd,test_dataset_7_2,0.2087843141811911,CASSSYYNSGGTNYGYTF,TCRBV06-X,TCRBJ01-02
e1a291c846659e1b70cef06aadb3db0b,test_dataset_7_2,0.1717453080849354,HYGYTF,TCRBV21-01,TCRBJ01-02
e32da966925543093063d7a1f932b475,test_dataset_7_2,0.2351559568156954,CAHHPGFGYGYTF,TCRBV06-05,TCRBJ01-02
e3384e8a2fb4ac2d1403560ef1419d24,test_dataset_7_2,0.149477967439496,RAQHF,TCRBV25-01,TCRBJ01-05
e92623a0d22596f523ec5f392ad09491,test_dataset_7_2,0.2075679163439592,CASTSFPGSWYWWGSNYGYTF,TCRBV28-01,TCRBJ01-02
e9d348110b86784afb0ef1c895003b19,test_dataset_7_2,0.1924494611575509,YF,TCRBV01-01,TCRBJ02-07
f1cfae35bb4d92629fb74a25b7c56928,test_dataset_7_2,0.117330696865319,CASSSGWGTPYCSYGYTF,TCRBV07-03,TCRBJ01-02
f43976f51226b37ab76106a178e03cf3,test_dataset_7_2,0.2403166863043412,FF,TCRBV29-01,TCRBJ01-01
f50e012281538c2942d075ef2df42830,test_dataset_7_2,0.1762428302577003,CASVWGGYYGYTF,TCRBV07-02,TCRBJ01-02
f7a8eb7b7ba93a3b9930e432dd7293e0,test_dataset_7_2,0.1196392174897585,CAPF,TCRBV07-02,TCRBJ01-02
f836e383335a71da81561d25a2da287a,test_dataset_7_2,0.1447652308416291,FF,TCRBV10-01,TCRBJ02-01
fa66964d2640d686aeb896c4ba28c80c,test_dataset_7_2,0.153049286075993,WRPHQPQHF,TCRBV14-01,TCRBJ01-05
fc469fe1fde676f637f6cf145d45a94a,test_dataset_7_2,0.1780231263659547,CASSYWGPNYGYTF,TCRBV06-06,TCRBJ01-02
fcfa0407128165806a2c1282f7dc4679,test_dataset_7_2,0.1433853245252764,CAYHAGYYGYTF,TCRBV10-03,TCRBJ01-02
0062ac871bcb1f60dca352a3ddd2c216,test_dataset_8_1,0.1380356520388586,CSVEEGRGEVEGEQYF,TCRBV29-01,TCRBJ02-07
018ec06fdd7a19e575adcf71d476efef,test_dataset_8_1,0.1370546284812117,CAWGRVWGRVVDGYTF,TCRBV30-01,TCRBJ01-02
0193e77cc3b3cfe44ab655b7deed1c94,test_dataset_8_1,0.4464728299034421,CASSQDPSGAATFYEQYF,TCRBV03-01/03-02,TCRBJ02-07
01da6b06352a845ec1a558ef42bc2297,test_dataset_8_1,0.3982641163462734,CATSDLEAGLATYEQYF,TCRBV24-01,TCRBJ02-07
02314be46a019620788e9f17065b153d,test_dataset_8_1,0.238536687540541,CSAMNRAQDFYEQYF,TCRBV20,TCRBJ02-07
040714990ec36aef49bf14ddd0f797ac,test_dataset_8_1,0.2250340848659051,CASSCVSVDESSYEQYV,TCRBV12,TCRBJ02-07
046483defd74abdddb9d4139fdd6776c,test_dataset_8_1,0.1722260221739715,CATSDFAAGTGFYEQYF,TCRBV24-01,TCRBJ02-07
04919bb70f65b529abb6aa399b9c761e,test_dataset_8_1,0.4706947351062153,CAWNWSWDNEQFF,TCRBV30-01,TCRBJ02-01
0645ed0522e89393f4137a5d08f3fec9,test_dataset_8_1,0.2302201160407109,CASSDYDGDLIVYTF,TCRBV10-02,TCRBJ01-02
064ffc0f8187ff34a9b61b7acdc61f47,test_dataset_8_1,0.274779405855423,CARREDDRVIIYEQYF,TCRBV19-01,TCRBJ02-07
0768438a39d52adf2137369fdd710d09,test_dataset_8_1,0.3496090231801101,CSVSVSVSYEQYF,TCRBV29-01,TCRBJ02-07
08489a799ccc27575c692cd0253baa75,test_dataset_8_1,0.1344552083416723,CSVVVVNTEAFF,TCRBV29-01,TCRBJ01-01
089fd6b1e5a2bca5e018d0a611b596ef,test_dataset_8_1,0.6034527114349344,CSVVAGGWQVVF,TCRBV29-01,TCRBJ02-01
090e631d9978fef40245a2fa2cdffede,test_dataset_8_1,0.2576587955372201,CAWSVWVWTEAFF,TCRBV30-01,TCRBJ01-01
091ee8f24666c5ba54c1ff482b323bbe,test_dataset_8_1,0.5136134238899291,CASSQDGIVRVCDVEQYF,TCRBV03-01/03-02,TCRBJ02-07
09ef865dd369ebac41fcefd9651226d7,test_dataset_8_1,0.6851134139366539,CAWSVVSVYGYTF,TCRBV30-01,TCRBJ01-02
0a2e41b6b5560b2ff5b265e7f25df414,test_dataset_8_1,0.2747402157123239,CACFRRAEVYYEQYF,TCRBV30-01,TCRBJ02-07
0a52b572bd6e0ad11b65139393902a23,test_dataset_8_1,0.7853486657337051,CASSECGEECNEQFF,TCRBV06-01,TCRBJ02-01
0a9cc3c5c82c4aeef4367991c102221c,test_dataset_8_1,0.4039749385086937,CASSPREARAFYEQYF,TCRBV07-09,TCRBJ02-07
0bc11a602521ececc2620d83c0cf9ea3,test_dataset_8_1,0.1017468190732683,CATSGPDRVLKFYEQYF,TCRBV24-01,TCRBJ02-07
0c6d7ae7f3fcec749d6c7fec1fd4a928,test_dataset_8_1,0.4216341231152364,CASSIELGDGNTIYF,TCRBV07-09,TCRBJ01-03
0d13e215daf19b6e3bd8584b464b0b88,test_dataset_8_1,0.1338182156483282,CSVMVVAVYNEQFF,TCRBV29-01,TCRBJ02-01
0d448f62988ec081ea3f5f0a208d6232,test_dataset_8_1,0.4145895885181466,CSVVFWGAFF,TCRBV29-01,TCRBJ01-01
0db221aafcc535a23c85ebc4269b3cb2,test_dataset_8_1,0.2399001783466549,CSARDVASGLRFYEQYF,TCRBV20,TCRBJ02-07
0f06c4fbbd42e935e65eeb84cda902de,test_dataset_8_1,0.5293307810542109,F,TCRBV04-01,TCRBJ02-03
0fef8e9a58ab5f596b841e47c4c57c7b,test_dataset_8_1,0.4647055420740646,CAISDSDSESYEQYF,TCRBV10-03,TCRBJ02-07
1004f9429f5764f643299a5ed647f2bc,test_dataset_8_1,0.6230969538067779,CSVVWVGAFF,TCRBV29-01,TCRBJ01-01
119b2dff8ef7727b72b366ad15a7a1e9,test_dataset_8_1,0.1620835715970136,CAWTALDPDTRTSFYEQYF,TCRBV30-01,TCRBJ02-07
11dc238298390361d78a519274ac08ff,test_dataset_8_1,0.2308929023779165,CATSDLFSGKDFYEQYF,TCRBV24-01,TCRBJ02-07
125bbff0fd342e493d8c6a8821ea793f,test_dataset_8_1,0.4237152541991528,CSASDSDRAGSFYEQYF,TCRBV20,TCRBJ02-07
1286b6491159fc2f44ba476336d19562,test_dataset_8_1,0.2177407374235104,CSVVWWTGELFF,TCRBV29-01,TCRBJ02-02
12bd530eec7def7224fa74cd601f7172,test_dataset_8_1,0.2989244972995455,CASSWNEGQVELWSTDTQYF,TCRBV05-01,TCRBJ02-03
12ed53af79f8609db5e922eb7c257c14,test_dataset_8_1,0.1810349109262602,CAWSVGWVGTEAFF,TCRBV30-01,TCRBJ01-01
132f684e51ee798012bf507feb6669b6,test_dataset_8_1,0.6012865833025948,F,TCRBV20-01,TCRBJ02-07
137b0e286111a5781f374a8a12b65c00,test_dataset_8_1,0.7083165752641177,CSARDYEALADFYEQFF,TCRBV20,TCRBJ02-01
13ada62d42ffae1a753bf5b4211ef40e,test_dataset_8_1,0.6034950138166942,CASSDLEASGSHYEQFF,TCRBV07-09,TCRBJ02-01
153cde89b8ac3d14ae0f8720396d00a6,test_dataset_8_1,0.4394018842673818,CVYV,TCRBV15-01,TCRBJ02-07
1657aa96865ac5edc15bfa7637248d1b,test_dataset_8_1,0.6965990628463161,CSVEDPEGAYEQYF,TCRBV29-01,TCRBJ02-07
16c5e76c2b20e97d8b1ebe0fcb541b61,test_dataset_8_1,0.1772043134216168,CSVGDRGWGWVGGYTF,TCRBV29-01,TCRBJ01-02
18a060a1b38133743baf5e96b8ddd8ef,test_dataset_8_1,0.2627306366064333,CAWSVSVYVYEQYF,TCRBV30-01,TCRBJ02-07
18b2422e091ecda6fe5c2806afe76313,test_dataset_8_1,0.1249800354797361,CASSDPSGASRFYEQYF,TCRBV02-01,TCRBJ02-07
19204e93be6c63dcac2a1560ee0dafec,test_dataset_8_1,0.6252049231284671,CASSLEEGQGFYEQYF,TCRBV07-06,TCRBJ02-07
1aa4331d835ab2fbbf58fa656a3d402d,test_dataset_8_1,0.099578031946701,CVGFGGEVWSEQFF,TCRBV07,TCRBJ02-01
1b02353eeb103a8e5d1bc39c4cbf3e8a,test_dataset_8_1,0.4719654382492014,CAVARDPEDNEQFF,TCRBV06-05,TCRBJ02-01
1b15a0921c27eea9e22e417395b30129,test_dataset_8_1,0.1343839477572092,CSVEDAGTSGGFYEQYF,TCRBV29-01,TCRBJ02-07
1b561769f5f2bdb46a14e9723a00cfe3,test_dataset_8_1,0.3885751013221135,CASDVIYMRQPEQGAVFYEQYF,TCRBV28-01,TCRBJ02-07
1be9bde4c7ff14686ae279ef36fe14a9,test_dataset_8_1,0.5650880725789905,CASSDMDRAVRPYEQYF,TCRBV02-01,TCRBJ02-07
1bf03b38e3a9fc9636af735e4f6e22f5,test_dataset_8_1,0.3646448913015677,CSVDFGVVVCCGAFF,TCRBV29-01,TCRBJ01-01
1c00cd2f06b37adea978e43faf110a09,test_dataset_8_1,0.3951997979727897,CAWSVWLAGVWDEQFF,TCRBV30-01,TCRBJ02-01
1c77bb6d18e059e7c8d088192d1190c9,test_dataset_8_1,0.4719062207987853,CAWSVTEQRVQCEQYF,TCRBV30-01,TCRBJ02-07
1d9b923b455c9f4fd42a51da780024cc,test_dataset_8_1,0.1497568054963212,CAISAEGPWAEKGFYEQYF,TCRBV10-03,TCRBJ02-07
1e59982ae42759a91fca89b36dcb0259,test_dataset_8_1,0.2257617328910913,CSVVWWTEAFF,TCRBV29-01,TCRBJ01-01
1e8eb382590b734b4cd0018a52abe774,test_dataset_8_1,0.484554149973548,CAWSVVGLGGWVGEQYF,TCRBV30-01,TCRBJ02-07
1f0d2653d2dbecbf63911af9e22e507a,test_dataset_8_1,0.1499408941934701,CAWSYSVWGGWSYGYTF,TCRBV30-01,TCRBJ01-02
1f0db8717bb338068d76dd748e094f2d,test_dataset_8_1,0.3400916669522461,CASSLAEAGRVDEAFF,TCRBV05-01,TCRBJ01-01
1faa76e42ef7fb17f80250f46a57aca3,test_dataset_8_1,0.3398739829522118,CASSIEVAAEFYEQYF,TCRBV19-01,TCRBJ02-07
2048ff323e87bbf0f834f2f186a178f3,test_dataset_8_1,0.6101197651875024,CATSDQAGAFYEQYF,TCRBV24-01,TCRBJ02-07
20531d5ca8bf3a240501d6140774866f,test_dataset_8_1,0.7049595313295501,CSVEAVQALVDYGYTF,TCRBV29-01,TCRBJ01-02
20b0e54f2648de364251c6dbd1e146f6,test_dataset_8_1,0.4104216275946585,CAWEQYGQGAWEQYF,TCRBV30-01,TCRBJ02-07
212cd44785a02b0541bdd4f052dee78a,test_dataset_8_1,0.5245771969745759,CATSDLWASGRFYEQYF,TCRBV24-01,TCRBJ02-07
21b3007d951f2052d8a53c02c7d261fa,test_dataset_8_1,0.3133897630724593,CAWSVVWVRAEAFF,TCRBV30-01,TCRBJ01-01
2255b24aaa460d1f4cc6291891d68a74,test_dataset_8_1,0.4376925791186943,CSGEDWC,TCRBV29-01,TCRBJ01-02
22dc1f7c12ee508a1a274b9952153131,test_dataset_8_1,0.4345903277960435,CASSEEAGAFYEQYF,TCRBV09-01,TCRBJ02-07
23511c6dbd6264feb62216730a669a36,test_dataset_8_1,0.2764531427929881,CSVEDIEDGTNNYEQYF,TCRBV29-01,TCRBJ02-07
24ca2994f16aa4f83ac1326572e73809,test_dataset_8_1,0.1406524802461557,CSVVVVVRETQYF,TCRBV29-01,TCRBJ02-05
24f2d5ebdccb84309307da25b4940250,test_dataset_8_1,0.1724770187599292,CAWSVGAGAWF,TCRBV30-01,TCRBJ01-01
25298e7e17fa1293babc02e3c037d8a6,test_dataset_8_1,0.3244779605731516,CAWAWVVGYTF,TCRBV30-01,TCRBJ01-02
255a492986126e41052917b7591c01af,test_dataset_8_1,0.5628640999379306,CAWSAGVWGVGVNEQFF,TCRBV30-01,TCRBJ02-01
2595553c04174938a9e2e6b3dfbab128,test_dataset_8_1,0.1701666327176336,CSARDQGLAEKFYEQYF,TCRBV20,TCRBJ02-07
2601eab42b6db2c0cd468244891c416c,test_dataset_8_1,0.1234502252481662,CAWSPWGGFGYGYTF,TCRBV30-01,TCRBJ01-02
266368e0cf97a3575cc95415eb788456,test_dataset_8_1,0.0767818061280977,CSVEDPAGARSYNEQFF,TCRBV29-01,TCRBJ02-01
268ad6b39891fb819adb7ad2ca6e3bae,test_dataset_8_1,0.2423717944641384,CASSYREAGLWEQYF,TCRBV06,TCRBJ02-07
276771052159533063472dde95c790c8,test_dataset_8_1,0.2635600227598318,CAWSGGWEWNNEQFF,TCRBV30-01,TCRBJ02-01
27cd8d918c072c3ddfb6e7c155e7ac51,test_dataset_8_1,0.5936496368023354,CASSYSSSSSYSYEQYF,TCRBV06,TCRBJ02-07
27f812287e1965e3c26e8a3ad6ca5d43,test_dataset_8_1,0.6617107487083943,CAWCVWDNEQFF,TCRBV30-01,TCRBJ02-01
28a33c658b539b34223f312747e22ff9,test_dataset_8_1,0.2234728505515497,CSARDMAGSQKYYEQYF,TCRBV20,TCRBJ02-07
2a7689c216239e484205c10ddbd738dd,test_dataset_8_1,0.1802839965415342,CASSLERLDVSGNTIYF,TCRBV11-03,TCRBJ01-03
2ae7b93658670314b59fd6b1c4cf42ab,test_dataset_8_1,0.1631972970563189,CASGHLVPGLAGGKEFYEQYF,TCRBV21-01,TCRBJ02-07
2b0f0bb086f0bc601169d88021bee5af,test_dataset_8_1,0.1395497373692504,CSVEIGDGNTIYF,TCRBV29-01,TCRBJ01-03
2b662dd147b3fcc7f52ae3101811b6b0,test_dataset_8_1,0.616190510175076,CSVEVEGWNEDEQYF,TCRBV29-01,TCRBJ02-07
2bba8698f71036425e0e5596da390404,test_dataset_8_1,0.3922094297810568,CAWGAWGAEAFF,TCRBV30-01,TCRBJ01-01
2c4ee2dd95eedfa22eaff127641bf5a2,test_dataset_8_1,0.5242511545539821,CSVWEWSGEQFF,TCRBV29-01,TCRBJ02-01
2d0b80ab4916d9c66f6e86ebf1d26ac0,test_dataset_8_1,0.4244170252442439,CSASDPELAGGHYEQYF,TCRBV20,TCRBJ02-07
2d388e1ed2d8e028a514685513abb863,test_dataset_8_1,0.1147081220083172,CAWIWGQRDSSWVWAFF,TCRBV30-01,TCRBJ01-01
2d9e8d3fcfcdff237af831ddddbb55b8,test_dataset_8_1,0.608543435034317,CRVGVRVVGCYEQYV,TCRBV12-05,TCRBJ02-07
2dee4d29997cb8d1a7d9705133652880,test_dataset_8_1,0.6628358312260738,CASSEESARFYEQYF,TCRBV02-01,TCRBJ02-07
31b98acec534a76d46b0ea914448b8d4,test_dataset_8_1,0.0985703921278975,CAWVQGEVWFF,TCRBV30-01,TCRBJ02-01
321892e1eff3e0b0cf17a1922e7f74bf,test_dataset_8_1,0.4166189923756923,CAWTRDPDGYTF,TCRBV30-01,TCRBJ01-02
32952b193580553c3e559cadfe56bcd9,test_dataset_8_1,0.6158745506004708,CSARDVNGGRTFYEQYF,TCRBV20,TCRBJ02-07
33b8d5b14058f576589c86bb33016c5d,test_dataset_8_1,0.4777888443753834,CASWGVGWVGEQFF,TCRBV27-01,TCRBJ02-01
36250fe5bff969ced6d5da9cdad05d80,test_dataset_8_1,0.0991810719926817,F,TCRBV27-01,TCRBJ02-01
369bde7c30fb249515022958175432aa,test_dataset_8_1,0.1252360094277717,CASSAREAGEFYEQFF,TCRBV11-03,TCRBJ02-01
371a0444274a0bef8ee6e856d57b7096,test_dataset_8_1,0.357290854688135,CSARDLRGTREYYEQYF,TCRBV20,TCRBJ02-07
376ffe9b4665b66a2e62508ffe29be0c,test_dataset_8_1,0.643237202448017,CAWSAGPWSAEAFF,TCRBV30-01,TCRBJ01-01
37b2baf21220429f905b71daf2008430,test_dataset_8_1,0.1281065028307066,CAWRVWV,TCRBV30-01,TCRBJ01-05
3856347d911702b5c87954f799e141d4,test_dataset_8_1,0.3591754032590389,CASSECADWCWSVAISGELFF,TCRBV25,TCRBJ02-02
385c0eedffe78998190dfe75d2456716,test_dataset_8_1,0.4470771137614697,CSVVVGVYEQYF,TCRBV29-01,TCRBJ02-07
392724e2d0f2e07b64f498d1e5afbc70,test_dataset_8_1,0.6452966019908085,CASSESEDEDEQFF,TCRBV06-04,TCRBJ02-01
39a4fd4dc85d92910610468ef51c21eb,test_dataset_8_1,0.2741804983055158,F,TCRBV27-01,TCRBJ01-02
3a8ee703a39df2b5c1cf76dd5da3edb3,test_dataset_8_1,0.1671230376614829,CASSQDEAGGWYEQFF,TCRBV04-03,TCRBJ02-01
3b46469e0038837d8300c44777ea4ce8,test_dataset_8_1,0.1676724980314135,CAWSVRVGVSVGELFF,TCRBV30-01,TCRBJ02-02
3b746c269a77d9b08c616e44d513cc89,test_dataset_8_1,0.4579705913360853,CSATNPELAELFYEQYF,TCRBV20,TCRBJ02-07
3b81b9345fcb3fc7e3e9cf755a45609b,test_dataset_8_1,0.3192106911890806,CSVVVVSFSYEQYF,TCRBV29-01,TCRBJ02-07
3c841b20205bddb0edd155b4104ce1d6,test_dataset_8_1,0.5057685006824927,CSARDPDRAVEQYF,TCRBV20,TCRBJ02-07
3d508e87f3818a05749205714b022a21,test_dataset_8_1,0.2240955141681532,CAISEDPAGGKGFYEQYF,TCRBV10-03,TCRBJ02-07
3dc6dba9f798813ec2387989b564943e,test_dataset_8_1,0.1275233735755818,CASSQDLSGSKAWYEQYF,TCRBV04-03,TCRBJ02-07
3e394da7ae34b470030de54af294fa6b,test_dataset_8_1,0.1801161017721014,CASSLAEGTEFYEQYF,TCRBV07-08,TCRBJ02-07
3e57f39163d8f2d285e4c8a7e2a59a8c,test_dataset_8_1,0.3529762433089379,F,TCRBV05-03,TCRBJ02-04
3e9f4dee84bf357751bedc98df890925,test_dataset_8_1,0.3784662651163071,CATSDFNREQGFYEQYF,TCRBV24-01,TCRBJ02-07
3f97f8edeea26498133a7534dd8ecae2,test_dataset_8_1,0.659626374572559,F,TCRBV27-01,TCRBJ02-07
40648d904f0f2d926b2d31402f77d16e,test_dataset_8_1,0.206543305219873,CSVEREWTSCYEQYV,TCRBV29-01,TCRBJ02-07
4083040e6680ffa72c9ce46393c550e5,test_dataset_8_1,0.5661552921136509,CASSPDGDRAFYEQYF,TCRBV05-01,TCRBJ02-07
40f72db2aae0bbc403d6b7150b43c02b,test_dataset_8_1,0.1444929542683561,CSVVWGVWNEQFF,TCRBV29-01,TCRBJ02-01
41e528e7db40a3e48ed77a8de03025fe,test_dataset_8_1,0.6436317344919753,CSARDLDQAGGYYEQYF,TCRBV20,TCRBJ02-07
427ad001619a04427e77d2665525a54c,test_dataset_8_1,0.453894148654544,CSALQTVDLSGYTF,TCRBV20,TCRBJ01-02
429181bfebd206ee14bce4ccadecf50e,test_dataset_8_1,0.1103860465277399,CSVVVINNEQFF,TCRBV29-01,TCRBJ02-01
42960de4d6bcadb64a255817d4be70d2,test_dataset_8_1,0.5365497666627456,CACVLVVRETQYF,TCRBV30-01,TCRBJ02-05
429c3b7f8e72fe33d02f9cf2aae8c429,test_dataset_8_1,0.519810987162812,CASSQVENILVSGNTIYF,TCRBV04-03,TCRBJ01-03
449647f1ac92862617aa06a39a5d282a,test_dataset_8_1,0.5331444366346214,CAIREDPDGNTEAFF,TCRBV10-03,TCRBJ01-01
44cddf42e78796f1c961a365339599e5,test_dataset_8_1,0.266281322448143,CAISDPAETSRLYEQYF,TCRBV10-03,TCRBJ02-07
47dc0b4f1c1f088b9737f7ac44b04621,test_dataset_8_1,0.2295602018617431,CAWSVCEGQFF,TCRBV30-01,TCRBJ02-01
49767746e14d19d8faf7e10cb57227f0,test_dataset_8_1,0.314485867482413,CSARDSSGARTFYEQYF,TCRBV20,TCRBJ02-07
4996f20472491ce4fdff3b9c67e2687d,test_dataset_8_1,0.2328291472399087,CASSLEFLGRHQEAQYF,TCRBV07-02,TCRBJ02-05
4a6e36e5de64ec863d4fea1ade6f6340,test_dataset_8_1,0.1916179726357643,CSVGSVCLAGMREQYV,TCRBV29-01,TCRBJ02-07
4abd7ac40dd960c67cc1b6d67c40c87a,test_dataset_8_1,0.3196932630848423,CASSQDPAESEIFYEQYF,TCRBV04-02,TCRBJ02-07
4b9916062548b910a20a812382c7a4e7,test_dataset_8_1,0.1838718000482535,CSVEDPDAQGAYYEQYF,TCRBV29-01,TCRBJ02-07
4bf7a99fb094a69d61dfb1b6c37c1daa,test_dataset_8_1,0.1238824599461912,CAISDREAGGPFYEQYF,TCRBV10-03,TCRBJ02-07
4bf8d671b262d4c2732ec966fda990a2,test_dataset_8_1,0.3385611906781083,CSALGLAGGPAIGELFF,TCRBV20,TCRBJ02-02
4dfb3bfe5a830ebaf02b81cc4895ae36,test_dataset_8_1,0.6887347390288329,CATSEPDLAEPFYEQYF,TCRBV15-01,TCRBJ02-07
4e3c7cc8780b781078ee905c1a21bf72,test_dataset_8_1,0.2167239089356521,CASSLSRLGRDREAEQYF,TCRBV18-01,TCRBJ02-07
4f529c2f0537f0f0e7e9bcf8328689f1,test_dataset_8_1,0.2694280275478695,CASSQDPEGLAGFYEQYF,TCRBV04-01,TCRBJ02-07
4f8cfea69c6840f395d65327971777cf,test_dataset_8_1,0.3523485347697606,CSVEWEWSEAFF,TCRBV29-01,TCRBJ01-01
4fb14fe7cd8361d7bc90908a6533cd25,test_dataset_8_1,0.4476180009982102,CASSEVVASRNFYEQYF,TCRBV06-01,TCRBJ02-07
4fd227b3c7beca4a48bc88d48786b988,test_dataset_8_1,0.5416820607515549,CATSDHVARAKFYEQYF,TCRBV24-01,TCRBJ02-07
508baaee4456d29ddc38d7660154c860,test_dataset_8_1,0.5824911663551495,CSVVVVWGWIGDGYTF,TCRBV29-01,TCRBJ01-02
5174ba0fec4a7d9779729ab503283048,test_dataset_8_1,0.3576993918653759,CATSDFEAGGRFYEQYF,TCRBV24-01,TCRBJ02-07
51f3f148963c89690e910f71edd700a6,test_dataset_8_1,0.1971428015019673,F,TCRBV20-01,TCRBJ01-01
52868211c4dfb2f8175c9a8dafbaba97,test_dataset_8_1,0.2855379074784169,CATSDSAKGQDFYEQYF,TCRBV24-01,TCRBJ02-07
5320a87a0d923455ec6f70f8ee3d3a01,test_dataset_8_1,0.2469777104823411,CAISEYQDRDAYEQYF,TCRBV10-03,TCRBJ02-07
54ade3beba429d82d09cd56ac00adff1,test_dataset_8_1,0.1460002306539087,CAISDPDGALFSYEQYF,TCRBV10-03,TCRBJ02-07
54e3d664eb4e40aea83ba84993fb678a,test_dataset_8_1,0.1265607336181086,CEEERDREEDREVDEQFF,TCRBV21-01,TCRBJ02-01
5518b7480ce5c73d7578e74176c600a0,test_dataset_8_1,0.525275718842703,CASSLDEAGAFYEQYF,TCRBV07-02,TCRBJ02-07
55297168f834d13692ba61d4f0141551,test_dataset_8_1,0.1818102580294313,CAWSVVGWGVGQYF,TCRBV30-01,TCRBJ02-03
55cc1e02bf5bcecd7a316afe0348e830,test_dataset_8_1,0.4145341044285434,CAISDLDERGEFYEQYF,TCRBV10-03,TCRBJ02-07
56c9bcbe80259961f19cf1589b5b7423,test_dataset_8_1,0.6579917965099621,CAISEFGWQGPTTDTQYF,TCRBV10-03,TCRBJ02-03
5728178d70d83e3c6d15a87ca95f03b7,test_dataset_8_1,0.5318800447946138,CASSQDAAGEFYEQYF,TCRBV04-01,TCRBJ02-07
5780fe5d8e15f81b40f660a8029e6185,test_dataset_8_1,0.688538052965299,CSVEIGSGNTIYF,TCRBV29-01,TCRBJ01-03
57893401e195382c1317c9a00c2ed363,test_dataset_8_1,0.2630521172330856,CATSDLSGTKEYYEQYF,TCRBV24-01,TCRBJ02-07
58fd698cb06f06dbb7ca41f10ca91b54,test_dataset_8_1,0.1713659559650723,CSVEWWDSVEETQYF,TCRBV29-01,TCRBJ02-05
59e847a505863ecea6bf2f4d5781e355,test_dataset_8_1,0.1113620809231224,CAWDATGDGNTEAFF,TCRBV30-01,TCRBJ01-01
5a6e389b254242e2655c6ead45258779,test_dataset_8_1,0.6274004988742982,CAWVWGREQYF,TCRBV30-01,TCRBJ02-07
5ae435f6aa4206347f59bb1d7513650a,test_dataset_8_1,0.1742782613527477,CSVRCSC,TCRBV29-01,TCRBJ02-07
5b176bbf28b90246fa8827f2865ab444,test_dataset_8_1,0.0884719355085828,CSVEIGSGNTIYF,TCRBV29-01,TCRBJ01-03
5bbdce8ac6a2e0c743fd2450c2bbfd93,test_dataset_8_1,0.2915244489434158,CAWSVLGWSGSEAFF,TCRBV30-01,TCRBJ01-01
5c1b2f878edd91605143e5797afab54c,test_dataset_8_1,0.6812846478732625,CASSQDETGAFYEQYF,TCRBV04-03,TCRBJ02-07
5dfdc69ed62a1943ae431a89ea605c5d,test_dataset_8_1,0.4818497015360474,CSVEDEENARGLYEQYF,TCRBV29-01,TCRBJ02-07
5f42ac09e01211030dc684daed933088,test_dataset_8_1,0.5311651789925126,CSVVVVYEQYF,TCRBV29-01,TCRBJ02-07
6139a8cb9a55f81ef54401e4b8fbe4c2,test_dataset_8_1,0.3376455626094951,CASSEGWEARQFYEQYF,TCRBV02-01,TCRBJ02-07
6171c8a22138b49943758fa34a9445d1,test_dataset_8_1,0.3453773655078243,CAWSVWGEHEQYV,TCRBV30-01,TCRBJ02-07
619551ad49981633f03afdbbadc6e945,test_dataset_8_1,0.2387015212375731,CSVVVVQGVDEQYF,TCRBV29-01,TCRBJ02-07
630adfcab75a84830ee0466c5e4fa794,test_dataset_8_1,0.2899830500933356,CSVVVVEGRVRNEQYF,TCRBV29-01,TCRBJ02-07
6319bfba377916841a34094f920dace6,test_dataset_8_1,0.2863316013033158,CSARGVQETRDFYEQYF,TCRBV20,TCRBJ02-07
63a2c63d780f6dcf637c1869043e4ca1,test_dataset_8_1,0.5398047816407556,CASSQDLEGAVDGYTEAFF,TCRBV04-02,TCRBJ01-01
6464887e40930c6e105f5431480961c3,test_dataset_8_1,0.577419169264975,CASSLEGAWGFYEQYF,TCRBV11,TCRBJ02-07
6591a65f2c88e6a1889d296b72c8f755,test_dataset_8_1,0.0926448603487428,CATSDLLAGLAFYEQYF,TCRBV24-01,TCRBJ02-07
66003f4b8e2bdf7776c5a8ad1eb55e76,test_dataset_8_1,0.2315272515694073,CSVSVSVSSYEQYF,TCRBV29-01,TCRBJ02-07
668f968987805e0a09eb2f529c9d69fb,test_dataset_8_1,0.4421020748245638,F,TCRBV09-01,TCRBJ02-07
672d53541af109f0a28a3ff77b9ace67,test_dataset_8_1,0.52445876405182,CASSFTSLYLNGGPGYNEQFF,TCRBV28-01,TCRBJ02-01
6801249b398acb52a7e33dfef2bd848e,test_dataset_8_1,0.3712054944653592,CATSRDQAGAFYEQYF,TCRBV15-01,TCRBJ02-07
6850a1e21732be6f2d3a1ced8eec73c2,test_dataset_8_1,0.2166873148953133,CAWSVGVWGGYTF,TCRBV30-01,TCRBJ01-02
6a4777fd1b584cc4276902c107d2c512,test_dataset_8_1,0.0956567271042708,CVWEGVVCEQYF,TCRBV11-03,TCRBJ02-07
6b6024cda8319f20655a10a1ce4ea47c,test_dataset_8_1,0.2189262350001692,CSARDLEASESYYEQYF,TCRBV20,TCRBJ02-07
6d6b67bd4c12258d9f353e0d7da2de30,test_dataset_8_1,0.4068335357627553,CASSQDLEGTGTFYEQYF,TCRBV04-03,TCRBJ02-07
6dae6cc682212604f4b1c327355cad5d,test_dataset_8_1,0.3789678674543603,CASSQDKDGTEPFYEQYF,TCRBV14-01,TCRBJ02-07
6e5d349369b7be2eae248aa195348030,test_dataset_8_1,0.3983981797257894,CSAMQDWDDSRGFYEQYF,TCRBV20,TCRBJ02-07
6e905a6b2520a4c79699df43c075d3c7,test_dataset_8_1,0.5049967120342821,CASSDFIAAKQHYEQYF,TCRBV06-01,TCRBJ02-07
6eb4b78cc99b58b4501a1f6d5eb71982,test_dataset_8_1,0.1144712932684788,CAWSWSWGNEQFF,TCRBV30-01,TCRBJ02-01
6f50897773ef8c52462ee59c3a5e6de4,test_dataset_8_1,0.1577748318948601,CSVVVVEIMYEQYF,TCRBV29-01,TCRBJ02-07
6f71c9ceb176bf09655cf28cdd7c1511,test_dataset_8_1,0.2756276962898788,CASSVDPAGAFYEQYF,TCRBV09-01,TCRBJ02-07
700c5a66d2c05acf3ab86cb35d42a624,test_dataset_8_1,0.2086975498232796,CSAHDYDRDGRPEAFF,TCRBV20,TCRBJ01-01
724c055482945248e5706561b5deeffc,test_dataset_8_1,0.3364868497333843,CSVVWVYEQYF,TCRBV29-01,TCRBJ02-07
744820768d70754a1e625aa9731be534,test_dataset_8_1,0.0744348163829705,CAWSVVGVCDTQYF,TCRBV30-01,TCRBJ02-03
74533a6c780b52591c4ddf15000ba594,test_dataset_8_1,0.1376771210821864,CATSDLGEAGAFYNEQFF,TCRBV24-01,TCRBJ02-01
74990180c6c8ff3fd9cb3adc4166f4c0,test_dataset_8_1,0.3126997342957338,CSVVVVYEQYF,TCRBV29-01,TCRBJ02-07
74fe0f32c7e67168fbe13b75edddfb93,test_dataset_8_1,0.5919661058267334,CSVEEFYEQYF,TCRBV29-01,TCRBJ02-07
7543fc4b96c1716e9a730b50ce7b9da6,test_dataset_8_1,0.2507287786401594,CSVVVGIVVIETQYF,TCRBV29-01,TCRBJ02-05
76af8b13b0dd43c750b2c136f3442822,test_dataset_8_1,0.2030027424758896,CAWSVGWLAGGWTGELFF,TCRBV30-01,TCRBJ02-02
77ce58429d89cbc6f0ef48e46843faac,test_dataset_8_1,0.2261665735468555,CASSDPRGAGDFYEQYF,TCRBV25-01,TCRBJ02-07
77ef8babbda05e598aac82376faf1980,test_dataset_8_1,0.2453039023052654,CSARDPEQTGHLYEQYF,TCRBV20,TCRBJ02-07
785a16a080e2ab826beaa2a8f6bbd6b8,test_dataset_8_1,0.6112973321009735,CASNDPFRLADFYEQYF,TCRBV06,TCRBJ02-07
78cb39ad3bf34038465291b07a6e4859,test_dataset_8_1,0.4987753628632293,CASSVCSVECSYNEQFF,TCRBV09-01,TCRBJ02-01
799df9eea909d03aa94af43333ce3cdb,test_dataset_8_1,0.4896503474678567,CASSLEVLELSGNTIYF,TCRBV07-02,TCRBJ01-03
79b0197142b8aa004074b74507b5d8d2,test_dataset_8_1,0.3682325330174644,CASSPGGAVALPQGTLLAGDTYEQYF,TCRBV06-02,TCRBJ02-07
7baba524eb688fc49bef59bef36e4640,test_dataset_8_1,0.1459039922571709,CAWSVGWVRSVEQYF,TCRBV30-01,TCRBJ02-07
7c81800b1dcfff1c6854426eeb9d2b4a,test_dataset_8_1,0.54591456468186,CAWSVWCGYTF,TCRBV30-01,TCRBJ01-02
7cc1cb13223e6ac8373a9c63750e651b,test_dataset_8_1,0.5096413430115408,CASSLDAAATFYEQYF,TCRBV07-02,TCRBJ02-07
7da8348af88d20038f67c7147216738c,test_dataset_8_1,0.1139972435220391,CPF,TCRBV27-01,TCRBJ02-07
7e6fc6febe7185afe57dfb00a57ef41d,test_dataset_8_1,0.1039964842310639,CSVEVCAWETQYF,TCRBV29-01,TCRBJ02-05
7eb98f1d0a0dfa244a40d106a9d2c560,test_dataset_8_1,0.1605142782319289,F,TCRBV27-01,TCRBJ01-05
7ed656772893aed66a623bc2f3223db5,test_dataset_8_1,0.2248116534605619,CAWDGAWGEQFF,TCRBV30-01,TCRBJ02-01
7ef4f54c8315123119e15ee5f9571503,test_dataset_8_1,0.1976388043706428,CSVVVGGGWEQYF,TCRBV29-01,TCRBJ02-07
7f14791620afbe13d3a8734f1a3416ff,test_dataset_8_1,0.5996160035087535,CGFF,TCRBV12-01,TCRBJ02-01
7f66d8c782c3c83fc09fde9e94f04de1,test_dataset_8_1,0.2918797988618872,CWGFGYYGYTF,TCRBV07-09,TCRBJ01-02
7f774631506e2668615bffce36580521,test_dataset_8_1,0.2751712219873996,CSVGEWGSVWNEQFF,TCRBV29-01,TCRBJ02-01
80323387482775ae57dd346559e220d0,test_dataset_8_1,0.5892087111430185,F,TCRBV27-01,TCRBJ02-07
81ca7d61b1b49bf97741c793e996a548,test_dataset_8_1,0.3076263389483984,CSFF,TCRBV29-01,TCRBJ02-01
8255016598a43b90ded3387a98de6c5a,test_dataset_8_1,0.145126307254834,CASSVSAVRDIKITGNTIYF,TCRBV02-01,TCRBJ01-03
825e7a466f4a629e8b0c63cdb5890294,test_dataset_8_1,0.5340285170675736,CASSGVGVGVWVF,TCRBV27-01,TCRBJ01-01
826d1b6b8429a4b6aee01cc58fce38e6,test_dataset_8_1,0.1759603294905994,CASSEATRTFYEQYF,TCRBV02-01,TCRBJ02-07
82db89cc700dc673c16d35e2c52bf00a,test_dataset_8_1,0.1057706158605966,CSVEVWVGGTEYNEQFF,TCRBV29-01,TCRBJ02-01
8359209e101b4cc88fc1b8126164c15a,test_dataset_8_1,0.1101982965069076,F,TCRBV09-01,TCRBJ01-01
843c0e611a6c64b25f7af7f9904ee533,test_dataset_8_1,0.224601977922992,CAWSVWFF,TCRBV30-01,TCRBJ02-01
84abc8d91e9ebca0a53cf2188c0075b4,test_dataset_8_1,0.2831619088704611,CAWSVVGRCGVVQYV,TCRBV30-01,TCRBJ02-07
87b974c798a8918f5b113c12429fdda6,test_dataset_8_1,0.457469477593422,CSVEDPDNTEAFF,TCRBV29-01,TCRBJ01-01
87cbc9a5c006426559f2b503abf1b609,test_dataset_8_1,0.2895575414630795,CASSLGTATGIVVEQFF,TCRBV04-01,TCRBJ02-01
889d7dc3ec901263b5e412f178441d0e,test_dataset_8_1,0.6721134493089781,CSVELQWRDPDGHNEQFF,TCRBV29-01,TCRBJ02-01
89cb2cd76175a1a0631cab66a3c8cd4f,test_dataset_8_1,0.2357841785764763,CSVVVGWGYEQYF,TCRBV29-01,TCRBJ02-07
8a9f08e616705d33a21a5197690d82f8,test_dataset_8_1,0.3819375182198492,CAISDWSGTVMNTEAFF,TCRBV10-03,TCRBJ01-01
8b5d445504471f11fd52720bb9160bba,test_dataset_8_1,0.5223676094936974,CSVVVTVTYEQYF,TCRBV29-01,TCRBJ02-07
8be3f2a8cbdbd0810663220bc329a1ec,test_dataset_8_1,0.1272524473308924,CPWG,TCRBV06-06,TCRBJ02-06
8e2fb83e40c95c651e0296fed33b2770,test_dataset_8_1,0.6739516832139156,F,TCRBV09-01,TCRBJ01-02
8e3e1f54b6b1363c7ff85e7b9b875d27,test_dataset_8_1,0.1355008314413878,CSVEDPDGAYEQYF,TCRBV29-01,TCRBJ02-07
8e8df05a02404dc9740f5ad4c0985d26,test_dataset_8_1,0.2024550867336234,CAWSVGVWEEQFF,TCRBV30-01,TCRBJ02-01
8e9d852bc280f9baeea5bcff83639df8,test_dataset_8_1,0.7269322631553788,CASSQDLGRARSFYEQYF,TCRBV03-01/03-02,TCRBJ02-07
900c8df2f84cc354a6c366da1fe82fe4,test_dataset_8_1,0.2280941805842935,CSARDISGVGEFYEQYF,TCRBV20,TCRBJ02-07
9011e5fc9c8f6da4b086764825096f2c,test_dataset_8_1,0.3476884440305791,CSARDLETSGYFYEQYF,TCRBV20,TCRBJ02-07
9024f1a580d187b60471030b39accca9,test_dataset_8_1,0.7197182627517981,CSVEDPEGTEAFF,TCRBV29-01,TCRBJ01-01
9056024e6a73f220369a249df91e3d8c,test_dataset_8_1,0.6417700681049687,CATDDPDRASRFNEQFF,TCRBV10-03,TCRBJ02-01
91526817a71775e7f70e4cf83dca7aa2,test_dataset_8_1,0.1237474319205311,CDSNRVVVFDCCGYTF,TCRBV09-01,TCRBJ01-02
9195b0d786b0886b18e91e89df82ae15,test_dataset_8_1,0.5073592678692679,F,TCRBV09-01,TCRBJ02-03
92b2500bc02add37681a29e476d3e158,test_dataset_8_1,0.1621160023708665,CAWRPDRDRVWRVNYGYTF,TCRBV30-01,TCRBJ01-02
933cefca7079b00aad2a38f6d101bf7f,test_dataset_8_1,0.1040961119924833,CATLDGARAPYEQYF,TCRBV06-05,TCRBJ02-07
938fce93334fe2081feafcb45ef3994e,test_dataset_8_1,0.4289804511573492,CAIWEPYNEQFF,TCRBV28-01,TCRBJ02-01
943107e9b5d8c87d73669afa20fa27d5,test_dataset_8_1,0.1409208586679487,CASSLDATVNWYEQYF,TCRBV05-01,TCRBJ02-07
94f9721ea8110298387ce9cc1367dd03,test_dataset_8_1,0.1465464298267326,CASGFPVPGLAGARSFYEQYF,TCRBV12-05,TCRBJ02-07
95ecebe8ed08e0344c9ce7bf83163423,test_dataset_8_1,0.63854210959409,CSARDWAGDRGFYEQYF,TCRBV20,TCRBJ02-07
975be4d24280fa421f129bc7f14b6e80,test_dataset_8_1,0.2753608776404807,CASSKDVDRGEHFYEQYF,TCRBV21-01,TCRBJ02-07
97e3ab2d1c7423fbd3f8b1f1efaf07f1,test_dataset_8_1,0.2931266114618904,CAWSWAGGWDEQFF,TCRBV30-01,TCRBJ02-01
99d31972d01fdaa1cedc5bcf270379cf,test_dataset_8_1,0.5499230778544001,CASSLGLRVAGVDQTVDYYEQYF,TCRBV13-01,TCRBJ02-07
9bd46d147d5f0f854095f77609ed3160,test_dataset_8_1,0.2015620655431416,CTVVCIWEQYF,TCRBVA-01,TCRBJ02-03
9c355964f8388a671d63c4c8fe04d105,test_dataset_8_1,0.2817910783569892,CATSDLLRDRGRLEEALEYNEQFF,TCRBV24-01,TCRBJ02-01
9ccaef4a88e60dcadd58310ec4b1ce8c,test_dataset_8_1,0.1762644491912629,CSAWDWGWDWQFF,TCRBV20,TCRBJ02-01
9d0de0aec340a52c6f58ddf65060bb84,test_dataset_8_1,0.1173915116675742,CSAGGFWAGGFCEQYV,TCRBV20,TCRBJ02-07
9dca67aed2baf44026916897e1917bf1,test_dataset_8_1,0.1615466135928593,CCF,TCRBV27-01,TCRBJ01-05
9dfa10740dbda222effdf632f8d074ac,test_dataset_8_1,0.1236821359378545,CSARDLDRDGIGELFF,TCRBV20,TCRBJ02-02
9e364a210b0217ff104bd40b409922e8,test_dataset_8_1,0.3092194366707194,CASSEAAGAFYEQYF,TCRBV09-01,TCRBJ02-07
9e7be74fb032e0193f61bcc5fe595350,test_dataset_8_1,0.2807798666974198,F,TCRBV11-03,TCRBJ02-07
9f1824dd0d548574cc9b88339663c382,test_dataset_8_1,0.1400501957348205,CATSRALIRDPDGYTF,TCRBV15-01,TCRBJ01-02
9fa0d57a308a23e1cb69c415752616b8,test_dataset_8_1,0.1332135700382124,CSVVVIVDNEQFF,TCRBV29-01,TCRBJ02-01
9fca7b1be54b684f2b8975560435f8f2,test_dataset_8_1,0.1143058263649304,CSVVGWSGGVSWYF,TCRBV29-01,TCRBJ02-03
a0a13e852e6248d8358b75fa526089d1,test_dataset_8_1,0.67200672283169,CAWSWWEGWSGELFF,TCRBV30-01,TCRBJ02-02
a2291e186053e514a945bbfdc7584da6,test_dataset_8_1,0.2306155259254775,CAWSVWAGGAGELFF,TCRBV30-01,TCRBJ02-02
a29ee3a6177dd94a14299fcaccab006a,test_dataset_8_1,0.5011994211595096,CSVEVGAGNTIYF,TCRBV29-01,TCRBJ01-03
a322e23f144855342f2b4013287bf2d2,test_dataset_8_1,0.2024846836639443,CASSLDEAGGFYEQYF,TCRBV04-01,TCRBJ02-07
a3b1d07df1998542896f742ae57a6c41,test_dataset_8_1,0.4833156953865086,CASSQDGVRDFYEQYF,TCRBV04-01,TCRBJ02-07
a4076723c3e9080eeca7d3c9fda503ba,test_dataset_8_1,0.1705329911648086,CASSLVVDPNTGELFF,TCRBV05-01,TCRBJ02-02
a4c6b180daceee174950a54a11656d0d,test_dataset_8_1,0.1316994204136431,CASSLDEGFGFYEQYF,TCRBV07-09,TCRBJ02-07
a532a400f4973953c9a4ed82aa0cbcad,test_dataset_8_1,0.6107029844831067,CAIVVVFVVEQYF,TCRBV10-03,TCRBJ02-07
a5daa4e90aa043fbce317ea38fc3d453,test_dataset_8_1,0.4512782968322311,CSVAAGWGYGVAGGGWHEQFF,TCRBV29-01,TCRBJ02-01
a61db16620f540145ddd192ca43b16d1,test_dataset_8_1,0.494715257872362,CASSVAVSVWGYVCEQYF,TCRBV09-01,TCRBJ02-07
a69b2c2a2d464dc884546470717c5879,test_dataset_8_1,0.1953910923137404,CASSEEAGAFYEQYF,TCRBV06-01,TCRBJ02-07
a701403fc637df0bf4c28ed3f59ec823,test_dataset_8_1,0.1396544498268578,CSASNVEEAGANYEQYF,TCRBV20,TCRBJ02-07
a70c5651cca9ac57273a6aacfe748c18,test_dataset_8_1,0.2453957806652583,CSVDSVGGVSVDEQFF,TCRBV29-01,TCRBJ02-01
a7181f8246a6d4fe268bbf7ad192e8af,test_dataset_8_1,0.5615462203001522,CAWWYGGGYGYTF,TCRBV30-01,TCRBJ01-02
a81f730baa04d809d8595fb6c5e3904c,test_dataset_8_1,0.4694037304476652,CASSLEEGLRFYEQYF,TCRBV11,TCRBJ02-07
a84dae834d9a8da2712e4cc6a0408ac8,test_dataset_8_1,0.6218128463780271,CASSDLGAQRGFYEQYF,TCRBV02-01,TCRBJ02-07
a94ce2bfd969dac8cc15faf8b3cecde0,test_dataset_8_1,0.5311688080566168,CAITVGDFESTEAFF,TCRBV10-03,TCRBJ01-01
a965b3165566275ab22aa1b0c60278e0,test_dataset_8_1,0.5043037978974335,F,TCRBV27-01,TCRBJ01-02
a971b7ba8c0e9954f23f822da98f5523,test_dataset_8_1,0.3060319815814489,CSARDPKLAGGWYEQFF,TCRBV20,TCRBJ02-01
a981413e07b7b41d9d36946ea41d3817,test_dataset_8_1,0.4762267547250731,CSVEEFYEQYF,TCRBV29-01,TCRBJ02-07
aa198db2a883e500e6b1c508872914b6,test_dataset_8_1,0.4160946231158444,CSVETWSDGTLTGTWYEQYF,TCRBV29-01,TCRBJ02-07
abc856ba22ff4fac09f475e55f307d83,test_dataset_8_1,0.3436834493223592,CSARDPNRLAGFYEQYF,TCRBV20,TCRBJ02-07
aca01b34089704a62ffa558fa7248211,test_dataset_8_1,0.6906536220203938,CASSEETAGFYEQYF,TCRBV06-01,TCRBJ02-07
acd1b7395658a027929b9b7ddbf824e7,test_dataset_8_1,0.5708496439468833,CASSPEVAQGFYEQYF,TCRBV04-01,TCRBJ02-07
ad09ece19cbf94625e7cd04bade3f3bf,test_dataset_8_1,0.1374389256547723,CSVGWVGGVGTGELFF,TCRBV29-01,TCRBJ02-02
ad825ab139eff972e06c5147c8fd8e75,test_dataset_8_1,0.1246276669659825,CSAAEAGDFYEQYF,TCRBV20,TCRBJ02-07
b051d641d5074789a50eec6d1721671e,test_dataset_8_1,0.1713128640188403,CSVYSVYGYTF,TCRBV29-01,TCRBJ01-02
b15acbe7b124301db9395923ba61f59a,test_dataset_8_1,0.1227316589864463,CAWSDGGRALEFYEQFF,TCRBV30-01,TCRBJ02-01
b15e351a74ac672708fa663d6ab4b18e,test_dataset_8_1,0.7166508969052946,CSASEIADSRDWYEQYF,TCRBV20-01,TCRBJ02-07
b3717b11ef0ed9fd045711eba46d72ef,test_dataset_8_1,0.4373584685919379,CASSEEAGNFYEQYF,TCRBV06-01,TCRBJ02-07
b405168b95117c478553be9c4183d698,test_dataset_8_1,0.0940872116186107,CSVCVSSYNEQFF,TCRBV29-01,TCRBJ02-01
b49b4fa0f091a486cccfa01df8b30a6e,test_dataset_8_1,0.144625901634158,F,TCRBV05-03,TCRBJ02-02
b4f70c93257aa4c690725ed130eb8699,test_dataset_8_1,0.4536535053487633,CASSYSFNVVVNVYGYTF,TCRBV06,TCRBJ01-02
b5083f22e8fb5e536c597c13e339086b,test_dataset_8_1,0.1801251534594528,CSVRVGVWEQYF,TCRBV29-01,TCRBJ02-07
b5235c0e4617146eff5af9323f54da47,test_dataset_8_1,0.4152828022478443,CAISDPDRALSDYEQYF,TCRBV10-03,TCRBJ02-07
b569ad27d206ca8aa6186e27525686bd,test_dataset_8_1,0.1305494471601495,CASSLDSAGEFYEQYF,TCRBV07-02,TCRBJ02-07
b73cca28faa8a86fd6871686cb9b1908,test_dataset_8_1,0.6329028231214842,CASSQTQIGRHSEAEQYF,TCRBV18-01,TCRBJ02-07
b7d2f3ef349acfc5e1a8a1c0cfec6313,test_dataset_8_1,0.405344933148779,CASSVDPGLAGEFYEQFF,TCRBV09-01,TCRBJ02-01
b96c410130e6a0f8a5898313a909dd1b,test_dataset_8_1,0.4832103351073212,CAISDPEGTEAFF,TCRBV10-03,TCRBJ01-01
b9d4f23ee082eb2d3c65dab05e666a0c,test_dataset_8_1,0.5487013704621385,CATVKTNDLAGTEAFF,TCRBV15-01,TCRBJ01-01
b9f943b399f47d6ad0d6471a23eb29ea,test_dataset_8_1,0.2955872382227799,CASSRGRVVVGDGNTIYF,TCRBV12,TCRBJ01-03
ba14aca7bae779567eea393fb2abd5df,test_dataset_8_1,0.4660658683869544,CASSQDPDRAVRTYEQYF,TCRBV03-01/03-02,TCRBJ02-07
ba2ef1c81fa5d7387a9159945a26d24c,test_dataset_8_1,0.4086665004408698,CASSWEQDGASSYEQYF,TCRBV06-02/06-03,TCRBJ02-07
ba49c0676f4723a164ac3f405f06cb8a,test_dataset_8_1,0.1382162584716109,CAWSVWGVGVYGYTF,TCRBV30-01,TCRBJ01-02
baec57665b69ca8b4c84e0ebe3f6bdfe,test_dataset_8_1,0.1732457679958973,CSVWVWADRGGGELFF,TCRBV29-01,TCRBJ02-02
bbb09d69ed9ac4ec64cb1b2bfdc2643c,test_dataset_8_1,0.09773223141665,CVCLWDEQFF,TCRBV09-01,TCRBJ02-01
bbcb902aacb9aa3033e0e4f17e7d8ab8,test_dataset_8_1,0.1659055574920675,CAISEGAGAERFYEQYF,TCRBV10-03,TCRBJ02-07
bcb581f12cb043e353f0a8746576d8d2,test_dataset_8_1,0.1785120640537478,CAWSVGGGSWVVGELFF,TCRBV30-01,TCRBJ02-02
bd002b70c9ff630cf2a083a36295b32f,test_dataset_8_1,0.4600751102779911,CSARDWEGATDAYTEAFF,TCRBV20,TCRBJ01-01
bd1c923abe5bff46faf41c1d8c1534a9,test_dataset_8_1,0.1558299959569341,CAWSVQVWGYEQYV,TCRBV30-01,TCRBJ02-07
bdd8e3b86b153075c57b9f9132f6f39b,test_dataset_8_1,0.6137632797104146,CSARDPDRAGENYEQYF,TCRBV20,TCRBJ02-07
bde1309b3f774f33f718621cf8b26629,test_dataset_8_1,0.2429143104111706,CASSLEGGQEFYEQYF,TCRBV07-03,TCRBJ02-07
be700595330f3d7126bec8282fdf67d7,test_dataset_8_1,0.1127434935497061,CAWSVCVTCEAFF,TCRBV30-01,TCRBJ01-01
c12df4cec0a3bca004952e0162ca250e,test_dataset_8_1,0.5579820051135194,CAISDPEGTEAFF,TCRBV10-03,TCRBJ01-01
c131cd654ae9e5751dacc1f19cc045fc,test_dataset_8_1,0.4360853305907841,CASSLEGAHKFYEQYF,TCRBV05-01,TCRBJ02-07
c48488827ee45ddc799a34f882633f59,test_dataset_8_1,0.1299036486847276,CATSDLEPAGELYTQYF,TCRBV24-01,TCRBJ02-03
c4bbcce00b66c838ac75b7aea6c07f4b,test_dataset_8_1,0.4249317691983872,CASSKEECGGQAFGSVCCEQYF,TCRBV21-01,TCRBJ02-07
c5c807e58ee3c87628bfb1e2da4627e5,test_dataset_8_1,0.1034043087890233,CASSLSETKAFYEQYF,TCRBV11,TCRBJ02-07
c5eeae60dcbff44bcd4826e104cdfbd4,test_dataset_8_1,0.1116874341173738,CAWSVSVSVSAGELFF,TCRBV30-01,TCRBJ02-02
c678453c5e3a8670bbff6fd02e363d07,test_dataset_8_1,0.4229638847614922,CASTDPTGARATYEQYF,TCRBV21-01,TCRBJ02-07
c7e2aed30041214796ff5a4265ac1c0a,test_dataset_8_1,0.1508214635497656,CSVVWWVGVGEQFF,TCRBV29-01,TCRBJ02-01
c8f27a8b3f1ae215579c8b2cc22a91f9,test_dataset_8_1,0.6552020649591803,CASSPGGAQEFYEQYF,TCRBV07-02,TCRBJ02-07
c9022cf60463b15711c8b9d852430f2a,test_dataset_8_1,0.7088781868911512,CASSLEAAGSFYEQYF,TCRBV07-06,TCRBJ02-07
ca9ca18f3cc1bfbd569282988fd73fc1,test_dataset_8_1,0.3873083590929111,CAWV,TCRBV30-01,TCRBJ01-04
cb69f66d3774790860e8010e44a19bf3,test_dataset_8_1,0.2482400585004545,CAWGWVGEEGEQYF,TCRBV30-01,TCRBJ02-07
cc11d0cef6378c0337f6200e02f73ad0,test_dataset_8_1,0.5907746139711096,CSARDFAGARGDYEQYF,TCRBV20,TCRBJ02-07
cc1f41230ca2d08cfa4e4ded5af9438d,test_dataset_8_1,0.4133271038865219,CSVVCPQCDSSWREQYV,TCRBV29-01,TCRBJ02-07
cc2166b7eb9918930cfa8b60e4bcfaf8,test_dataset_8_1,0.1824681115883386,CSVFVWGVEAFF,TCRBV29-01,TCRBJ01-01
cc6c0d126b572a8421a1e050620e6607,test_dataset_8_1,0.660631120437833,CSVVVISVVETQYF,TCRBV29-01,TCRBJ02-05
d0c7c1cbaebabfb4b0ddeaf5d96b7dad,test_dataset_8_1,0.4789427040038935,CASSLDLDGQKGFYEQYF,TCRBV05-04,TCRBJ02-07
d0fda47d343a17adb72bcc4ce3ba9803,test_dataset_8_1,0.531086002630028,F,TCRBV20-01,TCRBJ02-02
d13a4de2d0cf63ecf3cc1eeb1a9ca17c,test_dataset_8_1,0.0927748391373162,CSVVWVVGESEQYF,TCRBV29-01,TCRBJ02-07
d171ceeab58fa6828bb7b4365ffb66ce,test_dataset_8_1,0.3811358491447347,CASSDAETSGRWYEQYF,TCRBV11,TCRBJ02-07
d1a2f536d749c6d8abecba34e73ccc77,test_dataset_8_1,0.3124578898024795,CAWSVGVWGVGGYTF,TCRBV30-01,TCRBJ01-02
d22c082ccfdecd43ca3367b7dac220dc,test_dataset_8_1,0.2538093057071929,CSVGWGWGYGYTF,TCRBV29-01,TCRBJ01-02
d2ff0a21ecc058fd15a9c9d8a291461b,test_dataset_8_1,0.5179505912113097,CASSLTGAQEFYEQYF,TCRBV04-01,TCRBJ02-07
d3639eaba413c31eed121880ab1fc860,test_dataset_8_1,0.5791701502056162,CATSDLELAEKPYEQYF,TCRBV24-01,TCRBJ02-07
d3653ea6da9374519665737c07f4b703,test_dataset_8_1,0.1872872295408747,CASRWVGVGAGVYEQYF,TCRBV06,TCRBJ02-07
d3b90681a3560302f595749bf42f5765,test_dataset_8_1,0.3108480827118332,CAINLGTGNTEAFF,TCRBV06,TCRBJ01-01
d3c69274d27239d42c7446e33f84390c,test_dataset_8_1,0.6321458612471372,CSVEVESVSVFF,TCRBV29-01,TCRBJ02-01
d41980a8189362167c0804ac82ef34a8,test_dataset_8_1,0.1620302470634711,CASSDPPGVERFYEQYF,TCRBV06-01,TCRBJ02-07
d4ec4e63f49fd08ead14631961be38f1,test_dataset_8_1,0.5277814237827668,CSAICGIGLCWG,TCRBV20,TCRBJ02
d511d7b91361a13406eecddff5231323,test_dataset_8_1,0.6713126294142548,CSVGGSVGGSEFF,TCRBV29-01,TCRBJ02-01
d5127f272b959d1b6fa54e1f00b73497,test_dataset_8_1,0.1495937051253132,CSACERECVEQFF,TCRBV20,TCRBJ02-01
d6148b933a4758167db4ed041c697faa,test_dataset_8_1,0.6969999666422306,LCSVWFWCEQFF,TCRBV05-06,TCRBJ02-01
d74786b4e6dbf86a05876a002bfff86d,test_dataset_8_1,0.2931021560346972,CASTHTAEGAAQFYEQYF,TCRBV11,TCRBJ02-07
d91f7ce664b4c1e28abb6e7fe9fff098,test_dataset_8_1,0.1612456290618681,CAWSVVVVGAFF,TCRBV30-01,TCRBJ01-01
da86ba3e476ed3ce53067e2713b4c255,test_dataset_8_1,0.3933255627805671,CAWSVCRLRTGVCEQYF,TCRBV30-01,TCRBJ02-07
dbad1728db422ad352c3191f225d7824,test_dataset_8_1,0.4542816638166499,CASSLDEAGGFYEQYF,TCRBV07-02,TCRBJ02-07
dc01d646401b3138c8463def508a6bc7,test_dataset_8_1,0.0953464557517279,CASSEVKVGSGNTIYF,TCRBV06-01,TCRBJ01-03
dc15f41bc33e6d7110ab2f5885d1d527,test_dataset_8_1,0.2542798005763749,CASSPNGDYLACSYEQYF,TCRBV21-01,TCRBJ02-07
dc674a328109a268e8802f7dd357d578,test_dataset_8_1,0.5408498441180357,CSVVCTGACMYGYTF,TCRBV29-01,TCRBJ01-02
dd1af32a088e02f84af3552f218a2c5c,test_dataset_8_1,0.604703279111705,CASTEQAAGFYEQYF,TCRBV06-06,TCRBJ02-07
dea922906a4bcd47f2a4f7f31392baf5,test_dataset_8_1,0.1443834503292668,CASSQVTVGIANYGYTF,TCRBV03-01/03-02,TCRBJ01-02
df442f38198b5781b6a42234c51be7ac,test_dataset_8_1,0.3019589678533501,CSVVWGVVGYTF,TCRBV29-01,TCRBJ01-02
e00824d64f57b1482da45a7e9672a6e3,test_dataset_8_1,0.0910919458860133,CSVEVEGGTGCFF,TCRBV29-01,TCRBJ02-01
e07f883d1b23345937bdaedbb2c8407f,test_dataset_8_1,0.5067766116572124,CSVVVTVVDEQYF,TCRBV29-01,TCRBJ02-07
e0887d0fc34c3049e21e0ca103b3ecd5,test_dataset_8_1,0.5998815025223109,CATSDPKLAAVFYEQYF,TCRBV24-01,TCRBJ02-07
e0fb5141562f470fd61b90d6d40f58d7,test_dataset_8_1,0.1084799519892386,CATSDFRSTGKFYEQYF,TCRBV24-01,TCRBJ02-07
e0ffb91d7dcef36b8b31f6df97cd48dd,test_dataset_8_1,0.0978652936048175,CSVVVGDGNTIYF,TCRBV29-01,TCRBJ01-03
e2a813f403ddd625b93a34c3b229a3d4,test_dataset_8_1,0.6568869707430002,CASSVSPDGLIKVWDTEAFF,TCRBV09-01,TCRBJ01-01
e49f7f930c07130006c6dfd78c3302ff,test_dataset_8_1,0.4496246468203492,CATSRDGAVPFYEQYF,TCRBV15-01,TCRBJ02-07
e4dbce3fe81707b3f0c156ad8d2f7397,test_dataset_8_1,0.6826285271842885,CASSDLDTGAAYYEQYF,TCRBV05-01,TCRBJ02-07
e571a41de97dcb16cf38d17544f6ec49,test_dataset_8_1,0.281890863406841,CASSADDPGLAGKWYNEQFF,TCRBV25,TCRBJ02-01
e5c1908384f13a2fa2e3d8cda91b90a8,test_dataset_8_1,0.0862130240667988,CAWSVGVWSSYEQYF,TCRBV30-01,TCRBJ02-07
e7f3e71b69559ba7df5556e40f3e06eb,test_dataset_8_1,0.4556283240243547,CAWSAGDEGAWAWGLFF,TCRBV30-01,TCRBJ02-01
e83cb02fb80c961679e3af81b7a5cbfa,test_dataset_8_1,0.7414282346049278,CSVLVWDRDPNGQETQYF,TCRBV29-01,TCRBJ02-05
e84dacb0293e8391be1c1fa7992f84ff,test_dataset_8_1,0.1325187197256669,CVCEQYF,TCRBV02-01,TCRBJ02-07
e9239467c20d46730afacd253450270b,test_dataset_8_1,0.1633416054054965,CASSFGAGDVERAGPYYEQYF,unknown,TCRBJ02-07
e92cdbe07f50dcb8400bde93186df38c,test_dataset_8_1,0.2213341230955613,CSVVWGVWNEQFF,TCRBV29-01,TCRBJ02-01
ea13fb404c7b2afa4a607b4620b7e5e7,test_dataset_8_1,0.2784608564064204,CSVEIGSGNTIYF,TCRBV29-01,TCRBJ01-03
ebcaa5832d6764b8da1ae78b843d55c7,test_dataset_8_1,0.1255403871409507,CAWWDGQWGWEAFF,TCRBV30-01,TCRBJ01-01
ec07401b782e344797195a3362689917,test_dataset_8_1,0.753562326782026,CAIIEDPEGNEQFF,TCRBV10-03,TCRBJ02-01
ed2a15046a5c41e243b1860ccf5ecaba,test_dataset_8_1,0.3653406283082515,CRCP,TCRBV28-01,TCRBJ02-07
ee3d80e2f0f91b411c153556622c2893,test_dataset_8_1,0.3644166981109241,CAWSVGWAGGNEQFF,TCRBV30-01,TCRBJ02-01
ee47e6073de384dd79b31088d385690e,test_dataset_8_1,0.1151965709975137,CSVPVCGARVCEQYF,TCRBV29-01,TCRBJ02-07
ee8e73d952ef171f23ff808791a49b67,test_dataset_8_1,0.1772212426434917,CSAPDIRRSQEFYEQYF,TCRBV20,TCRBJ02-07
f1d2ef8d86f8b566a2a131cba2928b02,test_dataset_8_1,0.1483712259742029,CAISEWEDRGALEQYF,TCRBV10-03,TCRBJ02-07
f2d5ae12d85ac84bb5e09d04c9b94d82,test_dataset_8_1,0.2191466923116982,CSVARPLGQAIDFYEQYF,TCRBV29-01,TCRBJ02-07
f3fcff56ec9a6122ef977e8476016826,test_dataset_8_1,0.6909088383530257,CSARVADLDSAEAFF,TCRBV20,TCRBJ01-01
f4482146b14b8a9d6a395f6b975f4446,test_dataset_8_1,0.681352466996809,CASSVDQAGAFYEQYF,TCRBV09-01,TCRBJ02-07
f4b9f51bc9b0e8aea2f77e4811305007,test_dataset_8_1,0.3196213935366809,CTPLGCLCF,TCRBV20-01,TCRBJ02-07
f693a180f6e047cbd3470a6c4a663531,test_dataset_8_1,0.3448901441182846,F,TCRBV30-01,TCRBJ02-07
f71ccb509b0c951d78e159280570d4b0,test_dataset_8_1,0.3040807214242435,CASSFEAGDWDRAIHSYEQYF,TCRBV05,TCRBJ02-07
f8882d41330663ae475146532ccd4fd7,test_dataset_8_1,0.47588676163492,CASSDSFSSDSSEEGYTF,TCRBV06-04,TCRBJ01-02
f8f0611437f51bb7b7273a144d366d94,test_dataset_8_1,0.6595098766183113,F,TCRBV27-01,TCRBJ01-02
f93ed9150152ea5dca1f50fe9473c799,test_dataset_8_1,0.5227006171429344,CASSPEDSATFYEQYF,TCRBV09-01,TCRBJ02-07
f945d25362e14f4b3b14441641e73efb,test_dataset_8_1,0.6015470804497456,CASSQDLGRAAGFYEQYF,TCRBV03-01/03-02,TCRBJ02-07
f967201c1bd4df198d28a8f303552de3,test_dataset_8_1,0.1397045462002021,CAWVVGYGYGYTF,TCRBV30-01,TCRBJ01-02
f9ea35592ee35a92292d561ae13932b6,test_dataset_8_1,0.1693361948635942,CAWSVGVWTEAFF,TCRBV30-01,TCRBJ01-01
facf82e59b1520a8b074f4a0baecddea,test_dataset_8_1,0.1789162821838899,CASSLNQAGEFYEQYF,TCRBV07-09,TCRBJ02-07
fb30b85d9f0791e3c3397b70f0013d04,test_dataset_8_1,0.2307902828349598,CAWSVWAGEYGAWVNEQFF,TCRBV30-01,TCRBJ02-01
fbbc3e2d74e4bd43663fceabfaa4f731,test_dataset_8_1,0.520204745833419,CSAREIEQGVQFYEQYF,TCRBV20,TCRBJ02-07
fbc9283e9d8f2b6c5660ee3566b8bf5f,test_dataset_8_1,0.328578311102678,CAWAWAGEQYF,TCRBV30-01,TCRBJ02-07
fbf4f9f3ec549f6c4dcc0861764d3d63,test_dataset_8_1,0.1719263204380847,CSAEAGKVRDFYEQYF,TCRBV20,TCRBJ02-07
fd9cc54c65f7e4df57d3009fcf8ad338,test_dataset_8_1,0.6213365930404059,F,TCRBV09-01,TCRBJ01-01
fdf0c8d37ca19cd897c687d2e10d6ebb,test_dataset_8_1,0.1885026558923453,CASSPEGAGAFYEQYF,TCRBV09-01,TCRBJ02-07
fe9ec224075d464c5f4f00b416357a13,test_dataset_8_1,0.3097101287499735,CPF,TCRBV09-01,TCRBJ02-07
fff6ba9097a7cae91f920f56d50086d3,test_dataset_8_1,0.6959300137804947,CSVCVFTEAFF,TCRBV29-01,TCRBJ01-01
fff86683a758d29b03f4f44ffac69891,test_dataset_8_1,0.155892257933225,F,TCRBV05-01,TCRBJ01-02
005e796b77c4e8a1a2af4e11e1c82c1b,test_dataset_8_2,0.1321631687517032,CAWSVGVGSVGYNEQFF,TCRBV30-01*01,TCRBJ02-01*01
00b8d92d790b9f9b79d5690e2820e61a,test_dataset_8_2,0.1789575601499305,CSVVVGLEREQYF,TCRBV29-01,TCRBJ02-07
00f7efe9af18e9283f1be029f19ad88e,test_dataset_8_2,0.1432492186111338,CSVVGDREMCVF,TCRBV29-01,TCRBJ01-01
00fdb434e435f18c3338fdf1c11a5334,test_dataset_8_2,0.1734807545224538,CASSPDAVRGFYEQYF,TCRBV12,TCRBJ02-07
0105f01e7b5f513103fb564db2c52d10,test_dataset_8_2,0.1331350303067024,CSVEWEGWELFF,TCRBV29-01,TCRBJ02-02
0115f045ec156b741d192671fbd0be10,test_dataset_8_2,0.1179789909960526,CAWSVGWSGGF,TCRBV30-01,TCRBJ01-02
018d0edb97a5c4eef78aef2014e004c0,test_dataset_8_2,0.2250481238785137,CATSRDMGEASDFYEQYF,TCRBV15-01,TCRBJ02-07
01f6063c0cbbc410e256bca3e837e800,test_dataset_8_2,0.1629870572818884,F,TCRBV20-01,TCRBJ01-03
0255bf0dcf759822b020e22e82201cf4,test_dataset_8_2,0.0958495945130805,CSVVVGVGRYF,TCRBV29-01*01,TCRBJ02-07*01
02ff8c5c18a9539b60b3f068fe749090,test_dataset_8_2,0.1445702676770845,CSWWVGSYEQYF,TCRBV20,TCRBJ02-07
032394ebad233663d8603e3d819bfe90,test_dataset_8_2,0.1912326837052894,F,TCRBV10-01*03,TCRBJ02-07*01
037cb2d0dd4a9b2a29c10bd05f15941e,test_dataset_8_2,0.10190156523096,CSVVVSGVSVSQETQYF,TCRBV29-01,TCRBJ02-05
03927779f3cdc97c2ee011edf6b0350f,test_dataset_8_2,0.1444711230087207,CASRDPAGTGAFYEQYF,TCRBV02-01,TCRBJ02-07
03d4c14dffc9cb9616b053e1bd7ad125,test_dataset_8_2,0.4390109693017271,CASSVEVGSGNTIYF,TCRBV09-01,TCRBJ01-03
03fd4ad37252d6fd95e84fbe75069d02,test_dataset_8_2,0.1518795262543606,CAWSVVVAGVVDTQYF,TCRBV30-01,TCRBJ02-03
049eb49486e4938278f32455c7f24f89,test_dataset_8_2,0.1160828294578536,CSAIVSGRAYLNEQYF,TCRBV20,TCRBJ02-07
04b5f23c14a57ee411507938ac776d2c,test_dataset_8_2,0.1130941242697908,CAWSGAWFGEQYF,TCRBV30-01,TCRBJ02-07
04b77e72a3f45176c7730aafafe5de92,test_dataset_8_2,0.1490867483487298,CSARDLSRTGDFYEQYF,TCRBV20,TCRBJ02-07
05021163512a3c050d161e3ac9ac1904,test_dataset_8_2,0.1914512650888316,CSVVVVETQYF,TCRBV29-01*01,TCRBJ02-05*01
05634f6ced4a7d66c3ae6bf5a9d3737a,test_dataset_8_2,0.1763880875348985,CASSLDPAGEFYEQYF,TCRBV05-01,TCRBJ02-07
05927a404a7f8c894b8f7e402581f455,test_dataset_8_2,0.1126893887264167,CVCGGVYEQYF,TCRBV02-01,TCRBJ02-07
05b7a5a14c1ada581f602a5466d4f9da,test_dataset_8_2,0.1053003551812627,CSACPGGTCWF,TCRBV20-01,TCRBJ01-02
062d44e5b1c56945c4048d680a58df78,test_dataset_8_2,0.1639563299151123,CSVEVYVYGYTF,TCRBV29-01,TCRBJ01-02
0640de992c6188615c4dcef0cdf7f88d,test_dataset_8_2,0.4922476247116557,CAWSVWSAGELFF,TCRBV30-01,TCRBJ02-02
065bb683c82e71849b082c867acf0b26,test_dataset_8_2,0.1961926274029951,CSARDITGLAGFYEQYF,TCRBV20,TCRBJ02-07
067241687a1e8f04612496a4a1470cdd,test_dataset_8_2,0.1273940529434525,CSVF,TCRBV29-01,TCRBJ02-07
06f214e4786a65c710b3b166462b2751,test_dataset_8_2,0.4861117114571679,CAIRDPDGVRTEAFF,TCRBV10-03,TCRBJ01-01
071e49204489aaceaf0446eab03f6b87,test_dataset_8_2,0.2119849967373046,CAWSWGWGESGVNTEAFF,TCRBV30-01,TCRBJ01-01
072688e2213ed9eb33d35e3948d59f8b,test_dataset_8_2,0.3401691168282727,CASSLVRLARWREATEAFF,TCRBV07-08,TCRBJ01-01
0728089831ce5af6b45307e69c7cf6ed,test_dataset_8_2,0.2492110117191489,CASSDEAATFYEQYF,TCRBV02-01,TCRBJ02-07
075a69367a0b7a67bb1e956c7191e0a4,test_dataset_8_2,0.1472415747569081,CAWSGGVWRGNEQFF,TCRBV30-01,TCRBJ02-01
078b9c788619c937aa9ef3274f1d5020,test_dataset_8_2,0.1380942864118045,F,TCRBV07-05,TCRBJ02-07
07a1219dc1e656d6d7c98ddaee36c670,test_dataset_8_2,0.198390831773757,CASSIDAAGDFYEQYF,TCRBV19-01*01,TCRBJ02-07*01
07af1848c61a621c7288ee128bd38830,test_dataset_8_2,0.0701263718152794,CSVEGDRRSEVGGELFF,TCRBV29-01,TCRBJ02-02*01
0835b7929f30a3f129dcbc06c82e7a90,test_dataset_8_2,0.3638633557720024,CSARDPEEGIRIYEQYF,TCRBV20,TCRBJ02-07
086a407551709cd647ebe4e3bcfa78b2,test_dataset_8_2,0.2780570505922516,CAWSVGWLAVLSSYEQYF,TCRBV30-01,TCRBJ02-07
09f42d9a41ba633087b0aabc5d0f023c,test_dataset_8_2,0.0999932634271678,CASSQDPVDAGIFYEQYF,TCRBV04-02*01,TCRBJ02-07*01
0a28fa3b48d63747b41f4a27128959cd,test_dataset_8_2,0.1364869644738878,CAWSVEAEWEDEQFF,TCRBV30-01,TCRBJ02-01
0a6e9a69dc892bf9ffa80d4e25865cfa,test_dataset_8_2,0.5849641738055458,CSVEVGDGNTIYF,TCRBV29-01,TCRBJ01-03
0a9050dfccc028d186ecb6734c7fcd48,test_dataset_8_2,0.2864438709107463,CSVEATGEFYEQYF,TCRBV29-01,TCRBJ02-07
0a91846ff8738c959fac1d794f8712e4,test_dataset_8_2,0.1258431225381799,CSVVVVSGNEQFF,TCRBV29-01,TCRBJ02-01
0b452515338dd8bbab67a606e0857578,test_dataset_8_2,0.0888630175380136,CSVVWFLQGVF,TCRBV29-01,TCRBJ01-02
0c8ba46b3671ce7da1ab159cd4c8eda8,test_dataset_8_2,0.0882778811859627,CAWSTFFADPEGNTGELFF,TCRBV30-01,TCRBJ02-02*01
0cc552e96c729a1ee88ca94f501ac329,test_dataset_8_2,0.1524942145544338,CASSLYDRESDTQYF,TCRBV27-01,TCRBJ02-03
0d807a1fc8dba70e6dfe1b5eb9f350bb,test_dataset_8_2,0.1551922976106635,CSARDLAGSVEIYEQYF,TCRBV20,TCRBJ02-07
0dae2a4c1ad439eaec5933340381ffdf,test_dataset_8_2,0.1061353794409103,CATSDSGAGRSFYEQYF,TCRBV24-01,TCRBJ02-07
0e92aaaa3d9da6b36c7e3e5acc127593,test_dataset_8_2,0.1302976235906697,F,TCRBV20-01,TCRBJ01-02*01
0ead0e4f2d9a5754f7aa4545cad40f45,test_dataset_8_2,0.1399834667491094,CSVVWVDGYTF,TCRBV29-01,TCRBJ01-02
0ef4e8bc8149d91515490662154614f3,test_dataset_8_2,0.4996554390277489,CASSQDPRQTVLFYEQYF,TCRBV03-01/03-02,TCRBJ02-07
0f720ac85f02f18f8dfb5b31acc148c5,test_dataset_8_2,0.1317940581693457,CASSQEKAGAFYEQYF,TCRBV03-01/03-02,TCRBJ02-07
0fb594947ea4c6232863b27c4efdae86,test_dataset_8_2,0.1083662179823193,CAWGWGYGYTF,TCRBV30-01*05,TCRBJ01-02*01
0fce1ed94dc84701b9602ffe5e825447,test_dataset_8_2,0.1582304877994303,CASMEEGQAFYEQYF,TCRBV28-01,TCRBJ02-07
0fd021364eefc498744460c5e67df0e3,test_dataset_8_2,0.1346823259876129,CSVVVVYEQYF,TCRBV29-01*01,TCRBJ02-07*01
0fdd3599ae1837d274210105cffcc68d,test_dataset_8_2,0.1408803604448507,CASSLEEPRRFYEQYF,TCRBV05-05,TCRBJ02-07
104ed0a428af67f9778aca1d8c6a0b2e,test_dataset_8_2,0.0860740380331431,CSVVVSSVSYEQYV,TCRBV29-01,TCRBJ02-07
10dbd34d68a3b816b91f602b02ffb42f,test_dataset_8_2,0.1516212806691353,CSVEVVVETQYF,TCRBV29-01,TCRBJ02-05
124490ac7ddb5fbb0dea3b7a2d73b853,test_dataset_8_2,0.1441887053243267,CASSLEGGQAFYEQYF,TCRBV07-02,TCRBJ02-07
1245d98a4e8a65e8bce2f12eee2727e7,test_dataset_8_2,0.0808505740491993,CSARDLDGTEAFF,TCRBV20,TCRBJ01-01
127b24e260f1b8fcef1bcba84d365b82,test_dataset_8_2,0.1493207716682769,CASSFEEGEAFYEQYF,TCRBV07-09,TCRBJ02-07
12a5f9b022eb26e7933fa9da19397e9f,test_dataset_8_2,0.2140070845107569,CAWSEEEREWYEQYF,TCRBV30-01,TCRBJ02-07
12b50d6a78d6502f0c143521525adc2c,test_dataset_8_2,0.1035900090185499,CAWSVWSWGAFF,TCRBV30-01,TCRBJ01-01
12fe2d1e444ddd64ea15654a64d16403,test_dataset_8_2,0.1143014218241132,CSVVGVWGVQSYEQYF,TCRBV29-01,TCRBJ02-07*01
132f6d2114d206edef70a07eafa0f18a,test_dataset_8_2,0.1194243113107218,CANDPQGAIFYEQYF,TCRBV28-01,TCRBJ02-07
136b76de9c635e3c0647242d52c2d0a5,test_dataset_8_2,0.1290037414805275,CAWVGWGAEAFF,TCRBV30-01*05,TCRBJ01-01*01
136e8d3d89a7e71c0668c46febfb648c,test_dataset_8_2,0.1833507820090311,CASSEAAGQFYEQYF,TCRBV06-01,TCRBJ02-07
13cfa279a4489d0fe94b891d74b187f5,test_dataset_8_2,0.1708465149046759,CASSQDIGLAGEFYEQYF,TCRBV14-01*01,TCRBJ02-07*01
146bdedd6653a28c2d917fcd9bdb0c3c,test_dataset_8_2,0.1132820375679883,CASSLDTTGEFYEQYF,TCRBV07-02,TCRBJ02-07
14785b7751fdfeabaeb7be3c55169e23,test_dataset_8_2,0.0967232693407782,CSVFRGC,TCRBV20-01,TCRBJ02-07
152a03ff609fd20584a26031f9b93ed0,test_dataset_8_2,0.0821126523764827,CASSEAAGQFYEQYF,TCRBV02-01,TCRBJ02-07*01
153143b6d0425ce5c46914120d52078b,test_dataset_8_2,0.2174554393705905,CAWSVGLAGEWCEQFF,TCRBV30-01,TCRBJ02-01
1550a479fc26a81a680a258c8f4424a0,test_dataset_8_2,0.1741144045626747,CASSIVGDGNTIYF,TCRBV19-01,TCRBJ01-03
156e28545ca013f21b8ff12a3c967f04,test_dataset_8_2,0.0545120078463533,CAWSWGWQSEQYF,TCRBV30-01*01,TCRBJ02-07*01
1581b0193c05701f415918dea4d27991,test_dataset_8_2,0.1652346874592822,F,TCRBV27-01,TCRBJ02-07
15e24606597d19c24d25ed9e4a04dd52,test_dataset_8_2,0.0824004359259416,CSARDLDRDGGTEAFF,TCRBV20,TCRBJ01-01*01
15f2958f19b6f0b7647e7fdff9b760e0,test_dataset_8_2,0.1322090310697093,CASSYSSSSSSYEQYF,TCRBV06-02/06-03,TCRBJ02-07
16487f7733bfba32874ea16633ea792d,test_dataset_8_2,0.1189102462224442,CSVGVWGGEYEQYF,TCRBV29-01,TCRBJ02-07
16e958b9322431155b2977be765d80e5,test_dataset_8_2,0.1660697117310635,CAWSVGGVWGEQYF,TCRBV30-01,TCRBJ02-07
17d09e39b1e284669df90088ae517284,test_dataset_8_2,0.1601418045803099,CSVGAVWAVDNEQFF,TCRBV29-01,TCRBJ02-01
182d3934c97cafb96a5b5926d4b5b48c,test_dataset_8_2,0.1219421261045478,CASEDPDGLLGLYEQYF,TCRBV06,TCRBJ02-07
19564b99f9a0f125f836efd9e268e947,test_dataset_8_2,0.1880752754886226,CAWELAGEPAGELFF,TCRBV30-01*05,TCRBJ02-02*01
1a2fd64d921c8bf7584674d06a79b2c1,test_dataset_8_2,0.447917456249926,CAWSVCLNGHCEQFF,TCRBV30-01,TCRBJ02-01
1b7c636d397adac92cefdba751ffdbc2,test_dataset_8_2,0.0986816126711607,CATSDPDGAEAFF,TCRBV24-01,TCRBJ01-01
1bc5f08872b1e8c5972d60c0f91fb8c9,test_dataset_8_2,0.1340118080574571,CAWSWAWGEQYF,TCRBV30-01,TCRBJ02-07
1be0de50941baa89618e7f6a5041e792,test_dataset_8_2,0.1596348570531142,CACVVVQEAFF,TCRBV30-01,TCRBJ01-01
1bf152e51bb632b1a594ffacef5fae20,test_dataset_8_2,0.1173210654908439,CASSDLGPTVTFYEQYF,TCRBV28-01,TCRBJ02-07
1c946691eea075bfa0c0e6092db523b2,test_dataset_8_2,0.1873582186768855,CSVEDERCSGQGCEQYF,TCRBV29-01,TCRBJ02-07
1cd171912012991323d3b52f4c83dd60,test_dataset_8_2,0.1196002127009459,CASSLEETGSFYEQYF,TCRBV07-09,TCRBJ02-07
1d0ed796d119ba9018d193817bad569f,test_dataset_8_2,0.1017084958635108,CSVVVMQETQYF,TCRBV29-01,TCRBJ02-05
1d3e7bbb9f441e9e450704605b98b8f4,test_dataset_8_2,0.1485298464751857,F,TCRBV22-01*01,TCRBJ02-02*01
1d52590adb4082205b20630b4d777a0a,test_dataset_8_2,0.2243918044311872,CASSLGQAAQFYEQYF,TCRBV05-01,TCRBJ02-07
1d634808576619da0c02cac6146ee1d9,test_dataset_8_2,0.0917754715653547,F,TCRBV29-01,TCRBJ02-07*01
1dfe8885b40c808922a6a7db42831764,test_dataset_8_2,0.1050302966632919,CSVVWVGELFF,TCRBV29-01*01,TCRBJ02-02*01
1e624b9e7a60127297c9824ca7d4150d,test_dataset_8_2,0.0918588533610758,CSARDPGGTGTFYEQYF,TCRBV20,TCRBJ02-07*01
1e7861a84917264c3f41555df43a56a4,test_dataset_8_2,0.1108304024292122,CSVVSGVVVSGEQYF,TCRBV29-01,TCRBJ02-07
1ec2b61607898a3325fe643ada9d2815,test_dataset_8_2,0.1357419981190435,CAWSVWGGWAFF,TCRBV30-01,TCRBJ01-01
1eec841b5dd15dffc278aa8627a524e9,test_dataset_8_2,0.1532298848450176,CSVEVRLADNEQFF,TCRBV29-01,TCRBJ02-01
1f09f32704cb3bc33389fd379bc72ae6,test_dataset_8_2,0.1738120987222902,CASPPEGCSNSTVSGNTIYF,TCRBV05-01,TCRBJ01-03
1fbb05492e9aca164df24b7ff64c7930,test_dataset_8_2,0.1381269593802327,CAWVWWREEGNEQFF,TCRBV30-01,TCRBJ02-01
1fccedd13a01b1599366a07028ffa585,test_dataset_8_2,0.1035119811103146,CAWSVWVGSEQYF,TCRBV30-01,TCRBJ02-07
205b4c3eca71f1351efb7a2d9b61795f,test_dataset_8_2,0.1626787108982617,CNASDPSGAGRFYEQYF,TCRBV20,TCRBJ02-07
2088a04a66e9c9910ee0240b9d4bf961,test_dataset_8_2,0.1252590364062142,CSVEYGYTGYYGYTF,TCRBV29-01,TCRBJ01-02*01
208ae08bccfdf5537b72821c34b01412,test_dataset_8_2,0.0913936889534608,CASSQEEAGGFYEQYF,TCRBV04-03,TCRBJ02-07
20f55bd706670c23785fdef8a28c2800,test_dataset_8_2,0.1504993612581963,CSARDRDGSADFYEQYF,TCRBV20,TCRBJ02-07
21028ea819eacedd1ac4ba1f5e84dbd9,test_dataset_8_2,0.2128308041460532,CSVVGLWMGDTRSVEQYF,TCRBV29-01,TCRBJ02-07
211b6305467cd7b1829f60a5541440e6,test_dataset_8_2,0.1302484064640315,CAWAWWGDNTEAFF,TCRBV30-01*05,TCRBJ01-01*01
214322c3c5a473cf1602e0b022b2f4a9,test_dataset_8_2,0.1231604924117995,CSVEDLEATEAFF,TCRBV29-01,TCRBJ01-01*01
21519bb91ff7aeb4cabc0684f9750a1c,test_dataset_8_2,0.2298588459959623,CSVVWWGQVYEQYF,TCRBV29-01,TCRBJ02-07
21b315274459a650afa56cab863c07c7,test_dataset_8_2,0.132579503482303,CASSIEAGQGFYEQYF,TCRBV19-01,TCRBJ02-07
21d330f0b06791af77d027140e97bb0b,test_dataset_8_2,0.65376262390497,CARECVWGYEQYF,TCRBV12-05,TCRBJ02-07
224b4644ed01974d5c0fb470703c3429,test_dataset_8_2,0.1344837079941907,CSVWVEGVGYNEQFF,TCRBV20,TCRBJ02-01
229420478ea2571508a9db4f54808499,test_dataset_8_2,0.1363289769511647,CVRVSGRVYEQFF,TCRBV15-01,TCRBJ02-01
22cd1947ffa53c6e72f00ec7b78d04f0,test_dataset_8_2,0.1157835057848093,CSVEDWRECEQFF,TCRBV29-01,TCRBJ02-01
22ea88370f7b627ec8881068ea87f378,test_dataset_8_2,0.0848155939822963,CSARDMAPGQRWYEQYF,TCRBV20,TCRBJ02-07*01
2476bc598881f504121556c0a937f956,test_dataset_8_2,0.2404255424808924,CASSDAERTVKFYEQYF,TCRBV05-01,TCRBJ02-07
24a433eb0188a28ce7cfe4ac1316f4a4,test_dataset_8_2,0.1461544188050125,CSVVWVDGYTF,TCRBV29-01,TCRBJ01-02
2543906d64255be2bacc2c3fa0092a56,test_dataset_8_2,0.8326701751611116,CAWVWAGAVDTQYF,TCRBV30-01,TCRBJ02-03
256c1ca55b82ac5184b98aa00b1c4059,test_dataset_8_2,0.1303983093697569,CASSQDLVRAASFYEQYF,TCRBV04-03,TCRBJ02-07
2578c1b4caff7bf4a86fe2c5fcf00b6e,test_dataset_8_2,0.1220494427781659,CSVVVWQETQYF,TCRBV29-01,TCRBJ02-05
25a703c8c7be4dca006ddd762f85d84b,test_dataset_8_2,0.1370533753609475,CSVVVLSQVVVYTF,TCRBV29-01,TCRBJ01-02*01
260a075f38f9c8f4d0ec585e1af06008,test_dataset_8_2,0.0780156000851201,CAWSVYGWGPSGYGYTF,TCRBV30-01*01,TCRBJ01-02*01
264164f092bc66d267a9a96b54ecea9c,test_dataset_8_2,0.2433406040614184,CASSLDAATGFYEQYF,TCRBV28-01,TCRBJ02-07
26507602816d5b6a8ccca1391c07848b,test_dataset_8_2,0.1480314753088152,CSARDLRGGRAFYEQYF,TCRBV20,TCRBJ02-07
266b323a7869654022cb8f86dc7d4e58,test_dataset_8_2,0.1793506626919875,CAWEAWETQYF,TCRBV30-01,TCRBJ02-05
268567bf3cddb69446e87d080b0f5d3e,test_dataset_8_2,0.3130696350786793,CAWYNPGLWGYGYTF,TCRBV30-01,TCRBJ01-02
272b43df52df8d2975b9b5d0187b2a0d,test_dataset_8_2,0.1668758955325249,CSVVYSDSVGYEQYF,TCRBV29-01,TCRBJ02-07
273f9567dea7f8ef05babd5d1c459c33,test_dataset_8_2,0.1102122181253054,CASSPQEAGAFYEQYF,TCRBV09-01,TCRBJ02-07
278d74c3a87009c8e01f7ba023c0041e,test_dataset_8_2,0.1529816955136013,CAISDLGTGRGFYEQYF,TCRBV10-03,TCRBJ02-07
27a87de74a4b003b3e908c476f8e51bb,test_dataset_8_2,0.1517104795638275,CASSPEEGQDFYEQYF,TCRBV04-02,TCRBJ02-07
27b8b483e104e9643181ccbde00d4b05,test_dataset_8_2,0.3017560461074309,CSVEEFYEQYF,TCRBV29-01,TCRBJ02-07
27d64ee183f8ec4f300ffc34be7c05e7,test_dataset_8_2,0.097658617047701,CAWSVLVWGVLYGYTF,TCRBV30-01*01,TCRBJ01-02*01
2830f664592b111e11ce75d489ba9006,test_dataset_8_2,0.132198241875866,CSVCVSGWVNEQFF,TCRBV29-01,TCRBJ02-01
283e8274e16f3b1a4addede44808ad85,test_dataset_8_2,0.1592696384674998,CASSLQILDLSYNEQFF,TCRBV23-01,TCRBJ02-01
286501c2b383de607632f84253d13518,test_dataset_8_2,0.1126279106272461,CAWSVCESCEQFF,TCRBV30-01,TCRBJ02-01
28650d3156d7724ac3911ae7a64b53c2,test_dataset_8_2,0.113216087655242,CSVVVVGVVEAFF,TCRBV29-01,TCRBJ01-01*01
28956a6f41e8f324c2150220b964a3e0,test_dataset_8_2,0.0914710297270586,CAWSVWGSWYF,TCRBV30-01,TCRBJ02-07
295256a879c9879e256d03e8b5c17039,test_dataset_8_2,0.1168920407794209,CASSEDGKRFYEQYF,TCRBV02-01,TCRBJ02-07
2954054f48ab71479e4882c813f2df81,test_dataset_8_2,0.107994972505887,CSARDPRDTTGFYEQYF,TCRBV20,TCRBJ02-07
298f6edd3c25b0a197df0640c531b9f8,test_dataset_8_2,0.1046033349692531,CASCCVVLFF,TCRBV21-01,TCRBJ02-02
29ec38df5d0b1a3b096c5670a5d7961f,test_dataset_8_2,0.5859483312684318,CASSFLGPGLAGVLYEQYF,TCRBV05-04,TCRBJ02-07
2a01bbeea77fefe714ee48b26311536b,test_dataset_8_2,0.0853764844821911,CASSIGAPTSGVIYEQFF,TCRBV19-01*01,TCRBJ02-01*01
2a4ce328f04e50aededc25e5056872bf,test_dataset_8_2,0.1164080392099029,CSVVVVYEQYF,TCRBV29-01,TCRBJ02-07
2a8f1c2e18a29da7c95e2beb4a473e16,test_dataset_8_2,0.1261927536304823,CSVVGWLAGGWDEQFF,TCRBV29-01,TCRBJ02-01
2ab25d7aa437640e03a14e738603402a,test_dataset_8_2,0.1045387637041916,CAIRVSDRDGTEAFF,TCRBV10-03,TCRBJ01-01
2ac5dca32b693a23c5377e126c263bda,test_dataset_8_2,0.1854512920190401,CASTCVRVWDCATDTQYF,TCRBV02-01,TCRBJ02-03
2b075fd30a35f549d7023557e8319326,test_dataset_8_2,0.1834410632057747,CAWSVWSADTGELFF,TCRBV30-01,TCRBJ02-02
2baf4e35ca62744b791b5ece53137c9c,test_dataset_8_2,0.2140953404671081,CSVGMGVGVNEQFF,TCRBV29-01,TCRBJ02-01
2cf747da448fb6dc9a36459e5f5ceb3b,test_dataset_8_2,0.1628987748552358,CSVEWSVNEQFF,TCRBV29-01,TCRBJ02-01
2d1f8b7830a276adc11292b6abeca73a,test_dataset_8_2,0.1326826563407076,CSVEEWEEQYF,TCRBV29-01,TCRBJ02-07
2d594c00b40d1a3059383b37882e6f63,test_dataset_8_2,0.2429077791116789,CSVEIGSGNTIYF,TCRBV29-01,TCRBJ01-03
2d9e82693803856815e5631aa954857b,test_dataset_8_2,0.1287688951336702,CSARDLTEAGGLYEQYF,TCRBV20,TCRBJ02-07
2dd6484280747485028389979013826c,test_dataset_8_2,0.1380515038774711,CARSLSGRNTIYFGEGNDTIYF,TCRBV05-03,TCRBJ01-03
2e23d78b99e1560b52f7eeb9700c5f77,test_dataset_8_2,0.140518056872517,CAWICVGLSYEQYF,TCRBV30-01,TCRBJ02-07
2e3f44dd70de0818c948f7c2eec83035,test_dataset_8_2,0.1150914545249627,F,TCRBV29-01,TCRBJ01-06*02
2e56a7ec9a399a2efdcca9973d84ed2f,test_dataset_8_2,0.1430607348326041,F,TCRBV20-01,TCRBJ02-02*01
2eb798791c3d9a4a8ed6abaa0774e60a,test_dataset_8_2,0.120226181326872,CASGLEASGQFYEQYF,TCRBV12-05*01,TCRBJ02-07*01
2fba0b7175e3f38a84a59e136f5976d3,test_dataset_8_2,0.1657518051402073,CVWWIFYEQYF,TCRBV24-01*01,TCRBJ02-07*01
2ffa6471c1f7b8933c4797995ceb7a58,test_dataset_8_2,0.1972689032978923,CSVEDLDRTGARYEQYF,TCRBV29-01,TCRBJ02-07*01
30f1bc0e7eb66c7b191e82336ff72e13,test_dataset_8_2,0.1083049318020012,CAWSVWLWLGGDHEQYF,TCRBV30-01,TCRBJ02-07
310caf05071dfd65ec1f88d30f035320,test_dataset_8_2,0.1056276402395123,CSVEVWGYEQYF,TCRBV29-01,TCRBJ02-07
310eafb8f19b4bed7e5e4cf3f8f0d8b6,test_dataset_8_2,0.1910526419864165,CAWSVWGVGTEAFF,TCRBV30-01,TCRBJ01-01
315139b0c2108df793b3c13e387f7421,test_dataset_8_2,0.1098562325131606,CSVVVMVGVEAFF,TCRBV29-01,TCRBJ01-01
31516a262ed5210904babec6f19db3da,test_dataset_8_2,0.1277309458105324,CSVVWQVNEQFF,TCRBV29-01,TCRBJ02-01
31778700c06cdc9550f5106a114d531d,test_dataset_8_2,0.1021169130322399,CATSDLEAGQGTYEQYF,TCRBV24-01,TCRBJ02-07
319e1172f682a89453ca7585c5003ae3,test_dataset_8_2,0.1491619970168306,CAISDPDRARIGYEQYF,TCRBV10-03,TCRBJ02-07
31ab1108feed3a0dfa36409cfdf28641,test_dataset_8_2,0.1094173209983959,CAWSVYVEWYF,TCRBV30-01,TCRBJ02-03
3211dff9c3c2643a8308b74a03049d10,test_dataset_8_2,0.1173516602294772,CSVEVEVSYNEQFF,TCRBV29-01,TCRBJ02-01*01
326d7caf3a624254cbc53aa20653e9dd,test_dataset_8_2,0.0973032266264886,CSARDPGGARSFYEQYF,TCRBV20,TCRBJ02-07*01
331fc24366a5b251666b0bad1bed41f5,test_dataset_8_2,0.2942192638186424,CASSQDWSASRNFYEQYF,TCRBV04-03,TCRBJ02-07
33697cdc20a7ffd0601c9c9e4cb00a0b,test_dataset_8_2,0.2303958730144424,CSVLVWVYGYTF,TCRBV29-01,TCRBJ01-02
340d7feef8981c846040c1ff1354c0c1,test_dataset_8_2,0.13277301837198,CAWSVGLWAGVYGYTF,TCRBV30-01,TCRBJ01-02
347168248d67df61c54e08030b7809bf,test_dataset_8_2,0.1518292333250688,CASSEAAGQFYEQYF,TCRBV06-01,TCRBJ02-07
351d88021cde1b4b5dc9bfa41ac5e91f,test_dataset_8_2,0.1381196743377276,CAWSVVWGVVGQETQYF,TCRBV30-01,TCRBJ02-05
353ca44e3261e25e425d358fe4fd06d4,test_dataset_8_2,0.1286981131161012,CSVCGEVVNTEAFF,TCRBV29-01,TCRBJ01-01
3580f88e752f7d264ab74882dfb25528,test_dataset_8_2,0.1604584740688793,CAIKDPDGTEAFF,TCRBV10-03,TCRBJ01-01
35b21dc5b21b8a80d6077b67077a08e1,test_dataset_8_2,0.1252780555321552,F,TCRBV05-04,TCRBJ01-01
36909b12e7663f0da9f66b11b73baf8f,test_dataset_8_2,0.1205039582135878,CATYLDRTGRWAEAFF,TCRBV06,TCRBJ01-01*01
36bcaf73f43929283a1d12ad3a6d72aa,test_dataset_8_2,0.1723842625699765,CASSLEPGAEFYEQYF,TCRBV05-06,TCRBJ02-07
36f9c202154bf3fa69a67d5e7a0d325e,test_dataset_8_2,0.3663443013745187,CAWSVGVWGAGYTF,TCRBV30-01,TCRBJ01-02
377088706ae17eaf0510148f2b1d204e,test_dataset_8_2,0.1002367866706565,CASSLVETKAFYEQYF,TCRBV07-08,TCRBJ02-07
3781b98021397c2453b9477e8a35ae1b,test_dataset_8_2,0.2202658169636376,CAWSVWGVWNEQFF,TCRBV30-01,TCRBJ02-01
37ed60957c5cc95d6788188d12dd5ad4,test_dataset_8_2,0.1049896519771348,CSVVVGVYEQYF,TCRBV29-01,TCRBJ02-07*01
380dd5a3b2a63908db958aecb422ebe8,test_dataset_8_2,0.0825086024992995,CASSLDADGAFYEQYF,TCRBV07-09,TCRBJ02-07
394e40ffa9afa5a0f4920aab93d34183,test_dataset_8_2,0.1646430267457344,CASSLGPAQDFYEQYF,TCRBV05-01,TCRBJ02-07
3979b711e65bf98fb8f4bf6e108d85b9,test_dataset_8_2,0.1411796308609928,CAWSVSCQGWVYGELFF,TCRBV30-01,TCRBJ02-02
39d0a0b4e00513215b136f30a2b34e8b,test_dataset_8_2,0.2537645072385912,CAIGDLNRDNTGELFF,TCRBV10-03,TCRBJ02-02
3a0ec0c227c3ae0faff6c8fbd5d66d60,test_dataset_8_2,0.1409309675599133,CF,TCRBV04-02,TCRBJ01-02
3a5a5c193f7a56cd46b7910640901df2,test_dataset_8_2,0.1403365935946835,CTFF,TCRBV05-04,TCRBJ02-01
3b570bc0653a123a6cac6cd05592efc2,test_dataset_8_2,0.2619798711593897,CASSQDPGLAGEFYEQYF,TCRBV04-03,TCRBJ02-07
3b66ae7987279807b7272bddf98a2a1d,test_dataset_8_2,0.1400562936754775,CASIDGAGEFYEQYF,TCRBV07-09,TCRBJ02-07*01
3bd0a77b8d2fda5affbd48d1eccec2ca,test_dataset_8_2,0.1536089391840799,CSARDLGGTEAYYEQYF,TCRBV20,TCRBJ02-07
3bf1e87d796208e4a84ec95a60657c1d,test_dataset_8_2,0.1102677605970041,CASSESEESDTEAFF,TCRBV06-01*01,TCRBJ01-01*01
3c13ef25cdd0ced28ee4596e43f3975a,test_dataset_8_2,0.1345091398408084,CSVEDPQGTEAFF,TCRBV29-01,TCRBJ01-01
3c4a7a5bb9b6e93630cc0d2463195aba,test_dataset_8_2,0.1071063405002549,CSVEVVVERGRFF,TCRBV29-01,TCRBJ02-01
3cb7a9c3624e7b7dc91455d9862d0b54,test_dataset_8_2,0.441984080211434,CSVVLVGVYYEQYF,TCRBV29-01,TCRBJ02-07
3d594f7bd61a28175d0d2b7802e9aaae,test_dataset_8_2,0.2858343515362366,CSVYGPVGYGYTF,TCRBV29-01,TCRBJ01-02
3d9cdc530d5d6b47e1f7575b09c4336a,test_dataset_8_2,0.0886439846577439,GVWGVF,TCRBV03-01/03-02*01,TCRBJ02-01*01
3ebe28d8fe1f938db2c8e7c824d5fad6,test_dataset_8_2,0.1776948794315215,CAWSPNGEVLALYEQYF,TCRBV30-01,TCRBJ02-07
3ecca7aa337c6589459cb6b753e44232,test_dataset_8_2,0.1323566493286576,CSVVVSVQFF,TCRBV29-01,TCRBJ02-01
3f7cc773725c8c1ae66fdf0158f1f1b4,test_dataset_8_2,0.3425399516791862,CAWSVDTWSVNTEAFF,TCRBV30-01,TCRBJ01-01
3f80ce0f1c66db7ad37d93e2984a78c6,test_dataset_8_2,0.1465782238631553,F,TCRBV20-01,TCRBJ01-01
3f9f3d1ea0f2c778afd04fb9ca2d1392,test_dataset_8_2,0.129643060464217,CAWGWGVGVEQYF,TCRBV30-01,TCRBJ02-07
3fbb51ffc85a27c8e8f59a63ef04c899,test_dataset_8_2,0.1320228953591783,CAWSVWVGEVEGYTF,TCRBV30-01,TCRBJ01-02
3fdf0c811e5cf1bf71968b78fe16d2e4,test_dataset_8_2,0.1173760942794686,CAWSVGVWEGAFF,TCRBV30-01,TCRBJ01-01*01
3ff8e8de33502cd553276002f7fd58a2,test_dataset_8_2,0.1890697554395433,CAWSVWGCEQYF,TCRBV30-01,TCRBJ02-07
4016f19fd5311499afe1f0fd3bf87c07,test_dataset_8_2,0.1065840062547826,CASSLDEARAPYEQYF,TCRBV11-03*01,TCRBJ02-07*01
4081a52c4e13576d09a4a6b807864079,test_dataset_8_2,0.1360194076399815,CAWGYWDWAYGYTF,TCRBV30-01,TCRBJ01-02
40c49f5dde50c1e8ffc20ecf8a162163,test_dataset_8_2,0.2556641102345136,CAIRDRDHIAEFYEQYF,TCRBV06,TCRBJ02-07
40d8c771acb9e02100f8460cfce437d9,test_dataset_8_2,0.124723848957596,CTVTVVDRDGEPQHF,TCRBVA-01*01,TCRBJ01-05*01
41ac46c2fed444208c2b035ad650b846,test_dataset_8_2,0.1863833481382602,CASSEWSWSF,TCRBV25-01,TCRBJ02-07
41c26375196987eec4ace7141e8ae4c4,test_dataset_8_2,0.1079730492760982,CSVVVVGNEQYF,TCRBV29-01,TCRBJ02-07*01
41ddc35d77dac3f3a8acd34575bfe258,test_dataset_8_2,0.3053913295232304,CACVWDSGWWEQFF,TCRBV30-01,TCRBJ02-01
42661a2fda99b05e48e52b2a5b00f9a7,test_dataset_8_2,0.1196512299809094,CATSRDPVATGAFYEQYF,TCRBV15-01*02,TCRBJ02-07*01
42bd697e59b1dadeaab1443f2da51349,test_dataset_8_2,0.1439009040469968,CASSQDPEGVAGYYEQYF,TCRBV03-01/03-02*01,TCRBJ02-07*01
42c3300155ba21f4d9bb24fe138ebee4,test_dataset_8_2,0.2107080277668204,CSARDLDRGQDFYGYTF,TCRBV20,TCRBJ01-02
42c42a23f78b378cdb116cf1fd29f573,test_dataset_8_2,0.1084814652835737,CASSPNDAGAFYEQYF,TCRBV07-09*01,TCRBJ02-07*01
42f998557c87030f62ae86454ca767b3,test_dataset_8_2,0.253874202745306,CASSQDLAREARFYEQYF,TCRBV04-03*01,TCRBJ02-07*01
434022c49e41ce4a1deee4754d9c305b,test_dataset_8_2,0.1428520251354375,CAWSGVGRWVEGNEQFF,TCRBV30-01,TCRBJ02-01
4358a9a22ca50e65828806cc0ada704b,test_dataset_8_2,0.1452958189810666,CATSRDWGDSITFNYGYTF,TCRBV15-01,TCRBJ01-02
44513521986e5acd9dd971732f2f160d,test_dataset_8_2,0.1347612199567056,CASSVVGDGNTIYF,TCRBV09-01,TCRBJ01-03
449eddb10159f1848870d0b521d93ab8,test_dataset_8_2,0.142834511887049,CSVVLGWRSEAFF,TCRBV29-01,TCRBJ01-01
44a3cc9d288ead9d45e14c9c3904094b,test_dataset_8_2,0.1379201932326553,CASSFYKEQGEYTEAFF,TCRBV27-01,TCRBJ01-01
455ed23f097dc1ef203be7603dedf175,test_dataset_8_2,0.133775084332323,CAWVPYTGWARGYGYTF,TCRBV30-01,TCRBJ01-02
45e5ff3f80392d9a2d5567324d617ff7,test_dataset_8_2,0.155780800870575,CASSEGVCVGEQWEQYF,TCRBV21-01,TCRBJ02-07
45e78dc95512f2a6754ee5934fa94816,test_dataset_8_2,0.5637085548706622,CAWSVWVEQFF,TCRBV30-01,TCRBJ02-01
4631e35d7dfe5ba3392f2e2e8362abc8,test_dataset_8_2,0.1276137616810811,CGQFF,TCRBV28-01,TCRBJ02-01
463c544c1eb5ddfd7825fb8b9b79df5f,test_dataset_8_2,0.1901044013241733,CSARDIEGPRGFYEQYF,TCRBV20,TCRBJ02-07
46e887a2e2313382fafbd64bf31735b1,test_dataset_8_2,0.1790676891315553,CASSVEVGSGNTIYF,TCRBV02-01,TCRBJ01-03*01
47104b5c821b05f5cbdb09425451daf6,test_dataset_8_2,0.2039576605173447,CASSQPTGILIDANTGELFF,TCRBV04-01,TCRBJ02-02
474d0723db6c50c0a939ae83b364c5c7,test_dataset_8_2,0.0960936523045871,CASSQDPAGAFYEQYF,TCRBV04-02,TCRBJ02-07
47ea1b0ce31532493a7283e52191b055,test_dataset_8_2,0.3441585588856647,CSVEWGVWGYTF,TCRBV29-01,TCRBJ01-02
483c6d5dce39c10b92bf40a90c07c1e5,test_dataset_8_2,0.1008141218906676,CSVEVGAGNTIYF,TCRBV29-01,TCRBJ01-03
48cb3d7f919d4715de2c3f9aa164c541,test_dataset_8_2,0.2080381367125476,CAISESETVRGFYEQYF,TCRBV10-03,TCRBJ02-07
48edcbd5e2ac273973fabde288454806,test_dataset_8_2,0.1517297107691246,CAWIDRDNSKPFYEQYF,TCRBV30-01,TCRBJ02-07
4969cee20c99c46f6b839e80317637b2,test_dataset_8_2,0.1917127889266279,CAWSVWGRWAWGYTF,TCRBV30-01,TCRBJ01-02
49cd2da66f829a4e55b05f60ea82ac1c,test_dataset_8_2,0.0950751525930172,CGWGRVCEQYF,TCRBV07-03*01,TCRBJ02-07*01
49fb9ec099d1759beb06edadff6bd4bc,test_dataset_8_2,0.2922987632161417,CSARDLDGTGDFYEQYF,TCRBV20,TCRBJ02-07
4a0214e2b42edf68c5b1e5fcabdd4442,test_dataset_8_2,0.0995861951210828,CASSLDEGTAFYEQYF,TCRBV11-02,TCRBJ02-07*01
4a4d253e0e9b0421a27736b71af780de,test_dataset_8_2,0.1884869510862626,CASSEAEGSEAEAFF,TCRBV06-01,TCRBJ01-01
4a87e49e1cba4a4920a06ffd97259e8f,test_dataset_8_2,0.1242087456302873,CAWSPDREVLVTQYF,TCRBV30-01,TCRBJ02-05
4a8a5d8df6aa86913ec156a1b868d11a,test_dataset_8_2,0.1345537969090894,CAWSWSWRSYEQYF,TCRBV30-01,TCRBJ02-07
4a8f4c10cc9a996a907389a8538c2ef8,test_dataset_8_2,0.1075212600227247,CASSEWVYFCASSEWGADGYTF,TCRBV10-01,TCRBJ01-02
4ac443bd7a0d8fd6fb41f87002d356bf,test_dataset_8_2,0.0868699918587824,CSVVVVETQYF,TCRBV29-01*01,TCRBJ02-05*01
4b2b5cec7f085d2e511662207a779ff5,test_dataset_8_2,0.1666677421348652,CASSQDRDGTANFYEQYF,TCRBV03-01/03-02,TCRBJ02-07
4b6c5034c1c093fb8b22f3578c3b8bdd,test_dataset_8_2,0.1697039964394018,CSARDVERAEDFYEQYF,TCRBV20,TCRBJ02-07
4bc769e6f7cd3bd2b778067a8132f94c,test_dataset_8_2,0.1011179948574111,CASSDTVGARAFYEQYF,TCRBV06-01,TCRBJ02-07
4c227efd085e3a53cfc6c26b24a772e6,test_dataset_8_2,0.1553647798081557,CASSMGDLAGVEWLENNEQFF,TCRBV19-01,TCRBJ02-01
4cbdb7d7dd0f1a83243f8d286cb116b8,test_dataset_8_2,0.1003974703343396,CASSPEAGLAFYEQYF,TCRBV05-08,TCRBJ02-07
4d269b1a683aefc62f44d44040f47448,test_dataset_8_2,0.1096013253146932,CAWSVWWGGYEQYF,TCRBV30-01,TCRBJ02-07
4d280d0ec94efeea537d36ee6bd8e8c6,test_dataset_8_2,0.126942338441767,CASSQERIEIGSGNTIYF,TCRBV04-01,TCRBJ01-03
4d6e6c501cd94299d64c51682aa7561d,test_dataset_8_2,0.1273687755988087,CASSEATAGFYEQYF,TCRBV06-01,TCRBJ02-07
4d898b7722fcf09f46e65562bac0d3c0,test_dataset_8_2,0.0697244339470829,CVCGYTF,TCRBV28-01,TCRBJ01-02
4dc8ab7843b2e9698c639bfddc36330c,test_dataset_8_2,0.2284395921958038,CSVVVVYNEQFF,TCRBV29-01,TCRBJ02-01
4e33ad5d7ac0f3904c30489cb36f7d50,test_dataset_8_2,0.1160238601460318,CASSYASLGRYTEAFF,TCRBV06-05*01,TCRBJ01-01*01
4e554f52a72df5db16a3cd5edd7b9706,test_dataset_8_2,0.1410205625275571,CSVELVVVGVEQFF,TCRBV29-01,TCRBJ02-01
4e71ff108cce31b4d93485f227c24a33,test_dataset_8_2,0.2074764275726346,CAWSVSGWVLFF,TCRBV30-01,TCRBJ01-04
4e9cfc50abbeeccdcc345edbf1b99867,test_dataset_8_2,0.1222148149574679,CVCGFGQEGSGELFF,TCRBV12,TCRBJ02-02
4f1a323ffbff0b004c10dd7138671477,test_dataset_8_2,0.1949560098268278,CASSEDDWDSWDYGYTF,TCRBV25-01,TCRBJ01-02
4f3d8608e808d521ef064abab150cec9,test_dataset_8_2,0.1374820710530328,CSVNEQGINEQFF,TCRBV29-01,TCRBJ02-01
501a4cacdae875e134734e4daa4a3577,test_dataset_8_2,0.0961671657763354,WFF,TCRBV20-01,TCRBJ02-01
503d34d91accfdb9475861c41f3adc57,test_dataset_8_2,0.1779766326275463,F,TCRBV10-01,TCRBJ01-01
5065b00b914bb20f71db3fe67d6301d7,test_dataset_8_2,0.0985490796329554,CSARDIAGDLRFYEQYF,TCRBV20,TCRBJ02-07*01
5098d6bb7dc3a373e5322bd2d8dba8b0,test_dataset_8_2,0.1489664119538136,CSVVVWGEQYF,TCRBV29-01,TCRBJ02-07
50b53cbe69a4d6812c6e33eace05f275,test_dataset_8_2,0.2077188570584018,CASSVPGTGLCWGNDNEQFF,TCRBV12-01,TCRBJ02-01
515473f6ecf5a5b7d7752006c7ec2eb1,test_dataset_8_2,0.1015806289417036,CATSDLADVRGWYEQYF,TCRBV24-01,TCRBJ02-07
51a52a21c7405e1c30b46d07bed391f1,test_dataset_8_2,0.2036845605199831,CAWAPVWVPCEQYF,TCRBV30-01,TCRBJ02-07
51dc7980c6abb847c306bfe85e85b3a8,test_dataset_8_2,0.1081834571701952,CSVEVVEEQYF,TCRBV29-01,TCRBJ02-07
5205b7f91002392ef52748b2fb091394,test_dataset_8_2,0.1476739582625885,CAISEVGQTAKFYEQYF,TCRBV10-03,TCRBJ02-07
520a22cf869f30ad1ee7dab0ac1079b2,test_dataset_8_2,0.1714722716525353,CATSDDPGGDRGFYEQYF,TCRBV24-01,TCRBJ02-07
526a18ccf7c67fa3cd991b010356135e,test_dataset_8_2,0.166316788464724,CSVEWVGEQYF,TCRBV29-01,TCRBJ02-07
527297b7fb2cfc23bb3eb22ce435b4d9,test_dataset_8_2,0.1952792682089485,CASSPEGVRAFYEQYF,TCRBV07-09,TCRBJ02-07
52eb530546325d46e93b8aa5f49e6f65,test_dataset_8_2,0.1377300754050907,CAWSVVVGEQYF,TCRBV30-01,TCRBJ02-07
52f678d8c4947f5b12813cbd25d7c3fe,test_dataset_8_2,0.0917789940146467,CSARDPYGAGAFYEQYF,TCRBV20,TCRBJ02-07
53a46aef116b061b7a3b60cc75f3dce6,test_dataset_8_2,0.0910415496553082,CSVWVVGEAFF,TCRBV29-01,TCRBJ01-01
54312f9e181f81f3db24919e491db079,test_dataset_8_2,0.1127724440159431,CSARDPDGTEAFF,TCRBV20,TCRBJ01-01*01
546ae3f02dca8b82fbb4192722cd526c,test_dataset_8_2,0.0790061781114135,CSWWDWGNEQFF,TCRBV29-01,TCRBJ02-01*01
55f04d32204c28bbb798cf9d9b474d79,test_dataset_8_2,0.110778135648975,F,TCRBV27-01*01,TCRBJ01-01*01
5641558dd599f63e91a4669b1dd13ccf,test_dataset_8_2,0.1051658434208954,CASCGVWEWVETQYF,TCRBV02-01,TCRBJ02-05
56627999989858a42e87be5f087537a1,test_dataset_8_2,0.29275059830514,CSVVVGTGGWF,TCRBV29-01,TCRBJ02-03
567cfe5c98c9b0a95ff3d87c144f711e,test_dataset_8_2,0.1430327471631197,CAWSVWVAGVGHEQFF,TCRBV30-01,TCRBJ02-01
574aeaa4b439d978795295d163ecce4d,test_dataset_8_2,0.1152913534711594,CAWSAWTGYGYGYTF,TCRBV30-01,TCRBJ01-02*01
57665d42274a4ae62faa465e27af8ca0,test_dataset_8_2,0.1356680916504435,CSARDTEGLAGFYEQYF,TCRBV20,TCRBJ02-07
57bbc290cba080f198d1f44ac46ae3b0,test_dataset_8_2,0.1567459488739951,CSVVVVETQYF,TCRBV29-01,TCRBJ02-05
57cdda58092ae2b5d33017e4f5fbb488,test_dataset_8_2,0.1238714371905674,CASGLVIGRAAYNEQFF,TCRBV12-05*01,TCRBJ02-01*01
57eb9de5e21bb91d53621a3af101085f,test_dataset_8_2,0.158197911957878,CSVWVVGSREQYF,TCRBV29-01,TCRBJ02-07
58181ce8eea0c10bc7efada739af34e4,test_dataset_8_2,0.4449365399638457,CSVGVGVGGYTF,TCRBV29-01,TCRBJ01-02
583f30fabb47823620abcbe390f9fdf9,test_dataset_8_2,0.2151042639862453,CACTWSCLYEQYF,TCRBV21-01*01,TCRBJ02-07*01
58de8e24a5d0b113fa37b7f6a7364b03,test_dataset_8_2,0.2253759402834825,CASSCVVGWVFGQGVYEQYF,TCRBV05,TCRBJ02-07
58e2e0cccbe46aacf75dca3ab9b31c34,test_dataset_8_2,0.2639392573427338,CAWSVVSGSWDEQYF,TCRBV30-01,TCRBJ02-07
58fc4b580cab8851df53a4b3201766c3,test_dataset_8_2,0.1447792093803372,CASSEEEAGPFYEQYF,TCRBV06-01,TCRBJ02-07
59944cdbd28f66d41e00686faab9bba4,test_dataset_8_2,0.1557536623252703,CSVVVTVQETQYF,TCRBV29-01,TCRBJ02-05
59ea9b13f0edb3e410a3227f8d4422f8,test_dataset_8_2,0.2281913978583922,CSVGYGPVGYGYTF,TCRBV20,TCRBJ01-02
5a4674adc05e66b452d50e0b771fee0f,test_dataset_8_2,0.109358244884554,CASDCVYEQYV,TCRBV21-01,TCRBJ02-07
5a499a5b786c81c7935ac364f55da22e,test_dataset_8_2,0.1201164321449646,CASSLEGTADFYEQYF,TCRBV05-01,TCRBJ02-07
5a5e6ff730f6e6e2f603d523cb239019,test_dataset_8_2,0.2170495107537861,F,TCRBV27-01,TCRBJ02-07
5a9c3672644e8ff1db69b931165c6c7a,test_dataset_8_2,0.1309532438366518,CASSLEGTQGFYEQYF,TCRBV07-02,TCRBJ02-07
5aa00f0bcaedd15a30c33aae63a98e5c,test_dataset_8_2,0.1267355898010319,CSVCAGVCNEQFF,TCRBV20,TCRBJ02-01
5ac1cd535c6a9e5d0304e4312ead65fe,test_dataset_8_2,0.1152997201075784,CSVVWCTF,TCRBV29-01*01,TCRBJ01-02*01
5b1b78417ef1b2753f611c77ee1f71f2,test_dataset_8_2,0.1441597915099532,CASSEADRTADFYEQYF,TCRBV06-01,TCRBJ02-07
5b2eeecfc71344b0b408d9718f1ce123,test_dataset_8_2,0.0930816945941547,CSVVVVGYGYTF,TCRBV29-01,TCRBJ01-02
5b43232459efaf56604bf415998462f0,test_dataset_8_2,0.1300590815545876,CSVVVVGYEQYF,TCRBV29-01,TCRBJ02-07
5b794d89f1219d3c337c0608ad6419b2,test_dataset_8_2,0.0853522475260802,CASSQDGTRRFYEQYF,TCRBV03-01/03-02,TCRBJ02-07
5b9c65e87b827b284e5cea3289a95758,test_dataset_8_2,0.12366606248501,CAWGAWGDTEAFF,TCRBV30-01,TCRBJ01-01
5c49528b0ad84ae0c22b2c81618a2709,test_dataset_8_2,0.1728639512675065,CAWSVWGAWEKLFF,TCRBV30-01,TCRBJ01-04
5c89cabe72eb3a7cd002f1414e5d7ac3,test_dataset_8_2,0.100819766338609,CSVEERQW,TCRBV29-01*01,TCRBJ01-01*01
5cd1a589f361c542eb6099835e747327,test_dataset_8_2,0.3260000405397382,CASSQGVSFSGQGVWSYEQYV,TCRBV03-01/03-02,TCRBJ02-07
5cf9226c84c0b9291dd31b1dbb85383b,test_dataset_8_2,0.130902379035651,CPF,TCRBV05-08,TCRBJ02-07
5d3e9b7550451cf1a5c8f5d4483dc8e0,test_dataset_8_2,0.1441334469774799,F,TCRBV07-05,TCRBJ02-07
5d588c8d7cb9497c6bdfde015924519f,test_dataset_8_2,0.1354278595618506,CVVICRDQYF,TCRBV06,TCRBJ02-05*01
5d6d2c098d1ed9a36229f6e75d009dcc,test_dataset_8_2,0.1178671393389299,CSVDRLCGWWACVTDTQYF,TCRBV29-01,TCRBJ02-03
5d8a31a0c3dbaf87dd6792b4470b5741,test_dataset_8_2,0.154948149685314,CSARDHHGTAEFYEQYF,TCRBV20,TCRBJ02-07*01
5db6ac583d43d52d177f0ccddc2f7944,test_dataset_8_2,0.2186047108688929,CASLEEGGKWYEQFF,TCRBV06-05,TCRBJ02-01
5e2c084e432e898cd1e9bf96e41c78cb,test_dataset_8_2,0.2865845320627522,CAWSVWGLVEAFF,TCRBV30-01,TCRBJ01-01
5e2c16c79c0dcc1b8b35fd2d722e646f,test_dataset_8_2,0.0954112307701484,CSAEDWGQGANFYEQYF,TCRBV20,TCRBJ02-07*01
5e57ae8e76c0db958571493e5d49389e,test_dataset_8_2,0.1207060751154658,CASSYSKAGKWAEAFF,TCRBV06-05*01,TCRBJ01-01*01
5e587a67f39dea3d4c9c72c7b8d8715b,test_dataset_8_2,0.0727976594430679,CSVGGVWSGELFF,TCRBV29-01,TCRBJ02-02*01
5e74b3d663b957b71165a49a0420a75b,test_dataset_8_2,0.1060239860054062,CASSQDVLVSGNTIYF,TCRBV03-01/03-02,TCRBJ01-03
5e78fb9b83d0b6ab354d4bd911f7c8f8,test_dataset_8_2,0.134553433588735,CAWSVGFVGWVNTGELFF,TCRBV30-01,TCRBJ02-02
5e9bafd251d27f7d3a79137c6fc81063,test_dataset_8_2,0.2398067259787017,CASSFPIGLVLAGSSYNEQFF,TCRBV12,TCRBJ02-01
5ef0777571a495be14d2cc62a2fc06aa,test_dataset_8_2,0.1295775587148345,CACVWGWVDGYTF,TCRBV06-05*01,TCRBJ01-02*01
5f13c85098cd1a1c48a3aaa3e1176929,test_dataset_8_2,0.136419514677676,CASSYEQHGEYTEAFF,TCRBV06,TCRBJ01-01
5fe2e0c5bd4a6d167e107ff9f1ccdffc,test_dataset_8_2,0.1286174748454587,F,TCRBV27-01,TCRBJ01-02
60260639398e3704ea965a594192c297,test_dataset_8_2,0.1181464723524998,CAWSVWGAWTEAFF,TCRBV30-01*01,TCRBJ01-01*01
606113825687ac4aaaeb15b60224820e,test_dataset_8_2,0.0835681522809173,CASSDSDSSDYNEQFF,TCRBV06-04*01,TCRBJ02-01*01
6065ac242c8c35525902f6b51ce1820a,test_dataset_8_2,0.1591959054107327,CAWMWVGGYTF,TCRBV30-01*01,TCRBJ01-02*01
6067a0ddebbbb945a7a8971bda45d11d,test_dataset_8_2,0.1179042508580375,CSVVVVSEQYF,TCRBV29-01,TCRBJ02-07
607ce1b0c3d0cfa99a0bf79ab3c4dbc0,test_dataset_8_2,0.5095884674214304,CAWSVWVGTEAFF,TCRBV30-01,TCRBJ01-01
60e5da1890898fc94e1f95948557752b,test_dataset_8_2,0.1211932531331674,CAWSVGVGTGVEQYF,TCRBV30-01,TCRBJ02-07
61153494a757b3eaf0de40df02971293,test_dataset_8_2,0.1517891814162403,CASRTIPSGTEILDHTGELFF,unresolved,TCRBJ02-02
615732eed2aa74255714a38af061c558,test_dataset_8_2,0.1365607939757086,CSADPGQGAVRFYEQYF,TCRBV20,TCRBJ02-07
61612d5689bc7a978ec0294f87319e82,test_dataset_8_2,0.295980594851685,CSARDSEQTPGFYEQYF,TCRBV20,TCRBJ02-07
6217d65404a4fe179e3fe3fe960f1410,test_dataset_8_2,0.1186173887501715,CSVCIYEQYF,TCRBV29-01,TCRBJ02-07
62e37119a0c9baa15c91cf8efef25323,test_dataset_8_2,0.0882136847918521,CSARDVSPDEAQGFYEQYF,TCRBV20,TCRBJ02-07*01
6335037cb835730893a87caf4493b78b,test_dataset_8_2,0.1610255254935989,CSVVVWGGNEQFF,TCRBV29-01,TCRBJ02-01
63503bafc16cfdc7f8fb17baac5c489d,test_dataset_8_2,0.113410528162431,CASSLVVVVGVVWGAGYEQYF,TCRBV05,TCRBJ02-07*01
63880ed750a45fc8ec2d44dcd04e1488,test_dataset_8_2,0.0893482368316803,CSAEECEEQYF,TCRBV20-01,TCRBJ02-07*01
638be9d47b8b3657beed392ff04198d0,test_dataset_8_2,0.1916780295330042,CAISDPDRGGDFYNEQFF,TCRBV10-03,TCRBJ02-01
63a90218756e8a9888fb9442b43a5134,test_dataset_8_2,0.1398268851218474,CSVGCF,TCRBV29-01,TCRBJ02-07
63fc9aa1ad62715a21dcaf7886c1b507,test_dataset_8_2,0.0985246720052811,CAWCEVWTVAGELFF,TCRBV30-01,TCRBJ02-02
6418bab05e9f29387c5d3307332e1489,test_dataset_8_2,0.1154300248633077,F,TCRBV20-01,TCRBJ01-06
64d5d097a0c1d57dc656b4447ae39292,test_dataset_8_2,0.1461196533260115,CSVEECETGFPCEQYF,TCRBV29-01,TCRBJ02-07
651c791ffc2a6bd68eaba96ea1a3db95,test_dataset_8_2,0.1125169923990863,CASSEGAMAFYEQYF,TCRBV06-01,TCRBJ02-07
656dcba6b36fcdc1428f1b7ad7879d91,test_dataset_8_2,0.1451478564783934,CAWSVGECTGWSGELFF,TCRBV30-01,TCRBJ02-02
65e560a092bcb3cd5af23c3287afff86,test_dataset_8_2,0.1272991928237678,CASSPEEAGGYYEQFF,TCRBV05-04*01,TCRBJ02-01*01
65fa97b4149e3f797f43025b184882b1,test_dataset_8_2,0.1400869392313818,F,TCRBV20-01,TCRBJ01-05
66001f3fe45ff8ca80d85155e453986e,test_dataset_8_2,0.0953810712310809,CSVVVGSYEQYF,TCRBV29-01,TCRBJ02-07*01
664c427dae6b101672110a53d2f9552f,test_dataset_8_2,0.1236277596273977,CSVEGWVWASGSVSQETQYF,TCRBV29-01,TCRBJ02-05
666ac92ed763eb6884715f7e96b485a1,test_dataset_8_2,0.1230948746872789,CASSESEGSRRFYEQYF,TCRBV06-01,TCRBJ02-07
6709e4febe76c7e89cc186caa72afa22,test_dataset_8_2,0.1041859106070551,CSVVIWYVWGVYEQYF,TCRBV29-01,TCRBJ02-07*01
671ff9839147667494cfd49d8662862d,test_dataset_8_2,0.1465786568535301,CSVEVTVVVTDTQYF,TCRBV29-01,TCRBJ02-03
678f4bd9e23da81d387bf02d15682bfd,test_dataset_8_2,0.1321320393769768,CAGLPGTPNYYEQYF,TCRBV09-01*01,TCRBJ02-07*01
67981b19ed36d5ffdeb0dbb0c0c30cd1,test_dataset_8_2,0.0928633990058465,CAWSWGWAEAFF,TCRBV30-01,TCRBJ01-01
67d684c108cc0d256c8fdcbcba42a19e,test_dataset_8_2,0.0739623931405155,CPF,TCRBV10-01,TCRBJ01-02
67d7e3ba726844bfbf8f05b98a5ce8f9,test_dataset_8_2,0.0924568354088305,CATYFNRAEAFF,TCRBV06-05*01,TCRBJ01-01*01
6817659c012bbb0aef969b3e3c363110,test_dataset_8_2,0.1723389266148952,CSVSWVVGFEAFF,TCRBV29-01,TCRBJ01-01
6861e7aa499830c851fc9adfa86650da,test_dataset_8_2,0.1453906437357212,CSVVGFVTGFVTEAFF,TCRBV29-01,TCRBJ01-01
68f8977e50218442a06c6eeca5728d15,test_dataset_8_2,0.1239019367044566,CASTFWAGDSKTTHNFYEQYF,TCRBV12,TCRBJ02-07*01
690e8335fde011f82a074d27d1023652,test_dataset_8_2,0.187342657710923,CSVEEGSGSGWWFF,TCRBV29-01,TCRBJ02-01
692549129a87d2982c67a6151d974aa1,test_dataset_8_2,0.1299328305617248,CAWSDVMWSDDAYGYTF,TCRBV30-01,TCRBJ01-02
6946559f63e553da76ae0c849c2b7104,test_dataset_8_2,0.1130496119148089,CSVEIGSGNTIYF,TCRBV29-01,TCRBJ01-03
6a831837b84baf7eedc87bf3470bf4f1,test_dataset_8_2,0.103152753838398,CASSVVGDGNTIYF,TCRBV09-01,TCRBJ01-03
6aa869c925044fbf0d44d9c944a36421,test_dataset_8_2,0.3862748413745364,CAWSYGFGSYGYTF,TCRBV30-01,TCRBJ01-02
6b472141bcde0ff8728e9c525ee34a52,test_dataset_8_2,0.0902430334006649,CASSLEAARGFYEQYF,TCRBV07-09*01,TCRBJ02-07*01
6b53ca70335cb2e8f8fa8cc4f7264180,test_dataset_8_2,0.1138329512858757,CVVCSVQAFF,TCRBV28-01,TCRBJ01-01
6ba1ba71e31f358abd8bfe5d6321a920,test_dataset_8_2,0.1644606511162579,CAWSVGWWGDYGYTF,TCRBV30-01,TCRBJ01-02
6c5a484aa7f326a5f80ab31779ec7754,test_dataset_8_2,0.3354508213150692,CASSPDLAERKGFYEQYF,TCRBV18-01,TCRBJ02-07
6c7476e3e66fb3a05c7fd4a6c43a40dd,test_dataset_8_2,0.2933031392526531,F,TCRBV11,TCRBJ02-04
6db14a47f1970b52e9105b9544d2a27a,test_dataset_8_2,0.1139208652702765,CSVEVGVGDGGSYEQYF,TCRBV29-01,TCRBJ02-07
6dcf5987b39be373ec96c5f128cb01c3,test_dataset_8_2,0.2460650700305059,CAWSVGWGRGMFF,TCRBV30-01,TCRBJ02-01
6df44168eaf70dd8f13664a0649ae3a9,test_dataset_8_2,0.1419092321423702,CSVECWEGTEAFF,TCRBV29-01,TCRBJ01-01
6ea26ce8159af18269114afcb87d51f3,test_dataset_8_2,0.1781178295346287,CSVVVWWGTEAFF,TCRBV29-01,TCRBJ01-01
6ef5157dceefcc452ee4960f39fd2e41,test_dataset_8_2,0.1808350102454724,CSVEDPDEAVMNTEAFF,TCRBV29-01,TCRBJ01-01
6f47eb768e04b39f6999f538c08fd3af,test_dataset_8_2,0.1255482074099017,CSVVVVDEQYF,TCRBV29-01*01,TCRBJ02-07*01
6fd77568afca0fb1a17e99b0c3c8458a,test_dataset_8_2,0.1514126060565793,CASSLDVAGAFYEQYF,TCRBV12,TCRBJ02-07
6fe3739b78e6ebac5e8dd3385029229f,test_dataset_8_2,0.2250486706653693,CASSYSVVVVVYEQYF,TCRBV06-05,TCRBJ02-07
6febca407588c627a44c66b1a840044e,test_dataset_8_2,0.2179517203705925,CSVEVGAGNTIYF,TCRBV29-01,TCRBJ01-03
70228e6ce4623d1b2e84ea722e37a967,test_dataset_8_2,0.0950877155481857,CASSPEESGRFYEQYF,TCRBV04-01,TCRBJ02-07
702723345150aa7926c08cac18a6106f,test_dataset_8_2,0.1769551467338599,CAWSWDSWGSEAFF,TCRBV30-01,TCRBJ01-01
706c2c14d70c53ba2d83867c82311e5b,test_dataset_8_2,0.0866232790534791,CSVEVVWGTGWNEQFF,TCRBV29-01,TCRBJ02-01*01
707b446b53410b0b31d7c61eb414693a,test_dataset_8_2,0.3057158476916377,CASSESGRNTVISGNTIYF,TCRBV25,TCRBJ01-03
711f8c3b9ae7e6a4d00d27e7dfd7bab3,test_dataset_8_2,0.1611899222215728,CASSDRHGTVDFYEQYF,TCRBV19-01,TCRBJ02-07
712b6844acd5349bf01fc9239ff3ba12,test_dataset_8_2,0.1056723853302213,CASSESIDPWEWEELFF,TCRBV10-01,TCRBJ02-02
7159563085462e78f42e4cd631bb7f6c,test_dataset_8_2,0.1263887428440073,CAWMVEVVAFF,TCRBV30-01*02,TCRBJ01-01*01
7186013b54d64f931ac58c3125708a22,test_dataset_8_2,0.2726783895406189,CSVECREVYEQYF,TCRBV29-01,TCRBJ02-07
71eb1ba5650d776c63dd7dd9bd68696f,test_dataset_8_2,0.1458596797053679,CAWSVLVEMGGWDNEQFF,TCRBV30-01,TCRBJ02-01
7234eb9dd17adcc27528b28d0976ef58,test_dataset_8_2,0.1707515964079053,CSVGVGVYEQYF,TCRBV29-01,TCRBJ02-07
723aa1ce7d5ea2a895ee20c355f69c40,test_dataset_8_2,0.0980051679226135,CSVEVGVGGEQYF,TCRBV29-01,TCRBJ02-07
72b758b481ed18b7afd64c136ba2c6e3,test_dataset_8_2,0.1292242178864293,CSVGVGVGFGYTF,TCRBV29-01,TCRBJ01-02*01
7332f3fff35586518a87839df9d6b446,test_dataset_8_2,0.1173000669370593,CSVVVMEETQYF,TCRBV29-01,TCRBJ02-05*01
73b9a013c2b8aa8a25a91f4c789e1ecf,test_dataset_8_2,0.0695637005661383,CASSLEGGLRFYEQYF,TCRBV11-02,TCRBJ02-07
73fc67f5b66bf73f19a5ff97b1820a5d,test_dataset_8_2,0.1193588136506008,CAWSVGSVVF,TCRBV30-01*01,TCRBJ02-01*01
752ac29709f9730c5ca4250bd6eedd50,test_dataset_8_2,0.0401256067502535,CACVPYGIPYGYTF,TCRBV30-01,TCRBJ01-02*01
753f9e2cc5a7250b778d9d9102fa8948,test_dataset_8_2,0.1880174941082535,CAISDPAGAIANYGYTF,TCRBV10-03,TCRBJ01-02
75b1932b765316e2524082e8e2fd5e3c,test_dataset_8_2,0.1616143342635888,CAISDWDEDGNTEAFF,TCRBV10-03,TCRBJ01-01
75e678ccc8e41ef83c151ae3d4e7ca9a,test_dataset_8_2,0.1225011429346489,F,TCRBV07-03,TCRBJ01-06
75f2940eecbe65c4ff365acc39a9e3dc,test_dataset_8_2,0.6501770794921942,CSVVVVGNEQFF,TCRBV29-01,TCRBJ02-01
7646387d3b10cbc4ee7caccbabdaad5c,test_dataset_8_2,0.1938725143250866,CSVEWREVWSYNEQFF,TCRBV29-01,TCRBJ02-01
767e43d6010cd59240c63605cad93a82,test_dataset_8_2,0.1716859559478762,CATSDSGDAGSFYEQYF,TCRBV24-01*01,TCRBJ02-07*01
771330d160c39b3060d110f8acad3c99,test_dataset_8_2,0.2088512219470232,CSVEVGVWRDNEQFF,TCRBV29-01,TCRBJ02-01
7783f5f685fa7b605723f7a49dd10b55,test_dataset_8_2,0.1793390374163359,CASSIEAQGAFYEQYF,TCRBV19-01,TCRBJ02-07
7788239958da25007931da85b966b84c,test_dataset_8_2,0.1047213634348006,CAWSFVGAWRFTEAFF,TCRBV30-01,TCRBJ01-01
780476f46a2d275f5d4403a213b478f1,test_dataset_8_2,0.1402640144699659,CASSEAAGEFYEQYF,TCRBV06-01,TCRBJ02-07
7814a334cee8fb6d3751cfdbd3dfb4cd,test_dataset_8_2,0.0646902001171164,CHWGWD,TCRBV06-04,TCRBJ02
78278ba5a458391f665760defaa0d1b7,test_dataset_8_2,0.3868138378708395,CSVEGRERGWDEQFF,TCRBV29-01,TCRBJ02-01
783e9d6cc1c1c53b4f305a5804e3c6ef,test_dataset_8_2,0.1509433907400953,CAWNWSWDNEQFF,TCRBV30-01,TCRBJ02-01
786566b793c86592d2639ffa9d904554,test_dataset_8_2,0.2490436005469734,CASSQVIVGSGNTIYF,TCRBV04-03,TCRBJ01-03
791cb01437deeef3950d707a17c72801,test_dataset_8_2,0.1434910674217836,CATSDLAKGRDYYEQYF,TCRBV24-01,TCRBJ02-07
794636f49b730bde5455b4aadceee66f,test_dataset_8_2,0.0947184226270817,CASSLEGTEGFYEQYF,TCRBV27-01,TCRBJ02-07
7950b7fb58bcb39a21c907b9a8e4bcd2,test_dataset_8_2,0.2418312199463993,CSVEVEVGVEQYF,TCRBV29-01,TCRBJ02-07
7953f3334f405eea0249ac29eae211ac,test_dataset_8_2,0.112163290791073,CSVVVVVNTEAFF,TCRBV29-01,TCRBJ01-01
798381f6759131a8e3026182ef3af03c,test_dataset_8_2,0.1352487390608472,CASSLEASLGFYEQYF,TCRBV05-05,TCRBJ02-07
79e15dff45e8c48828c7a41d54d9fa65,test_dataset_8_2,0.1023846943634497,CAWSFGSVWGF,TCRBV30-01,TCRBJ01-05
79f20f78ebcebba151d680f7723fdc67,test_dataset_8_2,0.0846485173512224,CAWVRDPNGNTIYF,TCRBV30-01*05,TCRBJ01-03*01
7a77adb5a93c913dc54e18e1ed33aeae,test_dataset_8_2,0.2627054189638244,CASSQDPGLAGAFYEQYF,TCRBV04-02,TCRBJ02-07
7a7e97a496ac63e67f1c8d13b300cf4b,test_dataset_8_2,0.1414355085017674,CASSDLQGAKTFYEQYF,TCRBV06-04,TCRBJ02-07
7a9be2e1b9826faeec3f4100defad3bd,test_dataset_8_2,0.3285456702027517,CAPDDPGRSLAFYEQYF,TCRBV06,TCRBJ02-07
7aa182584452c4a1b74b49b0a5a5aab0,test_dataset_8_2,0.0880610341652453,CSVGEGGSVGELFF,TCRBV29-01,TCRBJ02-02*01
7ac48d05d641679b58e45afa7bfd6e31,test_dataset_8_2,0.0908710546635114,F,TCRBV20-01,TCRBJ01-02*01
7b0f22bf0a9da0e5e5f4e28310b3f029,test_dataset_8_2,0.1645779796629289,CSVCVGVEGEQYF,TCRBV29-01,TCRBJ02-07
7b1de3fedccdaabd86194f6b466d6a9a,test_dataset_8_2,0.0697363765576773,CAWSVDRAWVRVYEQYV,TCRBV30-01,TCRBJ02-07
7b462bf3c231b577e694d54d8ae61020,test_dataset_8_2,0.4271220440101017,CSARDLFADRNFYEQYF,TCRBV20,TCRBJ02-07
7b81d411acce518af7b56f9d4b6ec6f5,test_dataset_8_2,0.1506099520515273,F,TCRBV29-01,TCRBJ01-01
7bd747abf2f68f2dacbcdcc07e04026b,test_dataset_8_2,0.2126176525139859,CASSPEAATFYEQYF,TCRBV05-04,TCRBJ02-07
7c07ba0635326c119633b65c9a42f6ca,test_dataset_8_2,0.0766948716969755,CSVEDEGGEVEF,TCRBV29-01,TCRBJ02-07
7c4c3aaa25109538453cabc3b9adb266,test_dataset_8_2,0.1008495136641448,CSALRLAAKAGHEQYV,TCRBV20,TCRBJ02-07
7ca262a976c54d56226d472f68f7dc1d,test_dataset_8_2,0.0908656027448654,CAWSVWAGGELFF,TCRBV30-01,TCRBJ02-02
7cb81c1f65aac1d68bc62e39050bcbd1,test_dataset_8_2,0.1016361280700046,CSVVGVVAGEQYF,TCRBV29-01,TCRBJ02-07*01
7d0fdc69719f86b0c6537547552d973e,test_dataset_8_2,0.0776970937431691,CAWSVWGVWGTSSYNEQFF,TCRBV30-01,TCRBJ02-01
7d3ce5126f85909559ff046a4b3f803f,test_dataset_8_2,0.0775106265440814,CSVVVVGRWYF,TCRBV29-01,TCRBJ02-07
7d560611a9f1416782af19f383fcc074,test_dataset_8_2,0.1310621692808548,CASSQVIVGDGANVLTF,TCRBV04-03*01,TCRBJ02-06*01
7dab1cd15c17ed4eed72e283ffd72c07,test_dataset_8_2,0.1894716720812172,CSVGGWRWGVGEQYF,TCRBV20,TCRBJ02-07*01
7dd37c130b48a74a62add6056ca7e1d2,test_dataset_8_2,0.0679163540423946,CSVVVVDSYEQYV,TCRBV29-01,TCRBJ02-07
7ea29ec28dfb7f10c214d4e471ee1cbf,test_dataset_8_2,0.1628147598730226,CSARDLESAGDIYEQYF,TCRBV20,TCRBJ02-07
7eabc06f875aeae0bb16d543423529b0,test_dataset_8_2,0.1455267804928728,CSVECRDTYEQYF,TCRBV29-01,TCRBJ02-07
7f2131cb45eb3c7322250032a22d3385,test_dataset_8_2,0.1198717569818154,CASSEEWDRYYEQYF,TCRBV02-01,TCRBJ02-07*01
7f505bf389566d76c51b7ecc7ee36f3c,test_dataset_8_2,0.2098342944321762,F,TCRBV20-01,TCRBJ01-01
7fc452af29e18a7d809f8a6d400d8da6,test_dataset_8_2,0.1634498781297224,CAGCVGLVVVLGYTF,TCRBV10-01,TCRBJ01-02
7fd1b4e5b51c994b4af8d22bfa915a6d,test_dataset_8_2,0.1197706298590339,CAISESTAEFYEQYF,TCRBV10-03,TCRBJ02-07
8008122c8a7a11e7d73706d868b68059,test_dataset_8_2,0.0978556289284727,CAWSVWVGIAGVRNEQFF,TCRBV30-01,TCRBJ02-01
805ded7887d7227fe644943882b97465,test_dataset_8_2,0.1435024851702573,CAISDPTEARVVYEQYF,TCRBV10-03,TCRBJ02-07
808f9caf6cba4310319e623b0131c65e,test_dataset_8_2,0.085965558745431,CAWSVMVWSSYEQYF,TCRBV30-01,TCRBJ02-07
8091a59cffbe435e208a4670b7b6ec67,test_dataset_8_2,0.1977829930215991,CATSRDPDSAARTYEQYF,TCRBV15-01,TCRBJ02-07
80963f22006b6e7227e824e916ab8ac7,test_dataset_8_2,0.1400899760037776,CASSSSSSSYEQYF,TCRBV05-04,TCRBJ02-07
80a6f9e502e8640225fa5474f0301ab9,test_dataset_8_2,0.136586631784452,CATRPGFAGEDCEQYF,TCRBV06,TCRBJ02-07
80b1dcefcd542e0dedf2fdd1ede613dc,test_dataset_8_2,0.3144345114940134,CAWEV,TCRBV30-01,TCRBJ01-01
80dc7f637e8479e7916a3fee249bdbe8,test_dataset_8_2,0.1194270743688835,CASSLAEGAGFYEQYF,TCRBV05-04,TCRBJ02-07
819b2de2412b26f6ae557c4dc8634924,test_dataset_8_2,0.2465632695349575,CSVEEAGGFYEQYF,TCRBV29-01,TCRBJ02-07
820edeac78a2e2e5c4c39e7fd17ab1f3,test_dataset_8_2,0.5005174555836992,CASSQDILVSGNTIYF,TCRBV14-01,TCRBJ01-03
822332dfb57da5236ed3b2b8b64cdd78,test_dataset_8_2,0.0988627594264001,CAWSVGWVYGYTF,TCRBV30-01,TCRBJ01-02
826e82790625b08a4b8f74a25e4acde9,test_dataset_8_2,0.1225406353025376,CAWWDWDRGAFF,TCRBV30-01,TCRBJ01-01
827b705d92110015cb624322b2c13f19,test_dataset_8_2,0.1280833024405177,CASSVVGDGNTIYF,TCRBV09-01,TCRBJ01-03
82cad24f92e65039d923edefa330e25b,test_dataset_8_2,0.1066498391998901,CATSRDEAGEFYEQYF,TCRBV15-01,TCRBJ02-07
8336ed4cc154721547c7a32f4c04529a,test_dataset_8_2,0.1245691066288509,CACRWVGVYGYTF,TCRBV30-01,TCRBJ01-02
83866cc8dc4f9aa68b64588b5bf397ed,test_dataset_8_2,0.072257074700101,CVCGGFGSYEQYV,TCRBV02-01,TCRBJ02-07
83a250e86559070e12f81354af56a915,test_dataset_8_2,0.1448376955639692,CASSEEETGAFYEQYF,TCRBV09-01,TCRBJ02-07
83ae365bc0bf63aa448f869026e2e660,test_dataset_8_2,0.1151277973063747,CAWTEPGVWTEAFF,TCRBV30-01,TCRBJ01-01
83f40c95fc385c720252788ab67c37b1,test_dataset_8_2,0.1744661376804903,CASSQEQAGAFYEQYF,TCRBV04-01,TCRBJ02-07
83fe7c1d8956deb87316e20d27000936,test_dataset_8_2,0.0995326243225877,CSVVVVVVAGGTEAFF,TCRBV29-01,TCRBJ01-01
848713b08838cac3aed55d9d2d197950,test_dataset_8_2,0.1490075827199039,CASSLDCEDAWPCEQYF,TCRBV05-01,TCRBJ02-07
8499e1b427ff0cdab7debb30c29e16aa,test_dataset_8_2,0.1654241740681142,CSVCVGVNTEAFF,TCRBV29-01,TCRBJ01-01
84c43dd93d3e797c46f798023470982f,test_dataset_8_2,0.1205251839646688,CAWSVGIVLNEQFF,TCRBV30-01,TCRBJ02-01
84d4c119a5adfbd3d8c53f2b17a57c27,test_dataset_8_2,0.1746504233265302,CSARDLDGGADRYEQYF,TCRBV20,TCRBJ02-07
84d996985a978404c6ff86b09b8203e5,test_dataset_8_2,0.1308000843374203,CSVCLSVSNEQFF,TCRBV29-01,TCRBJ02-01
853a4984d106124646ce8acc7ab52306,test_dataset_8_2,0.1107498090717784,CAWSVWGSVWTEAFF,TCRBV30-01*01,TCRBJ01-01*01
859da7aa2a0fbd61d7c1ca3788678cc8,test_dataset_8_2,0.6879461052282568,CPF,TCRBV03-01/03-02,TCRBJ02-04
85b47e61e71a9dbe62312c1a947f4cc9,test_dataset_8_2,0.3218413161932484,F,TCRBV20-01,TCRBJ02-03
85b751d60f3c9cfc8c768caea4b6e7bc,test_dataset_8_2,0.108026298493012,CAWSGYSWGYGYTF,TCRBV30-01*01,TCRBJ01-02*01
86062471b6a8fa50084689b240cbad25,test_dataset_8_2,0.142562098748874,CSVVVVAVGSDEQFF,TCRBV29-01,TCRBJ02-01
865398467116d72a9d71a4ddb784598e,test_dataset_8_2,0.374328957846816,CSVVVELQYEQYF,TCRBV29-01,TCRBJ02-07
867225adbf5045632cd191d82f45242a,test_dataset_8_2,0.1126844169473399,CASSPDAGGALSFYEQYF,TCRBV18-01,TCRBJ02-07
86a445185fb0d27c002c75c2daa789a9,test_dataset_8_2,0.1000484959378879,CAWSVWSDEAFF,TCRBV30-01*01,TCRBJ01-01*01
873a943cea40bf8905348e04f8787ae5,test_dataset_8_2,0.1475863507973371,CSVVVVGSNYGYTF,TCRBV29-01,TCRBJ01-02
875cd2b0ec6d8eda54f5adb8dac74f77,test_dataset_8_2,0.1879682999183497,CSVVIVGLGYGYGYTF,TCRBV29-01,TCRBJ01-02
87bcc17fbcdf94af7b3da30e0f46ed9c,test_dataset_8_2,0.0999473788612242,CASWEQGKEFYEQYF,TCRBV27-01,TCRBJ02-07
881ede2921a28c09a7cd6076741ac02c,test_dataset_8_2,0.1090569744883924,CATSDFNRDGTGELFF,TCRBV24-01,TCRBJ02-02
882ddf4cb7057831ec471bf4cb8f8255,test_dataset_8_2,0.1669333599376495,CASSLEEGQEFYEQYF,TCRBV11-03,TCRBJ02-07
884902533feeb8ab9b842b0c9afc20de,test_dataset_8_2,0.1902011238453406,CASGWEWWVAFF,TCRBV27-01,TCRBJ01-01
884a33ef74bb36b2961dbcedd90b82ce,test_dataset_8_2,0.1362119394746927,CAWSVVWSGCSYEQYF,TCRBV30-01,TCRBJ02-07
889f3458c6a0c4e403158f3741a41b76,test_dataset_8_2,0.1669389457311837,CAWSVGLGWSVGGASDGAETQYF,TCRBV30-01,TCRBJ02-05
891d07e9501a624435a3dcd6944e5b05,test_dataset_8_2,0.1781317664155005,CAISDYESVQGFYEQYF,TCRBV10-03,TCRBJ02-07
89282399b27a39115a92056115bb17f4,test_dataset_8_2,0.1274873266152962,CVRSWIVWVYAGELFF,TCRBV07-05,TCRBJ02-02
899f726ad5acd76c471491a67d706f19,test_dataset_8_2,0.4995693578300272,CSARDAQQGTAFYEQYF,TCRBV20,TCRBJ02-07
8aecfbbdab2dea7b75b287a8b968fdff,test_dataset_8_2,0.1355643261146576,CAWSVVWGSEAFF,TCRBV30-01,TCRBJ01-01
8b115bcb7402a0355847dfdf24f8097f,test_dataset_8_2,0.1531060737791634,CASSLSQQGRYTEAFF,TCRBV11-02,TCRBJ01-01*01
8b84a8b2ec6f254be9211146653bdeab,test_dataset_8_2,0.1836617663407673,CASSDSSDSDEQFF,TCRBV06-04,TCRBJ02-01
8b9b4baee3defbfb6b75a00e9829ffe1,test_dataset_8_2,0.1774366782568659,CCMDWREWEWAFF,TCRBV10-01,TCRBJ01-01
8c08982f9f2b4dc99ac75eb60c9bc689,test_dataset_8_2,0.3009390730381108,F,TCRBV22-01,TCRBJ01-01
8c754c8a45bf5a0e90f661835c35c722,test_dataset_8_2,0.2691797063763856,CASSYYGDRCEQYF,TCRBV06-07,TCRBJ02-07
8ce0e3607a269364cf88ce3606f15c93,test_dataset_8_2,0.1357302047685996,CASSIRGLAVNANTGELFF,TCRBV19-01,TCRBJ02-02
8cec69e68ad64eccb5ce5b687faf84fe,test_dataset_8_2,0.1077389983304843,CSARDPQGAVWDYEQYF,TCRBV20,TCRBJ02-07*01
8cfae943dd8884d154b896f5c37de7b2,test_dataset_8_2,0.1241197139203867,CSARDPEGSPTIYEQYF,TCRBV20,TCRBJ02-07
8d55f565001a77e28635f7cf6b4e6f07,test_dataset_8_2,0.0922980127545416,CASNLDDGDRFYEQYF,TCRBV11-03,TCRBJ02-07
8e45051826bb7d43226d3be606170f96,test_dataset_8_2,0.1586583243456414,CASSEEAGEFYEQYF,TCRBV06-01,TCRBJ02-07
8eebc4c671a35d0e04d5221f72071119,test_dataset_8_2,0.4239415682393513,CATSRDWGLAGEFYEQYF,TCRBV15-01,TCRBJ02-07
8f6861dcfbb5fe3e5da122b5c32f8e72,test_dataset_8_2,0.1228985363512265,CSARDAGASVSFYEQYF,TCRBV20,TCRBJ02-07*01
8f76c991f2af3dd91c5164c3429771e7,test_dataset_8_2,0.1258598569931856,CATSREDGTVDVYTF,TCRBV15-01,TCRBJ01-02
8f7fc8128f5860ef788c02860c55d517,test_dataset_8_2,0.1443884112378502,F,TCRBV15-01,TCRBJ01-04*01
8f8fc38c210bc3565bf4f4104aab1339,test_dataset_8_2,0.1664581689941526,CASSLCVGVCEQYF,TCRBV28-01,TCRBJ02-07
8f9ab6b4e5db7250da3cc565b6da3262,test_dataset_8_2,0.1073070208459542,CAWVWGLGYGYTF,TCRBV30-01,TCRBJ01-02
8fee9957ec8abbf8919501ed01fe5440,test_dataset_8_2,0.1750842496567133,CAWSVGGWVYGYTF,TCRBV30-01,TCRBJ01-02
8ff8e13faac2a24785b2dd61438b1615,test_dataset_8_2,0.0896533049671342,CSARDLTQGGEFYEQYF,TCRBV20,TCRBJ02-07*01
9036b470e1fe422dca2b74255ef061ef,test_dataset_8_2,0.1614512907618021,F,TCRBV05-05,TCRBJ01-04
906bf671d24904deeebe99c27dcad9f4,test_dataset_8_2,0.1199026917787539,CARVWVGEQFF,TCRBV05-03,TCRBJ02-01
906dbbd4bcc8384d68dc9a70fa8c5808,test_dataset_8_2,0.1747942153476915,CATSRDAAGAFYEQYF,TCRBV15-01,TCRBJ02-07
90f8a113b27c7cac8f41a59b799afea5,test_dataset_8_2,0.1404080154307542,CAWSVVGVGVESNYGYTF,TCRBV30-01,TCRBJ01-02
9153a989ec22a9ec13351ffbb6cfc835,test_dataset_8_2,0.2081927958536773,CAWSVWVFSEAFF,TCRBV30-01,TCRBJ01-01
91ef2c8dd85867ba023f2205c9a3e03c,test_dataset_8_2,0.112739738162167,CASSLEGTETFYEQYF,TCRBV11-03*01,TCRBJ02-07*01
923ed486271c394f595c11e7df13bb4e,test_dataset_8_2,0.1357210759254543,F,TCRBV20-01,TCRBJ01-02*01
9261688c39df2198c6a31e8a144e820f,test_dataset_8_2,0.1118252625075029,CASSLDGTAEFYEQYF,TCRBV05-01*01,TCRBJ02-07*01
93dc11939f98956c1692d94e47bfbc2a,test_dataset_8_2,0.1330528957263608,CGWVSWMVCNQPQHF,TCRBV09-01,TCRBJ01-05
93efcdd49d53b846ae38b61b424b7bf0,test_dataset_8_2,0.2551014008645186,CATSDFQEARDVYEQYF,TCRBV24-01,TCRBJ02-07
948698a5908307fe4ab505e0e9cc4afa,test_dataset_8_2,0.1059964068841065,CAWSVVGWVWGYTF,TCRBV30-01*01,TCRBJ01-02*01
94c8dbb73e5dd0f82944c23c338779d5,test_dataset_8_2,0.3888360121637315,CASSSSSSSSYEQYF,TCRBV07-09,TCRBJ02-07
955b8734694ffd23c267d808b8414721,test_dataset_8_2,0.1147705942015093,CASSLEGEREFYEQYF,TCRBV11-02,TCRBJ02-07*01
95865ff5bf7fd133535a73922dc32b4f,test_dataset_8_2,0.1941697329519421,CSVVGVVVTEAFF,TCRBV29-01,TCRBJ01-01*01
95c69f09895da967d5971092a2b01367,test_dataset_8_2,0.1077745573316384,CAWSVSQVWYEQYV,TCRBV30-01,TCRBJ02-07
9668c8f2846bd137f59a98bce0276e69,test_dataset_8_2,0.069625785215642,WFF,TCRBV29-01,TCRBJ02-01*01
968ee5cf5711865ab105245af2505409,test_dataset_8_2,0.0977631431062975,CVWAQVGCRETQYF,TCRBV05-01,TCRBJ02-05
96c69bfe96c33512747ffa0078c12357,test_dataset_8_2,0.2129418392341661,F,TCRBV27-01,TCRBJ02
96dc4cd6274ddae3766583c9bd7627bc,test_dataset_8_2,0.1043592040785333,CATSDFDGNLYGYTF,TCRBV24-01,TCRBJ01-02
96df4e1b0a067ad19ce92f054e001e71,test_dataset_8_2,0.1483748097624716,CAWVGVYGYTF,TCRBV30-01,TCRBJ01-02
9768822a2e65a74957c298cfe8df7a0b,test_dataset_8_2,0.0845677178156885,CASSQDPAGLVTFYEQYF,TCRBV03-01/03-02*01,TCRBJ02-07*01
9800aa0b8a64ee67fe133b36790e598c,test_dataset_8_2,0.1048097940987773,CSASDRDGAPTFYEQYF,TCRBV20,TCRBJ02-07
9907342fd39cec98bcb125038b2eeb8f,test_dataset_8_2,0.3962856064827308,CASSLEAASRFYEQYF,TCRBV07-08,TCRBJ02-07
99231dfbc5e99aff916f7e5d2f993c1d,test_dataset_8_2,0.1249217313449694,CASSDEEDSDEQFF,TCRBV10-01*01,TCRBJ02-01*01
996f02d1922c0d1d7279a34b8b618262,test_dataset_8_2,0.1221169636106482,CATSDLPGAKKNYEQYF,TCRBV24-01,TCRBJ02-07
99a23951cea2f8aa057486282198ec31,test_dataset_8_2,0.1439045885096116,CASSDEEGSSDEQYF,TCRBV06-01,TCRBJ02-07
9a00268a0fc1346012699f61a5a1cb15,test_dataset_8_2,0.1191010656821758,CSVWTVVWGVHEQFF,TCRBV29-01,TCRBJ02-01
9a75a329b0669c2397834e9c571aeb86,test_dataset_8_2,0.152690584223213,F,TCRBV20-01,TCRBJ01-05
9b03e3e20103ddd77c4b2481cf9088d0,test_dataset_8_2,0.1301254548539301,CASSVVGDGNTIYF,TCRBV09-01,TCRBJ01-03
9b19eb371b284e17fd3b328c75c50ad6,test_dataset_8_2,0.1415465235414331,CASSCCCSCYGYTF,TCRBV06-05,TCRBJ01-02
9b23a76850e27a1246646dea9ed26a58,test_dataset_8_2,0.1891859801728794,CSVEDPKAAGDSYEQYF,TCRBV29-01,TCRBJ02-07*01
9b2e028d61e71ef5388c081e4a203256,test_dataset_8_2,0.1721961643988789,CAWSVWVGVLF,TCRBV30-01,TCRBJ01-01
9c04b2cd94cd382a8b2d8932dee42c13,test_dataset_8_2,0.1716659341985689,CAWSVVAGGWEQYF,TCRBV30-01,TCRBJ02-07
9c2f100797c79afa92b25a6c188d1667,test_dataset_8_2,0.1631812052970258,CAWAWASGIGEQYF,TCRBV30-01,TCRBJ02-07
9c60e8d431dbd329910b96c806889802,test_dataset_8_2,0.1446334684299281,F,TCRBV05-03,TCRBJ01-01
9ca8e29d33e7c8b5e3535c467e115d0d,test_dataset_8_2,0.1348965949893472,CATSDLHVAGEQYEQYF,TCRBV24-01,TCRBJ02-07
9d12346fad8b55f190e414e18fc3245f,test_dataset_8_2,0.1397499057568718,CSVVVGWGVRYF,TCRBV29-01,TCRBJ02-05
9d6465e8c9cbe5b823823892ab9cd6eb,test_dataset_8_2,0.1013941520356768,CSVEVWWGRNEQFF,TCRBV29-01,TCRBJ02-01
9e4ad9ba90f6e9fd829750a7108b16a1,test_dataset_8_2,0.1615073315381827,CSVVVGVGYGYTF,TCRBV29-01,TCRBJ01-02*01
9e60d2f11594ade09a8ce7d42dc7cdd5,test_dataset_8_2,0.1782170134549546,CSVVVVYEQYF,TCRBV29-01,TCRBJ02-07
9e77e22980b04a0492914355ef6f91ce,test_dataset_8_2,0.1096862035708053,CAWSWVVAGRGAFF,TCRBV30-01*01,TCRBJ01-01*01
9ea5d0ef70b31892b4766488ca748f2d,test_dataset_8_2,0.1642866446397013,CSVECETGEQYF,TCRBV29-01,TCRBJ02-07
9f0435560fbce520aff1821640b4dc40,test_dataset_8_2,0.2112892075169124,CSAVTVTVTEAFF,TCRBV29-01,TCRBJ01-01
9f47ef5afbdd5f3e4684490a58e6d456,test_dataset_8_2,0.2969857045019478,CSVVGVVEWTSTDTQYF,TCRBV29-01,TCRBJ02-03
9fbc0079407c266cbf8f6087da5828bc,test_dataset_8_2,0.110670276851578,CSANPDEGTEFYEQYF,TCRBV20,TCRBJ02-07
a0010786359b0a492a82cf479d2f4467,test_dataset_8_2,0.1978150366335394,CASSLEAGQQFYEQYF,TCRBV07-06,TCRBJ02-07
a0471647bbfbabf11f8fafdf73e8537e,test_dataset_8_2,0.3504835033305457,CSARDAESASSFYEQYF,TCRBV20,TCRBJ02-07
a0ac6b97fcdbed325cea4122e5e33c60,test_dataset_8_2,0.1376753247184946,CSVEDLDATEAFF,TCRBV29-01,TCRBJ01-01
a0b50f77c1501a9c90d009896f42c13c,test_dataset_8_2,0.2273686094497918,CSVVWGVGTEAFF,TCRBV29-01,TCRBJ01-01
a1242fa6143bb508d07cb546f555a595,test_dataset_8_2,0.12871977878066,F,TCRBV20-01,TCRBJ01-05
a26280bb806c4f0041bd240c65040bd7,test_dataset_8_2,0.121953183774573,CAWSARQLGHYEQYF,TCRBV30-01,TCRBJ02-07
a28f191cc0c3370226401a26969db74a,test_dataset_8_2,0.1157246368891541,CSVEVQWGDEQYF,TCRBV29-01,TCRBJ02-07
a2ab8200ed11651778d657a2148dd8b4,test_dataset_8_2,0.0977546891861162,CSVEVQSCEQYV,TCRBV29-01,TCRBJ02-07
a2c13d23b0359ff78949588a0fe24d8b,test_dataset_8_2,0.1960135491777626,CASSCVSVGLAGVCGKNEQFF,TCRBV12,TCRBJ02-01
a2d9c1ef2e3fd8007bbef239eef3b293,test_dataset_8_2,0.2014232016951894,CSVEGGEWVGEQYF,TCRBV29-01,TCRBJ02-07
a39820b7d563b948ceb958ffc932b716,test_dataset_8_2,0.3874514613634054,CATSDPLRAGKLYEQYF,TCRBV24-01,TCRBJ02-07
a3e3fbd562f20d5aaa435dbf1d3f9dc4,test_dataset_8_2,0.1232678015993808,CAWGWGWGYTEAFF,TCRBV30-01*05,TCRBJ01-01*01
a42b0cfac741e110f3ce79b34f72527f,test_dataset_8_2,0.1946338747665822,CVF,TCRBV09-01,TCRBJ01-04
a4363d4d9daa828d8862bdceaf53bb24,test_dataset_8_2,0.1233817051442371,CVCEQYF,TCRBV30-01,TCRBJ02-07*01
a4bc4a25febe41d9dd1e0537ccb0cb0e,test_dataset_8_2,0.4206617334949412,F,TCRBV29-01,TCRBJ02-01
a5067bfdfefe4f927c0ade07e1918086,test_dataset_8_2,0.1220246509044172,CATSRDLYTRVLDTEAFF,TCRBV15-01,TCRBJ01-01
a5095f55842e3424af1f1938ab2e552b,test_dataset_8_2,0.0969855485275146,CASSDPDRGRVYWADTQYF,TCRBV07-09,TCRBJ02-03
a55522ab8896f04bc95646d668b9387c,test_dataset_8_2,0.0959783488708598,CASSVDEAGVFYEQYF,TCRBV09-01*01,TCRBJ02-07*01
a5a427125b64cf057a43a35a0ef98fe8,test_dataset_8_2,0.0834075137587981,F,TCRBV20-01,TCRBJ01-02
a5b13a4aa57497ffa21066c10b41878d,test_dataset_8_2,0.1342502476595632,CSVSWVPWSVDEQFF,TCRBV29-01,TCRBJ02-01
a5c21dd6ced08d1831fc077733e26e1d,test_dataset_8_2,0.1622719546420489,CASSEAFEGSEAFF,TCRBV06-01,TCRBJ01-01
a629f828b844306c1204276c20f32bc9,test_dataset_8_2,0.1468270050782918,CAWSGWGTGVYGYGYTF,TCRBV30-01,TCRBJ01-02
a645cdd20f416028475178e036e6fa9f,test_dataset_8_2,0.1065816632925656,CVCDWGHGYTF,TCRBV25-01,TCRBJ01-02
a64e26d0ed1553e3990e631a0f8f36c3,test_dataset_8_2,0.1475486228246361,CAWSVGVVGYEAFF,TCRBV30-01,TCRBJ01-01
a67af755829119e85ca25d9a73003fd2,test_dataset_8_2,0.1009319866355569,CASSLEEIALSGNTIYF,TCRBV05-08*01,TCRBJ01-03*01
a70508c3778d00736518ad6abc47e4a5,test_dataset_8_2,0.0859011719052921,CASSYTDLGQFTEAFF,TCRBV06-05*01,TCRBJ01-01*01
a7badd8d7a73261ca9b82e7d7edaa1e6,test_dataset_8_2,0.1385788979814039,CAWSVWSGGFF,TCRBV30-01,TCRBJ02-01
a80f8b7e915b739510e6401b9bde088a,test_dataset_8_2,0.1734421434206763,CAWSVLGCRECEQYF,TCRBV30-01,TCRBJ02-07
a8204d7c1a0e0af08c9d1b1356f923cc,test_dataset_8_2,0.1952540340917951,F,TCRBV27-01,TCRBJ02-03
a8550924c8db87f13dac5bcdfebe206f,test_dataset_8_2,0.141588250699829,CSVVFGVVSYEQYF,TCRBV29-01,TCRBJ02-07
a89ee3e423a7579c6c4d1407b022425b,test_dataset_8_2,0.1880929263480526,CSVEDQKGLTDFYEQYF,TCRBV29-01,TCRBJ02-07
a8aee8e3921f3d4796e10316ab0288df,test_dataset_8_2,0.1317225676937123,F,TCRBV20-01,TCRBJ01-05*01
a8c64826a22d626c0dcdb26450484b6d,test_dataset_8_2,0.1832500652403121,CAWSVSPDEGGPFYEQYF,TCRBV30-01,TCRBJ02-07
a96dbd1d2e158c1c5d2616852c1162ab,test_dataset_8_2,0.1774748279765209,CAWSWSEEEQYF,TCRBV30-01,TCRBJ02-07
a97045f627d90fdba8d238089e086ec3,test_dataset_8_2,0.1089645909635968,CATSDPGKDRGFYEQYF,TCRBV24-01*01,TCRBJ02-07*01
aa0cbe1519302a33a362325382f0bb81,test_dataset_8_2,0.1581114676396121,CSVVLWVVTDTQYF,TCRBV29-01,TCRBJ02-03
aab079b044e752c41ea06538f1c69c7d,test_dataset_8_2,0.1472203446206391,WWGGEQYF,TCRBV30-01,TCRBJ02-07
aade68163d48ced5cdb4888c020a50ec,test_dataset_8_2,0.2200481558731452,CSARDIQVTGNTIYF,TCRBV20,TCRBJ01-03*01
ab81b1e6922e446295a8c5bcd8d1939f,test_dataset_8_2,0.1351287002906032,CAWSVDTSVVWTGSVDTNEKLFF,TCRBV30-01,TCRBJ01-04*01
aba528f8e87d0d1411a9e6e0692b8139,test_dataset_8_2,0.1568850658481654,CSVVVWGSEAFF,TCRBV29-01,TCRBJ01-01
abcf064ec3db0977d42813afe030f3f6,test_dataset_8_2,0.0648039193111839,CAISDIGTGQVYGYTF,TCRBV10-03*01,TCRBJ01-02*01
abf3baed9633b8464c02c7a8c2de20e5,test_dataset_8_2,0.1642168378771338,CAWSVVVVIWVDNEQFF,TCRBV30-01,TCRBJ02-01
ac76578a9d3c18918873c7e4a4fc0259,test_dataset_8_2,0.306801611887052,CSVVVQVSVSEQFF,TCRBV29-01,TCRBJ02-01
acaf0dfcca949e5f5b9013e77dde38fb,test_dataset_8_2,0.1665736333731787,F,TCRBV11-02,TCRBJ02-07
acc523ce288b582586c73ac2dc723f65,test_dataset_8_2,0.1264481948450978,CWECWIEAFF,TCRBV05-01,TCRBJ01-01
ad38a608ed2d0e670b2dce7ed0398691,test_dataset_8_2,0.122721104649431,CAWSVSVWGRVLAGVASYNEQFF,TCRBV30-01,TCRBJ02-01
ad39dbac7a62f25010f50a9beb7d32df,test_dataset_8_2,0.1417372966687667,CSVVVGVWVSEAFF,TCRBV29-01,TCRBJ01-01
ad4e9511762a0d7b35ec9b6cb2236e5b,test_dataset_8_2,0.144606098425706,CASSLTGAGEFYEQYF,TCRBV28-01,TCRBJ02-07
ad5699e4061519cb9627d9b0d135cf1a,test_dataset_8_2,0.1479338110615245,CASSRDVAGTAGFYEQYF,TCRBV03-01/03-02*01,TCRBJ02-07*01
ad7c70e6ad1e32db01a749dfd8153b12,test_dataset_8_2,0.2079834304376181,CASGWASGWAVTGELFF,TCRBV28-01,TCRBJ02-02
ada7238f1045de73a34d3e9a88104cbd,test_dataset_8_2,0.1366556145491111,CASSHDASRDFYEQYF,TCRBV03-01/03-02,TCRBJ02-07
addcb23d3f7e26661f998c140037fb35,test_dataset_8_2,0.2116861848285127,CAWSVWVVETQYF,TCRBV30-01,TCRBJ02-05
af01e6b2896ff30e222ae2fef996fdd2,test_dataset_8_2,0.1157085506655379,F,TCRBV05-03,TCRBJ01-05
af0623b9d37f76310274fed29ece4f4a,test_dataset_8_2,0.0924432551438547,CASSVEVGDRANIQYF,TCRBV09-01*01,TCRBJ02-04*01
af4a158cd285678e4f562dd84f629704,test_dataset_8_2,0.1145417804033916,CAISDPEGAGGFYNEQFF,TCRBV10-03,TCRBJ02-01
afb1eca168078ef192e8235723075a08,test_dataset_8_2,0.1258616703787428,CASAEQTATFYEQYF,TCRBV18-01,TCRBJ02-07
afbdc64fcf3e3b4a0ce84849f0221a2c,test_dataset_8_2,0.3299131285106585,CSAPEAGKFYEQYF,TCRBV20,TCRBJ02-07
afbe28375055a123bb503ff0c766cc3d,test_dataset_8_2,0.3263517067221285,CSVDDRVEGRVYGYTF,TCRBV29-01,TCRBJ01-02
b052db44b3cc00455b5f56c99f0bab0d,test_dataset_8_2,0.1617878585118925,CSVEWWREYYEQYF,TCRBV29-01,TCRBJ02-07*01
b1216dddf22c5d21a554198a4874a00e,test_dataset_8_2,0.3420328008542662,CAWSVWVSGSVGNEQFF,TCRBV30-01,TCRBJ02-01
b15ffa7bcc074fa8c12e6213b88e03f8,test_dataset_8_2,0.6602930948054195,CSVGGWSVGAFF,TCRBV29-01,TCRBJ01-01
b1b351f5c2b8b7064f268e8aa5494bdf,test_dataset_8_2,0.1031783266447997,CASSLDSAQGFYEQYF,TCRBV05-01*01,TCRBJ02-07*01
b29ebf076f046a433814f318421ed07e,test_dataset_8_2,0.2145339052177516,CASSLEIRDLSGNTIYF,TCRBV05-04,TCRBJ01-03
b2e2278e5cb10f0415f1a268bb209205,test_dataset_8_2,0.1534920933301277,CAWSWSWNEQYF,TCRBV30-01,TCRBJ02-07
b31ce7c9b3133cbb8d3c3fb537b832f2,test_dataset_8_2,0.2845508258536503,CASSEQGASSEQYF,TCRBV06-01,TCRBJ02-07
b321d3a460f1c6a4b3c7d98c08639003,test_dataset_8_2,0.1720552203642601,CAWSAGLAGWAGELFF,TCRBV30-01,TCRBJ02-02
b38e378ef5b5077ba98861e14f069a32,test_dataset_8_2,0.1116424401121491,CSVVVTVSYEQYF,TCRBV29-01,TCRBJ02-07*01
b3aa9d7130c2cd389f5eec0b460f840d,test_dataset_8_2,0.1165149496167518,CAWSVIWWDSGWKLFF,TCRBV30-01,TCRBJ01-04
b3ace9562cee305af340269531230b70,test_dataset_8_2,0.1383421387626722,CSVGGWSGGAVGEQFF,TCRBV29-01,TCRBJ02-01
b3aff2931ee4cc8007874f4e966a45e3,test_dataset_8_2,0.3147917895714676,CATDPDRDSRFYEQYF,TCRBV28-01,TCRBJ02-07
b4e147fc5accae61db84fd99109174b7,test_dataset_8_2,0.1207629190813212,CASSLEAQGRYTEAFF,TCRBV05-01*01,TCRBJ01-01*01
b4e21de0c3ad6b04b5d35e95e4530437,test_dataset_8_2,0.1801243894861501,CSVEGEEGEGGEQFF,TCRBV29-01,TCRBJ02-01
b5664d99db3cc0caf7d360007a620381,test_dataset_8_2,0.0927079918014096,CAWSVWGGEQYV,TCRBV30-01,TCRBJ02-07*02
b59561df95b0954744404b4f611bb4fc,test_dataset_8_2,0.1062394360258291,CAWSAGWGWSEAFF,TCRBV30-01,TCRBJ01-01
b59fd1e9348c47d8fc9fec7525e1ba17,test_dataset_8_2,0.1995573945125754,CAWSEGVWSGEQYF,TCRBV30-01,TCRBJ02-07
b5c6300d1629d558811fdc610585545e,test_dataset_8_2,0.0798487603106366,CAWVRGGGVWSGELFF,TCRBV30-01,TCRBJ02-02
b61e9a083522878a6ddfa8efec0dca01,test_dataset_8_2,0.516251019669075,CSARDKEGAGDFWTEAFF,TCRBV20,TCRBJ01-01
b7603b67fd4b79531271c5ec293aede1,test_dataset_8_2,0.217645328892241,CAWPWECY,TCRBV30-01,TCRBJ01-01
b7649b3f078d225a4c0d8e0075a988c0,test_dataset_8_2,0.1460218686249811,CSVVFWWGVEQYF,TCRBV29-01,TCRBJ02-07
b7c66df449d60a0c812f377c9db4a984,test_dataset_8_2,0.1961139421100257,CASSIEEGARFYEQYF,TCRBV19-01,TCRBJ02-07
b7d2c0d8ca5f5696dc6b2fd4d49c69c1,test_dataset_8_2,0.1547562855809283,CSVVVVDINRSDEQYF,TCRBV29-01,TCRBJ02-07
b8ee16808505edb08fca69d33852765a,test_dataset_8_2,0.0762167615702546,CSSSSSSYNEQFF,TCRBV29-01,TCRBJ02-01
b908f56f3b5d43a4770a3ac004518021,test_dataset_8_2,0.0985843562664171,CAWSVWVGAEAFF,TCRBV30-01,TCRBJ01-01
b999f04d7783b22bcb65bdd736e356b6,test_dataset_8_2,0.1410787218904593,CAWSEEWYEGEEEKLFF,TCRBV30-01,TCRBJ01-04
b9e53408c52f53358f0a4137ff2c1d6d,test_dataset_8_2,0.148882416723624,F,TCRBV10-01,TCRBJ01-06
baf395c6bc1f6cfe6d1ccb19346ccc88,test_dataset_8_2,0.1356105474021495,CSVVGDSWVFGYEQYF,TCRBV29-01,TCRBJ02-07
bb167b386e46fa3dc715cef56e401254,test_dataset_8_2,0.0893184998098051,CASSYSYSVCVYEQYF,TCRBV06-05,TCRBJ02-07
bb369d8efae15ee010c516d3cd135a19,test_dataset_8_2,0.0846380649704949,CSVEEQGSVEQYF,TCRBV29-01,TCRBJ02-07
bb8f4800cd9483f34319aa1a614bc5c6,test_dataset_8_2,0.0883628695909497,CSVVVGVSEQYF,TCRBV29-01,TCRBJ02-07
bbc78f5faa63c3d854854f9303ffab4f,test_dataset_8_2,0.2103705917875642,CSVEVVIEGENNEQFF,TCRBV29-01,TCRBJ02-01
bbe29655c7fff9dcf6d53e440162b6b7,test_dataset_8_2,0.1351026002417667,F,TCRBV09-01,TCRBJ02-07
bc27c3ba458702ab76af20f84a727d95,test_dataset_8_2,0.2683772152831895,CSARDWASGRDFYEQYF,TCRBV20,TCRBJ02-07
bc427d5236d941e551de1b2163ce37de,test_dataset_8_2,0.1095413602861512,CAWSWGFGELFF,TCRBV30-01,TCRBJ02-02
bcf55803596f007f392b5ff1a37d1b78,test_dataset_8_2,0.1465971471167153,CAWSVFGVCTF,TCRBV30-01*01,TCRBJ01-02*01
bd3a1fc5a9767d39e756b328810cf446,test_dataset_8_2,0.0957932115334172,CASSYSNMGRWTEAFF,TCRBV06-05,TCRBJ01-01
bd55f4113e9ce64688af10c51e5e8df4,test_dataset_8_2,0.1987213979646565,F,TCRBV29-01,TCRBJ02-02
bd67d0b1e5f5c8e4d820685b425422d8,test_dataset_8_2,0.2360395376305269,CASGLVLGTGDPVAAEAFF,TCRBV12-05,TCRBJ01-01
bdf97be650483a2fbd22a7fcd86a5499,test_dataset_8_2,0.1155474708655556,CASSDPGGAKEPYEQYF,TCRBV02-01,TCRBJ02-07
be0e8032811698bc76f22252208786bc,test_dataset_8_2,0.2204013413692853,CSVEVFGWKVEAFF,TCRBV29-01,TCRBJ01-01
be1d037723a4ee832040ceae466d44e8,test_dataset_8_2,0.0949953785279308,CSVEVTVYNEQFF,TCRBV29-01,TCRBJ02-01
bed39e43199798283e6de38d2661aa45,test_dataset_8_2,0.0938516734841355,CSVVVGREGEQFF,TCRBV29-01,TCRBJ02-01*01
bf76d5b818a6e61599bb6a40a07cb1fe,test_dataset_8_2,0.0965251729495036,CAWYTWGWGYTF,TCRBV30-01,TCRBJ01-02*01
c03093f34a2a5db0fd0849e3b0b3711b,test_dataset_8_2,0.1425609545344146,CSVWFWDEQFF,TCRBV20-01,TCRBJ02-01
c06d38edccf0077fc8ebbbe1e380103d,test_dataset_8_2,0.0771785930592453,CAWSVGWSGELFF,TCRBV30-01*01,TCRBJ02-02*01
c11767e2d9409c5b11a67d52291c9b46,test_dataset_8_2,0.1890000718048231,F,TCRBV29-01,TCRBJ01-01
c1387a65c45752c4d1c97bbdf294eeec,test_dataset_8_2,0.0640179570674059,CACMWAEAFF,TCRBV30-01,TCRBJ01-01*01
c1924e6a3074d91f23ad88f7e8a972f8,test_dataset_8_2,0.308343096430526,CAWSVWVWAEAFF,TCRBV30-01,TCRBJ01-01
c2419d83fa3d43dda32d2b7bc00f1df3,test_dataset_8_2,0.1431020973274355,CASSEAAGAFYEQYF,TCRBV06-04,TCRBJ02-07
c2743cedd2b7cb391b8daa6ac83da549,test_dataset_8_2,0.2581061522504619,CAWMI,TCRBV30-01,TCRBJ01-01
c280e902013d9543107c164eeaa2755c,test_dataset_8_2,0.1792898874452046,CSARDGGLAARWYEQYF,TCRBV20,TCRBJ02-07
c2a9f3f890f028c72d5b408bb0cad46d,test_dataset_8_2,0.1460182641090633,CAWSW,TCRBV30-01,TCRBJ02-04
c2b6aecddd5d3f05b64fa1f91df8df96,test_dataset_8_2,0.1852079512882961,CAWSGWVVWGEQFF,TCRBV30-01,TCRBJ02-01
c35113c7bfbb95d34c53045a9b3b72fc,test_dataset_8_2,0.5136455320559924,CAWFVGWGEAFF,TCRBV30-01,TCRBJ01-01
c39d1aeb314569b4b3c50399226c1ac8,test_dataset_8_2,0.0857102685392383,CSVGVGVGYEQYF,TCRBV29-01,TCRBJ02-07*01
c4cfe375c1ff2225c2fb0c69758b0ba3,test_dataset_8_2,0.1693134956864293,CACVWDRVYEQYF,TCRBV30-01,TCRBJ02-07
c6d374393063f390e84fc7eae5594459,test_dataset_8_2,0.1124289401545423,CASSLVCVQVSSYEQYF,TCRBV12,TCRBJ02-07
c7068ab514ba565164eacf772613a1ab,test_dataset_8_2,0.3319899815764426,CAWSDPWGYGDGYTF,TCRBV30-01,TCRBJ01-02
c75bc0248f9e935385b678ee4c5afd06,test_dataset_8_2,0.1347596007347091,CASSDPWGADLFYEQYF,TCRBV10-02*01,TCRBJ02-07*01
c797b4cd100ea96ec5226a1918412b13,test_dataset_8_2,0.3867376538352248,CAWWAGWGADTEAFF,TCRBV30-01,TCRBJ01-01
c79f5746bc65075628575d540fe847b9,test_dataset_8_2,0.1573711757192659,F,TCRBV27-01,TCRBJ02
c7ba9bab833f328696b7866d4f16ebbf,test_dataset_8_2,0.1375092875252258,CSVCTGVVEQYF,TCRBV29-01,TCRBJ02-07
c7c25cb04d92079f2ef0a1c95cb129bb,test_dataset_8_2,0.1023809175914663,CAWSVTVSVTQYF,TCRBV30-01*01,TCRBJ02-05*01
c880b2061d0bc17081a7230583aee146,test_dataset_8_2,0.1188769424193875,CAWSVGAWGGEQYF,TCRBV30-01,TCRBJ02-07
c8ca4ea474369381072baef556590f0e,test_dataset_8_2,0.1651617092357337,CSARDTGLAADWYEQYF,TCRBV20,TCRBJ02-07
c8d38655e46609a77eebf5965bf6f575,test_dataset_8_2,0.14258852283753,CSARDVAGTVGFYEQYF,TCRBV20,TCRBJ02-07
c8d9cd0cf274a589d122661f1b760d6c,test_dataset_8_2,0.1917741231823056,CSARDFESSRNLYEQYF,TCRBV20,TCRBJ02-07
c9954e49fc432c1f302db2f1472ed839,test_dataset_8_2,0.1889117864082127,CAWSWGWGADEQYF,TCRBV30-01,TCRBJ02-07
c9a7e4634b670a805fba77ea941a98ae,test_dataset_8_2,0.0718913254284719,CAWSVWAETEAFF,TCRBV30-01,TCRBJ01-01
c9a9c849721d2cc7272db9d15795f51f,test_dataset_8_2,0.1008470278969956,CAWSVWGQGSVGQFF,TCRBV30-01,TCRBJ02-01
c9f5eedc67a7f1b74d12fa3305682cdf,test_dataset_8_2,0.1728054694835628,CVGVYGYTF,TCRBV19-01,TCRBJ01-02
ca0e3c8178dac9b2df8eae13497807e6,test_dataset_8_2,0.1670787366477879,CAWSWEENCFF,TCRBV30-01,TCRBJ01-04
ca3b50ffd43b80c072fd066295a286cd,test_dataset_8_2,0.1495755951351205,CASSCGQGVWVCGYTF,TCRBV06-05,TCRBJ01-02
ca6f2125455b4109ef9fb2dc6b295960,test_dataset_8_2,0.4853097644837282,CSACERECVEQFF,TCRBV20-01,TCRBJ02-01
ca9a42e19b4266e4b4cb32745f307565,test_dataset_8_2,0.2445120432346589,CASNCFYRAEAYEQYF,TCRBV23-01,TCRBJ02-07
cb3bc0b8e3d9d72826f133590444cf46,test_dataset_8_2,0.103166316876129,CSARDFDGAADSYEQYF,TCRBV20,TCRBJ02-07
cb6a02a17a5da67f2473d076ec04e6b5,test_dataset_8_2,0.112048630065341,CSARDWRVAGEFYEQYF,TCRBV20,TCRBJ02-07
cb771d38b7d539711d5e3ea06db41696,test_dataset_8_2,0.1199882176580056,CSARDASGTGDFYEQYF,TCRBV20,TCRBJ02-07
cb7efc92e38387b7c888678b4cdf3310,test_dataset_8_2,0.427364173965678,CAWSVWLGGSDEQFF,TCRBV30-01,TCRBJ02-01
cb854ad7fae773bbef3e1806988a60c1,test_dataset_8_2,0.0993593781929799,CASSLEGGREFYEQYF,TCRBV27-01,TCRBJ02-07
cbd432a073f1de6b0c67bb3b6672dae6,test_dataset_8_2,0.1329359804590214,CAWAWEGVDWAFF,TCRBV30-01,TCRBJ01-01
cbdc818036f370a6852932c127b601f0,test_dataset_8_2,0.1348980410484639,CAWGWGGGQVEQYF,TCRBV30-01,TCRBJ02-07
cc8f4567dc31b6e7ada3220276dcb84c,test_dataset_8_2,0.1924170731971887,CSVEWADSVEQFF,TCRBV29-01,TCRBJ02-01
cc98c6f8916c4ab2e99da9236dff6455,test_dataset_8_2,0.1443932927459191,CASSDSSEESSYNEQFF,TCRBV06-04,TCRBJ02-01
cca33d463316743f9f3c4122a8b41ca6,test_dataset_8_2,0.1471060639535222,CASSEEVAGFYEQYF,TCRBV02-01,TCRBJ02-07
ccc65e4774d4df3c9b2df1eda604f07c,test_dataset_8_2,0.1058563551857672,CASSVVGDGNTIYF,TCRBV09-01*01,TCRBJ01-03*01
cd59787470bd4fe76f3eed7af5b8de9f,test_dataset_8_2,0.1794600921991306,F,TCRBV20-01,TCRBJ02-02
cdae11de447fd2a11f97cd0afa84afe1,test_dataset_8_2,0.1125554541738658,CASSEAVGAFYEQYF,TCRBV06-01,TCRBJ02-07
cdded91e7e8cef288032053ce5b11b9e,test_dataset_8_2,0.4332751972048859,CAWSREAWSTEAFF,TCRBV30-01,TCRBJ01-01
ce076c2c75936df9c1bac190aa83003f,test_dataset_8_2,0.1332855479027893,CSARDLDGAEAFF,TCRBV20,TCRBJ01-01
ce11937b85e15ad3a1d49b11151e2588,test_dataset_8_2,0.1245803467750813,CAWYGYWDRGYYGYTF,TCRBV30-01,TCRBJ01-02
ce376033ace4018d9390ed78d4713d84,test_dataset_8_2,0.2011866996949854,F,TCRBV30-01,TCRBJ02-07
cecdc4809641b9a8b45e13e9fdd7a680,test_dataset_8_2,0.1231987327100917,CAWSVWVGGVIGSSGELFF,TCRBV30-01,TCRBJ02-02
cf46bbac1c7e369d6b94404dc76e43d6,test_dataset_8_2,0.1720223006750991,CAWSVCEFCEQFF,TCRBV30-01,TCRBJ02-01
cf5d180d3684cec727147f3cedd49b18,test_dataset_8_2,0.1165314976232584,CAWSVWLAGAEQFF,TCRBV30-01,TCRBJ02-01
d051da95abb8e377521ca11cf7ea5dde,test_dataset_8_2,0.1716760041833943,CSVEVGEGWQEDGRVEAFF,TCRBV29-01,TCRBJ01-01
d0d28b072512959db86b0bd624b5684b,test_dataset_8_2,0.097451831318071,CSVEEAGQFYEQYF,TCRBV29-01,TCRBJ02-07
d1433377b136056bb1881b3825b49967,test_dataset_8_2,0.0926418889542548,CASSVAWGDECTEAFF,TCRBV09-01,TCRBJ01-01
d19d1e608e9c6881a8b3ea88b34a0262,test_dataset_8_2,0.1493891147542752,CAWWWGQGAFF,TCRBV30-01,TCRBJ01-01
d211d9c96343635f3f60787112d88b0e,test_dataset_8_2,0.1243424451166092,CAWSWVWGTEAFF,TCRBV30-01,TCRBJ01-01
d2576daff8ee6cb1f790d89815914148,test_dataset_8_2,0.0867677837080317,CSVVLGWEQYV,TCRBV29-01*01,TCRBJ02-07*02
d2676ced0f3ef1e766a5cb70ea31abad,test_dataset_8_2,0.1333538296401873,CSVVGVGVYGYTF,TCRBV29-01,TCRBJ01-02*01
d2966efb546de464954841e2866ef1fc,test_dataset_8_2,0.181052712345431,CSPF,TCRBV20-01,TCRBJ02-07
d2b6a474f85f0bedc804b81e0b3ed2b0,test_dataset_8_2,0.1159602517107021,CASLKAAMGFYEQYF,TCRBV06,TCRBJ02-07
d2bab466092a4bc90bfabd9e9d97d144,test_dataset_8_2,0.1436175230830224,CASSLEAAGTFYEQYF,TCRBV07-06,TCRBJ02-07
d325c0be6f6cfd4ea1717e97f879a52c,test_dataset_8_2,0.1768663701983544,CAWSVWGAGWGYTF,TCRBV30-01,TCRBJ01-02
d35cb6b6d26e4d3f8476e1646282d38f,test_dataset_8_2,0.1527290288528721,CWFF,TCRBV28-01,TCRBJ02-01
d3f6234e22073675bd88f111b106fc24,test_dataset_8_2,0.2021095697532932,CSVEDLQSTTGFWEQFF,TCRBV29-01,TCRBJ02-01
d41c6a0890adf4b225d0f174599b397f,test_dataset_8_2,0.1542013098623392,CASSQEEAGAFYEQYF,TCRBV04-03,TCRBJ02-07
d44f3cdf03fc53ddfc2b5c2355995f5a,test_dataset_8_2,0.1204128703059508,CASSLGLAVDLDTGELFF,TCRBV12,TCRBJ02-02
d49ba1432894ce530e1459ca34f1da33,test_dataset_8_2,0.2586125240904418,CSARDVAGTKGFYEQYF,TCRBV20,TCRBJ02-07
d4c0741480467c1c4024b5942fb81a94,test_dataset_8_2,0.1416125436954457,CSVVWVWQFF,TCRBV29-01,TCRBJ02-01
d504a39fbbd4bf63a7bb02a0e2219d5b,test_dataset_8_2,0.0839767347068788,CSVGVRGSVDEQFF,TCRBV29-01,TCRBJ02-01
d5376c66f1503af90017632f752779bf,test_dataset_8_2,0.1386995874090484,CAWSGVWGGEQYF,TCRBV30-01,TCRBJ02-07
d5877072c96e12f92d362b809d03ff5d,test_dataset_8_2,0.121984526924877,CAWSPWSVWGEQYF,TCRBV30-01*01,TCRBJ02-07*01
d5c00b10633e9288188a933a5d0d1129,test_dataset_8_2,0.1902794896366023,CASSQDPAGTRGFYEQYF,TCRBV03-01/03-02,TCRBJ02-07
d5e1a57d7914cf6018bcb3d056908fbb,test_dataset_8_2,0.1236225552903189,CSAEWSTGWSTEAFF,TCRBV20,TCRBJ01-01
d5ef1de00bfba7b10cba89fae88f91d4,test_dataset_8_2,0.1196854838519723,CAWSVELAGSGELFF,TCRBV30-01*01,TCRBJ02-02*01
d5f91ac0c46d1b55876fed89044700b3,test_dataset_8_2,0.233604869906233,CSVCVLASEQFF,TCRBV29-01,TCRBJ02-01
d61cac34c01c7971feb041d9237d784c,test_dataset_8_2,0.3589429601577847,CSVCGRESSYEQYF,TCRBV29-01,TCRBJ02-07
d67ce67c39153e9d83a867849fc5625e,test_dataset_8_2,0.0814289705370213,CSVPVCGYEQYF,TCRBV29-01,TCRBJ02-07
d796944555af3c59fd2e22c64796457f,test_dataset_8_2,0.138990422316818,CAISESNGQIWIAATGTSGNNEQFF,TCRBV10-03,TCRBJ02-01
d7b1ba4b0bdad558ffc78849022d53b0,test_dataset_8_2,0.124784142537095,CSVIIGSGNTIYF,TCRBV29-01,TCRBJ01-03
d7f13d0be172071fc059d1b41633184a,test_dataset_8_2,0.6014032933843683,CSARDLAGGEGFYEQYF,TCRBV20,TCRBJ02-07
d8ae876b2859373cd0d3041e0152032a,test_dataset_8_2,0.1654856635483474,CASSVVGDGNTIYF,TCRBV09-01,TCRBJ01-03
d8ddfeae4f4b1ea9c0c0bfd21c8ae763,test_dataset_8_2,0.2342692670333833,F,TCRBV05-01,TCRBJ02-07
d8ffa691f2081f3f8f0824dd52c55823,test_dataset_8_2,0.165021163504909,CAWSVGVVIQEAFF,TCRBV30-01,TCRBJ01-01
d92e9506d8cb71393cc03215987f253e,test_dataset_8_2,0.1422660657896648,CSVVVGVGVDGYTF,TCRBV29-01,TCRBJ01-02*01
d99a4b6b42edaac87b24b11d5091664f,test_dataset_8_2,0.1122103629695638,CSVFTDPF,TCRBV29-01*01,TCRBJ01-04*01
d9b4613d99b5eaf034c1f1e7dc4af4fe,test_dataset_8_2,0.1423044193417759,F,TCRBV27-01,TCRBJ02-07
d9cbbd77e7b0bd00ab7b3bda05354e33,test_dataset_8_2,0.1159631857714691,CSVVGVVLGERDEQYF,TCRBV29-01,TCRBJ02-07
d9ce5ff82f07c3a38f2d07cefcb9a8dd,test_dataset_8_2,0.3134056888854861,CASSEEAGQFYEQYF,TCRBV02-01,TCRBJ02-07
daee8705015f40f870a468a9fabb316c,test_dataset_8_2,0.1167371213819826,CAWMWVSGYTF,TCRBV30-01*02,TCRBJ01-02*01
dc2fb11e91c357b34f3e54451db440e7,test_dataset_8_2,0.1288303939403655,CASSCERVGCEQYF,TCRBV28-01,TCRBJ02-07
dc35e184204d04919c3b80c6db515632,test_dataset_8_2,0.405150421071229,CGPFF,TCRBV12,TCRBJ01-01
dcf7ba3bca416735bb30f4af97e29f1b,test_dataset_8_2,0.1699387981067971,CASVYVSGYEQYF,TCRBV06-05,TCRBJ02-07
dd1752d34f0df3d4c1c8d49ec8fc969c,test_dataset_8_2,0.1075883495054674,CAWEGVGVQHGGWAGELFF,TCRBV30-01*05,TCRBJ02-02*01
dd383e431b8c1d66bff61c0508a52d95,test_dataset_8_2,0.0824508408691731,CASSLRDSVEFYEQYF,TCRBV07-02,TCRBJ02-07*01
dd3add0e8ce28a39f72d26c1cff05b68,test_dataset_8_2,0.1077986473666968,CSVEVGRWGGEAFF,TCRBV29-01,TCRBJ01-01
dd40d085dc5a88feed9546006fa91199,test_dataset_8_2,0.1819535760324399,CASSEQGVSSEQYF,TCRBV06-01,TCRBJ02-07
ddfdc80b013774bba5b426d87e16368c,test_dataset_8_2,0.1199066359425939,CAGWDTYNEQFF,TCRBV07-02,TCRBJ02-01
ddff026265cb1d1e738c98b9813afbe9,test_dataset_8_2,0.1409387245166139,CASSYIMGCVSSYEQYF,TCRBV21-01,TCRBJ02-07
de1b57942c76c270340aee38fd1218cf,test_dataset_8_2,0.1813694924414915,CASSVVGDGNTIYF,TCRBV09-01,TCRBJ01-03
de28a9634565d5d06fffa4ee093824aa,test_dataset_8_2,0.2056174750167236,CASSQDQTAAFYEQYF,TCRBV04-01,TCRBJ02-07
de31d97d87ab3a8d169c8708bcdfcbc5,test_dataset_8_2,0.1110123698203966,CSAAEAQDFYEQYF,TCRBV20,TCRBJ02-07
de88abc8383c1aa6c7f324471222b86d,test_dataset_8_2,0.2102420034790454,CAIKIGEGNTIYF,TCRBV10-03,TCRBJ01-03
df407f4b432acd05041f5a67fdd6b827,test_dataset_8_2,0.1015724150004849,CAWSVGGWSVGYTF,TCRBV30-01,TCRBJ01-02
dfd1bcf815dba9e5aac608b6f9fb19fa,test_dataset_8_2,0.0976680787212535,CASSYQAIGDREAYEQYF,TCRBV06-02/06-03,TCRBJ02-07
dff583ce6013428399a200ed6dad8fcd,test_dataset_8_2,0.1423370465193608,CATSDANKGIGFYEQYF,TCRBV24-01,TCRBJ02-07
e015f4a8bc3fd043390c1b633c6398b7,test_dataset_8_2,0.1545672632506748,CSVVWVMETQYF,TCRBV29-01,TCRBJ02-05
e0577ffc171287562de6c9f1e3180c9b,test_dataset_8_2,0.1256334303715491,CASSLGYEGAWDNEQFF,TCRBV27-01*01,TCRBJ02-01*01
e084a3f29bb476aad93287077ded0131,test_dataset_8_2,0.1155040580421792,CSVEDPNRAAGFYEQYF,TCRBV29-01,TCRBJ02-07
e0b5da824b18c7e8fe4b9951fdd86f31,test_dataset_8_2,0.0810294349050606,CSARVCGVSGLAVSYEQYV,TCRBV20,TCRBJ02-07
e0c4f76cdc0f8c0bc7a70ce811d516e9,test_dataset_8_2,0.1396331385481198,CSVVVVTEAFF,TCRBV29-01,TCRBJ01-01
e0c8f209981e948bd1455c67bd3d163c,test_dataset_8_2,0.2615943230482048,CASADRAGALYEQYF,TCRBV27-01,TCRBJ02-07
e1bfdd3bb026fd3e18efbc36c438f1b5,test_dataset_8_2,0.4291714437209951,CSVVVEVEQYF,TCRBV29-01,TCRBJ02-07
e1cf099af27ca5aa1df01219cd7799f6,test_dataset_8_2,0.139672428110582,CSVVVEWGEQYF,TCRBV29-01,TCRBJ02-07
e1fd7a306a5e5ec64eb5c7098d8853b6,test_dataset_8_2,0.2337658067881096,CSVEVVVDSYSYEQYF,TCRBV29-01,TCRBJ02-07
e29305761eb073be662b85f159817ca1,test_dataset_8_2,0.1680287125166908,CASSYNGQGTSSYNEQFF,TCRBV04-02,TCRBJ02-01
e2fcd220ef3c5eef9d8430b0ed696216,test_dataset_8_2,0.2181336640837058,CATSDLHESTGFYEQYF,TCRBV24-01,TCRBJ02-07
e3136c8720c1caf5d4d762e79d78147b,test_dataset_8_2,0.0830844928789561,CAWSVWSWGNEQFF,TCRBV30-01,TCRBJ02-01*01
e3e05f630ee210b80bde0d78f24d9792,test_dataset_8_2,0.113111837133222,F,TCRBV09-01,TCRBJ02-07
e42d1e448712f468e1cba5837107d7db,test_dataset_8_2,0.1048254068698714,CASSYSKVGRYTEAFF,TCRBV06-02/06-03,TCRBJ01-01
e45ca39fb0c4b74668974a8a29a34d44,test_dataset_8_2,0.1155806147467399,CASSPEGVAEFYEQYF,TCRBV27-01,TCRBJ02-07
e481e3ba4a0cd6b5e06fa5197255cace,test_dataset_8_2,0.1208739261558757,CASSNRDPQQAREFYEQYF,TCRBV21-01*01,TCRBJ02-07*01
e4c3c7b48cc5ddd88e5d26df7af68688,test_dataset_8_2,0.1188879431887211,CAPF,TCRBV27-01*01,TCRBJ01-04*01
e4c56f2108584929c5a7829131b8cb0a,test_dataset_8_2,0.1718894774132018,CASSQDEAGGWYEQYF,TCRBV03-01/03-02,TCRBJ02-07
e4f7c4ccb64fdb1c0258198d573c8315,test_dataset_8_2,0.062404093498815,CAWSVLVFGVWTEAFF,TCRBV30-01,TCRBJ01-01
e57544b9e9d9c2d66fc5ea3cc54c7b21,test_dataset_8_2,0.1119341281397544,CSVVVVYEQYF,TCRBV29-01,TCRBJ02-07
e58cd1a04faa861884259a8a81cb18ca,test_dataset_8_2,0.211786346295166,CAIMGIGTGLINTGELFF,TCRBV10-03*01,TCRBJ02-02*01
e5a2259b8b5ce89493ee8c35a23efb66,test_dataset_8_2,0.1442541128205755,F,TCRBV20-01,TCRBJ02-02
e5e3884373e3fba02d0f60fa74f156de,test_dataset_8_2,0.1510844267418342,CSVEDPDRAYEQYF,TCRBV29-01,TCRBJ02-07
e611a30676df97872f2acfc7ef6c0926,test_dataset_8_2,0.1026614349456002,CSVVVVAYEQYF,TCRBV29-01,TCRBJ02-07*01
e62dfd5d7059b990ea6c6473970cd28e,test_dataset_8_2,0.1599567517497442,CAWSVWWGEGHEQYF,TCRBV30-01,TCRBJ02-07
e7226c6ecbeb8e08c8d97f187320596b,test_dataset_8_2,0.0820568192368909,CSVWGVGVGSYEQYF,TCRBV20,TCRBJ02-07*01
e7f82d213058c6af97bc57953c2e7198,test_dataset_8_2,0.1970621254122439,CASSVVGDGNTIYF,TCRBV09-01,TCRBJ01-03
e8b36a7b7c9b7bc1975245d663ab8ffc,test_dataset_8_2,0.1531457680494408,CAWSVGVWAFF,TCRBV30-01,TCRBJ01-01
e8c017883b6afc9914b7e01f3fcb0594,test_dataset_8_2,0.1223361569231033,CASSYAKSGNWEETQYF,TCRBV06,TCRBJ02-05
e8d458f7fe53215a8556c11e18090195,test_dataset_8_2,0.1013296853293728,CASSLEGDRAFYEQYF,TCRBV13-01,TCRBJ02-07
e8dbf9d57a46798125868d30da20b18c,test_dataset_8_2,0.4769869497961166,CATKQPGQGACSHCGYTF,TCRBV24-01,TCRBJ01-02
e8f54dc23bae4ca2a0047c9b25942482,test_dataset_8_2,0.1367703396194492,CSVEDPGGSRKSYEQFF,TCRBV29-01,TCRBJ02-01
e9129a0b161c30bfa6c2f1f251c309e5,test_dataset_8_2,0.1485765535830675,CASSLEGMGRYTEAFF,TCRBV05-06,TCRBJ01-01
e9f0dc541a1d2b35be7a86fa7d9978e3,test_dataset_8_2,0.1292005896021857,CSARDLDGTEAFF,TCRBV20,TCRBJ01-01
ea2944ec07aeee50ae3a284c71549a9c,test_dataset_8_2,0.1270112533121953,CAWWVGTEAFF,TCRBV30-01,TCRBJ01-01
ea637bb9022308023ffc1cdd1714bd0c,test_dataset_8_2,0.1616640694121778,CAWSVWGVVETQYF,TCRBV30-01,TCRBJ02-05
eab0f028616c4a55bfd1c3a98391d9cf,test_dataset_8_2,0.2242811723208167,CAWCCPSFF,TCRBV30-01,TCRBJ02-01
eb578c68c6e840808e6c45b4c09c28cb,test_dataset_8_2,0.108386695136562,CAWSVGLAGSVEQFF,TCRBV30-01,TCRBJ02-01
eb6e0185f6707c356ece6b2c068026a8,test_dataset_8_2,0.160783546960594,CASSESSDSDYEQYF,TCRBV10-01*03,TCRBJ02-07*01
ebdd30f6de9c2773dc4bae0e0c2282e8,test_dataset_8_2,0.1172183711318747,CAISDPGLAGPFYEQYF,TCRBV10-03*01,TCRBJ02-07*01
ebeb67b45d61e02794fa0abd235c9bb2,test_dataset_8_2,0.0885043117973431,F,TCRBV20-01,TCRBJ02-01
ec4655b158aadc9b5a5dbeb91aafe03d,test_dataset_8_2,0.1017276989561497,CSARDLKGAGVFYEQYF,TCRBV20,TCRBJ02-07
ecaf82a2cf151d66ddf23f01aafcb9f1,test_dataset_8_2,0.1213344597192881,CSVEGWVWREAFF,TCRBV29-01,TCRBJ01-01
ed36694dcf6283c0a2c41c047bcf76cb,test_dataset_8_2,0.0782424420747367,CASGLVLLELNTGELFF,TCRBV12-05,TCRBJ02-02
ed7579ec87aede40ea322ef031a30ae0,test_dataset_8_2,0.1957875755174482,CSVGVGVWEQYF,TCRBV29-01,TCRBJ02-07
ee13866e43c60e1309fd814e991497af,test_dataset_8_2,0.1110193683475239,CASSLEDSGAFYEQYF,TCRBV05-04,TCRBJ02-07
eea4c4297b9faeb601816621c86dbc17,test_dataset_8_2,0.145594723425099,CASSAEVERAKEFYGYTF,TCRBV07-07,TCRBJ01-02
ef4e0e8c843b6ed91837687145e78f67,test_dataset_8_2,0.1425351012814694,CASSYSRAGRYTEAFF,TCRBV06-05,TCRBJ01-01
ef59a090ba5264e3371c970c85c60434,test_dataset_8_2,0.1839597271380835,CAISESARRFYEQYF,TCRBV10-03,TCRBJ02-07
f0051b7cedd184a5a6c41bce3f343163,test_dataset_8_2,0.3376326775779011,CSVEALWGVGSIEAFF,TCRBV29-01,TCRBJ01-01
f03fe27619f7d0aa4d53d3ddd03bb40d,test_dataset_8_2,0.1066414559906122,CASSLEATRGFYEQYV,TCRBV05-06,TCRBJ02-07
f04d9e21b34d9ec59fd62ba1e904e6c1,test_dataset_8_2,0.1046890883428843,CSVEVWEGSEQYF,TCRBV29-01,TCRBJ02-07*01
f076a0641a1aef4918e16f1398be8019,test_dataset_8_2,0.1432956247720234,CASSLEGEVKFYEQYF,TCRBV05-01*01,TCRBJ02-07*01
f09d39105635e88e2862ce132fb47d0a,test_dataset_8_2,0.1701375752092596,CASTDDGTVYGYTF,TCRBV06,TCRBJ01-02
f09fe5501e62701575a0a1cfd5e50647,test_dataset_8_2,0.1633438236913529,CSVVVWGYGTF,TCRBV29-01,TCRBJ01-02
f0cbafac22fe33409c3d1dc44127427c,test_dataset_8_2,0.143923687752006,CASSLESTERFYEQYF,TCRBV05-01,TCRBJ02-07
f10d281b73e3a6ebb239ac2199202fdf,test_dataset_8_2,0.1188322519667736,CASSPDVAGAFYEQYF,TCRBV05-05,TCRBJ02-07
f1412d8cfd43832c406deb626229a962,test_dataset_8_2,0.1145928138959819,CASNHDRDREFYEQYF,TCRBV06-04,TCRBJ02-07
f179493e8a6b1e54c64159798910b0e7,test_dataset_8_2,0.141034346343199,F,TCRBV07-04,TCRBJ02-01
f21763206cbe9934ef04c7343bb591a0,test_dataset_8_2,0.1371418754599104,CSARDPELGEGFYEQYF,TCRBV20,TCRBJ02-07
f2a72be45cdbcc9065eedfc04ada7d8c,test_dataset_8_2,0.1313575298284597,CAWSCDRVCMNTEAFF,TCRBV30-01,TCRBJ01-01*01
f2a8d49f0d3091434855fc3e44edf10e,test_dataset_8_2,0.1103582907898597,CCPWGYF,TCRBV07-07*01,TCRBJ02-07*01
f2c5fbfb0365cc97dfd2c23c7fe36a45,test_dataset_8_2,0.2085556223241046,CASSVVVSVDSVQETQYF,TCRBV06-01,TCRBJ02-05
f2fbf13ff7fc5c9f3fab31e9a0839481,test_dataset_8_2,0.1516170474899277,CSVLVWGYGVLEQYF,TCRBV20,TCRBJ02-07
f38f907e069bd153e19896ec907b842c,test_dataset_8_2,0.1193993033719585,CAWSVWGFF,TCRBV30-01*02,TCRBJ01-01*01
f3e2a84c0669a1eae413c7b7d7c6d0f7,test_dataset_8_2,0.1271775227079579,CASSLGGASGSVVTQYF,TCRBV05-04,TCRBJ02-03
f3ee5696754a291b82bc866fb854cd90,test_dataset_8_2,0.1915704975762856,CASSDQAGDFYEQYF,TCRBV06-01,TCRBJ02-07
f3f27ffb28db52e352746ba79128245a,test_dataset_8_2,0.1757074814530641,CASERECDEQYF,TCRBV19-01,TCRBJ02-07
f3f6f43242cbecbebb31d44e470e2611,test_dataset_8_2,0.2273253563452698,CAWSVVEWGDEQFF,TCRBV30-01,TCRBJ02-01
f412bbc88a03e3baf047b6c785e14964,test_dataset_8_2,0.0988590318137145,CASSQDVWSFGGVLF,TCRBV04-03*01,TCRBJ01-02*01
f49d1bfd47a297642ba18b29a375263f,test_dataset_8_2,0.158332473197401,CSVEVVSVRVF,TCRBV29-01,TCRBJ01-04
f515fa985934f98e81f2d5e45b569876,test_dataset_8_2,0.1315796251345629,CASSDPSEGLQFYEQYF,TCRBV06-01,TCRBJ02-07
f55837dee391a9d100805219138f3f29,test_dataset_8_2,0.1906478312868418,CSVSVWLSVHEQFF,TCRBV29-01,TCRBJ02-01*01
f6107a682e885b0ae009f3044ddcbc58,test_dataset_8_2,0.117768353280082,CASAVIGSGNTIYF,TCRBV02-01,TCRBJ01-03*01
f627425671683690981a56d212a58459,test_dataset_8_2,0.2491085196133532,CAWSVVGVGWAFF,TCRBV30-01,TCRBJ01-01
f637f23367132aa643557a0767ea1179,test_dataset_8_2,0.1132227865720142,CSVEVGVEEYGYTF,TCRBV29-01,TCRBJ01-02
f65348a1057433bf2324f5f3d32f46a4,test_dataset_8_2,0.1365799839185444,CSVVVVTGSEQYF,TCRBV29-01,TCRBJ02-07
f656f4bd109af6859cb3ab98c593d786,test_dataset_8_2,0.1585733757502149,CATSDSREAEGFYEQYF,TCRBV24-01,TCRBJ02-07
f665f4f1636e857147818a0798007b97,test_dataset_8_2,0.1751507918866157,CASSDLKGQRDFYEQYF,TCRBV11-02,TCRBJ02-07
f6c87ab44279b169a6e9759c1a5815fa,test_dataset_8_2,0.0818497011413537,CASSDAVASRSFYEQYF,TCRBV06-01*01,TCRBJ02-07*01
f6e6b01666d12d61cff3284becc64ea3,test_dataset_8_2,0.3754747891136116,CSVWGGVFMVEQYF,TCRBV29-01,TCRBJ02-03
f70b847b0db2f498e4aba32d751388ae,test_dataset_8_2,0.1631018594219156,CASSKAEAVIGGTFSSACTDTQYF,TCRBV21-01,TCRBJ02-03
f7bc7e208c34a44d3cf26c5011d56ad0,test_dataset_8_2,0.1472862988599599,CAWSVVLWVGYTF,TCRBV30-01,TCRBJ01-02
f7cacbca9cd125ba338a4eccf51783f9,test_dataset_8_2,0.1024951908343514,CATSDLGLAVGYYEQYF,TCRBV24-01*01,TCRBJ02-07*01
f859ef47561d70938cea5c045be4f7ea,test_dataset_8_2,0.1301629368187991,CSVVVWEYNEQFF,TCRBV29-01,TCRBJ02-01
f8a926b6d39bf9b248c13e7f9d3b20dd,test_dataset_8_2,0.5339898732503057,CASSEWGHARDFYEQYF,TCRBV06-01,TCRBJ02-07
f95dd47646a65a7ba3c954553bd3564c,test_dataset_8_2,0.1896998653441921,CSVDGLCVGECAYEQYF,TCRBV29-01,TCRBJ02-07
fa12eea968271697898918848504adfe,test_dataset_8_2,0.118626403212186,CCCGVF,TCRBV05-01,TCRBJ02-01
fa82d8032f8c9ae7d01839485e56a88b,test_dataset_8_2,0.1461989368918146,CASSLEAAVPFYEQYF,TCRBV05-01*01,TCRBJ02-07*01
faff30f71268de0406c1dbe301b5bcdb,test_dataset_8_2,0.200498022825788,CVCVGSHRAFF,TCRBV28-01,TCRBJ01-01
fb456a734ca12d0d7179a7664fe8c817,test_dataset_8_2,0.1358504292968577,CATSDLDRNRGLYEQYF,TCRBV24-01,TCRBJ02-07
fb64e7732d6ff143205e54f614bcd9cd,test_dataset_8_2,0.1389019719058239,CASSQEWRELYEQYF,TCRBV04-01,TCRBJ02-07
fb6d341c2a3e61e8777b03bd7b6da107,test_dataset_8_2,0.3105712186522233,CSVEVGAGNTIYF,TCRBV29-01,TCRBJ01-03
fb749155609beab2adaac04f65ead972,test_dataset_8_2,0.1050340743343119,CASSLEASTKFYEQYF,TCRBV11-02,TCRBJ02-07*01
fb7594c1579155fd2c9491691dfa19b3,test_dataset_8_2,0.0898036271279512,CASTSDGQATANFYEQYF,TCRBV10-01,TCRBJ02-07*01
fb7bdd5aa2908d504f500db14c25642c,test_dataset_8_2,0.2300612726185499,CTPF,TCRBV20-01,TCRBJ02-06
fc2a5dd6a1adfe013d5902fbf6d646d3,test_dataset_8_2,0.1253905406141603,CAWSVGVWMDEQYF,TCRBV30-01,TCRBJ02-07
fcb6162190ae86cce9a2ac7c2034056c,test_dataset_8_2,0.1991763491707243,CVGGWCYEQYF,TCRBV19-01,TCRBJ02-07
fcecbc4f6f3e3e0380f590fae1285279,test_dataset_8_2,0.0961781124074332,CAWSVVGWGTEAFF,TCRBV30-01,TCRBJ01-01
fcfd840e6cc6ce7e8acd9191efd44ab7,test_dataset_8_2,0.1927962901768772,CAWSVQVVGVGWETQYF,TCRBV30-01,TCRBJ02-05
fd7bb1bad869d5f122f17589586b090d,test_dataset_8_2,0.0973868448345213,CAWSLGVVNTEAFF,TCRBV30-01,TCRBJ01-01
fe8b8bc7080f52fa248a391bea69c255,test_dataset_8_2,0.195364554392255,CASSVQVGDGANVLTF,TCRBV09-01,TCRBJ02-06
fee7b0f8c718154e7079b405813f97ba,test_dataset_8_2,0.0833967041079209,CASELAGARPLYEQYF,TCRBV09-01*01,TCRBJ02-07*01
ff6b6ae91a23f5b0561ac200af006d89,test_dataset_8_2,0.1021867652540937,CASSFDGTRKFYEQYF,TCRBV05-04*01,TCRBJ02-07*01
015060ef2a4871165dc3678f9c7ae2d3,test_dataset_8_3,0.5708283061561572,CASSPEVAQGFYEQYF,TCRBV04-01,TCRBJ02-07
01b264d86252c5fab52e594d2a3d10cd,test_dataset_8_3,0.741421094360569,CSVLVWDRDPNGQETQYF,TCRBV29-01,TCRBJ02-05
01ee7426b528d6fb90fc09d1e1aa7e34,test_dataset_8_3,0.6231023648383124,CSVVWVGAFF,TCRBV29-01,TCRBJ01-01
01ff1f6558ee3e3418b89d0bd43c636a,test_dataset_8_3,0.5245758666759727,CATSDLWASGRFYEQYF,TCRBV24-01,TCRBJ02-07
044246f44058036accc631019a9ea25d,test_dataset_8_3,0.2246109868423703,CAWSVWFF,TCRBV30-01,TCRBJ02-01
0576ef6860e73ab398e904dea993f1a1,test_dataset_8_3,0.1281089777022425,CAWRVWV,TCRBV30-01,TCRBJ01-05
071178f19c40c99263839f7b45af5520,test_dataset_8_3,0.4542957602197692,CASSLDEAGGFYEQYF,TCRBV07-02,TCRBJ02-07
0788319148d2d181f68696c521d4010f,test_dataset_8_3,0.5615577431321948,CAWWYGGGYGYTF,TCRBV30-01,TCRBJ01-02
084a9afe02edbb225eb975992d3f511f,test_dataset_8_3,0.6739504849349464,F,TCRBV09-01,TCRBJ01-02
08af9409a104199a161ea73944c08e4b,test_dataset_8_3,0.4464841058680844,CASSQDPSGAATFYEQYF,TCRBV03-01/03-02,TCRBJ02-07
08e4b88329ad2c8037a97f9c4f5d00ba,test_dataset_8_3,0.1102009607450188,F,TCRBV09-01,TCRBJ01-01
0a0ef757f7b3aecb9f37e7b82206090e,test_dataset_8_3,0.6628506090958753,CASSEESARFYEQYF,TCRBV02-01,TCRBJ02-07
0a2d6a7482f8a5bfcb7e0d2372c3ac8d,test_dataset_8_3,0.5628729332135666,CAWSAGVWGVGVNEQFF,TCRBV30-01,TCRBJ02-01
0a35a544d65bac5cadf8eff1c3dc1a3a,test_dataset_8_3,0.4789660146015022,CASSLDLDGQKGFYEQYF,TCRBV05-04,TCRBJ02-07
0a51f54b09ed13903951111f0b2fb07c,test_dataset_8_3,0.6137744476901699,CSARDPDRAGENYEQYF,TCRBV20,TCRBJ02-07
0ab094f81a2455a4e3a82282d236b29a,test_dataset_8_3,0.2756204561962646,CASSVDPAGAFYEQYF,TCRBV09-01,TCRBJ02-07
0b666cbd48b38b82e160e01197eb9de7,test_dataset_8_3,0.6909167225821919,CSARVADLDSAEAFF,TCRBV20,TCRBJ01-01
0c1a96685a3c6115e217de3d4b322327,test_dataset_8_3,0.4476156751102975,CASSEVVASRNFYEQYF,TCRBV06-01,TCRBJ02-07
0ce01de0a8ed6cfc92c393e752dad9cd,test_dataset_8_3,0.2751703573976962,CSVGEWGSVWNEQFF,TCRBV29-01,TCRBJ02-01
0db9b7cb61abd43aac6cf7ca6da0c955,test_dataset_8_3,0.0910901495862642,CSVEVEGGTGCFF,TCRBV29-01,TCRBJ02-01
0dd1970366ba784ff90baf17f432101f,test_dataset_8_3,0.5136268346786698,CASSQDGIVRVCDVEQYF,TCRBV03-01/03-02,TCRBJ02-07
0ea220c27be14aeda2501925b0edd435,test_dataset_8_3,0.1508531295352906,CSVVWWVGVGEQFF,TCRBV29-01,TCRBJ02-01
0eab130f10a1d5d5d79086491e6d6240,test_dataset_8_3,0.5311513918215174,CAITVGDFESTEAFF,TCRBV10-03,TCRBJ01-01
0f67bd5fdb06ae282b51803064ad3942,test_dataset_8_3,0.5919818087422699,CSVEEFYEQYF,TCRBV29-01,TCRBJ02-07
0fc3008bfbb26edaf39974b67ba51dc1,test_dataset_8_3,0.344897624007319,F,TCRBV30-01,TCRBJ02-07
10192f06bdcdcc852f890d2d53ddc4fd,test_dataset_8_3,0.5310926386494955,F,TCRBV20-01,TCRBJ02-02
102d7af3c9401a386a9cabfd2c804f85,test_dataset_8_3,0.6965852113317169,CSVEDPEGAYEQYF,TCRBV29-01,TCRBJ02-07
117fb667a8c5c8c3a731d71183411db9,test_dataset_8_3,0.557978301130448,CAISDPEGTEAFF,TCRBV10-03,TCRBJ01-01
12545bed2d6cbc4f272cd9f3aa5b170e,test_dataset_8_3,0.2819065079731023,CASSADDPGLAGKWYNEQFF,TCRBV25,TCRBJ02-01
1429c78843d272454938271a33ffb532,test_dataset_8_3,0.6417621712863626,CATDDPDRASRFNEQFF,TCRBV10-03,TCRBJ02-01
1455b70aa37612a332efede809b17811,test_dataset_8_3,0.1146963520947937,CAWIWGQRDSSWVWAFF,TCRBV30-01,TCRBJ01-01
1594f7e6b741727a9ef04ac53ab0ce33,test_dataset_8_3,0.1499453676277287,CAWSYSVWGGWSYGYTF,TCRBV30-01,TCRBJ01-02
15e3e64e12d1ea6ef7eec7f34e1a25ff,test_dataset_8_3,0.2469781929608389,CAISEYQDRDAYEQYF,TCRBV10-03,TCRBJ02-07
1707368bd13cabc433fd6c1d0064856a,test_dataset_8_3,0.5892083821516597,F,TCRBV27-01,TCRBJ02-07
171d9d7b6107eedd6030309e2779eb4a,test_dataset_8_3,0.1465496112591108,CASGFPVPGLAGARSFYEQYF,TCRBV12-05,TCRBJ02-07
17c9b40a4e3db52070641b7715629373,test_dataset_8_3,0.224810700213061,CAWDGAWGEQFF,TCRBV30-01,TCRBJ02-01
18e821d174572ff62644ed53315444a5,test_dataset_8_3,0.3644093280705083,CAWSVGWAGGNEQFF,TCRBV30-01,TCRBJ02-01
1a3e13f58168d8d4182f2ac0d0b96f1d,test_dataset_8_3,0.3951959612623572,CAWSVWLAGVWDEQFF,TCRBV30-01,TCRBJ02-01
1a7409689ae1dac2f2be6ac2579019c6,test_dataset_8_3,0.1396962925320144,CAWVVGYGYGYTF,TCRBV30-01,TCRBJ01-02
1acb929e11bf2a48eea08b6e6111aedd,test_dataset_8_3,0.4152726075946712,CAISDPDRALSDYEQYF,TCRBV10-03,TCRBJ02-07
1ae1957e832953431c0f69563caad43e,test_dataset_8_3,0.4538898145325008,CSALQTVDLSGYTF,TCRBV20,TCRBJ01-02
1b8eb289bc9190baa612f6c429588a11,test_dataset_8_3,0.1265534703346102,CEEERDREEDREVDEQFF,TCRBV21-01,TCRBJ02-01
1bfe27072217c87ee6ba772862a3d6a1,test_dataset_8_3,0.1451358873215836,CASSVSAVRDIKITGNTIYF,TCRBV02-01,TCRBJ01-03
1c0f1e1199396bc5fa47cd082730e68e,test_dataset_8_3,0.6887247218701491,CATSEPDLAEPFYEQYF,TCRBV15-01,TCRBJ02-07
1c403de4d65628e3bb2e1a97d929c081,test_dataset_8_3,0.4947152661230197,CASSVAVSVWGYVCEQYF,TCRBV09-01,TCRBJ02-07
1c6d4e55b697ba949fa4d8238694a8fd,test_dataset_8_3,0.2213247104788095,CSVVWGVWNEQFF,TCRBV29-01,TCRBJ02-01
1c821d45af5a225a3d032bff892b7048,test_dataset_8_3,0.4777867882968019,CASWGVGWVGEQFF,TCRBV27-01,TCRBJ02-01
1c9bb1bcea2e349bf88287411ab4f1ef,test_dataset_8_3,0.2306120680245656,CAWSVWAGGAGELFF,TCRBV30-01,TCRBJ02-02
1d01120fdb7c48b3452e44fe0bb02a5a,test_dataset_8_3,0.1838625842972375,CSVEDPDAQGAYYEQYF,TCRBV29-01,TCRBJ02-07
1db49dd0af580e50075f6d3a3b2ab7df,test_dataset_8_3,0.2307943369039617,CAWSVWAGEYGAWVNEQFF,TCRBV30-01,TCRBJ02-01
1f24a127a3d7876a1dd057204a6d7c63,test_dataset_8_3,0.416089319753864,CSVETWSDGTLTGTWYEQYF,TCRBV29-01,TCRBJ02-07
203f82675780a0c6e415b17d6237d68e,test_dataset_8_3,0.5252696831441944,CASSLDEAGAFYEQYF,TCRBV07-02,TCRBJ02-07
2140e61e531423ca326111a95a95448f,test_dataset_8_3,0.1885029548037108,CASSPEGAGAFYEQYF,TCRBV09-01,TCRBJ02-07
21717160f868ac63cd3b88b8c79ae979,test_dataset_8_3,0.5408724562938554,CSVVCTGACMYGYTF,TCRBV29-01,TCRBJ01-02
218f01357dedd0c8ab654cb6adb2d4a2,test_dataset_8_3,0.1144655879103666,CAWSWSWGNEQFF,TCRBV30-01,TCRBJ02-01
229a9e319916769b590b16a8593e817c,test_dataset_8_3,0.4833014770560709,CASSQDGVRDFYEQYF,TCRBV04-01,TCRBJ02-07
23e594dc45887332a5dd53d1869d13fa,test_dataset_8_3,0.64530500789745,CASSESEDEDEQFF,TCRBV06-04,TCRBJ02-01
24101a7a9f3b2c9c6e2be4a8020dfb88,test_dataset_8_3,0.1818147821924385,CAWSVVGWGVGQYF,TCRBV30-01,TCRBJ02-03
24fe8e44b95592de4a004d1e3b66a734,test_dataset_8_3,0.4693959838331659,CASSLEEGLRFYEQYF,TCRBV11,TCRBJ02-07
2565d7f189e6cafd95e2c326d4797747,test_dataset_8_3,0.3144836308005126,CSARDSSGARTFYEQYF,TCRBV20,TCRBJ02-07
26c92ab2ed8d41ba82ef09fe0ae9d338,test_dataset_8_3,0.180114415310398,CASSLAEGTEFYEQYF,TCRBV07-08,TCRBJ02-07
27bd58ebdf7e7fb1839cb9f45795a78f,test_dataset_8_3,0.6034864524193253,CASSDLEASGSHYEQFF,TCRBV07-09,TCRBJ02-01
27e200943de541c5fdc4d9bce5d8857c,test_dataset_8_3,0.5397935635601542,CASSQDLEGAVDGYTEAFF,TCRBV04-02,TCRBJ01-01
282b193eefc8e0180c9bdd4045453c64,test_dataset_8_3,0.0978513228897249,CSVVVGDGNTIYF,TCRBV29-01,TCRBJ01-03
289c8e9f628367d67e927ef908d01149,test_dataset_8_3,0.381144468950975,CASSDAETSGRWYEQYF,TCRBV11,TCRBJ02-07
29914dc5544091114b43878b975e6794,test_dataset_8_3,0.1789220135387242,CASSLNQAGEFYEQYF,TCRBV07-09,TCRBJ02-07
29fdc454a25167d19ebf2f27cb0c6d9e,test_dataset_8_3,0.1713688711967018,CSVEWWDSVEETQYF,TCRBV29-01,TCRBJ02-05
2a1697f7c7beeb3b4b560df407434505,test_dataset_8_3,0.3523531117348221,CSVEWEWSEAFF,TCRBV29-01,TCRBJ01-01
2b91b469351af44ea6f0e67b988d9d4a,test_dataset_8_3,0.4987688393003336,CASSVCSVECSYNEQFF,TCRBV09-01,TCRBJ02-01
2be7b0005a84f51fe551474ea89cf1d6,test_dataset_8_3,0.0995846676140525,CVGFGGEVWSEQFF,TCRBV07,TCRBJ02-01
2c2cf2376143472fb810964a12c7071e,test_dataset_8_3,0.2753666865219493,CASSKDVDRGEHFYEQYF,TCRBV21-01,TCRBJ02-07
2ce5e71a0e552d52f35d94fed1692287,test_dataset_8_3,0.3591829344653772,CASSECADWCWSVAISGELFF,TCRBV25,TCRBJ02-02
2e1fcba026947cd1cfdf9d638c8ad093,test_dataset_8_3,0.180288786029668,CASSLERLDVSGNTIYF,TCRBV11-03,TCRBJ01-03
3014a0b8f4f48ed0a7afe0e2f416e8b7,test_dataset_8_3,0.1558894500155969,F,TCRBV05-01,TCRBJ01-02
303cdb2ba5f5518229f74caabe6201a1,test_dataset_8_3,0.6385472644646749,CSARDWAGDRGFYEQYF,TCRBV20,TCRBJ02-07
3044a8240aafb03d01a1bef80f411da3,test_dataset_8_3,0.2542814966905727,CASSPNGDYLACSYEQYF,TCRBV21-01,TCRBJ02-07
304789c8b306c2abef7416bd39fd9cc5,test_dataset_8_3,0.4145615881837131,CAISDLDERGEFYEQYF,TCRBV10-03,TCRBJ02-07
320f31ff1c9ce235237365f5117409a8,test_dataset_8_3,0.7166554452066252,CSASEIADSRDWYEQYF,TCRBV20-01,TCRBJ02-07
32294f6ff42461a9d032c8636d59fc81,test_dataset_8_3,0.5049969171134124,CASSDFIAAKQHYEQYF,TCRBV06-01,TCRBJ02-07
328e957a46266257b79c1c55d1010acb,test_dataset_8_3,0.4818539015505034,CSVEDEENARGLYEQYF,TCRBV29-01,TCRBJ02-07
329dd7b4031bc7b8081e0b7325208cb8,test_dataset_8_3,0.1459106021584871,CAWSVGWVRSVEQYF,TCRBV30-01,TCRBJ02-07
336ab48f12dac638a4a3e82d3592611f,test_dataset_8_3,0.2507421145998942,CSVVVGIVVIETQYF,TCRBV29-01,TCRBJ02-05
338e1bc60d59348a2722c5febd8d7348,test_dataset_8_3,0.378473219152187,CATSDFNREQGFYEQYF,TCRBV24-01,TCRBJ02-07
34c5ccd0f19c5d137fd62f834e1d1520,test_dataset_8_3,0.3819411672515834,CAISDWSGTVMNTEAFF,TCRBV10-03,TCRBJ01-01
350de1231020069066ff82f6dbb10247,test_dataset_8_3,0.5318635867389376,CASSQDAAGEFYEQYF,TCRBV04-01,TCRBJ02-07
352612d90ee005b7cc319de32e3d06ca,test_dataset_8_3,0.6432298401049469,CAWSAGPWSAEAFF,TCRBV30-01,TCRBJ01-01
35dcef4c3dac9f70bd6dfc18ad0e39ac,test_dataset_8_3,0.4053430822441668,CASSVDPGLAGEFYEQFF,TCRBV09-01,TCRBJ02-01
35fe20cb35804af416520c5531b43065,test_dataset_8_3,0.1558345274885299,CAWSVQVWGYEQYV,TCRBV30-01,TCRBJ02-07
366e450f0bbe3055f7b08a900dac46d8,test_dataset_8_3,0.0744355583293305,CAWSVVGVCDTQYF,TCRBV30-01,TCRBJ02-03
36d39945c12307ea6b3f59ff7fc29c19,test_dataset_8_3,0.1299031799831098,CATSDLEPAGELYTQYF,TCRBV24-01,TCRBJ02-03
378dfce26b087ff437c82f6b5977a132,test_dataset_8_3,0.1671224250962477,CASSQDEAGGWYEQFF,TCRBV04-03,TCRBJ02-01
37c67cf45126b6fdf6e6654dd7e4dced,test_dataset_8_3,0.3398755107321516,CASSIEVAAEFYEQYF,TCRBV19-01,TCRBJ02-07
384dc117aaa0109adc50331bcd6ef61e,test_dataset_8_3,0.2086999027437708,CSAHDYDRDGRPEAFF,TCRBV20,TCRBJ01-01
393c01ed410fbc7eb01e5366a162f61b,test_dataset_8_3,0.2899623710141502,CSVVVVEGRVRNEQYF,TCRBV29-01,TCRBJ02-07
3952d07b0919b73acca2592252b237f4,test_dataset_8_3,0.5791685600360196,CATSDLELAEKPYEQYF,TCRBV24-01,TCRBJ02-07
39e3d95115853c15257e279baa6bcc37,test_dataset_8_3,0.1325150297470074,CVCEQYF,TCRBV02-01,TCRBJ02-07
3a79688ffb7ce84073c1cdfda1ae4c52,test_dataset_8_3,0.2250325038623205,CASSCVSVDESSYEQYV,TCRBV12,TCRBJ02-07
3ba55273f53c1ace98c752cbbdf260d4,test_dataset_8_3,0.1443789371915776,CASSQVTVGIANYGYTF,TCRBV03-01/03-02,TCRBJ01-02
3cee768c626f5d3e27b9989afc83fd51,test_dataset_8_3,0.3197097652668495,CASSQDPAESEIFYEQYF,TCRBV04-02,TCRBJ02-07
3dd3089c9b0e1038f4e193f59769e270,test_dataset_8_3,0.7197191971130024,CSVEDPEGTEAFF,TCRBV29-01,TCRBJ01-01
3e277e77460f06be7624fbbaa2cd8934,test_dataset_8_3,0.457972579571416,CSATNPELAELFYEQYF,TCRBV20,TCRBJ02-07
3f952190a33df86f43754e886e999774,test_dataset_8_3,0.6552178790416231,CASSPGGAQEFYEQYF,TCRBV07-02,TCRBJ02-07
40c39d129344ba312220e9b38ed1e93a,test_dataset_8_3,0.1382213550406886,CAWSVWGVGVYGYTF,TCRBV30-01,TCRBJ01-02
415027784e60bb612a2207b378a37ac3,test_dataset_8_3,0.632907741225885,CASSQTQIGRHSEAEQYF,TCRBV18-01,TCRBJ02-07
41aa882f4c05192fa2267ed12776b031,test_dataset_8_3,0.3529737199956053,F,TCRBV05-03,TCRBJ02-04
426cd9e004915c32e02fdadd44301b3b,test_dataset_8_3,0.3108621786654093,CAINLGTGNTEAFF,TCRBV06,TCRBJ01-01
4307ff126fb158e206366263a30357d3,test_dataset_8_3,0.2387028712327339,CSVVVVQGVDEQYF,TCRBV29-01,TCRBJ02-07
4325666ff4f653c7c1457212aa838bf7,test_dataset_8_3,0.1139796535772095,CPF,TCRBV27-01,TCRBJ02-07
4341eb0de7173aea071c3acbec610fb5,test_dataset_8_3,0.1497530637445736,CAISAEGPWAEKGFYEQYF,TCRBV10-03,TCRBJ02-07
445951e7de64be8e2d8ab978c5892d80,test_dataset_8_3,0.2817764316205922,CATSDLLRDRGRLEEALEYNEQFF,TCRBV24-01,TCRBJ02-01
45a4ac4a9302ec911de175eacd1f7796,test_dataset_8_3,0.1400463836061047,CATSRALIRDPDGYTF,TCRBV15-01,TCRBJ01-02
462e5f58ddf86a03977bf1449272839d,test_dataset_8_3,0.4647082634838912,CAISDSDSESYEQYF,TCRBV10-03,TCRBJ02-07
46380d7ae0812315cd6ce81db94f87a0,test_dataset_8_3,0.228112999706451,CSARDISGVGEFYEQYF,TCRBV20,TCRBJ02-07
48b06ed56d5cf2b1905d5c2303a95302,test_dataset_8_3,0.2635732077350363,CAWSGGWEWNNEQFF,TCRBV30-01,TCRBJ02-01
49202bfddce6796f715d07fb2937e343,test_dataset_8_3,0.2855505088510763,CATSDSAKGQDFYEQYF,TCRBV24-01,TCRBJ02-07
4a690140c8962c97c19d87717ff655d0,test_dataset_8_3,0.7088732553328808,CASSLEAAGSFYEQYF,TCRBV07-06,TCRBJ02-07
4adf0d84e836d048882bf925bbe1aed7,test_dataset_8_3,0.4237029926920349,CSASDSDRAGSFYEQYF,TCRBV20,TCRBJ02-07
4ae9886cbb3b8b04ef834949a42826ba,test_dataset_8_3,0.3244860538670839,CAWAWVVGYTF,TCRBV30-01,TCRBJ01-02
4b89460c1b769b8daa10eca82b79f8ec,test_dataset_8_3,0.5242445852798929,CSVWEWSGEQFF,TCRBV29-01,TCRBJ02-01
4b9b087a70df0dd78248d3b8555230cc,test_dataset_8_3,0.4360888830231426,CASSLEGAHKFYEQYF,TCRBV05-01,TCRBJ02-07
4d08f9a4c66a61690c9c666f7abc8430,test_dataset_8_3,0.1976318396657347,CSVVVGGGWEQYF,TCRBV29-01,TCRBJ02-07
4d6748495857ba171e910ee7cd9232dc,test_dataset_8_3,0.671295016105159,CSVGGSVGGSEFF,TCRBV29-01,TCRBJ02-01
4dae010dc860fe4e66dcfd11916ad3af,test_dataset_8_3,0.4762006335089214,CSVEEFYEQYF,TCRBV29-01,TCRBJ02-07
4e34d80d1886344f6d72cc2a8f4111a8,test_dataset_8_3,0.5293527040170352,F,TCRBV04-01,TCRBJ02-03
4e7f8ce22d165384996bfe555cb71858,test_dataset_8_3,0.0940870803319589,CSVCVSSYNEQFF,TCRBV29-01,TCRBJ02-01
4ebea2775badf32e7049f5ac7fadbe6d,test_dataset_8_3,0.2915392199943681,CAWSVLGWSGSEAFF,TCRBV30-01,TCRBJ01-01
504e9e433df5d49328c86c2e4a74efb5,test_dataset_8_3,0.2189266394870386,CSARDLEASESYYEQYF,TCRBV20,TCRBJ02-07
50a21e99792b30356c7804a6db922d21,test_dataset_8_3,0.1034015503614853,CASSLSETKAFYEQYF,TCRBV11,TCRBJ02-07
5274209abe4e8b487e05f7d04fc6d3d8,test_dataset_8_3,0.1316937878126085,CASSLDEGFGFYEQYF,TCRBV07-09,TCRBJ02-07
52fc178457a4cdc16caa20a66519902f,test_dataset_8_3,0.4496203941123837,CATSRDGAVPFYEQYF,TCRBV15-01,TCRBJ02-07
530a99a99af171ab074853f4cb1d5990,test_dataset_8_3,0.753552014303572,CAIIEDPEGNEQFF,TCRBV10-03,TCRBJ02-01
5416f015d982229bc64602e913a02924,test_dataset_8_3,0.0862157344314637,CAWSVGVWSSYEQYF,TCRBV30-01,TCRBJ02-07
54cdc2000621399f8c2fb106a089b329,test_dataset_8_3,0.1701731931987308,CSARDQGLAEKFYEQYF,TCRBV20,TCRBJ02-07
557708103fc592ac327ba93d597534de,test_dataset_8_3,0.1237517196349632,CDSNRVVVFDCCGYTF,TCRBV09-01,TCRBJ01-02
557811f3ee7039546de678483bd4b227,test_dataset_8_3,0.1495982393156487,CSACERECVEQFF,TCRBV20,TCRBJ02-01
563b14eabd6e199e8321db2578863fb1,test_dataset_8_3,0.1084905187491427,CATSDFRSTGKFYEQYF,TCRBV24-01,TCRBJ02-07
567c761f830fd84bd358f69eb5f0386d,test_dataset_8_3,0.1662750411845384,CASSLPEWGLAGGSSYNEQFF,TCRBV07-07,TCRBJ02-01
569475ee74cc96b0900c39352c3c0cfc,test_dataset_8_3,0.2807858166978582,F,TCRBV11-03,TCRBJ02-07
585b369ed895b6ec29f1aff8b877a6ba,test_dataset_8_3,0.1380370867644474,CSVEEGRGEVEGEQYF,TCRBV29-01,TCRBJ02-07
5a11ad24bb7dc8afd408744925e17dd1,test_dataset_8_3,0.1633383998405254,CASSFGAGDVERAGPYYEQYF,unknown,TCRBJ02-07
5a4731f99d06a476cbc44f63784aa98c,test_dataset_8_3,0.5365590438459539,CACVLVVRETQYF,TCRBV30-01,TCRBJ02-05
5ab3097f42e75ce7f6511474ccb3ac2e,test_dataset_8_3,0.3436785107731571,CSARDPNRLAGFYEQYF,TCRBV20,TCRBJ02-07
5bbda987b04b27920372dae265d50824,test_dataset_8_3,0.5223769200998898,CSVVVTVTYEQYF,TCRBV29-01,TCRBJ02-07
5cacdfe6ee7cdd9c846ffced28bc88fd,test_dataset_8_3,0.3376350015150374,CASSEGWEARQFYEQYF,TCRBV02-01,TCRBJ02-07
60663ca494218260d4065cf9d8b60815,test_dataset_8_3,0.1040002477887339,CSVEVCAWETQYF,TCRBV29-01,TCRBJ02-05
610b62064070db6e87afbd86df344789,test_dataset_8_3,0.2895525169919927,CASSLGTATGIVVEQFF,TCRBV04-01,TCRBJ02-01
62ef46df3d3e3e642c7378c5d8fd7259,test_dataset_8_3,0.1460056944796001,CAISDPDGALFSYEQYF,TCRBV10-03,TCRBJ02-07
6367b19f036e8e1c87272097d2fcaf61,test_dataset_8_3,0.5661557298984311,CASSPDGDRAFYEQYF,TCRBV05-01,TCRBJ02-07
642d719e3c14f11ba3a72679ea55c44f,test_dataset_8_3,0.2694398314569056,CASSQDPEGLAGFYEQYF,TCRBV04-01,TCRBJ02-07
660b4498f18b395c19c03c3e705ba5c5,test_dataset_8_3,0.4289795903009551,CAIWEPYNEQFF,TCRBV28-01,TCRBJ02-01
66450f2d82421b4fbc4e0556c2beb05c,test_dataset_8_3,0.6012982997133255,F,TCRBV20-01,TCRBJ02-07
6746b830b60e8262a71decf69b3bb575,test_dataset_8_3,0.1127507530938941,CAWSVCVTCEAFF,TCRBV30-01,TCRBJ01-01
680e2128422c9934b2185ca3d2593345,test_dataset_8_3,0.3496339694160982,CSVSVSVSYEQYF,TCRBV29-01,TCRBJ02-07
68a43a88c4b2d4b91ac291a58831afe6,test_dataset_8_3,0.173227465825282,CSVWVWADRGGGELFF,TCRBV29-01,TCRBJ02-02
68ca733d34d60d95f98a1cb8ac221fa8,test_dataset_8_3,0.6158780045131059,CSARDVNGGRTFYEQYF,TCRBV20,TCRBJ02-07
68cc590bf1bc7120b538d9ed917f2416,test_dataset_8_3,0.6218041660375535,CASSDLGAQRGFYEQYF,TCRBV02-01,TCRBJ02-07
68f6af8bc743e5ecda85ca8439f4abfb,test_dataset_8_3,0.4249119037938368,CASSKEECGGQAFGSVCCEQYF,TCRBV21-01,TCRBJ02-07
692fca189581ff07c1070e5ca64be838,test_dataset_8_3,0.1577715615105458,CSVVVVEIMYEQYF,TCRBV29-01,TCRBJ02-07
69919d749ee185b242ce896b557c9ac0,test_dataset_8_3,0.139549504657252,CSVEIGDGNTIYF,TCRBV29-01,TCRBJ01-03
6aff4b2965ebd8bec2910bc417b454f5,test_dataset_8_3,0.3573130490010988,CSARDLRGTREYYEQYF,TCRBV20,TCRBJ02-07
6b5b4a80f091e82ddbb7ae7805fa28f3,test_dataset_8_3,0.2166921254351308,CAWSVGVWGGYTF,TCRBV30-01,TCRBJ01-02
6d4b6f14b1386a2619fcc6884d52a003,test_dataset_8_3,0.5825065914510102,CSVVVVWGWIGDGYTF,TCRBV29-01,TCRBJ01-02
6dcd70a6e9b0cdff2dd6e6e2be62f229,test_dataset_8_3,0.2931005945368684,CASTHTAEGAAQFYEQYF,TCRBV11,TCRBJ02-07
6de1a3931e714855e8ef757122de94c2,test_dataset_8_3,0.4600551365919693,CSARDWEGATDAYTEAFF,TCRBV20,TCRBJ01-01
6e77a4b8793c17b978724ed94c2d13c0,test_dataset_8_3,0.4556206859415938,CAWSAGDEGAWAWGLFF,TCRBV30-01,TCRBJ02-01
6f888a8a74da6019efc0571fbd7d1531,test_dataset_8_3,0.2024799847300458,CASSLDEAGGFYEQYF,TCRBV04-01,TCRBJ02-07
71a52f18746d8a8e2902f27da3f6d8a0,test_dataset_8_3,0.5651031048980111,CASSDMDRAVRPYEQYF,TCRBV02-01,TCRBJ02-07
71bc8d8497e45a8e9778a2613ca1118c,test_dataset_8_3,0.1116822432654715,CAWSVSVSVSAGELFF,TCRBV30-01,TCRBJ02-02
720046cc1fd4e5000472c617eaeb342d,test_dataset_8_3,0.3453704179913957,CAWSVWGEHEQYV,TCRBV30-01,TCRBJ02-07
7269f1aae6f35b8f7f75fb9c284fd1dd,test_dataset_8_3,0.0767819165524461,CSVEDPAGARSYNEQFF,TCRBV29-01,TCRBJ02-01
72ca7249eeda4bd8d6b345f7aaaca6b3,test_dataset_8_3,0.1143036332062092,CSVVGWSGGVSWYF,TCRBV29-01,TCRBJ02-03
72e84d24284483cabd7762d369d1db33,test_dataset_8_3,0.6595283661094504,F,TCRBV27-01,TCRBJ01-02
74356ac1d856201a6a9b77c94ed6db00,test_dataset_8_3,0.6885399545993611,CSVEIGSGNTIYF,TCRBV29-01,TCRBJ01-03
7621f0bfa411dd4b6ee8694a198d41ee,test_dataset_8_3,0.5067585962593637,CSVVVTVVDEQYF,TCRBV29-01,TCRBJ02-07
79dbdecca0b9a94269b2dcb0e9276410,test_dataset_8_3,0.3983948466225349,CSAMQDWDDSRGFYEQYF,TCRBV20,TCRBJ02-07
7a5be56a8f5259fcc36006c1a058a6d1,test_dataset_8_3,0.104098427555937,CATLDGARAPYEQYF,TCRBV06-05,TCRBJ02-07
7a7c217794f448d685b0a47591d0cf93,test_dataset_8_3,0.2918417197473772,CWGFGYYGYTF,TCRBV07-09,TCRBJ01-02
7aae0c60529b7a08b4ec1d3c620955c6,test_dataset_8_3,0.437339435058301,CASSEEAGNFYEQYF,TCRBV06-01,TCRBJ02-07
7c3e3a57068059e60893035201d1cd83,test_dataset_8_3,0.4420996515404712,F,TCRBV09-01,TCRBJ02-07
7c4cb0dfcab7251a34c28a0895983e73,test_dataset_8_3,0.5487008283002286,CATVKTNDLAGTEAFF,TCRBV15-01,TCRBJ01-01
7ee74694fc1267a0942851077372231e,test_dataset_8_3,0.3385708980558096,CSALGLAGGPAIGELFF,TCRBV20,TCRBJ02-02
7ef1980e5a96124effe6172e0a1cf2c3,test_dataset_8_3,0.4166155163784404,CAWTRDPDGYTF,TCRBV30-01,TCRBJ01-02
7f8a1ed4704684c07117de204873ad4c,test_dataset_8_3,0.726915625925869,CASSQDLGRARSFYEQYF,TCRBV03-01/03-02,TCRBJ02-07
7f8a42f823f21b22ddd9f8ac6c361a61,test_dataset_8_3,0.3885913496331661,CASDVIYMRQPEQGAVFYEQYF,TCRBV28-01,TCRBJ02-07
7fc28b1cfd0c225a0ac65bb7f5d9f61f,test_dataset_8_3,0.6101274477729826,CATSDQAGAFYEQYF,TCRBV24-01,TCRBJ02-07
8054c969c33620493c895ef453ec2290,test_dataset_8_3,0.5179513049487411,CASSLTGAQEFYEQYF,TCRBV04-01,TCRBJ02-07
82447eb2cd203fd3462bc1bee42ff111,test_dataset_8_3,0.717767969710157,CASTPAIGQPQHF,TCRBV06-05,TCRBJ01-05
839d2927cc31041ec45266b0c086dcb3,test_dataset_8_3,0.3040861392138593,CASSFEAGDWDRAIHSYEQYF,TCRBV05,TCRBJ02-07
8421d784d5f03d30061b8002ddae5455,test_dataset_8_3,0.6851187472062319,CAWSVVSVYGYTF,TCRBV30-01,TCRBJ01-02
84e306a5cf027eab3949a0af2ee3869e,test_dataset_8_3,0.4719573250351294,CAVARDPEDNEQFF,TCRBV06-05,TCRBJ02-01
84f8babb4cfedbe8a9bb0a862d99a893,test_dataset_8_3,0.1113620480169602,CAWDATGDGNTEAFF,TCRBV30-01,TCRBJ01-01
8521e8719d4247eed006b129403ce09e,test_dataset_8_3,0.1872901518025893,CASRWVGVGAGVYEQYF,TCRBV06,TCRBJ02-07
87da900fabf55aaf0df14b02c74a1a1a,test_dataset_8_3,0.5244334946342499,CASSFTSLYLNGGPGYNEQFF,TCRBV28-01,TCRBJ02-01
88387dcc7a20dd5f5f3f02447d79ffcb,test_dataset_8_3,0.0927831988776872,CSVVWVVGESEQYF,TCRBV29-01,TCRBJ02-07
89dd2b91c941301415a1bf05b040b6d8,test_dataset_8_3,0.4377049430358121,CSGEDWC,TCRBV29-01,TCRBJ01-02
89ef83829889caf262e81f201aff5596,test_dataset_8_3,0.3124550039030776,CAWSVGVWGVGGYTF,TCRBV30-01,TCRBJ01-02
89fa2d88d673d93fa2a0b3f7e4432a4a,test_dataset_8_3,0.2931354602555304,CAWSWAGGWDEQFF,TCRBV30-01,TCRBJ02-01
8b2e15766f3d92a1b8b8dc0ba6acbc40,test_dataset_8_3,0.1693328268577258,CAWSVGVWTEAFF,TCRBV30-01,TCRBJ01-01
8b41121873f7b8213511be41b178b0fa,test_dataset_8_3,0.5226774724609359,CASSPEDSATFYEQYF,TCRBV09-01,TCRBJ02-07
8bd6ef51586c891f12438e324c4d1e03,test_dataset_8_3,0.1400182901025163,CASIRVSGELFF,TCRBV12-03/12-04,TCRBJ02-02
8cf3cdc5c33f6c3aa73dc81a6ab3bd6f,test_dataset_8_3,0.470711335106252,CAWNWSWDNEQFF,TCRBV30-01,TCRBJ02-01
8e905dc5af717c9f2cab42d2758a35d4,test_dataset_8_3,0.2741828007485181,F,TCRBV27-01,TCRBJ01-02
907536201f26f3a60c19135c1fd6b27b,test_dataset_8_3,0.3127221942968566,CSVVVVYEQYF,TCRBV29-01,TCRBJ02-07
90d2f82df9f6309326ba99dc8fa19bbc,test_dataset_8_3,0.1772082917224568,CSVGDRGWGWVGGYTF,TCRBV29-01,TCRBJ01-02
91025ddceb6a870c9e88f6da1e07799e,test_dataset_8_3,0.2177645565154789,CSVVWWTGELFF,TCRBV29-01,TCRBJ02-02
91f50f11d6d7fd0c1d306a5e433975ff,test_dataset_8_3,0.5057652529521277,CSARDPDRAVEQYF,TCRBV20,TCRBJ02-07
947cff2fa8ccf8703b4933b72687b359,test_dataset_8_3,0.309221209149261,CASSEAAGAFYEQYF,TCRBV09-01,TCRBJ02-07
9575a2845423944bed98c0a3258b6e21,test_dataset_8_3,0.5998697563377227,CATSDPKLAAVFYEQYF,TCRBV24-01,TCRBJ02-07
9594f8212a3013b4df99ca8a8e39eeb6,test_dataset_8_3,0.099179151277636,F,TCRBV27-01,TCRBJ02-01
973a9d86624fe1fb5d6ceefc41bb9c0d,test_dataset_8_3,0.5277726492623044,CSAICGIGLCWG,TCRBV20,TCRBJ02
97684b2a342aa1e29baafd284234b419,test_dataset_8_3,0.1705349007095625,CASSLVVDPNTGELFF,TCRBV05-01,TCRBJ02-02
97b8f9e6fa8026fd1f90968674cb0b62,test_dataset_8_3,0.6596158404219489,F,TCRBV27-01,TCRBJ02-07
99bdf1921d40df70e7fe02c01f129d48,test_dataset_8_3,0.5417003335802312,CATSDHVARAKFYEQYF,TCRBV24-01,TCRBJ02-07
9b453d29ca7574aa611e8b2ffa5dcf57,test_dataset_8_3,0.5201948638945886,CSAREIEQGVQFYEQYF,TCRBV20,TCRBJ02-07
9bb1eeaf88e5ff26e189f18486a87567,test_dataset_8_3,0.1444915058504665,CSVVWGVWNEQFF,TCRBV29-01,TCRBJ02-01
9c9380108b74595fb9e1b5680286a525,test_dataset_8_3,0.2191439319381225,CSVARPLGQAIDFYEQYF,TCRBV29-01,TCRBJ02-07
9d048d62b1c04ec5b7ad12feb95383db,test_dataset_8_3,0.5340288811931855,CASSGVGVGVWVF,TCRBV27-01,TCRBJ01-01
9d1167c212fda1801dee7488013bc751,test_dataset_8_3,0.457463322770346,CSVEDPDNTEAFF,TCRBV29-01,TCRBJ01-01
9d8ebf066e1f3dbcad08cc097b6ffd8f,test_dataset_8_3,0.1615492498228453,CCF,TCRBV27-01,TCRBJ01-05
9dc003a8d9327a9545ba655c33bab4f9,test_dataset_8_3,0.6969906607208103,LCSVWFWCEQFF,TCRBV05-06,TCRBJ02-01
9e96b6b78a78b878134ec947280983de,test_dataset_8_3,0.1676655057693853,CAWSVRVGVSVGELFF,TCRBV30-01,TCRBJ02-02
9fc1edb747791c134c64e3c4a0cc3d19,test_dataset_8_3,0.4244230876798394,CSASDPELAGGHYEQYF,TCRBV20,TCRBJ02-07
9feba8581833a7757eaf58b6e10ea7db,test_dataset_8_3,0.2454174720826462,CSVDSVGGVSVDEQFF,TCRBV29-01,TCRBJ02-01
a04c2ed04e62c892b973d70a9c827d31,test_dataset_8_3,0.1238627196958685,CAISDREAGGPFYEQYF,TCRBV10-03,TCRBJ02-07
a06f4def611848ca78c2a49418b6bb04,test_dataset_8_3,0.1249825417472703,CASSDPSGASRFYEQYF,TCRBV02-01,TCRBJ02-07
a1871a70c2e9fad9e188df5a2835c5e2,test_dataset_8_3,0.6034696532297678,CSVVAGGWQVVF,TCRBV29-01,TCRBJ02-01
a29149654337e3a4b7058440134b2929,test_dataset_8_3,0.5198257704039374,CASSQVENILVSGNTIYF,TCRBV04-03,TCRBJ01-03
a30014bfe8f082d84cda39877038658e,test_dataset_8_3,0.2234783988099966,CSARDMAGSQKYYEQYF,TCRBV20,TCRBJ02-07
a35680a0310c54825436dc099571302e,test_dataset_8_3,0.4512841789149453,CSVAAGWGYGVAGGGWHEQFF,TCRBV29-01,TCRBJ02-01
a435f7e24fef67095fda91b113a97ba6,test_dataset_8_3,0.4470741601567334,CSVVVGVYEQYF,TCRBV29-01,TCRBJ02-07
a517870a0bae187424d35899f8a15938,test_dataset_8_3,0.6113053327462254,CASNDPFRLADFYEQYF,TCRBV06,TCRBJ02-07
a5a62718084a1d256b7a197582d521ed,test_dataset_8_3,0.1343786749907584,CSVEDAGTSGGFYEQYF,TCRBV29-01,TCRBJ02-07
a5dfe141665896407a44d7ca81da3cd2,test_dataset_8_3,0.1173963861232877,CSAGGFWAGGFCEQYV,TCRBV20,TCRBJ02-07
a9b79fabb48d53013d291968d05b75db,test_dataset_8_3,0.1724865796772537,CAWSVGAGAWF,TCRBV30-01,TCRBJ01-01
a9d1387254742510008a2eddf25b9ef0,test_dataset_8_3,0.3789744905799732,CASSQDKDGTEPFYEQYF,TCRBV14-01,TCRBJ02-07
aa32335a511ddf576c677037f84e3808,test_dataset_8_3,0.1354936414394895,CSVEDPDGAYEQYF,TCRBV29-01,TCRBJ02-07
aa88089ff2e0bccabe535477181924e8,test_dataset_8_3,0.162029885557702,CASSDPPGVERFYEQYF,TCRBV06-01,TCRBJ02-07
aa98bdff918a150e0e46bc7f0c29b235,test_dataset_8_3,0.6617133100337222,CAWCVWDNEQFF,TCRBV30-01,TCRBJ02-01
ab03b12ad4a27656e5cab8b52cf01d7e,test_dataset_8_3,0.6812760927774403,CASSQDETGAFYEQYF,TCRBV04-03,TCRBJ02-07
abfdd03ffb5c4daebe6d995605ad09b1,test_dataset_8_3,0.1255301131344532,CAWWDGQWGWEAFF,TCRBV30-01,TCRBJ01-01
acb24d5bfc89e4cf20b1f3c22c77f9ca,test_dataset_8_3,0.408683822304091,CASSWEQDGASSYEQYF,TCRBV06-02/06-03,TCRBJ02-07
ae82ec1f2fcd3656b5d2a94911cfa7e7,test_dataset_8_3,0.1605039245288506,F,TCRBV27-01,TCRBJ01-05
af4af6a4abfa49bf557301b57a6b3633,test_dataset_8_3,0.309761404802011,CPF,TCRBV09-01,TCRBJ02-07
b09e6b8f795684cffe398a5ebcad20be,test_dataset_8_3,0.1275573117405393,CASSQDLSGSKAWYEQYF,TCRBV04-03,TCRBJ02-07
b0d570135e00aa4646627816b7eccd05,test_dataset_8_3,0.2295612164719156,CAWSVCEGQFF,TCRBV30-01,TCRBJ02-01
b162cfca2bd49a267f6f4999dd876d64,test_dataset_8_3,0.6606448195171538,CSVVVISVVETQYF,TCRBV29-01,TCRBJ02-05
b27e0919783dac4d1f7f6c4d650a13a6,test_dataset_8_3,0.4229666962037544,CASTDPTGARATYEQYF,TCRBV21-01,TCRBJ02-07
b2a3f1216c3aa13b2cf79df2f5bc5217,test_dataset_8_3,0.1801299763016938,CSVRVGVWEQYF,TCRBV29-01,TCRBJ02-07
b31f219cdc4b006555fb03b370726c73,test_dataset_8_3,0.4758682725157617,CASSDSFSSDSSEEGYTF,TCRBV06-04,TCRBJ01-02
b3ddd333cafdfa0b5f37f5e7e64ad8e4,test_dataset_8_3,0.2261643880705581,CASSDPRGAGDFYEQYF,TCRBV25-01,TCRBJ02-07
b4b064a3280102458682d4afd5362b80,test_dataset_8_3,0.1785124415918589,CAWSVGGGSWVVGELFF,TCRBV30-01,TCRBJ02-02
b4b87665b3675a25a3356b2959c4de38,test_dataset_8_3,0.682618168093115,CASSDLDTGAAYYEQYF,TCRBV05-01,TCRBJ02-07
b54866602dcf0d7d31396dba29ffd0ed,test_dataset_8_3,0.1713090811025767,CSVYSVYGYTF,TCRBV29-01,TCRBJ01-02
b5e448f0bbe79ad483811068c4463d24,test_dataset_8_3,0.1103842372878104,CSVVVINNEQFF,TCRBV29-01,TCRBJ02-01
b68a21db420ee2b94b95e301c5747dd1,test_dataset_8_3,0.0926432556260262,CATSDLLAGLAFYEQYF,TCRBV24-01,TCRBJ02-07
b747267781307c53460875a4db7fe3bc,test_dataset_8_3,0.1772052526791869,CSAPDIRRSQEFYEQYF,TCRBV20,TCRBJ02-07
b79ba16772c297af2e63618c185ab3a4,test_dataset_8_3,0.5096357395216575,CASSLDAAATFYEQYF,TCRBV07-02,TCRBJ02-07
b98173a05fb292a24a059e50dddf2ccb,test_dataset_8_3,0.6720099796181894,CAWSWWEGWSGELFF,TCRBV30-01,TCRBJ02-02
bafafea8209245106beeb5385557c3cd,test_dataset_8_3,0.18246406824507,CSVFVWGVEAFF,TCRBV29-01,TCRBJ01-01
bb286124c88821e6841211c5dcf5c145,test_dataset_8_3,0.627397980929314,CAWVWGREQYF,TCRBV30-01,TCRBJ02-07
bbdf6a3661916b5253b0098d5f87bc4e,test_dataset_8_3,0.3134240512994558,CAWSVVWVRAEAFF,TCRBV30-01,TCRBJ01-01
bc4295486d918ebaaa9f4b88b27c5dc0,test_dataset_8_3,0.5073589433774529,F,TCRBV09-01,TCRBJ02-03
bca0f3a090ca26b02d91d5e9337ffb14,test_dataset_8_3,0.2989281077919913,CASSWNEGQVELWSTDTQYF,TCRBV05-01,TCRBJ02-03
bcb7b55495b819a368ca499a2849e57f,test_dataset_8_3,0.6436098786599694,CSARDLDQAGGYYEQYF,TCRBV20,TCRBJ02-07
bd0b64cb80a98f7b44d3e0bf84742148,test_dataset_8_3,0.2747345045245729,CACFRRAEVYYEQYF,TCRBV30-01,TCRBJ02-07
bd154890c44c233d17fd3316a8dcece2,test_dataset_8_3,0.2257706811786604,CSVVWWTEAFF,TCRBV29-01,TCRBJ01-01
bd7c8c4ed6aee80d72a104d203991058,test_dataset_8_3,0.5936383941795669,CASSYSSSSSYSYEQYF,TCRBV06,TCRBJ02-07
bdf129410be712fc9f41ac8981247972,test_dataset_8_3,0.6721253674130114,CSVELQWRDPDGHNEQFF,TCRBV29-01,TCRBJ02-01
bede7e1fb8dea7a01dc07f7ab90a996f,test_dataset_8_3,0.1376801998090995,CATSDLGEAGAFYNEQFF,TCRBV24-01,TCRBJ02-01
bffbb14ba7579329b956da96f05b0880,test_dataset_8_3,0.3364948206944432,CSVVWVYEQYF,TCRBV29-01,TCRBJ02-07
c04461dc07d3684d983434400a4f6839,test_dataset_8_3,0.206547829987341,CSVEREWTSCYEQYV,TCRBV29-01,TCRBJ02-07
c044bea248e7b419c5e0d4a9938f0529,test_dataset_8_3,0.483187729328336,CAISDPEGTEAFF,TCRBV10-03,TCRBJ01-01
c2d8b4dbcf7376facda4ba849ebc5ad5,test_dataset_8_3,0.4718887688663667,CAWSVTEQRVQCEQYF,TCRBV30-01,TCRBJ02-07
c2ed9ea2aa7b671dedd642339da0a3eb,test_dataset_8_3,0.7853502774571168,CASSECGEECNEQFF,TCRBV06-01,TCRBJ02-01
c32a6d7963ba21ef847365e9404321b5,test_dataset_8_3,0.6813530959477468,CASSVDQAGAFYEQYF,TCRBV09-01,TCRBJ02-07
c3ad72f1d44582e502dac4a9f312c578,test_dataset_8_3,0.5043065746333991,F,TCRBV27-01,TCRBJ01-02
c5d2427bb733de486849011e9ee09782,test_dataset_8_3,0.2662881644989245,CAISDPAETSRLYEQYF,TCRBV10-03,TCRBJ02-07
c648c5d8fb9ca2ae81be457e8d527102,test_dataset_8_3,0.2385392631555414,CSAMNRAQDFYEQYF,TCRBV20,TCRBJ02-07
c6dbc8cd876a6d3f3d6cffdbe12d4a84,test_dataset_8_3,0.1374439276979844,CSVGWVGGVGTGELFF,TCRBV29-01,TCRBJ02-02
c701a89f03688dcf1d97f05da604bf87,test_dataset_8_3,0.61618322976574,CSVEVEGWNEDEQYF,TCRBV29-01,TCRBJ02-07
c73b0147619024d62af1cbef8896c3de,test_dataset_8_3,0.3712011081529205,CATSRDQAGAFYEQYF,TCRBV15-01,TCRBJ02-07
c778bb07c350241fdcd2783becf63774,test_dataset_8_3,0.3076394914659952,CSFF,TCRBV29-01,TCRBJ02-01
c7ea07b61a9f8345529e7203372e4370,test_dataset_8_3,0.5499059576293022,CASSLGLRVAGVDQTVDYYEQYF,TCRBV13-01,TCRBJ02-07
c87b2c8f640c3d95ebd8e585cb2e79aa,test_dataset_8_3,0.4146178198366829,CSVVFWGAFF,TCRBV29-01,TCRBJ01-01
c9c67aa5dbaa8d7a5afde3482e284f6d,test_dataset_8_3,0.4393951902689401,CVYV,TCRBV15-01,TCRBJ02-07
c9d1c99f1138e5e68150e29f8ad52cc0,test_dataset_8_3,0.3060240031111357,CSARDPKLAGGWYEQFF,TCRBV20,TCRBJ02-01
ca7868763f9e9e2d0309b6b2cda2272b,test_dataset_8_3,0.4346040536540655,CASSEEAGAFYEQYF,TCRBV09-01,TCRBJ02-07
ca7b09b83a3ebaccf0835bee611c1034,test_dataset_8_3,0.2024452736504697,CAWSVGVWEEQFF,TCRBV30-01,TCRBJ02-01
cafc366a0dbee023cac5b661172e658c,test_dataset_8_3,0.1483746736917528,CAISEWEDRGALEQYF,TCRBV10-03,TCRBJ02-07
cbe1ae2b4d25f0959b011ca77bfa206f,test_dataset_8_3,0.5907686119372461,CSARDFAGARGDYEQYF,TCRBV20,TCRBJ02-07
cc9bd457d0f51d98858ca2b0bb2c6fea,test_dataset_8_3,0.1632063867386416,CASGHLVPGLAGGKEFYEQYF,TCRBV21-01,TCRBJ02-07
ce2a47e670c45c8df8f1681bcc6c63e9,test_dataset_8_3,0.1017424397530777,CATSGPDRVLKFYEQYF,TCRBV24-01,TCRBJ02-07
ce7dd1acf89378f2d3c9e31b711991ac,test_dataset_8_3,0.5459095736589331,CAWSVWCGYTF,TCRBV30-01,TCRBJ01-02
cf4187e7ffda64f3527ea8f85a882b2d,test_dataset_8_3,0.245307549931864,CSARDPEQTGHLYEQYF,TCRBV20,TCRBJ02-07
cf65b1fb9eeb0532415f16ec79be6dd9,test_dataset_8_3,0.2784505288456348,CSVEIGSGNTIYF,TCRBV29-01,TCRBJ01-03
d1f231fdc142b9a8106aeac51a22b2a7,test_dataset_8_3,0.6568818748882002,CASSVSPDGLIKVWDTEAFF,TCRBV09-01,TCRBJ01-01
d38cb557233b736765c8c0d674112441,test_dataset_8_3,0.1236871634444035,CSARDLDRDGIGELFF,TCRBV20,TCRBJ02-02
d39dd4cc984606ef26aabb86a9b3d51c,test_dataset_8_3,0.0956549306672029,CVWEGVVCEQYF,TCRBV11-03,TCRBJ02-07
d3ed18f6839252144af1b21fdc3d1780,test_dataset_8_3,0.6580039397288245,CAISEFGWQGPTTDTQYF,TCRBV10-03,TCRBJ02-03
d3f74ab98a6496548e115cf03354cced,test_dataset_8_3,0.2328329539348035,CASSLEFLGRHQEAQYF,TCRBV07-02,TCRBJ02-05
d449a4c4d4f9bff9767c94ae219fba08,test_dataset_8_3,0.2398962461913979,CSARDVASGLRFYEQYF,TCRBV20,TCRBJ02-07
d4f248586dbf48e3b2e45a42b94a020c,test_dataset_8_3,0.4845706044253733,CAWSVVGLGGWVGEQYF,TCRBV30-01,TCRBJ02-07
d580c7d311961a2e6dc6c34b61597d3e,test_dataset_8_3,0.1409243005555605,CASSLDATVNWYEQYF,TCRBV05-01,TCRBJ02-07
d6aaa8df3c21d103fa5f3d5fc253c523,test_dataset_8_3,0.3401063872367877,CASSLAEAGRVDEAFF,TCRBV05-01,TCRBJ01-01
d7e1c04519d08839d7df6a5e33e8a21d,test_dataset_8_3,0.1971445624474476,F,TCRBV20-01,TCRBJ01-01
d805e67d4b877764211e15e1d0d18a15,test_dataset_8_3,0.319626618904023,CTPLGCLCF,TCRBV20-01,TCRBJ02-07
d810cb726902c4852500b97a5af5cbc1,test_dataset_8_3,0.2747764986733912,CARREDDRVIIYEQYF,TCRBV19-01,TCRBJ02-07
d8a39611bb45eda2e5a47f07f7938b1b,test_dataset_8_3,0.1227152357026053,CAWSDGGRALEFYEQFF,TCRBV30-01,TCRBJ02-01
d8adfcd49ef12c5a4c6f93db5a73ecc7,test_dataset_8_3,0.2015548096330408,CTVVCIWEQYF,TCRBVA-01,TCRBJ02-03
d8ec963070f80c1eee4f97733d6152a4,test_dataset_8_3,0.4068469623104676,CASSQDLEGTGTFYEQYF,TCRBV04-03,TCRBJ02-07
d922f357f3cdc1a3e9c3f2b956d75f80,test_dataset_8_3,0.1916212610492243,CSVGSVCLAGMREQYV,TCRBV29-01,TCRBJ02-07
d932e9815db68cb0508d52d556ab3aab,test_dataset_8_3,0.1332166456776672,CSVVVIVDNEQFF,TCRBV29-01,TCRBJ02-01
d9b847d7a562e4c4590620e3270a877b,test_dataset_8_3,0.403974957433539,CASSPREARAFYEQYF,TCRBV07-09,TCRBJ02-07
da3e55c6865d68842b5edec3b6c9a44a,test_dataset_8_3,0.1659035112872387,CAISEGAGAERFYEQYF,TCRBV10-03,TCRBJ02-07
da6b4dae53fc64411268d0b2f5cc2411,test_dataset_8_3,0.364641491983601,CSVDFGVVVCCGAFF,TCRBV29-01,TCRBJ01-01
db182c902d9a85d81c96741fb1b9b364,test_dataset_8_3,0.3933357984328056,CAWSVCRLRTGVCEQYF,TCRBV30-01,TCRBJ02-07
db1d087469f827df436749c34defbeac,test_dataset_8_3,0.6046962146906273,CASTEQAAGFYEQYF,TCRBV06-06,TCRBJ02-07
dc363c827c7d1e9768d7aafb4041424d,test_dataset_8_3,0.2482490680793289,CAWGWVGEEGEQYF,TCRBV30-01,TCRBJ02-07
dca33245960ef19290e5312ad3e02313,test_dataset_8_3,0.2537841938903338,CSVGWGWGYGYTF,TCRBV29-01,TCRBJ01-02
dcfa14b241720b00b83917dbc3406fbe,test_dataset_8_3,0.1417578881644144,CASSPVGSLRTGNTEAFF,TCRBV11-02,TCRBJ01-01
dd05749fc86ab3652a614bea8bc873e5,test_dataset_8_3,0.6321573125794365,CSVEVESVSVFF,TCRBV29-01,TCRBJ02-01
dd32a3d5856cf6c309fd00d7efc9fa22,test_dataset_8_3,0.16211479484718,CAWRPDRDRVWRVNYGYTF,TCRBV30-01,TCRBJ01-02
ddd78216ced0f4f554808bdf73497fd7,test_dataset_8_3,0.1057715540402172,CSVEVWVGGTEYNEQFF,TCRBV29-01,TCRBJ02-01
de9184b9f36ed29316cf418d82569e52,test_dataset_8_3,0.2764618219050523,CSVEDIEDGTNNYEQYF,TCRBV29-01,TCRBJ02-07
df2cbce399b0dac74567e89df1597a2c,test_dataset_8_3,0.4536580892614626,CASSYSFNVVVNVYGYTF,TCRBV06,TCRBJ01-02
dfd5b28a2fb629f3335bd9a45c58052a,test_dataset_8_3,0.2423718425713958,CASSYREAGLWEQYF,TCRBV06,TCRBJ02-07
dfd8e8abf8c32982048d88ad8aa2ca58,test_dataset_8_3,0.413335655124409,CSVVCPQCDSSWREQYV,TCRBV29-01,TCRBJ02-07
e17ff9dce6a93c938382b60d92abe5ab,test_dataset_8_3,0.2029905859603316,CAWSVGWLAGGWTGELFF,TCRBV30-01,TCRBJ02-02
e2acf5d5dd6b861e62a0f3042ab749dc,test_dataset_8_3,0.2308859099126344,CATSDLFSGKDFYEQYF,TCRBV24-01,TCRBJ02-07
e4c2364d2603880cceb686c3d6578995,test_dataset_8_3,0.6015385336592093,CASSQDLGRAAGFYEQYF,TCRBV03-01/03-02,TCRBJ02-07
e6421d7aa35478000af8595602eba34d,test_dataset_8_3,0.6906743164358096,CASSEETAGFYEQYF,TCRBV06-01,TCRBJ02-07
e68a2666c4ee72097767e7fddfd40896,test_dataset_8_3,0.6085560683287446,CRVGVRVVGCYEQYV,TCRBV12-05,TCRBJ02-07
e6bce107aeb6103489fdfef5d03c1fc6,test_dataset_8_3,0.34770283490173,CSARDLETSGYFYEQYF,TCRBV20,TCRBJ02-07
e6bd4c4c796afa78c99bba7d881ae8d3,test_dataset_8_3,0.1722200376422972,CATSDFAAGTGFYEQYF,TCRBV24-01,TCRBJ02-07
e73ba44ff28bae2af430888a3693bb42,test_dataset_8_3,0.1759639784416567,CASSEATRTFYEQYF,TCRBV02-01,TCRBJ02-07
e7c0643d4ee6e8e040908f633adadfec,test_dataset_8_3,0.2429249170410346,CASSLEGGQEFYEQYF,TCRBV07-03,TCRBJ02-07
e7fd3721e9c80be1849ca7a508e1c561,test_dataset_8_3,0.0985692757325022,CAWVQGEVWFF,TCRBV30-01,TCRBJ02-01
e8186c4fee28694f9c52ca0782f7ebb4,test_dataset_8_3,0.2576522971799844,CAWSVWVWTEAFF,TCRBV30-01,TCRBJ01-01
e8476b09c07c23b27dc84fad171555f8,test_dataset_8_3,0.6096285416313184,CASSLTGGASSYNEQFF,TCRBV05-06,TCRBJ02-01
e8987b1ce75d5230babe97d613b5916d,test_dataset_8_3,0.7049621011350408,CSVEAVQALVDYGYTF,TCRBV29-01,TCRBJ01-02
e902a4903eca5703549787443068172c,test_dataset_8_3,0.1305480855867687,CASSLDSAGEFYEQYF,TCRBV07-02,TCRBJ02-07
e91f70b73ef57246e74fcbd59b63b7f8,test_dataset_8_3,0.1396524789236807,CSASNVEEAGANYEQYF,TCRBV20,TCRBJ02-07
e98dce679bfb9f6c5f0fd1625b667e8e,test_dataset_8_3,0.3286005646499563,CAWAWAGEQYF,TCRBV30-01,TCRBJ02-07
eb14765e01984eed8a9f5e1d9e7f35f6,test_dataset_8_3,0.1246286524004106,CSAAEAGDFYEQYF,TCRBV20,TCRBJ02-07
eb6aa5caac8db8d6ce3fe6f917188aa2,test_dataset_8_3,0.2241004784682743,CAISEDPAGGKGFYEQYF,TCRBV10-03,TCRBJ02-07
ec5198fe584ab204e585cee098b01816,test_dataset_8_3,0.1370530756369618,CAWGRVWGRVVDGYTF,TCRBV30-01,TCRBJ01-02
ed015b3cd259911a2a889f84d5447e14,test_dataset_8_3,0.1719225095564096,CSAEAGKVRDFYEQYF,TCRBV20,TCRBJ02-07
ed95a3ae3d6d0089f1460c85c7ff57b7,test_dataset_8_3,0.1762638265953541,CSAWDWGWDWQFF,TCRBV20,TCRBJ02-01
ee6ea2a4faf474771d4371178698d6c8,test_dataset_8_3,0.3682242576581087,CASSPGGAVALPQGTLLAGDTYEQYF,TCRBV06-02,TCRBJ02-07
eec24c600bad118f4c76d06766696617,test_dataset_8_3,0.2627561362259306,CAWSVSVYVYEQYF,TCRBV30-01,TCRBJ02-07
ef63bcd1a29efd20b34150dd4bcbbc0d,test_dataset_8_3,0.4660553303894761,CASSQDPDRAVRTYEQYF,TCRBV03-01/03-02,TCRBJ02-07
ef64a5f8d460a3f6be8bf30b02980915,test_dataset_8_3,0.1252379674707504,CASSAREAGEFYEQFF,TCRBV11-03,TCRBJ02-01
f0d3a71ca262d04736a4f21385ef6e15,test_dataset_8_3,0.2831704733518095,CAWSVVGRCGVVQYV,TCRBV30-01,TCRBJ02-07
f0d6f0bb18243c6db833f50ce475c09d,test_dataset_8_3,0.1612496745859322,CAWSVVVVGAFF,TCRBV30-01,TCRBJ01-01
f0e56dd5368f1655c3e1d3907da4f32d,test_dataset_8_3,0.3192197552545739,CSVVVVSFSYEQYF,TCRBV29-01,TCRBJ02-07
f13e73c05ef3a09deaef67cae14ec33b,test_dataset_8_3,0.3576996269452054,CATSDFEAGGRFYEQYF,TCRBV24-01,TCRBJ02-07
f21b355c6109bf29d902fa2fefca8ffb,test_dataset_8_3,0.1953887137746132,CASSEEAGAFYEQYF,TCRBV06-01,TCRBJ02-07
f28702771b7d1ca177fb26e7590a7bd7,test_dataset_8_3,0.4216425930369908,CASSIELGDGNTIYF,TCRBV07-09,TCRBJ01-03
f388ee71d37bbf5828411dd72a3eacae,test_dataset_8_3,0.2955801344763165,CASSRGRVVVGDGNTIYF,TCRBV12,TCRBJ01-03
f39c37813aa5613837d73c3b756c7d62,test_dataset_8_3,0.2630470432835214,CATSDLSGTKEYYEQYF,TCRBV24-01,TCRBJ02-07
f3c88a923b2f3ebfa997625543119462,test_dataset_8_3,0.621328821863016,F,TCRBV09-01,TCRBJ01-01
f3ca5310ac0658b44f030fbfe0884e17,test_dataset_8_3,0.6959356417705668,CSVCVFTEAFF,TCRBV29-01,TCRBJ01-01
f49e46a607efc8033d34aaaa6b8ac9e8,test_dataset_8_3,0.2167216752241708,CASSLSRLGRDREAEQYF,TCRBV18-01,TCRBJ02-07
f5127b2cc6a21e8ed6079ddc32444a90,test_dataset_8_3,0.3019485462744721,CSVVWGVVGYTF,TCRBV29-01,TCRBJ01-02
f5132b71043ac789d294cf11efe22eef,test_dataset_8_3,0.3653503391224238,CRCP,TCRBV28-01,TCRBJ02-07
f53e3b2d7d9c3ebcaae887653bce3c5f,test_dataset_8_3,0.230210080675549,CASSDYDGDLIVYTF,TCRBV10-02,TCRBJ01-02
f5fd04fc46fe20aa01e728597e541ba1,test_dataset_8_3,0.1446502577978818,F,TCRBV05-03,TCRBJ02-02
f6614a7e696261c89f6a3122c3e6db5b,test_dataset_8_3,0.5311599799121531,CSVVVVYEQYF,TCRBV29-01,TCRBJ02-07
f6ebf188bcdea3beafe6053ad152c089,test_dataset_8_3,0.533126989422473,CAIREDPDGNTEAFF,TCRBV10-03,TCRBJ01-01
f7884a97efaf5a506770d1226d074e33,test_dataset_8_3,0.1406567796010779,CSVVVVVRETQYF,TCRBV29-01,TCRBJ02-05
f7ae5c6b00050ce2af3c3559b4b06e51,test_dataset_8_3,0.5774164712569081,CASSLEGAWGFYEQYF,TCRBV11,TCRBJ02-07
f7c42154c44e40b42b8bdccc98643d48,test_dataset_8_3,0.231515551548573,CSVSVSVSSYEQYF,TCRBV29-01,TCRBJ02-07
f81e12a949811f688b14d08c9ccf1500,test_dataset_8_3,0.1742700032131126,CSVRCSC,TCRBV29-01,TCRBJ02-07
f8610a04d022fe488f0ca353d5304a49,test_dataset_8_3,0.0953537121927253,CASSEVKVGSGNTIYF,TCRBV06-01,TCRBJ01-03
f8d6a6c8fde21e7a59a4ebc1b36ae233,test_dataset_8_3,0.0884681727069282,CSVEIGSGNTIYF,TCRBV29-01,TCRBJ01-03
f97d7611260e18a2874fdd84cff31263,test_dataset_8_3,0.1152005206419146,CSVPVCGARVCEQYF,TCRBV29-01,TCRBJ02-07
f9f81053cbf45b7d5b85583a053c3ce3,test_dataset_8_3,0.2863319565244668,CSARGVQETRDFYEQYF,TCRBV20,TCRBJ02-07
fa0688f332da9faba6e951f61b7c9f5a,test_dataset_8_3,0.4896644904599397,CASSLEVLELSGNTIYF,TCRBV07-02,TCRBJ01-03
fa2a1d8b4dd5ab24de8f0781123b1c4f,test_dataset_8_3,0.2357771762889145,CSVVVGWGYEQYF,TCRBV29-01,TCRBJ02-07
fa83a04bdd45e717a5d94c69f4a7f72a,test_dataset_8_3,0.1272451198622048,CPWG,TCRBV06-06,TCRBJ02-06
fa9f63098ce463fd8451afb5ab942ab4,test_dataset_8_3,0.1810561192452425,CAWSVGWVGTEAFF,TCRBV30-01,TCRBJ01-01
faf27ee002ca95ae661ba28895a5f6dc,test_dataset_8_3,0.1234465905730251,CAWSPWGGFGYGYTF,TCRBV30-01,TCRBJ01-02
fb954c071dac19a2e8797d6be3daff1d,test_dataset_8_3,0.6251773730375408,CASSLEEGQGFYEQYF,TCRBV07-06,TCRBJ02-07
fcd2fd145995ce480b2b13838825989c,test_dataset_8_3,0.3922081660459158,CAWGAWGAEAFF,TCRBV30-01,TCRBJ01-01
fd95ab6f7073d08eacfaa4b588f6db32,test_dataset_8_3,0.3982590724406803,CATSDLEAGLATYEQYF,TCRBV24-01,TCRBJ02-07
fea70ed6d4e1248a7522d90ab6f54c74,test_dataset_8_3,0.3873243947870804,CAWV,TCRBV30-01,TCRBJ01-04
feac8e18c189a2c781d99ea22c8924e8,test_dataset_8_3,0.0977285775912188,CVCLWDEQFF,TCRBV09-01,TCRBJ02-01
fedf7a85ff73abb19e243f96f8650303,test_dataset_8_3,0.6106807168491812,CAIVVVFVVEQYF,TCRBV10-03,TCRBJ02-07
ff7b81f9e7299fe76ba61565c57797c7,test_dataset_8_3,0.4104504094043041,CAWEQYGQGAWEQYF,TCRBV30-01,TCRBJ02-07
ffa282beaccf95e0e2dfc23930a8260f,test_dataset_8_3,0.5012234575773719,CSVEVGAGNTIYF,TCRBV29-01,TCRBJ01-03
