repertoire_id,probability,dataset
00931bf8651867a9575152b4342d794d,0.5172882,test_dataset_1
009c600d7ad93ca2fe8f6710d9e9a317,0.78560525,test_dataset_1
009f383a77314f4bc8d041b636152b25,0.3471894,test_dataset_1
00c2f235783b71189f670f563a62c004,0.48847702,test_dataset_1
018194997c63d92ea8ab22d27fec5b1b,0.51830184,test_dataset_1
0183aebce97137596213b8ff6b4df916,0.48713177,test_dataset_1
02f32d161c259f3b83a1690bf867e936,0.78560525,test_dataset_1
04eeef24b4ee32c274641c405b8fe124,0.43846613,test_dataset_1
050ce9aa1ad0a913ecbe8976324e60ca,0.4697163,test_dataset_1
05583066c32992baac3058bdecd90f98,0.48257077,test_dataset_1
060f1a4873f42f7d8705d82ba88aec9b,0.26143804,test_dataset_1
069616e6b004ee1bf493ffc3db873c31,0.5500353,test_dataset_1
06b0dac31d168a306becc287001c9d30,0.78560525,test_dataset_1
06d948047c079a569ddf8cf2eac2e00c,0.5500353,test_dataset_1
077c8409f0f87d933e88058115942e34,0.48257077,test_dataset_1
084a961494c5d1bf49716e7b79957757,0.5425666,test_dataset_1
0a3236cbb87f17f485fe737f77b33692,0.5425666,test_dataset_1
0ab0ff23bb90b4f0dd174beacb234549,0.5172882,test_dataset_1
0cd23ec30c3df592b561f240bdd287c2,0.48257077,test_dataset_1
0e0bad32b85c4d81fae8b97c65752108,0.6072905,test_dataset_1
0eca26efddc8a72e092b81607fb1deab,0.49678934,test_dataset_1
0f893b6b78f864f325b498a41f6c3a94,0.36671188,test_dataset_1
0fe8ea0dc3ef78ddc06408e98a8a887a,0.3145584,test_dataset_1
100dda4543e610d625e509a174ec7264,0.36671188,test_dataset_1
100f38b5e81f65faccc6724bea7c3eee,0.5500353,test_dataset_1
10187357d59cc56817f32be622694d22,0.51830184,test_dataset_1
11d1a9772aab69075c37bfd6c1d6647f,0.5172882,test_dataset_1
11e4a994eb486d1d2e4a7a6e2a8297fe,0.14785369,test_dataset_1
13a811589f878eca57cda476960cc5a8,0.3568795,test_dataset_1
1474403b00b90489c02e981ebba3c9b0,0.36671188,test_dataset_1
152a2178b3994e509598b5d30f9c2352,0.78560525,test_dataset_1
164e1797d66abc17dedab0ac83e81663,0.52005917,test_dataset_1
169365687531fbb152e03e0e0d5f47a7,0.78560525,test_dataset_1
169d87505abfc1617b705d45923fa0ae,0.44803885,test_dataset_1
16ce1a258a1d70cba8dcd67e411face5,0.43846613,test_dataset_1
172b25acbf96f661dae00a4c2a4a5390,0.23191722,test_dataset_1
17bc434ccb19879cd9058a065f91db83,0.4467785,test_dataset_1
17daabb55dc9d0b3070da4e3faa5229d,0.5202398,test_dataset_1
18c8d6d79f655c7caa818e595fcff139,0.612313,test_dataset_1
1908b63831ae555aac5ddd4233ee5076,0.49637508,test_dataset_1
1939a5fce2630ff9e6f5b6d9ed92cd89,0.43320027,test_dataset_1
193ac382bcecaec249ae7879a4bead2c,0.78560525,test_dataset_1
194d33332b5e831681b7b5ebee13b7eb,0.3145584,test_dataset_1
1980599b5c4b114b76eb71d565d491de,0.6121,test_dataset_1
199c7b3c9f544ef46224db45c580aadf,0.44803885,test_dataset_1
19ada0f2b2383732b26c0db721102b4e,0.36671188,test_dataset_1
19cccb589ce550f5cac98465ffdbedb7,0.51830184,test_dataset_1
1afbf51fe1439f71b23da87d311702f2,0.78560525,test_dataset_1
1b7ba54105cb017c49851846ae2eb9a0,0.6121,test_dataset_1
1c87fef73a380b69c6a00c4b25278e44,0.23856848,test_dataset_1
1cd95eb89d3f3ca138654825f9f018f4,0.7729914,test_dataset_1
1de596bfd7cba60e4ae1302eb7823513,0.44803885,test_dataset_1
1e022719b31a1b52bb81d93edfb872be,0.6121,test_dataset_1
1e043880320c9988acf9d934df7437f4,0.3145584,test_dataset_1
1e0d595ab460f9d9e1bc0e9bb990749f,0.48847702,test_dataset_1
1e306038b11cbf1813792880c08500ff,0.78560525,test_dataset_1
1e78320dfd5af9c9d9a51a991df47b10,0.6614627,test_dataset_1
1fb00d55322aa9f39810be8bb659cf7a,0.51830184,test_dataset_1
2094d919a17daa4090b6fba15e72f32d,0.48713177,test_dataset_1
2166047738cf01ed702e8de531572f69,0.78560525,test_dataset_1
22e4fcc5357de1af19620c7b384d8305,0.5662689,test_dataset_1
236e11d304aa38bf747fb91cf3989a06,0.61866105,test_dataset_1
23e9c5db151161e0d780dc64bf9dafc6,0.36789984,test_dataset_1
249af447581b5d9dd011c34de24791da,0.43846613,test_dataset_1
24f0ab8931da80281f4992a1dae8e9b2,0.4467785,test_dataset_1
2508bc587ffb2749b11f5a32fa4ce2d5,0.5202398,test_dataset_1
25f3b7a0a1c0d11c0d48c9c1bbc10673,0.48847702,test_dataset_1
26667f76e0a983fbb90a72e899d801a6,0.14785369,test_dataset_1
26e20d83d35225a9bebf73230d52bd80,0.48713177,test_dataset_1
276890d6e844cbf11301829266d7e042,0.42322972,test_dataset_1
27bc7776b6526c66581a5e722cb84a22,0.48713177,test_dataset_1
28edec177291fded0952984744747b5c,0.59486157,test_dataset_1
295e8398806839feae5849088de8ad1b,0.43846613,test_dataset_1
2a37efdfd952cf49c7417e046d922080,0.6072905,test_dataset_1
2a80a9973e25eba0f579aa6bcf9f795a,0.78560525,test_dataset_1
2b1b67c609e88d6e3afeb2bb9c23d1cd,0.6072905,test_dataset_1
2bdd0145e8c33a3fc6ac66f76fd5e44e,0.51830184,test_dataset_1
2bfe7811ce73d760d197130340c3ead9,0.36789984,test_dataset_1
2c091d12eef98ae0faa3daad0e9c11a0,0.43846613,test_dataset_1
2c723757ab1b169f83b16c42c6da0fea,0.38604537,test_dataset_1
2cf04e27271e2d54d60533ab475553d0,0.60147613,test_dataset_1
2d4bb97b439ee232a162c3648f3ef84b,0.49678934,test_dataset_1
2e82de4f43b0bf479c588f51aa667254,0.61537683,test_dataset_1
30c9d1672feb8e03a5b62489fd33f9e9,0.6072905,test_dataset_1
30d604bed07a25aaaef088b77b43e7e7,0.23191722,test_dataset_1
3195db49c67de42caef659195c6b71e7,0.36671188,test_dataset_1
31ffe4512fa89403b87ea7b2bfb7dd16,0.67776287,test_dataset_1
3222ead37cc34b2aec667b96ea3c2569,0.36671188,test_dataset_1
3302a17e62484abc8b9c4adc9c7269c2,0.5834831,test_dataset_1
33f7a72887a02012c74e2eff46622d7f,0.36671188,test_dataset_1
343c62c90c3cb48383fb0ae1adfc66f2,0.5425666,test_dataset_1
3456a072c6f3232bdae59045a9234e9e,0.5515798,test_dataset_1
34b04dfc3eeb3db75d2c8c3a7359d650,0.6072905,test_dataset_1
352a59f712ec725293a7990554f6bf5d,0.46409103,test_dataset_1
38368ad23d4d7cd2b4d0295b8cd04b2e,0.49637508,test_dataset_1
3a019e3bfa709cba83ff40b3c48910ab,0.59486157,test_dataset_1
3b628ff68617c0082e2821a1ee55dfc0,0.59486157,test_dataset_1
3b93d0b7074dd93bc2f5e9c0457d4ad9,0.5550299,test_dataset_1
3bf2b25d7fa430a2974acb9cbb6c4e98,0.3471894,test_dataset_1
3c115c436ea304f2a5212fb0960cf3fe,0.6121,test_dataset_1
3cfa38222a43288ccb1e8f0eb7fc41c3,0.61537683,test_dataset_1
3f534ff266473cb107c3b28995fdb204,0.3890795,test_dataset_1
3fb513a02be9829408cfc98a31c226aa,0.5834831,test_dataset_1
4004d4d2319a04ca536aa2cefa5ffa92,0.48847702,test_dataset_1
40909394e8cd08d4e226e0bb9cf0cb78,0.5444572,test_dataset_1
40fea8326f4cdfdf46f782272523c32e,0.43846613,test_dataset_1
4145525bd942598b5cb9acd1cfaef79d,0.49637508,test_dataset_1
420ceb3210c65c1d831958b3f075ebb4,0.61537683,test_dataset_1
42ed9a0d9326fcb78388073a931d877a,0.5834831,test_dataset_1
43602dfabe5f66b540d80a31df20b591,0.5172882,test_dataset_1
4362395910f07609e821381c72a54ab2,0.52005917,test_dataset_1
443e5ac656740a966eda2e7588fd5e31,0.36671188,test_dataset_1
45c12d5e9bd68316ad53076de014fc32,0.46303755,test_dataset_1
46ff300f34db9b8770b1a6878935923a,0.78560525,test_dataset_1
47a497f725c514716d1e3ecad4fcc587,0.5202398,test_dataset_1
483cbbce27d14fb9eceeff240978cca1,0.23191722,test_dataset_1
48599a5ac81a9e4cec498b09d76d2c39,0.25466323,test_dataset_1
4891d0e1153813d77afb04d30bd3a867,0.5500353,test_dataset_1
490ec5f2ad9eff7516abe173ae3ac0f2,0.14785369,test_dataset_1
49ecf14e093db6ca3101daeb3312a0e2,0.7904633,test_dataset_1
4a2c92e83fbff17417aba932165c3ae8,0.4467785,test_dataset_1
4b10d7e12a69ff46d572fabf4cf1d510,0.78560525,test_dataset_1
4b88b1d6d5e1fc9a1d548fc1626ff4fc,0.47637683,test_dataset_1
4babe10e68c1f10b0bc25cdb6a5bfe4b,0.3471894,test_dataset_1
4bf5a830dee1fef025c3947c058f3f9e,0.5550299,test_dataset_1
4c3035a78c78cb0fe7de411390e5e5ba,0.46409103,test_dataset_1
4c469ac148734216d0e6f1243e00bdca,0.3471894,test_dataset_1
4cb3a13b91137e15c8af8661c9245527,0.5202398,test_dataset_1
4d0f63070e528ed503d4349bed0098a3,0.49678934,test_dataset_1
4dac15c8a89e8fd02d2682a52aa78a2b,0.5550299,test_dataset_1
4f75e082a8e91c28a39a692ac5a71eb4,0.6072905,test_dataset_1
5000088a6ffd25a7e4bb2c4d7cbb2d5c,0.60147613,test_dataset_1
532e6a0e3eaf3ca12f01dce62e1492bd,0.35709584,test_dataset_1
532f82983edcef9c97923ab952f196d8,0.60147613,test_dataset_1
540aeec2c83c4e7098035d975a6c3b4e,0.47637683,test_dataset_1
540bb9af0f3b631afcce6049c011a8d7,0.47637683,test_dataset_1
5673db27d3edc415bb27e4e6c9103850,0.44461504,test_dataset_1
5686fa512f5692cc6fcf275c0a0078ef,0.44803885,test_dataset_1
56addd4af9240f18150260299d792ebb,0.46303755,test_dataset_1
56b93449283b5c5ff14e28b8225ac3a8,0.612313,test_dataset_1
57169e97edcc490c6688e48a5a074622,0.7904633,test_dataset_1
57893b481163d655951dd6352a9716b8,0.49637508,test_dataset_1
57a6a6de21ec83b57a7b604bfda3335e,0.515381,test_dataset_1
58f3db487f7fcd93c805b39d6d60f078,0.36789984,test_dataset_1
59f5681187d638f9dc9ed2a7dcf124b7,0.23856848,test_dataset_1
5b28165798a854f38cb61a6e13e66683,0.48847702,test_dataset_1
5b88f33f0ab9b414c1223ff50d5421b0,0.48847702,test_dataset_1
5bb98e30e90a77fe6e929b23e77083a4,0.46303755,test_dataset_1
5bc9ddeeba19abf33747ab17fe1005e4,0.36671188,test_dataset_1
5c95e5fdb7ecec1a9a30af86d4229531,0.49637508,test_dataset_1
5d0a2eba5661816a7cfd5ddad670f789,0.6121,test_dataset_1
5d9fcd8ccdec36314571eb1250e1e464,0.6072905,test_dataset_1
5deef55afc7abd931b57cff307cc9231,0.46303755,test_dataset_1
5f17e5502cb2e777d18c26850163defe,0.5172882,test_dataset_1
5f6d827d0a575ad3bc3023dfbd1fff69,0.56155753,test_dataset_1
600ce1b8b4b53f50c6bf2f01adcd3558,0.48847702,test_dataset_1
61916d5e096afb1c5a56bef012823624,0.60147613,test_dataset_1
6277f3ecd7b5b6a9b47ece78b91cf8d3,0.3471894,test_dataset_1
629cbbee4e0b335eb27b2e41eb7f530e,0.48713177,test_dataset_1
634a6787233e8bb14d22c25a66f4063a,0.5389917,test_dataset_1
648b961d27289643fd4f16d471fb5307,0.44803885,test_dataset_1
6530ffd2a0f59a3d975307b433704183,0.47637683,test_dataset_1
654b0e87d64aca1625a58d9111fc65fc,0.3471894,test_dataset_1
66020b4ffe6a6a79d6416216fdda34d9,0.51830184,test_dataset_1
665f5229495e14f07ab8276a05166e6a,0.48257077,test_dataset_1
6669f26d5a51c378e852c81238d03a33,0.52005917,test_dataset_1
66ef2a0c95b1a74023b8e3ed4d133e51,0.67108047,test_dataset_1
67a302eb268920ef09581b8f2acad9fd,0.61537683,test_dataset_1
67d4b1c34c1e8f1219feaeba2f71c512,0.44803885,test_dataset_1
68e13c7e42e6f8ad36a85dafbea55ee9,0.23856848,test_dataset_1
6a52ebeb0b54b95f128f69f78bccc6a6,0.46409103,test_dataset_1
6db40ed1db890200256f92cdd01d4732,0.3471894,test_dataset_1
6ecca4fd6ecaadd3123ba01db24daee6,0.612313,test_dataset_1
6f4c12e0a2f68c188fc55e3facfc063e,0.25466323,test_dataset_1
6f5432f972e76004af4814a6f04d5a41,0.5425666,test_dataset_1
7117d6bc9b8889591e3b2f6991cc4c00,0.47637683,test_dataset_1
721c901bba71f006a2f17f64c57f9cd6,0.35709584,test_dataset_1
7291fd4d100b75a089cefb99a1463513,0.48847702,test_dataset_1
7394a84349146197484ea84ed363b1e7,0.7904633,test_dataset_1
73db1aabe55ccfdf36db7497bdc27d3d,0.36671188,test_dataset_1
742b375794b28b35cc076fc52f2759e1,0.43320027,test_dataset_1
74cb6fa4049682f20a5c46e9af846b86,0.6614627,test_dataset_1
753a44fe517c82b01217116e33526d0e,0.49637508,test_dataset_1
754d85f575ed9841dda38d05eef9f0ec,0.5172882,test_dataset_1
75cb2b95463c9ca359b934190ae76e66,0.6072905,test_dataset_1
75ea7dae7a6e60246e2b096975271e3f,0.43846613,test_dataset_1
782d3bd97db498498046c786f14139b3,0.6614627,test_dataset_1
79b30256fd74aa8ec1ce01fded552913,0.67108047,test_dataset_1
79f6450b551788fd9d1478f3d0694c77,0.60147613,test_dataset_1
7a33fdfcb96d7c236e466c1bb92f5bb5,0.612313,test_dataset_1
7c260611969da3aad7c854a72f26487d,0.3890795,test_dataset_1
7d0c5a5538391d843fb089b2e50a5f30,0.43846613,test_dataset_1
7d34c01094d88102f39b65a36f600861,0.44803885,test_dataset_1
7e9fd6e435a84b64927ee5e3d8f4e05a,0.43320027,test_dataset_1
7f61fa257c7a9b1757b629fe0686b9f8,0.54166704,test_dataset_1
7f62ca6c888f891d8f39c95f126ba05a,0.3471894,test_dataset_1
7fdee0cd4916cb16ab0674b3226e1431,0.5425666,test_dataset_1
81289c2f72d9bfda87a2ae0fd63c7a5c,0.46303755,test_dataset_1
8162838b8aa1f56489da92519efee80e,0.3890795,test_dataset_1
818a5aa6767d35c0c821df16016b0d88,0.6121,test_dataset_1
81b61b77f18e592364832f43a41c1840,0.5172882,test_dataset_1
8233aec7dc0bd87620ca803c5a87b565,0.48847702,test_dataset_1
8242fbdb060a31c453b779664fbef2c8,0.46303755,test_dataset_1
82be1a073cefe41cf7b7810e91160484,0.5834831,test_dataset_1
82f3a711dec8c6a23c27c1721180fe31,0.60147613,test_dataset_1
833407b1cc4fc98fc9c306d0cf70aee4,0.78560525,test_dataset_1
847b62a4f7521fd409a4868ba1de4668,0.5550299,test_dataset_1
853b11ca7b92c03160b84130031672f2,0.7729914,test_dataset_1
85a0e2eb9a495ef459ede79d74800c52,0.49678934,test_dataset_1
86036f85cc5da58f6ee7558b61bd1ff1,0.6121,test_dataset_1
86a5a0f53d540a71725daaa2bd5bb851,0.6121,test_dataset_1
8711d0a5f012f93aee02d367e455b031,0.5500353,test_dataset_1
8808ca0fb8cf047a3b55d1e3d29a506c,0.52005917,test_dataset_1
88c9f31d8171ca20ac2c1932a4a4a383,0.5425666,test_dataset_1
895e7f46b45defcea7117c6f799b886a,0.36671188,test_dataset_1
89e2ac1300ed118bc70a0a31d99a5120,0.43320027,test_dataset_1
8a1ba3afd22815a97e1c508450b32d7d,0.46409103,test_dataset_1
8a80b9a2ef7cdf5d8cebce41e839de48,0.3890795,test_dataset_1
8abf3b1c9543b3d21e5a4d53dddee4d9,0.49678934,test_dataset_1
8aed9ea6f9cab1db1e5e4704e502290f,0.5425666,test_dataset_1
8d0d0e1104d79f128212d6887074d885,0.30547854,test_dataset_1
8d7ac2c42602fafcd7bb666886b60984,0.5550299,test_dataset_1
8db1abe7a872184867175f24dc7efac6,0.5202398,test_dataset_1
8de0b715353aa0f850a6377659d587f0,0.5172882,test_dataset_1
8ee3b0d87410b429577e8e5b7bb39dd0,0.5172882,test_dataset_1
8fd7ae4143b7e90e79c528bbc5306308,0.5769633,test_dataset_1
902b9cc34c753c1814533bdfdd7c4fd2,0.43320027,test_dataset_1
902ff533739a30a630c56c60147ad677,0.3145584,test_dataset_1
9049a11ed6e308a5e96f504ffa603fde,0.67108047,test_dataset_1
905ebffb011536985037d63862ada90a,0.51830184,test_dataset_1
91aac6df65ef3f9d15cd8ea8330bc211,0.36671188,test_dataset_1
924e10abd94f3d40c15950e7e42efd77,0.44803885,test_dataset_1
93655987206ab466f621fa3762b029b7,0.54166704,test_dataset_1
957eef1785d6926af9cf7143a1e8e60c,0.59486157,test_dataset_1
960c64245837dcc5873d5c8d57f34e84,0.6072905,test_dataset_1
962c9ca994498148320acd87a0af10b6,0.5172882,test_dataset_1
9639afc19707975961b01fdad672e621,0.49637508,test_dataset_1
967fc5315f27f2b10943397d4c5ee50c,0.51830184,test_dataset_1
96880085fc55b765378ceb4dcb7ff2b3,0.5500353,test_dataset_1
96c32df1b5a48af32c9ace4f64fd1189,0.36671188,test_dataset_1
96eb5992829f3ca99d52fd1d0ad4f66b,0.49637508,test_dataset_1
979ceda65d75df7ec7e427c91c587528,0.48847702,test_dataset_1
97f7c6624bc0de89bb60bf5e6a2272e6,0.67776287,test_dataset_1
988cdcaa392212c8bd57af4a12529304,0.25466323,test_dataset_1
9922d1c87f6dfe1a3d44652fb54769a0,0.48847702,test_dataset_1
99ee4cb291ed849bf5125dee02ca11a8,0.61537683,test_dataset_1
9b97ba12c7c2c9c741cb9610987ea956,0.46303755,test_dataset_1
9bfd32e590ac0b560f0b071260df20d7,0.43846613,test_dataset_1
9bfe8a72a0458a8bf997fd41b5e3ca46,0.51830184,test_dataset_1
9c8f91a8fb933665c2ac1a407da02144,0.6121,test_dataset_1
9cf0c9782080a76226ddf39bd56a6a3c,0.44803885,test_dataset_1
9da521afc76557d46085e3823761b4ac,0.44803885,test_dataset_1
9e49f59b69b407c1870ab95ca2151388,0.44803885,test_dataset_1
9ed8e59dbcb1e0ec93bc618fa1cd73fb,0.26143804,test_dataset_1
9f175ea0db5f5ecc785860a785e345f8,0.5550299,test_dataset_1
9f617d7b62d2b83af757d0221270638a,0.46303755,test_dataset_1
9fdc772c0db96da6213090e9524604f2,0.51830184,test_dataset_1
9ff23d20cb566da437a462d6b53fc54a,0.78560525,test_dataset_1
a08f6e282ca1c6b07ed2a5e90fbd848c,0.78560525,test_dataset_1
a0ce4ce31c81019045e63df3b3595625,0.5425666,test_dataset_1
a0f406701fe4712a72e4ba4fc35cf69c,0.14785369,test_dataset_1
a118cc2422f030e46a83df81ff30cf2e,0.56155753,test_dataset_1
a1aa3d69e764e84e9f057439cf133bae,0.36671188,test_dataset_1
a1db5a0411c681864d40bc7200f7997c,0.44803885,test_dataset_1
a3471df8fe57a25a3c5c37b2407d75f5,0.48847702,test_dataset_1
a39f6c2121d246b41461508b20838a8f,0.44803885,test_dataset_1
a6f5cc4ec95e7b1c1d7d5de7d4c2403a,0.6121,test_dataset_1
a71a16814c51358498d58213349ddc4f,0.49678934,test_dataset_1
a751507cc267eb75c435a4f734d6c1da,0.36671188,test_dataset_1
a88a25259189b12436f549874024ad42,0.6072905,test_dataset_1
a8a33b25f49059ef2411c1f1fb0d9ff2,0.3471894,test_dataset_1
a8bf69db5e2ce2555ff68abaa67a1226,0.515381,test_dataset_1
a8d55f661eea5fa71ba4aefe17f04e75,0.78560525,test_dataset_1
a9087b2456909c0e61afa69b3e5dac92,0.38604537,test_dataset_1
aa55d8f402b9dacc9bb564f943e10b97,0.5425666,test_dataset_1
ac61bbdd66cc882cbb5df06c887c9c17,0.6614627,test_dataset_1
af343757c215393d97af99d7dd2c8ce1,0.5500353,test_dataset_1
b026461731a630d15280e2d47c368d6d,0.36671188,test_dataset_1
b239708ecbbea77d63f1b1bc3ef51643,0.48847702,test_dataset_1
b2ce29754270738226990fafebaeaa40,0.43320027,test_dataset_1
b2f33d5fb2ce083aee1ae98ec3cdf508,0.6121,test_dataset_1
b33566170cda182f0e5574d671f7a9e9,0.5834831,test_dataset_1
b4913dc8c19aa49911f5e64cc1012f39,0.26143804,test_dataset_1
b492d80229f01e150c8c3258237e7e5e,0.6614627,test_dataset_1
b4975c1ffc5a5db43665b38c7f4ab76a,0.5202398,test_dataset_1
b50c7754a472dfc51ad64c201a530b40,0.54166704,test_dataset_1
b6a9257366d142c34f1f5c614e7745de,0.49637508,test_dataset_1
b6c4240ac15ba9674246b9df46d5316f,0.5172882,test_dataset_1
b742ef567e3c2ac69ff097bc5a2eb27a,0.43320027,test_dataset_1
b87e48787683f5ebcea80adcd5bd095c,0.7904633,test_dataset_1
b974e6a8100d3f114ae018fe51f020ab,0.46303755,test_dataset_1
bab1317514684b710cac20ab795a0045,0.36671188,test_dataset_1
bca124b0d133ebb9a876c2d03093dea6,0.67776287,test_dataset_1
bce2bf4178b7d564530f00c2da406b39,0.59486157,test_dataset_1
bd3cc1c3e85ea0936ba11c73c346312d,0.23856848,test_dataset_1
bdbc65d47ff079050bd5e8065de8c812,0.36671188,test_dataset_1
be420d0591376c4702a95987fbbc77af,0.51830184,test_dataset_1
beb1b2656a3ccbc748a8e9feb962dc93,0.5172882,test_dataset_1
bedf598bf0bf567bf9c79d4c4a8de65d,0.6614627,test_dataset_1
bf0a1d000da52a33170fcf59dbb56e57,0.5769633,test_dataset_1
bf65c30e0a3d5d19c10976d6c1b4b303,0.78560525,test_dataset_1
c07275dd18cdcca17ea7f7cdc765c6b6,0.44803885,test_dataset_1
c0baec389df47017c01431ff4c7fddd2,0.44803885,test_dataset_1
c185f8fce4037759ec612efd645ed8bb,0.78560525,test_dataset_1
c18adc66bfb1967741ab6efd64d02b61,0.48257077,test_dataset_1
c1d940da1a2cf63df173c88f9a4cbadf,0.5834831,test_dataset_1
c3d408f5cda2206fcf7e33ef24c966c9,0.49637508,test_dataset_1
c54dd350b4f566dd42ed1f43552e5370,0.49637508,test_dataset_1
c56961e66746d307a7418344d68e5c83,0.60147613,test_dataset_1
c60aa355d832ac0df3002d8c9ce95b86,0.4697163,test_dataset_1
c70f7d0fb22c7d214310f8782860fa2f,0.3471894,test_dataset_1
c72fcedd47f40e3115842a70b355f759,0.42322972,test_dataset_1
c7a11ab067f7531164fb1e7be98a6778,0.52005917,test_dataset_1
c8113e55c1f8735b119caf72da5d1a95,0.5202398,test_dataset_1
c83b5871a27279f635a30d1afe518e15,0.44505587,test_dataset_1
c94dafaa5fd8a52e42ae6e05658f3524,0.5425666,test_dataset_1
c9b3856500f7cefb48987faadb63a9f9,0.67108047,test_dataset_1
cad973814f3225f412e1fb68b3102724,0.38604537,test_dataset_1
cada535870798278f13a38019a8912e3,0.5172882,test_dataset_1
cbf2cec58d927eb948290b643fcc4577,0.3890795,test_dataset_1
cc1c0110d80290ace303d1d156037f85,0.7729914,test_dataset_1
cd2d1f03db85b2ebc4eeaff565d921e0,0.78560525,test_dataset_1
cf7bf4558019a09c3d934178cc043d9e,0.43846613,test_dataset_1
cfeac925272ddabd38b0e1ab58c18f57,0.43320027,test_dataset_1
d0fce58a99dc544b92c3d76f68dc72cb,0.26143804,test_dataset_1
d19854efbe93b6bdd66a39654e407a43,0.60147613,test_dataset_1
d283fd3e594f30b4b6bf9277e4db755c,0.3145584,test_dataset_1
d2b11b2afeab0bce396a26bf8c38c675,0.67776287,test_dataset_1
d2c09faa2b1e23e39451736175487991,0.5172882,test_dataset_1
d311228327c106d2117d58bb16a0ae92,0.3145584,test_dataset_1
d4c75169d9ad4139c4974ce40cf1c48c,0.515381,test_dataset_1
d55832a44fff37a80b62a6f3ca43056d,0.60147613,test_dataset_1
d57397a8a741eddf36e69e0871eb0807,0.67108047,test_dataset_1
d580d9107d12015c56a5f991de59e402,0.43846613,test_dataset_1
d656923dc76de72807ca03b310f63dbd,0.60147613,test_dataset_1
d7df4f7b3dbfbc5fa1e21b420afa4cc0,0.43846613,test_dataset_1
d7e4ddb44dceb672029deb8f3adbcd04,0.23856848,test_dataset_1
d7f90fdd8885aefbb7fd92b53f3b89d1,0.49678934,test_dataset_1
d9551e2a3ebda30842a0a95ce51f2bd9,0.5444572,test_dataset_1
d9a3c28ecb99272729f488885f499309,0.36671188,test_dataset_1
d9bdaeaadde5f87dc27feed274a438c9,0.5172882,test_dataset_1
da835c694e4c781b28b9dfef7aa9c123,0.44803885,test_dataset_1
dae0c295d878cc082a970d195687c153,0.44505587,test_dataset_1
db112e077fcdf351061539971f580cea,0.4697163,test_dataset_1
dc03ad045abaa75cbb90fedee2eda6b6,0.46303755,test_dataset_1
dd19ee2fc7b320b5babdf4edfbfadc58,0.78560525,test_dataset_1
dd6b982472a797fd382110c44189b6a9,0.46303755,test_dataset_1
dde7dc493f7fd01ad2dfce99f941ee1c,0.44803885,test_dataset_1
de6a0fdb372a8ca1c0e3c18a18d6803a,0.49637508,test_dataset_1
dfc582b4f09c65658a08fcc019b9ec7e,0.61537683,test_dataset_1
dfd5221cb3f721cf6e49f481030cc3cf,0.25466323,test_dataset_1
e06496dac274765e75313a95d441f3b8,0.26143804,test_dataset_1
e12c99800e3e74f52c6b7ebb867db053,0.5662689,test_dataset_1
e190e7c35f4e9c01ab1ada689c3dcd41,0.7729914,test_dataset_1
e1ac67a859cb2bbf352fc2c88ab99ffc,0.5202398,test_dataset_1
e2b8b3329382a9da5a101cd52ce49a47,0.5834831,test_dataset_1
e35c758a6d4e6dde312bc8837d88ebf4,0.48847702,test_dataset_1
e5a41392c09f8b1a1d2227129e23b952,0.7932164,test_dataset_1
e636e6ccf9423cef7f03430e759ebb87,0.14785369,test_dataset_1
e6b431f594c65d0cf1fcf2f2c243d7c6,0.4467785,test_dataset_1
e6c60f9eed982dd07251e514c740a30b,0.52005917,test_dataset_1
e95adc374d615bba22b4fd0530a5aef3,0.43517548,test_dataset_1
e9794f33155b3484656498158418f023,0.5172882,test_dataset_1
ea2d2121d0a8c69dfb3bc00accb7261e,0.5550299,test_dataset_1
ea6c62a8d3d47112622ad358c290d124,0.48713177,test_dataset_1
ec7735d75a76d5695052f826014bc9a6,0.49637508,test_dataset_1
ee210445253b3a3cc08c43e17b1978f0,0.36789984,test_dataset_1
ee3133357a45eee5fe1c88a30b2f42e9,0.47637683,test_dataset_1
ef5467be346d098ed5cfa0f42ca6af9d,0.5834831,test_dataset_1
ef76dc964e8a47582e244c5073829351,0.7729914,test_dataset_1
ef8150c24a19480bbf156f03ed4fb140,0.78560525,test_dataset_1
f0cbfd53aca0af838f38b2f9b58b78d9,0.51830184,test_dataset_1
f150ed8fa9e86824c36bb21b505aa76d,0.515381,test_dataset_1
f1bd0dd4236e4f4014826293adf98fe2,0.5172882,test_dataset_1
f1d696ac621f30c467640a527a20e0cd,0.78560525,test_dataset_1
f2c41df00ec3717da10cdef04c2e61db,0.5172882,test_dataset_1
f2ee3ed66151644fc66c29e9be7915d0,0.49637508,test_dataset_1
f306d7857532708fe2b44198b385733e,0.60147613,test_dataset_1
f3a26da18f65bdd942116a818064c421,0.6072905,test_dataset_1
f3ab0fb4425215c096d76a4ea6d7383b,0.5172882,test_dataset_1
f457375dae66566f78b0b513cc6043a2,0.48713234,test_dataset_1
f473c60c8c6bf202a44523423c76867a,0.3471894,test_dataset_1
f59fd2bff57b99dee03dd68b14134118,0.60147613,test_dataset_1
f61eda447c14f9d96ac6099a378d6a70,0.36789984,test_dataset_1
f67cca4f14fa770dcfdd055b04e6344f,0.5425666,test_dataset_1
f6a1d0997147114b77c492a3eec66c12,0.48847702,test_dataset_1
f70a88cb488fb0e0cbc1e1aaecc46534,0.612313,test_dataset_1
f8060f5c9c0113e56e9318d6337f9060,0.43846613,test_dataset_1
f865fa743902cd62e26549a61bd48412,0.48713177,test_dataset_1
f94f11afa2e86305ceb50e4f7bdb6270,0.5172882,test_dataset_1
f977f1e5445155b4f0c005875f5b3e21,0.5425666,test_dataset_1
fa2de1d15c51d8988ccaeddcc82525d2,0.43320027,test_dataset_1
fb1a65b2f36542e97f4af91eccd0b8ca,0.5425666,test_dataset_1
fb666d244284ab88940352226588e125,0.42322972,test_dataset_1
fb949f48f5710332ea721058d47540f2,0.14785369,test_dataset_1
fbf951a9e2b6337d872a6c054ab95c7f,0.3145584,test_dataset_1
fd4ca3e7669f048b3e2095bb1235941e,0.5172882,test_dataset_1
fdea0e49d92b7edf034a20a3d43e730e,0.44803885,test_dataset_1
ff574bac34edc5ad86bb4b40b803e02e,0.42322972,test_dataset_1
ff7947705d67ec6def0247e24912eeba,0.49637508,test_dataset_1
44967b361684556629a8b61288daf20c,0.5834831,train_dataset_1
36c146e43178cc60d3694117e85cf8f0,0.5202398,train_dataset_1
90e072812957e184a00d7dd6e6fc1113,0.6072905,train_dataset_1
e067bc70fd5eb332289ab527ee07b10e,0.61866105,train_dataset_1
e23d10263fd2069cdf5d7033532d11ad,0.5425666,train_dataset_1
b7d83c8a21101191d966f4f4b77cbdd4,0.42322972,train_dataset_1
a7884f7b291d299c33b4842924b48cf9,0.59486157,train_dataset_1
fa7de15e4bb7abd6155f9a2a7c0069ac,0.14785369,train_dataset_1
58b814b6ac61deba62daf1aa4982a9ac,0.43846613,train_dataset_1
aeecf5fd37fa2f1120f1dce8042e1b8f,0.612313,train_dataset_1
0c11acf4b95d22feadc2a41ebe034ae0,0.43320027,train_dataset_1
d2939830eccbc0da2d98b50b93649b61,0.46409103,train_dataset_1
7b1c67a25ad5268b8dd9b430c64ceda6,0.35709584,train_dataset_1
cb76ea39c8e932c71ff3a9ec6859ab28,0.43846613,train_dataset_1
0dd379d5b10327f94f1e865d1e000db9,0.44803885,train_dataset_1
11ecc506c8067938ea9a8d45e5c302d6,0.14785369,train_dataset_1
c3db399bcaa57a640cfa2197d5889e90,0.5500353,train_dataset_1
801a42b83e28a8abef096659c15647b8,0.6072905,train_dataset_1
3078992db1dcc2f3888903bbdce2627a,0.36789984,train_dataset_1
100b244f58fbff64ca366d6573c51a53,0.5834831,train_dataset_1
376eaba98c9075b304b6fcb0af21404d,0.5662689,train_dataset_1
8f70f03f0c19b6c6116fec0064c33018,0.36671188,train_dataset_1
53e2ff0f5115c3aba57e248157dcbe3b,0.51830184,train_dataset_1
fa06a47898cc95c9b051114b955be774,0.7932164,train_dataset_1
615acd294ac096d6db4e2697b1e0150f,0.36671188,train_dataset_1
187dffcf7efc2fd3526e34f9d78ac420,0.5172882,train_dataset_1
5be06d10bdbd6b18dfe6fd69f3beb702,0.7729914,train_dataset_1
19adbfee7245f392b08a703f7fa46c78,0.5769633,train_dataset_1
d6434c563b0afed2404f1e2bf3a53173,0.46409103,train_dataset_1
e826140e8025b12b82aa7f74873e972d,0.42322972,train_dataset_1
971bfe0927d4d6891088232a31a5b91d,0.23191722,train_dataset_1
c985b7f6997595c460385643fc8f5334,0.38604537,train_dataset_1
062f34ec8cda4ba197bf953483c00669,0.4898539,train_dataset_1
1c379d4c42fabedc505d187ed9b20537,0.6072905,train_dataset_1
b57437861d02fa07172ae0d1b2c1aa77,0.59486157,train_dataset_1
694a8a3b58cc4ebb6006ec8f6a96495d,0.23856848,train_dataset_1
922d17f1c6b09a5594e1e047911e99bf,0.36671188,train_dataset_1
c5d62c7b7712c4d58cb10fa139959fde,0.51830184,train_dataset_1
2fa198e004f071652ae09467ddece50a,0.44461504,train_dataset_1
5b9661e23add903b72070982b8d728c1,0.6072905,train_dataset_1
255037f118677027547599653fcfa2bd,0.3890795,train_dataset_1
3b19745072ec2286d4ef0e1b272156e8,0.43517548,train_dataset_1
a96469b51f8746343d50e758bf7e271f,0.30547854,train_dataset_1
4358c9cdee297ceaddbbde84be619f4d,0.5662689,train_dataset_1
80148e109316ddc633c085fbccd9d9bc,0.26143804,train_dataset_1
6358940a0912e4793316acf8ee03decf,0.56155753,train_dataset_1
cb0f7bc57b0fd6a8b30566de9e909323,0.5172882,train_dataset_1
f98c0f269d2cb5ec4d3d365eba39e063,0.44803885,train_dataset_1
ed0e20e1bc5c11bf2eefbd8c2efb2a9d,0.60147613,train_dataset_1
2ccbf7fba17e94b679d76d1b45258b19,0.5500353,train_dataset_1
8791f36522e7a29245a5ac4fcd8712d4,0.67776287,train_dataset_1
3c9929bbe61c424b847f07a671382d86,0.48713177,train_dataset_1
b9d3b89798f5e1e79a011bd3a3793919,0.6121,train_dataset_1
8d3f4228974665d77b59dcd9880fdfea,0.46789658,train_dataset_1
f0b7f69aedcbf3b13c613ccf93266e32,0.56155753,train_dataset_1
b7d3311693a21336222fa5d28f9c9d13,0.5202398,train_dataset_1
7fce1a0a742138aacf049a09cf13da4c,0.48713177,train_dataset_1
2cdfe4f4fb6af156b3c78af26054a031,0.48847702,train_dataset_1
b95c26f9060b017121ae2f363de3e758,0.78560525,train_dataset_1
8aad5085129d8454bff75ddc03392569,0.49637508,train_dataset_1
791e2ef29e919c2634d9684e8a7c62d3,0.56155753,train_dataset_1
a02a4e29e0bab673383c845b6de9363e,0.48847702,train_dataset_1
e9b2228236291c04b83a0e1940e78cad,0.49678934,train_dataset_1
852af6077b8338cf6fc426db6f1e0ebc,0.5769633,train_dataset_1
0444bd022971b4560d9db23e459a28f4,0.78560525,train_dataset_1
43be7f13fe353d8efa7f5003165358e0,0.23191722,train_dataset_1
141714efc56d08c1a30781990b95bfb1,0.23856848,train_dataset_1
da525339b2bf65f5590bc2fdea3cad5a,0.67776287,train_dataset_1
fb9892a957e7cd3b8c54fd186d715b68,0.51830184,train_dataset_1
8c98426fd7a2d708a199f3591da9aacc,0.48257077,train_dataset_1
a7207435b247ff50b4612c0107e76ebd,0.48847702,train_dataset_1
3767fec532137831885b66722efce4b5,0.78560525,train_dataset_1
8a1de739f1de65bd3d0d0c677721077a,0.43320027,train_dataset_1
3bbf19269d7329a2c801c990dea9ea71,0.46303755,train_dataset_1
37d346114354826453a126f8c30f0aef,0.48713177,train_dataset_1
552a22fc284d58fab4ac0de92ae574e3,0.5425666,train_dataset_1
c945a14f97d33fe15c418d100d0c96bf,0.7932164,train_dataset_1
bd58795773ae21095f11369e53699838,0.612313,train_dataset_1
5c3f2c657d4fbbf4c8efdcedbd80de9a,0.48713177,train_dataset_1
3f00f8f8ad5d09ac7e89f72901bf3bfb,0.67776287,train_dataset_1
a81702eab098ce00ee16ca1476f2c3dc,0.14785369,train_dataset_1
b1329edb738f531b63959b7914400580,0.5172882,train_dataset_1
b5f8f1727b1d189f3abb361db95b42cf,0.78560525,train_dataset_1
5588ec125be837e736696f613d14e287,0.48713177,train_dataset_1
07ac7668d25f376f86eb1c0d56546680,0.25466323,train_dataset_1
07f46315d5bb2129080bc4ed4e29c724,0.48847702,train_dataset_1
51515953fced459ddb19343d4f5534f8,0.7932164,train_dataset_1
384d1cde718d678ea4b843efba9ce207,0.7932164,train_dataset_1
d237dc78d8c5a0be5a572958b54daa8e,0.5172882,train_dataset_1
dbc7644a5fdae892bb9b5e999cc2a9eb,0.48847702,train_dataset_1
4e443dba2c058c53884f3b0d0e387fc9,0.61537683,train_dataset_1
0cc84c84c5d7084241a2ef954d744a6f,0.5662689,train_dataset_1
3e124114b9f91cf16b574b345d66675d,0.49090752,train_dataset_1
ec0f8cb6dd5ab18a4ba2df28bbd7d9d9,0.5834831,train_dataset_1
c7204061ef48a9c75147f1485986347d,0.36671188,train_dataset_1
2c65ef1f4fd1744fc8177cc73f63f589,0.48847702,train_dataset_1
f87c769dcd837ce9b49e60fd772472ef,0.48847702,train_dataset_1
0f5bbbef3e52a26f7544ef446a240ce4,0.5769633,train_dataset_1
d0b7d467a94dfc96e1854a32dbd4da25,0.52005917,train_dataset_1
aaf4df6e8ca57a1d2d98b8797d3df080,0.59486157,train_dataset_1
03ad9fa7ca5f3037b4188b3dd66fff9e,0.5425666,train_dataset_1
a9aa80c1818756b89b9163e14fce4bd4,0.3568795,train_dataset_1
be35f6869d49ea90991935020dbbd520,0.78560525,train_dataset_1
e954782681307075afff9012fd12a496,0.7729914,train_dataset_1
c4f67314b934745f697fedb7a240233d,0.61537683,train_dataset_1
76195378f639fe6c638e1bd6da9a9955,0.48257077,train_dataset_1
cf19900fb732aa1e15cde5afb8e70243,0.44803885,train_dataset_1
78d6a5684c19f5c642929835192f1997,0.51830184,train_dataset_1
1bd269e2d8cf565f1e9daaa9c32d0b17,0.49637508,train_dataset_1
f8efca68cb35d7cc103b438d8acfe281,0.5172882,train_dataset_1
a3b8ef1675f2fab430f6d07847a3f70e,0.48713177,train_dataset_1
5b7ac20dd651019b082f4e3f81dabe95,0.67108047,train_dataset_1
7f5ece687f142dce95ce40ec1f254f0f,0.67108047,train_dataset_1
d4cbdc127681770ff970beea56c76106,0.44461504,train_dataset_1
8c458f7ea2d16143881c7f31a23981d3,0.42322972,train_dataset_1
aa6d48bf8a32c073f5d2995cfc9084f8,0.7904633,train_dataset_1
f44a0550244c284b87b67056098dfc5d,0.49678934,train_dataset_1
0c13f497197203cb63474ad40241d3f6,0.3145584,train_dataset_1
df72817bd722c041d0986c05ab0382db,0.5834831,train_dataset_1
06bfebb1ed62aba58fb3546b93aca7cf,0.51830184,train_dataset_1
088ba553742fe4e236f11c09d24a04ce,0.43320027,train_dataset_1
1f5a26a28d2727a41f3590c886007d97,0.51830184,train_dataset_1
3cdd875e5f7b3808f39ab765044f6232,0.43846613,train_dataset_1
24174aaf0db41278c203c1680b81dcd3,0.48713177,train_dataset_1
f5b7222e22a7cf05c730a1275753a334,0.38604537,train_dataset_1
62604ba33a340171638c5e85f5bdcd10,0.6121,train_dataset_1
8fb02b9a5d43405655a15db77a16c20a,0.3145584,train_dataset_1
cc53311a2baf0af1e0b28323b03f55f2,0.43846613,train_dataset_1
9552d61e79daa414f39cc0423dfccca9,0.36789984,train_dataset_1
cf9263763839df4ba91c08d6d334b793,0.49637508,train_dataset_1
2e5f5090f494e82c5f51c5367d6bd9f8,0.61537683,train_dataset_1
6a8eaef6347bee65f3947cfa602273f9,0.35709584,train_dataset_1
f4015b3d23753699082f3cef928097d2,0.47637683,train_dataset_1
212fb0e8018f924b090889bd81454111,0.3890795,train_dataset_1
e3486b556ffc7628088fa6545de568cb,0.14785369,train_dataset_1
053dbaa68db2e883853c215fccf0ad71,0.43320027,train_dataset_1
b541ea56638c7705c3b22ab0ec6d76f6,0.14785369,train_dataset_1
55c1052c4bb3e51d637fae292fa88e15,0.5389917,train_dataset_1
b9be0aeae4943e0740e6a35b17f0f471,0.60147613,train_dataset_1
1652d4945a0cf7e9568bfadd8f2220cc,0.52005917,train_dataset_1
044a43c4f67c064790a94a3c220eca8d,0.5172882,train_dataset_1
f5325def24f43f6ad081418a7b1a625a,0.5172882,train_dataset_1
12ca9bced87ff25acd1ec4d2c7f4e467,0.5662689,train_dataset_1
1203a44f2c646973a287e7688d0243c2,0.14785369,train_dataset_1
354264406eea6f987d6aa66f40daa7a6,0.47637683,train_dataset_1
fe54429616b0966531126a33d1a451b6,0.56155753,train_dataset_1
37b4042cef7f44d874f1084f2471a9e5,0.5202398,train_dataset_1
d500947372d21583160c7382ee66c770,0.48847702,train_dataset_1
41ec6dedded9120368018b101a3a6bfb,0.46409103,train_dataset_1
eaecd4964410dd426f298354cae0a351,0.4898539,train_dataset_1
73699aa718510388f13925f6d2c90cf0,0.6121,train_dataset_1
85330366a1423d8c58d7a996c4792037,0.5515798,train_dataset_1
439e39df25fd0dea1e8fef62764d8e8e,0.5834831,train_dataset_1
54f711f46f6e7f1e476c9b3abd96fb26,0.36671188,train_dataset_1
2f95ef4d48b9f91a77a6b996f632d6e2,0.612313,train_dataset_1
5b152fe4538d1747d8c1b72861c753e0,0.5515798,train_dataset_1
d3315209674aac00c17b89367a671949,0.51830184,train_dataset_1
e0a34c5fd7b33f27bbfd0cbfd4347184,0.51830184,train_dataset_1
1298dec788249af46d73a80c477c2ac0,0.46789658,train_dataset_1
c051d5f4d42d419d7d39f10a4494eb21,0.36671188,train_dataset_1
524908fdc4caff34d60c73f6934013df,0.36671188,train_dataset_1
cc28838d67dec964513ed806d5411f01,0.7904633,train_dataset_1
d7e94ed05805329edbde6a5981769f76,0.6121,train_dataset_1
228f2d00a02d097efc9515e0fef2a91c,0.46409103,train_dataset_1
412104b01cf33dd2d13d60cc395a99ec,0.5425666,train_dataset_1
55ca8414f93cd4d5f1d177c18b4951c9,0.515381,train_dataset_1
3fab1f10ed1d95e9aa469cccb478daef,0.44803885,train_dataset_1
cf67bb1bceeb026c6a6c0ab7c67f4bd3,0.5500353,train_dataset_1
cfd0932bba1b2934e7360bc923b5a285,0.48713177,train_dataset_1
b7eabeef07e66d32b2b9010d056990a2,0.5550299,train_dataset_1
a16ab23bc7c7cc48e97310818f712d92,0.25466323,train_dataset_1
aeb8b0f1433f10cd6b75a36225e53e70,0.54166704,train_dataset_1
e25d8db54cf340c704762bee9589471f,0.61866105,train_dataset_1
95ee74736a7a05296253f073ec9d5094,0.5425666,train_dataset_1
b235c8321c3ddcf4e8a02c6301164920,0.4697163,train_dataset_1
82df7f5c2615eb0b1abb19849dbb7397,0.4467785,train_dataset_1
10e085a0fc168c084342019e80bd5080,0.54166704,train_dataset_1
d28240eae0349a2f4cf822f05dc9dff0,0.67108047,train_dataset_1
897d7ffba522fc89e8c8223ebe1bb7c5,0.67108047,train_dataset_1
81e0fdff1a689ab7ee3c2e597b8db783,0.3471894,train_dataset_1
8078173000ad22aa704d40e3ef0a5d9a,0.5550299,train_dataset_1
2bcc59a7565369ccc00dc4daf582ecf5,0.6121,train_dataset_1
e4495190cefad21db064c05d843f7bb6,0.49637508,train_dataset_1
23d2a5850846e00c5cfee7f0ef9ea1b7,0.78560525,train_dataset_1
76b05baba5d0d89fde0c344df875b9d3,0.47637683,train_dataset_1
37c0d0668d328dd90206a07a0e562e9d,0.44803885,train_dataset_1
84561c1c671f98cd66d548d37f77a4a3,0.47637683,train_dataset_1
9786b6934b3a33cb59bf4c0501678eba,0.23856848,train_dataset_1
86084011dadaabf6af279976cf2c13f8,0.6614627,train_dataset_1
49e552c660550a4b6616d1125232c098,0.25466323,train_dataset_1
2809ef43595eb7571b606ab12a707097,0.4697163,train_dataset_1
f53b4cbe17a717c8f4147657e728ad78,0.78560525,train_dataset_1
a5b4ede503a5396131b4ba3be500bccc,0.36671188,train_dataset_1
d273887f047cfb69aaf06ad6777a703e,0.26143804,train_dataset_1
746fb068db584dbd1c9f927bf2c50e06,0.3145584,train_dataset_1
d92d5febe655f292b99bbefbb7949039,0.51830184,train_dataset_1
4574d0c41fd0fe5c5d97a37cf8590de8,0.61537683,train_dataset_1
c6038a49f183342a279eed17fa6e5b7a,0.61866105,train_dataset_1
f5ae40ca5c891e3b30b78d526e7d6f1d,0.3568795,train_dataset_1
88eb15ea37ae775c88ccc6d59790c58b,0.51830184,train_dataset_1
49272837bd8dabe36a4092d2a88a6f84,0.3471894,train_dataset_1
e4f3547b6bc1517ff6ca0543cff90bd5,0.51830184,train_dataset_1
6f00f813a0954ffdb70b50981c8b3643,0.7729914,train_dataset_1
30851ec0da0c495d8dcb25b9df1472d8,0.49090752,train_dataset_1
609ea9bebb0c1c1c91bc682d11cff480,0.47637683,train_dataset_1
2a76e5b29ee3f7c69f9cf1631ced6471,0.3145584,train_dataset_1
7605964ec590259ae776bbbb13acd144,0.36671188,train_dataset_1
7f59f79a0b19254c07cacc17c8d5a9ba,0.14785369,train_dataset_1
3c7b5a564b95f9bad3d8b287232fb37e,0.54166704,train_dataset_1
90307d840a63d4c5f956bb719688b097,0.5172882,train_dataset_1
d6d56306cc49a2c5afbc8b2697dbecdb,0.51830184,train_dataset_1
13da3ba3ea412d02d21deb7d56b8ea05,0.49678934,train_dataset_1
a618cd19a0b4a84817e0136e3672a19c,0.6614627,train_dataset_1
9a838297a455a1afda142aa7da18cfe9,0.52005917,train_dataset_1
cf737e3013fef99060b44d5d736d3264,0.60147613,train_dataset_1
0cbcdae2efdf599c2bdb0971a2b719df,0.5834831,train_dataset_1
b1d8e43e924f2eaabd9177d01b7f5b5d,0.43517548,train_dataset_1
f018563387a6653b7f6643bade5050c7,0.46409103,train_dataset_1
d6662c8062e57ab91431d72b55eb42b5,0.7904633,train_dataset_1
c1351f1144bb1f889d8c56a1d815b1ce,0.5202398,train_dataset_1
694a35691543fba0d6051f9c5b72e939,0.5769633,train_dataset_1
f974e8c36991d2efadaed4107573bd78,0.43320027,train_dataset_1
3bece48bb760ba818b7edcd6980866ce,0.36671188,train_dataset_1
a667ae14f4618386a231b8d6068dd8e2,0.67314726,train_dataset_1
5895c6bf6d4d1c9b1eda6214f29e76b9,0.36789984,train_dataset_1
c9cefb1bf5e17e6d84dfabf8e2cfb2c3,0.43846613,train_dataset_1
91099fec4b5e7cadf356a0c277a60cbb,0.51830184,train_dataset_1
aa49cc426acc382d9c42fa3e1b22f2e8,0.44803885,train_dataset_1
fe7cce8dbe00a6ad4337d71721322efa,0.60147613,train_dataset_1
d517f74242c111e590323f0cd8e9eee5,0.6614627,train_dataset_1
4dbafa5df700d1821222491e9ac519ba,0.5662689,train_dataset_1
1ce953ec0c96cb271411103edbee272d,0.48713177,train_dataset_1
30b990219f73e889870a00506f982ea4,0.5172882,train_dataset_1
e931c09b405873019e0e3c38a057eaf5,0.5172882,train_dataset_1
ee6de3ecfb8cd374363f909999732e57,0.34946468,train_dataset_1
f7b52be40a1055ffa12b2dacb71e41b8,0.56155753,train_dataset_1
6f8886c96fb2e10c0cb46ed2e828c2b6,0.5500353,train_dataset_1
bb632bf348569d46d4531a80b35ea371,0.46303755,train_dataset_1
9d47eaabc03b523a030e140ea9be1b5d,0.5834831,train_dataset_1
3fbef252fd84a03b8dc4d91260e85e67,0.5389917,train_dataset_1
26c4856de5f14298b946041d17fc864f,0.5515798,train_dataset_1
0874872f4bfbff1e651c0fe7de177ea1,0.25466323,train_dataset_1
38db18b867a21afc6d3ce7883d2a3a30,0.7904633,train_dataset_1
b4e1847a2bd3fdb9c30ba6bc1f6552f5,0.5769633,train_dataset_1
ed1ca3bf43781d3d6a79339839c6371a,0.47637683,train_dataset_1
224b22448b9205b51bf445a3f72a3903,0.23856848,train_dataset_1
9e8b11ccc2b584267082456db22bed7e,0.59486157,train_dataset_1
337772c975f05ef997bc7da2a90b50f8,0.3471894,train_dataset_1
2aac3ffadb51369f57bbaf16cca30185,0.43846613,train_dataset_1
bedd451fdd8f7d310b0ef173cdf0d123,0.48847702,train_dataset_1
184b1f6f0d9d31d0dcbea62e892a7045,0.6614627,train_dataset_1
8566cb87c85171ca6f39894dc995f551,0.46409103,train_dataset_1
58147fd6337416a57e7b4eb71e4cad01,0.4467785,train_dataset_1
3e377d97d253b230a46c32144f4d8707,0.5172882,train_dataset_1
5e57fa9319ce7055ee04f97285de3c24,0.54166704,train_dataset_1
f3abfd7f92d25ca38a37e032c3488f68,0.30547854,train_dataset_1
768a820d13689f1f56ade34208414e16,0.3471894,train_dataset_1
079345f519c73836595374e2033ad926,0.5834831,train_dataset_1
daa0654f64e4b1dd4fd0e4881e32aed1,0.6072905,train_dataset_1
737a3cc8213a843ad19cd349d9f3023c,0.52005917,train_dataset_1
d4926163f117124e7e9c9a43e3849750,0.5425666,train_dataset_1
4c5aa6322df7e321f74306ae49e72222,0.44803885,train_dataset_1
19ac74b60be22cfe6ca0a37bfa1fc191,0.14785369,train_dataset_1
29b50c1ecbf64d480bce2c6f4527bd59,0.48847702,train_dataset_1
e8329da6b3f840af5ccd9b4ed848bdc8,0.46409103,train_dataset_1
77750865ae27635a4cf138ad7637fc87,0.43846613,train_dataset_1
afb7c668c6da2a2801bab3ce9c1c9662,0.5172882,train_dataset_1
33061d66d57fd6d32b11d0bb459917bf,0.5172882,train_dataset_1
6beefd83acfd4488b619d19868cb6e9e,0.6121,train_dataset_1
ea866bf678e3c8422e0465544dbcb738,0.42322972,train_dataset_1
fdda1d395843da98d22ee463020f6ac2,0.5515798,train_dataset_1
8b5499e5ecc8db03f227e933d8a140a9,0.5172882,train_dataset_1
a23b3300f5ae2dd9fb33a5ac4ba3a0a4,0.48713234,train_dataset_1
59a6519031de02a84de90e967d3752e9,0.47637683,train_dataset_1
55d74cf0e0cb126e4d922fabccf0f714,0.5202398,train_dataset_1
4fab9ff2ff13ca24a5f43580777b29bd,0.23191722,train_dataset_1
275d1da829b67b1774f228259a4e98eb,0.48847702,train_dataset_1
4e5a44d3022e08c58e36a19d4130546d,0.67314726,train_dataset_1
31ad30f77dfce75824f827dffb1a5f6b,0.49637508,train_dataset_1
f464f971d08eed52a56b82f9b9ff971b,0.44505587,train_dataset_1
485c8bfc8743dc05e2ec8d03a194332d,0.36671188,train_dataset_1
95cd21b3c22b2c05d68cd6d2769720aa,0.26143804,train_dataset_1
8ca413e8382b879904c1fc313de64c7a,0.60147613,train_dataset_1
3b6ab01a0936ba9fb87a5ec8b45845b3,0.43846613,train_dataset_1
2bc52b616b989497fa410eb9540f8c45,0.5425666,train_dataset_1
f2adacc3667b3bcff87cf843fb2cc506,0.46409103,train_dataset_1
936f46e8f01f05e8dae97df3df7d9e64,0.67108047,train_dataset_1
35aa81972390cfd9a6e16c78964f4eb4,0.26143804,train_dataset_1
55094aeeece710e9cc11be6995b914b3,0.51830184,train_dataset_1
e16939fe45b5502b6db74a00861278c4,0.36789984,train_dataset_1
9ea316ed328a915b0ec681e7ae0a7ce7,0.34946468,train_dataset_1
2f4a692e54c1d67d4152cf7ff6ed7e97,0.5550299,train_dataset_1
10962f61c24f86b994d6ff6ce0815e48,0.46409103,train_dataset_1
46ac9cf1fae3b94202067052d0795e76,0.44803885,train_dataset_1
ec0c139d31c35f17d92bff53b359f1e5,0.5515798,train_dataset_1
a662e737ad76906cfa8158a56e6466f0,0.5202398,train_dataset_1
cdd69bd7c71f30dbe215e9c6a2c36a77,0.5425666,train_dataset_1
e7792e3f4ede76e75ae86ef9eef80f3a,0.36789984,train_dataset_1
015a2cf593865573208110600589964b,0.48713177,train_dataset_1
c118a5e6fffa30b268395d9ed321a5ec,0.48847702,train_dataset_1
c2121b55685d226d12dc8c3e6b92ea8b,0.5172882,train_dataset_1
d4d3cf264d04689aaf925fe5ae6184fd,0.3568795,train_dataset_1
1ac98b863bfd2a15acd833af82744a70,0.23856848,train_dataset_1
b0eb0e2608abc7c36995db192dc9db1c,0.25466323,train_dataset_1
f398c6fb07c113b61bcee5041a0d40ad,0.44461504,train_dataset_1
6cb58b3059d51f4343a5a09a5d6b56de,0.5444572,train_dataset_1
e99f51f4639098cea4111d00b6f7a9b3,0.612313,train_dataset_1
4dd540c640cf1994a52b7f7e32729270,0.6072905,train_dataset_1
c37f66703003989f1044c7a830743b44,0.48257077,train_dataset_1
fcab19504e8513b8725572f3d2ba0968,0.43846613,train_dataset_1
1a83ed723d1fcaaff4a433c73b248297,0.5444572,train_dataset_1
6a19e74299615ce812332279f0ce4e09,0.5172882,train_dataset_1
3954300e95c3cc988b069774be657e3e,0.43846613,train_dataset_1
a7ad7708ceb383d51c848659661b2da0,0.67108047,train_dataset_1
010c35648700b4dcf7066a4a80ea7acb,0.6121,train_dataset_1
e9c9a48eecb533458ed58d42f28dd7c3,0.36671188,train_dataset_1
76f892d157f883fad1fcf16440ca3660,0.7904633,train_dataset_1
64518cdb3bafc9c2f384daf1b3b045c9,0.67108047,train_dataset_1
cb274e82cca588f1d32e2fff692c72fd,0.515381,train_dataset_1
9044a5a23b1aa89db5a785f4392dc9ff,0.61537683,train_dataset_1
d462f364fc95322c67beee4d77e092f1,0.51830184,train_dataset_1
d1aeeb848c882776a428ac3ce083edef,0.38604537,train_dataset_1
bea6aa76769160c18ec9343ec8a6ceb6,0.6072905,train_dataset_1
198c36fe08434fe0e45d7c4f79b9dc6e,0.47637683,train_dataset_1
a995d49b39c2d8d5455702431c54d3dd,0.52005917,train_dataset_1
493cc0b40b07fbee4329c822e5158ffc,0.14785369,train_dataset_1
b60981d6fa1b7db7a86ae8a58b8c5dd9,0.48847702,train_dataset_1
b829c6e1047f81ec16b0333e5dd2c696,0.48847702,train_dataset_1
2a326a9737117d110bb618bbc82d371e,0.4467785,train_dataset_1
15731125567458ff617c627ad16d909d,0.48713177,train_dataset_1
51a00eb4b0cd9afdd62512c5c0aa27ff,0.5500353,train_dataset_1
342298753bae812b4343e328c321c5aa,0.46303755,train_dataset_1
e257f5889f38dbf7eb560efea37f19e1,0.5550299,train_dataset_1
9d53c2b46af7bc7a45c275974aca52d6,0.48847702,train_dataset_1
5716ee01be4433917c92272984fd2b0a,0.5500353,train_dataset_1
d03d8ca267161461b451340f7b58af53,0.46409103,train_dataset_1
2198e92b182aa9572de8233c1144242e,0.43320027,train_dataset_1
cf614d108e2db691a8c72ffe82258169,0.6072905,train_dataset_1
1f10715364d1575f716033d862130fea,0.5662689,train_dataset_1
b7b5b9f69288b017d97ea1832852c611,0.7932164,train_dataset_1
52e957269a5628d1cc6c9b66b83b32be,0.36789984,train_dataset_1
67e4a332a876315142e0ed32dc13075a,0.43320027,train_dataset_1
58b7c12df2f182324327fa675f305128,0.43846613,train_dataset_1
36a9309ad307debf8d7bbfdb75535356,0.7729914,train_dataset_1
9fab116d8804771b4b4506645342c658,0.7904633,train_dataset_1
705ae31a250e7a26a153c5c48c0b12bd,0.48847702,train_dataset_1
1f4db3abfdff723fc8ac0d422d3c1842,0.5769633,train_dataset_1
bb0c7597d64836873eb6628e3b57cb7d,0.5834831,train_dataset_1
17b392e5cbf6003e5d95814d47317c55,0.67314726,train_dataset_1
8795a009d1f12a7b7529582c36022fc8,0.5834831,train_dataset_1
ba6900f9a31fb8f81fc16326d2068952,0.42322972,train_dataset_1
97038de367286e5082009e18a58c3c79,0.36671188,train_dataset_1
ce9da199bc61fe916b9dba3eb7a7f340,0.43846613,train_dataset_1
1d11e00f9e68a505ed8427d5b15aef75,0.43846613,train_dataset_1
be94897dcb211684ecfcd0a866781a7e,0.7729914,train_dataset_1
0a234348d89116650fb06bf0820f8036,0.43846613,train_dataset_1
33f9db8fe472d1ff0721a552481eb026,0.78560525,train_dataset_1
a4e7b12b5748878713007012a4488e7f,0.30547854,train_dataset_1
43369107b0450833afd9ddde751870d7,0.5834831,train_dataset_1
6f9a384b3077de3acd4cc9d51628470d,0.3471894,train_dataset_1
a91a01618c8dc724c6a66d036d2c9b6c,0.43846613,train_dataset_1
e023bd9c36ea53a55664d475be06fda5,0.48713234,train_dataset_1
e3946da4c4a5bb62fa8cf0b78cacf3d4,0.6614627,train_dataset_1
e8f684531a3e20d0a73ab70c9d28009a,0.5202398,train_dataset_1
e2a48e63f76cf05e5c242deda0edd931,0.49637508,train_dataset_1
953fe290d22df7715a7a13b22344ad53,0.36671188,train_dataset_1
6713a1e8ed2346029005133ef7b832b8,0.5834831,train_dataset_1
ec7a2c1309d6af2c0bbf50b3d1da8137,0.5834831,train_dataset_1
d3492ca4178be30133ce6b08736397fc,0.43517548,train_dataset_1
c8e5911ddf2ea4d110d0917667dc5410,0.5172882,train_dataset_1
f18f6aebf77419d54940d59d0fbe976d,0.4467785,train_dataset_1
f759c22dbeaa7a7a2de0c6b0c30432e5,0.7904633,train_dataset_1
ee5e511db46ae4391de5bd32b64a2301,0.46409103,train_dataset_1
9cf60cce042e034cd08165cca18eab63,0.5425666,train_dataset_1
9f4b506d2424cc6e8df512caa762fa4e,0.4467785,train_dataset_1
e0a455472c4cd496337a07b4cb606215,0.5444572,train_dataset_1
43305a122a86447f68a1b863989f3298,0.48847702,train_dataset_1
302f3b83c92053b9d5764edd756f0d0d,0.59486157,train_dataset_1
37559ec160bcd8c9b4e9211fb1e3bfd0,0.5515798,train_dataset_1
ae9ca0235ad4ee6f615c7a991b41349b,0.78560525,train_dataset_1
e6d6c19227f1d5dd79665cd2b0945255,0.6614627,train_dataset_1
26afa42a13283db7849b3cbbdc2f61dc,0.3471894,train_dataset_1
674a12edec77fb477960b9d57ff010e6,0.48713177,train_dataset_1
946d181570ec653dc2f0106dbcd04303,0.44803885,train_dataset_1
f2fc608a518c5bd748f61cd8247ed351,0.3890795,train_dataset_1
f890e9e0fb41a8f1bcd167d36db97c85,0.6121,train_dataset_1
446c1a299bcfa92fe69c03db41ca83b4,0.43320027,train_dataset_1
71617b138f45d1b39d0fa913f7beae13,0.23856848,train_dataset_1
4c25116bf83867e1ac114b7e5b19d817,0.43320027,train_dataset_1
f6645a0700628f8979c7067559356953,0.23191722,train_dataset_1
4d67bc35141d1ff74dc8a3ae08c02ffb,0.49678934,train_dataset_1
c89ace3d4907c8490e907316291143a8,0.43846613,train_dataset_1
3e42035f7f0d3144d590a35e20036e89,0.3145584,train_dataset_1
c14bad7af35b7ea227ceb3cce4914d07,0.5834831,train_dataset_1
776e1e9fa990889bc953b40e897aeb50,0.26143804,train_dataset_1
e988d20a3220bd9e42dd2ffc69494a44,0.612313,train_dataset_1
13e226e6d6faba04bc8d8bc0fcc11453,0.48713177,train_dataset_1
598f42be71385009c9ad4acaa550bc60,0.44505587,train_dataset_1
cc7d00a4664633ec8c2026292fda850c,0.36671188,train_dataset_1
34b4024d0778f9ecd241b1a969f7f10f,0.48713177,train_dataset_1
00e14bda7db74ee090f23b4bbdd52c27,0.5045162,test_dataset_2
01fcfd0e5b2940bdb22c3eab070f88b5,0.44312575,test_dataset_2
0207c17c4a5645d4bbd0c043bc788639,0.70159537,test_dataset_2
0239352f80a040a893e64f2e59e89c33,0.5130921,test_dataset_2
03f4c2ea66134b4d9b4a29760e6aebeb,0.5816479,test_dataset_2
045aeaf52f47408a875b357e3d8ab48e,0.61646247,test_dataset_2
04c34ef422414d429098d29e9e070197,0.62229437,test_dataset_2
0514b53b9b9847cfb293fd39916509ed,0.48937923,test_dataset_2
064ff146faac47db9c2d9fdb9d1a8f2b,0.35932255,test_dataset_2
08a840debd584413b820933965ebe1f1,0.8051476,test_dataset_2
08c936c17f104b918fd6db84f88b9bf6,0.8051476,test_dataset_2
09b4000e78954329a7b423ef80706c81,0.47407794,test_dataset_2
0ad1f4ef74514f148deb642533819cc8,0.47407794,test_dataset_2
0b1ef5fb7b8a480184ed49d13f922341,0.3847332,test_dataset_2
0b731c8abe9e423a92849c93c996d2d2,0.5290901,test_dataset_2
0b77565428434c7eb4dd501ee69ea6fc,0.33530304,test_dataset_2
0bdebe71661d4239ad401912811648e9,0.66092163,test_dataset_2
0c461e07053c4c4d9991514487d3423d,0.49875444,test_dataset_2
0d046391099a496fb60294dd42f000a1,0.62229437,test_dataset_2
0f3893acf85a4a7a96e08625cdfac6a8,0.6382984,test_dataset_2
0f4c0fcbdf2242e4be9f7266c977dd78,0.25209612,test_dataset_2
10f118f0a57e42cc8ba7df623350e82a,0.67662394,test_dataset_2
10f2dc4315ae478686cf8491247024ae,0.5816479,test_dataset_2
111d8159fc4145adadbc5853bd1d02d4,0.38920715,test_dataset_2
1201592c705c46dabdcc3e3392ffeee5,0.4217229,test_dataset_2
139e86327a7c4c02aa352cbca98b4c38,0.5085378,test_dataset_2
143588806b544e82ad840b0677ea8a46,0.5370761,test_dataset_2
15f8af73ceb04a1e889fc35c5cb5c7af,0.44750756,test_dataset_2
1749afc83ef8493b807b0965b4716a7b,0.4279585,test_dataset_2
18410121abd845faaf8b2162a8101a84,0.48937923,test_dataset_2
188a9c2e923e434a85f1d64dffe30689,0.50333446,test_dataset_2
19593eb2362e413e85d837ad9a0d2da8,0.45438662,test_dataset_2
1964a4b596d941f8a5e2e32b1a0fb70e,0.25209612,test_dataset_2
1ab8ff74dfda4e9fbfbae7aa9eb50adb,0.25209612,test_dataset_2
1b2ab431e5314bb3b6b0e9a6cef6800c,0.70785606,test_dataset_2
1c303f0e3cec4c049bae5608fce7a8e4,0.49466336,test_dataset_2
1f516198c8414db2aa3510c5c275aa62,0.62229437,test_dataset_2
1fc34bf75bc14c009ac139486984d7fa,0.8051476,test_dataset_2
21a529858cfd4d97bb84684173f0e767,0.2509039,test_dataset_2
224cb198a39147aabdb874cb912e9b26,0.46235055,test_dataset_2
2306094cdac34e77b735e76035600bc0,0.26145583,test_dataset_2
2307cc9a2de049fda88ee859829abdb0,0.70785606,test_dataset_2
23c19dbfe0384032a715ba3d69a1e5db,0.2119124,test_dataset_2
2529f202123a42f190bcd53161e7000e,0.25209612,test_dataset_2
255afe5fb3f948619d20fb96e671ea5f,0.46270865,test_dataset_2
2610ee0436124e0681a849d59bcbb284,0.5045162,test_dataset_2
26b738f7c03f406280e7a0c387ace13a,0.25209612,test_dataset_2
2771b76924b54eaab1dfb509cd6acecf,0.46270865,test_dataset_2
27e9b597f60c4a8c9f59d44673ad2b4a,0.5816479,test_dataset_2
280e7f2b3baf4b97b28cdf4e6c603b7e,0.6423907,test_dataset_2
289b92c9af34438c868759f4e7deba05,0.5290901,test_dataset_2
28afa1e3704f47edb8ea8468f3b77c8e,0.4217229,test_dataset_2
292b1362996e443381cfe5013693549c,0.41989338,test_dataset_2
29960f613f0e46cba92caa80b3db8c4e,0.5290901,test_dataset_2
2997f06046c741198d1fd7d424756b40,0.47407794,test_dataset_2
2a6481eda34d4c099316ad3718b9fb54,0.5816479,test_dataset_2
2ae29eb0f3274f6d8f486097764980cf,0.41989338,test_dataset_2
2b07ac52b97d43babb0a6735636e2ad6,0.2119124,test_dataset_2
2be882479734412d9e19f5472de756ff,0.61646247,test_dataset_2
2ca562e83d964d2db9297bfec28258d7,0.5816479,test_dataset_2
2cf1377ae57243fd9483a4700935cd26,0.5304017,test_dataset_2
2cf9b9de3a2b41af9a34e3dbfd4571d9,0.6631145,test_dataset_2
2d21b9ff9b574659a9fb06262c596f26,0.379123,test_dataset_2
2d71fc9a440f4f7a8063df9681138cfb,0.62229437,test_dataset_2
2dcc90efe44f4dcbab67f34bfdfb5c94,0.66452706,test_dataset_2
2e06ecded5814a5590867eab814aa962,0.41989338,test_dataset_2
2e319ccda2b4417ea5ca59dd7e340bcc,0.26145583,test_dataset_2
2f61f8d10b9f41d3a62fcae133cdff25,0.4279585,test_dataset_2
2f9d88f6433145dfa96be21f3a8ddf4d,0.5130921,test_dataset_2
2fd2a16d84da4605b35b6eb37316c1e9,0.38801664,test_dataset_2
2ff4e5e26f9545798a5c2125c38583f5,0.48937923,test_dataset_2
315da98f8329404096185b6a9a3af041,0.47407794,test_dataset_2
31b90304b2c64d45abc6dbe000b505f4,0.70785606,test_dataset_2
33060395fd724a55be0e2967836b0a87,0.5370761,test_dataset_2
34511dab3d744b72971698258376bebb,0.476037,test_dataset_2
3469ba57ccea44deab531486a3ca8b87,0.46235055,test_dataset_2
34744fca1a2a4d92ae16bf23fe9a429e,0.26145583,test_dataset_2
350e246fdc3144f7af9fdbe1e769a86c,0.38801664,test_dataset_2
363e530c89524d4d88895ee05ea8ac27,0.38801664,test_dataset_2
3676319a5bab466ab7e6e32e4ccfc23b,0.70159537,test_dataset_2
377d5441d8134753b2e6c0d64cdc2a2c,0.66452706,test_dataset_2
3806e6c73ed640cfa98db7f8fd11409f,0.70785606,test_dataset_2
3920a99d68a74fc69256c5d4a8095534,0.555822,test_dataset_2
39560f91e7904df7b2775de76db7e352,0.56585515,test_dataset_2
39c4467eba5d4edea0201da42ab3e760,0.26145583,test_dataset_2
39d52d9fd805404c93c060165b894511,0.5045162,test_dataset_2
3aa3d7923feb423fb19a51322f46f586,0.379123,test_dataset_2
3acafb0c5626481cac5750599002fe0e,0.62229437,test_dataset_2
3aeaf47c69364f82912b8e557be89249,0.38801664,test_dataset_2
3b2dfc3ae1934a2195d7817366980a36,0.5085378,test_dataset_2
3c74f0764ef040a68227f14c78f8a3e7,0.8051476,test_dataset_2
3d8726179cfd4978b1348f102643e21d,0.5130921,test_dataset_2
3ddcf7ec41674d979addeea30c03f610,0.2119124,test_dataset_2
3dfaa800c0a345bb82794bcdf36fe3f9,0.46270865,test_dataset_2
3f8d0cd859444dab91e42db01ce18828,0.38801664,test_dataset_2
40c8deb70d674af387f7a346aa2039e9,0.35932255,test_dataset_2
418fe60f7f314404b02a51eae2174b0a,0.35932255,test_dataset_2
419143ccfa83418db0581a0bbf934bf1,0.788087,test_dataset_2
419881a734674d70a314638b106956c0,0.48937923,test_dataset_2
41d566d487364d2387962e3ddc31d05a,0.46270865,test_dataset_2
422249ef7a9942219147dc228ac31915,0.41989338,test_dataset_2
4247f2160a584a9aa8c17e8b4de13ec4,0.2119124,test_dataset_2
427967dae71c49059504c309142da6f4,0.35932255,test_dataset_2
43914cc327a543039148520c5675293b,0.44312575,test_dataset_2
43ee380129a54c7cb6bdc59449282ab1,0.62229437,test_dataset_2
44b4975fbf954c97a87d0b73b1dfe5df,0.70785606,test_dataset_2
44ba7c1d3538469d99f92a5f822e7dcd,0.6352708,test_dataset_2
44e29b3cd81044c9bdf2bc5aba0212b5,0.5304017,test_dataset_2
452506c251df4c0abd10db1ac1337604,0.6642802,test_dataset_2
453fe898b8814d978a1ae4b75abf0e78,0.50853837,test_dataset_2
45ae302e985045b0a3cd1ea825c199be,0.5816479,test_dataset_2
47bf71f1701f4ae2ba4fdd6b559e24ab,0.33729672,test_dataset_2
482f6fddda2f4347b3e6d7a0df5377ff,0.4279585,test_dataset_2
48369be72cfc49f889a8b1340376efcb,0.38920715,test_dataset_2
48be50ba469540ddaeee4bf1ac427b8a,0.38801664,test_dataset_2
48e529856d5a43c4884f7946453d844b,0.41609436,test_dataset_2
4a9d7619b77846ce8e2002f57fc1494b,0.379123,test_dataset_2
4ace0adf9a8c48df93ead9bce6f0fe24,0.6642802,test_dataset_2
4bfd06c8f60c4d38ba29f0a39b68187a,0.4279585,test_dataset_2
4c1121a1690240c9bade0af3a14231f1,0.5816479,test_dataset_2
4c1b0a163e4a4bae9b4925a70fa668ef,0.4279585,test_dataset_2
4ec101c14878497e9efabce3977b7ac3,0.49466336,test_dataset_2
4ef2c19213e4477e807f4699efad4887,0.35932255,test_dataset_2
4f79df98ac8f4a6a8ba20b167c507044,0.44750756,test_dataset_2
4fdf061665b14b3fadda7acd2cebaede,0.555822,test_dataset_2
513df371e40f4f1e85f32a941f4bd416,0.4245338,test_dataset_2
5171cbe99d324e279e6f289846b8a55d,0.3847332,test_dataset_2
51cd03af85004edfabcb35ad59788b06,0.33530304,test_dataset_2
5260ca7cf3044c909648d4e3c83c8f04,0.46270865,test_dataset_2
53919cdfc59d46108cc5c1773d080461,0.324971,test_dataset_2
53be274e79f54bf9a1590af1d05cbfb9,0.49875444,test_dataset_2
547e226478d64a9cb87fdfb58cdff875,0.48937923,test_dataset_2
5493ff4dd0784eb595f435f42c3849f8,0.5085378,test_dataset_2
54a2b02822de4f9394ba876a2130abae,0.8051476,test_dataset_2
54e7f0897ee244cebce8a1f63faa5fbf,0.61376107,test_dataset_2
56ae89e62ac14392add6145bf6c3a924,0.41989338,test_dataset_2
5708bc1833b14e108def8409a80048b6,0.4279585,test_dataset_2
5787d538326e46ad90ab5c4c479e823e,0.44750756,test_dataset_2
578e3b1d26884fcaa01336aa0a65533d,0.26145583,test_dataset_2
5851e189601943a995b5dde0e1fc4aed,0.5085378,test_dataset_2
592f8d638eda42c7a436f788a38b2dbf,0.5816479,test_dataset_2
593020c10da344729e9f1de44cd74f5c,0.49466336,test_dataset_2
596c6e33d4064614979b1594868d2562,0.5471861,test_dataset_2
599a5f23eb0449b9ac299f549461e1a5,0.5045162,test_dataset_2
5b343d0c3ce84978ab06d635a0fbc6c4,0.3847332,test_dataset_2
5c060dde9a494144a11bff47412ccedd,0.4245338,test_dataset_2
5c26f23948ab4574bf1b222713d23cfb,0.4279585,test_dataset_2
5cb19b4897bb4c01bf9c8ea0fdb70560,0.46270865,test_dataset_2
5cf384fc705a4beda082caa326c7983f,0.67662394,test_dataset_2
5d13ea051f264698abed27bd0e592a66,0.3884651,test_dataset_2
5e70ced37ad449cca354e6e30e977453,0.26145583,test_dataset_2
5eb524bdf7c04670bbcee0aee7a1af56,0.4245338,test_dataset_2
6086c0199c8641cab6c787dc8fe5c286,0.35932255,test_dataset_2
610c881591804fec8fda97cc903e829e,0.46270865,test_dataset_2
613df12dc0504d4988365a501ed8cf76,0.5970965,test_dataset_2
626bbacc92ea45a0b3ed51ebbad83592,0.44750756,test_dataset_2
62bfe4ae1d5747819b070d5e9b23b8e4,0.47407794,test_dataset_2
634e02fdf5754f49951fa0adcde12320,0.324971,test_dataset_2
63ea9b08d10747f996cd0ed53b06ac10,0.70159537,test_dataset_2
64bad59f19c443ae9ea6cf372e00745b,0.6155303,test_dataset_2
64f00ed573d64b718c12ad1da1d8124d,0.48937923,test_dataset_2
655cc5bf0a864bc88e4afa8d26a86f31,0.49875444,test_dataset_2
661c18df82bb4432b92f9b02cc69a0e6,0.44750756,test_dataset_2
66feaefdc666434285a42df99c66f84c,0.26145583,test_dataset_2
671604e448a7425d84f5786dfbec4db0,0.48937923,test_dataset_2
67762b5bc16341ff88b366451f1d7a36,0.2119124,test_dataset_2
67c3928f826641fc8e026b043e62d1f3,0.33729672,test_dataset_2
68d254c6bcd14960b135f80ba027741c,0.41989338,test_dataset_2
6a14e43469674cb4adf30158da5b15d0,0.26145583,test_dataset_2
6a7d803cc10e4a7580607a60a72417fe,0.5290901,test_dataset_2
6aed78391495409e911a334e956aa4ee,0.46235055,test_dataset_2
6bef21fbbc284d4c9760a9b779faffa5,0.48937923,test_dataset_2
6c723a88e5a84ddf874230e2d0c136fb,0.48937923,test_dataset_2
6d0d406ac87e4802af762ccc8cf943b1,0.4217229,test_dataset_2
6d97dbb5a0b04f169b7cb5b189028653,0.41609436,test_dataset_2
6db18c33c6c74f20be05d5906ad27211,0.44908944,test_dataset_2
6ea65b934a894e84a96b867410a11512,0.5085378,test_dataset_2
6f0a18e1bb934dbcac589b104c9767ad,0.61376107,test_dataset_2
6ff2627e7ecd4fe6b593f08dad4bb112,0.4245338,test_dataset_2
6ffdc6f4a04c4a0e9ae62b8fbca73ce6,0.2509039,test_dataset_2
70a766753f9f4d40ba0594afcdd5f6d7,0.56585515,test_dataset_2
70e75f86ac684e239a9b4a2ae8e3c1b3,0.5085378,test_dataset_2
7113d7637f864441969298c3c94f6331,0.4217229,test_dataset_2
713133f3bfac48d59892338759acc430,0.48366475,test_dataset_2
73094e818a164eaab17811183224b980,0.2509039,test_dataset_2
7326ee86992d49e2a10d10e78a006ffa,0.41989338,test_dataset_2
738a9521ddfd4d6d8570505ba0591723,0.38801664,test_dataset_2
75677f0e66b6494d88bae40c616662d5,0.555822,test_dataset_2
77537c0c952c499fbd8cc5fc1def471f,0.48937923,test_dataset_2
7954b39bfc4c441589485f41fc5c357f,0.4134298,test_dataset_2
7a30ea8d47a24fcda39734b8f81b2428,0.38801664,test_dataset_2
7aa046c1e58348d8af7c02c50ac5448c,0.61646247,test_dataset_2
7b3ba16f46a04fdcb04eec472e30227f,0.41609436,test_dataset_2
7bf5de5f16a04d0bb102c65389ef45e2,0.66092163,test_dataset_2
7c205a2306614be4a4cb599548ce4414,0.44312575,test_dataset_2
7d37d0f2b27649768a585ae10af8ea3d,0.56585515,test_dataset_2
7f095df8cf22471095bcc01277b43047,0.44908944,test_dataset_2
7f5f99ebb6c949a8a3405ab9abffa221,0.4134298,test_dataset_2
8058c5dd166b4276ba77a4ac03810a1e,0.26145583,test_dataset_2
80ccd1b4de054711bfefb3dcb949a6e6,0.5816479,test_dataset_2
822733151e6045fca91e8b8cf3248fc3,0.5045162,test_dataset_2
822ca0519bb4451c9812336bc9d227c5,0.35932255,test_dataset_2
82d0eaf7afc148abba10334baad48abd,0.35932255,test_dataset_2
831f5419e757468984bd49f7d0976e5d,0.6352708,test_dataset_2
8332fc4919cc46789531f375c7d71519,0.49466336,test_dataset_2
833be3d46d1941d38c2a89ec7c2163e4,0.49875444,test_dataset_2
84ea959da32a4a778a1b6a8c2a17fdff,0.38920715,test_dataset_2
85c6565dfbff4ffeabde9cde0b3dfeb8,0.47407794,test_dataset_2
85f13ff5f76d4e9080211cf35a40b1fb,0.6631145,test_dataset_2
860ba48aa63d4d46a6e6d4af94b8b23b,0.7039842,test_dataset_2
8640bb3aba0747b1a70df79b6c5f04a3,0.5130921,test_dataset_2
8703b6f6fc41464895252ca978ca3c57,0.46235055,test_dataset_2
87d6bc25a8634f148a268ef5d921e819,0.44908944,test_dataset_2
884d295bd75c4aee93871b7866c95c57,0.46235055,test_dataset_2
889dcc24b0bc4e5ebdda87437b21ea75,0.41989338,test_dataset_2
897bded3a3244936b5c40117c9eb274d,0.5374327,test_dataset_2
8a97912f13824d3ea4b7045a44d20a2f,0.5045162,test_dataset_2
8cb4025e6b72456e97b9718953e067f6,0.5045162,test_dataset_2
8cd6bd6d18404a49a769ac0f86e58352,0.33530304,test_dataset_2
8eba6e4deff64e2997f365bc3e91daf7,0.44312575,test_dataset_2
902dea4c862c49d892c9d5c620340288,0.49466336,test_dataset_2
90447911af5c4a80ac2b3f53ffd4611b,0.6103355,test_dataset_2
91c06a8e0d6c403192241b5403219c70,0.324971,test_dataset_2
9295a9a7c59a4086a675868db5b7c24d,0.4217229,test_dataset_2
936777c44e8a4c959513351fcffc87d6,0.44312575,test_dataset_2
9403c3fea1cb4357910b53a24daf64a2,0.4245338,test_dataset_2
95d6618611ff44099c2d05bd4d8e33b9,0.5816479,test_dataset_2
95e1aa76073e4942903fd0f09a65378a,0.8051476,test_dataset_2
96fda931e1dc434dbeb7ea4c6351d0c4,0.70159537,test_dataset_2
9757b08d60e64f83b1e2efb9d86b4aa6,0.66452706,test_dataset_2
97621f1df0c341cca60c47504e2302fc,0.5045162,test_dataset_2
98e97ea46e7d479e8dd7d41974f240a9,0.44750756,test_dataset_2
99ea7e3c8145496d95b8c61d1df2b5a0,0.379123,test_dataset_2
9a0e7e2cb0164d61be2a19fb66b07805,0.3884651,test_dataset_2
9a4edd03d33f43dd87de16b5578aefb8,0.38920715,test_dataset_2
9a7c9d462c4e4b138002870e078fd844,0.41989338,test_dataset_2
9b5ed62c336348aab665dbbca3d225be,0.5816479,test_dataset_2
9d2b03af9a31441387ee4a6c72f3320e,0.41989338,test_dataset_2
9db54f5bc4c0411d8027be8e6d36743a,0.5085378,test_dataset_2
9dc2524b8f174903b5063173de1694a7,0.6642802,test_dataset_2
9e690ed2f74b447eb9ba4b68a9434984,0.35932255,test_dataset_2
9ed053fd6a584be2936fe7dcc7d87f26,0.41989338,test_dataset_2
9ed45df5dc094fcea67cff1baeaab8e8,0.2119124,test_dataset_2
9f64256b0b7943369a98a7fb6be8f509,0.46270865,test_dataset_2
9fdf41c545c04372b51398dbdec09ae1,0.5816479,test_dataset_2
a0d0b316e38f4f7fb3c8721b4a47a277,0.70159537,test_dataset_2
a18baf6637f74fcd97a5bc4d869fe920,0.7039842,test_dataset_2
a2d6938b458d4c7a801f84aa42efd56b,0.5374327,test_dataset_2
a2eb66fd055f4615b815b331bfdba025,0.2119124,test_dataset_2
a351495c1dc14c3380f4bda271bdb79c,0.44312575,test_dataset_2
a3ae9c7033ad4b2ba9fd5782c22c7ae7,0.38801664,test_dataset_2
a47fc10101954697a392e4be62ebaf56,0.44750756,test_dataset_2
a4bd3080b1c74af481fb96b9a088e470,0.61646247,test_dataset_2
a5b53a699b4c48f28e6cd7fcc42a73e9,0.38801664,test_dataset_2
a5d7562fe07c408b8d4bf4949ab2592d,0.38801664,test_dataset_2
a7a6463f03224e93a400427102deaefd,0.44312575,test_dataset_2
a7bfc893297d442295a545f786106786,0.6352708,test_dataset_2
a962647dc9874e989d875c0387dc6c28,0.48937923,test_dataset_2
a9d3ec01674f47ccbb23f426e48be51c,0.6382984,test_dataset_2
aa56c2af82d343ee98eed123210917e1,0.66092163,test_dataset_2
aade7d4630454594827ec3317ea6fc05,0.48366475,test_dataset_2
ab3bba0d8fa242a5a3b247f628f4cfd4,0.41609436,test_dataset_2
ab7e705b2aca46d0b9f7b493c8c88878,0.44908944,test_dataset_2
ac9169775a5547b8aa0831b9c3ee8124,0.45438662,test_dataset_2
ad1c814d6f574453a1aaf16c3f380d5c,0.33530304,test_dataset_2
ad5aaf759b4c4e4c81831ee904129a08,0.555822,test_dataset_2
ad9f19c9ad3f4178b8662b04c6b7f04d,0.4134298,test_dataset_2
ae875f6fd9c047ecbe71fdaba47aae90,0.38801664,test_dataset_2
af1f42405ea74e06890dec5e4ca6160a,0.26145583,test_dataset_2
b0020af9786c466ab03bd12e569b5ace,0.45438662,test_dataset_2
b02728b0808c4e51a931096e3acddf02,0.41989338,test_dataset_2
b09c5859ab2348ad909ab5f2679ef479,0.66092163,test_dataset_2
b0bb2ef1baf841629a16afb4bef95d86,0.5370761,test_dataset_2
b1d3ee7d7b5e40c28a249039ab2e157d,0.5045162,test_dataset_2
b27eca80440b46189428e75928b06ee3,0.38801664,test_dataset_2
b2a6cbceb4f24ca0a7d25fb63d43b2dc,0.5290901,test_dataset_2
b3f327869266407dbceb70592e06498b,0.33729672,test_dataset_2
b44e006170d04e7f9e9299ae14f9f214,0.38801664,test_dataset_2
b51b96011b0b42d7b036c74e941cad5f,0.56585515,test_dataset_2
b573672a008f4839bbdc047d85311f15,0.5130921,test_dataset_2
b62e49b5b88b47d38edb4c1fbb6d74a0,0.4279585,test_dataset_2
b76aba40ee1247a684ebc4885596f103,0.48366475,test_dataset_2
b7a9ca0fba9548069cb739b94445ae3c,0.38801664,test_dataset_2
b7af4ab10dfa4f13bb047d4c455cea42,0.26145583,test_dataset_2
b80e83720ed34c9dab5c64816447bede,0.49875444,test_dataset_2
b836b91c28194c49aff634743e63300f,0.66092163,test_dataset_2
b8582957cc554ced87da182077dd9058,0.2119124,test_dataset_2
baef45ef35fb4025b6d60c481750a215,0.69622827,test_dataset_2
bb4cb80689614250909a428a2af3b495,0.48366475,test_dataset_2
bc75abd75214489bbba62a540e80a15a,0.56585515,test_dataset_2
be989570773d4b82817aa1a7e6163270,0.25209612,test_dataset_2
bef069dd8e204f558a265c778e2cd7ed,0.56585515,test_dataset_2
c04e79a8c33e457abfa21002fa8c8c1f,0.44750756,test_dataset_2
c09d650c6b4041dabab3a0ad2eefb505,0.66452706,test_dataset_2
c168fcc29ef8427db4dc2561a040b69b,0.49875444,test_dataset_2
c17c2075a79e4497b5353b1c8a60e7c3,0.44750756,test_dataset_2
c3e16fb2b657451bbaee95dad1f37b0a,0.25209612,test_dataset_2
c4057083173d400d8d72455b4761e2c3,0.4217229,test_dataset_2
c419c4e43c1d4f69961b5dcf9b575086,0.56585515,test_dataset_2
c4d5a4064f5e4341b11a145a53a58b4e,0.41609436,test_dataset_2
c6087720aae94967b53fab3dd0e0fccf,0.46270865,test_dataset_2
c693a51ee7ef4c22a61dea9788d97f9a,0.38801664,test_dataset_2
c7729808e80a49319c18256dc039f3c6,0.5290901,test_dataset_2
c78fb484958d41fea54369b8a406fa60,0.324971,test_dataset_2
c7afbf7e268b45a889ca6ab4237e7375,0.35932255,test_dataset_2
c86ff900588d4544a72f6f1323c8812b,0.46270865,test_dataset_2
cbf9f4e917164d669e2bd06a72ff5503,0.5374327,test_dataset_2
cd07de909024477398308f677666a50f,0.38801664,test_dataset_2
cd0ba93aff5243e18e0afbce358b95e9,0.8051476,test_dataset_2
cd8eb7b87bc94bbc81d9a9e713edbd71,0.8051476,test_dataset_2
cd9e2d1259d849008de8be04c1f5b63a,0.53849906,test_dataset_2
cdf361a7fcd849e99d350d11e218dc93,0.44908944,test_dataset_2
ce2bbdd68742489da39dd2b09b2b37de,0.26145583,test_dataset_2
ceac82d406bc45f6a788ab52bc11392f,0.50333446,test_dataset_2
cfb224c931d145d99fe12669562b9f1c,0.47407794,test_dataset_2
cfecad2b73934fb29def008e92ed1d57,0.6352708,test_dataset_2
d07078d32b89436a877de277d48283f8,0.38801664,test_dataset_2
d09f6ae338ff4c4c8fad439ecab967c4,0.476037,test_dataset_2
d11b3463d2144b9089c936da95a2774d,0.5085378,test_dataset_2
d257a82cd97a4b6b8e67bd8327ad5974,0.41989338,test_dataset_2
d2a26828d040485cb04fe01b79cd6578,0.66092163,test_dataset_2
d2f9e35da38f42aab31822cba9dbb558,0.38920715,test_dataset_2
d567e5bfd39f400f98ff05425ae005b0,0.49875444,test_dataset_2
d5a86fe941ac42f5af787363b6edd9d1,0.38920715,test_dataset_2
d63b550f03ab4600ad64803167e14946,0.35932255,test_dataset_2
d6fd4653110b4d18ae7f19c5187ce65b,0.5370761,test_dataset_2
d7ba409c6fed4cd99ed32720867a2c9e,0.8051476,test_dataset_2
d7d42030f9554807847be2eb53d22c13,0.26145583,test_dataset_2
d850d1d815ff4adf9e78a7120f9709fa,0.49466336,test_dataset_2
da7caa7749984d82b471820f677870e0,0.44750756,test_dataset_2
dae29fad0bc84d0296e23665d382cf70,0.70159537,test_dataset_2
db1883c4381f4eb18683f81a79a60247,0.35932255,test_dataset_2
db21dbf53bd54929a5ed98107fcf5a01,0.45438662,test_dataset_2
dc9803d879b1482fbb7f468ea16aff90,0.44908944,test_dataset_2
dd40cc6cf7ad4daebd89c0d7195fc55a,0.53849906,test_dataset_2
dde62dc8dde54fe58afe2f72e48e0ba2,0.8051476,test_dataset_2
dde693afa1314d5ab24a502abfc22477,0.476037,test_dataset_2
de21fced17784a878f4a9fb0c17ebee5,0.33530304,test_dataset_2
df8e0c3b1bc34a13834a9c5f5592407c,0.5370761,test_dataset_2
e0219112bfcf41acb7eae0dabd5b7e4d,0.5370761,test_dataset_2
e02af52c7fea4800bae0be05a16dc711,0.2509039,test_dataset_2
e11d7c28aaf048fc8addc15edbb33084,0.85494167,test_dataset_2
e14c0d9fd11e48eaafb35a23bebbe603,0.4134298,test_dataset_2
e1eb08433aa3404bb63d20433eca4c55,0.5045162,test_dataset_2
e325568045f7471c9df1b98405d9e762,0.38801664,test_dataset_2
e38009b5d7684388b7905e7234688516,0.61376107,test_dataset_2
e3df503bfb2543f887a164fdf090b763,0.4134298,test_dataset_2
e3e9c58048484359bcd35424e28de6b9,0.5045162,test_dataset_2
e42ebd5989ae4d5e8f05d8817e73f0f2,0.4279585,test_dataset_2
e47b9f6baad9475296e84c9ce91d6f99,0.38801664,test_dataset_2
e5bd595ee2bf4ef1b242865f3530bd90,0.46270865,test_dataset_2
e5df229786ff4d48a088f55bac1f691a,0.46235055,test_dataset_2
e709e356dd8c4157b349b2fb7a7faff1,0.44908944,test_dataset_2
e7a44c8d04354b24bb9bc60f18e2224e,0.5370761,test_dataset_2
e84655b2f05f42dab14d392706bb2aad,0.379123,test_dataset_2
e9b3e492f367497aa8caa61587a52f10,0.476037,test_dataset_2
ea1818a6f20947e5b90ed8ea874b2eb3,0.26145583,test_dataset_2
ea4c13d426c248768d2166bc99342c42,0.49875444,test_dataset_2
eb29ba32869741d1894daa36eb78f6eb,0.555822,test_dataset_2
eb3ce5ae347f44dfbec2e27468c3a40c,0.62229437,test_dataset_2
eb722173aa044d28bafccc1e42d75155,0.46235055,test_dataset_2
ebf26e63ca614aea942457ccfec6ab2e,0.476037,test_dataset_2
eca14f421b5644d8a69542053fda3f9f,0.26145583,test_dataset_2
ecd1b5d287024aa683266246b8bfc243,0.44750756,test_dataset_2
ed4fe4e57e954919a1584eccb6364a45,0.26145583,test_dataset_2
ed72f83c509141e987a0305fd5f806a4,0.25209612,test_dataset_2
ed801f5582a74e22874815b706de0aea,0.35932255,test_dataset_2
ed9a932a69d74831aa3ab84c40dbf47b,0.2119124,test_dataset_2
edb67906d01640898f92f12361271218,0.6631145,test_dataset_2
ee0cf46fa36249d3ad2845d818491de6,0.70159537,test_dataset_2
f057561a62c743f2a2d8ee5b4ee32f0f,0.6642802,test_dataset_2
f183d7d5d0014348ad787b9faab4a713,0.48937923,test_dataset_2
f1b28b5c966847909bac21d3acc594e7,0.49466336,test_dataset_2
f2ac13fd3302428288772f5b2cccf2cf,0.62229437,test_dataset_2
f32c8a41c4e44ff1b1b3547cd7c27108,0.35932255,test_dataset_2
f3abd53f6e1247268d39ceae7a0ef966,0.41989338,test_dataset_2
f45758f319154539910d3b46e67fc837,0.44908944,test_dataset_2
f46eb80f1181462e8fb8310984f53751,0.5130921,test_dataset_2
f55cac093af341b8bcc4e5edebf03292,0.56585515,test_dataset_2
f600d6b4b1a74b4fb7b160cb023a84e3,0.49466336,test_dataset_2
f643c55df4454f6e9a3aca1a696a8dd8,0.48937923,test_dataset_2
f693c058e5d34a4a8dc00090bf241ded,0.6352708,test_dataset_2
f6965bd0b82d46d1a5543cb3d9193ceb,0.32859433,test_dataset_2
f6becf5ba10345929c76b2af2846fd2d,0.491012,test_dataset_2
f735d0b3bf554732a44931e876496df8,0.44908944,test_dataset_2
f742ecc2f9ca48b59c8c55e4ef34930c,0.47407794,test_dataset_2
f7e4b8a1721c4cb7a3c6761215e7f3b4,0.5130921,test_dataset_2
fa9615407a8544ecaa897be6d4adae6e,0.6642802,test_dataset_2
facb78db24594b6f98d65c4e821e02c3,0.2119124,test_dataset_2
fb4ee992684544df928e43de0f0cd784,0.5138451,test_dataset_2
fb6a1e10fc844255871e8e003faf857b,0.66452706,test_dataset_2
fbf6576d2ab04cbd8497aa7dac27ea95,0.35932255,test_dataset_2
fcc85fb3c0c24a5782ffae7652adea9b,0.324971,test_dataset_2
fcf7fa2b15df4d9b8c11d58a1b21a972,0.56585515,test_dataset_2
fd43f7df9a6e49f38f54d4f5c35295f8,0.44750756,test_dataset_2
fd6b4b79e0ed4e7d88639de216fdb1c4,0.5045162,test_dataset_2
fd6f8e464c1d4ea893ec3f26c74960bd,0.48937923,test_dataset_2
fe81776229fd4d17941f07fe1fd3c470,0.26145583,test_dataset_2
ff8e265effcc4c68b0b6e23acb4d18bd,0.48937923,test_dataset_2
ffba099dd0cd4ba4ad26cb0f967abc51,0.50853837,test_dataset_2
55dc5565b6c343e29011e5ed98fda4fc,0.5085378,train_dataset_2
66b2a70b67fc4f1c8723f8b74d16452c,0.5085378,train_dataset_2
a627c6177778415aada8120940c10fbb,0.6382984,train_dataset_2
45fff3dc6d294eeca2e042994f7d78d2,0.41989338,train_dataset_2
66515d3c73914c98b0e02a88b6862080,0.38801664,train_dataset_2
b67f52d39689497cb08340fb6ace21af,0.33530304,train_dataset_2
76b36b5a954f44ec8c03e2a1cb579140,0.788087,train_dataset_2
ebaa4b7ad88d457a9f1c37e7f014a268,0.56585515,train_dataset_2
d523834f7b5743ccab4e33c6fa39958e,0.4279585,train_dataset_2
9fd391ac616a4bda84f0d2bf435a33e5,0.62229437,train_dataset_2
6af618bc9bc646149c6480599687e8f4,0.491012,train_dataset_2
159d39522d084c73bef42c86ebd4ace3,0.5045162,train_dataset_2
805d3f1e6f3b4eeca1bc68c929c5a447,0.3847332,train_dataset_2
6abc45bba21f404c916438da1fe99e1e,0.4134298,train_dataset_2
32eb0754872b41ac877fbb66ef2f0e1e,0.33530304,train_dataset_2
bad94c531f7b41ada296de1b747fc968,0.85494167,train_dataset_2
b2eaf3b57d8e4f24b3cf04d6565f9f7a,0.4245338,train_dataset_2
2ea0245879eb4f09a8ca08843760f032,0.38801664,train_dataset_2
9d4cb9a8d1d14aa38f4b75bd66cbd736,0.61646247,train_dataset_2
73ba0f5a78c3438eb9f27e637acb4b80,0.6631145,train_dataset_2
1188d5012d21435fb3e5b433915a34fc,0.491012,train_dataset_2
e864fda555ec4b8fb7ba2b8c5f5e2ac3,0.48366475,train_dataset_2
54f8d95f696146eeb5940ecf69acc647,0.81015915,train_dataset_2
02091707cae54fd182e21ec1766094da,0.5970965,train_dataset_2
559b3f2f7cce4212a67aade723f8472c,0.38801664,train_dataset_2
3c79a924d8c54f8f93e53c86000c49c7,0.38801664,train_dataset_2
bce1e718e4ea484f80b7b23d65667964,0.33530304,train_dataset_2
c6f0341f62744beb8aaff0e4a7868880,0.555822,train_dataset_2
7735c73826e44d5f870a387e3f84a7ca,0.44750756,train_dataset_2
e3c68cf126f74ce3a62b0a4f1990e81d,0.476037,train_dataset_2
c9528756436b478caf3b0271c15d0e42,0.46235055,train_dataset_2
9eec9b88eb2942c098edae4507df0813,0.5370761,train_dataset_2
507109d1c66940788c17d9938c49598b,0.33729672,train_dataset_2
b267e4187fc14672a5d648e9846b5a49,0.32859433,train_dataset_2
5f35dc7187ad4f098cc54371baf9515b,0.50853837,train_dataset_2
f1f45238b25a4224b583f5c8ac34b68d,0.5085378,train_dataset_2
d2c56771178640f99b003a0d9ce864ef,0.85494167,train_dataset_2
3244035540604d708490a36fbc59a180,0.61376107,train_dataset_2
bab6f981b0464d2cab6ce06ca8a366b1,0.6103355,train_dataset_2
4d2e4153719b46d787c9d9bdf0c6af63,0.6423907,train_dataset_2
8fd92158b0754ef8a7784f17997e6350,0.6382984,train_dataset_2
0fc8e546f6604c228d0296c68d292cf6,0.33530304,train_dataset_2
9f95bbd2db784435a78c72cec1a0d23a,0.5374327,train_dataset_2
fa0f4b2ba5934f4dba4cb474ae21ad52,0.35932255,train_dataset_2
b3ffcdea5a9442aaaa699c902867c39e,0.66092163,train_dataset_2
d077ed35b253400e971c12bce95d341f,0.49466336,train_dataset_2
ac49e1b855dd43218c253bd89f6a77b9,0.5045162,train_dataset_2
a4f60439cd2442228bf7c98df5c54528,0.6155303,train_dataset_2
5397de0fca71469cabdc20de1d3b9ac5,0.6631145,train_dataset_2
af5daa384b6f4cd78b1b49608fcfad9c,0.61376107,train_dataset_2
05fdfa27c51f4491b1782a4a435fa4fa,0.38801664,train_dataset_2
2cd60443fdce4ed39be4e5a9bba1a183,0.5304017,train_dataset_2
7ba860c75d69485ca1cf331991234bf3,0.324971,train_dataset_2
dd3ac16fd88549a9bf62418703616a83,0.555822,train_dataset_2
1230c6e148ad45f4b67261c67a058db8,0.38920715,train_dataset_2
299cbbf9da0d403aa2c35853302ff1de,0.41989338,train_dataset_2
4d4a64351c7e4e25bd2327307b75e2b4,0.476037,train_dataset_2
884274e7750b4cf698365134f4dcd3bf,0.32859433,train_dataset_2
807fa256971f47b6863097b88633e7bf,0.44908944,train_dataset_2
7c9d4aa8deae4ac3a265604c182f1ff5,0.5304017,train_dataset_2
1b3e3d305b4e46e1bf08cab3a2df1fc7,0.5370761,train_dataset_2
e9107017cb3b4579b36bf1221f559988,0.5130921,train_dataset_2
cada61d9a0c04e67a20bd695e2a204d0,0.6631145,train_dataset_2
552baae004ab43639e8d1ecdd950c219,0.46235055,train_dataset_2
7fc5a7e2e3a7427db9468d8de4608f11,0.25209612,train_dataset_2
0f177c99f4bc42f584569440e44020d0,0.2509039,train_dataset_2
61a850d41dcf4fc88a231fe68f8bd585,0.38801664,train_dataset_2
8faae91f810443df89b7078a5cd9647e,0.5374327,train_dataset_2
14086ff0b6fb4e16ab91abb24dcebad5,0.49466336,train_dataset_2
031735a4f8d742b69f8eabc8f534fcca,0.5121573,train_dataset_2
448ee2395cd743efb73a013df9680afa,0.50333446,train_dataset_2
ec43fcad61a845659296bfe33497e739,0.6631145,train_dataset_2
5b63bf2821ee42b8b454709fdf001e5b,0.85494167,train_dataset_2
8f5800f4b57146d9953715c3147b07c3,0.33530304,train_dataset_2
81e75e634db141689e67a7b96ae9b5c3,0.6642802,train_dataset_2
1c255115251c4d4492326ac15bd2bc1f,0.67662394,train_dataset_2
b3120dc159be4ed8ae1d7d4aea935190,0.85494167,train_dataset_2
7c313078a7ad435cbd9293f07188120e,0.45438662,train_dataset_2
60cc18a00fb54fa7b6cde4236b833580,0.38920715,train_dataset_2
fb34b2a7d00a4148b059ce95fa7fc8e2,0.32603693,train_dataset_2
d60a290947164aa784239690b87e4420,0.47230726,train_dataset_2
4f2a0f92f2d9455983b54d82af9e30e6,0.62229437,train_dataset_2
a7d7132196ef4af695f5bc26aebb9980,0.66092163,train_dataset_2
8077f5669e7044488357964248e251fe,0.48937923,train_dataset_2
3ec40441d63a46f4aebf2393e771ca86,0.2509039,train_dataset_2
fc93be873c1e44e5a0e7c2d7332d66b8,0.33729672,train_dataset_2
fc5663b8b3a84094870ed54fbe0dc867,0.5085378,train_dataset_2
8daf09fb21db4d04a788e7c8e608c016,0.5970965,train_dataset_2
c0b7a8a9ea6a46359be472924ed01eff,0.7039842,train_dataset_2
ecbebcf80ab7488ebd4c0ee2c40b25b0,0.5138451,train_dataset_2
55def0b531214ee982fd400f5944f9f3,0.26145583,train_dataset_2
57a3a1110c554bddbe5985384e358512,0.5816479,train_dataset_2
e74dcc8d38d9461987e6e69c330c5de6,0.8051476,train_dataset_2
f8436bfdd54a435baa176419c9cda44e,0.5130921,train_dataset_2
ec3ad91d31574a79b98176841681f1a5,0.4279585,train_dataset_2
ff52af71836843b4814c7e14b41748d0,0.67662394,train_dataset_2
003e783c49194811b5176de594ad42f4,0.44750756,train_dataset_2
e8aa7416b75e4ed19a9d077f1e9b082b,0.70785606,train_dataset_2
382456f400cc4a85bf44a074f589b380,0.35932255,train_dataset_2
21fe6477ef8345a980d4fc1cea1301ce,0.35932255,train_dataset_2
72a9de4cc536499eb78654b047c5d2d5,0.4217229,train_dataset_2
ea9c96d0aef147e9aa4072431eac950d,0.47407794,train_dataset_2
49ee819a80a24bc09d06c2934619e505,0.6382984,train_dataset_2
815ae4d1d46b479ca2763926a2d922e3,0.81015915,train_dataset_2
51684fc3b2a94f39bbee3da143fc7eca,0.2119124,train_dataset_2
3524e1c64d224dad81284036f08b37b1,0.56585515,train_dataset_2
1b3599d718ee465d964abb95bb787343,0.62229437,train_dataset_2
4fbea78cfdf04b58a125b1a5c19fa6b8,0.2509039,train_dataset_2
2787ab2602bb4b3d82fb643ae35583ab,0.77349776,train_dataset_2
9cb324159cdf42fc9e0b76e527b307cd,0.4134298,train_dataset_2
acb8bec0e4384ea6a12c955d6a03590c,0.5290901,train_dataset_2
1da9b6fe33cb450ba19496cd98ec8746,0.6642802,train_dataset_2
f4e9aa1eb22542ffa4b8cd72f3f95ab0,0.5471861,train_dataset_2
a910b68f916745a6b7793cc76dc2fc55,0.7039842,train_dataset_2
281a9328cce346f59e8ed2d51a2e22a8,0.48937923,train_dataset_2
0ade0da8e28a4c5392bac7de897c8ba7,0.324971,train_dataset_2
edf9682d1b11464386fc4cc7aeb7a927,0.66092163,train_dataset_2
a130a93a33214cf88439ebe5342c30e1,0.49466336,train_dataset_2
5e3f590ad8bb43039e4c0dc01ee3a0de,0.6352708,train_dataset_2
137d2fc3798a48fcac1bb3840691a3a7,0.8051476,train_dataset_2
6c0ec28ea1c34f0c91fc981c6129c410,0.85494167,train_dataset_2
95afa82fd41248d7ac0003398cbcffa7,0.49466336,train_dataset_2
ac4166364d4f4deab2d128c8b508a837,0.476037,train_dataset_2
5baa42849ad3465a8a2ef3e79bd5f792,0.2509039,train_dataset_2
e767b74de619431eab93d72633a89025,0.35932255,train_dataset_2
3e75f19f6b3e41f28ff2b270389b9793,0.2119124,train_dataset_2
88c467dff9804c5c94e76f4f592d2192,0.3884651,train_dataset_2
e894bf966f2d4c199abc2c0db1d7f5fe,0.6352708,train_dataset_2
5e5d0d8d9ef64b858d739732245a3fc7,0.56585515,train_dataset_2
ca9cc23a5f96459b8a9891f3ae086758,0.5045162,train_dataset_2
bd4eb03888ab40f983ca787af28806a6,0.67662394,train_dataset_2
057d833b4596418d9b475a92d3205a32,0.5121573,train_dataset_2
95f8126fadcd424bba66a9de5e0a4f9e,0.44750756,train_dataset_2
c2d2f8fa22f74cdd9edb658c4d3ef8e8,0.6631145,train_dataset_2
435cd81e33d4416cb355e445695dd1f4,0.49466336,train_dataset_2
8f7d8136f67e4d88920f4f21494eb2dc,0.66092163,train_dataset_2
89c68ead5a814f49a81421b1cd355ad5,0.56585515,train_dataset_2
d1bad36244524301bce1e5f55045ab11,0.555822,train_dataset_2
e5a1f52721ad4f6291731b7201746f6b,0.66092163,train_dataset_2
23e8fa5aecf4438fb2468eccce1af361,0.8051476,train_dataset_2
c644f5b1e4134c1aa7c7ea0eba88837d,0.44312575,train_dataset_2
2328f703451e4a37b4d9888a0e300134,0.69622827,train_dataset_2
006563f419754037bbdf22a7660a1552,0.67662394,train_dataset_2
5810b02bae0447fcaf76ebbce4bce83c,0.38801664,train_dataset_2
2fcc409f849e400ea2db1bf476424c93,0.4217229,train_dataset_2
eced1b0ed7674a0faa83e5f35f30545b,0.70159537,train_dataset_2
58c06bbe85794c99a302399a19c155a3,0.5816479,train_dataset_2
4d26f77f310a4eb6a26e70610b0e3ae2,0.3847332,train_dataset_2
81a44b8937ae4d40b21ec0591c9fb366,0.35932255,train_dataset_2
e2f16f713840484a8ce85cd9b014e189,0.656769,train_dataset_2
d4bc2a0421f345f9a8486b7f3199f0eb,0.46235055,train_dataset_2
2f41c7ade82f41109a0021ff3b853ca2,0.5130921,train_dataset_2
d47f23e8937b4a52a7d4e884f15b4266,0.44312575,train_dataset_2
a2ab47c3a6044d7b9508a20be0338721,0.2119124,train_dataset_2
8f3a94695be74c0595ec1a41ddbe21d1,0.6423907,train_dataset_2
25a8437e219747689a9b6792dd2ab8ad,0.5045162,train_dataset_2
1c619c85f4844e789602db20a1f1634a,0.48407248,train_dataset_2
b4a772dbf8ee42a5a6fdd71375a6ac3c,0.25209612,train_dataset_2
eb1bf1adb4c544178d69b401dcdf0efd,0.41609436,train_dataset_2
55f545d02f0c441daa2f0a842e30193f,0.48937923,train_dataset_2
1bd0ebd2a4e249d3a60a7e15123355de,0.62229437,train_dataset_2
7d9c47b43a1545a8a1b14b2f19000b82,0.2119124,train_dataset_2
692ebdca29f54e7a95cae43925c5d34d,0.44312575,train_dataset_2
c80027769ad94f3486a0cc73daa0d365,0.35932255,train_dataset_2
14835dfde3474670a6d1a7877f2dd48d,0.4217229,train_dataset_2
fa6874bc02c04c84817e8b7cbce653a7,0.6155303,train_dataset_2
9181ef91e0c1449e8c31678c4f8af7d0,0.6631145,train_dataset_2
3677db27e91d4cac9599785ecfec7149,0.8051476,train_dataset_2
5415f0c347fd48b8b21c9ae14520d610,0.47407794,train_dataset_2
3f741002263b4b4ca4dd494b214aa8b9,0.47407794,train_dataset_2
75ba3cde1a18441ab20cb9aedfc3932d,0.53849906,train_dataset_2
f8e873dfd56f4521b5c13f0570ba9541,0.4217229,train_dataset_2
2a9d1a0e8a22491e9adaf0f2d716c968,0.62229437,train_dataset_2
ac1820dfb7144b7c967e393e83f256f9,0.5374327,train_dataset_2
57dd61b172034d99b259d75858f269b7,0.35932255,train_dataset_2
b6d0d6975ab046dbb5c2f7b5dec4ac80,0.7955365,train_dataset_2
23364e3fd3c54490b19cefd60f70ec21,0.788087,train_dataset_2
dd278031c775495eb8fb3f0d71c598d4,0.48937923,train_dataset_2
f34119eb53a44de8881e6ebcde54808e,0.7039842,train_dataset_2
15909b2122674bfaac6d136b804b5376,0.44750756,train_dataset_2
bd40f0dcccdb4d998d82ef5018b9045f,0.48937923,train_dataset_2
21063ee87d994c9195dc440513f292c8,0.56585515,train_dataset_2
e75c0f5a42164d7fb4a8917d472c9a68,0.38801664,train_dataset_2
36432236dbe6445eb8fae8202a2e9a93,0.4279585,train_dataset_2
8478a518f9584bc69c4d0fe21d09df5d,0.70785606,train_dataset_2
3420dab6ed89461b86e5a59c6372e740,0.35932255,train_dataset_2
79cb3b805ed44251a65f30508d142edc,0.6352708,train_dataset_2
cc969fa8b4134f9882975773bc9a2c9b,0.56585515,train_dataset_2
a398b9ac149b4321bf6429838f48f678,0.35932255,train_dataset_2
2c2c85d288744e458732449e58b35f39,0.26145583,train_dataset_2
31f5073d5a1c49ce992ab29efbb5791a,0.5290901,train_dataset_2
1037e4f194dc4a6a9d928a3bd365cb14,0.5085378,train_dataset_2
4035cfc5ea9144f98c689b5c8f8b365f,0.379123,train_dataset_2
06e034134949445d8346747ca2f60043,0.48937923,train_dataset_2
05cff269683c4ec69543cf8ecdd3946c,0.66452706,train_dataset_2
f49593abaaf94cdd9989565ad75b9d2a,0.6352708,train_dataset_2
3eeafab4f0f54adbbb56887a323faee9,0.62229437,train_dataset_2
682b44935f8342c88a2a2660a9c38725,0.77349776,train_dataset_2
93faf6d9b7e247778b8a227bbcd5e15d,0.7955365,train_dataset_2
8304ae3b72764f1c90b272209ae00edc,0.47230726,train_dataset_2
88f3668fb50e41a08b18c192499d748f,0.44312575,train_dataset_2
9fbe0ffb1fb145488e129e3341f5aed6,0.41609436,train_dataset_2
022fdae9c3eb4ef8ae79475961ff4259,0.61376107,train_dataset_2
84f7dcfc316c4538ad84f8274ec49a99,0.3847332,train_dataset_2
1b0d412ae487482084a51d62cf1da08a,0.26145583,train_dataset_2
c1ac6dbc94c145fdada8440256dfce59,0.77349776,train_dataset_2
257af51e637f4617ab0d9151d24c61e0,0.33530304,train_dataset_2
57be20a78cf5400fa33cb7e3b71b930c,0.5970965,train_dataset_2
11217683f99a4878a919218da2759cd5,0.5045162,train_dataset_2
ce916b8f985248c1b7fc413e89c4e778,0.44312575,train_dataset_2
79f26cdb00e64e94b9503f838e4b65ed,0.49875444,train_dataset_2
6f5cd780690648329454771be9d6ab26,0.35932255,train_dataset_2
2878e71f44994eb9b116a4d770aad958,0.61646247,train_dataset_2
bc4e43840f7a49f3a8161168ce019eb3,0.379123,train_dataset_2
6dac8881de2d4d7f8b58dbbab412f9e2,0.48366475,train_dataset_2
3d439f907e1e4602a8a6b4c00096de4e,0.66452706,train_dataset_2
c14ad4658535470cbce03e6a0d8f8674,0.6382984,train_dataset_2
c5d60ddf744f4f57950f851679de1de3,0.5816479,train_dataset_2
9e931f8b5941471290e66acdf7cb5412,0.48407248,train_dataset_2
f0f650624bc648138632b7e2be50cc38,0.53849906,train_dataset_2
d46246e5dd414d2b86698ed1dce6531e,0.50333446,train_dataset_2
699659d931994bb7944c47bd7f68bce6,0.35932255,train_dataset_2
d04255eccc28405eb0a4f8bad751e1bd,0.4134298,train_dataset_2
049381d62d3e42299ca72020d33969a6,0.4134298,train_dataset_2
549f03094f11441a9043b5dec0d76ac4,0.47407794,train_dataset_2
7810d2eaab364dcbb796d01bef37a0e7,0.35932255,train_dataset_2
b5957f4df4f84d60bfd44f4b0efc3ef4,0.788087,train_dataset_2
c2010768f9154cd4bdb198f2aad57e63,0.35932255,train_dataset_2
49f5db910dcc4e52bdc84852f8235263,0.26145583,train_dataset_2
a243ceaa7c8d47e08c8256d9ae750e46,0.48937923,train_dataset_2
224b5325a8ff473eb38b1167e90479bc,0.2119124,train_dataset_2
3981cbeb436d4b37979218d145ae5e98,0.5130921,train_dataset_2
3f22795ca5144a4fbf36a0c3544c1eec,0.26145583,train_dataset_2
0fadfb776a4a40f99074508fdd8cc122,0.5471861,train_dataset_2
8c2fc0ac92ac4f3b9819b770646388b7,0.4134298,train_dataset_2
69f0921352254a0e88fb95c16c819a5c,0.7955365,train_dataset_2
4a151a993cec4da8852cec971162ea80,0.5370761,train_dataset_2
9f6de260901a4c1592022a0a07c69068,0.33729672,train_dataset_2
faf13532538848d49a68c8104fb4f325,0.5085378,train_dataset_2
fb5f7013e31c4440adaf0cb70391623a,0.48937923,train_dataset_2
dc2de837c81344f4a0dce9fed74420c3,0.38801664,train_dataset_2
66861d3f9a504f90a5d61c5c0ced9552,0.35932255,train_dataset_2
ce52348c85ae43fea6a70aa7b7059726,0.5816479,train_dataset_2
5d44380404dd400fbf85af033c1921c5,0.5130921,train_dataset_2
190854c62b724e238ea07e497e65c816,0.56585515,train_dataset_2
39b8b7e284cd48c3a089cb5a63a0ab24,0.5085378,train_dataset_2
5fd406985d154b31bd60f6c510fafd21,0.25209612,train_dataset_2
21dbc6986a9441cc8adb54d96f817013,0.38920715,train_dataset_2
45bad9100a554232b0a13e265d99dd58,0.7955365,train_dataset_2
9d1826892b1947838852874eb8190d38,0.7955365,train_dataset_2
d43f705562c0499bb3159e4aecb9f0b8,0.7039842,train_dataset_2
0913e0db961a41e6bb299585b7b0997b,0.33530304,train_dataset_2
3628205091c346fea72957d774a433ea,0.46270865,train_dataset_2
42c475fefd31486ea3abee6eb216d1cd,0.45438662,train_dataset_2
5e76dd0124ed4eb9a876c719c3ff9cb6,0.788087,train_dataset_2
774f7200a6f4474a8535445153d8de14,0.3884651,train_dataset_2
e89713fd0cc34b799d9f1883f9b65489,0.788087,train_dataset_2
1df7f4a59d3d4f6cb9dcd077e1ec7147,0.35932255,train_dataset_2
ee31780d94b04a41a769eda857927f4b,0.26145583,train_dataset_2
9ee2328395e74dae8272cda089ed12a8,0.4279585,train_dataset_2
6587eb49e5fc4aa9a305b5e228300d1a,0.50333446,train_dataset_2
c892b34493244f35b82b280455b4ac4a,0.50853837,train_dataset_2
0e5faec7bd284665956b752d5be51af3,0.50333446,train_dataset_2
3d8f324184c2463e9e6a05cd6c1d75b5,0.70785606,train_dataset_2
e11272e1542040ac92bc7451ec294e84,0.45438662,train_dataset_2
c00903fa7fc34a50bfe30ef2cf1ed52f,0.66452706,train_dataset_2
fccadf35635446369624ee7c49fcb9e3,0.4217229,train_dataset_2
dd97b6454a3549c283ca3d678f12b8fd,0.555822,train_dataset_2
2a3260a74f8649b8aea8322f0e03c0d5,0.476037,train_dataset_2
aa6800d1dc2640398a8cfa90d3b36de2,0.5130921,train_dataset_2
8a8d6c7aff9f45b5921671921be90a2b,0.46235055,train_dataset_2
b7d983a71ca24ff2b17ff891d41b8965,0.47407794,train_dataset_2
e268fc4ec0774a37ab07484212ab08ab,0.5495723,train_dataset_2
e41d261ddc9c47c88670962a6d0f8e10,0.33530304,train_dataset_2
6a3fe5093f044b539c276863988406c7,0.7039842,train_dataset_2
91f632a839c0478489cd1c9823711ed6,0.555822,train_dataset_2
4d6d10830cdd45bdb2a12ebd97ad2e18,0.6423907,train_dataset_2
cf50847c8c8f4127be08a44983bf3dd6,0.7955365,train_dataset_2
502324b8c31d46cd8e364166387a6ac6,0.47407794,train_dataset_2
6aec3401d099438ba5cfe95b01b60c5e,0.46270865,train_dataset_2
b93b5cfc0e1546d88af56514a190f9c4,0.35932255,train_dataset_2
4029ff24f08a445e8c38021217fe9a06,0.379123,train_dataset_2
3e36cbd419524309936427bb3dd3a57f,0.32603693,train_dataset_2
83bae5be987347149706c329cab263cf,0.46235055,train_dataset_2
9326378db6bc40e48f694d2b9dcf7b68,0.44750756,train_dataset_2
4a88efdf7cae4da5b9a1d81794f92046,0.41609436,train_dataset_2
2336fd31d04b470e8d5fa641f0fef14b,0.50853837,train_dataset_2
a32bc058c9964251a08461606a6b053f,0.5085378,train_dataset_2
eb4da49ebcb0433493f8b7a587ce580c,0.5045162,train_dataset_2
f968ce0220fb4015b82358a9bde012c2,0.5290901,train_dataset_2
fbe31cff00774c5e9747c0c330b74e23,0.6352708,train_dataset_2
ef922587e7bd4d868715855628d7809f,0.5816479,train_dataset_2
7f6a5751a6864653bdc246d9bab201ff,0.70159537,train_dataset_2
83f79063ffb1479ca481e9fd5578d123,0.25209612,train_dataset_2
0735a7b540324f6da7ecfd66d6a791e8,0.44750756,train_dataset_2
48d408601cb54988ba177cca723ee2c1,0.6642802,train_dataset_2
728743029e2f4afaa76f092d39930be4,0.4279585,train_dataset_2
f68590a157034ac7b3606355ebf4b04f,0.38801664,train_dataset_2
76ee421c56a146b480d2a3f1bd98132e,0.7955365,train_dataset_2
5bdb3690b2a8475c85d94c4799fe44fe,0.4217229,train_dataset_2
66f511ba9c6c470e9564e220f336c019,0.50853837,train_dataset_2
7c3a48b10b1047a58b486c5c8620f1e1,0.33530304,train_dataset_2
cc462177c8ed42ec8783a15b88948a03,0.47230726,train_dataset_2
f7814ecf1f3548359fec9d6b76424c29,0.4217229,train_dataset_2
b541fe8bfdef4ec69787ec77a4290855,0.67662394,train_dataset_2
180b167f53ac4093b10f6bcd39cd0d66,0.32859433,train_dataset_2
156d622dc165412dae64f80c50e80ce2,0.33530304,train_dataset_2
79f633ebacef47b8a25c48f5c48201dc,0.5085378,train_dataset_2
53f081dd5c9c48fb99d736ecaee1e330,0.7039842,train_dataset_2
c125509bdcda44e1a2ed3f0e67118cbb,0.5471861,train_dataset_2
f76680007368497f92afda489e77ec27,0.5138451,train_dataset_2
1cc322ecc0474fb2b3a62be699423393,0.44908944,train_dataset_2
f3b2466d3eb84444894a99d8a6d9d38a,0.5138451,train_dataset_2
aab435b0f114441c816af8077da7fd1c,0.47407794,train_dataset_2
2479098b78c549cd88e7322474f48cdc,0.5374327,train_dataset_2
af393d9af05141dd83cb1f20d13fd0ba,0.324971,train_dataset_2
c76f792bbdbe4a53b9587713ddc5327b,0.5816479,train_dataset_2
bf065d580d2840a092aecfcf38d66d2f,0.491012,train_dataset_2
00e1b2f2aeb54a3eb6239077d04a14e8,0.4245338,train_dataset_2
9bd4045fbc544119a5d7107ee97b7ccd,0.491012,train_dataset_2
5710f353440545bd9a1609d7b8cd29dd,0.25209612,train_dataset_2
5aa7c3e82b694c318d22e0f3770ca2f9,0.6631145,train_dataset_2
670fd291e5b04bc39ed13c95db819b22,0.50853837,train_dataset_2
11af130c6c984a7f84889d42ddb45653,0.46270865,train_dataset_2
6bbe1c438f554f36a1cad6fbd8ee6dd5,0.70159537,train_dataset_2
1f93a9253e144bcfb783169343914a10,0.4217229,train_dataset_2
ae9f7bf618df40d4a561db8710987fdd,0.50853837,train_dataset_2
af2d984fca1b48a69c222b55f1a28869,0.5471861,train_dataset_2
5432061135f047ddac23636156b17343,0.4279585,train_dataset_2
872f814ca0a64662897fb2818612dbb4,0.3847332,train_dataset_2
9809c14b5d13465bb80ba12196dc3939,0.46270865,train_dataset_2
79a9842d37dd4c27a7c97452adb2dc91,0.6103355,train_dataset_2
f149732c40a04c268023b12d3ac51884,0.2509039,train_dataset_2
de73a4d03a8a492eb4891ac584b8f0df,0.45438662,train_dataset_2
6eb59da1f3fb4e7ea2781bf93a710554,0.26145583,train_dataset_2
9953b4dc7b9f4469b454c0e43dc0ddcd,0.555822,train_dataset_2
8b7352a252614e168980b06882c042d7,0.2119124,train_dataset_2
74900124f2844c0b9c86a6c676238f83,0.6382984,train_dataset_2
09c13ce452f64622a3a5de61cb1d072d,0.38920715,train_dataset_2
183dc223ceb94389b1ab58c049451657,0.26145583,train_dataset_2
5859fc4877ca4b00bcc344e7ce8165c2,0.25209612,train_dataset_2
c5e1b5dd324c49cc837837c8c307e832,0.44312575,train_dataset_2
69e14c22c6014c7389437f4b5eabb973,0.35932255,train_dataset_2
63d28f1a1cfa4daa8acd552b4b051cf0,0.38801664,train_dataset_2
97f66a5116ac48ada51fda8c9f516d83,0.3847332,train_dataset_2
82390f24c84d48d1b03508fab461b7d3,0.81015915,train_dataset_2
7e66814b045b40159cad631957755cf2,0.3884651,train_dataset_2
bfd3813af58d4258a07a6c239c581666,0.5045162,train_dataset_2
8fddf7d248e94cb9839d969278f92775,0.48366475,train_dataset_2
3b0381724348464faa45a4c3015d2416,0.324971,train_dataset_2
e2b824dd502944eaa50b14e6a7607f7b,0.4217229,train_dataset_2
46dec917db8c4246b00c80c54516d137,0.50333446,train_dataset_2
3c64f5532279426fbb68c83fa8e02a26,0.32859433,train_dataset_2
318f30b8641a4d0ba3bde08be579e2f9,0.41989338,train_dataset_2
4a9b8b7b38864bebb0d125b1fdde0918,0.4279585,train_dataset_2
dab17e10f31f4e7b9547cf0631d0a442,0.46270865,train_dataset_2
2876ebf5c413414b9b51ab26115b8f48,0.3884651,train_dataset_2
210b1a95580945cc8cb9dfaa577a6868,0.35932255,train_dataset_2
fd88b8838eb34899b4b7913ba635833d,0.48366475,train_dataset_2
5236f692b51443dfb486f92687993adb,0.38801664,train_dataset_2
6af41276832d4a0e92c46cc0b31695e2,0.41989338,train_dataset_2
be398f11e3854902b4c7065b3dac7db7,0.41989338,train_dataset_2
f6957d7552644a4fa31cbdd3b894e4dc,0.35932255,train_dataset_2
4825232c6afa4585bc278f0a3c965d44,0.44908944,train_dataset_2
a642caa7011446168c6d8059ab40904e,0.35932255,train_dataset_2
894daace989b48d9a359d957f3fa3aaa,0.324971,train_dataset_2
0f866c29bf3f458190c34756e604ebc3,0.8051476,train_dataset_2
56397bbd700242a384b88edf16475a57,0.5045162,train_dataset_2
9babac2cdabb4732874c092f867eec2f,0.5495723,train_dataset_2
dbf33736d29e4eaeb2464182e52201ed,0.49466336,train_dataset_2
263d7c956a5d48fa98e065fd835bdc75,0.41989338,train_dataset_2
f14abdc75a2e49e6b9a5ac411bdf75ab,0.46270865,train_dataset_2
fd4d759967ee423cab224520dd44917e,0.50333446,train_dataset_2
7859259b6d42492ba7cd6d29ee9c2cfd,0.38801664,train_dataset_2
2e72cb03387d4b5581f34e0f7bcd8a16,0.5085378,train_dataset_2
8c140aee7fa94c3097399d54ce104430,0.5374327,train_dataset_2
6f8c91c6231e4e60a7ab0b38939f1618,0.5138451,train_dataset_2
e27a5f246c644618864a72c2599ee9af,0.2509039,train_dataset_2
37ccadd1c328415a8cf4b7cc8861533b,0.5290901,train_dataset_2
eefe8741e4cb45dc8145c869096539fc,0.66092163,train_dataset_2
f90443d882fd42bca0d56016cfbb8c06,0.8051476,train_dataset_2
4d0af445ceb7440ab3bec765eb410b00,0.38801664,train_dataset_2
19f18dee8234403f99826ad61ac90301,0.6103355,train_dataset_2
b3724533b5eb4f3aadb75f2cbe63be2e,0.4134298,train_dataset_2
9c9524e335624ac090cea9b0d37a9bba,0.61646247,train_dataset_2
4a924534ee0b497bb5ec07347a015cf9,0.379123,train_dataset_2
473c9fe67ab04e75bb39e2611650233c,0.33530304,train_dataset_2
e0bed64cab7f4068aa62c78faadf61ef,0.324971,train_dataset_2
380b83d4ba514c4c81f7f520b2b6669d,0.38920715,train_dataset_2
664dba45132c4cd782a8e1fa500c6815,0.49875444,train_dataset_2
483bfcc4588c43619e06e97227a40cca,0.33530304,train_dataset_2
74720056bda5463bbbc44375a0adce48,0.35932255,train_dataset_2
87dc2b71e2f94b3f866c103cce5fe3bd,0.6382984,train_dataset_2
1134cb98942141a19127951b23f82d79,0.3884651,train_dataset_2
20a97e24f0a24046be8c7750dd0b2c0f,0.5290901,train_dataset_2
c9bd051f6fce4e8c9641f4b6be367cf5,0.44908944,train_dataset_2
2fbfe0a6556a4fa8a0bc7157a000a77d,0.26145583,train_dataset_2
d0087d2eae564cc382e4e602a348475e,0.8051476,train_dataset_2
104c29f4eb224692a50bdb33c2b7e1e0,0.67662394,train_dataset_2
328d6be1c9254b678fa119b6db0aa513,0.324971,train_dataset_2
00bf3e8b5c44db7f9765a2c896308ca8,0.57062024,test_dataset_3
00c0a5b0b5780839679ddcede9da56df,0.56188637,test_dataset_3
00d82591a1ef87f94bc28b47f9a6c9a2,0.27471086,test_dataset_3
016b2ba917244113cdc4dd790c5ff3c7,0.4688052,test_dataset_3
02dd6983048af267517bc0a57d53e1b0,0.77386403,test_dataset_3
02ec916b7aa5721bf52521f5c3df82d0,0.60768014,test_dataset_3
0302c07e3e0e98b81ac599d2adcdeb0e,0.22173911,test_dataset_3
0345fad9f4f490434ff861150f56b84c,0.56188637,test_dataset_3
03afa3ea85cef7c59afa314b2f3714e2,0.60768014,test_dataset_3
0540bac503edefaf64878ba34693b166,0.57062024,test_dataset_3
054f1e8ba7135ae2cd04f1d87c2c8a27,0.4872741,test_dataset_3
058daf602682e2f57a01489ca38ba380,0.68251497,test_dataset_3
05b984c0007ad527370ebe52ae17a3be,0.56188637,test_dataset_3
06165d465462bfa2c748990b6401795d,0.5811382,test_dataset_3
06c34253a314e79503d1995e3e36990c,0.6508093,test_dataset_3
080c47ce0f397a34776c5ebf1c956288,0.56188637,test_dataset_3
08fd8935a1adbe953e7f6b404ea4d98c,0.26047155,test_dataset_3
09906a09b967d4512648c39922623083,0.57062024,test_dataset_3
0993f893aab66681a62a600efb780678,0.7660824,test_dataset_3
09b50618567eef03049f8d0ad3614f2a,0.24369758,test_dataset_3
0a1b35503f4987d4cd2f678528a4aaab,0.3895552,test_dataset_3
0a35bf4567e057fef86a9836ceb4be15,0.67251694,test_dataset_3
0aa6e334752d15daf7bacdd17e1c3fa9,0.7400744,test_dataset_3
0be9a401d4009ab57627b58ba2810c71,0.57062024,test_dataset_3
0c0a21655b8c24a110beee6a5630b1f9,0.4688052,test_dataset_3
0c76c9eba6c8a41dccc95a3781a52095,0.49677688,test_dataset_3
0c9071ddf409486397003ea80c44b409,0.49677688,test_dataset_3
0dd42dc2037409657df6f8ce4daa5f86,0.4872741,test_dataset_3
10fb93c12c2c8e8e44f329770dbac97b,0.67251694,test_dataset_3
113cc2b4fb612cecf0a5d61b730e798d,0.5655399,test_dataset_3
117dfcd861d1144dfc23bce3e2007983,0.62512636,test_dataset_3
12e525d9f790257c808752a7c12874fe,0.56188637,test_dataset_3
13751c9c8d5e6fd2adfc91cf6cddcf29,0.43615386,test_dataset_3
157fc5c259f0e7702d3c81821a61f88c,0.56188637,test_dataset_3
15ccdd45ac86efe6469a4d992dd495a0,0.8003526,test_dataset_3
15fe605038b671a70437826e58410042,0.40395316,test_dataset_3
1773d5d3afa88e5aa39f6df9c8e775f5,0.5965742,test_dataset_3
19b69f9cc3a6493ca0c3dc79642f5add,0.34518567,test_dataset_3
1a87a7a1079a4a7740ad60efa74223f4,0.45193928,test_dataset_3
1ae7cc9f6bdd04c980aaf323b0eeebee,0.45193928,test_dataset_3
1b6872da4bb6a35936619a5909665e36,0.466404,test_dataset_3
1b92d63038ebeb0939f50aa643bbff85,0.60768014,test_dataset_3
1b9fbd0f45f43ca8107edb73376b9d06,0.5218395,test_dataset_3
1bd3e887b398b5a4cb53695c038a7896,0.40595865,test_dataset_3
1cf3f8156001e5733f02524113fd6732,0.477171,test_dataset_3
1d1166b3fd8e95b90a142709694a5e87,0.57062024,test_dataset_3
1f029b5655a40cef983518132a935510,0.66395944,test_dataset_3
1f3d715d567a9fc92acf0ce736be9f79,0.7400744,test_dataset_3
1ff55afa292fca3f6a88f81e91774451,0.57062024,test_dataset_3
1ff780f5538a9e7e1210b2eafb1a9059,0.47012627,test_dataset_3
20cb2b16ffea2c4bdf40e0783c167fea,0.34518567,test_dataset_3
219b77af40cb65dc0408841412ac9a7e,0.57062024,test_dataset_3
22fee7a89bd03f32f948cfc04d8a9854,0.477171,test_dataset_3
23ac7e2d4cd6395136fb3087173f7164,0.75915766,test_dataset_3
2421c3c8264435a0ce0affac02997449,0.57062024,test_dataset_3
248eac62a1d96a9e4d06d83cfccbac11,0.40102094,test_dataset_3
271c6ae18792744d31c83e2dfbd65e1b,0.26302093,test_dataset_3
2817656cbdfcbf9065fb5cbb4353c966,0.34292892,test_dataset_3
28257234b0e8b425e45bb925519c1d09,0.65310484,test_dataset_3
289a7772cabe1563f3494d60d9847f32,0.63479596,test_dataset_3
28e42d7642174644dc46ea9283fcaf05,0.5218395,test_dataset_3
28ea761ab91bee427b22bcfd8b7cafb4,0.71468276,test_dataset_3
297004a16f7ff13d931eb8229a5fb55d,0.37576964,test_dataset_3
29904c8800d9f22bf76c2ee45c243001,0.40595865,test_dataset_3
2aa3c47238c9dea65db343f2d5e8c199,0.36099505,test_dataset_3
2b1df10b14fed1f96c977d5e80ca1b12,0.20904645,test_dataset_3
2b3059b4d01147ada836b88264ce10b8,0.44039148,test_dataset_3
2b91944c206a75344f5bdd073cf11633,0.8003526,test_dataset_3
2cef58240336378b7fc1f7dd6ad94b25,0.75915766,test_dataset_3
2d610f507b7f5c4863011142d6f00b66,0.49677688,test_dataset_3
2d8d680b7efe2e233bf134e7650877b8,0.39288855,test_dataset_3
2eb8b2174cdc353bf6fe094b250696af,0.5965742,test_dataset_3
2f0e07ae836bce0c25eb431521814683,0.4278123,test_dataset_3
2f9146154a094191ead6524771c91763,0.22173911,test_dataset_3
2fa0c7b0755517510b373d3f9addb5ab,0.8003526,test_dataset_3
316de6cf868e8ca5eb711478e1a5a9d9,0.44039148,test_dataset_3
31a8d5d6b24112c918c1f2301da883de,0.57062024,test_dataset_3
31b802b936a44dcc39525658a1afbe38,0.477171,test_dataset_3
322c0deb9f7c97f33a242b4e0314f6b7,0.27471086,test_dataset_3
329e2f3707e4936c83de37deede66297,0.57062024,test_dataset_3
32e2b61c84dfad23527561db9f61ccc6,0.75915766,test_dataset_3
32ed12b48e915e3efb3099a3304ebef0,0.4278123,test_dataset_3
33def81b37a36ee1c36a979329bc2645,0.4278123,test_dataset_3
350d6fc96b3b0547a008ef2897880a8f,0.67251694,test_dataset_3
3577d5808f7b113f8f176812ac597a42,0.68251497,test_dataset_3
35ea5f7d9b3b9f2e950206fba19e7a5e,0.8003526,test_dataset_3
3602022bff9ac43c3535fbc7d2b19dce,0.57062024,test_dataset_3
360e375ee0c3fef8b30883b3848c4acf,0.5655399,test_dataset_3
367f18f5d2e47438a1231eef87a157df,0.43615386,test_dataset_3
375ed6ed0c3971731bb5ac058df6c66a,0.34292892,test_dataset_3
37796dd335f529e2df8bf6b158992d2b,0.60768014,test_dataset_3
379a0fda419c7c90b046730321bb6d81,0.5218395,test_dataset_3
37ac2f9e4d12dc4c5f32eae10e1a03db,0.43615386,test_dataset_3
37ed93ed9c3d9cf74340412b7f45a16f,0.57062024,test_dataset_3
38fd462283d8f283e4b2a31f23cc21b7,0.5009605,test_dataset_3
3947311c592cf92ed4395fbff8fd82c7,0.34512442,test_dataset_3
3a73bd3aec502afc78f6ded2938edf5b,0.60768014,test_dataset_3
3aac4fda0623c80ca2cd9fac3ba7cd8c,0.3895552,test_dataset_3
3b05cc145d35929d1cd14b8c3aeda30d,0.57062024,test_dataset_3
3b2dd56b30bde72c3308a96fadefe66a,0.57062024,test_dataset_3
3ba2d3e2c503aa91f59da1badc1be399,0.45193928,test_dataset_3
3d1025da67db7a19bf5e74445ec43400,0.49677688,test_dataset_3
3d2e5e371eecc067a7604fb6a525d79c,0.4688052,test_dataset_3
3d4701000a12f1d5803686b6f42508e3,0.60768014,test_dataset_3
3d97bc1d1bc71ad89056b5dabd925262,0.66395944,test_dataset_3
3e09682902f67fe24f513bdfe7c120e6,0.52835745,test_dataset_3
3ead2e5f9fe95921be9c3579ee2ba5dc,0.6508093,test_dataset_3
3ee1bc7a77ec1bd9f215f47bec0e79d3,0.26047155,test_dataset_3
41f707770f14c779cb48d14e4755f705,0.26047155,test_dataset_3
4241c0e2b55e98599362946599fff6e0,0.18870515,test_dataset_3
42b3142dcb523ac51080a3814da13e2e,0.44039148,test_dataset_3
42cf1281305defb88ff24830aa4ccbc5,0.8003526,test_dataset_3
43ab2cde1bf5f48ec2256574ade3e378,0.7400744,test_dataset_3
45f5e91ca153db4ccd663bde4a0b87b6,0.43615386,test_dataset_3
46551afe57c861a160e0801871afafbe,0.40102094,test_dataset_3
4719753be6e0f675e58c4f2e183dce4d,0.47012627,test_dataset_3
475af1a90129267bd544dad93e4a0efa,0.477171,test_dataset_3
490a635b3bc55f3a0a85ff479681bce4,0.7400744,test_dataset_3
49647b70cc01b56e682ab05e4baa3a05,0.26047155,test_dataset_3
49b62f69fefb4624e005876e5d8fbd08,0.56188637,test_dataset_3
49e6aaa5be5fb2fa97b6a28b3202e851,0.57062024,test_dataset_3
49f35451db7b8404ef61f876843c6e02,0.37576964,test_dataset_3
4a83287d28bcfcdf4f3e7b3d8e801c77,0.26353413,test_dataset_3
4afdfef83fd9834ec13fc3b521513fc2,0.4278123,test_dataset_3
4b0eea81f13c003b0a4c81586696f710,0.5218395,test_dataset_3
4b16a7d9dec1e050db5a6ec7dd346845,0.63479596,test_dataset_3
4bd093268315b6fc6a87809225748459,0.8003526,test_dataset_3
4c9c324520d1ae1baa85146452c5bbba,0.57062024,test_dataset_3
4ccf2c63ae70c14d2c78125bed0c2187,0.56188637,test_dataset_3
4d23244f82fe3408276066c53602fe5e,0.45193928,test_dataset_3
4d29533aedd898e33686426676a58f27,0.3895552,test_dataset_3
4d6dcd5a414c0cfeafa0dd1cb6781752,0.44039148,test_dataset_3
4d6f6384a1d3148182b1e3a9926ab819,0.5965742,test_dataset_3
4f2a1e9a4dbdcbaf43692a43fa070007,0.24369758,test_dataset_3
50ad34acb216f1e91e1a786c5a7e10d9,0.56188637,test_dataset_3
50ea612641238ed6870a7294ad85d049,0.43615386,test_dataset_3
530d6dfbf4a89e23735898ddb61826b9,0.67251694,test_dataset_3
53f2bad4e24cd28846e634fbf54cc984,0.34518567,test_dataset_3
545cea8071a0e2757bd647323c400112,0.56188637,test_dataset_3
54c1a6158da5d181ece06a8f40c3c3e2,0.63479596,test_dataset_3
55b4652753550837c823eed28505ef8d,0.5655399,test_dataset_3
56808fa2f8458719af48f0a8466dd613,0.40395316,test_dataset_3
578bc9577da6134c8172e0b65f393c58,0.40395316,test_dataset_3
58260146e2997f1a42f9444f6cecd214,0.26302093,test_dataset_3
587e8fc7a26430a81fc4cc698870dcd6,0.62512636,test_dataset_3
58a3f8a4e3f94ea3eca08acf7dabcf54,0.47012627,test_dataset_3
58f5ffe14fa05cd86dd20ed2face8ea0,0.75915766,test_dataset_3
5b0d2a8ff3502370dc1a1337da085ebb,0.75915766,test_dataset_3
5baaeb2a287bcbda3c953f9c66b3a10d,0.26353413,test_dataset_3
5bf9ea7bccba9069024491f605410170,0.57062024,test_dataset_3
5c12255f0d70246e7893fc5449c4e5d0,0.60768014,test_dataset_3
5cb9bca2047489b335cda57f02092f96,0.49677688,test_dataset_3
5cee879bf12acf975b0505df22a66fbc,0.8003526,test_dataset_3
5e11d822d535d31be20ea19d9ae49bd8,0.477171,test_dataset_3
5e7390e44ab3d00d389b7405f021ab21,0.20904645,test_dataset_3
5fcff788c4b6c1ad0d6d68664786dedc,0.5655399,test_dataset_3
60af06caf1973a962d80443020365b10,0.57062024,test_dataset_3
6177311b8e3c49536f7d30f086d75fbd,0.60768014,test_dataset_3
6282b73f1de8cd03e3371d709cfabdf8,0.43615386,test_dataset_3
62bd30fc4ed3db65ed128b83bb73d595,0.56188637,test_dataset_3
62d591b69f387066fdf47b864d1ef1dd,0.22173911,test_dataset_3
62d9644901ae3ed9ca791b17a72bc872,0.40102094,test_dataset_3
62dc06c229ba6de22f14dfb57aea4d2e,0.49677688,test_dataset_3
62de73e365f83a58ff39b65bc92dad34,0.60768014,test_dataset_3
6321a7b0b845a3dde815607b7d32cd2b,0.43615386,test_dataset_3
6398b6ebba86cec7c553847729147f7a,0.37576964,test_dataset_3
63dc4e4a2f8e1eac1974421f17da9af4,0.8003526,test_dataset_3
64111cb2e23bf09b8025d0d8a46224c8,0.49677688,test_dataset_3
64e0d9cee66e0a67086e7131e621f073,0.49677688,test_dataset_3
65c40ddd6206c48defd2b2f55ce8d109,0.40595865,test_dataset_3
65feafe0dddd5a5b54eb041cf9e3b29a,0.57062024,test_dataset_3
666754a31b13a81a01bac8db1624385f,0.60768014,test_dataset_3
682f5e26fc051f20bb8e0adfc797cbe4,0.5655399,test_dataset_3
692858f530f35396788f4d1f0687676a,0.6118092,test_dataset_3
692cf39082cbfb60e8d2dfc4ca9b4a66,0.60768014,test_dataset_3
6a850f0f2728cb1cc2cfd047dadf52b7,0.52713424,test_dataset_3
6b3fa66addf3a756589b232f558a2c83,0.20904645,test_dataset_3
6c1ba2729e591757d376d6b8aec176e1,0.63479596,test_dataset_3
6c563dd6e685eaeee4fff6b9e9be7851,0.49677688,test_dataset_3
6da487382b515ed5a5bc3706a2e845e2,0.66803724,test_dataset_3
6e48ce44e5ff8137faaff356b5026def,0.45193928,test_dataset_3
6ea2d8e8a613ffab109177fcdf51b74e,0.5218395,test_dataset_3
6eb7e5711f6ad9d7820166b1dede3a75,0.34518567,test_dataset_3
6ffffe9d853cc0140d0a6606c8dc3be4,0.18870515,test_dataset_3
70894ff30a81f8b50698decfae6e256d,0.40748522,test_dataset_3
718f1489d7c98230ae7260459501a20c,0.4872741,test_dataset_3
71f15174a265812e85637bf992ba909e,0.26302093,test_dataset_3
7259af0598cf431694b91c63fd0a24d1,0.45193928,test_dataset_3
734a7e2b4680644f7b54557850629543,0.60768014,test_dataset_3
741fdc78b9ab69789e9a41b16a18f5b4,0.49677688,test_dataset_3
744ef1ff2a93e95667a89e69b4eb377e,0.56188637,test_dataset_3
7455f6f58c7e81d87ac1a604c5bd7bec,0.57062024,test_dataset_3
7481c18d2a8a4c3063c220e02fabb14d,0.44039148,test_dataset_3
74f45dad45e89a35f38804f3656bff4f,0.40395316,test_dataset_3
7717c1f1a2e21afc2e3498f844a5819c,0.37576964,test_dataset_3
7731ca86f91f02de05004a246fa9c4f4,0.51622003,test_dataset_3
787c3154f43b949d81e59914410ee5e2,0.40595865,test_dataset_3
78db6ec0f6b9cc1334c569cd8aaabeef,0.4688052,test_dataset_3
793d6bd2759678d46e2ae85a87029f6d,0.40595865,test_dataset_3
79a8a17e2bfed4984dcb51a0302299d5,0.26353413,test_dataset_3
79fbad0173f7321c5ef5e706b09d0488,0.40748522,test_dataset_3
7a7eb2b6c2ca5220f6df582db3116c4e,0.44039148,test_dataset_3
7ce1f06bc54a13fd78a6ddcbfc582368,0.60768014,test_dataset_3
7d36f6d245c657669cb622f96c6c6a56,0.61173004,test_dataset_3
7d4d2fb8700d6f310985aad82ef89e8d,0.57062024,test_dataset_3
7e8dce6e6bd4a4474de564859dac0294,0.24369758,test_dataset_3
7ea4b3d43d8e5d6aee8fc5d5359c993a,0.60768014,test_dataset_3
8068ba3d992454508626d2bdbb81c478,0.26302093,test_dataset_3
80c032326d6a360f626216dc582c33fc,0.22173911,test_dataset_3
81099ffd00123bfb0371727a562d12e6,0.5962051,test_dataset_3
8240e9e5af4350f8e95f7fefbc4b54e1,0.477171,test_dataset_3
8260b13474bbc656dfe9afbddcd81221,0.35090852,test_dataset_3
832c4474384b2605a974b7e64bce6bb9,0.28985018,test_dataset_3
83daeef16dfcf59e5a4f2a2d835402d0,0.40595865,test_dataset_3
84aa06f50e6ab01750221fc8ebf3c4b9,0.5655399,test_dataset_3
870586e7205099eeb277843beb1349f6,0.52835745,test_dataset_3
87ef85e965399491b2692ce622ca847e,0.66803724,test_dataset_3
8876a2a270aa63d1df97435c88b8c873,0.6118092,test_dataset_3
8930e4699c4db4cee22bf0628a9f5aec,0.7400744,test_dataset_3
893b11972611535c121ca423483cc2d7,0.34292892,test_dataset_3
8a6b900c36de4794b42cbc776a41a4b6,0.52835745,test_dataset_3
8c7ef50ff41876f7bd93e14c20e8252e,0.4688052,test_dataset_3
8cca6e35ac6ea8738548115a07b1fffd,0.477171,test_dataset_3
8dc439531bf4d3c55a5d98d6bb143cc4,0.39288855,test_dataset_3
8ef110eba7fb57c731552c9ba9a52a93,0.67251694,test_dataset_3
8f3796dc09c17b4b017e680b35498dbd,0.27471086,test_dataset_3
8f6396b4c80c1ec7bfae47bad962e2ee,0.57062024,test_dataset_3
8f993501fdf98c5a963648458842161c,0.34292892,test_dataset_3
8fedbc81557c6dbb6748324b24e50ac2,0.56188637,test_dataset_3
91f861e63ee6049948f33fe59ce422c1,0.34518567,test_dataset_3
927f2935b11887d702b769925762bac3,0.7660824,test_dataset_3
92ccbe5471b5c93cbd21b1ba612f91d9,0.57062024,test_dataset_3
93876f236da81e11d43e77234496cac7,0.3895552,test_dataset_3
9395155211fe1190ec9e5f4d2208b3ae,0.65310484,test_dataset_3
93ada3bf892168bde9c57d72d8a7c014,0.20904645,test_dataset_3
941aab4cc725b9ba416100c1aa9d8291,0.71468276,test_dataset_3
942c7cc78f4d50e77f1e0716233825fd,0.34292892,test_dataset_3
9483f394bc26f4e7171ba87a758f48c4,0.80397373,test_dataset_3
9553cba74c0662dc3bd85af14086663a,0.4688052,test_dataset_3
959378ca792d5411df63ebbc5bdd77dc,0.26353413,test_dataset_3
96d53ada73567c1e7c03dc7a648edf8b,0.40595865,test_dataset_3
9792e5af934ea4a30444ea7729c3e4b6,0.47012627,test_dataset_3
983893232f330cdb98eddfece806749a,0.36099505,test_dataset_3
9943d403d9909505ee9f4ccd98aa7ebd,0.15981384,test_dataset_3
9aa595a947aaf5aad0530d56a91f65d0,0.5218395,test_dataset_3
9b320dd91a95e7a5b1c684ce6d24e5ee,0.477171,test_dataset_3
9d467e3a184561353040cd72553cc592,0.20904645,test_dataset_3
9e2de3a104cddda891220469f3a3a58b,0.43615386,test_dataset_3
9f007ba635ae0520a7aca50376a8724e,0.3895552,test_dataset_3
9fe3d9e2bfbb987aebd666d7bbe0bd85,0.45193928,test_dataset_3
a007974bf058b2375a3187f0d58695db,0.8003526,test_dataset_3
a158d91f485c54adeba5c19f1f5412e4,0.60768014,test_dataset_3
a1b262a294d5968b5f1186cf7b8d8032,0.24369758,test_dataset_3
a1b99435958825ef3724b0016fff168e,0.60768014,test_dataset_3
a2b9ade59356d7f0d11c157d3be8dcbe,0.66803724,test_dataset_3
a305e9f3e7d86ddb2ef533bf40c3ded6,0.27471086,test_dataset_3
a35d0575d5515aff6dea3741caf5497c,0.62512636,test_dataset_3
a49ce6256ff4a61359a7ec177e30d72f,0.52713424,test_dataset_3
a6393e2870a9b245fad748246d24caae,0.43615386,test_dataset_3
a6a98d73649410a730951b14196484c3,0.52835745,test_dataset_3
a78c123b91d71d6391bcf569234a9f61,0.63479596,test_dataset_3
a96c1ae1420f431738e3dbf11f1fafa7,0.45193928,test_dataset_3
a98a69ba700e1a59a05da099ef63c1c6,0.57062024,test_dataset_3
a98e16e6fc3fe7e04a85d30dce6a18db,0.20904645,test_dataset_3
a9e58b9db643c834c64b6d11bebbd9d6,0.40748522,test_dataset_3
aa3c1016968cc60f3dbe683dd446231e,0.60768014,test_dataset_3
aa48cbfa89bd633823b4af79c22df34a,0.40595865,test_dataset_3
ab6171d593130755cfc1bf1c28f06b7c,0.61173004,test_dataset_3
ae7f4726d233c2c1f472969b917e5ece,0.61173004,test_dataset_3
ae91bced0ddaab61c273a4184f8123d4,0.62512636,test_dataset_3
b02808af846b1949b3c17bc22d9eaf46,0.52835745,test_dataset_3
b02c77864265e20f53d2cf8a09b0ac56,0.57062024,test_dataset_3
b03f4705300d0658fa9166839ed839da,0.56188637,test_dataset_3
b04476ad31c2d2ac10bac363c28bc4a5,0.22173911,test_dataset_3
b0bd69a8eb54453a0fcc616cf4d2a433,0.5655399,test_dataset_3
b1ad06abef25c576a4f9af58c3275d10,0.75915766,test_dataset_3
b385dbde88cd05944916cfa5f7aeb76c,0.43615386,test_dataset_3
b410a01eba165b9f4980458ca9f335bc,0.34518567,test_dataset_3
b493cd130aa65283f33621c8a8c0b733,0.4688052,test_dataset_3
b537f6a20e20e13a26cdbf27e01bfb2f,0.22173911,test_dataset_3
b5cee24ffe4664f3ed7021528c9a9b54,0.3895552,test_dataset_3
b65e1f2b616dca20d2fd47bee57e6d13,0.49677688,test_dataset_3
b6bcbb95bbedc5f539039baf3aab1f47,0.49677688,test_dataset_3
b6d5c6778c751594538260867de22b0f,0.27471086,test_dataset_3
b6d60d5423be607fe4621f16519db0ec,0.66331553,test_dataset_3
b72fa543c168ffb30758e39cf852a0e7,0.4688052,test_dataset_3
b7456643d4d24f66c9c66c366b78fc59,0.4688052,test_dataset_3
b88b4a41f321dfff02aec2cbc09b8fba,0.34518567,test_dataset_3
b8cf90f98acd558bedb8bc6704963e3b,0.8003526,test_dataset_3
b921a5bf24c8f9eef7727b2e7b0babe4,0.34518567,test_dataset_3
b94b7d57788653463650f50723a7cf44,0.4688052,test_dataset_3
ba9985aec693bd7a5f22341cb4f4c62c,0.39288855,test_dataset_3
bb1bfde07d566499da5b61e49f6d79a1,0.57062024,test_dataset_3
bb3d4527741b5ab2ed1001d37800f0d5,0.18870515,test_dataset_3
bc75441fd26fdfe7affc3423e08e1a2f,0.57062024,test_dataset_3
bd28c4183059cb92de4db28eccd9a93a,0.34518567,test_dataset_3
bdb0636e7fe1bad061bb7885e3c475b2,0.61173004,test_dataset_3
c0fd303618ce6f921defb0ce788f0ac0,0.67251694,test_dataset_3
c1b332bad07356c117afc7311eee987e,0.40748522,test_dataset_3
c2255fb772f4aa75540997f3198fa89a,0.34512442,test_dataset_3
c278f46bc66f5479e803f3b2e78db601,0.36099505,test_dataset_3
c30a31fd328c1ec4dea45dc589c6e642,0.56188637,test_dataset_3
c3263708eb99efe77a831d9a123410f2,0.5218395,test_dataset_3
c470b8f53b4bc6e099ba387bfc68741b,0.22173911,test_dataset_3
c63fb149e2c12adba52c31dbd2af3115,0.57062024,test_dataset_3
c6c25a63c1cdeff068595d75162070a9,0.28985018,test_dataset_3
c6e3db09a82405b45ab005bd87d55a5b,0.34512442,test_dataset_3
c74e1e50c6a4061f106e5207f79e2eef,0.57062024,test_dataset_3
c7f18d567c0ba4442b64330332197025,0.52835745,test_dataset_3
c80090c8070f056120479fc524c26d14,0.3895552,test_dataset_3
c87598894d3b491dec951da769846274,0.26353413,test_dataset_3
c88854e52be6e748eba83dc52adfbadb,0.60768014,test_dataset_3
c8e85d4d62048a7fb5c4120c11c94dd8,0.5218395,test_dataset_3
c9b899cef556ec494592bf7fccf67de1,0.34518567,test_dataset_3
cb6495d6c971f21852a229b693f5124e,0.4872741,test_dataset_3
cba6e550c35c20be3052313adcd17933,0.40595865,test_dataset_3
cbe00ce6491cd0a8b6a0449c5a8407ff,0.47218993,test_dataset_3
ccab4dd6f21f63e6d9d2bba82f78b036,0.67251694,test_dataset_3
cd576c3ea810b1baf45eda89e5740988,0.20904645,test_dataset_3
cd87b7e345b1a4426cd3e186c672cf72,0.22173911,test_dataset_3
cf74fc3164563151c3e4779e2979a99c,0.56188637,test_dataset_3
d05f6d7c76bb86c86a48280a8496b5dd,0.8003526,test_dataset_3
d2184c5052d4dbb35aabc0d6db138e45,0.47012627,test_dataset_3
d2985183fbe3bb6465823eb3f16042a4,0.28985018,test_dataset_3
d3b779cbef310b96a5db5c47aa933756,0.37576964,test_dataset_3
d3e8d3d91234c3d26ed14f733eaf49b4,0.56188637,test_dataset_3
d44935174e986ab61b497e38ff0d49c7,0.13314189,test_dataset_3
d472ebaaf5a775d37a1aecbea38417ab,0.45193928,test_dataset_3
d5169fc5161c34d349aa9a577e16211b,0.7400744,test_dataset_3
d527da07c9ef8966f23daeeec5a6b8d2,0.57062024,test_dataset_3
d5ad661ff500bfd1df67c517f16efea8,0.75915766,test_dataset_3
d65e26c77d056132877e249f3d1fbde2,0.66395944,test_dataset_3
d6d10bf7582b052a73fc79f2b7f6049b,0.24369758,test_dataset_3
d70c08b2b5b823f0f70fe6a1be3a1e9a,0.40102094,test_dataset_3
d87ef4ebbb0cd8d4f1beedfd0f214677,0.75915766,test_dataset_3
d9e87ada67464734a53acbcc5ea90bba,0.45193928,test_dataset_3
da136d016718e45f6223c6758904c831,0.5655399,test_dataset_3
db92511473035507d9d97ee5c5303a3c,0.26353413,test_dataset_3
dc9f30d5e59a19d181c2893238a7ab9f,0.57062024,test_dataset_3
de518b7a23cf3fe8f134bff0fd3f8d82,0.60768014,test_dataset_3
def89eb28f7702a7fcf7cff47dfe3185,0.7400744,test_dataset_3
e02a3aa62d951893a834d64c90ce90fb,0.62512636,test_dataset_3
e0e2df8d46adc073a2acd9299df9a312,0.5655399,test_dataset_3
e16ad97e27f38cb6bde4e6cd497ad1b8,0.20904645,test_dataset_3
e22d680964393bad34e7ae9d00c53244,0.57062024,test_dataset_3
e236f8d01da291972ba6bffea4f171fe,0.36099505,test_dataset_3
e2e887e4e3a49c3b4e017daec59cfef0,0.77386403,test_dataset_3
e320f597fb83ebd97405b224231b98eb,0.62512636,test_dataset_3
e3878a94c95984fff42ba2369f15d8a7,0.49677688,test_dataset_3
e3ef05a3c36915fc7c04bb44c9b3bb00,0.26047155,test_dataset_3
e431033492b4542f94f8942558679c11,0.60768014,test_dataset_3
e4e73b9042bcf8d3f67b086fde07405c,0.45193928,test_dataset_3
e562ed7d590fba8826285b9e9275f63b,0.62512636,test_dataset_3
e6a26df8770601729ce84eaa022c4531,0.75915766,test_dataset_3
e6cabb0393a1c78272774c0e0d6bf661,0.44039148,test_dataset_3
e760893b9fb02f81276ea5d938a16583,0.71240586,test_dataset_3
e7c6e2595741b65c1ea80b7269fb0b4e,0.3895552,test_dataset_3
e7d49ad4d8dbc183d8a8b0cd4827b725,0.34512442,test_dataset_3
e853bda03b1f2476f41ba02033342a00,0.49677688,test_dataset_3
ea233fb179751a76781cb163b57c5e1f,0.60768014,test_dataset_3
ea38355a48a6e766c304ffc97d844b90,0.62512636,test_dataset_3
eb13923ac361734812a44ce8820936a7,0.40102094,test_dataset_3
eb3a454ed5f31e8453b99c30de70c863,0.24369758,test_dataset_3
eb4ce0606aba1d54d7e6d783293752f0,0.37576964,test_dataset_3
ec98e9fb1f9d9245c0ec964ba619c18d,0.22173911,test_dataset_3
ed73f8209ab8028cf43bcc0eb9b5a078,0.63479596,test_dataset_3
ed80f89bc51b39358b9e6c44aee387b8,0.13314189,test_dataset_3
ee5d5b5e657181fc822667218a535ca7,0.57062024,test_dataset_3
eeb5f36169305348febc28471733527e,0.13314189,test_dataset_3
eeec469e655fee7b446481917375fab7,0.37576964,test_dataset_3
f05351b1010e59933a35c3a99fec4879,0.60768014,test_dataset_3
f0efd455c45e439f3da5ebf629ffea55,0.56188637,test_dataset_3
f12a7b021e62e4f728a69a649e23bf20,0.62512636,test_dataset_3
f15e474c7372f33acfe0abc1ed75e24f,0.27471086,test_dataset_3
f1af519e8547ed716ae9aebdcd777375,0.40102094,test_dataset_3
f215672780aa671323cd09809fefd7a1,0.56188637,test_dataset_3
f25738d0cb57e1e729b995a1b770a693,0.40595865,test_dataset_3
f2b18f0a8b413b4928cac37ba13aae61,0.7660824,test_dataset_3
f34a29f6ea95d029712cca078893e4ea,0.75915766,test_dataset_3
f49283788e1bcefa8ef335aa80e5df42,0.52835745,test_dataset_3
f5320d4655b3e0a3c4c86ac856b8af7e,0.67251694,test_dataset_3
f5d388bf1c02a3c36b14f84b95f94c8f,0.26302093,test_dataset_3
f5d3ebb126939f1729a1a32939d98a45,0.26353413,test_dataset_3
f5f09b2b91a9f46f724a984c27479a70,0.43615386,test_dataset_3
f666707bf128c7a7c534249f92213ddd,0.62512636,test_dataset_3
f6f851b500d5df473942fd7d1ed0e367,0.44039148,test_dataset_3
f8d197f1c4a861211f686242ab51ea73,0.466404,test_dataset_3
f9a9a373a2612754d2e7cc07b58b91d8,0.75915766,test_dataset_3
fa30035383cf373a8613a44ec42a5266,0.43615386,test_dataset_3
fa56b29cb78604cc2a494f2b47c0938e,0.34292892,test_dataset_3
fb04b86c28bfe45cbc7a792fdf406a46,0.60768014,test_dataset_3
fc4e7a75dcbc25ab05634566fc66d6ca,0.60768014,test_dataset_3
fd14d04597d1cdf11254ba13f9b4c71a,0.57062024,test_dataset_3
fd1ba41e7a4fae567675b9ea5c757c03,0.57062024,test_dataset_3
fe43a54440369feebf79d5b1017efba0,0.56188637,test_dataset_3
fe47d786705b124ee75e76dd970e7290,0.22173911,test_dataset_3
feeae51e9d8974bc5048175d2300cfac,0.37576964,test_dataset_3
fef053aa6ddabf5d3c7f4c18f9b08a99,0.65310484,test_dataset_3
ff42cbc3605d26e8905cb98f19986321,0.52835745,test_dataset_3
ff909b16caa56f22e639950969df8d3e,0.49677688,test_dataset_3
ca0bd71fec0c68e8ded1437a17c992ad,0.37576964,train_dataset_3
ad4dd1776fdb97436ef1fe5e61acd139,0.52835745,train_dataset_3
befe1d1ed060085ea917ad48c3b7c6fd,0.63479596,train_dataset_3
34e10383cc5ea0af226c73869970ee5c,0.57062024,train_dataset_3
7ddc346738bc4c9e623b1573824747b2,0.44039148,train_dataset_3
f27f5fefdcacd6200b5afc2c408737a2,0.37576964,train_dataset_3
4be0c6c6ebc8b2f993625278a103ae63,0.34518567,train_dataset_3
60cd8271dbbafe10b1482066ec862896,0.77386403,train_dataset_3
423c10c2032284ef2b7170cd81663677,0.68251497,train_dataset_3
0097d314997ad28c43a8cd9818ec0f84,0.5655399,train_dataset_3
8e35798ca7b369b0d8ac3bced9d21af6,0.26047155,train_dataset_3
88ffa501c60a7d013e2666eebfaaa29d,0.8003526,train_dataset_3
6e35373614ee2f8696fb1153913aa6ff,0.57062024,train_dataset_3
a4e98fc62b7a25a081b3d5392c052a25,0.5965742,train_dataset_3
32739e427a48c0542a3f152e127055a7,0.60768014,train_dataset_3
a34cca1de0d31ae029a9e2204c41ba95,0.5218395,train_dataset_3
62180759462bd3eb0f306f5f68e8ca0b,0.40595865,train_dataset_3
9b4ca659a1dcb1cb388b742d85ab01d9,0.45193928,train_dataset_3
e29808721147f1de3961646c3efdc526,0.43615386,train_dataset_3
b869ffed07cb6d3cf07df41401b0c72b,0.34292892,train_dataset_3
09c2ab13fec50770d61e9790cd34f93b,0.26353413,train_dataset_3
523368f5af04bd1f52595d5fb405c49d,0.40007678,train_dataset_3
a7241f1b070d66146152785e92c48d12,0.57062024,train_dataset_3
089cd6270a47ea41f33c64595f0b549d,0.63479596,train_dataset_3
567f0d32bffbedfa9bc121cb4bd49630,0.66331553,train_dataset_3
9eb8c6fc650325aa06d41817f17624fd,0.27471086,train_dataset_3
66cef9e795821f0003518200d525818f,0.56188637,train_dataset_3
8c82bb7b30976a34217114eedb3ef527,0.80397373,train_dataset_3
7c947a1c229c840997adab91d2f65351,0.60768014,train_dataset_3
29aa6b09e0f6d974c0c96e6ae9f92102,0.57062024,train_dataset_3
fc5ef9be08961e84beb28fc40f3e799d,0.3895552,train_dataset_3
2ed539b5ccbeb2523da8ec8a18b4d56b,0.57062024,train_dataset_3
39085da3db54fb9159ce022ce065856c,0.49677688,train_dataset_3
e1530472ae47583d6d6bd83b2026e81e,0.26047155,train_dataset_3
5727c012766afd8759ff0041fa8797ae,0.8003526,train_dataset_3
73e6ae17bc3b96b9aba3cc78c5453d8c,0.28985018,train_dataset_3
c0ddf5015b3be5849a31be069ddba74a,0.24369758,train_dataset_3
fad8325049bcafbf18a3db238f7c67d8,0.71240586,train_dataset_3
560b6e60fd6910111379551bb935416c,0.26353413,train_dataset_3
6230a6fb9a4a0a9f5154b8d1a31435b5,0.56188637,train_dataset_3
5b8d5b0009bf02f01b7a38a425f1eec6,0.37576964,train_dataset_3
f64c99fb3da4fdd5f0321ef4c0216efb,0.67251694,train_dataset_3
49008f921ec0b11cb910654628cff3e7,0.51622003,train_dataset_3
4d2c79cb123d3ff34e40883a820262f5,0.15981384,train_dataset_3
0b76a15a77b1d82d61143576aa9f9e79,0.40748522,train_dataset_3
4e1cb22a696e636be8d7b5416392f372,0.3895552,train_dataset_3
a6b278777794b1d485192a61e8691857,0.5962051,train_dataset_3
fa9215c3ef25b18305b9d902e4ae7f4e,0.24369758,train_dataset_3
d4ccf0da4304a6ed788257ca51f9e5d3,0.66803724,train_dataset_3
bad2f66e301417f0e1dd8ddb2c5bab48,0.62512636,train_dataset_3
95af8fe249fdf84ab8313bb65b2308e2,0.43615386,train_dataset_3
caea3e9d9fc296cc248036860f5053ab,0.40748522,train_dataset_3
95c5c9fa7e700c9725c3f76c36df6e97,0.8003526,train_dataset_3
4186a0bf7341c2227647333e83602e83,0.24369758,train_dataset_3
65ce3ee7afd472a3f43e7207f805bded,0.4688052,train_dataset_3
5a66424979948f2df80c538c02f9dc27,0.57062024,train_dataset_3
089194a16d0b77d73984b48870cd8c13,0.47012627,train_dataset_3
1ba9677441dc87a7a291b601b4b787a9,0.3895552,train_dataset_3
62e594035ee0de9977479cb0e816d090,0.63479596,train_dataset_3
2fd5ef915880b2dfcc2d10256b7013f1,0.13314189,train_dataset_3
73f148673afc65e51d5d24c439211c5f,0.43615386,train_dataset_3
03e80942ce82dcb27bff28abf224964e,0.22173911,train_dataset_3
10891763cc42820d4350c70d26f0c92f,0.66395944,train_dataset_3
170ca5eab9f301309fa30eb77ce43478,0.6485984,train_dataset_3
156165343f87e411238f882f1be90a30,0.35090852,train_dataset_3
8c969aeb5f4f6803b182cb506637bf44,0.49677688,train_dataset_3
18cc8b50a2c38e7c968cc79853515de7,0.51622003,train_dataset_3
e8f089a95a5bd7e4a4ff0668a644a766,0.26302093,train_dataset_3
561c4e2abf5c3efb0ba8fefec19d7633,0.36099505,train_dataset_3
7b656bb86d01e03d43aa6d2e45cd1d8b,0.34512442,train_dataset_3
71e91755dd4d299e4d04621687e7843b,0.51622003,train_dataset_3
298768af5f38dc422483af8f5f2b3a13,0.56188637,train_dataset_3
e87fa082292486a468163f788c3c314f,0.5965742,train_dataset_3
6a0568a4ca8539f31c29963c72d52c51,0.4872741,train_dataset_3
ad6a2680d48febd7aa3c1261ec4365bc,0.66803724,train_dataset_3
2c0a4315d876221cf6d513d492975461,0.49677688,train_dataset_3
aebaa8cff33d3cc47722f74eed0873fc,0.63479596,train_dataset_3
2063986826c463b347321698b6f91267,0.40748522,train_dataset_3
7043dfb586b98d8058328afff918d202,0.60768014,train_dataset_3
02de6d511306670ba657abcdc4907cab,0.34512442,train_dataset_3
e5434b2aa87b383c0a8856ead5ef7907,0.66395944,train_dataset_3
cda96ef8b4bf8807934abbb1f8ef07bb,0.5655399,train_dataset_3
fa54d80c7565db1e5f56e441126fdf9e,0.40102094,train_dataset_3
c2c313099a9b530bcecd7fa01a0ac64c,0.40102094,train_dataset_3
6ec4967d128eac50e51d9f4ab60f2546,0.61173004,train_dataset_3
3051354b6a1935c46da12bf98f5c3ea7,0.52835745,train_dataset_3
d6c3c4e3fd73382b129a341d4f76a190,0.5218395,train_dataset_3
83439efc0605bb31ba380dcf1dba40b2,0.477171,train_dataset_3
ee53ee35fd8e082bd4981633481b34a8,0.61173004,train_dataset_3
6817c10dd1a7af80301d529be405cab5,0.20904645,train_dataset_3
efcda9f8e0147637486aede614e9e75c,0.44039148,train_dataset_3
e779edc8f093ecdfc31eda79ee9274d9,0.477171,train_dataset_3
cef46e5fb944246338b547d3102c9d11,0.34518567,train_dataset_3
d0c621031f10bc4471aeca1bd31bef15,0.60768014,train_dataset_3
c947482f81f604baf5fabfb0d11e2aaa,0.57062024,train_dataset_3
c02f58f8f315e1486ad2bd6d6ef5ce39,0.20904645,train_dataset_3
18b0c2c7ddf7acbb175745ead372bad2,0.60768014,train_dataset_3
01049b8fd2240d7acdd72bbba146f582,0.43615386,train_dataset_3
6f7a2e6cf4167bfdf50aea8608011e1e,0.40102094,train_dataset_3
77687321b4ae02a8e9e0e4b084c35c21,0.75915766,train_dataset_3
49ce2e0a658e467a4353d9c09bd117a3,0.40102094,train_dataset_3
87c3a9756a288356402d71a2580c350c,0.68251497,train_dataset_3
ae01fddf26dd3f122c3a01430f335998,0.56188637,train_dataset_3
71b5dffa14230c0aaeb171514264f6ca,0.13314189,train_dataset_3
d9f7935e4e5140d678dfe43a3a6677fb,0.56188637,train_dataset_3
b1c7656451cf8d074ee726f718ea4bcb,0.28985018,train_dataset_3
8b3d6ee49be4cf4c74a36e4fe967e5dd,0.18870515,train_dataset_3
7b48bfec441a07ed1342b8e348390d09,0.8003526,train_dataset_3
170140c2ed1afb717e7464c3802f7777,0.52713424,train_dataset_3
611805f1e94222781ca2b77c1dcf5ca9,0.44039148,train_dataset_3
8b95424fbae86a4f57bfa37551abfbe2,0.75915766,train_dataset_3
a8004b2fd1f3c5e19554b5b851ff2669,0.60768014,train_dataset_3
20850160d3c2522511e7940ceef1bc32,0.52835745,train_dataset_3
c669a23bf57da9737a38124e762c7533,0.22173911,train_dataset_3
87a43c7b83b670a60c1a392469ec9930,0.57062024,train_dataset_3
b6c0bd01860f94efa01ccc714f62afaa,0.27471086,train_dataset_3
cbd4d3cb16eb94671e3e2a7c2b99585a,0.5081689,train_dataset_3
40a8632a37549cba6f248df1ce686587,0.5009605,train_dataset_3
54ebe5caf072699bcc34eaa3b77aef76,0.49677688,train_dataset_3
596621f51bfc51117bfa33c72c0e4bb1,0.49677688,train_dataset_3
a67656f7aa8b8dbdc9a49585b188f1eb,0.22173911,train_dataset_3
4eb25769615275b43034eb89b2c5fb45,0.52713424,train_dataset_3
e46d715359b05d3de1987671caef7c25,0.52713424,train_dataset_3
2377e0eaf2749cef6f1578f1d7e35c31,0.34512442,train_dataset_3
57d86cb081cc1388210eb61c634574f3,0.36099505,train_dataset_3
4016aed900e33f678a691696a20361dd,0.60768014,train_dataset_3
93c2775e0c526395230bafdda21284c2,0.52835745,train_dataset_3
625e41c1eecbe5b0319aa7aef43fd690,0.45193928,train_dataset_3
ad5c5d801d06348de0e4eb637639ed8f,0.63479596,train_dataset_3
2e8db68dcfdca685953d58f47b80c834,0.66395944,train_dataset_3
cfeb3cbd7b77d743fe9682bd66089796,0.80397373,train_dataset_3
9375f681af0026e64df4e8172abdb310,0.45193928,train_dataset_3
6ac9e083482b78b53bdff357003c010f,0.5965742,train_dataset_3
4b2c8e07680642a10bc2b79ca81cc024,0.57062024,train_dataset_3
7db6babf069c1d9b97801b6df506e1b5,0.61173004,train_dataset_3
427ea6dc1d88ea76ca562809b6b5fa72,0.60768014,train_dataset_3
7478cd30b38a23831384fcc2d940d802,0.3895552,train_dataset_3
0b3850a9b98f5b6c896a6703bad448d1,0.40595865,train_dataset_3
5f6aa71b19749f7b1799443967f8c628,0.26302093,train_dataset_3
c2317f373d4e513d1eb7403d2cbabbed,0.5965742,train_dataset_3
041cb5e243faa45068f42e458fed4081,0.57062024,train_dataset_3
f3a200bbba15c4e6584c70e7ca6fb2b1,0.60768014,train_dataset_3
9c3be6491a2bac5889606f9a0f80fc40,0.26353413,train_dataset_3
cc31ef0743f32bb66511db330bfa2c5b,0.66803724,train_dataset_3
fa391a11289f136b8cae040cabb90f9b,0.51622003,train_dataset_3
4a7774a73225a6ef95c234d68f357053,0.52713424,train_dataset_3
294765a22411ebb0c58bb7c16719bc45,0.4872741,train_dataset_3
3a88c0e3f78691beac5c611e613c5c4f,0.71468276,train_dataset_3
cd3ecfd977af2b6a2a18343598910f16,0.4688052,train_dataset_3
dc2529676aad56ff260d4a92bccb56e9,0.67251694,train_dataset_3
00b8932681bc6fe93a90db85e5856ee1,0.24369758,train_dataset_3
7e32f664b7773ce3e2bd67f2ea9c36b1,0.40595865,train_dataset_3
ef67fa79847775c47c8c227a42da5294,0.57062024,train_dataset_3
efb86a5fe7485580905342b505f53a42,0.7660824,train_dataset_3
bf943becfa5ef53b64657a8f770b7886,0.34518567,train_dataset_3
d93047c28ce174dffa9c28e021a30137,0.6485984,train_dataset_3
023fc4c99739294985bc69f65ac9017e,0.34292892,train_dataset_3
d27081f45febc59a7d1d852e7ff9940e,0.6508093,train_dataset_3
baeafcbd041c7278881273ae1e504dd5,0.24369758,train_dataset_3
e03d5f2486aaac6ff9723a14c77e683e,0.77386403,train_dataset_3
06015cfcf25be54e7e2696b6f7cf9afc,0.66803724,train_dataset_3
4299984551badc9668fa7040fc9b1a07,0.56188637,train_dataset_3
c60041405ecfc1fe6016bbefba6401b8,0.22173911,train_dataset_3
578e2363055238871650a651e78d335d,0.6118092,train_dataset_3
a5082e491dcc5074f49399d6692500ad,0.6485984,train_dataset_3
6b7b66981287d64213f64e2d12c917eb,0.61173004,train_dataset_3
fa0fe8b730900c481f5e1948d3e30acf,0.4278123,train_dataset_3
e060ca3f50549fefe3754aa61f42e83d,0.75915766,train_dataset_3
be739eb2290057abdb45669d5a4c17bf,0.5009605,train_dataset_3
3567fbd08de005c7bf93a2aca696edc1,0.24369758,train_dataset_3
3284092801a5609e4ae7871f385f98e0,0.40395316,train_dataset_3
861d851d27498ef9a1637fb3d6f7ebc3,0.7660824,train_dataset_3
92fc012c585a81b66f4df825aa8f7fa1,0.57062024,train_dataset_3
76a0c7ace16411bc89349728e910fa10,0.6508093,train_dataset_3
fae7cb07a5006966fd3e07699c3b9512,0.35090852,train_dataset_3
0532035289db882523b872fe9bc20458,0.4872741,train_dataset_3
5a1be7107dc2cd0e7a3d8132360b839d,0.40748522,train_dataset_3
0020db0fa6d4d30b8193b9c345010efd,0.40102094,train_dataset_3
8d72291083617fca88d557ed1234e858,0.6508093,train_dataset_3
d1f64cee3693f08919a30879fffa35b3,0.49677688,train_dataset_3
a5197219bd3f03519468b4ecc23280e0,0.57062024,train_dataset_3
0bf1f001e0ed82956e4c61e8338a1ab2,0.22173911,train_dataset_3
6a2bfb6bbd6d9f7f46522ef58eb5c7db,0.6118092,train_dataset_3
ccd2e78b72ce528a0e6696e7640e0901,0.56188637,train_dataset_3
a75fbc97847623656c4d77b34f6392e5,0.5965742,train_dataset_3
6bcd4b062f2ee11be6117c994c0ecc37,0.5965742,train_dataset_3
ee21ca17f207e59aa41ec84f20e2b696,0.5218395,train_dataset_3
304102516d4d2e019d743ca7299389bf,0.75915766,train_dataset_3
5702faa6a4bc099146bd02f12bce2a64,0.40102094,train_dataset_3
a83556ae2d12ad6c8822ea76064c943b,0.20904645,train_dataset_3
034e4c6c6017da32fb8c12e174fe5a4b,0.5962051,train_dataset_3
61e9fc89be8b6703da41015009aa7fc9,0.66331553,train_dataset_3
40b3137fdc75bb4ce6b0a140d6a62db7,0.27471086,train_dataset_3
29c83c82d22e11172f4d47c7bf33881a,0.80397373,train_dataset_3
66c8c4e598ce70f4bd1fc02c259cd9b0,0.75915766,train_dataset_3
87e2c2cb74708b87eb9cd0e340c2b4de,0.24369758,train_dataset_3
24255c93593ecec76291db392fbe0d60,0.40102094,train_dataset_3
4802ea4f04053967603b5b12763eb60e,0.5811382,train_dataset_3
f5b1a6e7f88688a450910f230ce22d87,0.18870515,train_dataset_3
da0dc6b047a1e8cf41709eb2dbc1a8d4,0.71468276,train_dataset_3
a9b013c567a340b475e8e88e062407da,0.66803724,train_dataset_3
dd7cc36383d35e6335b8997c35ac5c5c,0.51622003,train_dataset_3
fbd988847c1859a6359db585bcc22ea0,0.26302093,train_dataset_3
5b49be54896c6c4ca27799bc55eff3de,0.24369758,train_dataset_3
771ebacdfb9f409f0db9d9aa871462a3,0.80397373,train_dataset_3
bd2f5195f5b09ad225e1b8e3c15e32e4,0.52713424,train_dataset_3
51a016855d7815088a8457b86a3fcded,0.52835745,train_dataset_3
e647871da6feaa307024b05d0c1f61c0,0.62512636,train_dataset_3
970d0d926e3cf0f0fb1896964edc64de,0.45193928,train_dataset_3
75f79914615e651ca5fc4fd8e367b5ef,0.5655399,train_dataset_3
b1b2f911db53efe5a6a501bf91226a2f,0.75915766,train_dataset_3
4feb5c37edf5254aa46a105c4886b607,0.66395944,train_dataset_3
470c2908e309efe0427ff96c1611385a,0.75915766,train_dataset_3
12a21f1acee8c796f41e847263960430,0.6485984,train_dataset_3
14503dce9e093c82b2a338849c9d82d3,0.61173004,train_dataset_3
d0c1d89975ee3eb13c73eff04579126c,0.63479596,train_dataset_3
213cf659782689e84e75942097161142,0.3895552,train_dataset_3
175b7aae652df681c5535e9091fe854f,0.71468276,train_dataset_3
7def6fb942e7432eca009f849283f215,0.57062024,train_dataset_3
df76b4a0ac7d1f0d97582413af6e10b3,0.4696867,train_dataset_3
c29920e0fd1cc77a49a845a816a70e0a,0.8003526,train_dataset_3
f57612657c75d1a672ed13826438f0cf,0.56188637,train_dataset_3
44ff7bb87ed5a7410ae1672dcfcd9d8e,0.40748522,train_dataset_3
05515b2d8774825fe46f3acea7c2bd3e,0.22173911,train_dataset_3
4d2d63d0926edfb8bce5cad3e12e4b39,0.477171,train_dataset_3
1d43afb84ccf7cb3fd0ec506c9912d92,0.34292892,train_dataset_3
c21a2260a21f960c3200a562a813b8cc,0.4688052,train_dataset_3
2a407212118b2d4b26fe411b8f1c2098,0.52835745,train_dataset_3
070cc9bff324b1e73030cbf50839d034,0.40395316,train_dataset_3
ab3a869ce8705614ae2187ecd882a463,0.477171,train_dataset_3
16dc92f1ef8f33354f7337058ebb2182,0.5811382,train_dataset_3
87cb13a6ac2c4675856a29a4364e3579,0.8003526,train_dataset_3
4c630b67b8e80d90ddfdbc0098e0a176,0.34292892,train_dataset_3
4de394552d1ce673d546699c101caeba,0.57062024,train_dataset_3
b6bad0bdb991a190500d1bca52765a21,0.63479596,train_dataset_3
4011e2106b41f5311e16a456bc85d62d,0.28985018,train_dataset_3
5914ef1a93ee4b7d055c229013215efe,0.20904645,train_dataset_3
2e880e98ecf4fd5da90b27d1ec470d0a,0.8003526,train_dataset_3
564d008936ba8464f7fea541add9ac7e,0.37576964,train_dataset_3
baae4643c23fe191d94224a0f81c6d41,0.60768014,train_dataset_3
219e19c028c29118c88d9582cc5f9202,0.65310484,train_dataset_3
938f27ba66e0285034a3cb72423c43d7,0.4872741,train_dataset_3
6fb52b782feed704c0c367b7baa57a1f,0.18870515,train_dataset_3
61159edddc96da46f16fe22285b82ece,0.49677688,train_dataset_3
51a17c19c80aa5153e24537b82507c1c,0.27471086,train_dataset_3
7ea392a614af73f823fac6dc2478d2e5,0.5218395,train_dataset_3
8416046d8b0a01a25a6138c5d8bc7972,0.26353413,train_dataset_3
bad07f6e514d835340cb735b17f91834,0.57062024,train_dataset_3
4a4a554dd4b6dcbc57490084ae071adb,0.4688052,train_dataset_3
4760f320a72244dedf6e3a89be2fdb66,0.7400744,train_dataset_3
7739644cb3aab58e8ab39aa37340e50b,0.7400744,train_dataset_3
a58a5aed1126f078d121d822eed9a7df,0.63479596,train_dataset_3
3c065072be1ec28ecc7d1341ed391731,0.60768014,train_dataset_3
52f45d9c562be102e36e0689fe55e194,0.37576964,train_dataset_3
0438f8ea3bdd20b370179f58c1f63caf,0.60260004,train_dataset_3
7a9446973ad84a612f692ea64a5e354d,0.47012627,train_dataset_3
e16a05773a07b003d42f2d81f91e722a,0.43615386,train_dataset_3
b01586f567069d705bbac27e0f942fdc,0.40007678,train_dataset_3
6e661f5d68c9a0c458c60ec877400ccc,0.477171,train_dataset_3
a32d105455a2846ebac894c2a6a705ee,0.26047155,train_dataset_3
08431ea690cf078ffef4f9b1149535cd,0.4688052,train_dataset_3
737e821afbd5651d8be7891012ae80c3,0.60768014,train_dataset_3
fa9dea1fb21baf7dbcb3587059a05498,0.60768014,train_dataset_3
c9c59d3e210a9bdf44fbb0c9ef9562a0,0.75915766,train_dataset_3
7602c51b6c2bbfdf5de1c2ad7d001c80,0.57062024,train_dataset_3
abb7be4d763d54aba764803e911b0871,0.466404,train_dataset_3
cab7d461ac1f63f876bb7c43472dda03,0.51622003,train_dataset_3
7461a1c035d2ca8d64443348d3c9a34a,0.5965742,train_dataset_3
2d7b26f05da44136bff818cf33f6c9ab,0.18870515,train_dataset_3
9a6630ed8bd7e2083f89d4be29c0e631,0.45193928,train_dataset_3
4b1437bfda470d374e250cbd8e1a8f0a,0.4278123,train_dataset_3
908d8972881060d8fdbc147d607b2b09,0.5655399,train_dataset_3
fbb12cd2d2e8c08e3aa19bf9a0c0630c,0.26047155,train_dataset_3
f0988723a3d3dbfde33489bb5f1e5abb,0.61173004,train_dataset_3
1c274606afdd996a4822fa3695edbb2b,0.13314189,train_dataset_3
0c8228e0704d0b710442e9768dee0f22,0.26353413,train_dataset_3
0a211cbb2533e7ee34cc6a1a7d42b854,0.71240586,train_dataset_3
22a6f4cdae15b2b6e7f39205260b9916,0.4688052,train_dataset_3
cde8d64b98df687a371d269641aa1408,0.66803724,train_dataset_3
6c25ec417a5a1270910e617a2e94695a,0.45193928,train_dataset_3
5b1b86afd9d619e9b7d702ac92787525,0.62512636,train_dataset_3
dfcbdc54423c0e1db5a9c853b0e9dc02,0.47218993,train_dataset_3
095219beb85f6cb4707ace3b0c783d8f,0.45193928,train_dataset_3
f49cbc577dcf6fae40bec8b6eb7f7d2d,0.49677688,train_dataset_3
5898863fe67e596142ffaf40012bebec,0.45193928,train_dataset_3
0432431eef5ecdc94ccb5d122a7fcc92,0.26353413,train_dataset_3
858d55490ce21e38096ac1965086e477,0.7660824,train_dataset_3
2747fa92b501a9c391d1142d35cf6ad3,0.49677688,train_dataset_3
6eb4bc98090e5ce35425b0eb3cafb058,0.63479596,train_dataset_3
f18c88c2f5ffa3eece0c291f71a306dc,0.5811382,train_dataset_3
51b339f47834f7d3ed5ffddc8c9b3a74,0.52835745,train_dataset_3
71b55b1e619540c22317ac35bfa5ebe4,0.57062024,train_dataset_3
9dae0e003e79e23c190656c3ce097937,0.3895552,train_dataset_3
e3ddc8f6d34b6a115d7f189ac5b963b2,0.66331553,train_dataset_3
2fdc644ae59c3aad5cbc4296e754fd3a,0.65310484,train_dataset_3
1a07d9e7f80422f4a2a272af5abd513f,0.13314189,train_dataset_3
e9ab80d64253103a6b0d0fcf461a1527,0.18870515,train_dataset_3
ceca18002dc1f6b1fb2da55b57a4ab05,0.75915766,train_dataset_3
a12dd22d6a228a5390f9345740acef6f,0.43615386,train_dataset_3
766c858d57fc4130e00d121e8b2b05f5,0.26047155,train_dataset_3
305c2d1dc9e75c1be22d1c60355eb008,0.8003526,train_dataset_3
200a72a37388559b71bbddca700ec53e,0.57062024,train_dataset_3
4d1d127f8d452a187158e27b91401891,0.49677688,train_dataset_3
2c8e582c3759f526bec0597965f9a421,0.68251497,train_dataset_3
3ae532b95646f07e05d65d0eadbbec70,0.56188637,train_dataset_3
b146401986b3541ea7a1c05d4caf6e45,0.7660824,train_dataset_3
4e0385d3ace95e07ee0cc30bb9c27e21,0.4696867,train_dataset_3
071c30c316d08550f544a2fe410e8672,0.43615386,train_dataset_3
2d083b82e8eca4ec12cf3c508df9acc1,0.39288855,train_dataset_3
bb08bdcffe520b97d787801ff2716dc6,0.37576964,train_dataset_3
2a0a8269a6fa22d57d8de751eddd3d96,0.7400744,train_dataset_3
fd88309d8bd53bc76ae2ce98d4a763ec,0.7660824,train_dataset_3
146a77da518dea4da0ab194fdf65b04b,0.80397373,train_dataset_3
381b334cf7bbf3457a442fc281d8e8b4,0.18870515,train_dataset_3
a1fb7ece252b51b0620adf0a18ee04e2,0.5081689,train_dataset_3
54e53da814bf119b50efcb9be88f4f4d,0.62512636,train_dataset_3
1761ec6ba08dbd27f46e1c23dd084cd4,0.62512636,train_dataset_3
4d05aebdaad6d52b0b7634bee144998e,0.5571388,train_dataset_3
d34daccf1c6e0acc18948c52ae0ea451,0.43615386,train_dataset_3
777b87eb4fc240533ef055cab142c27c,0.22173911,train_dataset_3
f22950be9eab2ceb13e6682c71359a7d,0.52835745,train_dataset_3
3f0928c20cb2005412fa8ebfbf80051e,0.4872741,train_dataset_3
4aff7501aefe1c0fb1afd8db37d25a70,0.62512636,train_dataset_3
20ab6034de802b7f2b6f2db21794d829,0.57062024,train_dataset_3
0d15099b36cd7afda760d41d82148896,0.22173911,train_dataset_3
79efc0fe752805708c28d489765d25ac,0.44039148,train_dataset_3
3cb3b9e97591d811b1561874d1da9977,0.61173004,train_dataset_3
aead8278398749487f40bcdaa626fda6,0.71468276,train_dataset_3
3b71977c4689f1b71347c47bf83395ed,0.40595865,train_dataset_3
8b0884e9b934f71a81ae6c18e8d18eec,0.56188637,train_dataset_3
26c478b959df86592f90963ccf465e8f,0.5655399,train_dataset_3
c6c5d94c4b8b97e58526e7d4b992d1bb,0.63479596,train_dataset_3
ea4d4fa58c1df90667950c73b46b2860,0.5655399,train_dataset_3
1945163e3c98ea2f4e882f9664099045,0.28985018,train_dataset_3
55d071a835138e3e7efe27b700368c55,0.45193928,train_dataset_3
d0609edeef79772baa042d262ce394a2,0.7400744,train_dataset_3
9d5a1aa46ce7a0388247a35aea793583,0.52835745,train_dataset_3
84618571f4d1d8bed34618a5501fc86f,0.4872741,train_dataset_3
48cd0aace8a3699ff4976fbe148163e4,0.47218993,train_dataset_3
a066e7f2d62dcc7067d562713c35bacd,0.27471086,train_dataset_3
be69acbab140fa4445ee60d6650be088,0.56188637,train_dataset_3
5636600d5c6fc4b8aff5ef4bd15ca9ae,0.44039148,train_dataset_3
bb672fe2f28e2bef7215d75f136ca459,0.40395316,train_dataset_3
ac72cd84dddb2309375e64e282dc4caf,0.77386403,train_dataset_3
c67568579d5ba1554cd44e218775a899,0.71240586,train_dataset_3
49a6116b668f88e2d2925570ac2173d2,0.22173911,train_dataset_3
3b4793142dc32219361e95765165a634,0.40007678,train_dataset_3
cafc84771a0c0841ad23673a3a97d195,0.4688052,train_dataset_3
aad22334f9484fcfbeb205b8f900e53b,0.5571388,train_dataset_3
eb57eb59611696674f1df7f2ec35ffa5,0.4872741,train_dataset_3
08c5ef3b6cabd31e5fd53b4d8e5ca6c3,0.40102094,train_dataset_3
6a49b900d499a58e7cb7cc8812c7dd13,0.67251694,train_dataset_3
bea1c66618d5c2de6553fe4096839cff,0.27471086,train_dataset_3
0bdc7d2fe9db6f11bef2189fc79d479b,0.26302093,train_dataset_3
5eb2ee4bc98659b72e5b80b93b99b687,0.37576964,train_dataset_3
8938abe706d2050f6053da13a01c9106,0.52835745,train_dataset_3
9143848aef0fd86fb1c679ae241ee580,0.71468276,train_dataset_3
7742b9479f44f46a3b84d75dc7c44593,0.65310484,train_dataset_3
3408f7669b9f06d33c74f9f47bea051b,0.477171,train_dataset_3
7aa58f56665bddb557d0b8af0eec7974,0.49677688,train_dataset_3
a14034f2e46a0ef57c7e07a75d62247b,0.60768014,train_dataset_3
7cba581371c5cff78f1aa81d005716b7,0.5218395,train_dataset_3
e4c5762088f205e52584e4523a239a32,0.22173911,train_dataset_3
9b500df3cfad6d966870edfe564afd8b,0.52835745,train_dataset_3
2bc479478deebab29333477906ddb382,0.57062024,train_dataset_3
04298d410058b1dbf3d1360161cb8f96,0.26353413,train_dataset_3
20d423abe11c4999211330e206cf1112,0.27471086,train_dataset_3
fbcabe72170172f8a24db7795fcc0a78,0.49677688,train_dataset_3
52de76f175f0d45fe92f867317342b2d,0.52713424,train_dataset_3
9098583a1b25a2fabe53f255c4591f49,0.20904645,train_dataset_3
0354f9f73594364b354a77b29acef9da,0.7400744,train_dataset_3
aa342616e6fba164ece8fc9fce08e360,0.466404,train_dataset_3
5bc822a54ca3ce596b063ef6de529996,0.27471086,train_dataset_3
328848bdfe7a439541070d3cc17d8861,0.57062024,train_dataset_3
a7f34c653b8e7873fcd76a1d7e0fc754,0.35090852,train_dataset_3
9fd84878f67ce05c3964778e60919893,0.53211665,train_dataset_3
ca6ff3f4d0d3d77856fdf53fc2117ca2,0.26353413,train_dataset_3
588ca939fd6db273d4b5d44601636509,0.5655399,train_dataset_3
2b80bd2f40f5da0f04993f0c4b94fd46,0.57062024,train_dataset_3
b9e8a7c05a5e63be732ded8362597f8c,0.60768014,train_dataset_3
6de58b69beefddc8d2cda327ab694e13,0.43615386,train_dataset_3
23317eba58449b236358bb14d1f8d5d9,0.61173004,train_dataset_3
7d1e57fadc2021958d5abc10a5d8b712,0.40595865,train_dataset_3
c2cabab7263e9cf0cf7302a8bb905637,0.26047155,train_dataset_3
c28c218fa489b243e2cd0f3e66b02d37,0.26047155,train_dataset_3
794a14503133cd93559b58e353627608,0.4872741,train_dataset_3
ca7e6b7b11dfbe86424256c28a58cb56,0.57062024,train_dataset_3
6f44f814978a0f94e572cb432290e1ee,0.4688052,train_dataset_3
4a274bef660d526c8467a88ee9e86c61,0.20904645,train_dataset_3
04df26e7330f7f2f4a0ef64eb3b2bff8,0.39288855,train_dataset_3
add65b3e49eff61f2b0bab42f2f78fdd,0.57062024,train_dataset_3
045d4ce44c955cc32d6cc5453d619b10,0.53211665,train_dataset_3
3d3df77cd6285330b00ba2b68e2f7d07,0.60768014,train_dataset_3
860c6abc17cbb2cc902c504bdb8f4a3e,0.6118092,train_dataset_3
c754ca861206fa92ab85ee791ccfd92e,0.57062024,train_dataset_3
df5254ff9ea099167d5e3e4ffd46edd5,0.18870515,train_dataset_3
70deeae8b70c1f704727dfe07d523eec,0.15981384,train_dataset_3
274b80a02aa8965ca93793226962eb53,0.5962051,train_dataset_3
84b86ac42a9424f2abb6cb06ddd947a3,0.5218395,train_dataset_3
2fcd7b8899289301bd3e1033e357d45a,0.60768014,train_dataset_3
00928f0504ea4391b30a769734aa5184,0.33180305,test_dataset_4
00c214a19f2a4f08833f1c0475baf6ae,0.5796,test_dataset_4
0151f6abca4e4b25849e0f2cea9633cd,0.30747718,test_dataset_4
01bb35c54ff440e1b8f0d01e15cc8162,0.43068746,test_dataset_4
022bb36eed2a424195b63acdccaac35b,0.6423056,test_dataset_4
023111d9fde140838dec979874e44567,0.3850626,test_dataset_4
061d90bfd74342eba36618738cf4622d,0.51957816,test_dataset_4
0686dafc16ad47c19bb142158201c9ac,0.78310657,test_dataset_4
087c467a25fb4b6e8dcdcb64a615c857,0.3850626,test_dataset_4
08bc37f6cf474e6db64bf85cbe6405ed,0.4523616,test_dataset_4
08c00164158f4a169c0e6fe60075ebcd,0.80386126,test_dataset_4
0907223d1208495390bbc2705819f7dd,0.6471874,test_dataset_4
09d8ce6cba41435e962024c31e38637d,0.5705079,test_dataset_4
0a8c5471480a46c7ac2edd9431be4c97,0.500563,test_dataset_4
0ac8d2110a3b4425ba7aea3a83217f97,0.4523616,test_dataset_4
0c12d1d1e3e243b2b69b7a1e23f948d4,0.33180305,test_dataset_4
0cc6095d44984934b123a28c29a5d581,0.5529101,test_dataset_4
0dbbd67cb27048e6b30ab904729d2cbc,0.7881456,test_dataset_4
0e8f50daddaf470191912bf41be8dc93,0.4857015,test_dataset_4
0fb614c5e3c64e7d869a34ca320709e2,0.6345708,test_dataset_4
0feb307ef06b4ee699bc411044540e66,0.3059247,test_dataset_4
10a7f0f561984b38b12cd531cacc0209,0.33180305,test_dataset_4
11315b11e94f4621990f6c6c1e329469,0.5038276,test_dataset_4
11497bff6fa14cbeaf4cbc9ee5f83c66,0.39295334,test_dataset_4
11f0bc67d56b4336a1013aacc67182c8,0.5529101,test_dataset_4
12ff678f2ea846b09a18484c5d857a74,0.6121806,test_dataset_4
133d387013c44c6fa7b7929dd2be9e1b,0.6430166,test_dataset_4
14b502520c7a42beb90c29efbdb1d9f5,0.4562595,test_dataset_4
14c662cfd35d4ad598e1719941cab92c,0.4523616,test_dataset_4
158bfbcd5fd14fedacc2fcaaf65b6437,0.3850626,test_dataset_4
16cf674127f040f2848b771b19f5170f,0.39324775,test_dataset_4
175174730ed347da9aaa95bfc30bad9f,0.4562595,test_dataset_4
17f6c152ead64dcbb66a9b3a54dbb1da,0.5038276,test_dataset_4
1835883d5df24e83a17960d184196809,0.33180305,test_dataset_4
1836861bd6634668bc5d41fd89c6364f,0.4523616,test_dataset_4
186932b711f24dee9da353280865f627,0.43068746,test_dataset_4
195424ea1cfe4671aeceed489b60420b,0.39858547,test_dataset_4
19a1878e23ac4e468a9eb8876d90184b,0.43068746,test_dataset_4
19cbab74ebe94febb5e78060d90fc354,0.40495762,test_dataset_4
1a07bfe0ce024bf6b304e2ad9cc5d713,0.4523616,test_dataset_4
1acfa37d117f4fcbae02aa4d586e7b1f,0.78310657,test_dataset_4
1b59dac287f344d580faf4046aa53701,0.3850626,test_dataset_4
1bb2deff39894e10b0900d063214b688,0.39858547,test_dataset_4
1c6f1b7d2a2a4d6e8857de7fcb2603c4,0.51957816,test_dataset_4
1d28d5b85e4e4b98b8667903d1a18270,0.5114923,test_dataset_4
1d2eabe7986f4631a1a7e1cc1794b26e,0.40495762,test_dataset_4
1dabd52ec1db4b6ca7f9e52fa85c2407,0.53536934,test_dataset_4
20f16642e2e64f739503cd8c691b087b,0.5114923,test_dataset_4
2330388aa5124985983e804ce40e7bab,0.78310657,test_dataset_4
24b79d1d33fc492797ebcb7af5f6e480,0.7881456,test_dataset_4
24c44e2c985d4a6d928268ba54ddab9d,0.5111101,test_dataset_4
250cb06587124fd88575b2574a9748bd,0.61841995,test_dataset_4
257984df1f1e48d9abdf00e2a37c3d3a,0.3850626,test_dataset_4
26c830b2d78e41abaccad758becb665d,0.3850626,test_dataset_4
27e45c435f5b40ffb1b2bf048115561a,0.38091177,test_dataset_4
28b67d3e8c87426caca40b4cc0e70495,0.5038276,test_dataset_4
28fb1f6b58444435bd9d97b196eee6df,0.39090723,test_dataset_4
2962844d5020428e8589e08046e934ac,0.80386126,test_dataset_4
29f14c4d01634066b8c550091699ec27,0.39324775,test_dataset_4
2a185b7a08b64a73b670000fc9c588ee,0.500563,test_dataset_4
2b0d62c4ddaa467f963f462541bda052,0.3850626,test_dataset_4
2e20b6d1c34b4d8da9b70522c58df022,0.39090723,test_dataset_4
2e7d5449c7984cf898b9230085274879,0.40495762,test_dataset_4
2e95a7d8b24441f5abc06d313e893cd5,0.6430166,test_dataset_4
2ee344952a2049b29e2b78ce3ef56b94,0.750905,test_dataset_4
2f22e9f5a75441b8a85dc70deb6289ba,0.500563,test_dataset_4
2f9c5b828189497eb000e0c1eb56bc28,0.4523616,test_dataset_4
2ff99121c8a64067b801a19c4682bd99,0.64628154,test_dataset_4
3059f6bb865e48baad70b0e0b83a4892,0.80386126,test_dataset_4
30a1b39cf58e4b7a828e1c71a9bc27bf,0.5038276,test_dataset_4
30ef35344f6a415d8641aee767127bb6,0.6471874,test_dataset_4
31431b9100a44454805f031e82c5240c,0.46733078,test_dataset_4
31d9e9d8e9044e54a456337de07854d8,0.6345708,test_dataset_4
31dc6b99c59c4ea9a94ffefac62f8fad,0.5705079,test_dataset_4
32efc4e800bf439fb59bfcc898d7e9b4,0.78310657,test_dataset_4
335ce23f7f1f49b6a46cff75c47eadd7,0.25682732,test_dataset_4
33f5a3de612841e191eb2a9eacb55eab,0.30747718,test_dataset_4
342a27eecf8842d6a55b334161d9a17a,0.5705079,test_dataset_4
3435b1d6754648608ff685915c8bf1b9,0.4523616,test_dataset_4
354a4603fbc440f0aede929a858d89e0,0.4523616,test_dataset_4
3631ce8bb873453186f517d136556d17,0.5529101,test_dataset_4
3640a79f795d45929a9f93a8b677c15f,0.47999206,test_dataset_4
377a0819716d488aaeddb2587b6d22a2,0.5038276,test_dataset_4
380abae35d964139a2125e756e8ba736,0.4523616,test_dataset_4
381734409a694eb689cb5dd14fca6a57,0.5705079,test_dataset_4
38a88bbaa82147848cc33e08dcf18596,0.4975413,test_dataset_4
38c0d1ccf6184d0d806226d4dfea0800,0.40495762,test_dataset_4
3968eecdcb3f4f729315413a874ec08b,0.5705079,test_dataset_4
39b800761dfb46fc9fbb41c0f9cf72ee,0.4895531,test_dataset_4
39d361793dca40bb96014c279277db9d,0.48803744,test_dataset_4
3a8c303e48964f3381dc50e438682823,0.43068746,test_dataset_4
3b1b3f442814473da3db12266e57f4db,0.3850626,test_dataset_4
3bb866eaba35485e90248e372f710e55,0.5705079,test_dataset_4
3c284c2bbe7b4de9b6256dab24fa7730,0.5705079,test_dataset_4
3cb17dc7d037499cb33e89958c1a5e90,0.5038276,test_dataset_4
3d3b37f6705143eeaac955cf75405cac,0.5705079,test_dataset_4
3d3eefc9a3da4124b18a94823401542a,0.47999206,test_dataset_4
3f282908e3534f12bf39daa6844f3a17,0.53536934,test_dataset_4
3ffb6c5bb2224a24ac51e71d86f14b9e,0.5796,test_dataset_4
400a2eddb95342fdbcc0f44ea56098ab,0.3069035,test_dataset_4
40ee66a61ac24163a325acd248ec27a0,0.80386126,test_dataset_4
41125046d25d429f8bc62707dd249fd3,0.3850626,test_dataset_4
41300f5400e347a1b2044101760ad8ff,0.46733078,test_dataset_4
4209c35cc410440891f4280c73c4f4d3,0.38091177,test_dataset_4
4263179de2e04d62a5f5164cf5f20907,0.6471874,test_dataset_4
435a4bbf08184bc7977a621bd2352e95,0.55283415,test_dataset_4
44a846fb9cc44577aa94e4a5f68a4388,0.5705079,test_dataset_4
4666a8ef1d2f445bb6d2cbffc892e766,0.80386126,test_dataset_4
46ad4fec0bb64611b44792d91ecd05ea,0.4377559,test_dataset_4
4722a7939d9b432695117d32bf3663d7,0.5529101,test_dataset_4
473dbc71cab943b9bd489ab06b49f34f,0.5705079,test_dataset_4
49c62ce404344a7294c9a4654771d8f4,0.6345708,test_dataset_4
4d60660f672644a1a495ff843cd25bce,0.61115384,test_dataset_4
4d612805c75544c895315a3052a9c17c,0.51957816,test_dataset_4
4d95e7eb3c544700b4e89dd763527c2a,0.39324775,test_dataset_4
4e7fbc54171e4d60b5852deb6e53f3a4,0.4523616,test_dataset_4
4fe161d1e3564e72825ab9b9ec6d49fb,0.63235253,test_dataset_4
5024035bfd5a48a3ad7079314aa1b41b,0.5038276,test_dataset_4
505db2dcf4e34e59bc2bc07ce184c6e8,0.6471874,test_dataset_4
5208b3e730cb4edd98f8cf6de2f4f169,0.34209388,test_dataset_4
52ee6c904d32444fb2f0729f8918584f,0.39324775,test_dataset_4
52f56c1161684406b5d99edbe9735503,0.39324775,test_dataset_4
52fecea8012b4d5daea331a126518970,0.38091177,test_dataset_4
53283eba721b4e5d8baa137ff78a582f,0.40502238,test_dataset_4
567a1b31c33a4351a960c3fc5ad5f905,0.80386126,test_dataset_4
56c12cdb21b5438e971459b421482847,0.4523616,test_dataset_4
570c0213793642c99eecacd83f9c8598,0.5111101,test_dataset_4
574af61989324558a0ce8613e7745ea8,0.49470934,test_dataset_4
5906486170814075ad99806c01377323,0.49584708,test_dataset_4
59baf793523445ca988fbd069238003b,0.5796,test_dataset_4
5ab8463eb74f479f93c9d2c4a48bc2e6,0.3850626,test_dataset_4
5aba38c6ce904aa28c082a3ed1c9bfcf,0.11770904,test_dataset_4
5c98f1b7895e4811910d353423987a19,0.25682732,test_dataset_4
5cb6dc34da8844b58657eb5ae29f70d3,0.47999206,test_dataset_4
5cfd88d73ae84f89a196bc80fb703a78,0.6471874,test_dataset_4
5d93ace86cd74ccbbf146fa60fb11f51,0.5705079,test_dataset_4
5d9a5ab0c96f4acf82c4798b64de7cd2,0.500563,test_dataset_4
5de9b2194480465daf40768bc1c76c43,0.5038276,test_dataset_4
5e32fd91664e4ac892692f16cbf33778,0.3069035,test_dataset_4
5e65fe95c6ed4aedb65fc90276d4d265,0.500563,test_dataset_4
5fe1e3debf014052a39948c7bbb47e33,0.38091177,test_dataset_4
6030d17d648e4abaa5c8f846f7206234,0.5529101,test_dataset_4
62a2c619ae4f4a5ba36b4b56c569f99f,0.5114923,test_dataset_4
62efe7a9c2104a0b8109b8cccacc3c7c,0.5705079,test_dataset_4
6305f9c9234a4cb183b95b7c56cd7339,0.53536934,test_dataset_4
6385f91211974eb9b9a746563b7dc7e7,0.38091177,test_dataset_4
63f2f149546e4ec997844e8b5bcf8245,0.80386126,test_dataset_4
64ba4be9915f402d8e37f78722875fe1,0.4857015,test_dataset_4
664ce19eb8304cc1b7fd0704a7891368,0.38091177,test_dataset_4
666b501491424390903ec255c5ef9814,0.4523616,test_dataset_4
67feef8d42aa4920a061fa3526ca6497,0.5038276,test_dataset_4
68f63ffc3c5249c6b969bdde276a12a5,0.6345708,test_dataset_4
692b57c80de54c7fa0a13d7d406fd36b,0.4895531,test_dataset_4
69b87af0f7524757892420876dbaef94,0.33180305,test_dataset_4
69c67448ec27417ba9cd043f146c7ae0,0.7469294,test_dataset_4
6a0ea51706c0414e9de675cee19e15f9,0.5705079,test_dataset_4
6a6860eaa3d541ec808b76d9187da9f2,0.29865384,test_dataset_4
6bda729295ed4bf3973a1f03ff36bd9d,0.500563,test_dataset_4
6bdae59cf9504244bd28efdf567a6b80,0.33180305,test_dataset_4
6c5d752332a4426c9779cea4b0daae2a,0.80386126,test_dataset_4
6e0bbf1b329b49bb97827f1a834a3902,0.6471874,test_dataset_4
6e0c90308922490bbf8419ccf2c347c5,0.39324775,test_dataset_4
6e95a87eca234d15bf364e16a3de1b80,0.64628154,test_dataset_4
6ecf69e3e2494edd94a185c82926b4ca,0.7881456,test_dataset_4
6fe4f67e7eaa4fc4b085394afcde86af,0.5529101,test_dataset_4
7042c4a653074d62bca68cb7e419b5ff,0.7469294,test_dataset_4
706fc951fc9948aea96e4431411487c8,0.25682732,test_dataset_4
707a1caf103c4fc1baa32afe8b5b2da9,0.39858547,test_dataset_4
71056f67f84c48a4afefd5afd6825fd1,0.6471874,test_dataset_4
714f7611aece4cb68fb686f3132adf1b,0.25682732,test_dataset_4
716c80bc1a224b2285e672bed4b9bf59,0.5705079,test_dataset_4
719037c6e3a24e8d9634bb3a8f56d2b0,0.6121806,test_dataset_4
71d6845acc384958bae9581ff758741d,0.4975413,test_dataset_4
71fcf9e3a68f43e2adbe23516e44c56e,0.6430166,test_dataset_4
72164a5587114200a1bfa63d305e051f,0.39858547,test_dataset_4
72689054383b4671ac2f856ac2848a8d,0.51957816,test_dataset_4
73729604a8c04287a4c7ae5bb7e18eb7,0.25682732,test_dataset_4
73a06c508d6241f99d7fcbbcc2bc5682,0.3850626,test_dataset_4
749f4be1ef4c4a3bb78808635a9efea2,0.38091177,test_dataset_4
7572f1c6501641b8a9741b85254ed5c2,0.5114923,test_dataset_4
75f2ac5e287045b284d2f49f77efabea,0.5796,test_dataset_4
765d81bb33e4498ba5660ff13aab8641,0.61841995,test_dataset_4
7798a9a3939c416f9e2bf064839af526,0.61115384,test_dataset_4
77b5f6a6fd474f0192b4b9d0d58c0d3a,0.5705079,test_dataset_4
78152ae515ba4d96a3323ceac968e903,0.5529101,test_dataset_4
7b71398969e0489d903b5ff2f7c8a11f,0.4523616,test_dataset_4
7dd245bdd6ce45d4a6e5fcf441511859,0.5705079,test_dataset_4
7e7f646349a74c2c8aa5f5380524b100,0.33180305,test_dataset_4
7eb721a6be9c4ef09d1443ea459aaddb,0.4523616,test_dataset_4
7edc4ff4ac2243b091fd115d2660be1c,0.6471874,test_dataset_4
7ef507a5df7a412288178b65b678254e,0.6423056,test_dataset_4
8017f1fea1c24695b14768bf60493b3e,0.5038276,test_dataset_4
8055f657993c4cd49fe2f298a10337f0,0.50457305,test_dataset_4
81253b74eaae4f3b82537f81a9f2715a,0.5038276,test_dataset_4
8173931cd26c485f96109d367e3cd946,0.5705079,test_dataset_4
81e98cbb097b47a8b676c9309ca65a39,0.4377559,test_dataset_4
83d63db610584d0da7da7b6e6b863661,0.5038276,test_dataset_4
841023af87124371a4d0eadabce65673,0.5038276,test_dataset_4
84944feda9e6482eae0286409338bb36,0.33180305,test_dataset_4
852c050cf1ab4e908fe0320e1ef8fb52,0.61115384,test_dataset_4
855cd26410454261a1bdf23657f54d16,0.750905,test_dataset_4
85d5580995e1458eb5b49604f6a5ac8b,0.78310657,test_dataset_4
86b5c544be53489396a7bfa59888e6a3,0.4975413,test_dataset_4
87278a1c881f411daa9b0e3f4a62d0e7,0.4975413,test_dataset_4
887e0ad8e3ea46fd92f69d6fa137105c,0.4975413,test_dataset_4
8891b3888d6b4e6d9c15764a023b318c,0.4562595,test_dataset_4
8910984fec7349d2a02117abb7d2b2d0,0.78310657,test_dataset_4
893475c8c92e4e86b3cf30511ee03326,0.5038276,test_dataset_4
89bd7de451d0421ea75cc6694e3d73df,0.4895531,test_dataset_4
8a98acb74439480fa54eb59629bd6e8c,0.6345708,test_dataset_4
8b7ae1fafab544da85abe8652a57bb3c,0.43068746,test_dataset_4
8bc3f1bdf47b4ec9ab5aa7a15b5e73ff,0.3069035,test_dataset_4
8c5ec99ae5ed464a884be2fea01c8f83,0.64628154,test_dataset_4
8c8d4bdeec354d0b940e8830b1911521,0.80386126,test_dataset_4
8c8f73b6bb3040918b05fa2bd9c3adce,0.49470934,test_dataset_4
8f23df1815e24de2911ea0180e809bd6,0.7881456,test_dataset_4
907d2631dd5342f7afc514840b1b84c2,0.4523616,test_dataset_4
90bb3315a8c642a5bf3f9eaf7a170d50,0.5038276,test_dataset_4
919e9710a40e488c83bd1033698e79e9,0.25682732,test_dataset_4
92b7306240a640dfbece156676032da3,0.39324775,test_dataset_4
9301eb39005a48058a67a328e0bfb0dc,0.4523616,test_dataset_4
9316e272f60747f69d24a8e62641ebb3,0.3850626,test_dataset_4
9326691f6b914de29cceeea15b6e6c52,0.5529101,test_dataset_4
9426fe03483c4eab89d14bea4064a73b,0.4857015,test_dataset_4
94479e5fe89c4463a3f72ea927ccc3e2,0.500563,test_dataset_4
946edd3e90184074911dfaa636809ef4,0.373288,test_dataset_4
94e264bbf7bc44588ca3fab49daa141b,0.3069035,test_dataset_4
9506891d4098455dbd337ba1d98d3c75,0.5114923,test_dataset_4
953a6df32867442580e1e8ab816bd195,0.25682732,test_dataset_4
9566f5c8365a451da09284c736756045,0.80386126,test_dataset_4
956a2a8a72bf49cea0475213c1815db6,0.4895531,test_dataset_4
95dab73df35040a08d9ae212ed18bca1,0.3850626,test_dataset_4
96716f76a1ee4e70b59af19602b131b9,0.63235253,test_dataset_4
96a7a8e227e24eebba4b17fb2f778eb3,0.5705079,test_dataset_4
96f457e156a74a699fa50a9919d52b6d,0.373288,test_dataset_4
97d6f45b84c4436da730a4180326c535,0.6423056,test_dataset_4
97eca3302bcd40ac82d603d2d1b7c311,0.3850626,test_dataset_4
9860455ba34f4f639a8b8d7d394a4170,0.47999206,test_dataset_4
990972522f9c41b79519bd813780cb83,0.7469294,test_dataset_4
996bac2db2d64bf5b82508e0049ceef1,0.6471874,test_dataset_4
9afbe779df0f427a8c5c300809668797,0.5111101,test_dataset_4
9e01c5619a29420da59a29fca30e1247,0.3059247,test_dataset_4
9e0f458ca99d48acaf1d947f3b59a8d7,0.30747718,test_dataset_4
a00b113c24b4430989d481748a821b4d,0.5114923,test_dataset_4
a15cca6743e8475bb74c27b55a6d4267,0.39090723,test_dataset_4
a191d98f723948bdb8740affe7144551,0.39324775,test_dataset_4
a1b61c307e8241bc94a8ce2d64d41c90,0.80386126,test_dataset_4
a23a7fb52229407db34488ae62d5a39c,0.5111101,test_dataset_4
a26433f433f04145b8b83c3f51da2d82,0.3850626,test_dataset_4
a336fc8ef9694f9aa13774cd3ad44f08,0.66798323,test_dataset_4
a3895f082d2444ed8b3efaa194de63ca,0.39858547,test_dataset_4
a424cf1ca5ee49fe856c9db4fa0e419e,0.4523616,test_dataset_4
a481578e962f4f2abfa8c80f18635cc3,0.3850626,test_dataset_4
a4c37fe450674f6d93669655d7c38212,0.690961,test_dataset_4
a5efdf7a7f7c401ba01ae0608da3a4fe,0.4562595,test_dataset_4
a69aee596a024d83a82d0099536f9e14,0.25682732,test_dataset_4
a6a2ddd626794e85a13ab3df24872083,0.5111101,test_dataset_4
a845d1fcefab45bcb49ed61c68e40711,0.3069035,test_dataset_4
a98b209357d94f05bb0a591a5bb78aa0,0.5114923,test_dataset_4
aa8b527f62154492b0992fce23b9c8f2,0.4857015,test_dataset_4
aaedaf267dd74f0483923f30125ed724,0.4523616,test_dataset_4
acb27397870844b8a0bfb78ea4852177,0.4895531,test_dataset_4
ae68649869e34d65bbecec1e59f5acf8,0.4523616,test_dataset_4
ae9e90c00c65454ba672d10c353b1047,0.5705079,test_dataset_4
af120fa37aac4a0499c614fe5ff3c94f,0.25682732,test_dataset_4
b004c8b248b74e329449bb8f6eaebdc5,0.25682732,test_dataset_4
b03bb8f6710f4d63a6eb16995a7ccbcc,0.78310657,test_dataset_4
b0aa9a7f6ff1419e8a4f8a90ce88af76,0.5705079,test_dataset_4
b180bf9bd4ef43d9901841b5f7930776,0.39324775,test_dataset_4
b1dbaf394fae45bc9b31ebcf9e425fc5,0.4377559,test_dataset_4
b23736f438454645a755050770ee4748,0.373288,test_dataset_4
b2d69cfb80fc48389f63ce3e5b40eb7a,0.80386126,test_dataset_4
b2f8f8c059e44fdc84b671516ed7f7e3,0.500563,test_dataset_4
b48da83295bb4e7f9007f30a355c314d,0.11770904,test_dataset_4
b4cbcdb4479c490d9d231c7f180aaefd,0.47999206,test_dataset_4
b4ef31c90e14458da9c279b14dae7cd3,0.66798323,test_dataset_4
b5dbcf7540c94369a4fb040e43843658,0.66798323,test_dataset_4
b65de4e6c5964b6ebf76fecfaf458c99,0.6423056,test_dataset_4
b6ac8ad3ac2944ceb2b22fc4503ad656,0.4562595,test_dataset_4
b793e3d158ea48a6b7f1296334730209,0.80386126,test_dataset_4
b878aadda3494102b49adc959e58264e,0.40495762,test_dataset_4
b9874fa36cb84bba905f864b419eebbf,0.51957816,test_dataset_4
ba6aed45e5304e9286bfca660eaf05dd,0.4975413,test_dataset_4
bb8c6d65fb404a46bae291e2f662a320,0.33180305,test_dataset_4
bb97ced58b9d48289fca06985cdf715c,0.5038276,test_dataset_4
bcafe1ebb4db41d6acff4c76006d2fa2,0.4975413,test_dataset_4
bd22868512b744b98fc19f6c72cee98b,0.63235253,test_dataset_4
bd99cd23cf9c4ca2b73cbc20b6f1bfcc,0.61841995,test_dataset_4
be5d520d11594018ad28033a25e6a443,0.5796,test_dataset_4
bea84d2031ec4bfe9b1b452200b67fea,0.4523616,test_dataset_4
bf7ce2168b534311b298cbd7be3c2b4e,0.54032236,test_dataset_4
bf85f5068563474aada021bfd6a0d9d1,0.66798323,test_dataset_4
c19875907a144884818c5f505f28921f,0.6471874,test_dataset_4
c19de95f3c434782aa3e3eaf767904c7,0.3059247,test_dataset_4
c2dd7b8d492c4b059391faab3bca78d3,0.500563,test_dataset_4
c4087c785f064530b1e70565fb2b677a,0.500563,test_dataset_4
c4597bb7c8e04626b893e27e47f5f4ff,0.25682732,test_dataset_4
c65e91e94049419ab1ecbb0646a33142,0.500563,test_dataset_4
c70e5dd0c2534433afb72b9f99d2e20a,0.34209388,test_dataset_4
c7125a96cb744a32808099d3818d6948,0.34209388,test_dataset_4
c71ad54d4b3f4780b4ae237de729b4fc,0.35526633,test_dataset_4
c729a0a67de743be9fd4837e883878fd,0.25682732,test_dataset_4
c799c3497be5411690532ba92305947f,0.5038276,test_dataset_4
c82ff6865c6344f4ac44fb5bc911de24,0.39858547,test_dataset_4
c83e9bc884f04da7b720d2771c9182ab,0.66798323,test_dataset_4
c88732b895df437e8fb853d0308cf2df,0.5454688,test_dataset_4
ca62f518e3674a62a5ce39452412c099,0.5111101,test_dataset_4
cb79b04e192d47e7a6fb776ab809f082,0.4523616,test_dataset_4
cc202c65054445d08947f0b9f4ee9d7c,0.4523616,test_dataset_4
cc6b8f885d6c43f0a80baff902fd5078,0.5529101,test_dataset_4
cda90db82b8543e4a3a252f82dbc2f64,0.80386126,test_dataset_4
ce3baaf45b4c4d8395970442ada5a99b,0.5038276,test_dataset_4
ce69d1a582a24aa5b05c6c757ff8cb14,0.5529101,test_dataset_4
cec88cf98c2b4c59bbec9540206f8667,0.78310657,test_dataset_4
cf841efea8e94eae948ba8a3209eea8a,0.7469294,test_dataset_4
cf8f386fb4c84abea95f52949101ea78,0.4895531,test_dataset_4
cfbe4ed5027742d1ba87ba206e5a0cc4,0.61115384,test_dataset_4
d05db0c615574a29951272c71b336e29,0.55283415,test_dataset_4
d0d074656e46458680516a45d9abc273,0.5705079,test_dataset_4
d0d1257317ef4c81a5a4b679234c75dd,0.750905,test_dataset_4
d0d4242d86ca4dde913cc8f8d0b3b94b,0.40495762,test_dataset_4
d0e3d38f78d543d6865468ab5220b4c3,0.39324775,test_dataset_4
d2a362a4c1b14255bb983b756c4a8130,0.51957816,test_dataset_4
d2b624cd27e149698f3bbcb344ee5274,0.43068746,test_dataset_4
d2dd4a2a33a8411187f7235f9a53b3e3,0.43068746,test_dataset_4
d3898c9b396943eba8a8c807ccc7bd03,0.54032236,test_dataset_4
d3e97d1be2554f91a4d69709cd7e5d03,0.33180305,test_dataset_4
d43ada23e1f046229db9718baa8a5cd7,0.4975413,test_dataset_4
d4c56953016047f383f31312e912d109,0.5705079,test_dataset_4
d4e1bff2e73149e0bf291306b48f2660,0.33180305,test_dataset_4
d5816aafb5244562944d15c3c816acfc,0.4523616,test_dataset_4
d632566588aa46c9ba5c7d966a87895f,0.6471874,test_dataset_4
d7627e2952414592ab03c0c10e0d27e1,0.33180305,test_dataset_4
d7e3b5e77ac04109b125f3b2d10f35dd,0.54032236,test_dataset_4
da4be8b96d33442b8f435087e93c2739,0.5038276,test_dataset_4
da721bac5ca4403aa96d01f8d1dd4887,0.11770904,test_dataset_4
da885982629b434da88b532558ce1df4,0.78310657,test_dataset_4
da8c478e029c4117a0c24101dbc801c3,0.5796,test_dataset_4
da9d7c25161845778e9aaf698edb4530,0.78310657,test_dataset_4
dc3dc23afcab42cc9dfdd13542722a08,0.373288,test_dataset_4
dc6f28e2422d43c28b1c6d2c51efbca4,0.25682732,test_dataset_4
dc7d1c2daa89437aa50c5f881532ceb9,0.6423056,test_dataset_4
dd298537cf5e452c89ca9a99e358f8bf,0.3850626,test_dataset_4
ddb2b29c15ef49f682010ed86bc0ec04,0.4523616,test_dataset_4
de01132a0bb54c118ec43effa82d946f,0.6471874,test_dataset_4
df267250e427432580001c862707bb07,0.78310657,test_dataset_4
df3d79f5d34d4c7d9ac4822d1fb96de8,0.39324775,test_dataset_4
e0480cc91fec477e95370b2df5cf7b07,0.39324775,test_dataset_4
e12e7105a64b425fba5bd8a1de36a070,0.4895531,test_dataset_4
e275d94586e14a9b8b8d72e558b0212b,0.40502238,test_dataset_4
e2827b110e8b43bd9b7741529cbd08ba,0.40495762,test_dataset_4
e3b8193376974456aa03016c5b909a28,0.5114923,test_dataset_4
e43870d9e81a41ee95478b40a61e1cb4,0.500563,test_dataset_4
e4ca03dc948c406a92d7806a8f4f907c,0.6423056,test_dataset_4
e59a4da6a6ac432db7217e52a44a73ff,0.39324775,test_dataset_4
e604bccd4a4f45428acfd9c52f619385,0.4523616,test_dataset_4
e7553bca6bb04508b08950e4427e67a0,0.5038276,test_dataset_4
e76e98b78c05497091ed523e2335f10b,0.6121806,test_dataset_4
e776a6ddf52b48159a1f5b391916d5d8,0.50457305,test_dataset_4
e780817d7acc45b8a983bd2202a9023c,0.500563,test_dataset_4
e7d2ab606a394e1b82949b3cd264de47,0.39858547,test_dataset_4
e7f6a68b63e44bcd9990fb9189c17dda,0.39295334,test_dataset_4
e7f8c5b842484e16a5c1b7961939e9c5,0.5796,test_dataset_4
e875bcd2bf6e4e60a531d4184193db94,0.61115384,test_dataset_4
e9ea838059304d6991de7ab51b915ead,0.5529101,test_dataset_4
eb05ea79dd754ea9bc3601d133e7ca35,0.6423056,test_dataset_4
eebb8ff014a848d9a46490ea80744a77,0.4523616,test_dataset_4
eee326c0b2ab4f9f916dafa7e3fe523a,0.5705079,test_dataset_4
eeefe2c13fe24bf28a0ce42a3b5c7d02,0.78310657,test_dataset_4
ef56975180c74e41b52ecfd5ac7f6c52,0.25682732,test_dataset_4
efcab1ed704d4e0e87a2f3b5b6880c1c,0.4523616,test_dataset_4
efe5613832124e1884ce914a3014883c,0.38091177,test_dataset_4
f02f310f3a394b97860253ad0bca71ed,0.47999206,test_dataset_4
f0be9abcad744d8389fcb06f220397b7,0.4377559,test_dataset_4
f0caa83f841542ae9f389f4717e1979e,0.54032236,test_dataset_4
f10f97dd8ac54362b85339b66af22745,0.6471874,test_dataset_4
f1bc71cc307a4a2ebb2c2a7a092578ce,0.38091177,test_dataset_4
f1ea320cb9c5463da19f99ae47e4f1fb,0.39858547,test_dataset_4
f3fc8fac0d114565bc5ca4931270daa3,0.5038276,test_dataset_4
f43078f40c6d4b698268861420ab780e,0.4523616,test_dataset_4
f514f7fe41e74e9abecf43d016f00782,0.5705079,test_dataset_4
f5e552da0e774ea283b57302ecc0cd74,0.750905,test_dataset_4
f5eae3a4da914f1e84931396e260c0e2,0.43068746,test_dataset_4
f605c6f06f42440d9540215e3cc6e578,0.39090723,test_dataset_4
f70fa7ff0874490aad1a50c0c20955d5,0.690961,test_dataset_4
f75b8ce8d2cb47e98e663fc462966f2e,0.5114923,test_dataset_4
f884566d6ff747f7873c6829fcf8ca7e,0.5114923,test_dataset_4
f9b879dc865c4ef9aa02e2585ea45ed8,0.78310657,test_dataset_4
f9e07827648f418c8d4592dc21356b7f,0.4975413,test_dataset_4
faedbc63bbcd43569a7be6a7ed0604ff,0.750905,test_dataset_4
fbb01d172c56420a82e2b718c9d8046b,0.4562595,test_dataset_4
fbd7dca3a2e045d9a9a6e1b1991d9e1e,0.78310657,test_dataset_4
fbdc46e8c4e64bad8f44070d7da7101a,0.54032236,test_dataset_4
fbf4b45ab3754152904294a7555d78ff,0.33180305,test_dataset_4
fbfdbc4138124ef685dd375c399521bd,0.49470934,test_dataset_4
fc522b7a72534f2ebedb5151f7798a98,0.5851507,test_dataset_4
fdeb56accb0542d887b46ca1f2b7ced1,0.66798323,test_dataset_4
fdf65d979c7749f78d0bd35cb4bf6c0f,0.40495762,test_dataset_4
fe612cd92c6f4b8eb5a273378e366e5b,0.5705079,test_dataset_4
ffc7badf7478407f9641fbe07813c3cd,0.5114923,test_dataset_4
1c3de538ce304d1682a0c8c5400253af,0.63235253,train_dataset_4
9fd0334270914305983705cf6f15978d,0.5796,train_dataset_4
be6323f36180447897ab3e4344b7cb61,0.6471874,train_dataset_4
4365c1a1bb214334bddd9acda177853a,0.6471874,train_dataset_4
c101b64fd983428698f74f2d1772fcef,0.33180305,train_dataset_4
bfd05e397d9e43138c9ebad7a003b553,0.63235253,train_dataset_4
338d30d2912f43179cf1be6cd1bd41a8,0.373288,train_dataset_4
7eca374f582b437fb8d0df997c7c0618,0.5114923,train_dataset_4
ac87baa66d5748aeb423d381a5790f03,0.39858547,train_dataset_4
6db283956a314f5d8d9c6491c860ac8b,0.4975413,train_dataset_4
595c464ab8c442759cc187119a15869b,0.80386126,train_dataset_4
b3eb8981236e4bc7bb801402f1a3169a,0.39324775,train_dataset_4
63ed66208ef2451d865353ea72293554,0.373288,train_dataset_4
9bde470279204e8081f84eb45e798f2e,0.3850626,train_dataset_4
da6b1fe297104c4abb7a05bea598984a,0.3069035,train_dataset_4
5b25f43f17254d1a8d55cf5cefa5b446,0.63235253,train_dataset_4
61573f5b6d0a42408a5f95a671fcd54c,0.5796,train_dataset_4
76077794c7e24c83a5731442002b3807,0.80386126,train_dataset_4
582adfe600754bd4bd34c1958988a78d,0.78310657,train_dataset_4
73e46c536cea42a3a578ad2b6ba5e380,0.6430166,train_dataset_4
d348fcb0ae1c4675907dd9fa17b84e06,0.7197362,train_dataset_4
08d4164f00fd404d8cc8db7716d7a467,0.25682732,train_dataset_4
52281246f00e421d8489ead07ddc0bbe,0.750905,train_dataset_4
477449ae835f47b19e8adbe684696701,0.3850626,train_dataset_4
fa511e0e7d6647baa5d84c74b8a036b8,0.6430166,train_dataset_4
32fadc8793074b56a038f98e3cd8485d,0.61841995,train_dataset_4
dd59d07df900435a940f9a43690f6ca2,0.500563,train_dataset_4
29cc907509604cc1b641a0bebc752299,0.6345708,train_dataset_4
951d26c674514536a581bccae19cb6e0,0.78310657,train_dataset_4
84c51aee26a545f3a48d1836983f1282,0.3059247,train_dataset_4
7e82fb4aadbb444fa9e452fbfab579ce,0.4261813,train_dataset_4
64047670d6174b3ebba1e7c51b627d43,0.11770904,train_dataset_4
83daa954ea3340fc9ed56f64e72b26d6,0.48803744,train_dataset_4
f512eeb7bd054dc5b5e58b08f4a42134,0.64628154,train_dataset_4
e1d1d89f5bec43f0b490a3164485d3f8,0.4975413,train_dataset_4
155231bcd4b04399a871fe647728d7db,0.4377559,train_dataset_4
c8a20670700b4f67b05f22fba7f4d2e3,0.5705079,train_dataset_4
23247409f8d5473d8d7c6d5db617b486,0.5705079,train_dataset_4
de3abcbe1c4945e8bf661de13249288a,0.7469294,train_dataset_4
8a3fd5f0e6624027b57c314396acbbbd,0.373288,train_dataset_4
af9eb2529c0443769a050ed232b8bc00,0.33180305,train_dataset_4
34787714e5fb476496a475b2583e756e,0.6345708,train_dataset_4
1d9764a4b7dd4bc19a99c888a10823ce,0.5454688,train_dataset_4
03f15af1bf8e4223a39d93f74cf4ffa5,0.33180305,train_dataset_4
564f790b89c54a25b690d702a037a72c,0.3850626,train_dataset_4
b59911a49dbf46cfad9497d42345dd25,0.4562595,train_dataset_4
cebafaae7f6e4cd595ea36e2740d540e,0.34209388,train_dataset_4
97bd9f0981144fdcaa7e3f81fb0c12de,0.31942347,train_dataset_4
d7ea0814bd7f42e493831fc39791ce81,0.53536934,train_dataset_4
bd70bc231dce45da8d02621a4183e6a9,0.50457305,train_dataset_4
3db9be86fb134a3eaac5270c4b83c35c,0.39858547,train_dataset_4
e6279ce975eb45b3b1d26bd8aa8e4980,0.5038276,train_dataset_4
eb37562bec514a89ac1344179a9c40bd,0.78310657,train_dataset_4
80c27b001fd04e72a986fb6f5fe542c5,0.5705079,train_dataset_4
4d5aeed342e2446e81ee4cbb54557111,0.6423056,train_dataset_4
8c8567c2ba5e45ada315d9f56af2d6d5,0.6345708,train_dataset_4
1b996ac8e7fe4493b11de26cde33dc87,0.39324775,train_dataset_4
b64e115743f04556a6f3a2853f1cb62a,0.3850626,train_dataset_4
b8e68060639243bc8669145e5af289b3,0.6121806,train_dataset_4
c048327271a64229aa5189425628e9ee,0.63235253,train_dataset_4
c933ddcbcd754c27945b26fcc87b96b5,0.6121806,train_dataset_4
44e073aaf5804510b7a4b1c2646ceeb7,0.63235253,train_dataset_4
a8ac190154064df9a93183cc668fccdf,0.30747718,train_dataset_4
4e8c9be9d02a4fb3b39785b35d08de0b,0.51957816,train_dataset_4
7c2646ac455045838ea7ff7e9ab2ffce,0.47999206,train_dataset_4
c091f3dce60c4d74aebae050f40f25f5,0.33180305,train_dataset_4
a12ebb708dc74e2eaa3b37dfdb16b983,0.39858547,train_dataset_4
bf4de17d1f1b497ca3d1681e8b332450,0.29865384,train_dataset_4
94b41a77e11d4d60b27b09efafb06633,0.690961,train_dataset_4
7c6725fbab8b4d49b970ee6c195e238d,0.50457305,train_dataset_4
cb4d34999f354fab83e69f653f798560,0.78310657,train_dataset_4
0ed8c41c410f45e294fc8c6fa8bb1f73,0.47999206,train_dataset_4
6739f032cdca4559a6a2f0cf7a973cdd,0.5038276,train_dataset_4
aef6ced3b147454495580f55e640e569,0.40502238,train_dataset_4
6a5d281eb7b7456c897e61b6cde782da,0.4523616,train_dataset_4
288a4c675af54559b0b712cb6744f771,0.4523616,train_dataset_4
98a08c1c79a048a1a8cf4c5908a598e5,0.66798323,train_dataset_4
cc119236edc1415a984fdf0e3ee4e0ed,0.48803744,train_dataset_4
4e8d1f8185404b87bf54a8f9c2a35f2e,0.7197362,train_dataset_4
49f84ce742d64fdb9acd1b2008bb1043,0.39324775,train_dataset_4
69b1b30ad52d4312a28d0765d52d5951,0.5038276,train_dataset_4
687115777a1640d685f42f48154913e3,0.46733078,train_dataset_4
fe40dc18339c44e993b34558ab1b3bda,0.5705079,train_dataset_4
007f61d8edcd46d2ae68b6b6e451018a,0.750905,train_dataset_4
22a192a698c94123855eac3dee922e3d,0.11770904,train_dataset_4
91d27520cd5f45869b5c4bd7e1cf341b,0.53536934,train_dataset_4
1e727ac62c2a4ecfaed77e0b31cd8dbc,0.31942347,train_dataset_4
24afe116c9a94123ba9d7039df5add4d,0.6121806,train_dataset_4
1138353d37cf484fb838220cc4c436ce,0.3059247,train_dataset_4
5bbb72d54e6b43659deedee44b46268c,0.39295334,train_dataset_4
b1db7cb5875b4db28afab51803ce5e30,0.4857015,train_dataset_4
0e46d2c21ea34e378606d07965b7009f,0.39295334,train_dataset_4
5fb69b8b7f8d453dbc9300a4bc9c0e2e,0.29865384,train_dataset_4
d6936f4603624fe8be890b430e9fcc30,0.6471874,train_dataset_4
27531ff464614edb815dcb116011dfc9,0.38091177,train_dataset_4
ac75532331374d39b6bcb7d2ad592f00,0.3850626,train_dataset_4
4ad04ce914d34275a8ed1b9dc79975b0,0.5114923,train_dataset_4
7d13c18c7c8b4b8095d6639c7f9f8427,0.11770904,train_dataset_4
da7544a5681d4822bf7e2cdca07e155c,0.66798323,train_dataset_4
17d159e8be8a4faa891664b30bb21c85,0.5529101,train_dataset_4
8b1f20f2266744e093db4353c11ce8c4,0.25682732,train_dataset_4
b116cd7ee58842918df5e60699ddfed4,0.5038276,train_dataset_4
e1824448648444e5900724f577f32096,0.500563,train_dataset_4
a39de6247add40aa83c484296ad7571a,0.6345708,train_dataset_4
6795cb80ee834934bf92145bc8aa8624,0.43068746,train_dataset_4
0a21934bdef14bd093980027010a8141,0.500563,train_dataset_4
b5a6370a829f4ee6a95f77fac726c558,0.38091177,train_dataset_4
5b5e2c634de94c12a28f01132af51448,0.5705079,train_dataset_4
09b5eadc68894b32b2c19ff0513bec8d,0.64628154,train_dataset_4
cc56651189694368b0f4ad46ac432011,0.6471874,train_dataset_4
65cd696666e542199e1834f78d12c84c,0.25682732,train_dataset_4
6834c4ac89b44c7a9ce2f2596a4d7564,0.7881456,train_dataset_4
52bdf55d104a478498f416ed7a655a9c,0.4975413,train_dataset_4
8d14f361e8b840a4917b93d0fb2c5530,0.4523616,train_dataset_4
897c41360fc247f2b53a7f338abd3678,0.4562595,train_dataset_4
63300c5ffbb84c8a9912770d968bf186,0.38091177,train_dataset_4
e26397c360154332b3476fbf70c9a480,0.38091177,train_dataset_4
922a8efb839645f0bfd014ffaaefad7f,0.4562595,train_dataset_4
f2f3778661184e5ca75ddbbb368239fb,0.39417356,train_dataset_4
00e082c217e74e758bf7d577b22daf78,0.54032236,train_dataset_4
b1250e79262741eea6dc13275f4de59d,0.78310657,train_dataset_4
a8721e09e6d94a9382789bfd60adb893,0.25682732,train_dataset_4
ff9fde3fe46240fd951842bb6b42e0fa,0.4857015,train_dataset_4
ce3f323145c2492894a12910413ce339,0.25682732,train_dataset_4
5738ec8de8b2465994e8be346e70de0d,0.6121806,train_dataset_4
79738b933c184d828d77ab8329c80fa2,0.5529101,train_dataset_4
1639e5fe81144df8bb3df86fcfc36ed6,0.5454688,train_dataset_4
a153477bb4d34bd1b35e7ea34eac7cee,0.39090723,train_dataset_4
727e65444aff4a338dc2591b254f0bee,0.5038276,train_dataset_4
9bffa456183e4c38bcd6dacd1116ea28,0.3850626,train_dataset_4
5562a6507d094026af86b96e81538669,0.39324775,train_dataset_4
74655ab4f50b4f8cb6c8d25ccee9c38b,0.3627616,train_dataset_4
ffe7428cbc244db990071c05bac21287,0.5705079,train_dataset_4
f46ad83e274345d98c82325029aef2bf,0.5038276,train_dataset_4
d60fca9a6a724aee9116a84bdf783611,0.43068746,train_dataset_4
57418dc418d64e5382bd944429df7e63,0.5111101,train_dataset_4
35e6fb6231f24ebf85165692d16524a2,0.80386126,train_dataset_4
103f16fbd6b146baa26d9e39f94c4746,0.40495762,train_dataset_4
8df6e1017c824983a61c0da296d3f2d0,0.5114923,train_dataset_4
c5dd1cfcbe3c4e2b96a05867b59ef45a,0.500563,train_dataset_4
20ee933167304c36b74562c0e5f1c427,0.38091177,train_dataset_4
650ef27820df4b5a8d77ae22216c4afc,0.35526633,train_dataset_4
971b2e77fbb641148ee501353492b4ec,0.5529101,train_dataset_4
262515f7630e4c1f921bc24708636b63,0.5705079,train_dataset_4
95673689e1fe4231881a0b8098ab926e,0.40502238,train_dataset_4
3957b725ec0d4d428ccd29815014c256,0.4975413,train_dataset_4
24ce03a340c34b19944faf85e6f40f95,0.54032236,train_dataset_4
34d28995cc8f497cb59ade8c73db8226,0.55283415,train_dataset_4
e5f47c2119934af8bcdf3592685a1ab2,0.4523616,train_dataset_4
828cc739513647548ae7815e53768117,0.4562595,train_dataset_4
c7b85b8347fc4fad9ae782b478dcbf18,0.80386126,train_dataset_4
0c8b08b8832f47518b92a8b00f0c8be4,0.5705079,train_dataset_4
5ce465bba9db447880d4e18ec89f151f,0.63235253,train_dataset_4
e9966894de0a419196e54b169914ab08,0.47999206,train_dataset_4
a8043861e23c4f2ca1553f60135ba1b0,0.6121806,train_dataset_4
7a01bb35c8e64ba5b65f868962d405e2,0.5111101,train_dataset_4
03bef02f9755430890309862bb02c388,0.43063077,train_dataset_4
426318574211433fbbfeaa0b06cd269f,0.4562595,train_dataset_4
305d9c85f63241c0b65bd2873249f237,0.39090723,train_dataset_4
e04ddfac1bb2434bac2f64ffa2eff91c,0.25682732,train_dataset_4
0f7929066eb64b6a98f49c73687382dd,0.373288,train_dataset_4
226309c98706457c8ed6f290f872120a,0.4261813,train_dataset_4
c63e9b29a3f84bf9a5b3baa41dbbc1a3,0.5851507,train_dataset_4
0272598e2c904311a9dec5792c21585d,0.4857015,train_dataset_4
35f60ad9d5ab443498618d267633a55e,0.39858547,train_dataset_4
be966ef4328243909809fd82b0a45aad,0.33180305,train_dataset_4
b5432f08b9814843bffebd5c797ab18a,0.373288,train_dataset_4
adee5ce9c5f240039bc230da7c5ed625,0.3059247,train_dataset_4
745d42a6465e43c1a186258f789c0ecd,0.4562595,train_dataset_4
9cf91b696577445da5aa2e7e7490972f,0.39324775,train_dataset_4
88bd5b868aec414b8f7fed982437daad,0.49584708,train_dataset_4
eb4a120eb84b49c4b046e02f3fe92ae2,0.38091177,train_dataset_4
10f2f07c8d4c4ed28e199149385aa430,0.3850626,train_dataset_4
4424d9ce266440ffadf2c1d620701ca7,0.4975413,train_dataset_4
bb58700a7abc444098bca76561d0cea5,0.3627616,train_dataset_4
7c85de9b7040468bb61cb3e401aab295,0.7881456,train_dataset_4
975bf637abbe42208474a248a5c7ec06,0.33180305,train_dataset_4
a0f4287f426946e080578db0214853de,0.5705079,train_dataset_4
15c1422e30f6457b9e2cdaa6d3344877,0.690961,train_dataset_4
e0f23ba58e5f41e5a475c74dac38d536,0.5796,train_dataset_4
002c0c656ef2445e9a9d8d4449dcf6fa,0.3059247,train_dataset_4
949bf3070214432c903d96d4332debfb,0.5111101,train_dataset_4
4113c7fcc07944d1adc1437e5ea44651,0.66798323,train_dataset_4
07ba5a24a3614536883cdb4e6b3779b6,0.3069035,train_dataset_4
6d76504683634c76b4c726b54e3a5a8b,0.7197362,train_dataset_4
dc46fbe9cfd94bdb8edca909d69af1df,0.5454688,train_dataset_4
8838d04d755f40619306798ed5a83159,0.5705079,train_dataset_4
3a9c23ccdcaf456db014ba4557a01c22,0.5038276,train_dataset_4
1576921190704aa9a5a9a17a63c5883a,0.63709,train_dataset_4
b465f9e423af49cd9d9a16507865623c,0.31942347,train_dataset_4
81de5f324d2145fa84b5bfa77de361e2,0.5114923,train_dataset_4
64673a4309c9469ca6e18f389726a044,0.5038276,train_dataset_4
0d0596f69d3c4e38b756fba06ae0e426,0.47999206,train_dataset_4
0da5d924c7dc4062b86df42c6b4cd8f8,0.49470934,train_dataset_4
a89b5792af7540569ddaf5d518cc46af,0.5705079,train_dataset_4
27b87cfc302f4245ae96e4da740a5b67,0.66798323,train_dataset_4
40d1a2d04305464ea778bf1b23afa13d,0.61841995,train_dataset_4
0c970ec265be4cc4b9589d795fdf00c4,0.39858547,train_dataset_4
1520d7983ab2475bae1e420f0291e6e2,0.3850626,train_dataset_4
44a00a57ccb64bcd872ad4cb1f720d62,0.3850626,train_dataset_4
55417555759843138a4bcc6488134945,0.5114923,train_dataset_4
d4788d491f204b36869a11848520ee1f,0.51957816,train_dataset_4
1b06436d49954d91891870587719b799,0.3850626,train_dataset_4
3e4657e0a3704385b84d2c023b6be873,0.4975413,train_dataset_4
1f450a8262b04d43ab222e593301a6e7,0.6423056,train_dataset_4
01cff4d81ded44a4800118f2b3fd07f7,0.6471874,train_dataset_4
fb50ffabbfa045cdb281451745e044ec,0.3850626,train_dataset_4
c27489e4de1c4661bf2582f3314dabfc,0.5038276,train_dataset_4
e1c4623e88c641d28ebba850df3df2f6,0.40495762,train_dataset_4
1c1d67c3615540e3b659147fcfd849f8,0.53536934,train_dataset_4
fd4b02abeac3455f87026687d827667b,0.4895531,train_dataset_4
c7ee31176a364014a4669a03fb1d1f6a,0.43068746,train_dataset_4
cf2f05987cf942f0b35dc8e6d030eb23,0.5114923,train_dataset_4
33c4c65fee674bd19ae8be9ca5a9c2cc,0.5529101,train_dataset_4
10958ad793844de1a3f0fac1a3d66ca2,0.25682732,train_dataset_4
b222deba4b8e40249f43e8959c425430,0.34209388,train_dataset_4
fc77e014c1da4b36be0f2147caede807,0.4975413,train_dataset_4
b3cfaaf311d847e789641dd9fc31d873,0.3850626,train_dataset_4
7698d19ca6964019bbe3036843507f13,0.48803744,train_dataset_4
420665b280604b8c870ff289de5d86a6,0.5705079,train_dataset_4
1ef36a8a34764f7282344159434c217a,0.30747718,train_dataset_4
2ad267f366c94704ad820003d8b43251,0.4377559,train_dataset_4
6487632a06104720b1e3df42b4b89639,0.40502238,train_dataset_4
f3766e886ed7453bbd01885748260d24,0.5038276,train_dataset_4
7f3256aead9d4866bdbf4371faba6f60,0.4523616,train_dataset_4
25535475d5a9497db3d0ce555ad6a1bd,0.40502238,train_dataset_4
e0e8cc44583f4d9594b953fe57571b72,0.5111101,train_dataset_4
31dc25846153444c924137db3a6ee9fa,0.33180305,train_dataset_4
6899012abbe048d6abf0a461b49cd8d2,0.54032236,train_dataset_4
c2de11917bbb4521a6e0f058a5a0d6d2,0.33180305,train_dataset_4
7520e1adc56c4c47a8aa1aac3cf277cf,0.5111101,train_dataset_4
f4d89739c28b44888724a53fe04fb300,0.66798323,train_dataset_4
707ab8deb2d0494db403d79f7ece8176,0.43063077,train_dataset_4
1faa36c6de264c3397139810e2063eae,0.6121806,train_dataset_4
748cac4b1951435badbd2165d25bbd10,0.4895531,train_dataset_4
26d086dfb1374d98a2b8a7131668fdf0,0.4562595,train_dataset_4
f18a4ee6c7dd4692bde15ddd9f62a484,0.39090723,train_dataset_4
ab35031f2a7045bf965efdde51d0a6e0,0.5038276,train_dataset_4
5faad89e52a14194ad66117771ec2d57,0.33180305,train_dataset_4
2fbd2c1ec2584749909eb6da7abdf504,0.373288,train_dataset_4
f185f58d97034afe8cf6a7347e3c25ae,0.43068746,train_dataset_4
845cdcfd24ad4fd1a5039b87ea7fb641,0.48803744,train_dataset_4
38cec3abe7e64d718d3d8f9c301da572,0.4975413,train_dataset_4
3490f3c325b94279b08a87a22533c184,0.5431488,train_dataset_4
40b9f5cf915b4a238acd48752f5020d9,0.25682732,train_dataset_4
06166d8ab5a94810a8e3ad9d452af8b5,0.3059247,train_dataset_4
82a7c4f6323d4d6889fee42c36690dbc,0.500563,train_dataset_4
2d1db1a20b0d4bef9b0b79d942433eff,0.61841995,train_dataset_4
6585021eea5241a4acd6b275d7729b19,0.47999206,train_dataset_4
82ec9d29a41f4c8aa215d59e51b04c28,0.7469294,train_dataset_4
a232ea0481e14eeab69f2a83864e8550,0.6471874,train_dataset_4
15c6dc676acf46019c19648ef92be058,0.47999206,train_dataset_4
772e5a5b1a72413ba27e2e184053512a,0.3069035,train_dataset_4
99435e471e4849c799283000208aa991,0.5111101,train_dataset_4
58a80613001b44baa409fe31c5113aa1,0.47999206,train_dataset_4
4ff033b1d4d5405c86a4d0e0ed0bcc0e,0.500563,train_dataset_4
d847e8d5ce4e452f955eff9428dfe31d,0.6345708,train_dataset_4
0d340bc814364de2a844cf3271f51e9e,0.500563,train_dataset_4
b193f96eb774476cba2bb470cd6cb51a,0.4895531,train_dataset_4
587c3e4245d54a3b89bb3a0daea3173a,0.6345708,train_dataset_4
56bf650687bc4891a5e79e30b8561826,0.54032236,train_dataset_4
7a6b3caae2844b95bc0839cdb4015d1e,0.6345708,train_dataset_4
9c27bdc4c4cd4798ac1e98404fae8f26,0.5105337,train_dataset_4
5640de1e5631496d9f0c05a678792ca9,0.7469294,train_dataset_4
f97a1c17fa3e4a2c9cf128f67fca084c,0.690961,train_dataset_4
14963cbe92b64726b7c9ac6700730664,0.6423056,train_dataset_4
a0242e4e462743668d5787cf27b3d905,0.80386126,train_dataset_4
21bdd12e38e94cb6ba3cb594d9f6af1e,0.33180305,train_dataset_4
ed03d002bbf64ca0bd0e392be3cd3a05,0.5796,train_dataset_4
033273d5df3541eca9c9b9264854247e,0.50457305,train_dataset_4
5a2996cb74824b38b5f085e3fb485926,0.5454688,train_dataset_4
46e16566f5314dbd8f67c5a8c7750aed,0.11770904,train_dataset_4
f7374d1e2be4433e8bb701ff6deb3e5b,0.51957816,train_dataset_4
f9d88887d0c34a85919ad5f5cc3ef7e2,0.43063077,train_dataset_4
7136908760004456ba224bed570fe799,0.4377559,train_dataset_4
ba9977786c9049529d05eb70d8949840,0.11770904,train_dataset_4
49987008c4b94e5891eb4d75267d4c7d,0.49584708,train_dataset_4
b7737d4c4bf04181aa10feaeeb9cd29c,0.7881456,train_dataset_4
435f7126e1c94dba8ceb0400a11fb0a9,0.750905,train_dataset_4
0372ec2ae0814556b25655ce4c0a3169,0.63709,train_dataset_4
1f7f345da0904c61adc818529034cdab,0.4975413,train_dataset_4
7e4464cff7694ead907a19f9e6a610a9,0.5851507,train_dataset_4
49d324e837944e20a34aa906e97ffc84,0.7469294,train_dataset_4
907e35b29de3419e8ec010c2f42df138,0.5038276,train_dataset_4
15715a28110e4cef938a7a68f5003fb8,0.500563,train_dataset_4
e42d206820684d4aa6b8dc2321cf72f0,0.43063077,train_dataset_4
0fa6246f80534a929d9697fc0f944766,0.5851507,train_dataset_4
e6df965bbf104b82b613637654c04edb,0.39417356,train_dataset_4
9a81a6eb7a604dd5b17c214b05c30fef,0.7881456,train_dataset_4
b8d6a135fc7147abbbe4b1bccfe65aad,0.3069035,train_dataset_4
f33dcc25340847dd808cf97543c30c77,0.5529101,train_dataset_4
b0a15750febc4e6ea67e1bd06dbea513,0.3850626,train_dataset_4
4b92bbbb77f24e8db1424be049d258c3,0.46733078,train_dataset_4
ad110d19a26a486783f091c2822073fb,0.3850626,train_dataset_4
e5f934fb26ae42f2b843be043ac65518,0.25682732,train_dataset_4
8f591f4064324117b295247602f6ba35,0.39090723,train_dataset_4
58785b82fa41401b8f1e99bb923d80ad,0.35526633,train_dataset_4
1754c41e591649228345add547b55424,0.3069035,train_dataset_4
c793a97302914a93af369ace04fc2b17,0.6471874,train_dataset_4
9a4c9b2889144ed0a60dcc5e970c142d,0.5529101,train_dataset_4
c6350be383824cc6b7850d6b8da36807,0.43068746,train_dataset_4
98f4587da4b945439d206001fd2402ce,0.3059247,train_dataset_4
fa28a43503a040619b6850a9060e91c7,0.5796,train_dataset_4
a605ee0d1ae449f98f10923f03ea391a,0.40495762,train_dataset_4
0f13736032e84e3fae870bab94bbc237,0.78310657,train_dataset_4
9cf4db5868a34e1faf5b8422094128b5,0.53536934,train_dataset_4
ddf619d86dc748d19a5e54f18ca90a88,0.39295334,train_dataset_4
c942a6b3800c4aaebcf8a2648a6f8124,0.64628154,train_dataset_4
10974225eb9f4d6a864572b6b569ed2c,0.66798323,train_dataset_4
86a004da2a364d65819acb1e059e5cd2,0.50457305,train_dataset_4
774a42982896469abd26ec2a61fa3c40,0.55283415,train_dataset_4
210dd9c6e4f046079a66f1bb1975bb89,0.7469294,train_dataset_4
f312f01c122942e8a0f9e4d3d3b3f9ce,0.6345708,train_dataset_4
9b316175ccc3447884e32fc0ee62accc,0.11770904,train_dataset_4
f8349e674bb3451bb80d2e2ff1325142,0.11770904,train_dataset_4
d89c83647e764d659e7afbc16d8675a0,0.39324775,train_dataset_4
a5671c51f0014a22b3774118eb570140,0.3069035,train_dataset_4
f5724426cb6c4a4e8de9ba9e88af61b3,0.40495762,train_dataset_4
6a697eb078b6467fa3a2ff556db1c61a,0.3059247,train_dataset_4
78b974207e0e4b5d8bf7ff26c107f156,0.40495762,train_dataset_4
c8ad116a848a4318b7989f7b1cc8c0d4,0.64628154,train_dataset_4
61ffaf496d2a47399ccb3a905cf67490,0.40502238,train_dataset_4
dd7ae6a285c04a2ea0b3918e6bdf3489,0.5038276,train_dataset_4
1afba29580494353ae0e6a9795d26c26,0.4523616,train_dataset_4
a3852291cec147d096bcbdcf45bc3f95,0.51957816,train_dataset_4
ef48ede114784a498318a7d7c9be33d9,0.7881456,train_dataset_4
4ef1a09fc0a44fadad25cb0bb2bf742d,0.7881456,train_dataset_4
2b8017c15f5d4000aeac1e61e8bf82af,0.4377559,train_dataset_4
ab8386b9e42f46ee95da031be3ab5185,0.6423056,train_dataset_4
f9dc4c40178b407da731d520e76efc60,0.5454688,train_dataset_4
e991dfa7b3c948c8b85be0e2c70bd47e,0.5796,train_dataset_4
118a7895921744a587ba0c182ce5b3cf,0.4377559,train_dataset_4
6d0626b17bbc4adf9133a9e83e8a8ed3,0.51957816,train_dataset_4
2843320fab3242a092f632eda780fde0,0.43856436,train_dataset_4
16f723a68d43495a9f18533fb03d8dd5,0.48487404,train_dataset_4
2ab9e5868b654d51adf147d601269519,0.5111101,train_dataset_4
076a2307f81546ebacf366dcf51332ce,0.6423056,train_dataset_4
be8f2af8d2e0441a859ee8223ddf723f,0.7197362,train_dataset_4
167a91181eb3492c9e24e5c2c02d78c6,0.5529101,train_dataset_4
b5be5e6bab4446feb8f1c32341048cb9,0.39858547,train_dataset_4
6aa47f65fadb4ac29b5d52fd2d2b1456,0.7469294,train_dataset_4
cb9b68600984494ebe0f302272cbac08,0.3850626,train_dataset_4
5025c787585d4963b3ef10be98545280,0.39324775,train_dataset_4
55813896449b46cbb8a940d45ec0e18a,0.47999206,train_dataset_4
622a7cfc59994312a691a818c4efd51c,0.500563,train_dataset_4
fbf26534c99542df83c641202e21eb39,0.4377559,train_dataset_4
32065eaffd984ffbbda088da04620f9c,0.5038276,train_dataset_4
be7b6bc585c649298c0ad4cb66fc94c3,0.7881456,train_dataset_4
cb1b2f0445b948ff966ad8744de43d53,0.5111101,train_dataset_4
305a76eef66e4036bb0814ca74ce6bb3,0.750905,train_dataset_4
bf03b10fcdfe43428157c308ba6b384d,0.3850626,train_dataset_4
73f2e303d07447a98737f1e74a5d91a5,0.3059247,train_dataset_4
ba27551ce5c94c3aa19f8d01e4b066d2,0.5796,train_dataset_4
7e5a42b281924be4abdfbcd72ac27fdf,0.61115384,train_dataset_4
308fed1b76814b8a8dc96cee40fa6326,0.39324775,train_dataset_4
19f33f664b7d46e58fc066a21a5b5047,0.4975413,train_dataset_4
8ca1892afd6f472f952e3605db62e427,0.80386126,train_dataset_4
8bc4867deeca407f9132a07aa3f3415f,0.4562595,train_dataset_4
a65708f3fd0e4262969ff5774df77798,0.35526633,train_dataset_4
896f0bb42f5b4e8bacebb591f36666e7,0.5705079,train_dataset_4
0cc4c47bd6d74660a42827929dbe92b8,0.7197362,train_dataset_4
5549b021a722443ca477fe082b5be381,0.5529101,train_dataset_4
4bd54052af134334a7169b255f3ddf59,0.43856436,train_dataset_4
79c3a1c78133432bae78c31d8660f5c7,0.78310657,train_dataset_4
c1ccaab03c8b439f8126ca84cb072c1d,0.30747718,train_dataset_4
1c420c6fde8e490a9dff92c18498d6ed,0.80386126,train_dataset_4
2bdafa6a46774786aaea7e725966502e,0.5529101,train_dataset_4
b32b9d97fc264ea794b3478ec4317046,0.3850626,train_dataset_4
55f429a72d8b4e2fae19b49ef755600d,0.51957816,train_dataset_4
9d66309593d24ee9931f38b092cede9c,0.3069035,train_dataset_4
8309481a5f9c41a9a1779ece14ee50a1,0.6345708,train_dataset_4
d57a1d3254f84145839a3fc9844e4dc1,0.53536934,train_dataset_4
f9713784cd254d7582752779b4132846,0.5529101,train_dataset_4
a98767cbed1244bd90bb1c805c337510,0.4562595,train_dataset_4
1053b38ff7174a80a7e663acf7974538,0.6423056,train_dataset_4
34c67327e7cc43adaa251923141b5605,0.500563,train_dataset_4
474b1b104dda4a678742af9f89c0eb6e,0.34209388,train_dataset_4
3bb6022a48fa4c069c85a943ef2dbc55,0.6471874,train_dataset_4
f5740b1e005b4c3da851dc0ef6f53acc,0.5705079,train_dataset_4
3299739535e5408e9467bdd8fedf59bb,0.750905,train_dataset_4
d8fc9c03360640ce8b36eb15f148ed9c,0.48487404,train_dataset_4
d6d4e001d3d847759048d44366991ea2,0.7469294,train_dataset_4
90650222ddc04092bd88902f10a05805,0.4895531,train_dataset_4
bd0a31621b0f4658b7e1cdd6cbcee035,0.4523616,train_dataset_4
dc4a6ec5700e48488d9344ea95f32543,0.39417356,train_dataset_4
a5ba2711cbee42bbac81656491a41584,0.49470934,train_dataset_4
5d6a500719184163bf0f85a95233deaa,0.5431488,train_dataset_4
2fd0fd8a939645a1a8cc49ca6c49f929,0.4975413,train_dataset_4
79b24dbfc1ae4d359d92b8b7b7731cb6,0.3627616,train_dataset_4
4be4c90c89ef4e8cb598b099b44b7000,0.11770904,train_dataset_4
2a7a572b0f1f424c89c6308dff063ae5,0.61115384,train_dataset_4
e99574d4fbdf4d2f86f124acfe77063d,0.3059247,train_dataset_4
8ee5db966a984de49b268b08f409a65a,0.5038276,train_dataset_4
198ca4980c864e64b44aab357308f9b0,0.54032236,train_dataset_4
4c1b443cd9a84eb69dea6d3daebda336,0.7469294,train_dataset_4
c0cd2d4175eb4eb1aae5d65320e6f386,0.78310657,train_dataset_4
5d9555e9b6ff460ba7e3e4cd792ae3ca,0.61115384,train_dataset_4
540a8da3363648b38a3c7475e108e31d,0.43068746,train_dataset_4
dda9dd30ffaa48b3b9bb31d3b4df15c6,0.29865384,train_dataset_4
a5b059f22f354f11942212e0f2ad7653,0.5038276,train_dataset_4
015a76f2259c46748e28dd8776fe5808,0.7691373,test_dataset_5
022f4177c00548ad90e79281585f3f5c,0.6868918,test_dataset_5
02ab9e85822c43bcb3fe4c7bf4c6559b,0.46876994,test_dataset_5
0405af4149db414db89593c77a189de0,0.22699578,test_dataset_5
040976a55816401e8530305b542f3ac4,0.4816829,test_dataset_5
057ee0509d8c4128b158d704a2230ea7,0.2772014,test_dataset_5
059304f105fd4679824286fac12069f1,0.6943774,test_dataset_5
059dfefc25b34ac2b361d5e0a52a7a13,0.4559861,test_dataset_5
06447fd7e6624718beefbe9b7e4444a1,0.75191116,test_dataset_5
068cf1a37299447e8ae02eb0441aa8bb,0.44721994,test_dataset_5
0793722e17bb4dd5a5852d7c075bf521,0.5353196,test_dataset_5
07e2dd9cee7c43b0addc0303a153dcd3,0.44925645,test_dataset_5
0828f8e883df41ba993188d97adda19f,0.6832931,test_dataset_5
0842f9b4090d4137b3ec4159374c5b94,0.2578416,test_dataset_5
085b73e69e0a453c9bcc7569e4033bbd,0.6312298,test_dataset_5
08c7ce220a564e61b80b65ec19904e11,0.8682304,test_dataset_5
094b8fa6abc74c01886e42d39f345ed6,0.6868918,test_dataset_5
0950ec9de5b84352a79b2cfddc8f71d2,0.43515408,test_dataset_5
096aa5548578421eae995ada12b52ac6,0.37062547,test_dataset_5
0af116b524264ec0b83c22b8cd514827,0.062177263,test_dataset_5
0af1603ff1724e0d8854a3a6f824a706,0.5026141,test_dataset_5
0bc22b7c131e44aa9672272be2a67728,0.5026141,test_dataset_5
0c02beb657e9494c800ccb7e5ecbc9d7,0.5026141,test_dataset_5
0c37871c1df94e60b8572f73375295a3,0.4816829,test_dataset_5
0c41041b62fd499d9cfec34964cb5caf,0.14497979,test_dataset_5
0dfef8430f13460797fc48efdb97491e,0.6312298,test_dataset_5
0e17f31c51934e5fb04a903583fc667d,0.6990995,test_dataset_5
0e1de9dc82324b3e992afd33c4f114da,0.3572177,test_dataset_5
0e4b4754b39b4a56816ac4a901e88e03,0.43336713,test_dataset_5
0e9921d21b1c46e5a0ed56f234589e4c,0.8682304,test_dataset_5
1017055a97a445d7b0f808e50ea136fd,0.062177263,test_dataset_5
10cab325ec2f4156b4cdb8ad94b9be9c,0.2578416,test_dataset_5
11120e9fa867468c9a3e55554b40a94d,0.8452753,test_dataset_5
12206b64c2ab4605a439c075294150ac,0.28467265,test_dataset_5
13cae51545524ec29944207f017e9ea4,0.6420433,test_dataset_5
14c527f1cff64bb986091eb1a4318c1e,0.8452753,test_dataset_5
16ed667dd05c4ca8a71ea60f1635ce57,0.6528407,test_dataset_5
17593c2e1fbe4c0d8e6a376d806015ac,0.35542256,test_dataset_5
17b1960a7e024173b9cb64a7579e4ef5,0.66390795,test_dataset_5
17fb5345b34843f58a601d590e411de3,0.8682304,test_dataset_5
185dcbdbb27a4c88b590666d14523d7e,0.6990995,test_dataset_5
18c627d6f58e4f1f843d196bb0f2cab7,0.66196424,test_dataset_5
19238e72cf864e98ba898b1a622a5a04,0.28436178,test_dataset_5
196205b3f58e4b4aa8cd2bf9b1952a0f,0.22699578,test_dataset_5
1962789e1ca24165819b019395fe6a68,0.59796506,test_dataset_5
19f3d9c392eb45b48cc0272c90be2a6a,0.472505,test_dataset_5
1b04ffab15ae4d489089e56b844b76c0,0.8327116,test_dataset_5
1cce605712d04e96970a694861180436,0.30600202,test_dataset_5
1d7dee4092a74ad59f4f735efb23478d,0.44420487,test_dataset_5
1e5b985054f2472b8335806e4568f3e9,0.4816829,test_dataset_5
20786ffef7cc404e867a9005a927ebb0,0.2578416,test_dataset_5
20ee93dd66f642059c4ef0b191e5cf4c,0.7691373,test_dataset_5
21910b134a2c4087bafc3c675e650985,0.3572177,test_dataset_5
21d0fe45767c44f8940a41757eafaf39,0.3572177,test_dataset_5
21fb216e6ebf4842a0c7740eaca2ae92,0.28467265,test_dataset_5
2274598e77444f6197f8a70a888db9fd,0.8452753,test_dataset_5
231e1309f2594c269584a4ed6fa2bff1,0.6990995,test_dataset_5
2381688a88f6466cae93151f673da179,0.43515408,test_dataset_5
24e21b26df234450aeadbc3b953ba125,0.8682304,test_dataset_5
255b9a44ee5b47fe9dca59b2e698b02e,0.66390795,test_dataset_5
26fcd26f54a447ff9f07e472afc0631e,0.6312298,test_dataset_5
271b804023bf4415ab8c03181c878d64,0.2578416,test_dataset_5
275abb356334487da82793b3e1f8bcda,0.6990995,test_dataset_5
280fbb469f5746a0a29638ee7eaebb2b,0.5026141,test_dataset_5
290ce703bc504e0c8b9fa9612ad3efd8,0.14497979,test_dataset_5
29e199af1d3e421bbe0894821e03abcc,0.062177263,test_dataset_5
2a43c1f010ea468eb293090e4110a69c,0.44925645,test_dataset_5
2aafa22a40fd4e4f9ed5d3b3248e48bd,0.59796506,test_dataset_5
2b0e45b6e33b4a20a03a4ade8fac95d2,0.6868918,test_dataset_5
2b5aa04c035241f28eedf69b6cfa8f37,0.6990995,test_dataset_5
2c766932314d4df7bb5f7e7bdc5bec74,0.6868918,test_dataset_5
2d5173a5189c44ff8dba491bb38ff82c,0.062177263,test_dataset_5
2e205459823f4a8384b8e961381ce6d3,0.66390795,test_dataset_5
2f37acef78344731b8c0709504812e50,0.5714567,test_dataset_5
2f719e0e4eb9420da585e0d48783b36c,0.5985106,test_dataset_5
3037366d54b74f21a84f13840e54368d,0.4559861,test_dataset_5
30c8dc2ea90c4b01812039850332cd05,0.6868918,test_dataset_5
30f0642eb86b491aac25904cd7d089e2,0.46876994,test_dataset_5
30f3378ab9b94cee9f2e617bb66422eb,0.6990995,test_dataset_5
313863a40e61420c95ae62cebb991bb5,0.062177263,test_dataset_5
31db9e98e0a6415dbb1afc0237be61c7,0.6528407,test_dataset_5
32395234f33b4205b48cb986c2ac3cf6,0.5985106,test_dataset_5
32672f26a0fc487b8a069221fec12958,0.2772014,test_dataset_5
32b47e30bfc64decb01b035fca3f58df,0.35542256,test_dataset_5
340ef818b7ff4a55a77b2967fa250d45,0.472505,test_dataset_5
37bad31d06b84a019d587a7a69f28fcd,0.66390795,test_dataset_5
38036370a26e4f7ca2b6d1cbea3545af,0.7691373,test_dataset_5
38067608258d4b65b36215338beec2e5,0.7691373,test_dataset_5
38b222be15f242e5a4bb3b8037cd4995,0.66390795,test_dataset_5
3a5a4c2c8af64ad89e7bc8e472f9624c,0.6943774,test_dataset_5
3c2ec1a7d34c42f988d5632c6494a7ed,0.7691373,test_dataset_5
3c43d5ee238e44f59498678df7dd01e9,0.30600202,test_dataset_5
3c9cbe0db33a4de395d393f1313edd1b,0.35542256,test_dataset_5
3cad3038224447cc91790c836db741a3,0.44925645,test_dataset_5
3e36173be0354daea24d6168064fe2aa,0.2772014,test_dataset_5
3e6747ae0f7f4f4e892b962448a36745,0.6312298,test_dataset_5
3f78edca5dd74eef9f034fa61a3a06d9,0.7691373,test_dataset_5
3fecf5ab61b640f6a478be9e47546bab,0.44420487,test_dataset_5
40c29a602f7d40888f5a06bacf999e3f,0.3572177,test_dataset_5
41d4ced0538d4dc08ca0d398c6ea7007,0.46580938,test_dataset_5
42a461e30d3b4d1aa4da1f28a55617cd,0.6590693,test_dataset_5
42be42bbe0f140058f48a70563feb5f7,0.14497979,test_dataset_5
42f8854c9a5840aa9e6f5f07ecf69981,0.14497979,test_dataset_5
43b0ef0124194a769ba252cc52d5affb,0.6687199,test_dataset_5
44674c8b4ff6465b82ae45a6139387f1,0.6990995,test_dataset_5
451b2e7b8e394529a1aa482d15563625,0.46580938,test_dataset_5
452264a8a9c4435cb7f67dc8e9f2ce42,0.35542256,test_dataset_5
4560051caca044ba9a2ab6082dc07188,0.6420433,test_dataset_5
46d3725e5c034369a342b12d1b875b74,0.6420433,test_dataset_5
475c288e71964a1fb72a0679c0fac92b,0.3616338,test_dataset_5
47b68ca0d7db45ccbbe8a001b3a0e4aa,0.6420433,test_dataset_5
485e657ae6214488a1afe526be631cd3,0.56505734,test_dataset_5
4889d013cb1c42029bd676bf7c8807b8,0.66390795,test_dataset_5
48a7f6d3d8274438a180937cd62f6bf1,0.632263,test_dataset_5
49985578ad2246e88f48698ddde9e274,0.66390795,test_dataset_5
4ad125c109e6465fb2524ead7a29130a,0.8452753,test_dataset_5
4bc8f8671a864a5888c72d4d04b54626,0.5026141,test_dataset_5
4c09a078bd1649b4ac0ef84b19cb69b2,0.6528407,test_dataset_5
4c33334a01104476bbcc93dde5be2ba8,0.1659042,test_dataset_5
4ccef0279add49ac8039917e8eb986ac,0.46580938,test_dataset_5
4cfea988b22e4f7593772c3380740fb5,0.75191116,test_dataset_5
4dd4f827ca4b4d5b8936c2b4dd47470f,0.59796506,test_dataset_5
4de48e15af1a4c709f2f3e5bc0d5e080,0.6687199,test_dataset_5
4e52ea7a64154068b80cc465f2d80e67,0.48022783,test_dataset_5
4e58b2071ee140dca5ea7931f28d129b,0.8327116,test_dataset_5
4eb99cc65f4444f9922b7aa14ba7edcb,0.46876994,test_dataset_5
4ed2cf3baade48409fde777e2a7b94cb,0.5985106,test_dataset_5
4fbb819e0c6940999ca4bc45efd55ae5,0.37062547,test_dataset_5
51483a7c523d4036aacf8532b5b00e65,0.66390795,test_dataset_5
5290dcb75afc417e93bc52878030bba2,0.37519896,test_dataset_5
52ff75b851cd433b83553b230e8c6e74,0.46876994,test_dataset_5
53625780e4be454a99b33a0793e36a7c,0.48022783,test_dataset_5
537fcbc27f7b4813b9630c61b186ff72,0.6990995,test_dataset_5
5397df72bb984b3581039eec6fcb511c,0.37519896,test_dataset_5
53af1458fb334e2b8882a7f07a9751bb,0.4816829,test_dataset_5
5521fa35f8c1454b9659a17202f062b1,0.062177263,test_dataset_5
5537faf47269444b89df28e3fcd0ec3e,0.6990995,test_dataset_5
553ecabe2a1142f1ac37f15a030c464f,0.46876994,test_dataset_5
5552f8400701495bb06a1a95e5148c9c,0.6534249,test_dataset_5
55eed0497fa4410eaf5e011659aee632,0.6420433,test_dataset_5
5622c74e85574072be23e21aa5b7bacc,0.28436178,test_dataset_5
566515f4d91b4d7abd0502f35629ec6b,0.3939516,test_dataset_5
56994030fff74e6a8bdd3376cdf10627,0.6420433,test_dataset_5
56b360a587d14abf833919c21d33868e,0.8682304,test_dataset_5
573415d01c20447bbc1274b625a173da,0.5714567,test_dataset_5
577a11e95c4249eab652a9a3805e4c85,0.6943774,test_dataset_5
5826057770ea418aaac23f95db3fe5c0,0.46876994,test_dataset_5
593331ca91d84ed5b42f37956b21e06e,0.66196424,test_dataset_5
5ac1b466e98e44f58199ad33963d6446,0.6528407,test_dataset_5
5aeef5fcae4b4955a2734b85e2ceb2a3,0.44721994,test_dataset_5
5b18b43de236481186d6cb3bdb8b30c5,0.6312298,test_dataset_5
5b3641eeb2c04d298d01617c88157504,0.22699578,test_dataset_5
5bfd180d9b3f4be2a29ff2c0e716398f,0.6990995,test_dataset_5
5c33132f16c443138d604aab4a9fb4a4,0.49690342,test_dataset_5
5c5394d4065742f9a92b2e28ef4598cf,0.35542256,test_dataset_5
5edaeefcc9b6462588f5a954f349ee12,0.6943774,test_dataset_5
5ff75c114c2c4af1ae072f5f93a09add,0.536969,test_dataset_5
60edfd7fb386434f923564cbaa6cf00c,0.3572177,test_dataset_5
629b418494fb4afb91167b10930edbc7,0.74072325,test_dataset_5
63289cc9df064517b67be9cc9419ce28,0.4559861,test_dataset_5
6331385171e849e2be77219d5406f062,0.8452753,test_dataset_5
6340203f4e914080b15f0e95fde1ab72,0.44925645,test_dataset_5
6443c0a5d22241809bf20a17f4ed7d2c,0.1659042,test_dataset_5
6458ece500584fbebc9394804ede77d5,0.6868918,test_dataset_5
64832491e97f422a96831ad30b3c541a,0.32260728,test_dataset_5
64c6877325d2466b84355b494000002e,0.1659042,test_dataset_5
6536745a492947f5abaa52ffc02a11e3,0.48022783,test_dataset_5
654ee65c22034143aa91197a785efe37,0.28436178,test_dataset_5
66121fbc7456470bbf62151be968e14e,0.6868918,test_dataset_5
6694ca7edc574148b8ac3124b9c3b725,0.46876994,test_dataset_5
67c38521cc1140d6babc5c9223d4e07e,0.44925645,test_dataset_5
6836155890b54081a7dd04028bd7d4f0,0.7691373,test_dataset_5
6969c16c5a644b7983298d0e6e0644d3,0.2772014,test_dataset_5
6a00100044cc470fa630bd5495e187f0,0.4816829,test_dataset_5
6a1ce9969dac46fdbcf169eddb1ece53,0.3196659,test_dataset_5
6ae04a2e9f094a8284ad4b7cc7f172d0,0.6135494,test_dataset_5
6be0cf03ff5a4de6ad4a6097b7c4aea1,0.43336713,test_dataset_5
6c3e2d452e8a44979c7bb6f944f4630e,0.46876994,test_dataset_5
6da51625acd44db590bf2e9888e4390e,0.46580938,test_dataset_5
6e0cde99d4e84ff2bdda6e9341e5963d,0.66196424,test_dataset_5
6e9c2344ddd7419fad55ee985c5bf711,0.6990995,test_dataset_5
6eb6d92ae3ef4a7f928a93a2b9f00ce9,0.46580938,test_dataset_5
6fd2771f0c80407894de31643c9cdac1,0.4816829,test_dataset_5
7023d1eed00142d2bcdc4f0cc888921e,0.1659042,test_dataset_5
708ca9a2f37d4c368fd8335e645c0ce2,0.66196424,test_dataset_5
70a80a4c97e24b51a3428ff711b61550,0.5026141,test_dataset_5
716a30d0655341dfa2b8c1fd87f73068,0.43515408,test_dataset_5
71855b08036f45e19d5ede2f142a7947,0.472505,test_dataset_5
720cb5f95b7f41ddb7f8546f571c12d7,0.2578416,test_dataset_5
7293eaab01114a7d9a0edfdddf916c6d,0.37062547,test_dataset_5
731713ae748e4ffca89157ce63fd07af,0.6868918,test_dataset_5
7322ba2da807431fbbb27f123570f9ee,0.32260728,test_dataset_5
73365555897b4602885f19a5290b676f,0.062177263,test_dataset_5
73da6c8a358749e0b58088f16a27fb5f,0.46876994,test_dataset_5
742334fa07734f95be0038008e2b3c5e,0.4816829,test_dataset_5
74a1d25f7bec4e67a3c3459ecc7dac12,0.74072325,test_dataset_5
74d21b36d1b34e38a852ed6395282537,0.46876994,test_dataset_5
7521f516fc544225b7785c012be2ce5b,0.5353196,test_dataset_5
7635d753deef4b5a8c44c44ae6ccadd0,0.46580938,test_dataset_5
76df8b948631432fb141633e7dce619e,0.4559861,test_dataset_5
77af7157ea8b42f98e813a4233a4daf3,0.5353196,test_dataset_5
78221408a52e4c6e9295a85067b175f5,0.6990995,test_dataset_5
783e839e0881473c891dbf2cd74bf3a0,0.6590693,test_dataset_5
786135328b3740b684653d3a0b8f6aed,0.2578416,test_dataset_5
786b6ea6758149d3b7a38f46ae738b91,0.37062547,test_dataset_5
7a271cf169364b98ba59fc2b7bb3bd6f,0.66196424,test_dataset_5
7abaa8f6e25e4662abdfaef7c2096c79,0.7691373,test_dataset_5
7b90c5025ea24681878a2e3eaddc130f,0.5714567,test_dataset_5
7c407b7e2d764c0cb64f19696513dc2f,0.6528407,test_dataset_5
7d333faccef742629726853a76fc9b74,0.37062547,test_dataset_5
8081d72ec7bb46c9afdf9e4cf312a070,0.6990995,test_dataset_5
815051f1d7af490497ebe330723deb91,0.46876994,test_dataset_5
828689567b744ccb878e942860141b2b,0.22699578,test_dataset_5
830eebe271104268844ed91755c45a32,0.22699578,test_dataset_5
83157699c4a54fef8fa08ea3e4a2a8a4,0.75191116,test_dataset_5
833e56e633874ac381b5e5d699ea47ae,0.5714567,test_dataset_5
83588ff0705b46de8934e087f9df4397,0.4816829,test_dataset_5
841967ee2dfc46dbbcdc2dd2542db307,0.5353196,test_dataset_5
8452ba25ce6d402191889262416c29ba,0.44721994,test_dataset_5
84cda979a1bd48a98ab1995684369030,0.3572177,test_dataset_5
854d51737dd543528f489d453a19a84c,0.6420433,test_dataset_5
85ae164d0794419bba8360bbff5eed40,0.3196659,test_dataset_5
8601914850894b7382f14b10eb92249b,0.3572177,test_dataset_5
884de7797bc0473cb6925ff5d6439ebc,0.5026141,test_dataset_5
890f528107ac482080d6b230f8793b7a,0.43336713,test_dataset_5
8a97f0829f24409c96d4e17e8497cc80,0.44925645,test_dataset_5
8b6c4a8acc5144239abf6a69b14e3211,0.6528407,test_dataset_5
8c668239b58249a083f168b2db7d0014,0.8452753,test_dataset_5
8cc7e9cd2a6a40848fba398876ba7910,0.6420433,test_dataset_5
8d1e55503d7c4676bbb1fe0b3c28baac,0.30600202,test_dataset_5
8d39269acd014afdac2991cd4292c063,0.2578416,test_dataset_5
8e20822eab2c47a18a9e580c53a6a7b5,0.6943774,test_dataset_5
91f00dc8423f43f4abe0edb134bd1b64,0.6528407,test_dataset_5
920852248f9e43eb9f96ba846468dc9f,0.14497979,test_dataset_5
926ff41b03194714a7733bdca9ef0e9c,0.6420433,test_dataset_5
9370f8e2ce444453a6259b97d0f9e974,0.59796506,test_dataset_5
96c30bea9dd842bca42ce843fe61596a,0.14497979,test_dataset_5
972903a7dec04b01a35ee7677ec76eeb,0.2772014,test_dataset_5
984bc446a4974febb5784c157fbf7be9,0.75191116,test_dataset_5
99ce029b9e0f4e5cb2fbc1db47781829,0.3878184,test_dataset_5
99dd86afc10f4b05a5684d1fef87eb55,0.74072325,test_dataset_5
9a22e2e35a7044d990abc3efc9e9b89f,0.2772014,test_dataset_5
9a9264756a77462bbf8de68dd2704ff5,0.7691373,test_dataset_5
9d4a0c9a4cfc4722a50212421d2924a4,0.4816829,test_dataset_5
9ecab8eb35ba4ec2853e884cf78dd12e,0.6528407,test_dataset_5
9f9228523ab243aa94564744425ccdc8,0.7691373,test_dataset_5
a0d70d7bf2974ec2928a9a1d092e05bc,0.7691373,test_dataset_5
a12b52bccc9b48879c7747cdf51fafa7,0.5714567,test_dataset_5
a1d7bf7b471946a5bc2b4ded2204fb6f,0.59796506,test_dataset_5
a1f5c710101b424c9d573e8902774949,0.3939516,test_dataset_5
a390cb31449e4ffaa3ac67c3165b0e8c,0.6420433,test_dataset_5
a3b1b2a175bc41329c33823cbbb6bb01,0.74072325,test_dataset_5
a493f9ba24094399ac0d687941ab323f,0.6868918,test_dataset_5
a58c8de907414aceb6f1f8edfd5934f9,0.1659042,test_dataset_5
a5b13be0a5134de2a0b7ae554a56d9eb,0.5714567,test_dataset_5
a6c9bdacfeb04a5484a7638b65447a45,0.6312298,test_dataset_5
a7dc67898c5a4bc0a96acc1eb686657f,0.66196424,test_dataset_5
a987036a83884ed9868f0fb716904b65,0.6590693,test_dataset_5
a9bcc0da0ddd4b99a57018dd49ce66c6,0.58483577,test_dataset_5
aa803295f0cc4b0084df1f5b9b674180,0.8452753,test_dataset_5
aa9c379eabb84d0fa367535fde03c43f,0.74072325,test_dataset_5
aab4145b3e2b4f91869c03fa820d2b0f,0.6990995,test_dataset_5
aabebd55f08d4e7794e8d10059bbc954,0.39742705,test_dataset_5
abc046d03057442cbdce0d2461399869,0.6943774,test_dataset_5
abd0d1a105eb41aca60a89a0ff4032af,0.39742705,test_dataset_5
abed3ddece5f419d81905335dab59859,0.2772014,test_dataset_5
ac311bd9cbd94c618a18dbe3eb10f22c,0.6534249,test_dataset_5
ac39679183614c39be9be1716240972d,0.4559861,test_dataset_5
aedf6a4c91334950a5e2e33db951396e,0.6528407,test_dataset_5
af99de11690b434096e3ebf0814d8d88,0.6943774,test_dataset_5
b0fa5193d50c4800bc3fb6ae8a71c5bb,0.2772014,test_dataset_5
b126c8b971c24131b7ce318029bf3359,0.22699578,test_dataset_5
b189135c0062409fa54736ca5348dffe,0.66390795,test_dataset_5
b3f4b3de51614609896902a1e6f1fb68,0.2772014,test_dataset_5
b4dbabd36c4149a0aae54deffc7367f0,0.32260728,test_dataset_5
b522e42294b045739abe4ec52ddd78cb,0.6990995,test_dataset_5
b5a3554977cb468eb38d42bd820db232,0.2578416,test_dataset_5
b65b5547963c4ec78b78e8618e621399,0.6528407,test_dataset_5
b6f4ca9a083d4a9997992ab220edaa71,0.14497979,test_dataset_5
b700c0fe11f2458fb1db77507a9432a2,0.062177263,test_dataset_5
b733c6150aab4b06ba3be85df1e93038,0.1659042,test_dataset_5
b83062621b2a4a1ebdfa0d1453d2f086,0.43515408,test_dataset_5
b8d092ebcbec45fb95e2616a00d29c8b,0.6528407,test_dataset_5
b8d66ba333a9429981d5c7a9f7c2a8b0,0.472505,test_dataset_5
b92096fcafae4299a0c5589505feec3f,0.4816829,test_dataset_5
b9271645a4ef44809c02670c80d906fd,0.46876994,test_dataset_5
b96070ca45e54b99ae55f3c366158cec,0.37062547,test_dataset_5
b9d50f50848d4602aaa18e403c54885a,0.536969,test_dataset_5
ba477479d5534748b92ab85174e3c6c2,0.22699578,test_dataset_5
bbad44e1ad114f60ad30f9ddfb4a43c3,0.3939516,test_dataset_5
bc5f381560fc47f0881370a67e0b0ea2,0.8682304,test_dataset_5
bca72d498713499d9005e044a0b0e448,0.6135494,test_dataset_5
bddecc9c5ca84b0a9b2e88ab520cd12a,0.59796506,test_dataset_5
be45ba746ee64fa0b035cb6d79b59271,0.28467265,test_dataset_5
bf994ad1304d45e386c5f0fbd79a8e91,0.58483577,test_dataset_5
c0f8cde0c41c497e80997322a19867ec,0.2578416,test_dataset_5
c118936e21bd4bb2ad0b3a231d6b1cc9,0.2772014,test_dataset_5
c1a49d9d980249878f78ad3f3343ebdd,0.2578416,test_dataset_5
c2d747b6ec674eecad5e9cb6f4718630,0.6528407,test_dataset_5
c2e9d8b5fbfb44cb80b070370111c583,0.1659042,test_dataset_5
c409c5c5f092493d8183a79f3c393ac0,0.75191116,test_dataset_5
c47498ef7867458c88b4e31802a02261,0.5026141,test_dataset_5
c55872c310d242dc8bdc800923128cd0,0.8327116,test_dataset_5
c614fe13ac6d46bfb1d9c85aa2065e38,0.32260728,test_dataset_5
c697065b4f1746b9866b952a0a4d4279,0.1659042,test_dataset_5
c6fbf590c0d542129521f23aadd1816b,0.43515408,test_dataset_5
c8e38704eb164c549f5c9cc53760082a,0.8682304,test_dataset_5
c8ecb64338c340949f550012dbf668b2,0.44925645,test_dataset_5
c9c12b66788542fe959d86e99e706a31,0.6943774,test_dataset_5
caddc8e36600427b95dc446fc29dafc8,0.062177263,test_dataset_5
caea373f263b434582c4c64021304556,0.6687199,test_dataset_5
cc07ea6b6fe743e8822a1c3f5bf78b98,0.32260728,test_dataset_5
cc55a6b140d147beba84266cda688fc2,0.8327116,test_dataset_5
ccdb19b15c2840ff9070caad6e909e6c,0.8452753,test_dataset_5
cd15957342cf492682877a332824c825,0.6990995,test_dataset_5
cd763bc4a23d4ffbb6b060cbd3b6ef8a,0.6990995,test_dataset_5
cdf726cf2b92440ea283b8b1c9f8a71a,0.14497979,test_dataset_5
cfd69c14344646e6afa63598b8f7bf5a,0.6420433,test_dataset_5
d06c21977c184dd89e151fca187cf382,0.6687199,test_dataset_5
d2e2787ae463498e853a46396bbf099a,0.3939516,test_dataset_5
d3754c7bc8cc46e1a0e8f6a5c5058450,0.8327116,test_dataset_5
d38257d601a74166b7274ad72d1dd755,0.46876994,test_dataset_5
d3a1dbddefe24b11b8f878ebee516950,0.66390795,test_dataset_5
d5358ae13677427fbab48af544f1533c,0.8452753,test_dataset_5
d69ed88bc1ac4c8ab036d6d2603f6791,0.2772014,test_dataset_5
d7ce5b3197cb4e48825ff30b84190625,0.44721994,test_dataset_5
d7d903d9f38141619b417476bfc5e7b7,0.3878184,test_dataset_5
d93e017673754e4bb3f84e883d264087,0.1659042,test_dataset_5
d964ab5585af4bd2b8cb8548d893e4c6,0.6420433,test_dataset_5
d9746681c4bd44cdbbcfcd3d91d3a377,0.66196424,test_dataset_5
da0115858044470c904d4de576788308,0.46580938,test_dataset_5
da697b73986b410d9d8c9668b4150c29,0.8452753,test_dataset_5
db23062f59bf480b8f4e87947cf327cb,0.5714567,test_dataset_5
dc857645c65a4759b8c9c5287676fef0,0.3616338,test_dataset_5
dd81a871f37e404ba22c23119cc93c02,0.46580938,test_dataset_5
ddfd1e8420fb4719918a7656a3df3b1b,0.37062547,test_dataset_5
de408291e174471198a3609ca629ec19,0.6534249,test_dataset_5
de8e6252f1954e5a89ae328725db907f,0.6990995,test_dataset_5
df7e89b5b2d847aa8aa84f058d787d08,0.66390795,test_dataset_5
e1c98f24900542d287fb64bd9a8c54be,0.6534249,test_dataset_5
e260480df1574a3b8eaa71a4ba7c6bd3,0.66390795,test_dataset_5
e28f08b139b244d5be3dee01e13f79cb,0.3572177,test_dataset_5
e2d9fc4dd9f247548f75a35888323f74,0.59796506,test_dataset_5
e3c40e4a91a84cebab66d7b5b3235a1b,0.2772014,test_dataset_5
e3da446f10bf49a093db933a61e26c2e,0.6528407,test_dataset_5
e3e5a3b3c8044447bb18ef50347eef39,0.74072325,test_dataset_5
e63262a5b1d24fdaaaaeddb2e994658e,0.43336713,test_dataset_5
e668a8d06dc240d3bfc0a7f12b0eda33,0.44925645,test_dataset_5
e716958d218941098c5ddf749bb79235,0.39742705,test_dataset_5
e73f09a45cad437880aafb6a0f1a6808,0.1659042,test_dataset_5
e75b552edd214951b37e3a0ee802d6e7,0.49690342,test_dataset_5
e7dde1ebf94f46dd8ff72311f37fee8a,0.46876994,test_dataset_5
e8ba07bdb8b34d8d938ee8d6380f8681,0.32260728,test_dataset_5
e926994dd08945e6a15e823555e42102,0.8452753,test_dataset_5
e94861fbc1f6404495b65eb7c4cbac1e,0.5714567,test_dataset_5
ea837328ea8942cbba4a6e8635f4df20,0.8682304,test_dataset_5
ea99957fd29c459996478f249fc5f872,0.1659042,test_dataset_5
eaa963aa4623485798a93873e16815da,0.6528407,test_dataset_5
eb170db28f1944d29b6ebc010819d2ed,0.4816829,test_dataset_5
eb6e7bb8df89405cb6a3a1368d9a9535,0.4816829,test_dataset_5
ec7c0161f9c8478e89664a8cbc51c836,0.35542256,test_dataset_5
eccfbbf8c4784d009fd5a7f90df3046f,0.6420433,test_dataset_5
ece248f95ea74027a54a07712c1fe1e9,0.632263,test_dataset_5
ed36410325834c20ad64e3aa0ff81746,0.6943774,test_dataset_5
edceab2928cd478e98a3fbd2a353bf4e,0.14497979,test_dataset_5
ee58a476f6314dd4b4545deb8c66b2de,0.6943774,test_dataset_5
ee672ba137344c8da071e5e7b3e90fcd,0.3939516,test_dataset_5
ee8423e740e649afa74dcea488240e5b,0.6528407,test_dataset_5
f039955a59784c7885ddeb39bfe361c1,0.7691373,test_dataset_5
f07641aa5f2c493388f9e95382767961,0.46876994,test_dataset_5
f0ae687e617d4ebf8022d45620f94c33,0.66390795,test_dataset_5
f0fedc0655444f3391960d3ae2cc8599,0.37519896,test_dataset_5
f1452fbd7a0a42fbae3bd1ac6df052e3,0.59796506,test_dataset_5
f1700b5baee843faaeaf5e4e3671144e,0.46876994,test_dataset_5
f21205c9e76e4f258624c2e85f319af5,0.6868918,test_dataset_5
f2873f8b05fb4b04ba434af96637b7ff,0.062177263,test_dataset_5
f3beb22830794e77804574703d6b1dc8,0.8452753,test_dataset_5
f56fcb7c06974eff9a687ca550c325f7,0.43336713,test_dataset_5
f5c9b13b07204a0c9e26d2899f0a62bf,0.74072325,test_dataset_5
f5e30ec909be48898330a16a7b23a302,0.4559861,test_dataset_5
f5f8857924244ec7b61949fd39dd12bd,0.472505,test_dataset_5
f622a7c9b683482d829acf26be168be6,0.46580938,test_dataset_5
f6f27b7a4572467b84fcad06f1b7b2ea,0.1659042,test_dataset_5
f83703536ff04cb4a9b85f1fbb5c60c6,0.30600202,test_dataset_5
f8cf5c3dec8e4c09abbfb75e9d801efa,0.2578416,test_dataset_5
f925603780954890ac001566846a05a6,0.5026141,test_dataset_5
fabfbcf8bd494ed8be958c67e56da913,0.4816829,test_dataset_5
fad22d756821444f9d8c382e6b929ac2,0.062177263,test_dataset_5
fb112d3f9d7e4f8e8441b30ee2e25074,0.4816829,test_dataset_5
fb88fb2d179c450393fd94a475622e5e,0.28467265,test_dataset_5
fcb65ef7a61549bb884ff01e3906ef44,0.14497979,test_dataset_5
fcb810bbdcc242c486da354254b289c2,0.5026141,test_dataset_5
fd760989b62e4b06935e7e5db2d42753,0.2772014,test_dataset_5
fdbf78bfeadc4bdc8608ce8c75b65413,0.3572177,test_dataset_5
fe229b3f53d340ec93353a98874e835f,0.6943774,test_dataset_5
fefb59ccfcd84474b5021d2c769158c8,0.5026141,test_dataset_5
ff45261652874033969e402eadc6601e,0.6868918,test_dataset_5
ff9998d39196498f87168ea767e2517e,0.14497979,test_dataset_5
ffad023d701c47f2a8527fedfcc05d05,0.6832931,test_dataset_5
ffaedbdbfba14977afcd37379834812c,0.32260728,test_dataset_5
2865b7df3a714706a608c12ee81e6fbe,0.66196424,train_dataset_5
525baf780abc408e9622f654898dfb62,0.6534249,train_dataset_5
bf62b7bd7dab4c36b01cca679ce5491a,0.44925645,train_dataset_5
32484315be40406f85ccc6c9a1d7f334,0.37062547,train_dataset_5
d930330db73447e3ae547e86e4031a62,0.46876994,train_dataset_5
ffc04e8be9424ce7bfcf1ef367fee9e1,0.44721994,train_dataset_5
491f96ea19ca4a63a37100da03d0d9c2,0.28467265,train_dataset_5
4df40f98f55f49278d90aa4522224958,0.6687199,train_dataset_5
288c1bfca76b433cadff41642627dd8b,0.062177263,train_dataset_5
87e0620da89f48258d36285e948671fa,0.22699578,train_dataset_5
af00290590b24e979f123d72b11cb9e5,0.39742705,train_dataset_5
8a7fb29c8cdc4fb6891766327058c8af,0.6832931,train_dataset_5
3eb2ee8bffc141c9b53ab679f4b9be91,0.6528407,train_dataset_5
ec04ce32aadc4ac1b5e2a1cd34b57651,0.59796506,train_dataset_5
7e90d675ca14435bbe5823d915321ddd,0.35542256,train_dataset_5
02b3d6e6c395487eb44c2f7241afbbde,0.2772014,train_dataset_5
1ff90ebac1694bbcb396b2c41f77870e,0.49690342,train_dataset_5
82f7c15ae887497d932d1943c093ca80,0.3114792,train_dataset_5
e702a9db5d854a56aa040233417baf65,0.6943774,train_dataset_5
40a347bd2d9845e3b070c9c0e7756947,0.1659042,train_dataset_5
79995a5f5bd14f42b8dd188af52ddf26,0.2578416,train_dataset_5
8bbe3172ef804f238f1ba92a4e74eb74,0.75191116,train_dataset_5
18246d31714a4005b37de16ed51a2ccd,0.6135494,train_dataset_5
cb60ac4e70a94930b406dd81a1eaf8ed,0.6534249,train_dataset_5
165429902bfb4de8a65e45957da41055,0.5026141,train_dataset_5
9a364ac380bb4342bee16325264e84bb,0.22699578,train_dataset_5
c9b2dc1d7d3342a080085328213af170,0.062177263,train_dataset_5
70c8e7c2858c4def8182842be6e97f2a,0.472505,train_dataset_5
edcac3ac5cf6496b9a4a03d59d7a086d,0.44925645,train_dataset_5
4605786f095b445a92a06b8372066024,0.28436178,train_dataset_5
eae7c3a917424e77b3ac315d08896f6d,0.4816829,train_dataset_5
92945e79782743ee95b646182377264f,0.3572177,train_dataset_5
071e9d73174144b0b17f794ae49bb193,0.1659042,train_dataset_5
1a464731c8464043851e57bf2cc0913d,0.5714567,train_dataset_5
5aa27352ee434c8ba88858e45cb08889,0.6943774,train_dataset_5
6c02e465f36843899086bb4574ccef42,0.6943774,train_dataset_5
05dbfadd201f426e98d70a1934ea2087,0.2578416,train_dataset_5
91b35762b76f4f97983732f9fab111cd,0.6312298,train_dataset_5
3eebdb463fef43bfa365f9c4fe0b2f41,0.66196424,train_dataset_5
30da1d3717934baea6ae45c5676b50bd,0.2772014,train_dataset_5
d7236e55b288453ba4972638fe2b7419,0.6990995,train_dataset_5
7c4be496491a4632a8895bfb92793cd5,0.2772014,train_dataset_5
548c919b1b754b2f8f0e58a0987c0c06,0.1659042,train_dataset_5
53e6fd28968047768a8ae08da149e12f,0.2772014,train_dataset_5
b451a6598113470c880ed637e8515f30,0.6528407,train_dataset_5
a5c314461e4a44d7841d0aceed890981,0.6687199,train_dataset_5
ff388014b94e49ca81245a2dd790f2f3,0.3939516,train_dataset_5
55302e03a30f4b508bbd233f597db588,0.22699578,train_dataset_5
1308a67759144630b589a5948cbce114,0.56505734,train_dataset_5
d8057b5a5eb444a49ec794a47186e32c,0.8327116,train_dataset_5
3b2e10d4b05845c6a965fe47d19ffd25,0.7691373,train_dataset_5
521b0a99c1ef44b8b700444ec7538081,0.43515408,train_dataset_5
80bb3ded59ff4ca791e5b63437890c1e,0.6868918,train_dataset_5
a56bb11e47f64f9cbfaabf4939cce112,0.6687199,train_dataset_5
b87d53809ac24993a4715babd4b287b4,0.5353196,train_dataset_5
776a2dd6c45f4b04b7928d937244cf69,0.6868918,train_dataset_5
60cbe18b789741e28349ef54bc26830f,0.74072325,train_dataset_5
96122aa85f104fbc9fb8fe20e6ee922f,0.46876994,train_dataset_5
a2ab50270fc9496bbd9b811b43ff12d0,0.3939516,train_dataset_5
a2841179a83c4c75a0a0a6e32cb99ff3,0.4816829,train_dataset_5
abc70b6aed8840fe85a6470f704ca605,0.3229313,train_dataset_5
1215b09a3d4446a5890bb2c3e3dec9a6,0.3878184,train_dataset_5
596e921af2644a79b141f5eb56c3152a,0.5026141,train_dataset_5
206e1229befb43c6ab1003bf885bdff7,0.46876994,train_dataset_5
d75062c5254044a7a5b774e2b88ef3ed,0.1659042,train_dataset_5
00eadef661b04219945c85406115d6a5,0.66196424,train_dataset_5
28bd02dcad1044d8964d15e4c57024a4,0.43336713,train_dataset_5
64a1841b3e33470b92c5b77c4302c77a,0.66390795,train_dataset_5
c291f5fcb83041ed82665dfc5b9d961e,0.2772014,train_dataset_5
3c7e773850114a8ca4d6c2d3d16eb305,0.56505734,train_dataset_5
f4a1a1c489ab4bdb9c992fdefd79462a,0.43515408,train_dataset_5
ec56b473285e430590a74f1eb9d601f1,0.46876994,train_dataset_5
b978dcb2d02b4d49a1a43fb6b0524748,0.6420433,train_dataset_5
6386c8d19bdb48c88aa0d06d0258e4fe,0.8327116,train_dataset_5
aae6e57bcc634a788f9397dda922fc0b,0.8452753,train_dataset_5
3bce21dcdc5542adb6316706bdb70332,0.66390795,train_dataset_5
4b5785ee97964fbb88c172fc855c8fe9,0.062177263,train_dataset_5
5c8c25eaea754f2ca42e6a38166869a8,0.2772014,train_dataset_5
cfe9ecccc1cc42f0a05ccab572f96af9,0.5026141,train_dataset_5
940927ebfae343ea89fe54c6ae3ba8b7,0.5026141,train_dataset_5
451323a040924752bf2738b193552446,0.4816829,train_dataset_5
55ec2a7abcd04f348433fc0e496e9b01,0.1659042,train_dataset_5
de093ac9ab774b7b97c841fcd9efc1f2,0.4559861,train_dataset_5
ba67a5a7c5fd459981b234b2b232c5d6,0.6687199,train_dataset_5
c1abfbfab05a483e8908f78c91a30722,0.3572177,train_dataset_5
865abd6ba13a497c84f50a0efc574df3,0.6687199,train_dataset_5
66a3a753d79745119289eec52525451c,0.14497979,train_dataset_5
78a7946cfc674e5681d66586574e479c,0.5353196,train_dataset_5
83d86b8800de470785f43ef3e3c1ec0a,0.46876994,train_dataset_5
ef522ca89e6247a78100ffd355333ea7,0.5026141,train_dataset_5
82b22cf4418746a5be223b5c8d1398f1,0.4816829,train_dataset_5
9a92003d2cae45e1a7deb0af45231aa3,0.6420433,train_dataset_5
aa181c84090b42e49230dcc7375e1823,0.7691373,train_dataset_5
b92a01d4d9b5486eb50703d96ebdd0a8,0.46580938,train_dataset_5
519e2e83820145089cc7586572b048c6,0.7691373,train_dataset_5
1be462fad4ff44919b78578dd64b2b47,0.37519896,train_dataset_5
94c0d96dbf7c4fa3923924818aaa6a88,0.8452753,train_dataset_5
c787c4e6015241348864d8c71b221b0b,0.8682304,train_dataset_5
4d48e6449ee6415c8d4ae8c672387246,0.66196424,train_dataset_5
b7d7262228d64236b76081c5b2a85aa4,0.6990995,train_dataset_5
668ebeb0cf7746c2a1ad292aa448bf5c,0.43515408,train_dataset_5
894092742a044f5c9ecc54bfc11f56ef,0.5985106,train_dataset_5
a72aecfc886649ddb39380d9d4c89047,0.43515408,train_dataset_5
fbe0fcafd2234c6fa4599ad3c8296261,0.6590693,train_dataset_5
625e672b54a3492982719eebc040c6a2,0.37062547,train_dataset_5
799c04dca76c41b99fbe9c263475150a,0.28436178,train_dataset_5
c8a7335fd0454f92a4d35988fb063898,0.28436178,train_dataset_5
ba00cf91bf8a44d9bbfb28afd5efbc45,0.3196659,train_dataset_5
e13600af12c941c689678c931d42f43f,0.44420487,train_dataset_5
c134fb44c3bc444aba30e8835324ee3b,0.4816829,train_dataset_5
3493925edcd641b0b4a6a67b0f9ba194,0.2578416,train_dataset_5
ca6c318e5a0c4910b76b29b2ac5a36be,0.1659042,train_dataset_5
6e6e3831f6924d3fa0b2ff3bf874310b,0.3572177,train_dataset_5
3636086abe9144398de67384777c162d,0.6832931,train_dataset_5
91299015654e4307960f6a047c6c5716,0.6943774,train_dataset_5
43a2e68c372646e2a79b84115a353ac7,0.2578416,train_dataset_5
928cc29532a044fcad9c4062135f30fd,0.58483577,train_dataset_5
df826975c8d441f5aabf7ab66aa27fe7,0.66390795,train_dataset_5
56e41a9fa90d4a5bbbfb25b69e5d42f9,0.1659042,train_dataset_5
80f28ab5aa86416ea8cb9bb6ddf8f42a,0.1659042,train_dataset_5
d54f0f839c3847aebecbce30a4d46980,0.6868918,train_dataset_5
97239b05092d43fcac845ee7bffecdbd,0.59796506,train_dataset_5
2d321135537c43d7ba77e2476647e843,0.30600202,train_dataset_5
dcd81ecfa9574d83a794cd37a1dc3bae,0.5714567,train_dataset_5
43080b917a324e02baebcf64e0a4f5b3,0.062177263,train_dataset_5
65f5760fa81748f19550716a2f88dbaf,0.3939516,train_dataset_5
12808c6c4de844f4b66f4f4979c5010b,0.46876994,train_dataset_5
f7d7b0160e1344dbb9e1c56046e02c25,0.22699578,train_dataset_5
b9b8465b23744ca3b16a86e611e0e1af,0.4559861,train_dataset_5
d2caa9b113c841b892f22700341ecd78,0.5985106,train_dataset_5
704ba9988db04b21a56f050a62d3a63e,0.2578416,train_dataset_5
6c378ddc703b4558a00561442eef5bed,0.8327116,train_dataset_5
16c77692b26b4e9995292562077e1e51,0.5353196,train_dataset_5
0de4c47549f945c38ea7c21b7251d660,0.5026141,train_dataset_5
49b3e1325151486b85b6db09ca87d486,0.4816829,train_dataset_5
d6cbefa9c81e489dadd2d6528bd3f0a0,0.56505734,train_dataset_5
54084aaa20434aebbc854893ba586ed2,0.8682304,train_dataset_5
1b8e8bba335d423a9b0a2f09516496c0,0.14497979,train_dataset_5
10c62cbf7fe54dc08308be272ae0dd69,0.56505734,train_dataset_5
0bbaa90eef324f7a91914e80f5fafc65,0.75191116,train_dataset_5
7ceb9556e21f4798a9ca706ff138c293,0.3196659,train_dataset_5
813a1de0444b48689f597de417bfceec,0.6943774,train_dataset_5
3f8a1efb04f54eb98db36740c9f36a11,0.6943774,train_dataset_5
e029bad606e24a3f802e7f55ebb50715,0.43515408,train_dataset_5
941e100f9545456f932e881a415e326a,0.46876994,train_dataset_5
94a5ab2348dd4e4c8f8ce047d1a6fd70,0.37519896,train_dataset_5
8f2b21cd4688480180aa42eaf17289d5,0.25996837,train_dataset_5
aa3eeab1455d4ac49187535073dbb14c,0.44925645,train_dataset_5
8c67de495fc244dfbbe912903ff0a7de,0.46580938,train_dataset_5
e235142f4bb54db4a7835a537efdaf1e,0.8327116,train_dataset_5
8c8333ea2aac442781fb2bfecd8f85a2,0.6135494,train_dataset_5
11fe32c166eb48a0bd22232b6f7f9c04,0.5026141,train_dataset_5
3d2f244dfc5540d4bc0cbe301f47b405,0.37519896,train_dataset_5
de7974d7c1044e6988ffde095a88c8e7,0.6943774,train_dataset_5
9d488bc928d846f4b90f8d17d272ae98,0.4559861,train_dataset_5
2d396ba3bf624d8dbc4d8e9f379ac4da,0.59796506,train_dataset_5
2a9ba9925e05477c8e17d96b6d4f0296,0.6590693,train_dataset_5
e47bbcc2c2b444c49fc06fcca6a63cfb,0.632263,train_dataset_5
62b3aa2a50f64a5da1c4b803db89025c,0.32260728,train_dataset_5
f2768d370bf14194bcc1ca5826360c4b,0.30600202,train_dataset_5
dc60ccc9f9df4bbe9380abb95acbcbf0,0.8682304,train_dataset_5
e42cff1d5ffa4c8d90c2fcb029bf3ae7,0.6990995,train_dataset_5
e9bd8670f72d49669c39712d15f48028,0.6943774,train_dataset_5
2d6a2d1c2d2b402e93b9f3b9de29e2c2,0.43336713,train_dataset_5
b2719317e18d4f219cfbdec4df06e208,0.48022783,train_dataset_5
99e400e024824b2abcd00be1ce91e186,0.536969,train_dataset_5
d44ae3aa7b1541128be8d69e59cbb612,0.7691373,train_dataset_5
cb093d454bcc45b78494c2ac8937b422,0.6528407,train_dataset_5
a52b3fb63ca541b39b08d4cc1d7d5cf5,0.6528407,train_dataset_5
25ad70f829d849839bec0715edd534ed,0.2578416,train_dataset_5
c22d9d7d49d84e1f9d2f6cdc5ad738fb,0.6868918,train_dataset_5
e1b9321faaba4633a5efe969e5a526df,0.43336713,train_dataset_5
edcce17cfaf94989ad6bbae4d8672de0,0.6528407,train_dataset_5
82cb3059c70f44beb3108f858df1419f,0.3939516,train_dataset_5
e9603d47c7054f8e92ea064b43ec39b7,0.14497979,train_dataset_5
4ccc94ee8d3941289f5f5fc9c8492321,0.14497979,train_dataset_5
8be1bb2014cf4ef88c8a579a07e0920a,0.32260728,train_dataset_5
160b89563c9a4f3a89810cec15ae44fd,0.6312298,train_dataset_5
1b66b9da76ea4e89860400ee24c8c03d,0.8682304,train_dataset_5
002abc1b21c64833aae8c8f08751377e,0.74072325,train_dataset_5
2589c1d017a243f0a2584dd4d06b36d7,0.30600202,train_dataset_5
c3641096848b49d6b1933d8d6f449bec,0.8327116,train_dataset_5
27902d88e4ae4df48465888785e241b3,0.3939516,train_dataset_5
6dea0e75e23741249eac6b3c717bdd4e,0.3196659,train_dataset_5
b1d3cd425efe457985b5068fee99ba94,0.472505,train_dataset_5
d127201a37d0429dba11bd50eeb924a0,0.5985106,train_dataset_5
b81f4733ceae4a54b02f243fa5614735,0.5353196,train_dataset_5
a34c1809fb25435699e8d0cc1855e511,0.28436178,train_dataset_5
ffc858c2db77441eb60439293ab22fdc,0.6990995,train_dataset_5
3a6842dc27a0450bba7dc3ae96e87bdd,0.3878184,train_dataset_5
6456a75e7a834b53b5deb0cbbdac79df,0.4816829,train_dataset_5
8f2c09ada3194df482fcebc260efc6ee,0.46580938,train_dataset_5
ca5d16ce15744d5ea3c1cbb6665c623b,0.48022783,train_dataset_5
33a8bde361df489e8c67cce811976ff4,0.6832931,train_dataset_5
30e5027a33234958b7b2b9e028eab213,0.8452753,train_dataset_5
55edd839bed44a4e9163fcdd3e8c4129,0.6687199,train_dataset_5
8371a73b60c2457f92e38c8a0201c2cb,0.14497979,train_dataset_5
910afd8fcce842f9aed3fdd12ca0f349,0.472505,train_dataset_5
ddb5dbdaa4cd4559baed9103de82896c,0.46580938,train_dataset_5
aed2362e15184153858674cbc8bdc8f1,0.39742705,train_dataset_5
0bd5e3adf92c45bfba25dc5fc32e6b13,0.6990995,train_dataset_5
7a6d056e6a2a41519f62f4dc68a1b9ad,0.6534249,train_dataset_5
0edfb603f5364e4ab5b406f6573ce8a0,0.37062547,train_dataset_5
4907061d7f7a4a92ab546b9a9e7af9df,0.062177263,train_dataset_5
bfabd6d222be4ce599472cb69f115946,0.5353196,train_dataset_5
833dbb79bf8a49b0a2863b64c7177976,0.3939516,train_dataset_5
9fcd186442b34f71821252bc5fca58ef,0.43515408,train_dataset_5
b4bbbe1cd6944f8f87495347bb9b86db,0.7691373,train_dataset_5
89a9b9bd27554a988eb46e1a2999cd3b,0.37519896,train_dataset_5
e20b1644fe4a43eb88c89e8f266f2a6a,0.56505734,train_dataset_5
fc2cfb037af246b795a8849d88ead5c2,0.37519896,train_dataset_5
f8db5578ec0d4986bb5e4b76e33b2730,0.6590693,train_dataset_5
38237d13d8f24a818941225973775bfc,0.44925645,train_dataset_5
bb9df0b4f23c4e29aa788c4a2bf37602,0.43336713,train_dataset_5
74784d717cfe4023bab60056eba900e4,0.8682304,train_dataset_5
ee48cb2b2c464c4a8bd563ceaa27ac75,0.6990995,train_dataset_5
8d145256eca04d5d9ca124be019b4b2c,0.6528407,train_dataset_5
db010007854a4351b06ee3afbc54b54b,0.8327116,train_dataset_5
6616b7139bdf456d9a0264e1865714f8,0.4816829,train_dataset_5
706237c456734da8894df886be839d87,0.3229313,train_dataset_5
3bf091ef1a2c40299cd5cf331a1bc309,0.6943774,train_dataset_5
abd71fa503b44bf98cf959185874324c,0.7691373,train_dataset_5
f8a838a9fc56437b85f54f31e8de88f9,0.6534249,train_dataset_5
81842383cc2f45a28a136c1415920c38,0.4816829,train_dataset_5
10413736680445d0bb33dbe278e41638,0.14497979,train_dataset_5
c8febcb46be24230a00193175bf0307d,0.46580938,train_dataset_5
db948726a1fa42e0bff244c4425a78db,0.3229313,train_dataset_5
e394bce2b3314415855316297480fee3,0.8682304,train_dataset_5
eb616b5394c04d0eb3f0c2383fd7bca7,0.44925645,train_dataset_5
44d57fa05d084af882f0487c461f0d34,0.37519896,train_dataset_5
a6f81aa705394cddb8075b5c59d22d4b,0.8452753,train_dataset_5
3c6301e986ad4be0939c11838d50b0e1,0.46876994,train_dataset_5
2ac2bb49ec914f249f03f6dcf173a812,0.2578416,train_dataset_5
771d163d58cd483ba70121d2d210455c,0.39742705,train_dataset_5
580512fdc7044720bd35d80ee2a9af11,0.58483577,train_dataset_5
a03b4aa25ade449093e34b10614f2c61,0.3616338,train_dataset_5
148e272178bd46a19ea4f92d1a7dc401,0.75191116,train_dataset_5
b59e66a8f08d4f4f876321da75d5309a,0.8452753,train_dataset_5
edadb1ce77c0478e8bc476173ea4d882,0.2772014,train_dataset_5
c5aa56f5a71842d3a1049a2d68308835,0.7691373,train_dataset_5
da4b5c1fbfe64ef59beea64a322fa260,0.14497979,train_dataset_5
ea44874ad4d34bccb02e62208e206ada,0.6590693,train_dataset_5
5bb15a4434e84899bcb3a9188f3c3bed,0.3114792,train_dataset_5
cfeca97cfb7c47ec9958b63c7a6d4483,0.14497979,train_dataset_5
81e54908aecd452e986b9a1646e55698,0.59796506,train_dataset_5
d37a7e9f66274ea39e0d694d6a434c2b,0.35542256,train_dataset_5
ceefd138cd1d44078bd6093edaf55db5,0.32260728,train_dataset_5
c7932dadb1694b16a1171272e28efdcd,0.472505,train_dataset_5
6be1715e7e984de382fa36d8453fb714,0.75191116,train_dataset_5
9f5812ceae9f49588e70d883f4d4782e,0.4816829,train_dataset_5
d0f9830877404e8886207e648908f2c5,0.74072325,train_dataset_5
62fc405d33af4a66ac693cde221ca2a5,0.6528407,train_dataset_5
afc82fc8ee3c465ca2a977f4b7afd0f0,0.1659042,train_dataset_5
e2177717b6394c83803f0c663515dfa6,0.3878184,train_dataset_5
709f653c0d5e460286089c45b7d5bde6,0.2772014,train_dataset_5
5bf221aad1154cb0b4f9b375cf38b6e0,0.5026141,train_dataset_5
edb45fe6be864143a31af57d47589787,0.46580938,train_dataset_5
78ee0848f0a34202a234aa8fb18fb2a2,0.6943774,train_dataset_5
524879afc1b24996bb402412a6658268,0.4816829,train_dataset_5
2e6a696d5c2948e8b942e36838d8977f,0.8327116,train_dataset_5
02c82bac41bb48c086239fe1172dfe94,0.2578416,train_dataset_5
36da11c3c5e14d0886d9d4fff292d223,0.1659042,train_dataset_5
d1b427c794a04357adcc13f99ad433d5,0.43515408,train_dataset_5
ea82d60f730d4bacbee35542c9e9400c,0.062177263,train_dataset_5
d20edbfa82874de69e9e97f6a270d9fa,0.1659042,train_dataset_5
9a424655f5464308be4a5d4645ad96e6,0.6420433,train_dataset_5
89e93ae31e9943fb8d56a3f0ebc74b7f,0.66196424,train_dataset_5
c7a3e094c60643d0823b7c80c6152ff9,0.30600202,train_dataset_5
dadbae5403b44aa983793cce8c3057f3,0.2578416,train_dataset_5
654f715e97f24e42bfdb5961a03d8f28,0.2772014,train_dataset_5
a3705f651c23409ebf1f00145bec9008,0.43336713,train_dataset_5
719f92e46cdb4ad1aee44676dfa54f1f,0.14497979,train_dataset_5
eeedb44676264207923624b6c670433b,0.25996837,train_dataset_5
2f5dd3d78f9147779879c5c6ea510bc2,0.6832931,train_dataset_5
781ba17782f2442a80fc0f43485c55e4,0.37062547,train_dataset_5
aa6f05e2b7094648b9698660cf33037d,0.6528407,train_dataset_5
4af2b1d87b56402d82489b17dc6e8dde,0.66390795,train_dataset_5
434bb2387c94419589123b72befdbe22,0.49690342,train_dataset_5
5299c9758a90435f90fbbbb28f437e6d,0.4816829,train_dataset_5
4addb647f5f846b1b3d743026276b982,0.46876994,train_dataset_5
d382c000f1d54bdfaea7d08dcb9eabd0,0.3616338,train_dataset_5
030a12efb9384c1b82eecbfb83483ccb,0.6420433,train_dataset_5
8187a97519eb4e94be8d863e288da413,0.6590693,train_dataset_5
f11cca0b787648f6b7164e8dfcb821b7,0.062177263,train_dataset_5
f6fd7bb27e2d456eaf4190322d9cbf38,0.3572177,train_dataset_5
0c7e10c1e72b4a3ca793495ed4741cc4,0.3878184,train_dataset_5
cdaae1ff95b249588a4ded26a93f4a5c,0.28467265,train_dataset_5
9da2cd483208439eb57023ffdbb5587b,0.22699578,train_dataset_5
dbf529b0756e490595cc11f4859801ec,0.43515408,train_dataset_5
e1561344cbdd4e419410b5dbd94a8ff4,0.46580938,train_dataset_5
6dd8130f774e44968194587eaaf8ce00,0.74072325,train_dataset_5
fa8083b5c3cb48f5a1f04dc2653619ab,0.5714567,train_dataset_5
fdc06cbf3ad44b4eb719795432659d7e,0.5026141,train_dataset_5
1330f46e8b614db18dcaff1841346d3e,0.37062547,train_dataset_5
12b58ab2b98944ddaafb77cdbf2b9176,0.35542256,train_dataset_5
e76d200cff4b42faa70d21bc41b0373c,0.1659042,train_dataset_5
2efda68280e349128a03e1a6a1f2fbe1,0.6943774,train_dataset_5
917662d0d4e74a1bb4fc02330f9d4454,0.5985106,train_dataset_5
24716cae12c54918be253a65ce963048,0.6687199,train_dataset_5
e19ab4290e544429a2b55d461c2f7485,0.472505,train_dataset_5
350f1d9e564c4fd8a0eba150b7a17961,0.8682304,train_dataset_5
0966c94ee2a24dbaaa0e8ed710996bdc,0.472505,train_dataset_5
10689db8b4ca495395c626029f034fcb,0.46876994,train_dataset_5
246573b78634454c945f7b8ff8d08f33,0.8452753,train_dataset_5
e6b68bb85f20449eacb4b96b0dd4452c,0.75191116,train_dataset_5
65d90a201b89478fa9f1b94ef8936297,0.58483577,train_dataset_5
07d1a2834d2941048891d03f8f6292b9,0.59796506,train_dataset_5
7a28fa0882c54d7798bc9e90520e32ab,0.4816829,train_dataset_5
75b92523b7aa433e930f1a0018d69152,0.6534249,train_dataset_5
ca2c11f01f68474c9efbb39a338f5a98,0.536969,train_dataset_5
af70d432ac844297b83c10a6430955fa,0.8327116,train_dataset_5
bf29f5d8dbd042d8bc264b29e0ceb94e,0.3114792,train_dataset_5
fa4d49d01b214237a9d8a2f3fa20ecc5,0.6832931,train_dataset_5
a929b3c9174740c4bcea81e258806f34,0.46876994,train_dataset_5
e08f19eec72443c5b74ee2492f9179c8,0.44925645,train_dataset_5
f1cc40ea8016443ab078cab5a3b7bb2c,0.6590693,train_dataset_5
52ddd02768b34f899db14cb2aff6eafe,0.3878184,train_dataset_5
60f81aefee1f40f1b49a9048c1c66933,0.6990995,train_dataset_5
93b9dcdc342f40a29feb9800b849706b,0.6528407,train_dataset_5
f26cb2a594444a55b97ce9d2722ccae4,0.6943774,train_dataset_5
6b7020cbfff54137a09a4339e2cdde3e,0.4816829,train_dataset_5
8ddbb723f1ec422aa9e0a24fee4ac69a,0.2772014,train_dataset_5
75495067dfce40898c2ea4f8f24a9764,0.46580938,train_dataset_5
ecb09a5e3e3845d1bbec3c6759228f2d,0.44925645,train_dataset_5
977da119b0564f988a7bea97a8c2d867,0.472505,train_dataset_5
824aa8a7cfbf422196f7bace13460287,0.46876994,train_dataset_5
6c0125b6e48a4bd6bdf99f7768eb67e6,0.5714567,train_dataset_5
17069721e6f14913a50922c48eae9229,0.44925645,train_dataset_5
5267741785b64edd8448ed07a23cce41,0.22699578,train_dataset_5
7063b3e936744810a6512bf1d051cf01,0.5782272,train_dataset_5
dcd0e6e83cc94fd5bab3d7bff100054f,0.75191116,train_dataset_5
66006ddee1eb4b26a918d7edc94b41a1,0.44925645,train_dataset_5
023cedda15944867838da5e89630d403,0.3616338,train_dataset_5
1bb2fff7a27d40ef97dce66e860a0694,0.6868918,train_dataset_5
28411b2c31554aab8d6844016f95ae17,0.4559861,train_dataset_5
73b1691f2874429dbd11d6e4d6cddbc5,0.062177263,train_dataset_5
4cbed33352314902bc524e5369a9ae36,0.062177263,train_dataset_5
b554c2e97ebf42d19186993a3eaa0cc3,0.062177263,train_dataset_5
7d8cb4a3bbbe4d77a890bde8287ce4f1,0.43515408,train_dataset_5
d68abc1970ab4f38bd2a74ed9277ca0b,0.1659042,train_dataset_5
33f39fa0b22c490a9635e8187224e71f,0.062177263,train_dataset_5
eb842923a2794d0e94c5ad9cb63607fe,0.8452753,train_dataset_5
1f518b6c2a604f2cafd1181d0898fb7d,0.4816829,train_dataset_5
dc790bbadde94e3383df6cf65db6d0e4,0.8682304,train_dataset_5
e458df3191d245208a064d948036e4e4,0.28436178,train_dataset_5
9683caf39fb74da6955474ac4887fbdc,0.66390795,train_dataset_5
46c10f489dc74a18850e9b368507bc7c,0.5026141,train_dataset_5
dcd08b4230c449a8bacec04b014b29af,0.66196424,train_dataset_5
8c6eb3a0163c48afb8c49d47c11000b5,0.1659042,train_dataset_5
9d38a4c4059b4bf98dc1fa4baeef3d43,0.8327116,train_dataset_5
3475c0f43f43459b8f427b46364bbeef,0.5714567,train_dataset_5
a6a3321e74f84e3cbfdaca44a3971d6e,0.30600202,train_dataset_5
b69db70f6f0d45df82a6c4cc5cc8127a,0.8682304,train_dataset_5
b300b86b0b524731bfb943b4e9bb735e,0.59796506,train_dataset_5
1e117e8fc6aa4eee8af1eb46d1b95da7,0.2772014,train_dataset_5
96e916be7c0f430e9a2a76f9b9dda9ea,0.1659042,train_dataset_5
bceddc7064e94673ac09e006fc2a4365,0.44420487,train_dataset_5
e121240cc168409db169f5056509b99c,0.1659042,train_dataset_5
0ab85df00a8944409028b7a77028ec44,0.6943774,train_dataset_5
fdc0930cee204e7fb50007018c6d4ff6,0.48022783,train_dataset_5
9a78c38652274f7ba98ebc1e88a58418,0.7535498,train_dataset_5
51f67ac3617d45cb981e892940c813c1,0.062177263,train_dataset_5
f2f5cafacbfa4009be5f0ad55774ad48,0.8452753,train_dataset_5
88db46eb9e2b425298e24b7adb866a08,0.5714567,train_dataset_5
93cf36fd4e3b4c32aa4ab724779fc5fa,0.75191116,train_dataset_5
d7d58c41e9574cf5b3aab7b365f06296,0.4559861,train_dataset_5
29d9e727c1bf4f0d9f80d072882898ba,0.8452753,train_dataset_5
0f5e6168fef348e5a4de736969600419,0.74072325,train_dataset_5
7cda90d739e74a0d9d536e31094513ac,0.25996837,train_dataset_5
cf0f1e5493104a13bca97f19c0c080ed,0.3616338,train_dataset_5
88cf04aaff614264b7eccc9f26c4f3b2,0.44721994,train_dataset_5
46d568375e3f4ed0b6e980e0817d70ce,0.14497979,train_dataset_5
c1513eaf3d8c40908b0fe6bad4e9d67a,0.6868918,train_dataset_5
45c15e61fa4142ae93e9536032bde739,0.8682304,train_dataset_5
a0c3e05e61fe47f999bb1338706fe7de,0.66390795,train_dataset_5
0231c7b335c44fa498de1723f693e141,0.8452753,train_dataset_5
d0895c31036349f4ad5ede7e6a73cad3,0.7691373,train_dataset_5
3a2f466fdc104b59a8be2cc7cb1b7bdf,0.66390795,train_dataset_5
8d893e39a1aa4a9ba62c5a8716b40768,0.3196659,train_dataset_5
dc3c52c2a51a4ca6aaba760c2bfe9d5b,0.5026141,train_dataset_5
c6a7cc7ead414b20874ed04f4ce7a49d,0.632263,train_dataset_5
973245742d0f48d785c44d8c76c95326,0.46876994,train_dataset_5
a186b79715a342aeb18a63ff839de19c,0.5782272,train_dataset_5
815876a3943842f4b7821f330c535e84,0.59796506,train_dataset_5
1a32086552094b61bae016add09d034d,0.6528407,train_dataset_5
9967c02056d2473bb4bfd6b28cd8925e,0.472505,train_dataset_5
20df3a569d8c408984193605851a63d6,0.75191116,train_dataset_5
a2054f278e174852a999b6b9bde2a217,0.74072325,train_dataset_5
758062f7657f41c9bbde6fd24f6f85ef,0.66390795,train_dataset_5
368ce6e9682a44c4a3b45d4e6d5c21c0,0.8682304,train_dataset_5
e6f6bcaca1944cc987c3aef40e7ae945,0.28467265,train_dataset_5
beb80aa28d75440d8fedfb16e98d94a3,0.6990995,train_dataset_5
2bbfc89bda6948d2bfb475f81cea5e0b,0.46876994,train_dataset_5
6fc57ef4b732468abc78d13097b0e818,0.6943774,train_dataset_5
0daf1f2f91364da6b09c95988651b377,0.28436178,train_dataset_5
f27223bb62ac4edeb7d66a97b4ecc611,0.6687199,train_dataset_5
63c490295ac2434e87d15c56d4f95800,0.75191116,train_dataset_5
dac863cc9896411e93b04bf33548580d,0.6534249,train_dataset_5
4a464522126948fa910ea1a4fc79d438,0.6312298,train_dataset_5
2c07195847034c17903a15ba4110f991,0.46580938,train_dataset_5
0060a0d196df927b0c41a6e62f061502,0.36219686,test_dataset_6
014835b4092ed9f61a8d84a75fc0b4df,0.60147625,test_dataset_6
01c6974c6734c6420349465a92308013,0.35719746,test_dataset_6
01fcfc48bd89c1814533a7811a3225e4,0.47943178,test_dataset_6
022093e62f26e3e600c0b80e6c6efe24,0.5492692,test_dataset_6
02968a9648a1ffba96d9123093746417,0.6630282,test_dataset_6
0328f67fb255bbdc057b080eb3f97b06,0.67250067,test_dataset_6
039c0056f3ddb89accc77fb9389f2a87,0.36410162,test_dataset_6
040f438cddd5832ea9727aca2833c1b4,0.3657325,test_dataset_6
04d95c6753c375dc49ba04c43784699e,0.5840571,test_dataset_6
062586a4fe54be92b39877b0f87a4d1c,0.5840571,test_dataset_6
066be8f73e97d85c803e8b3dcee93612,0.62133366,test_dataset_6
06795a406527deb1a4363c0be4e4139e,0.24255836,test_dataset_6
067ff0616612a7ce96ce6f372d643826,0.19138996,test_dataset_6
06e164999c6e6b9bd9bfff556b88d2aa,0.34485716,test_dataset_6
0769c2dd997c5e6b8a5cb17a903ded41,0.19138996,test_dataset_6
079a491a340e01e66cb463fde336168d,0.54219455,test_dataset_6
08029e5e1b2c46c18878b0c8ce0f7c96,0.38782412,test_dataset_6
08849330847806f1188752d1a60dfbf3,0.19138996,test_dataset_6
0905d9ed65c601579b5930f8448ac321,0.4429134,test_dataset_6
098fb438b37131631f1a218025976268,0.7710227,test_dataset_6
09a3f107ae22248ee4f4bc5bf73c3b1a,0.598681,test_dataset_6
0a5ab28ddf5b87f4f5ee882233c0d16f,0.6074512,test_dataset_6
0ae92dbcdb7d1f80b5e44cd0398284d4,0.33216655,test_dataset_6
0af7b005810973fd6c1cdd31da0e8544,0.54219455,test_dataset_6
0d65ac2b1540802884757cf2d6cefd63,0.54219455,test_dataset_6
0dab3af5e8de88d202eac7f695a02f8d,0.5840571,test_dataset_6
0e03d638e7276438c7c65fbcd2afb887,0.3588602,test_dataset_6
0ea0b0dee9a94dd79c30295132f8b346,0.50125766,test_dataset_6
108c935fa426a1b5f65455cdefea35b6,0.7652637,test_dataset_6
108dcac247d4569129984698af271824,0.24255836,test_dataset_6
10be948743c7e697ba10e7dc32eecf37,0.6406376,test_dataset_6
11704f499d9371fc6daf917d78a6ab4f,0.47943178,test_dataset_6
12fbfd7466f7536e3bb29599d8c1ba32,0.54219455,test_dataset_6
1367346d17f3dd20b7bafb07a58463da,0.5894224,test_dataset_6
14c01fb9e370a68bd81c5a68e882f998,0.3656495,test_dataset_6
153897125be5f26abdd72a060edba56d,0.7652637,test_dataset_6
15cddb48e41ef5bfd3cc0f3ec4110c4a,0.30673352,test_dataset_6
16042ee56c46100545236b869aa9a507,0.53509814,test_dataset_6
1653360f1c5b5fe92f1b87fda322004b,0.474094,test_dataset_6
16f72ae60d63886fbadfb19ecb1f96bf,0.47943178,test_dataset_6
17a06200231968de66a2187ddc7d9279,0.36410162,test_dataset_6
17ba7dbe2a90569d3a1f1e4579437afb,0.34335256,test_dataset_6
17f2e34e08e5642e81b9a21a8cc726e4,0.3506236,test_dataset_6
17f4e179db2dc8cfc8afaa46528f788a,0.6630282,test_dataset_6
18436ab59a2d54eae40d81545992385e,0.67250067,test_dataset_6
1ae2cd88d8287240f006afd47c48c9d0,0.5840571,test_dataset_6
1baf062e1b6c4c319c2bc285d018efa0,0.7841036,test_dataset_6
1d11103a81b1e13164340bfc74152e14,0.47943178,test_dataset_6
1d4d8304654449a8fd6882bd9097fbf6,0.5894224,test_dataset_6
1dddce1f1821d5f83905df5c4ef20aed,0.49671745,test_dataset_6
1de8ed616f52ac3664e73bbafd6a0a1d,0.19138996,test_dataset_6
1ebd04beedb4f0bd21587ce15a504bfd,0.6406376,test_dataset_6
1fba9c0b47c76ba85399610d4cc61cda,0.7652637,test_dataset_6
1fd4a976df3974b2d31cf0c641956a2b,0.3656495,test_dataset_6
200e30c170d3609ae2c88c9b4519588e,0.41393965,test_dataset_6
20f48b7634f959921965a42b607106a9,0.7276098,test_dataset_6
21e1365ba51b28839aab46208beeb61a,0.4667196,test_dataset_6
226d1ae0b21dd898e288c46072e252a0,0.54030067,test_dataset_6
227828773378d98d81726c0a2b414e3d,0.41393965,test_dataset_6
22b8ad92cd688761564cc028222fed14,0.3428097,test_dataset_6
23bac0af9162a339a1efe6586e9956ac,0.24255836,test_dataset_6
23e668bfc8584adf0c16a344f5f91ee9,0.41393965,test_dataset_6
243723313fcfefecfc4a09c950808579,0.54219455,test_dataset_6
24599a41f07a5ce8ca5560bb0b11984a,0.67250067,test_dataset_6
24a19b8791625f77f18b5736193170ed,0.3506236,test_dataset_6
250137f76ae2cbb043cd120cead9783c,0.38782412,test_dataset_6
2578c31c4f6a036845010058444903f3,0.5758557,test_dataset_6
26411ce72fead7f87de3a3b9acf9cada,0.60658526,test_dataset_6
269966386feb3e66a6b43812454e884f,0.474094,test_dataset_6
269f786636fbb2c073adc0a10cb57152,0.3428097,test_dataset_6
26d56925833df067eccedce05d405cd6,0.3428097,test_dataset_6
276fec961e478fe7eeae579896e9bc40,0.7652637,test_dataset_6
27fe82fe6818386b259bd3393dfe9c6a,0.24255836,test_dataset_6
2856a660521977e79fa305e2ef0490ba,0.54219455,test_dataset_6
28720f4cbc28f75f9bf720ef96688251,0.67250067,test_dataset_6
28779d3e6cb7737b35d93bb7bc19a09c,0.3340191,test_dataset_6
292106a0890f78038be6bcc5122c92f8,0.5796017,test_dataset_6
298fed663f1d39e775a002e5492e713f,0.5840571,test_dataset_6
2996834a5a6141bb06f45f558b1d36f4,0.21406496,test_dataset_6
29a4501257cfac8467989a7879920461,0.53509814,test_dataset_6
29d3f74e41b99a19b8b421ae0fa34985,0.24255836,test_dataset_6
2a4bb244a75669ba717f555b254dff60,0.6406376,test_dataset_6
2a8d0da17f7ccb0f4ad00a862e917548,0.4306074,test_dataset_6
2bacf8c588beaa30c1825fa3c7a0a845,0.77968794,test_dataset_6
2c7597cd2e8475644b1b12134873cc63,0.62133366,test_dataset_6
2dd696f5e504dc7ba25d319d34a76da4,0.7652637,test_dataset_6
2e251f9572d0f742f85493bf3b81db8e,0.53509814,test_dataset_6
2f68273c0f20dc7e2130f2772de8ed49,0.60658526,test_dataset_6
308efcc470bd3245b19b24e6322c23be,0.7652637,test_dataset_6
318b60dbd6194271c1b0f7a50e379634,0.7791199,test_dataset_6
3246eba49892b9c4e252416635fd5efd,0.6642821,test_dataset_6
353e98aad8a3f0e3b2e006a591ba362e,0.37168536,test_dataset_6
36cd3904128ab5be0e3c394f35591dd9,0.53509814,test_dataset_6
36ed75a32baf66e8dea8f3510407b099,0.41393965,test_dataset_6
392f172a79d79c308ff63460c7f66c8a,0.6406376,test_dataset_6
3b684a34d136ce23434b4e9e084438fd,0.34485716,test_dataset_6
3be28c570c99552de9355f83e1979d9f,0.38782412,test_dataset_6
3e512f30c4c595711c85d2cb53eab71a,0.5246544,test_dataset_6
3ef2d4ddf9797d8edc6860c233526a78,0.37168536,test_dataset_6
417ea877a28536ee39da78fc0bb3cbab,0.19138996,test_dataset_6
4351bf354ea6361783fd1be83a5cef61,0.19138996,test_dataset_6
437b88a79c39284c742ade499358b857,0.474094,test_dataset_6
43b62d78c6eb3c7b6e5f2f8706a72f7c,0.53509814,test_dataset_6
4470ae87dcaa82a24ad032cba45a2956,0.49671745,test_dataset_6
44e8b317f281a9ce9bf8f3f50aa63bd0,0.33216655,test_dataset_6
451308ed8ff1f90647b84d1ca115bd9d,0.3506236,test_dataset_6
46e3ec3ecc18ceb2cb018630ad89ee6d,0.6074512,test_dataset_6
47494c4e3584264ff99c7fd17067820c,0.34335256,test_dataset_6
475eb1a2cac79fe2379a39bf0e5a9852,0.54030067,test_dataset_6
47da1a0b55cb8262a2d7f040952d8b1d,0.68357813,test_dataset_6
47dd24b8c29764c1c117f2dcbf0eca44,0.48190245,test_dataset_6
47fc26dd74816a35a650730fc9e55142,0.7652637,test_dataset_6
4826b1d7ee049e9c6a8d7f9dbc8e8abd,0.41393965,test_dataset_6
489ed11c5f4689427c5e08a4d5549c8b,0.598681,test_dataset_6
49aa4112b81d1f212a12169e8dc61daf,0.4429134,test_dataset_6
49dc478b20000497372af318fd22efa3,0.72328305,test_dataset_6
4a923f0415afa206d3c69f7258f4182d,0.3506236,test_dataset_6
4ae62021b1b1d45fdce6f9bc73a74bcd,0.44886398,test_dataset_6
4b3bcec3413836bd9c142ff4662f2080,0.54219455,test_dataset_6
4b420db19a0a8231f0e2dfc565aa3886,0.3428097,test_dataset_6
4ba763c18c090c5e5de618ad5486d7c8,0.7652637,test_dataset_6
4d0d51b7fc74f7e68173f36de5656f7e,0.36410162,test_dataset_6
4f13d43d2455096ed2ae4e6649536743,0.37168536,test_dataset_6
520ee9774b2c97394310f97f50542357,0.54030067,test_dataset_6
52396c5de7ed6850dd932365bcd8dfa5,0.35086516,test_dataset_6
526db7e66b74b0c0940cf8dc0fd88dd1,0.34485716,test_dataset_6
5281aab20c27bff8165ed03df9ffe3bf,0.54219455,test_dataset_6
52c434dcb334f1304a5c93315a1349f6,0.6372153,test_dataset_6
52e9b4adfb4838fd2e2e13f7c98b1324,0.54030067,test_dataset_6
532fbe0f3837028c66b13e394fc8d25c,0.73080754,test_dataset_6
53848602c31fae07f06d7b093e238336,0.50125766,test_dataset_6
53faf1b94f6aad74e9a960a7140f19b3,0.41393965,test_dataset_6
548ec996984dfe3b70c6a4b568261f95,0.24255836,test_dataset_6
56a8e9421e0a5adb36a3bbd72330560d,0.41393965,test_dataset_6
575fdc3c0508c3ba76a873d5896d62ba,0.5840571,test_dataset_6
57d26988ade7baff0eb7de55255da573,0.44886398,test_dataset_6
57def58b6181f0adb8f868b51788e4f2,0.54219455,test_dataset_6
57e025d1a7de18974ab39fce15f7f2a8,0.598681,test_dataset_6
58d3d2b2463f0a96324b0ae5fdd1bf7b,0.7791199,test_dataset_6
5a4dbe021f0ccbebd34783800680fcd7,0.54219455,test_dataset_6
5a7169227fa9072ec6042ff24613d69c,0.474094,test_dataset_6
5a78236b6ee04218bbe4973899e4442a,0.7791199,test_dataset_6
5b0364d5a77deac06b124b2de4ab008c,0.23245966,test_dataset_6
5b1cf7296a0f38c484ddde0c6db4839b,0.62133366,test_dataset_6
5b558ca0c1a24d88c89214070da8ea63,0.3657325,test_dataset_6
5ba4db790160e7571c98a26e01056722,0.64945596,test_dataset_6
5cccdf4c313ada6d187be91eec35609b,0.19138996,test_dataset_6
5e16806927c8312f5c0fbc10081d772d,0.7791199,test_dataset_6
5e3a2fe361569b4c1968a6f41ce14966,0.67250067,test_dataset_6
5e5b6d871e8ec8f5dd92e9d20bc38ffc,0.4667196,test_dataset_6
5e84896aade719aa67e68cc3732a91a8,0.3506236,test_dataset_6
5ebb490135270b219a32bd6d094ee402,0.36410162,test_dataset_6
6077063d093d90a2d235086dd8860991,0.47943178,test_dataset_6
60b4ef888a4fed3123289d54cad2d0ae,0.34335256,test_dataset_6
61ca6096e88345a5b6d6dfd6d0fae97f,0.5820611,test_dataset_6
63226bdc74aed9d16ea38fca7fcd17c7,0.23245966,test_dataset_6
63fa39d11508a6d042d64cb942c7e01a,0.6642821,test_dataset_6
645dfcfe7773f0222438240138d6ea22,0.54219455,test_dataset_6
647bf861871a0fd536ad9b772cc893f7,0.5796017,test_dataset_6
65293f2f72d57483dcf77157d4e0e263,0.24255836,test_dataset_6
658ad7b6a8de03f4b110addf2ad8a7b6,0.5492692,test_dataset_6
6591eea3f7a8d5648ec711f9d86710af,0.67250067,test_dataset_6
66f7db4a7e9fdcbf10bce1f7af6fdd5d,0.41393965,test_dataset_6
66fcd816e47c39ef85a58b8a2ad6df6f,0.3428097,test_dataset_6
671d93d8b501af4731dac3e1b62d8e84,0.6406376,test_dataset_6
68449f64e43964b299db58815b8d660c,0.37168536,test_dataset_6
69a62d5c6692539f1278ae9fed2e3f9d,0.7652637,test_dataset_6
6aad83b5234951bae5245a399123aea9,0.41393965,test_dataset_6
6b0922ba099f9fac4d988bb2fb3f7314,0.54219455,test_dataset_6
6cf73c01c6de426f0108d8b0e0d6631e,0.7276098,test_dataset_6
6d158a5230cef50c019f27d500de9fe6,0.33216655,test_dataset_6
6d2de089ee28498cc9a1df62fc6cf1c8,0.6642821,test_dataset_6
6d8979e6edabe5effe812b3536e76516,0.474094,test_dataset_6
6d9c8d5ef84035bc068dd992d0c04638,0.7710227,test_dataset_6
6df36a08628765e779cc1c2a401b824c,0.24255836,test_dataset_6
6dff853412712635bb1f7a5d40b4f349,0.6406376,test_dataset_6
6e8cbd77c6411146d76f6cfba7e11bcc,0.44886398,test_dataset_6
6ea82e0c0eee50306d9bc0b609aa074b,0.3506236,test_dataset_6
6ed5b134a3d5361845773a7b4cf94fed,0.4801778,test_dataset_6
70005c47a06335b5451c9b72874b0593,0.3340191,test_dataset_6
7035c29ac9eda1e70f6544450c1c1e45,0.38782412,test_dataset_6
706f52cea459d5195e15ff740ab06fd3,0.7841036,test_dataset_6
723227235f9f214861e9c68a7193aabb,0.3657325,test_dataset_6
724612275a172b276cc7d716524ec8f9,0.3588602,test_dataset_6
7382c3ddf5a96e90b887cfe54004f8fc,0.77968794,test_dataset_6
73ed841a040f256d715e20d6ee581c21,0.50125766,test_dataset_6
74c1d20b68c41b8d9d67f2fcd1f37ece,0.6074512,test_dataset_6
74e3dad8c237244c4fe4cc906b81dadc,0.7652637,test_dataset_6
7507eb1f1a63d0c331854e0157a3899f,0.67250067,test_dataset_6
750a4a9c8228a8a01747070dace71e56,0.3657325,test_dataset_6
75905f2a4c570d16f00cc18452b0985f,0.6630282,test_dataset_6
7616b00ffaf739d12f283632ea1e6060,0.6074512,test_dataset_6
774fe59035755cf2901f7ee4f4c7788e,0.4429134,test_dataset_6
7785c0f37b525dfc6ba2fb8f8885f507,0.54219455,test_dataset_6
78959b0f851b649a9d5340c135eeba22,0.54219455,test_dataset_6
78a1bbd6ab9601cef7f9a4905ea3e11e,0.5240603,test_dataset_6
78a504cf63859c6d2b20821468bb541f,0.5894224,test_dataset_6
78dbc16e30501c501e996dfdba988801,0.4429134,test_dataset_6
7a78daaff29fcf4722572683890c384f,0.62133366,test_dataset_6
7c678798669bd8b5bcc11e4c89f02f53,0.30673352,test_dataset_6
7c68eaaf7b832a1e169bb6d8dbfb8d4f,0.21406496,test_dataset_6
7cabf91e41e3f6ac40fa940e2ce133ab,0.7791199,test_dataset_6
7cd279f70e502886e02249c14d25553d,0.7276098,test_dataset_6
7d3c6d2081ef82107332de7a6032c3e7,0.32092655,test_dataset_6
7e1550c6d253c7a2505bd7c27528503d,0.3506236,test_dataset_6
7e28ace8f0942a92a0bcd841e2ada7cc,0.54219455,test_dataset_6
7ec7511ed86b6380d0415f9f05b2b2bf,0.3428097,test_dataset_6
7f1cd3fa63db58643e6086122c7e014f,0.3588602,test_dataset_6
7f5e72886c3a6b03f40946735afd378b,0.6406376,test_dataset_6
7f9db82bffecfb7b3354ef4e7bcc4f62,0.38782412,test_dataset_6
7feefa6a521f84eb2659b387184883df,0.3657325,test_dataset_6
80879a3a5f09840f792e84af80ccce27,0.7652637,test_dataset_6
80b8850dd1ae178c34b1e48e966d1f61,0.3428097,test_dataset_6
821d9da3024ac21baa59ebeea23090c8,0.62133366,test_dataset_6
8273700cf33a3aa1de44533b57465c89,0.67250067,test_dataset_6
850b0204f30f62ce5ae7f376e2b18a58,0.21406496,test_dataset_6
87c943a7c46940afb63b3654604b0dcd,0.4646469,test_dataset_6
890e7d1a222d5c31f88b1b390616f858,0.3588602,test_dataset_6
891143b5bc749a394bdfdf0426e4fa40,0.3657325,test_dataset_6
89e26b1db0e1de6d1c5c60984472a161,0.36410162,test_dataset_6
8afd7537eff1e75c3fafd3271e9e0ab5,0.3506236,test_dataset_6
8b39f34e7981a1d019ae29e943dd6f38,0.67250067,test_dataset_6
8b4eb169857598d8bb0e90544ec71e57,0.5840571,test_dataset_6
8b76447fc7a73420591359f72beae9ea,0.6074512,test_dataset_6
8b999b598b6d8218c11754eb3c577691,0.54219455,test_dataset_6
8c84b47691a3a160a5d4603e88c56b7d,0.474094,test_dataset_6
8c96a23bc363be5bb146e42095e6803f,0.37168536,test_dataset_6
8cc0851c3f187f46f686489aced03fc1,0.19138996,test_dataset_6
8d358aad8a5aee8cd4959fc1f1cee847,0.3506236,test_dataset_6
8d6b2becb4cbc4813fc49c670568ddd3,0.38782412,test_dataset_6
8e15a047edc34658830d4d89e6b04155,0.6406376,test_dataset_6
8f1fbe8ffaed4455ae20e2af07d2c5e6,0.598681,test_dataset_6
8f6e982bb6f4f1b85c06b0a015fa72b6,0.3506236,test_dataset_6
8fe3a31080d988548624b6bb5e1672a7,0.64945596,test_dataset_6
9349ad932fda95c1fc165230322ef330,0.4306074,test_dataset_6
94096eb9195e7b7075d868ff532b9b7d,0.5840571,test_dataset_6
94131870a4375540411d66d21f4e006f,0.7652637,test_dataset_6
947fd6906f2f28242ebce7f3d9806e10,0.6074512,test_dataset_6
94ab67a29698e782e297db97023ba21b,0.598681,test_dataset_6
956b376dcf57c4abda61f737528eb63f,0.32092655,test_dataset_6
963352c2f5ee7c5c25b1d647a3871745,0.6406376,test_dataset_6
96fae4e5bc8520f910ceac97267ed64b,0.4429134,test_dataset_6
97d4005c34ba5476fa6a6138f39824ad,0.72328305,test_dataset_6
989750483b972ce336afee7c5fbe9e10,0.34335256,test_dataset_6
98c19ce58a274f370989ae58874bf1a9,0.598681,test_dataset_6
9a0112d50a29f59c07deef6faa7e7b67,0.598681,test_dataset_6
9bbe9a05266306f2e2a7420fb6f98115,0.4429134,test_dataset_6
9bfb7e23b810cd9e8ac524db8311b38d,0.33216655,test_dataset_6
9c4a12d9932bdf0ee02bb6ffd0a62c4c,0.47943178,test_dataset_6
9cd790dafbbc075779401353a23b0b9d,0.7791199,test_dataset_6
9d06f5f44be5435d0bf46c2bc7c81183,0.44886398,test_dataset_6
9d65a54f5406a5bdf55f398b25eda7e3,0.7652637,test_dataset_6
9e046f66c21b7444ef3e0afd32890e84,0.62133366,test_dataset_6
9e7a7bb2cdf00a042e51a2f5e38f66d9,0.24255836,test_dataset_6
9ee437c46569a562c47077b73276058d,0.36219686,test_dataset_6
9f4505d39142713c7c0aad1f59abb72b,0.7652637,test_dataset_6
9f881071edb1d5cc157de87563c8d3a9,0.60147625,test_dataset_6
a04f3eb2ea1b1292049bee50f0ee4f96,0.7652637,test_dataset_6
a0f2186f6f0d43e51754f2ec29f5ab1d,0.67250067,test_dataset_6
a19e5c438cabc971d218457e7c02f860,0.6630282,test_dataset_6
a21fd761d6cf4952a19732d28606e2f6,0.54219455,test_dataset_6
a2b0567e17dee1a98d81e9fc629ba7da,0.33216655,test_dataset_6
a30a74609e47daadff0483c9760542a9,0.37447384,test_dataset_6
a3e0fbd1d7ca06e871b3db06e8a90baf,0.7652637,test_dataset_6
a4431933aca655d70b07bfbb6514c555,0.49671745,test_dataset_6
a5206611b346d1983977619191b40568,0.3506236,test_dataset_6
a5401b9b09cc359f62ee2eb5ec96b30a,0.48190245,test_dataset_6
a57c7d6fbe17d4051eeb8dfc0cdb23e5,0.77968794,test_dataset_6
a5be0b51cd753ee0cb5a168dfd02483a,0.41393965,test_dataset_6
a7299a24d44bf816af4b6dc7086f7cef,0.54219455,test_dataset_6
a75023ec46cd9c7e1ea1dcba7b6ef5fc,0.19138996,test_dataset_6
a8b3e7997974c18fd7772c400ad52d27,0.5840571,test_dataset_6
aaa6cfa03fa508850a1974fcfb294fda,0.6406376,test_dataset_6
aad7f2534ae1478e32afca0672cb9d10,0.6639727,test_dataset_6
ab0ce751ab175978590925bcbc66e57a,0.50125766,test_dataset_6
ab3142c4a839419baa9a1b66ec3e5fa8,0.33216655,test_dataset_6
ab88a7f1994f43727b1ae2c4be4009a3,0.5492692,test_dataset_6
ac2c8471a9d417d702ddf16d5dce7b64,0.37168536,test_dataset_6
ac3a9ef53c31fce73ad4c9d635c428d8,0.35086516,test_dataset_6
ac408352f8594d740d6de7a042668a81,0.5840571,test_dataset_6
aea9e3bd9ae16f3283e0020ba63ac50b,0.54030067,test_dataset_6
af42c7684b6d8764ea33c151cd1569f2,0.19138996,test_dataset_6
aff5464ca69996e6dd603e9541c99159,0.4667196,test_dataset_6
b1edcf45b01a826aceb5d6e52cdd56d5,0.7652637,test_dataset_6
b26be48ef1249968ef49e3786680eb47,0.54219455,test_dataset_6
b321805c597f878d95b9590e1f27ccb3,0.6074512,test_dataset_6
b5467e7becd2eb1c59cab275e9b781cc,0.5758557,test_dataset_6
b58a91cef2ddc17bbe1fa1893a44d841,0.3428097,test_dataset_6
b5e68b52d89e1bbf4c3b2308a816e6fa,0.62133366,test_dataset_6
b78cb458f88741a5a5627755952c50fa,0.54219455,test_dataset_6
b8012bdc6ec76f94edc45f8974593082,0.54219455,test_dataset_6
b86c2ae8e0d20e0ebcf330dafefe9399,0.62133366,test_dataset_6
b9840707ef73b0908e075fc9b164b494,0.32092655,test_dataset_6
ba72df85a23d8dcce31ddf9c7e3c7a94,0.4429134,test_dataset_6
bb096b111099b95b6899e68261fcb1da,0.5796017,test_dataset_6
bb6d76a25ddd4085adacb4896d00b417,0.598681,test_dataset_6
bc45d739a75e4a60726e52d7134185d1,0.7652637,test_dataset_6
bc74959894184eec03d8e9201fbda4bb,0.474094,test_dataset_6
bd0212abc255b80f2ba2f45ca810a2d7,0.3428097,test_dataset_6
bd2e487be92fab1169791ee8292891a4,0.19138996,test_dataset_6
bec8842f79133f66d1d07bdd3a01da3f,0.53509814,test_dataset_6
bfbc18216fcd0769fc296d676fcb0526,0.47943178,test_dataset_6
c1b45810643753fbfd0a42171a162f1c,0.41393965,test_dataset_6
c308d83b3075551ddd868c768504c941,0.5840571,test_dataset_6
c4079de289f9ab8758de82b5b7706080,0.33216655,test_dataset_6
c59f6203553de05b4830f4da9268c8e4,0.5840571,test_dataset_6
c5cced0494738e2526bcd7d1be02c09a,0.6074512,test_dataset_6
c6c23960f120041e0ef66ba6905ec4b0,0.5840571,test_dataset_6
c858ad5259174612c737de2830af491b,0.7652637,test_dataset_6
c8bdc21fd36fb64a274b6d09904dbf94,0.3820796,test_dataset_6
c92f915b3912ba5ca733be187047ed51,0.73080754,test_dataset_6
c950612e362a7a584f0181ac4b4f8f13,0.64945596,test_dataset_6
caca210fc5ab3624d99e13b011b1d1c7,0.5820611,test_dataset_6
cae0ae1e8a5034142bb56734608661f2,0.3506236,test_dataset_6
caf0fe4d3c1cd0aed5b0b6333d09236a,0.21406496,test_dataset_6
cb496a4fa7397c690d3a0fca66797dce,0.24255836,test_dataset_6
cbb72b20cf6eec2cc34d3696762c02be,0.36410162,test_dataset_6
cbf62fa031bb5349ae940f3f39fcedc2,0.598681,test_dataset_6
cbf67cacaef7fa7de3e6afde2816451e,0.3657325,test_dataset_6
cdfe23d151b77f8817aac1019e3b6bc8,0.72328305,test_dataset_6
cf65e08d8708e90aee2992b933b0a9a8,0.6074512,test_dataset_6
cfc99a37e068df950481d541789043b6,0.62133366,test_dataset_6
d071ff3efae757118c08ffd54cbe5a09,0.52617043,test_dataset_6
d09f547b9e18b27ab4c10a0b5e05ca84,0.5492692,test_dataset_6
d25e64e55a885309a53cd07a69ad8a52,0.67250067,test_dataset_6
d279a4a9dd403ee4f4d7f1ca8c241a67,0.53509814,test_dataset_6
d4195398695c111b901c3720b5fcc502,0.6372153,test_dataset_6
d525fa36707d05a7ad5bdc13d3f2642f,0.6406376,test_dataset_6
d54c88ab1a74b313f6ff8379f3fee312,0.7652637,test_dataset_6
d56aa19a4371cb74541749e74a39c127,0.3820796,test_dataset_6
d5850e92cedf68412ac804a258def3a3,0.37168536,test_dataset_6
d7a4d0278f9c59fb4c27f7053701559b,0.7652637,test_dataset_6
d86f513dc7491545e9ae0af06e85caaa,0.19138996,test_dataset_6
d9ca2ac04e2945d1cba939cb7bed398d,0.4667196,test_dataset_6
da7482642692afd7ebd3bfc1e8542e24,0.62133366,test_dataset_6
dad5321554dd1fdd938eb72a87f64697,0.30673352,test_dataset_6
db436533de588150d22569352a6cd30d,0.67250067,test_dataset_6
dc3ab5bf51c207431115dfc27445acef,0.598681,test_dataset_6
dcd2516f6f6302034a40ab39293892f3,0.5820611,test_dataset_6
dcedb50eb8e78b38d2a76b7ebbf3c5dc,0.34335256,test_dataset_6
de116be47f50333da87de395214c4449,0.64945596,test_dataset_6
dee37e12c66678aef6a70e0682347baf,0.19138996,test_dataset_6
df1e2eb6ba338621925e1cb72f42bb2a,0.5840571,test_dataset_6
df8e20da7f3e080afd5ec927b53eda7c,0.72328305,test_dataset_6
dfb61bf4718d0d386d83039febb103ba,0.7791199,test_dataset_6
e092f34832c854a4c96bcf47fe978199,0.37447384,test_dataset_6
e0e1653f7d0756f81ecaf6081fa6d1c7,0.7652637,test_dataset_6
e17daf8332794cd6bdf6defc6439ef8f,0.24255836,test_dataset_6
e20d1180f890b0b4c6efe98a750b8e62,0.7169498,test_dataset_6
e2590bb9da4a4451277278e4125f1c06,0.7652637,test_dataset_6
e288d9362410deb139368d2dedeb457a,0.54030067,test_dataset_6
e48bb7f3fe61b4292fecc99860ea320f,0.5840571,test_dataset_6
e4ee32b7cf6b683742efbb9f8aa2261f,0.7652637,test_dataset_6
e5344f7f7518d6194e6e513d441f85b9,0.3588602,test_dataset_6
e6b96241bf0a724ff57f6010d386e1b7,0.3506236,test_dataset_6
e6dab5bbf1ee64fe112de86d1ac4e7ab,0.60658526,test_dataset_6
e8056cf8b4e1e14ba503b0c23cf14383,0.36219686,test_dataset_6
e8942ae48cfe4f10250ded64d1537534,0.62133366,test_dataset_6
e898533dcf63bc27333a1aeafb661fe9,0.21406496,test_dataset_6
e89ed349227045d6989b23b4a5348841,0.5894224,test_dataset_6
e8a90360d20da53b991481d0717e0b2e,0.6642821,test_dataset_6
e9b604b214624c032cd017d4e050d62c,0.6074512,test_dataset_6
ea732c0fb54c2a6e7621712b9874c450,0.6074512,test_dataset_6
eba832ab7fe4572d0107e4e8e1c00d4d,0.49671745,test_dataset_6
ebffb74da049cbd5d4d824eac66a5f25,0.34335256,test_dataset_6
ed1ce8a4bcf0fc2ce2b2753110bc4b3a,0.5840571,test_dataset_6
edae2744dd588efa5948c1d3c16f9b98,0.7169498,test_dataset_6
ede32def46f89e588e91d871709381ed,0.3340191,test_dataset_6
edefa683a13b5cc50954cc1cefc34509,0.3588602,test_dataset_6
eead3ef50fbce3ffe0063ed341e93935,0.34335256,test_dataset_6
eef4a13d7d161b5a4e17eecb310ccf05,0.6074512,test_dataset_6
ef13810910a49c6475de3f3474764efe,0.34335256,test_dataset_6
ef310b8f1fd59c31095e49b63f8f4cc9,0.24255836,test_dataset_6
efa2cdf332dfc0b5a7686615c4d91c12,0.60658526,test_dataset_6
f02dd56a1626b3560943bc076924203c,0.3588602,test_dataset_6
f086716dc45614bbca04acbc3de2a216,0.7276098,test_dataset_6
f1705e72c864126627973391d092aeab,0.24255836,test_dataset_6
f1a9ce37da35bcfd1417f4b0f78fb157,0.7652637,test_dataset_6
f1c7b77b9813f37a3c34197471526749,0.5492692,test_dataset_6
f246f49de2e9176e2c1e3e9f4a626d7c,0.7841036,test_dataset_6
f2896002fedfddf1c09562fd7b461acc,0.4429134,test_dataset_6
f38499ac255048c352172f89ed032530,0.44886398,test_dataset_6
f473f7a39aadb0a181d294a7f76a4396,0.5240603,test_dataset_6
f6c59cbc5eaec53c88a483c2e00a06ca,0.5820611,test_dataset_6
f80fdbbe3cc3b3bb2e74a541d8c0bf7f,0.6406376,test_dataset_6
f83d409928aea6d43e79cef2286a4e01,0.50125766,test_dataset_6
f882e1d1eff128ea591b78ed202ace0c,0.7652637,test_dataset_6
f910431abc272aca44dc5d138bb11c66,0.47943178,test_dataset_6
f9b9920f787977a7270a59448a0678c0,0.37168536,test_dataset_6
f9ec1717b5ef431763367e4a4324f2b9,0.3657325,test_dataset_6
fa19dbf8c3fe66bfd66544336145166d,0.72328305,test_dataset_6
fb4c19f2debd20369af7f259f3c01aac,0.23245966,test_dataset_6
fbca8ec7e848303d76fd3dc99c03a6c2,0.54219455,test_dataset_6
fcf84632b2a48b636a0c63132850d848,0.41393965,test_dataset_6
fd3685804f3e6e80b5629566783b362e,0.60147625,test_dataset_6
fd99c9a56989572b66a8093d0e65f121,0.54219455,test_dataset_6
fe5d14a2e478505837ff975df6aafc84,0.7276098,test_dataset_6
fed5812f231693e2c39f0f3c02022ced,0.3506236,test_dataset_6
ff6e4f2c16947504b2e8bf95ad95ad75,0.6372153,test_dataset_6
d5842811b9583447a9836a4e672f5e7d,0.34485716,train_dataset_6
bbd5c8cb5f40ea51099f4c6e17f5b9a6,0.50870353,train_dataset_6
3acd1d133718db305690d111e6847316,0.36219686,train_dataset_6
e75ebc4372342f7938469b29060ed7d2,0.4306074,train_dataset_6
d4e17f74633f3ccf3173c53fcbaf6d35,0.6074512,train_dataset_6
6d91947374e8cce19b28c336eeb6ce60,0.19138996,train_dataset_6
0f8cc8e9c4ee703ef51c650a95e20490,0.62133366,train_dataset_6
b578ec2622a92ec5e8e139b82a170bf7,0.5758557,train_dataset_6
3c0f78d18ed2e8f302d4012ac0851a7e,0.598681,train_dataset_6
3683713b048d9971a7f231b7c92fefd0,0.47943178,train_dataset_6
dc851bff09c5fa8749b8d749537c6833,0.47943178,train_dataset_6
8c0d1a887ae3ad9f6d49f275e6cf26a9,0.3370998,train_dataset_6
70a275c4bc481f07048cf4069ac3b8f9,0.3506236,train_dataset_6
d14aa956c5340c1010b87ec2446bd210,0.7276098,train_dataset_6
d0c70c851691f2b6008753e36ae1f83f,0.54219455,train_dataset_6
079b2a8b34e4fd53399584c248a29d05,0.50125766,train_dataset_6
bd87fb5551e07a1a138008d03268d521,0.50125766,train_dataset_6
db9f7cdad696941e08d34b9a05f1dd7f,0.6074512,train_dataset_6
aa40786264b55cbda58c997310721bc5,0.5240603,train_dataset_6
d018cb995bc1f3e80057cb3232865889,0.7652637,train_dataset_6
93faca1b436352be5d45be5c1b854581,0.3588602,train_dataset_6
00a51c164161d0c44b349192a70e1801,0.23245966,train_dataset_6
02770784b9d7ff315b5a58a61b947122,0.598681,train_dataset_6
454493390d4850d74b0196a0f1b29e22,0.44886398,train_dataset_6
2195746e8a112744dbfa86e7209723a0,0.54030067,train_dataset_6
03cb7c6a74b841f2cc91195a390e04b6,0.7652637,train_dataset_6
4c1b44545b67117128c2a20b9bbe718e,0.6074512,train_dataset_6
e5aeda21923587225b65154a12addcd7,0.7021359,train_dataset_6
8469ec871dd197a3a807ba0b80a8963c,0.37447384,train_dataset_6
def0be8377be2579d569e9945b87d913,0.60147625,train_dataset_6
465aedf3f3b7473cb088cd06bdcd151e,0.7841036,train_dataset_6
0d5571f9c8b325583969bffcfb08972d,0.3340191,train_dataset_6
26330bce410c38e8a101555f00be002d,0.5840571,train_dataset_6
2421c627420f107167435e97edf01768,0.3506236,train_dataset_6
5db5ad45fdb8bf6ecd1987ac955cd6be,0.3340191,train_dataset_6
5085680e0de1add6e959e5c6d17c4c84,0.7276098,train_dataset_6
c2b60907fe1dca2c2ad702d7be846b8c,0.77968794,train_dataset_6
bf818f6ab7c0dc00342d62e8185dae68,0.67250067,train_dataset_6
abdcd76d90d26dc3535c9105c9890978,0.7276098,train_dataset_6
2f51d2ed2ef80595e5fc0e790b23a023,0.50125766,train_dataset_6
f4c2d4880b964abc853c1350b8499e6c,0.34485716,train_dataset_6
8d28a04ccfc6c501d2d4995734eee4a4,0.60658526,train_dataset_6
ac0173bccd1a121e9fc1466b3e8ca28a,0.474094,train_dataset_6
0825290353ed4628725aa31d581d05eb,0.53509814,train_dataset_6
143c85c959fa363d2d818e0bf9ac0a8e,0.50125766,train_dataset_6
18b1a9a19cf0fe75224aed96e74288f8,0.7276098,train_dataset_6
d764cf3b972e2f1bd037a42bfc1f9457,0.5492692,train_dataset_6
86af34130e811335c3b39d660f961870,0.5840571,train_dataset_6
0928bff5de4fe1bd30d296a4a112ff7b,0.4429134,train_dataset_6
96fe4c3d981db1daddf6dd4a87d2478f,0.3506236,train_dataset_6
9cec2ecf38e758db930336e33445b9db,0.6372153,train_dataset_6
ab6cb262489147ee5fb3c5477d155d62,0.47943178,train_dataset_6
3c296621f8d4f20305d9cea531c88ef7,0.3588602,train_dataset_6
b80928405cfaec1e018a6c5b2e341d60,0.67250067,train_dataset_6
16cc19a5b1031be9b234c612370b2847,0.3340191,train_dataset_6
1ea1131687f902487c50a6a8310cfdaa,0.598681,train_dataset_6
1b46758bdbcbbc8276198702292362a1,0.35086516,train_dataset_6
e5050cb8e68bc1cb6932097e848ad5c5,0.67250067,train_dataset_6
77d58a2b99da985035f1bf4fe2687385,0.474094,train_dataset_6
025f1fb17659383cae6646f363157c13,0.7169498,train_dataset_6
1926676a824314641078c03ad5315e99,0.34485716,train_dataset_6
1d9b83cf67b4d1254d5004025111705d,0.5840571,train_dataset_6
9d86b134ec0bd2b3fda9d4a7548b7da8,0.41393965,train_dataset_6
7e7e1ef7c5a3838f51426562feeaf8ea,0.38782412,train_dataset_6
25b66b2dcca007e4114f3adeeab0d290,0.3506236,train_dataset_6
2affde300e2f260ebb95525b0be2a38f,0.3506236,train_dataset_6
61b0d413d058cd439b8fff9171828fca,0.53509814,train_dataset_6
ccecf05b8fbc2b81417206f1c2c08604,0.5492692,train_dataset_6
d4ef578ac7c69315685c359aa3670ced,0.7276098,train_dataset_6
e68c44dd5ab83807d15734b78cf56839,0.37447384,train_dataset_6
ca0c1e2d0a33113d6170bc4d2e0e66ca,0.5894224,train_dataset_6
eb3c3657da4171d721000d49b098c27c,0.64945596,train_dataset_6
f374132b2e9c751c55eeed67d7084975,0.38782412,train_dataset_6
d42b010d0b5b66b78f887f02b2c7b8e2,0.7710227,train_dataset_6
22daba3d24d66b1684cef738577c1e7c,0.53509814,train_dataset_6
ba22f17bf372b8884fb53d09b7852954,0.3588602,train_dataset_6
a016f0a810f895c4148ae8edb92b8ca0,0.41393965,train_dataset_6
97fe1d1d67cb01f43f9516f0ec2c33af,0.5840571,train_dataset_6
d00f202941dad4ed74990a4b85f77b4f,0.48190245,train_dataset_6
dbb956916e0c772ee339d225591e8c55,0.598681,train_dataset_6
e6578829693e4c3c36df8ec1b633594d,0.54030067,train_dataset_6
98795a451922b0703f4263de84363071,0.6642821,train_dataset_6
a5eb0fa2840e1a3c48615ea8cc7e096e,0.32092655,train_dataset_6
6c31a090382d47646c414d74d05c9206,0.60658526,train_dataset_6
29b3d1d8ddd3634b564977506e69fd9c,0.36410162,train_dataset_6
73c580204d06e02a147a195be0c4b007,0.4667196,train_dataset_6
a2382c352768b199861df5ede0135388,0.474094,train_dataset_6
a004317280ade30ed45ff7e09aa06ee6,0.54587865,train_dataset_6
85635bb4c2487e691d3ee2c2d385cee3,0.3428097,train_dataset_6
35671279cd6d27d846c25aabe96ed615,0.4028087,train_dataset_6
1b91ddc22b231f7214e1b6d5e372c1b9,0.3656495,train_dataset_6
17ebe8cff70d63b8cc1a72059a831762,0.36219686,train_dataset_6
29acc289eee42ab53d3603aab9afdd6b,0.60147625,train_dataset_6
99b64ed6e8706fa783f647d607417457,0.72328305,train_dataset_6
90eacaad36d1613ace3cd0967b706f18,0.50870353,train_dataset_6
3fe4c3fb1245d7f1cda2f73ff4f566ef,0.30673352,train_dataset_6
8628d252ce90d3470f8deba4a3ce9585,0.5840571,train_dataset_6
3e52f16152fad860c8c724221a0d3197,0.3340191,train_dataset_6
ef5cdf63abb7d57d970166129e7077df,0.33216655,train_dataset_6
21f878f7bb05f42a7f8b9e0cdd7be939,0.5492692,train_dataset_6
52650496b131951e2e725fb722abeb52,0.5492692,train_dataset_6
035d31aa2653e8cf497ba488c41e49c9,0.30673352,train_dataset_6
9cac3db39b09714efa35ee19f1f86cf9,0.7276098,train_dataset_6
da82f914237cbc6f3bc7be2f8e88634c,0.6074512,train_dataset_6
1fcc73cc43dbe9c5457b454e2d53004b,0.6642821,train_dataset_6
03383bb30c1c15714b383882d926bf3a,0.64945596,train_dataset_6
891a0ef9c72695d446fdc82962074dd0,0.54219455,train_dataset_6
5bfc419dbff8b67d77a8cfb449cb74e8,0.7791199,train_dataset_6
a99af28f18217fab20b3d2a4bc3579d8,0.4429134,train_dataset_6
9b840e235632defb9d70c52ce940774e,0.6642821,train_dataset_6
1e963c4ab72787ff126d3f77628039e1,0.4028087,train_dataset_6
f1f4eda238a15fff5674179ec9b8e4b9,0.7791199,train_dataset_6
e0a66d37c83b5b9f6ff1803084be2e37,0.54219455,train_dataset_6
7ba9e9dd3768dd7e1964b887d6e361ad,0.24255836,train_dataset_6
07f69f9908263c0b3621feafa5f7ec44,0.3340191,train_dataset_6
93ab6103308d8f2906d09690561102cf,0.35086516,train_dataset_6
30ac40dcc344f10f885804b37e4677bf,0.73080754,train_dataset_6
b6d9aa7f1a2add2fea22d331e01bc3b9,0.6372153,train_dataset_6
b8ebc3707ded240ee2f3c540daf0b63a,0.34335256,train_dataset_6
1071d496af58e7473a6af40e4f8749f1,0.30673352,train_dataset_6
51d5bf084eb217d9bb1592e18265969c,0.19138996,train_dataset_6
493ff2c9bfd5ef497d5cab9f2424bc40,0.4429134,train_dataset_6
4efbae8862c232d58a7bdacc1bf6c75a,0.5796017,train_dataset_6
ea8878bda7392c7260993ec6bed3cdec,0.41393965,train_dataset_6
873a958fa8dc8809e71a2f900b5c8b5f,0.4429134,train_dataset_6
433a80a7bad210ad1b3355a441810ed7,0.3506236,train_dataset_6
da83414239d6abb4085c1d5395cd561e,0.3506236,train_dataset_6
41cad79a55ea15cda438ca37153e307b,0.4801778,train_dataset_6
809d8b1a45bceecb730b821f5bbaca06,0.3506236,train_dataset_6
37c2ae5c5a40a567eadb7e656d3aafaf,0.6642821,train_dataset_6
2f225aa622c0f8adc30495a1b2c56406,0.30673352,train_dataset_6
7dd69b52ddd8b096207dd2465d6f810d,0.5894224,train_dataset_6
89714d200d448f0d20a38731bb7b1320,0.5492692,train_dataset_6
c562c71d1655cc0dd0cc4562c011c3e3,0.53509814,train_dataset_6
bd4736bcbf0b1bc5fb5f33a3ebb437e2,0.54219455,train_dataset_6
d0cecd3416c69c2b7f975f846dfab22f,0.47943178,train_dataset_6
a1f74e757e1b4d4607516d692f6798d0,0.54030067,train_dataset_6
3832ab3c56b18ba0f97e6933d77f76d5,0.5840571,train_dataset_6
bd827ef9912aa92bb0972e6f855eb7f6,0.3506236,train_dataset_6
467745ba0a588484773026802f194765,0.3506236,train_dataset_6
a5e4fd8ef1485e39d013f96ebb35ef86,0.54219455,train_dataset_6
4e107958e31a0e18a69b9fd6b92c0b69,0.7652637,train_dataset_6
d8b6fcc51b91fb527bca4786ba57a925,0.4667196,train_dataset_6
a4315fee205eb17271d200fd1cd7a109,0.7791199,train_dataset_6
fe29f91857b8f4f56dcb56dbad3f9d9f,0.5894224,train_dataset_6
2f70b88d4e1fb31bd92c8dd1ef48e6a9,0.44886398,train_dataset_6
3405e89ab82c73b90e2ad859df41ec85,0.67250067,train_dataset_6
37206f734c16bb9b7e6b9d89c1a891ea,0.30673352,train_dataset_6
3be784382e808eef41ec16d6477a08d4,0.3428097,train_dataset_6
749b13a8726584dfbeaca920864e0ac4,0.24255836,train_dataset_6
d4db17c35d4133db6903840bc2c6f033,0.53509814,train_dataset_6
192b4dbcda69e86554c139a820d72564,0.24255836,train_dataset_6
bc0949c7341a11b2565bc0a38b624221,0.64945596,train_dataset_6
239389ac0d5bb35e016061bf54c31829,0.3506236,train_dataset_6
3a254964affd533fcc41152dbfd66d6e,0.34485716,train_dataset_6
ab94718bcef4a0a0beecaa9282d3c72d,0.35719746,train_dataset_6
c88a286415f2e2d2a604dc9a24e4f94f,0.49671745,train_dataset_6
8532978e7c583c663d5e5e03814bc727,0.7021359,train_dataset_6
c5be512273e1e5a42d64cc8fcd7e673e,0.48190245,train_dataset_6
42fcf2f9f7377b5455bf7acc0478cce4,0.35086516,train_dataset_6
08afea0ba0d2c7aa789558349f2ceda8,0.47943178,train_dataset_6
e8e666fe4f17418dc1a45d0c9f051751,0.60147625,train_dataset_6
87133c94cc9946676029ed236f15efb0,0.19138996,train_dataset_6
91fe59c432290d711c4107de164d02c6,0.24255836,train_dataset_6
3064d36d3b827ec9daf439bbbddbefc5,0.42745274,train_dataset_6
635f483038856b7264db9681c1a77f70,0.6190686,train_dataset_6
f566cea1352fa65fc0a251de7e0956eb,0.68357813,train_dataset_6
713724178d73bd6fddd3f7357bcd58c1,0.3588602,train_dataset_6
a843d9bcae870ad0ab19020a89db40c7,0.19138996,train_dataset_6
eafb6a26f06fc95c9f4a02e31577eb00,0.67250067,train_dataset_6
4c8e296d2aa8471354c91f1146dcffdc,0.7652637,train_dataset_6
6e67d9b0bafae4fbe9496fd4bc57edde,0.5840571,train_dataset_6
64f844780b62f8f20cc5fb8bdd28b6f7,0.5840571,train_dataset_6
6fc4f24bda291a84a561d6b70139d241,0.3428097,train_dataset_6
55459c8aa3ebf8ec832031dea4021a96,0.6074512,train_dataset_6
8ba019997738634f522fb0d4e3c27c04,0.598681,train_dataset_6
13a6c4cd0f6bbc676d08ea39a9657518,0.50125766,train_dataset_6
ee2cb8e6f6140d8979c97ad9e2482c3c,0.67250067,train_dataset_6
ffd090ce767e99de9d856cbc410dfd2e,0.21406496,train_dataset_6
5bed21e7b25aff5888f0a6b5a74080f5,0.24255836,train_dataset_6
cc3c773166422b8f3b7eb3ae59690388,0.41393965,train_dataset_6
60d8d7c63fb07822638d5813ed5c113d,0.5246544,train_dataset_6
0eaa379c3bb21b57203ae79763874810,0.32092655,train_dataset_6
d3d561267f78b76f4b5f67d2b027dfc3,0.5820611,train_dataset_6
1cf5de1c881260b4e941c49e39c3995c,0.3657325,train_dataset_6
d46daccbaa985c9343956a8e84ac5d8d,0.38782412,train_dataset_6
5b3f8e95050d0a1ba95a0ae87eeac370,0.3506236,train_dataset_6
f4e4fb14df2573f04703260081390ba8,0.72328305,train_dataset_6
503b2218bd6cdad2f04e946af9a71487,0.3370998,train_dataset_6
5856c1882bc3304d0223a9b7e6f7456a,0.3506236,train_dataset_6
0326d9823d7673787bde39ec0e417873,0.21406496,train_dataset_6
5408f14c6998101b30a4bbefc417a235,0.6630282,train_dataset_6
f852d9590c121462ce4d37008a9175d5,0.53509814,train_dataset_6
c9868ea2aff4e52d9580493b013a1e62,0.68357813,train_dataset_6
dbac3fce1bfa64174dc3bba9ecc88016,0.6406376,train_dataset_6
8c86ddd71f1d59909a48531c8cb34690,0.5820611,train_dataset_6
9eb60860eabb1ee7d812282d11fbc0e7,0.21406496,train_dataset_6
e40ab47d3f861892c2a567bfd98daebd,0.54219455,train_dataset_6
d1428a2b30b93f4d85087c151ead5f17,0.6406376,train_dataset_6
8ab17ccfd0a0c4795fdda36864d6b9b9,0.67250067,train_dataset_6
818d82d7f757dd9d9e136a6ff52857e3,0.6372153,train_dataset_6
80d3215078a82f55938a5eab98ed8dda,0.50870353,train_dataset_6
296d08185969a4c2004f27d77fa294b2,0.35719746,train_dataset_6
7e31197c3afdaf2e3cf260876f5b0d8e,0.32092655,train_dataset_6
2b08330ab7582a9abc8c428aa8d85c9a,0.4429134,train_dataset_6
c03b59bf0c874ed0e7ed37cbcf6986cd,0.5758557,train_dataset_6
be0796898e177a85cb62c61b324a80dd,0.67250067,train_dataset_6
8f420cd20f1fc17d326e4ac0d2d09275,0.3820796,train_dataset_6
f1092e9f1a78544fcbf0ce15ce5b494d,0.4646469,train_dataset_6
54ab7c8e14e491a1526d4980a054ac40,0.5820611,train_dataset_6
c0b62d27df707324956aecee6df9bc67,0.62133366,train_dataset_6
216a11cc37532679ae86faf8429c29bf,0.54219455,train_dataset_6
c6981669676369cb0374f1bbdd80377f,0.41393965,train_dataset_6
8580bc43ba8782e625e0cbab33435931,0.54587865,train_dataset_6
ec4501ab4007c7e2c3806db607b80fa1,0.34335256,train_dataset_6
37d80825fa902c309f4548a4c00535b9,0.5796017,train_dataset_6
9e1469e698754c31809b902984a4a597,0.67250067,train_dataset_6
218f0c39562dcafefd82383e9eaabc96,0.50125766,train_dataset_6
09cdd459657a66b02ba03e27d2db82e2,0.32092655,train_dataset_6
5cdb1ecdae11ab65d87ece4f54b93f1d,0.7652637,train_dataset_6
e7623019561e38a32ace193f706c9f82,0.54219455,train_dataset_6
3f792560b3b46e038f91c30ce3919125,0.19138996,train_dataset_6
1959f35c426dd5c60b5d9e2a568051ae,0.6406376,train_dataset_6
e0f6ee2715adb528489046160f08a918,0.3340191,train_dataset_6
e8f064817c835a6fff1c2607c5f26b47,0.7652637,train_dataset_6
ba6cc03a469f723a1f8b71188bed75d9,0.3370998,train_dataset_6
59b2bd13f46ba4157d8f5ce069f835e8,0.50125766,train_dataset_6
fd95b3635727e39489ce651ae13a51e2,0.72328305,train_dataset_6
c91c2b4d8bcccddf788bbcc9c9a996d2,0.73080754,train_dataset_6
fdc4c11fd4cd147de7747f903bf0a6f0,0.5840571,train_dataset_6
988f31da45e939bed45923280bcdad12,0.7791199,train_dataset_6
7963e51bad7b4c941b7fee410b0a670c,0.36410162,train_dataset_6
f881bcdb962803104b4d050b621366b7,0.52617043,train_dataset_6
1f29b36018ccdb6bcbdff6c0496608b5,0.5240603,train_dataset_6
2254eec1598d2f5f4172c43205d6b934,0.5758557,train_dataset_6
8cf6c865cdbabf99585f032a22a4db6b,0.24255836,train_dataset_6
6eb16802fe2b960b0fe8fa2b93d7da17,0.36410162,train_dataset_6
85e367d717ec2457cdc68b13cd54c247,0.77968794,train_dataset_6
b43a4f9d5f767ffd44e3ddf8e5ccd756,0.36410162,train_dataset_6
c9e664f6e9d78745f4fb7c8a9f36e5b5,0.60147625,train_dataset_6
ae58179fe43567d8616101d63e6155ca,0.3506236,train_dataset_6
28fd8769fe97a4a642d822bb1cd951e6,0.54219455,train_dataset_6
805e66920365391d59d4b5835c6c330f,0.3820796,train_dataset_6
7e83f1cb303d44c44438dd619d608ddb,0.44886398,train_dataset_6
482d5a1e49a19061970a39f204a29b2c,0.4429134,train_dataset_6
36337b4dd8fad4254e2d5011f4059fd5,0.62133366,train_dataset_6
b961cd8dc5d67527c302a5d6884770fb,0.6190686,train_dataset_6
f8378e1d953a30d106f6dc1370eb5d71,0.52617043,train_dataset_6
0a29ccd618a75928eeef5bf54497c67f,0.21406496,train_dataset_6
bfad0d927500faac03053c5eb8ebbbfa,0.5840571,train_dataset_6
0cd3fc005680d1cc01f57d83b616d78b,0.30673352,train_dataset_6
489f1f51ce2bee673d745570b3102068,0.34335256,train_dataset_6
c02c26b5b4356f837bbb491b18b95bb6,0.34485716,train_dataset_6
7f13a4bba3e3d7782183b888817d6409,0.6642821,train_dataset_6
bf49e32db37156d5ed85dc330c63ad56,0.6209236,train_dataset_6
1149cf6c0298f1257f8bd38b77cbcc2e,0.42745274,train_dataset_6
8fdd189b50785e9f24cf5d556831a7d2,0.60147625,train_dataset_6
796eb19dbd6aa203fe23a75b9882d9fe,0.3506236,train_dataset_6
24ee14c968366fe1bd79412214195084,0.4429134,train_dataset_6
6e44f5fbeb72d29c4bd4b6293423c420,0.6630282,train_dataset_6
581b27d6a4d5424747eac7f5d1c94a25,0.5796017,train_dataset_6
9fd2aa815170e1f466c2e3fb2b9db9b2,0.21406496,train_dataset_6
eb4fe6642824b822a37ed7e326a183af,0.7652637,train_dataset_6
a0d19d80658b80c1b6a4ba534da98974,0.789441,train_dataset_6
ad9605568640d9ec910f02fec827a032,0.3506236,train_dataset_6
2cf0eeca2ce7da6f799e85553c43d8e4,0.37447384,train_dataset_6
01fbccecfde78b842710aeeef3d9c0c7,0.19138996,train_dataset_6
645202bb4aeca40954647b51c7a64e48,0.47943178,train_dataset_6
84a976b00e3068995b7cd42831f0a4e0,0.6190686,train_dataset_6
5a4ac9d30c1b656a26db05abe584e3d4,0.4667196,train_dataset_6
0c382fcaa9bfbdb8d03677359692ff84,0.7791199,train_dataset_6
6eec9c2c2d4f8b3bdd545ba4e6a8972a,0.3588602,train_dataset_6
78d0ed26ff399f63138d62b3ec20ebbf,0.67250067,train_dataset_6
7cb375412f5083e22ec501b5f0bfbc25,0.789441,train_dataset_6
ed02f592381dadb853e1afee09319148,0.54219455,train_dataset_6
04f210d6e1ab7954b34f2a7b25378da8,0.67250067,train_dataset_6
80925aca0f879009b0fd17c667cdb8fc,0.6296208,train_dataset_6
c70cf5a1cbd3140e6b77249acca338e8,0.5758557,train_dataset_6
818c696ba70f05fa6701ff85108986e7,0.7652637,train_dataset_6
c0187d5856ef96be2bd038e0c9a07cb9,0.54030067,train_dataset_6
70a1c972d7bec86e2d785230f6d4e4d8,0.6639727,train_dataset_6
839087e9856942724073ed006f8555c8,0.7710227,train_dataset_6
ac04077b081d7c4a9bfc257456efe834,0.5840571,train_dataset_6
585c3911420d579eba8682999f180ede,0.4801778,train_dataset_6
fc56e96b5edaaa3e1efe52c87471d31e,0.7652637,train_dataset_6
268f766cec304ac705d62b1e57fde246,0.68357813,train_dataset_6
f880eddd292afe395087e778a83a2bb5,0.3506236,train_dataset_6
7db46d41eef96c60b2fe887b55666000,0.3506236,train_dataset_6
cca02d6c1c9264f40aa4e90963916307,0.19138996,train_dataset_6
7155b69a3c2f399815285153c4bc5c31,0.19138996,train_dataset_6
a0118beff87e0fb40f82b98ea610040b,0.4646469,train_dataset_6
0b110e938f4e668c6d591805ab808a9f,0.24255836,train_dataset_6
0bec35905424a453e698b8523085d3f0,0.598681,train_dataset_6
23e90a7dbc68810cf0e582a74f71ac09,0.62133366,train_dataset_6
2cceaf6367cb1cfc5cdc2b63ce8937d8,0.3506236,train_dataset_6
5508b6ad39ca70b9bafb6124a710f60c,0.7841036,train_dataset_6
b8933374093d120f58ca0d70c88a623b,0.35719746,train_dataset_6
e7fdb941c558a52ac58c576c8da73d49,0.5796017,train_dataset_6
b659acd65c9dc452005fd3654fd5fed7,0.3506236,train_dataset_6
05554636476dbefadd950c081c8b0eb6,0.6209236,train_dataset_6
5f31eb2378fab556f7824aeb5f105807,0.24255836,train_dataset_6
ae7ea8deacd6ebd550000b095e95ce57,0.30673352,train_dataset_6
d42669cb3aebfd5ab553575b96862cf3,0.7652637,train_dataset_6
484100bb4ef1c384fbbff8664965df5a,0.7841036,train_dataset_6
2d29667a455a2d315ba65a8699cc9e03,0.3657325,train_dataset_6
baa0250e5285f2898d11ca38affb9288,0.5840571,train_dataset_6
a5c4c26ae280afa96fca7cf387631035,0.77968794,train_dataset_6
2f36105e45a40d6db0e42de58c5d337d,0.7791199,train_dataset_6
d02d4d987d394913e2fe02d3408d1eed,0.67250067,train_dataset_6
647776b180e643e6d1b028b6fa8e24c4,0.47943178,train_dataset_6
3e36c7962b62f30d5ac3526829a57de0,0.67250067,train_dataset_6
fc84a23c5eda9933922a6ff205bfc77a,0.7021359,train_dataset_6
02e00195284cd9d4edb2e6baabb4d11e,0.5820611,train_dataset_6
01fc7e4a337bb5c3c103b34a16f8fc14,0.38782412,train_dataset_6
27e86334b43e6c8043e16ec961201905,0.37168536,train_dataset_6
6e7c201daadf2e269000498ae6f72040,0.34335256,train_dataset_6
b2e554d2e353d2616dd21e589264043c,0.41393965,train_dataset_6
7e5f17663a68e0d01517a25de7a02bad,0.3588602,train_dataset_6
31d699142f00211c6568752d421572c7,0.3588602,train_dataset_6
e64f65879950560c29713e9457d61919,0.19138996,train_dataset_6
5099eda3a2a6373db56b7c2a7f3bee54,0.53509814,train_dataset_6
5eb5fa301f8c9470a97ef2d7326ab8b3,0.24255836,train_dataset_6
148b3de726e3f0a61c2003bb61030868,0.38782412,train_dataset_6
fb38c338669a894457c985fa0485f431,0.6406376,train_dataset_6
1a17c5c547287b8e40f7793ec66191c9,0.68357813,train_dataset_6
4ed3122e3aac2824f8a7cd82475080f0,0.37168536,train_dataset_6
24d52b65088b942db69794e7ca3496e1,0.3656495,train_dataset_6
c950df8da7a42f779d112741929211f6,0.3657325,train_dataset_6
76d214315a2005094a389af3c9241e8c,0.5758557,train_dataset_6
163d3d466d43e2e313194f8e6134def5,0.19138996,train_dataset_6
679571b06817275ab9c5b20baca84ade,0.3588602,train_dataset_6
109d043c2aeb327c518554ea3b16f58e,0.60147625,train_dataset_6
bff7c972d1e3665032546df46d151e86,0.3506236,train_dataset_6
ea749a4a16ef11a99845ede0f3f66887,0.4306074,train_dataset_6
06d5f8153855bb176e79a93d9b57a865,0.3506236,train_dataset_6
ce0e918c76f0334601e7e23c9bc6d53c,0.19138996,train_dataset_6
b19777b8fab88b2125a8aee8711985e8,0.30673352,train_dataset_6
34c2c1a816875260cd9a9cca4fdd2a28,0.23245966,train_dataset_6
2103e555393a813082a94a7d4914c5e3,0.5796017,train_dataset_6
0266243b4311c585656e49aabf92bfca,0.4667196,train_dataset_6
e477a517e5d9ed68d2797ea2ad67de84,0.3506236,train_dataset_6
000476cff49bf2436f19de1bbafd3f7a,0.5840571,train_dataset_6
dfc0ed3b2ea4bd62f857cce7f0b4d998,0.36410162,train_dataset_6
ed373eb70ba790b684abd1bdbbe36dbf,0.7652637,train_dataset_6
53404a81231b35c18413086fe9e3f84b,0.41393965,train_dataset_6
634dbf49202c1b9a820fd2da2d727375,0.3657325,train_dataset_6
a0f255694710882ec32ab56b1899e425,0.19138996,train_dataset_6
b7f5d2d637d1a6278cf477d284e88568,0.6642821,train_dataset_6
e9411587e3d80f73fe52f7e9f54e86b3,0.34335256,train_dataset_6
ff9803f651c52bf9733181c064b63271,0.6074512,train_dataset_6
2c239a9f4b4fe539a446f0bcc8842201,0.3656495,train_dataset_6
306e6e483c4549da2375d32530209c44,0.41393965,train_dataset_6
4a6345fafe2fee214096e6ab8e37a313,0.68357813,train_dataset_6
01c9557477e3faa514f7721e36d56bbb,0.34485716,train_dataset_6
97240d06c010f21805929aa664fdfbc9,0.30673352,train_dataset_6
3ea9b3e5e8a49c3815b2d061cc4b37e4,0.21406496,train_dataset_6
d9fb1fe4855d6e0bf84071b95b55587e,0.789441,train_dataset_6
7a19d620242ca35f029dbef3fa84b30f,0.67250067,train_dataset_6
6681955df0b46b9dbe3bd4d298fe1753,0.72328305,train_dataset_6
9eb3210495cec9918b0837411293189e,0.67250067,train_dataset_6
16d0f71fb641c75c01f838d9c8b44f59,0.3588602,train_dataset_6
b8ece4f2f1c241195d923e7e296069ed,0.54030067,train_dataset_6
bf08b1e3b30099511866dcb297799bba,0.6209236,train_dataset_6
9e9d24dabc353ba2e14e6c1bdf61bb83,0.7276098,train_dataset_6
0107b5d756400ff4bba1ca26ff552d3b,0.474094,train_dataset_6
4dcbe31010833411dc628424590b4112,0.62133366,train_dataset_6
425e7701f864632d03e312698a8304af,0.3506236,train_dataset_6
11cbfc2c86a885a7c1de3d58b4ac2591,0.49671745,train_dataset_6
b0ecb8d490b07552f9674ae41efba0b1,0.50870353,train_dataset_6
d1b6166c376a63cba48b332420a9d780,0.50125766,train_dataset_6
e55d7cb232101f805de4676fe12c04ea,0.6074512,train_dataset_6
e63e008f3062362aaf96fc741c6bd8eb,0.37168536,train_dataset_6
71dec15a03fde8b36f7f6db9dc402613,0.73080754,train_dataset_6
587144317cae9ece4d8e33448b80040f,0.36410162,train_dataset_6
7227971e6a3cd3c085234cfa1088f2d4,0.789441,train_dataset_6
50290b5c6466f4d86e164b2b85257754,0.33216655,train_dataset_6
6c097b35d1d01492e53e2f93ed20720e,0.50870353,train_dataset_6
ec285e3d0cc9e2a21e58b2f1235e1447,0.6639727,train_dataset_6
423522aa3248f2ef95eb477b0894750c,0.3588602,train_dataset_6
d9298c82b8240c484e34214c636e18db,0.3820796,train_dataset_6
1c6d526087671f55a5c77f68e18a8ead,0.6406376,train_dataset_6
79aad38379d0c201d5c88a76f940df85,0.3506236,train_dataset_6
48a9fc3a797b689d06965a8148a08319,0.35086516,train_dataset_6
b77be0d0c2dbf3ad4d9046cbcc8c75e2,0.54030067,train_dataset_6
35758d614f2522527cbe03c7935e247d,0.3588602,train_dataset_6
0027bb8398b76d347d55b37b843547be,0.5246544,train_dataset_6
5f11c1f705ed5a8ece6d4741526a0344,0.72328305,train_dataset_6
192fdd43c4cb908f9706f6bbb6218277,0.474094,train_dataset_6
91e8c30cade4618cce3a3008007706e2,0.6406376,train_dataset_6
c0894f2ab369242d086104d3a0c29e0e,0.5840571,train_dataset_6
36a0b614a36b4fa8434e436aabbc12a9,0.47943178,train_dataset_6
9cf1771636c527bd9201c6e2ac5803ae,0.6074512,train_dataset_6
7d96c7dba8a7cae0844dc2f843368c80,0.62133366,train_dataset_6
42e1851d88373e1d9ce0e9b5796a8323,0.3428097,train_dataset_6
1a54f58a6662e01b4d30154dc8bbfec6,0.5894224,train_dataset_6
6a3bb0f4b8f6c4033e22b5cad077c5af,0.44886398,train_dataset_6
85f848c449ca68b5b06a022620bb1000,0.5894224,train_dataset_6
7e2b6ca78f6be7a0a11a0b9c77ae8dec,0.33216655,train_dataset_6
9b6a7cdeeff6c3ace7a3185dcdacecfe,0.50870353,train_dataset_6
51e43f0e025172fc968bba8f9af09e04,0.77968794,train_dataset_6
50024f75d3e748ebda1b140386bdafd8,0.26335555,train_dataset_7
4e1fcb3b210514d6732e60a8715312a3,0.12062206,train_dataset_7
fcf1f8e1e77dbc2f8531aab47cc64346,0.17333661,train_dataset_7
e547fd6964dad262c73046dc357145b9,0.069086164,train_dataset_7
7bba07f015bc785bc71c42d073bc57ce,0.40152243,train_dataset_7
cc589429a3042a452531c237fa27d6b5,0.069086164,train_dataset_7
cabcafa73b07a7d7207d9468a969e0e6,0.2082306,train_dataset_7
e4e493035070a6f08ea01bb16828878f,0.069086164,train_dataset_7
db9820718cc698910ea5f2a69fdbf9f6,0.012570346,train_dataset_7
dc083fe5d3f8d3f0758fc9d8f0507f0a,0.07849311,train_dataset_7
93bab5de89c8984cbc14e2129be61695,0.25148845,train_dataset_7
4da0f4f5aa843dcde1730f2bcd27f0b2,0.46242368,train_dataset_7
48c18f702437bb6a341908668ffacc0c,0.069086164,train_dataset_7
68bcd106726528557419a06fd733ee40,0.08538836,train_dataset_7
8fb0a2074febc0256d4a0454fdfe8054,0.12972099,train_dataset_7
a90058c9b2cb7bd7d3b0688c868b0e38,0.12941365,train_dataset_7
e0fbd0b1c89770f7f7179178c22301dc,0.012570346,train_dataset_7
220b6dfdb3c2667d83e31276925ff24d,0.012570346,train_dataset_7
e763d788b58a7c19b1e8e1b3c8d491c6,0.12339059,train_dataset_7
fc91406ea4cf0f659a1a58daef11e186,0.17333661,train_dataset_7
35fe084140747655bf4e3a8399b8cf00,0.012570346,train_dataset_7
8e776bd2fcfccffbcc70fab7f66e8b43,0.25366324,train_dataset_7
cfe2413462e123cd89e170cf96e1ad21,0.20694569,train_dataset_7
a634dcb771c288be3c4ca3a40bbe0caf,0.009526647,train_dataset_7
de37449ebe5f628b9ccf81fb49a2e9fd,0.009526647,train_dataset_7
407fefdf759c9989dff76ee5d5b30edc,0.20033304,train_dataset_7
50e959bcf00e8327b5d607a2a67cc0b0,0.4881382,train_dataset_7
24c149f3d30faf88f62d9c7e61024803,0.012570346,train_dataset_7
7982ddc73bf376fed22218f79ca849d8,0.27258736,train_dataset_7
7f0c1ad23d95d18b8fd0e09641c9a2bd,0.012570346,train_dataset_7
74fde3afb9c605f0df4423265f21707e,0.012570346,train_dataset_7
34e283d98cae8eeb86b8beab39eb5aef,0.20033304,train_dataset_7
132f73d15004597bf75878ae4c165d2f,0.069086164,train_dataset_7
a5b2eb436eb682556c678d7cff24ac59,0.069086164,train_dataset_7
bfa72d9a4e04c98138c7d70010cd3c27,0.26551577,train_dataset_7
59e4e9b4c655363a662c8a54dcbe11bd,0.3837489,train_dataset_7
e67fa33555d2bcec698f6dda8fe63031,0.1487788,train_dataset_7
2e28c7221fca4960eb3adb32d8f415af,0.069086164,train_dataset_7
e7c92ccc48843f9e7eadb45178f9db01,0.22373796,train_dataset_7
522444ea1c41a47495412d9a62421551,0.15671805,train_dataset_7
0865cc0e157249b7b8bdc4eed8e7a144,0.27080446,train_dataset_7
d4daecf6a2f31a53c6b86c846eda93df,0.012570346,train_dataset_7
5712604b1adf96e5c11985a9958e0957,0.08538836,train_dataset_7
a5d95a7c0cacaaf2c3b579ac8b5dacf4,0.010572784,train_dataset_7
1ec357245a2a03157f582981977bb67b,0.30020198,train_dataset_7
e2896cda605b2fe70259b9b4f97fa707,0.26551577,train_dataset_7
f5cfd2c49496db708c173eb389d14c37,0.012570346,train_dataset_7
7ddf15df905cd2cf3edc34b971ba199d,0.13520171,train_dataset_7
3413f1b8a8cea89d78737303c40af759,0.009526647,train_dataset_7
9dc2e7e062889032ff5b5106a030037f,0.12339059,train_dataset_7
b12ca310446d5f9fcf777de9b26df5df,0.009526647,train_dataset_7
108133f391e3953e26a1ccf6fefa036f,0.25366324,train_dataset_7
d36fcae315282a4a9e8a0110feeffa3a,0.29467952,train_dataset_7
cdaba49cf7a96ca623c2f040190a1c99,0.009526647,train_dataset_7
9c280332b9d6021c14172dbec1ae6d60,0.14774376,train_dataset_7
10aa80edc015cf66912fca9b588a0fa2,0.01889676,train_dataset_7
f5386199fcc982fe5e50fd6143837440,0.25366324,train_dataset_7
a374ffd88eb8c5d37f9c3c5ede699eec,0.012570346,train_dataset_7
d4e592cd34d5d1fe2dc5d492beaeabdf,0.012570346,train_dataset_7
a4d0da3d0533570d28e83b0097345c04,0.08538836,train_dataset_7
b9d0ac5500270be6467bc99d0e8aa8dc,0.13520171,train_dataset_7
4cfb1c849ca2785dc7efdb8aedcd62f6,0.29874805,train_dataset_7
02173a63fbd058a9461aefc01bafe839,0.40522718,train_dataset_7
55263c38df15e0d991002254716b5c8a,0.069086164,train_dataset_7
c82833ae4c4e0aeeee5312a2ee1efc4c,0.1487788,train_dataset_7
30217b3a7919036324ac8eee9a7e1bc6,0.30414265,train_dataset_7
01d04e7e17011989c5d63e156ceacbff,0.25148845,train_dataset_7
82a834bd70cc2a358f67d2f4855fa8bd,0.20033304,train_dataset_7
0433eb77c8dcf12e2f47b14fda0e6f61,0.3518125,train_dataset_7
3f81f8079169cdd5f23dd247fc2d1bc9,0.012570346,train_dataset_7
815ec3138201dff12698606c536c10dd,0.009526647,train_dataset_7
b12493eef431c75661088a74706e75c9,0.07849311,train_dataset_7
2212d8f6b59e0b9fcbe6309ae945d5ce,0.26335555,train_dataset_7
af8d7fd09cb492916dee16ff2d8f31c4,0.11589848,train_dataset_7
6c292997318986f9bc17812eb75e3a1b,0.25366324,train_dataset_7
16ff176bc822b3ad57e24fedc0e21824,0.6189493,train_dataset_7
a5d0d8501f41ccdf5ea911707e3d4e94,0.3837489,train_dataset_7
e557da36cade0c88641c531c7fbc8bfd,0.27080446,train_dataset_7
16d81e2c558b55fa7f5220eb2d611524,0.14774376,train_dataset_7
4e95865ae7f3e467c2c52dc510a59b8a,0.17333661,train_dataset_7
1ddc7236d74e8c054b4609e1ae94fa37,0.12339059,train_dataset_7
2f92e5cc18f34f82a2ed83affedc2150,0.14774376,train_dataset_7
0c9939b398c484cc7b7bfdfe348ae4e7,0.2082306,train_dataset_7
3941ecd1862e7b6e3243b221ec6077f9,0.011461393,train_dataset_7
e666b853f701dcdd008cb4f9043728f8,0.009954218,train_dataset_7
88dc114687c160f68de24f43d9ada989,0.012570346,train_dataset_7
6bb8d7087820f3f27d6ae6c299f36577,0.07849311,train_dataset_7
2e90107e8084872bd7593abc05c7b929,0.009526647,train_dataset_7
aa9f54a5b0fa8591fc3681377abca091,0.26551577,train_dataset_7
2adc65f6155391861f47ef000887b236,0.11565322,train_dataset_7
7d280e147d09c8a0263a1041cfc7da4a,0.009526647,train_dataset_7
00605f703d13b714382047a0f327f51b,0.22373796,train_dataset_7
979484a24a559e86576ca03fd8f1e1f4,0.012570346,train_dataset_7
2048d25422d7304a1d78d77bd6b1aa81,0.25366324,train_dataset_7
6a4aa71e8900e5e546911ab125840e4f,0.14379644,train_dataset_7
0c5ca5eecc0198036b8a54a0db001c54,0.22373796,train_dataset_7
015ec6ccc979e8680f89ec4fdc24b3e0,0.11565322,train_dataset_7
9941c60563d5ef0acb021553ada1761d,0.12972099,train_dataset_7
7849353a3702ebd2686fd18af1ad2dcd,0.25366324,train_dataset_7
f9e7f14eb62288076ff5fde8216e5412,0.012570346,train_dataset_7
72766ab8bc2fe52c9ee62e23c1acadb1,0.14379644,train_dataset_7
53cb6879f66a586b8859d97cd1ececd4,0.25366324,train_dataset_7
bc1c8842a03fd5ac90a938db359bca5a,0.009526647,train_dataset_7
280f9d38fb72f25b9c577f70420b9de6,0.009526647,train_dataset_7
e6ad192aceb43d97c924983cd039487b,0.14774376,train_dataset_7
141fa13a914328da9a4f8e7a947b2391,0.12339059,train_dataset_7
2793be7888e7a8b59b87c6da9a6100fb,0.22373796,train_dataset_7
a8381e71e81a71c2cf5298ed0b9cb369,0.11589848,train_dataset_7
f82763d40cce86c45f821fcbd29d736c,0.40169197,train_dataset_7
90402e5e29bad4e8b524e8502ed3e20e,0.012570346,train_dataset_7
ac21573cbb455f5759a18761e03bde57,0.30020198,train_dataset_7
2b11b4786e1da30b1cbf4c8d6101e877,0.26335555,train_dataset_7
ff0d2f540a4c4c634fc1e896b3490c56,0.40522718,train_dataset_7
08552e8bd95d43dbe5fd5a31e6665393,0.25148845,train_dataset_7
6a3c2ebbdf0726aec5c7a896bff874c4,0.25366324,train_dataset_7
071770195cd6eede16bc67d1fbd45244,0.20033304,train_dataset_7
a86e62f000dcd468b71694af1cf54100,0.012570346,train_dataset_7
7ca6a58c6d340897bdf4103bc8cbb321,0.069086164,train_dataset_7
07f35a23d232813d5115851923c80d53,0.30414265,train_dataset_7
b7c9e12d2e20105e41a7f9f29fd19618,0.13520171,train_dataset_7
26ef0dbe427f7c3d52e0f488dbb350cb,0.012570346,train_dataset_7
a0ed63ab4e3a0e4e191e3c23ca18c0e4,0.45246807,train_dataset_7
27480900fb4d439b440dc32c59cd22fc,0.07849311,train_dataset_7
885eb40c6218195caa9a109353d15136,0.009526647,train_dataset_7
da36ca4d836635f52f14d3c0504a4c13,0.012570346,train_dataset_7
7b8f08502c73f668fb650aa8f2216617,0.009526647,train_dataset_7
deb3d52180f5dbad7d9709191895ba1b,0.14774376,train_dataset_7
ce3fd8c996f9a53f6dc892f56332d14d,0.30414265,train_dataset_7
ddf3e357251fdace1040678cfcf2b43f,0.27258736,train_dataset_7
ab47304d74a23c861e450888eafad0b3,0.26335555,train_dataset_7
3d1db369e5e1f031cf4df108dc94af54,0.012570346,train_dataset_7
d52e1b279a4c5800930df556bdc03ecc,0.012570346,train_dataset_7
75bee0101a23d138e496a51cacbba924,0.16586718,train_dataset_7
959c03674a72a90189953be9f68f2e39,0.012570346,train_dataset_7
d249e850e62f1eda2da288ac77d3e91a,0.12972099,train_dataset_7
f167dffef5cd9f5bf53ede992f60a966,0.25366324,train_dataset_7
d30ba7b6166471926fd6c775e011e5b3,0.11565322,train_dataset_7
3014e8927bd26646a78602cfbe15e5d0,0.6189493,train_dataset_7
50b0109b6ea52c62f67ed38c5e7c2a7b,0.12339059,train_dataset_7
6993ce9705289f8e33ee13edda2967b8,0.1963748,train_dataset_7
220de4c7ddc6fd3c69cde4c281cab83a,0.32977533,train_dataset_7
dafbe93569d03a3d5ebc4018d789b34e,0.20033304,train_dataset_7
aeef6bb62b4fee752ab35c64a4e4431a,0.29467952,train_dataset_7
7802ec0890bc6e570fb331db14403391,0.32977533,train_dataset_7
d44ae475bdd074f488e16426331a159a,0.11589848,train_dataset_7
d4d2825ffaf7449b0f0b744ec1fe0b25,0.14379644,train_dataset_7
4c01178a400b8be5f6296d72a4a5cc65,0.11565322,train_dataset_7
077b92776a041e856d25764980602516,0.016479524,train_dataset_7
4f7e074741b761c248cc300eec41d472,0.009526647,train_dataset_7
cd85d0cedd29ced16912178048fac630,0.25366324,train_dataset_7
700a9e0d5249fe49885ed9e179b5d5ee,0.12972099,train_dataset_7
a3cd57702e6733a9ac5cf942a29a63d9,0.16586718,train_dataset_7
a1421290c7d92a2c1d17f0303501ff96,0.12339059,train_dataset_7
25ffe679242164834f274065aa70397e,0.08538836,train_dataset_7
956f3b2af3b24fe3c6ea3a2336a9c811,0.19538736,train_dataset_7
e6afbb68a73705dced469149c7dd5f0e,0.07849311,train_dataset_7
e9f0411205350778e00d8f963aa6264f,0.12972099,train_dataset_7
ebe11fe4781cba95af2db7c8140c4921,0.2082306,train_dataset_7
53597958efac2a1eb05a6364f2bf8cae,0.08538836,train_dataset_7
8090133b028bb6c73b75915912c335a0,0.015109241,train_dataset_7
321e35e2fc1fa0762617fd0f919ed8df,0.26335555,train_dataset_7
e4dd15dace36769e4fee1a9abd34c168,0.32977533,train_dataset_7
57c7ba3aa11cca0397a8e0ea49bf7e12,0.07849311,train_dataset_7
519d529dd298c8f5b3626ddd2b862e8c,0.07849311,train_dataset_7
3be92ef2f3c2cbfb1137037c143c3a3d,0.07849311,train_dataset_7
f074761ef05b49ab84f4a12455e7a5db,0.6189493,train_dataset_7
695f492bccb0a0c83339ad584687095f,0.29467952,train_dataset_7
73cc71588412f772dd3a0548305392a7,0.4881382,train_dataset_7
d511bdc4942cdae298caade93c3dcf47,0.20033304,train_dataset_7
54372c7cd18498120008008fd5abc6e1,0.012570346,train_dataset_7
53c11850c80d48272938a7c5735bc79a,0.3837489,train_dataset_7
9330d2197230b206cdb1ccd170078fb9,0.12972099,train_dataset_7
36f51228432ded9f0d8eff2b8ddedea6,0.26335555,train_dataset_7
bc206dfb6094223d385229d45ba59ecb,0.07849311,train_dataset_7
1b9c50aa63493b890459cdb2f0f00edb,0.12339059,train_dataset_7
94e3ea486e879dcd1cb13cfa65c7cae0,0.012570346,train_dataset_7
c3898107a5dd45667a2bef742f3f5671,0.1921781,train_dataset_7
575b2cf357a366cde25e231c260997e7,0.012570346,train_dataset_7
523fe0c2199c8edf93359d1fd14f6a65,0.009526647,train_dataset_7
7d593e66dfe62ef227305eafaf099635,0.1487788,train_dataset_7
e36496dac9e549df1722d10e658c1328,0.069086164,train_dataset_7
52ff66b2af9da15b3a4556aace90b3c1,0.012570346,train_dataset_7
5039489d9260765fc2295910ce7570dd,0.08538836,train_dataset_7
e4ccc0f6b4850d0ed0d6fa14acc6fe19,0.009526647,train_dataset_7
24786ba37508c00d756c93873baa6fc6,0.1963748,train_dataset_7
832f6e42aa5eb2ba7a952e6d5ef45a7d,0.07849311,train_dataset_7
f1eb2ae9a7f599e6838b6f33772d4e05,0.012570346,train_dataset_7
e42edb8a739a59584bb9c3d0dea062c9,0.26551577,train_dataset_7
951687e69ce2dcad4fbdaf822c2bc44f,0.6217184,train_dataset_7
b5f6f4f45d79764e5bb7eeab6c2720c4,0.012570346,train_dataset_7
9434a65d4109db4687069e6823934d18,0.11565322,train_dataset_7
ce209aae3100c64b5a43332d4f6f80fc,0.009526647,train_dataset_7
e66eb1c1f3c78b5545d4c9ad6b6aee28,0.16586718,train_dataset_7
f1b4be7378a08253effc01f5a0b90de9,0.009526647,train_dataset_7
fa7b81901dd0f0a100fa0dbb1688c399,0.11565322,train_dataset_7
f8bf887b4a6ee6f223743f08883f50cf,0.12339059,train_dataset_7
2bbebb93b0f08abf334a7a1e9912def8,0.30020198,train_dataset_7
b9fdd7d9853533f065fa5fbbc6296a90,0.1487788,train_dataset_7
ce3e8803d88ac47114bcc775d58cd9e3,0.46242368,train_dataset_7
5038c71ae11e0ac199048af7b918fbad,0.18439554,train_dataset_7
04b4cfd8c10d66717111159197b22d32,0.069086164,train_dataset_7
f8eb3582185413aa0eac684aa16b7ddc,0.069086164,train_dataset_7
8b834b387294c013789c87db7b14d5e5,0.1963748,train_dataset_7
dc4d7536f06cdfca91e8c529de72f479,0.12339059,train_dataset_7
627d8b08be1cf188aeaf31e283544da8,0.40169197,train_dataset_7
3a9b181e00ab890897f52d76c384f56c,0.17333661,train_dataset_7
99b379aaea471d1c59c4446b41c058b4,0.012570346,train_dataset_7
9a706e7f47f5baf39e0d72ec16a275f2,0.27080446,train_dataset_7
b9808a3b9b8130f0444ca223f5f71b8a,0.22975913,train_dataset_7
07a9a64c648ee9e04dd75d43c321a9e2,0.14379644,train_dataset_7
48057c1f13c9631d4fbfe9eea5510a2b,0.14379644,train_dataset_7
e0fb4353428287b9101b367a8e690604,0.26551577,train_dataset_7
e3d6ae9b00bbda509386c6ff1298a25d,0.25148845,train_dataset_7
7f5345d5324d97a67743342af050dae8,0.27080446,train_dataset_7
978657264d3c18e9261bf52643f767f8,0.40169197,train_dataset_7
88b6fc312196f4875893f7f392eac4a2,0.2207047,train_dataset_7
a97459825a6123666031c47cca806175,0.08538836,train_dataset_7
598adc46cccec42b17993a1368227bc0,0.26551577,train_dataset_7
59ce833784cad35372853becc5e33493,0.11589848,train_dataset_7
d8f4ee5a55c8d9faa8da6c3661e1d5bf,0.069086164,train_dataset_7
bb1999828d203f0b14df53c548e3bcda,0.26335555,train_dataset_7
c2116eb338283acac868019f42338d66,0.3083461,train_dataset_7
3bc4a656fb0d07c15f1640d056faa1e3,0.012570346,train_dataset_7
d63919814e54bd4abc180599e70d002e,0.2082306,train_dataset_7
43b60100053352d781873cf4602eaa4c,0.25366324,train_dataset_7
a82f553931933f236424d6e27d23fd24,0.1487788,train_dataset_7
88fc12b0985db1353036cf7421b59861,0.3837489,train_dataset_7
01011e88f4b8a40bda30a36ce1777a37,0.07849311,train_dataset_7
8fed3901f6fe035af584a32f655fc264,0.27080446,train_dataset_7
b412f6457c77ea68853efbc4cb466451,0.25366324,train_dataset_7
8c41a7f566210f963bd0242007d03f98,0.20033304,train_dataset_7
a8fc35c2100d5a3f984e2efaeef12cd2,0.25366324,train_dataset_7
975420a9fc3f0076b4e30699a8d4ea9b,0.45246807,train_dataset_7
835a2698784f26c0f4f06f882a4a6ece,0.46242368,train_dataset_7
6924dd62483eca5032a4d775d82b9216,0.14379644,train_dataset_7
b06c1ed732b8b7adcf73ef7c7de67fbb,0.26335555,train_dataset_7
16a53fb5245f56f16722015962fd9bf7,0.009526647,train_dataset_7
0d8a195620672ee9541682cc6cb342b9,0.069086164,train_dataset_7
ea09a9681902ed9a36b14c5cd824e61c,0.14774376,train_dataset_7
dc2da0b52c4259af31436b7d630e4a11,0.29467952,train_dataset_7
b0567fa16833add7e10e999bf2c6ca2b,0.2207047,train_dataset_7
f0c5a2013b2d414fb69359faef10214f,0.6189493,train_dataset_7
9a000c394f6b9d8b931c6d2f6c087863,0.40152243,train_dataset_7
5ae93447fdfba7e8cd3aae55a3adbaff,0.08538836,train_dataset_7
d1ec9b4ee11dbc4612b78ae752111076,0.46242368,train_dataset_7
cecb1c5dad9efed5565616dc7b602343,0.25148845,train_dataset_7
a82f214176438cc2a77679e1bc3831ab,0.22373796,train_dataset_7
68df35f4a64382cf16b478fbbc7456ef,0.15671805,train_dataset_7
13c425293130c00a737a079e9fcd218d,0.13520171,train_dataset_7
bd16e2068d3acd0d975fda833fdcdf6a,0.13520171,train_dataset_7
2d5a6b45c76165a8b1aedb862fff75bf,0.26335555,train_dataset_7
b74f3b2aea27ee0ed9f0bdde84c4ab62,0.0141081475,train_dataset_7
54abee9b725d0a5d8d0b336285fbdf08,0.17333661,train_dataset_7
dc8ab731fef233d79142d271d2ae832a,0.12339059,train_dataset_7
b0f528c4dc6bf469106feb1499b7808d,0.030208915,train_dataset_7
e453d392dd57cfa9066040faada323bc,0.25366324,train_dataset_7
6a309e50193b081cdbaaaefe97b36e4b,0.1963748,train_dataset_7
68ebb1e3fc168a5a40552adea9e2b22b,0.11589848,train_dataset_7
2f02e76de433d10075f0710a21d47773,0.012570346,train_dataset_7
f436e0a3b50e7d7f24c4e093be0a6950,0.009526647,train_dataset_7
4b8e984837ad7e0dd387acfc5e42e7bd,0.26551577,train_dataset_7
0714408b5ef70aa0dfa4d1cface7ae9f,0.12339059,train_dataset_7
99f911eef85d35965064f5798419359b,0.26335555,train_dataset_7
8aa354d43ac3b907f024cd050d354871,0.009526647,train_dataset_7
061c88b9e3f99088c716a98e04da4fab,0.26551577,train_dataset_7
c89cd3db3a0cfd3d182e15d22b6c3b50,0.069086164,train_dataset_7
21a83745aacf1769bac6239e112cc769,0.12972099,train_dataset_7
cd2118c0b3305877a22553c3f79371f6,0.07849311,train_dataset_7
59ade3fa07a7292bf9fe03f18191397f,0.13520171,train_dataset_7
325ff71bad050b26d7c575b067d8e96a,0.30020198,train_dataset_7
a086848c1ac66f87a9ad3a2704886f7e,0.012570346,train_dataset_7
81781274566eaa3bbd573f821b9f449d,0.14774376,train_dataset_7
80b7ff983cd5220dc51e7d4bacf33db1,0.012570346,train_dataset_7
6f8fdd3f756661feac7a1145bc2308dd,0.012570346,train_dataset_7
06e82fe9ff8c573d8fd0cc328f8e867b,0.009526647,train_dataset_7
bcabb3f14c6696759d83072d8054e519,0.46242368,train_dataset_7
3da2bc386f2131c931cd1679e9c1d9e3,0.012570346,train_dataset_7
f0751f38675b037b91863022c6aecd8d,0.069086164,train_dataset_7
ee5a305623b8d56329f93f19c3571c5d,0.26335555,train_dataset_7
5b035888aebc980c726031a8fb88bb95,0.1487788,train_dataset_7
f516715bdb299df2d9ef3f87d23cf0dc,0.012570346,train_dataset_7
053ce99261259e61d91cb3588fb421cc,0.11589848,train_dataset_7
68e2c07cb98acfcbd45011bc88f30ae5,0.11565322,train_dataset_7
f56fb792db10569af5fe28e2e45493d9,0.069086164,train_dataset_7
1a53237b5d9a7bf7378649337e65b92e,0.009526647,train_dataset_7
c1beb4c62d32565dff810592ef71e7a4,0.009526647,train_dataset_7
07c78ba8565000748012fa8056a8417c,0.26335555,train_dataset_7
94c9a03b349f4d7cd7a0bd429d89be9e,0.29874805,train_dataset_7
3599cd2c67230f1e84340821321faccd,0.12972099,train_dataset_7
30fcb02cb985fde993268b94c709227b,0.27080446,train_dataset_7
d1e52aeb46402ecbb45c629f235a42a9,0.012570346,train_dataset_7
117ebda1ebc09d70903e380d7127fddc,0.4881382,train_dataset_7
82a843de95b029ce1f2bc76a74f2e68f,0.010572784,train_dataset_7
bb9e71222dd89e03c18dc7c50afe37b3,0.6217184,train_dataset_7
48e74cecf2e7dd8079bb00fcbeef4ab3,0.40522718,train_dataset_7
132d18371f928175aa397960c4fdd938,0.009526647,train_dataset_7
e69482c7e5a021389d1cc490499183ef,0.12972099,train_dataset_7
d817b319ba63e2bf22a56c3ec2de3b96,0.25148845,train_dataset_7
f0b263011fe531ed0ccc83c6c13979db,0.009526647,train_dataset_7
dcdf176b3deae262a4eba8210a5844ce,0.012570346,train_dataset_7
650eb82073d45b1b1499ff0d0336a198,0.013806593,train_dataset_7
296e4b7a04e54ba9c3f4c4fb5221200e,0.13520171,train_dataset_7
002d8efb7e5648e1cf3dad87066c8575,0.11565322,test_dataset_7_1
01e9246af798ef6ef51bcde6176916f0,0.16586718,test_dataset_7_1
04ba4d6eb9e1c8156e1f3b220b5b7288,0.2082306,test_dataset_7_1
04fb3dad383db34219f97b8913f540ab,0.40152243,test_dataset_7_1
0559f13604185346572e342552ea3bdf,0.07849311,test_dataset_7_1
15dc75558c3950f5f1be68ead1ed23c4,0.12972099,test_dataset_7_1
1a66d6cb0242bcd58e6a9fa52ec99f7e,0.25366324,test_dataset_7_1
1c32836501fb91ff3b763234606a333a,0.07849311,test_dataset_7_1
1e7ac04e6736a02999151ca6b5bb2a17,0.26551577,test_dataset_7_1
1efcad4c714c1290ecf3c7839ce546e0,0.26335555,test_dataset_7_1
1f8de89cadf315921c91ab20726b3984,0.01889676,test_dataset_7_1
2343d2d6e9e36c164c16b4f28650150d,0.012570346,test_dataset_7_1
23cb2ed1e8eb43ca66e1bd696e578b9c,0.13520171,test_dataset_7_1
2a237e04334f5ed4a6855c8e3d34cfa9,0.01889676,test_dataset_7_1
2b096e08597b82eeda7a25e213046a20,0.25366324,test_dataset_7_1
30f6349aaf50f1ff94ecc9406aff2786,0.26551577,test_dataset_7_1
358214ae259cca018c3ef51c6dc28ca8,0.2207047,test_dataset_7_1
359ede9a8de1fd9a9c16192c64b8fc4e,0.12339059,test_dataset_7_1
3986d76934e41be3ccbabb546222e662,0.25366324,test_dataset_7_1
3e2b9c716ab1a908428d515c0f58c838,0.40169197,test_dataset_7_1
3ef3b4b76a28614a1c5bc76f930d0f7b,0.010572784,test_dataset_7_1
40dbe47dc9da1d8eecb5d0e5b4876f74,0.009526647,test_dataset_7_1
49ffff2c442accb3f7dbe053e70f9ed9,0.069086164,test_dataset_7_1
4a8995f8a46a69b43165ea55ac126368,0.30020198,test_dataset_7_1
4bd01813fbb4b7bba6a29995705a8815,0.25366324,test_dataset_7_1
54f16ecd46ac8d0a5899ff9a93571bef,0.40169197,test_dataset_7_1
581062cb14756be27b097b27e1bbad8b,0.0141081475,test_dataset_7_1
5852ab5498fcb4a0b97c12b6c9acda29,0.12339059,test_dataset_7_1
5a2ccda06ccd65cdc15f510be63cc0b6,0.012570346,test_dataset_7_1
5a674bb733dc6c9e7957e16e6bea9e5f,0.11565322,test_dataset_7_1
5dfb29ebe93aeb7d7a8238475165e936,0.012570346,test_dataset_7_1
6294f74d6f4c03055cf0a6ce6ac6012e,0.20694569,test_dataset_7_1
6986ad061ac0211e6a51881efb1d9f5d,0.009526647,test_dataset_7_1
6bd0a4476c4cf4342e9fcbb87a92d7a4,0.012570346,test_dataset_7_1
7264569a42c13f956d404d283ff331d1,0.009526647,test_dataset_7_1
747ee69b9cd154537181a8275f379835,0.6189493,test_dataset_7_1
78614a8994e834668410c7045075df87,0.2082306,test_dataset_7_1
7dce51f8ac87250725d663d256aa1fe5,0.07849311,test_dataset_7_1
817574bbc8bdf97bed43b01210c93aa9,0.40152243,test_dataset_7_1
82997f219006d726844eefc71eaa5955,0.009526647,test_dataset_7_1
857f7af799908727dba5f2d6f2deec9a,0.069086164,test_dataset_7_1
86d5623369ff1117186e427d5940deed,0.17333661,test_dataset_7_1
8b83673f355198d694df11cafe4aa1ac,0.29467952,test_dataset_7_1
8fad4729d52975eb939a0281ef07a42c,0.14774376,test_dataset_7_1
90bbfead56eb7124bc695611eff215fa,0.069086164,test_dataset_7_1
97e5a462deeac8944f166c2cfcd65e66,0.08538836,test_dataset_7_1
994fee84cd7e69012413310f088c50ba,0.08538836,test_dataset_7_1
9dacbe6078f658f1cdf368d3bd32a8bc,0.069086164,test_dataset_7_1
9db0b000498016bae06ab67b14e018a6,0.1487788,test_dataset_7_1
9e0cfc750077f80246b8015d7849134c,0.40152243,test_dataset_7_1
a00bc951f59ffedeed6c177436a9a7c5,0.46242368,test_dataset_7_1
accd1964564e6cc21d3d26ffaf94365b,0.46242368,test_dataset_7_1
ad353e882c71c87fc1d9c60e6bad2388,0.0141081475,test_dataset_7_1
b46b64de0de5fa37274448cb45757598,0.22373796,test_dataset_7_1
b5d4d6bd7d71525638c1baa54c0ddf88,0.069086164,test_dataset_7_1
b62bf12cac789714f60a6afccf5a0525,0.012570346,test_dataset_7_1
bf4226ec7e3a867fb933290565cd7e67,0.2082306,test_dataset_7_1
c0a2249287938dc073869ede80786a20,0.012570346,test_dataset_7_1
c9c4a4f9cebdbd354a93523aaf1ac566,0.009526647,test_dataset_7_1
ca7495c72b6d9e0a83e05bbfddbaf513,0.26551577,test_dataset_7_1
d1d186dc8295f9ed083e2cd68754c4a8,0.25366324,test_dataset_7_1
d56ab398ffa2374c8c42eff5392ef9b0,0.009526647,test_dataset_7_1
d72ad9d98e4439d76850cdf30a720289,0.07849311,test_dataset_7_1
dad0388b714064d6eb426b8c16bc555b,0.012570346,test_dataset_7_1
dd609fd1b764c018a4442b973c62ba6b,0.16586718,test_dataset_7_1
e0b4b25ba4a3baa84dc9263a5bb6d48e,0.08538836,test_dataset_7_1
e1269a8bba52b074de30178070ba4c3c,0.26335555,test_dataset_7_1
e6b9e45ed66bdd4562feb7688dd73c12,0.14379644,test_dataset_7_1
e78873a8f6e657f26b7b8a840d68b356,0.17333661,test_dataset_7_1
f1856e176dfb24a26b2cc0023fa2c87f,0.16586718,test_dataset_7_1
f8a2fec010d574614a8a5722eaa038ca,0.009526647,test_dataset_7_1
f8ac66d82d5debe259b1d522d4100b72,0.069086164,test_dataset_7_1
fa79a77c6e9a880f3488c802f8f93b2d,0.08538836,test_dataset_7_1
fa9481033af09287257151924ffe7f83,0.25148845,test_dataset_7_1
fdc539151615ea15edea02b235b10061,0.27080446,test_dataset_7_1
ff79aff0790269e90204eeea35eb2cb6,0.08538836,test_dataset_7_1
044d39ed45c048a93d8beefc7212c949,0.12941365,test_dataset_7_2
0525c68a3b23d4b8fc0d58cffb3caf7c,0.25366324,test_dataset_7_2
096e358c5cb6de35872c32a0c8921c22,0.08538836,test_dataset_7_2
0c99528250faef9d4cfe5f7c5c0da805,0.30414265,test_dataset_7_2
0e2adf2677ca56de426d9d0162f36ad9,0.20694569,test_dataset_7_2
164856cb35105c4dc358f4abbd5efc68,0.26335555,test_dataset_7_2
173f67736844805d0f93f29e85a7b65f,0.12062206,test_dataset_7_2
1754e988924d92491b485b0dfbfb33a6,0.012570346,test_dataset_7_2
1c223f57d339b3d13af3cae81ce6972f,0.08538836,test_dataset_7_2
2031c857398d48e090f3aff120d1ccab,0.25148845,test_dataset_7_2
26dd7ceca46c3748a3257a4f8654147f,0.11565322,test_dataset_7_2
2834e0c4a53bdf315b00cc171ef13435,0.6189493,test_dataset_7_2
2d8e646f798b363f3400f0d28259664e,0.29467952,test_dataset_7_2
2dc43a041f2d25bf84775d64d2b32b70,0.46242368,test_dataset_7_2
325c83a99caba4225736ab045a34910d,0.46242368,test_dataset_7_2
36e3ba251cb0ed757eca166629bb0381,0.11565322,test_dataset_7_2
37b67c783be7dbce3f1f677586721470,0.08538836,test_dataset_7_2
3aa77912d610d12509192cd95715dbdb,0.14379644,test_dataset_7_2
3e91b29c90dd04bdd38e3496170a2374,0.069086164,test_dataset_7_2
40e7749c8ea183ded697cbee642c406f,0.12339059,test_dataset_7_2
4121a58b5efed26a466b03485bde83a7,0.07849311,test_dataset_7_2
41ed267bac5052c7718c6fa4ef958fb1,0.40152243,test_dataset_7_2
41f5e3ed063c87988d0bc9942127671e,0.25148845,test_dataset_7_2
451c0e5e38ee6fd8297dc6f845a30b18,0.069086164,test_dataset_7_2
476a8555ce1338edb07163e307bd98ac,0.13520171,test_dataset_7_2
47949201e050e32ed5c119a9686401a5,0.20033304,test_dataset_7_2
4bc1dda10755753a518f5c681988c2d5,0.46242368,test_dataset_7_2
4c50380d95d7b31e625f949cb5b91980,0.11589848,test_dataset_7_2
4da5fcbabb12589b72e1e85f8f319fc2,0.012570346,test_dataset_7_2
4fb950a498186f0b434860ea10f1a06c,0.14774376,test_dataset_7_2
4fbac5c3cd4fb00d6af9396d710d16f4,0.12972099,test_dataset_7_2
52c1ddc5e71eb0116fdf241c309a6015,0.009526647,test_dataset_7_2
545648d4c0e0ff86cd81189b28f74d3e,0.11589848,test_dataset_7_2
55aeb1979d7570d799abbda5173c8fc3,0.11565322,test_dataset_7_2
58e89ad1600df49b1ae275ee4ea4a59a,0.012570346,test_dataset_7_2
594cd4e5ae9f142aa36114cd71b74280,0.11565322,test_dataset_7_2
5bffbfe9cbb89f9bca956e1000113d14,0.08538836,test_dataset_7_2
64616a3bc33887779974d872e3dee70a,0.25366324,test_dataset_7_2
65bf1002be8fb2dafd180d5e95b2ba7a,0.08538836,test_dataset_7_2
6636b609c0998945d7ab6964ae9faace,0.3837489,test_dataset_7_2
663e365968888c12af29cdf843f71497,0.009526647,test_dataset_7_2
6960ca05f5a2ab060f377aefa2ccfa43,0.11565322,test_dataset_7_2
6c1b431cd835a06332eceb267e5359ae,0.08538836,test_dataset_7_2
6e31007bd9a92d7e87b7d19fc222c10b,0.016479524,test_dataset_7_2
758e0830a0de7ad63020f00ab56f3e3a,0.3518125,test_dataset_7_2
7b6ac2aa8d0ec73f6477d2299745c338,0.12339059,test_dataset_7_2
7ff9bc8c0a7dd6706bd985a3aa8f51dc,0.46242368,test_dataset_7_2
80208adf3ee35769c26542c4e7b1c02a,0.25148845,test_dataset_7_2
81d4b18e1761252275164f306c08bc59,0.12972099,test_dataset_7_2
84ae85b3234c12f8c6af7b9ec06e260a,0.45246807,test_dataset_7_2
84fabb9135ea0aff8bf8038a289a4fa3,0.11589848,test_dataset_7_2
85a8cc700f913a9de2a624779a11c6db,0.1921781,test_dataset_7_2
89ebfd691c4b393bc198acdaaa1e654e,0.27080446,test_dataset_7_2
8a657b71b0dd2338e5ac1bb5375513c6,0.17333661,test_dataset_7_2
8bf8e5284a36cc9c9d6b8831d0719b96,0.08538836,test_dataset_7_2
8c399a3484f2f5f4dd555418a7a9543c,0.012570346,test_dataset_7_2
8d9fa4e637f859c2bf3d248b169b0121,0.07849311,test_dataset_7_2
90359259983f5013fb4ff9e322446ccb,0.26551577,test_dataset_7_2
9122be347bfc79d7e15b5c7b5633fb17,0.20694569,test_dataset_7_2
95eacbf53ee77907ca7495964f351641,0.015109241,test_dataset_7_2
9736baceaabaa086fb946dd758d21d2f,0.17333661,test_dataset_7_2
99f8e73076e81db717c5da2f5ac8b5ca,0.40169197,test_dataset_7_2
9a3e77027a58a4244955b576a6dbde7c,0.29467952,test_dataset_7_2
9c4daf7ea1f0c8b0481d9732e82c1cec,0.13520171,test_dataset_7_2
a2d09c72d8c76ba396e5c8dda7dc9a19,0.069086164,test_dataset_7_2
a3f8cf37aac11d07d17dd92fa6014612,0.11589848,test_dataset_7_2
a849307e800056389843b05664d80a65,0.27080446,test_dataset_7_2
a8d86e69af1a7834fc5b75c33b7d8b80,0.3837489,test_dataset_7_2
aac99ef29764235b61f66059b7700fa0,0.14379644,test_dataset_7_2
b5f8c196dfe44ac8a927bf3d20358b93,0.08538836,test_dataset_7_2
b6913f748c401872908b7761d33d917e,0.40169197,test_dataset_7_2
b7a952c9f810f667ddf0d16f1bc3d2d6,0.25148845,test_dataset_7_2
b81a97bc95fb1ec9a43573f6a695ae26,0.069086164,test_dataset_7_2
b81fca21b7a4a673e6fe8f22a4702efb,0.3518125,test_dataset_7_2
bd2f0e54b1942fd933747f3e4075c991,0.27080446,test_dataset_7_2
c6a6344a4771d389dccd14ea8f3576bc,0.14379644,test_dataset_7_2
ca03021a276c4af2fbde4a2fb56846f8,0.0141081475,test_dataset_7_2
cbd0263e63f84eb2137c5deb9bf5c015,0.40522718,test_dataset_7_2
cbd08d47491c6888a4314bf878fd876b,0.08538836,test_dataset_7_2
d25cf97d86c412cfcf8e03ef152c1b95,0.29467952,test_dataset_7_2
d4703463106c511075f6b9ee703aa028,0.012570346,test_dataset_7_2
d5f7b71b5e51d3066631987f0838cd3e,0.26335555,test_dataset_7_2
d65be0b135db0340bd4630f201b9ec0c,0.12972099,test_dataset_7_2
d73b64c6938e9819d16e38b06b842dfe,0.030208915,test_dataset_7_2
d8c98632d45e7892d8321e55e382bd96,0.26551577,test_dataset_7_2
db44b22f45b1b2c4a844e61e8dd4af05,0.26335555,test_dataset_7_2
df7de7dab796de096f0b5b4038416edd,0.17333661,test_dataset_7_2
e1a291c846659e1b70cef06aadb3db0b,0.27258736,test_dataset_7_2
e32da966925543093063d7a1f932b475,0.26335555,test_dataset_7_2
e3384e8a2fb4ac2d1403560ef1419d24,0.012570346,test_dataset_7_2
e92623a0d22596f523ec5f392ad09491,0.11565322,test_dataset_7_2
e9d348110b86784afb0ef1c895003b19,0.1487788,test_dataset_7_2
f1cfae35bb4d92629fb74a25b7c56928,0.009526647,test_dataset_7_2
f43976f51226b37ab76106a178e03cf3,0.3837489,test_dataset_7_2
f50e012281538c2942d075ef2df42830,0.25366324,test_dataset_7_2
f7a8eb7b7ba93a3b9930e432dd7293e0,0.009526647,test_dataset_7_2
f836e383335a71da81561d25a2da287a,0.030208915,test_dataset_7_2
fa66964d2640d686aeb896c4ba28c80c,0.25366324,test_dataset_7_2
fc469fe1fde676f637f6cf145d45a94a,0.40169197,test_dataset_7_2
fcfa0407128165806a2c1282f7dc4679,0.40152243,test_dataset_7_2
e441182799ba6725d4ae80e218ce3116,0.10684091,train_dataset_8
61908a66e4139b675d0435bf1a16cff0,0.43198377,train_dataset_8
a532d971f2210ec540f3c4213dc939c3,0.07322018,train_dataset_8
f9796a66e1aececaedec1ec79af32c52,0.4846235,train_dataset_8
d000f7c2ffa2a76540c01a59537a8a19,0.09224766,train_dataset_8
f15f76179b370e6cb267e12ac9a1898d,0.53786725,train_dataset_8
dc7de66647ed4762620933b302046f95,0.08909605,train_dataset_8
c04da77928445e1e5ad8f5f93ac18b4c,0.23068152,train_dataset_8
863d022119950163cb08a7f340247112,0.4846235,train_dataset_8
291cc1cb92db197ea83f3534f68b1fa5,0.42651924,train_dataset_8
ac9646c85a282d5fc35b30cbb193f076,0.17085335,train_dataset_8
34291bafada0172d3798fd1cfdf0f5a8,0.1964894,train_dataset_8
62b500c881fff40d81013cd3a40dbc33,0.47897378,train_dataset_8
260ef4e5a01d7573011e7ec82256c7a5,0.36880705,train_dataset_8
b5128cf7d0ca96260c5672a8fd079151,0.7852328,train_dataset_8
5ec8225c7d19254ae3acc3c2e1869f89,0.03465113,train_dataset_8
a5b0a016885c955dc168c1c689592d7b,0.584856,train_dataset_8
8f1c7a1e56a9c94a9f17c41da3aa2c2c,0.5945779,train_dataset_8
8988d934d9f92e0c668085b2d4d24487,0.11108486,train_dataset_8
9b90853a2aab146b3ba4edc22c817ea2,0.07005859,train_dataset_8
cde844d112ce92e67a30c5a7d2a1b41d,0.1964894,train_dataset_8
7fecbb66dd8461f0919129698cb4ed27,0.22066976,train_dataset_8
0a6da8319b179968ca93ae64fee0def8,0.52122074,train_dataset_8
380b78617a41894c9ee5bc5a74d3d3dc,0.64931035,train_dataset_8
737a32086ead986026f21ccf37a37bae,0.2550307,train_dataset_8
301c2d31614e40e68193a8d1cf3a16c5,0.26718453,train_dataset_8
0e24647c3bcb3466493091c2721de7fa,0.11108486,train_dataset_8
f2554ee9284e2866bbb781c12be4fa0d,0.13865706,train_dataset_8
a178a528ca47f0ce65c1eabf37a0fe49,0.30272478,train_dataset_8
048829b11f697fe190ad95ba7c458943,0.4732392,train_dataset_8
14c888f52274710ee19cd0da0180f012,0.46512493,train_dataset_8
72ec01b3d12ce9c8d2a1c1a4978b31c7,0.602135,train_dataset_8
81b39ff692a01a2ac8bc0b1cbaae46a6,0.39599264,train_dataset_8
e3153e4c9be75550eee139f8ee7d3975,0.17173405,train_dataset_8
ac2594b3dda514039508c289eab851ed,0.29116592,train_dataset_8
77f4975c0ffdefb1173e86a07eb10795,0.28289843,train_dataset_8
ce35598a0358c1ea061a12956da3ade2,0.6847976,train_dataset_8
419357deb47aa8681eaba10b8f5a7068,0.45164865,train_dataset_8
617d939dacb41e62c8abdc90b572f14f,0.23068152,train_dataset_8
6f22ddc4b1edd42532c4def697b56640,0.1214752,train_dataset_8
a4875bf60e7dafd3ca0c5fe1228bedfb,0.057800367,train_dataset_8
0667f4e093058f380598787ee2e0204b,0.7852328,train_dataset_8
0e6e5209791eab01415a6ec7ac0a5e6d,0.0965276,train_dataset_8
35579ef36d2bd41ac5fa48f3fa857cbd,0.60403156,train_dataset_8
ab1cd4684531029a702b491218c6b46d,0.22066976,train_dataset_8
e127655b5533bad4e37a4cce27fb06dd,0.88591456,train_dataset_8
246ca03e43cc3f7cfa3ed5a15e4303b3,0.7852328,train_dataset_8
36474d548bc8693f974e273bf2491e4c,0.26718453,train_dataset_8
3a2f965f7ef6792347a7936ddfdda00e,0.17931645,train_dataset_8
8a846a5c9598db24428df2c8970c6a0c,0.27452478,train_dataset_8
32f85d4ff42eb42e90ac4f24cec361ad,0.27386445,train_dataset_8
8e9e2bdb8fa383ee4e3e9fe2c7e353e8,0.53786725,train_dataset_8
face89b1312167e7e4dbd36d72dd08cb,0.4846235,train_dataset_8
a5870d5dd8856d6e6eb994d6f85e2f85,0.44998106,train_dataset_8
2f2b20e60f1cbe5c041792a3b3e18e6c,0.81193066,train_dataset_8
4d97f3076c7532b7bffc84564bf1a38d,0.43198377,train_dataset_8
f207a7e4c2ede684f3e97834e0b02ab2,0.26718453,train_dataset_8
77b4b06b8cabb76b8b669a9b2f54f8af,0.17931645,train_dataset_8
aca51d23d53033743951a677c1f7d4c4,0.44758922,train_dataset_8
067b4b0aa497cfaab9401901e582cfd8,0.11108486,train_dataset_8
cc3b6c3bf1f9470effff91ea5ef18490,0.40433016,train_dataset_8
42d39ddbf1975cb4f77d72af9422ac0d,0.13268879,train_dataset_8
7b2e3c1e2a9e57b8ae8ff2c4467d274d,0.26901412,train_dataset_8
f3e4c5d012f89d8c04d2c3df25147177,0.64931035,train_dataset_8
b92a80b72888f1ba8990d7ad8805363f,0.4732392,train_dataset_8
4133835c02520d0e9ffc08ff4dd98a82,0.53786725,train_dataset_8
41fe4910374d74e11a38aed48a12353c,0.07322018,train_dataset_8
bc23bd4600fbf1417b48ffcf00da8d02,0.03465113,train_dataset_8
fa011015b49aecc0777ad0293f88c3ed,0.52122074,train_dataset_8
069f0e30e3aa4afc48880edab398e133,0.1695466,train_dataset_8
b42caa9852645ad81e22d01118734f27,0.69698423,train_dataset_8
18f023e31d07fb1a824183e27493fd18,0.03465113,train_dataset_8
e8349e90f79b375bcb58746f01513b1c,0.7852328,train_dataset_8
4e276a469b443f9a07dbaac0731362d2,0.17931645,train_dataset_8
4d3c4ed15ba4ec9ce07b496f87eb7928,0.26718453,train_dataset_8
3c0b86c4731a80d2f4c8799bea4f076d,0.17931645,train_dataset_8
484856b04676599c00a39933b5815743,0.2550307,train_dataset_8
5ee55e9cd347092a2f1ef30dd0af82fe,0.42651924,train_dataset_8
e1a3e144aba3cb866f1036bd28de57b6,0.03465113,train_dataset_8
fca589d58e2c09f65fab44f25aa8995c,0.2550307,train_dataset_8
dabb6830e32766e50fa36f7287cca5e1,0.61356044,train_dataset_8
f85062710df2d35a2d637e0b74eac17b,0.26901412,train_dataset_8
dffa02db895acab3810f1c1dac30e06a,0.68974715,train_dataset_8
05a481ed32dee6c386f0524a090dff68,0.19675289,train_dataset_8
e8c113c77fd61fbb460b438a5f7306f5,0.53786725,train_dataset_8
1430053148446774ddeeac8962e77b4f,0.32628447,train_dataset_8
085ee94bbeeb13b9b4f8f8766f300926,0.2654981,train_dataset_8
171ce8246aba6c1a62ee2545cafbcc61,0.23710509,train_dataset_8
a34c87eb07d04198a5025e60b9791737,0.1695466,train_dataset_8
7c1e9289a6420ae58e3493d70f6681f4,0.56006116,train_dataset_8
a6df59d91f3ef3df5a476ad1c4c2fd2b,0.42651924,train_dataset_8
a362121be98c91fb7e1decd14ee7945e,0.17173405,train_dataset_8
e0f218ca87de1a641ca6f3caf740c89b,0.53786725,train_dataset_8
a931789e2c8aac854d1c6062698f57ea,0.4732392,train_dataset_8
da3f864f647ff832e426bd0d3619d4cd,0.4732392,train_dataset_8
2de23f433c5c4a9c712c4bed04709c81,0.17396714,train_dataset_8
471df1d18167f27a34c7097cd5d36d1a,0.11108486,train_dataset_8
35dcfe9371871fdce17f33f0e3ec2f2b,0.19675289,train_dataset_8
806c1caa4c8144eb1493e4788d9d70b0,0.17931645,train_dataset_8
3698ed7c39490e9416f66665917f4d77,0.03465113,train_dataset_8
91852718e9675f8b8e89c1c23618eacf,0.19675289,train_dataset_8
ff0f7cd64c1c46a7060cd98e802684c9,0.19675289,train_dataset_8
255a7f62cda44a32f8b7aef247d8e731,0.40185484,train_dataset_8
b8e9c553abddb241464c91f961dd6291,0.28289843,train_dataset_8
b305a1a2e7de2ab5447df1d85144ecdb,0.17931645,train_dataset_8
b77084f202fa57237d0a0734cf4cff91,0.17147917,train_dataset_8
7403499ef1f2a2106a8c511b3e050b1f,0.4767791,train_dataset_8
dcc80f850157c8dc72b0db4aadfbef55,0.42651924,train_dataset_8
1cb23a4885b4095fd41be5ef5dc4c326,0.47897378,train_dataset_8
1409b62bff3e2e064424aa2d258b5088,0.03465113,train_dataset_8
d0cb010e609c2dbd3950641ba41dd01b,0.17147917,train_dataset_8
07b656ce2c4ad0da1fc368491cec7ab3,0.3954225,train_dataset_8
4c4ea1e08d830a3a3c83a56b6d4d7b1d,0.083276175,train_dataset_8
122960786cc43d14ca60c4bcc176ad60,0.13268879,train_dataset_8
489affb5f75b7e4d36e32942b260ca69,0.23068152,train_dataset_8
b7403fc6f0c12688d4c4115b09409bde,0.53786725,train_dataset_8
54109ffaeb87ee95d3e24374c77c86f6,0.584856,train_dataset_8
8af55bef20897bb95d6e5a06f3b9e881,0.32628447,train_dataset_8
bb9afb0a184bee7f13d54993a0714334,0.52122074,train_dataset_8
4cb9cd4877254d6b367621306890328d,0.083276175,train_dataset_8
395218a8f6511cd0848a5c97a0af058a,0.69698423,train_dataset_8
aff8a74d291703b950d3979ce7c0d5f6,0.88591456,train_dataset_8
cb2090f47a38b65e6b56b4b18f89ca38,0.23452456,train_dataset_8
60a2986d977d70501f7e4558fd1e11c4,0.2803107,train_dataset_8
4eb3cc44092682768186250ef491fadb,0.1695466,train_dataset_8
d212c8a55923b1998f74a9e13c561ece,0.34287098,train_dataset_8
0447a429e3b768a8183a504b17c0ba8b,0.5945779,train_dataset_8
d82d5ce8293b15f6b6ef9c574934fb42,0.17396714,train_dataset_8
9cd35b300b58fbce3df4b9b097173dd5,0.4732392,train_dataset_8
7c93a01f036672f9edb12dd2d81d15e2,0.09224766,train_dataset_8
61e8b28b917315df4c6c1d0a78155ca9,0.15532225,train_dataset_8
bd16d2ebfd7051f557c6eb6cb593089b,0.40433016,train_dataset_8
63e39140982b7936cb0edf5fa2dcf25d,0.6847976,train_dataset_8
c199e24c552d2205c15356753f72e8fd,0.08909605,train_dataset_8
0e4f0bd96cecd88cf7caf91b552b8b27,0.60403156,train_dataset_8
aff4f016d913064fbf4fc72d9274951e,0.81193066,train_dataset_8
28e7c2c91f0b8bd32462cc11330d7c41,0.46512493,train_dataset_8
0565edf1597291101e34eed84afbfaff,0.10684091,train_dataset_8
06e26c0c103712a089969e94d8bb248c,0.17931645,train_dataset_8
fcb4687b68b5ae3e18a209f70d936d22,0.44758922,train_dataset_8
65872c74ce71b5d05a8900d58c35c9f8,0.2803728,train_dataset_8
a36d3f1aa35ffeb4cfa510ba040c597e,0.17931645,train_dataset_8
c274373ff219b673477e6776c7a3266d,0.6321537,train_dataset_8
9db9c91a945f98f3ecd082f5c171a0e9,0.602135,train_dataset_8
f5a868407e946cf2ba88ba7f5aa9d427,0.083276175,train_dataset_8
72d289149f8974cbfa6848fe65ab6cb6,0.29116592,train_dataset_8
9e9a2cdded3c6a8c1639904fa989cef5,0.18979469,train_dataset_8
8b693c0f443595c7179895880359f6d3,0.19675289,train_dataset_8
f2f0adb856f4213af06e2edbcf87a8d7,0.29922527,train_dataset_8
3f33a51b0f6496947acbbc16e2e76dfc,0.53786725,train_dataset_8
28543aa9ba30f1f3e2efb097fc8c7b97,0.27452478,train_dataset_8
b16abf23fcb5760f3dd07af52417b0a6,0.2550307,train_dataset_8
be646076696458b9605486e1b8b21863,0.13268879,train_dataset_8
2d949a55efc4e78627f1e265d57af9e2,0.07322018,train_dataset_8
d5d8160a29719b0e01296b40c33c43ff,0.057800367,train_dataset_8
212a6c79e51a26a63d87d722fcf95b1a,0.5505454,train_dataset_8
cb3820c5842ceca47a2a729fa9595d03,0.17931645,train_dataset_8
7d7c3aa9a9f617f6e514916214755452,0.07005859,train_dataset_8
ec4a5c02fde8db86f60f564e35cf1e70,0.2550307,train_dataset_8
ee0cb733eea4071e72b644c47f0f3c14,0.13865706,train_dataset_8
12606df3a551b12c52000380d34e633c,0.70480067,train_dataset_8
93cbcaa3229d938ca2ec7b2d01df73fc,0.88591456,train_dataset_8
76489af2931d420b768574a5bfbbe1b4,0.81193066,train_dataset_8
88b07c11b5c3ff4138497f639c60454b,0.61356044,train_dataset_8
27462e0d3018b2a1c95e37d693bd58c5,0.4846235,train_dataset_8
cf4d50a85807afe534a525b514caed8a,0.1695466,train_dataset_8
a46528b1202b492820a0548daf89a899,0.21271767,train_dataset_8
d1c97e6db0073d28be1d46fc4144add6,0.17931645,train_dataset_8
b034a69e3b0e6622994461266c06a7b7,0.19020364,train_dataset_8
01d66f895d76963c615c4678268f075d,0.44998106,train_dataset_8
9d777300632a211a25bbf4bd71170c62,0.19020364,train_dataset_8
901fad598ffb89f71ade2230c0ae27ca,0.13268879,train_dataset_8
0a2d5358332eeb5abdee289b03e9e6c1,0.17931645,train_dataset_8
cd679e7c85058c3495e55d9ae0404873,0.15532225,train_dataset_8
7f8bea15e7cbb529bc349e0a07b83267,0.44998106,train_dataset_8
63ce76eb1790a15a4ff5619023985d20,0.19020364,train_dataset_8
f75e2cf522a3eee87074e22c59389d2e,0.11108486,train_dataset_8
5e089f32a183aff49d41b722514fd182,0.25517303,train_dataset_8
3d071144b7acb5f0c24b5984baaf52d2,0.083276175,train_dataset_8
0a7297f439f3c12f045c12d16831e006,0.17931645,train_dataset_8
94b350c7643891081dd21f9e351e7a4b,0.22066976,train_dataset_8
1144e12fd96dd169815224c84f247b42,0.64931035,train_dataset_8
1588cbc3b62a706501c5f5f8c306a01a,0.34272623,train_dataset_8
c057d5db63f0b1f37fa2b6dec2bec59d,0.17085335,train_dataset_8
b4c7a127ec3043eab8be973eba36b471,0.60403156,train_dataset_8
1fe5f39701e02865c5e861a7db719087,0.40433016,train_dataset_8
a90362355c5f8a5ec8a52d2d165a9448,0.21271767,train_dataset_8
4f99afb32c5f21921858f302cf71193f,0.15532225,train_dataset_8
6228d5e4d5a0ed296d626abdd232552d,0.1695466,train_dataset_8
50f298ac9eff18c939fdf7238f6294c1,0.24261414,train_dataset_8
619c11d0ba0c4812715813890f0ce2fd,0.5505454,train_dataset_8
b1aeadc1229655dbd881ab3d1cf45dd1,0.17931645,train_dataset_8
55a88972fc2d146307fd1e177f7ae170,0.24261414,train_dataset_8
ec72adc2cf0745932a203e04ad9b9f63,0.18979469,train_dataset_8
d1b722a58514bf121da80390c4a74011,0.4732392,train_dataset_8
3940c0eae53aeca380d40ddf8110ebba,0.03465113,train_dataset_8
68895516ef7b97bf658d8036c0d2ddde,0.27386445,train_dataset_8
88ef2c3dd4fc7b3706110bb05423181e,0.43198377,train_dataset_8
684f64ea874435a2ddc1370d80e4f1e9,0.17931645,train_dataset_8
2be239ad4bc717bd45a75db490bfb1ce,0.057800367,train_dataset_8
cb75e8ffce55d5d7c99f9c8fa1ecc40e,0.2550307,train_dataset_8
0b44987048809aa6f83c25f6f282e214,0.19675289,train_dataset_8
57e8020ab72c1157c33324a3a96fb2cb,0.23452456,train_dataset_8
c7c3f684ce261f96e77e4c7761482b6e,0.17396714,train_dataset_8
1144470c92fe3b197b272b05d7fb5485,0.03465113,train_dataset_8
92510b22e942f932f48ae390e7ef3046,0.4846235,train_dataset_8
e08a0bcce5d75bca49c91e941aee29d9,0.083276175,train_dataset_8
0c2c2edfc0f885d15608097c13058501,0.17085335,train_dataset_8
4927e81c7f3c4210c8735195f925290c,0.34272623,train_dataset_8
9ab77ff78ddcfa454f71d55c9214195d,0.07005859,train_dataset_8
f33cfe0bc9e8f1e91614b6c966d296a3,0.47897378,train_dataset_8
ba53ec8eeb0a5e1ea151c43aac08415a,0.17173405,train_dataset_8
f28f8e230db613beffb1ce97fb1631fa,0.7852328,train_dataset_8
5f2e5c965764ea628bca5995fbbe6280,0.46512493,train_dataset_8
2b7b2af5ba5adb589f14d2ae708f1e61,0.23068152,train_dataset_8
ad4d3ae4e0a2a08e46e849317c237b29,0.39599264,train_dataset_8
87acdf62b96a2516abb23b04cd1f170c,0.23452456,train_dataset_8
b1ecf7c3a11f558e6358979aa22e1a3d,0.81193066,train_dataset_8
df8f4e2b8a5d0c8a21ef68ebe6fbd6ae,0.23710509,train_dataset_8
79085a05c3ecc113be85c033219ed908,0.6847976,train_dataset_8
5aaed316babc6bc2c2648c59bc922b6e,0.584856,train_dataset_8
31322f4c56c12e6678d455bc88b3531a,0.2639131,train_dataset_8
9f26f1555496f4bf4f79c44338212b31,0.08909605,train_dataset_8
5929d2d78dc53ed1875ffc98484d93f7,0.2550307,train_dataset_8
1fee5e6983c5bf814a28c1424c891957,0.17931645,train_dataset_8
e3d86685d75a79914668b443a6eddb98,0.11108486,train_dataset_8
339ae7ab4065b1babaef8babf12c99a0,0.36880705,train_dataset_8
c39e1c39c7d4906bb57b7b14f869bf86,0.2654981,train_dataset_8
d0bf957071d4d90ec69ff60a60a44225,0.31254914,train_dataset_8
9ebb343409fca12126345b3741b57e40,0.32628447,train_dataset_8
ffbeb534a2b23f7807b80382e9f92cc8,0.82337147,train_dataset_8
b6ea0f63377a4e7b5424357cac32b1d5,0.17931645,train_dataset_8
f2e5c37f858dbfc483a1cef2fbfaf035,0.23171917,train_dataset_8
c3c7635e15776a44c3a85ff0ffc5ec9d,0.17931645,train_dataset_8
a6cfaa2ff30a817495832d80f2f21c10,0.17931645,train_dataset_8
ea324a5e97a2da98fcbfb7b56e2ad270,0.1799568,train_dataset_8
4ad58e68a5de3870860fe878847e3766,0.15532225,train_dataset_8
dd3985b02286deb56c2239e6c032cc37,0.17085335,train_dataset_8
86de8f1b1c32c86b062fc15dd88ab520,0.44758922,train_dataset_8
124da605fa7fe9f5f6452c04de72839c,0.13865706,train_dataset_8
71d67fac4e345bf41fd17e155a4d0ab4,0.21271767,train_dataset_8
bd591d79d1d25df9f65d56541f659570,0.53786725,train_dataset_8
4635135f2b8866aef65271aa6cbf3130,0.08909605,train_dataset_8
823ca018f315035b67ee30a428f1d417,0.17173405,train_dataset_8
5a8ed7c6d818045e1ff0b001598aadb9,0.52122074,train_dataset_8
448aa80aa6a238ec462603b654e21e5f,0.34287098,train_dataset_8
5f3f83a9083d8210401df68d567881e4,0.2803728,train_dataset_8
b30bebe8d8a0e93f3f9defe3fce3ca8c,0.29116592,train_dataset_8
6f41036442b3d3432216625cc3b5f985,0.083276175,train_dataset_8
197e332acaaf43477cc1ab11d31cb63c,0.5505454,train_dataset_8
07b734c34b760756d852821831fa29ce,0.17931645,train_dataset_8
9b871b5cb3fd9c1b95e0f0be0b14b6b8,0.13865706,train_dataset_8
627eeab0ba9abce64a0df90c5ab5fc42,0.5691881,train_dataset_8
ba2f0b9846c1fcd4d73e33d952d2a90e,0.31254914,train_dataset_8
5f373c70c6307ae644bbdd7bead86400,0.17931645,train_dataset_8
103f3db9359b45a2979d973884ce76d9,0.40433016,train_dataset_8
f23d7f2ce01c7b22f70edcd1e1afef31,0.602135,train_dataset_8
95e731895b3d37c042df8a8d7b4d9760,0.36880705,train_dataset_8
78ff3b3999877f67224317c4506f3710,0.17931645,train_dataset_8
7f5b207fbd0a65501fc18d44773d193a,0.13865706,train_dataset_8
7e2dfe0d04da97decccf904961bdf48e,0.82337147,train_dataset_8
46a05224b938dd6f0b68d0076fc9d7d8,0.45164865,train_dataset_8
282e59169334bc86fa46f127257d8b95,0.7852328,train_dataset_8
d369d982ab4423692e31d0d14b9ca6cc,0.17396714,train_dataset_8
e722c74c8af0b161dc195ec52f7c99fc,0.4846235,train_dataset_8
b320dcc88a5e53784948973a297bc306,0.11108486,train_dataset_8
1336090c8fe986b9a1a991ab9878a1ca,0.17085335,train_dataset_8
2e3a1d9a94faf3e026c1fbbbea389ecd,0.23710509,train_dataset_8
e98c95791ade99be84c5443020935084,0.2803728,train_dataset_8
9ce31c7af4185d077a6f4e8aee1e4cfb,0.13865706,train_dataset_8
820dc8ae54510fbb918259a602bfd8f9,0.23452456,train_dataset_8
e2fab24bffc4e86af889cfb5173751cd,0.5505454,train_dataset_8
88225d065bbe9947bb7b8fb3416274ec,0.52122074,train_dataset_8
85df6aebdba43015ebb378c0941dd11d,0.2550307,train_dataset_8
bb3357ce8944b4d04f1453204cb0fb78,0.2654981,train_dataset_8
33cac11980cc50635416852f7d7e6ecb,0.23171917,train_dataset_8
f5710c97c75374645dd2919764afac17,0.88591456,train_dataset_8
3f223c50ed477ddb67d1d996ddbeab55,0.6165349,train_dataset_8
8152ff62c150106305a4b8ed3c4f2a84,0.40433016,train_dataset_8
9aff2234593558528cfd9b8c24e9b02e,0.1964894,train_dataset_8
6a3525489593cc851d495dfd6a13487a,0.4732392,train_dataset_8
1a487d42ec10d8d6bb59773b0a2c7f8d,0.53786725,train_dataset_8
33f49e5c8ce91313853c18b716afbadd,0.17147917,train_dataset_8
a184498eb04770aca5b5e91d630ffd67,0.3954225,train_dataset_8
cf844b2d582a257e4390c1059b065539,0.44758922,train_dataset_8
36d3097c95880bc1f90836e0cb9846e3,0.29116592,train_dataset_8
d6f9b74b6ff6872d3c7ec16b9abca8b9,0.19675289,train_dataset_8
4a716ab4a664a7261c3db20a1aa7af92,0.17085335,train_dataset_8
50712bdfd08d17a4ff22fd734e6fd0fa,0.3954225,train_dataset_8
59fb0640816e66b3dcbee7174cc62f5b,0.27386445,train_dataset_8
9fdcbfa4c7f0d85d739db3cbdfd33d52,0.68974715,train_dataset_8
8507d2d2d4109aac1d654257d26189c3,0.17147917,train_dataset_8
faabee59bcad1ff08c62f7473e4ac170,0.584856,train_dataset_8
3eb5e9d2effd99a4ce3216d0210b5464,0.1799568,train_dataset_8
609d7ab44844930beeec32fcdf23760b,0.03465113,train_dataset_8
3135f353de042e5bd7837764d63395b9,0.60403156,train_dataset_8
3d5ec35fc90e3dce3fedd400c24eef57,0.584856,train_dataset_8
dee4be2cb11b6c80da334200501a5dc9,0.17147917,train_dataset_8
01c2017d99806659148ac41e66e21843,0.4846235,train_dataset_8
54f16383b5cd468c64c9af62b08c9b25,0.34272623,train_dataset_8
eb5305a6861afe573eb01d220814ab09,0.47897378,train_dataset_8
466515e2b042b6ca3efec07ff02d88ca,0.30272478,train_dataset_8
366cb47cc26d63b431c2f0136f74f09f,0.88591456,train_dataset_8
2c968853c2e524197dec1afbcf8d2b5e,0.53786725,train_dataset_8
9965b390f76c9c147da2ba0fcb4e6fec,0.47897378,train_dataset_8
17d50dea0ec89df56232c11ea8e6c43b,0.08909605,train_dataset_8
4f0aea746fe969660d07e38adff0655e,0.60403156,train_dataset_8
fa91510653c8e2dfb25713a176de3287,0.82337147,train_dataset_8
f04297a06713b6062b0a8f10986c116e,0.31551185,train_dataset_8
857dfbe888af3e805c104d81365517b5,0.29116592,train_dataset_8
7488e53008b9fe47d169bac863352836,0.23068152,train_dataset_8
e6cdfeb448ba5ad1d1367728ac45c20d,0.23171917,train_dataset_8
b948154ebc5e96004778501279e2e017,0.25517303,train_dataset_8
ba25067bae2d06178c8e6288dcecb882,0.17931645,train_dataset_8
6cbdd21533f706d37048ff85d3f2b24a,0.20550941,train_dataset_8
18a691eaf2529bc454a38e4412ceee3b,0.0965276,train_dataset_8
2632a9f42404b6cea2fb75eebf06b405,0.53786725,train_dataset_8
ea2e2ae21cbacc3cb87270b407c9bc04,0.53786725,train_dataset_8
8601c640816f936a389e0225280337fc,0.52122074,train_dataset_8
72e0046ec6ed9059039c84b50fc2cf78,0.52122074,train_dataset_8
375af39e7f5d71d904a547d38bef37ca,0.17147917,train_dataset_8
d28ada0ad7a4671891aa4acaa8af0ad9,0.17085335,train_dataset_8
ca1c2c91fd8c498ed9c3ef475da50799,0.21271767,train_dataset_8
2403d512cf7ae6f8e768b2fa75b6a487,0.0965276,train_dataset_8
52950062b5b972437c24787cb099cfad,0.4732392,train_dataset_8
16d67c70b8c363b89b9350ece3d689a3,0.29116592,train_dataset_8
f68a790da02a4d569ea26ec5fcd76b99,0.17147917,train_dataset_8
2e0fe0401e2eb1300d77bba2794b011b,0.07005859,train_dataset_8
1518ee4d05ff2317bc5bb60a2d1b98d0,0.2639131,train_dataset_8
8d2d559d661f45d502c76f15cd0c3037,0.2550307,train_dataset_8
ecc2899ad763d28cbde871481bc2ffb0,0.20550941,train_dataset_8
46a84ddfdffb3385bc70045deed5c8a9,0.47897378,train_dataset_8
5be9074d003e268bd03ad63405fbd6b3,0.52122074,train_dataset_8
061a1738d4addcedc130ed1b3e305fb4,0.584856,train_dataset_8
173eeee6b0d367311b34c0a016b1e3b0,0.117371224,train_dataset_8
a871ab3a5da2606e4ec4dd046744f281,0.25156164,train_dataset_8
8e7ce6d490b03eaad394ba2abb0131ac,0.42651924,train_dataset_8
f6ceb223ae1f827eda0ebc07eef1d8ca,0.15532225,train_dataset_8
9587ef0cfe8d33de4e1dda80a88eac34,0.7852328,train_dataset_8
4ff0df65790272c66c9e27f076e75f7e,0.17931645,train_dataset_8
871f43731249fdecbdea43e9d759528d,0.5691881,train_dataset_8
4613a7b8b20b06dd463c02b52cbdeced,0.4846235,train_dataset_8
79608f5e8b16f1735c1a5e21abb9a9c5,0.46512493,train_dataset_8
539989e9bb65045ac597bef6ceb93e06,0.13865706,train_dataset_8
faad316e1e7c76dd0d0b94502001f3ef,0.68974715,train_dataset_8
3a0edaf5638311a69c010dade395eda1,0.3346849,train_dataset_8
309bbfbc7f0bd66b077aeb0f21d7e87c,0.2639131,train_dataset_8
30e395fac885a35277d5e3b3c59c7a70,0.19020364,train_dataset_8
bcd5e2c2b2fe6c780421086a8393a2a7,0.17085335,train_dataset_8
98292d38462793e6cf472c2bbbfec269,0.6972467,train_dataset_8
26f4a63a630cf634795a4f352ddff949,0.64931035,train_dataset_8
f27fdbafe1f8b8d0567aff9f93ddb4e7,0.40433016,train_dataset_8
d06b75d1612a3118c97f3b533c12dd90,0.3346849,train_dataset_8
17e10c9dbce8bb598f55fc01cf71e00d,0.60403156,train_dataset_8
9d77449f2de5fc4d63c8340202db8934,0.52122074,train_dataset_8
128ae0248df6780ae8673c08ed67dbfa,0.18979469,train_dataset_8
1aa1be39454b7f035eed03314753835b,0.21271767,train_dataset_8
f171fe0a1d874032b83befd91cd4368c,0.2550307,train_dataset_8
1938e46964e102e18b5c14f13f69da5b,0.0965276,train_dataset_8
2c26357b6b5fbafc058c17b708d80769,0.03465113,train_dataset_8
4a54aa941e12ae4376f3859cb140ba23,0.31551185,train_dataset_8
ee9b659298f830095b98a4efda426688,0.56006116,train_dataset_8
1830c1d5125a51d3439a42c333e28be9,0.29116592,train_dataset_8
142963c615d285a8dc6591def428cccb,0.07005859,train_dataset_8
286aa30fe13df22ecbcddf9caf275fb0,0.2654981,train_dataset_8
ad88e05e4ea55972849b925395bd3fe8,0.53786725,train_dataset_8
e9988ebf07b9f2db2476fb9e74aa53f2,0.81193066,train_dataset_8
9aaa0241f8096f84dd6c9297bb2c0171,0.24261414,train_dataset_8
7dd34f5f47de76229ab8bf8300fd84a3,0.23068152,train_dataset_8
27c21fa0dbce3ca50bba207df42271f0,0.5691881,train_dataset_8
1699f05c774bb75170b943c245378af7,0.17931645,train_dataset_8
44304b3e83d323655964a9d45400e9a5,0.17931645,train_dataset_8
a10591f51ca55d2fef3eff759ad2fb51,0.39599264,train_dataset_8
785db76b5e3afad9b6eb14e078c04817,0.5945779,train_dataset_8
2ea576f3ee0f95f0f18a2742aea989fd,0.03465113,train_dataset_8
5c9b1592922f67d4bde361ea30cf2dad,0.44998106,train_dataset_8
b30137c4d9e219fe9255164766366f64,0.44998106,train_dataset_8
7fc1f5cbae73a4cce1a7bbcec6364aed,0.2639131,train_dataset_8
57d6452d44c14905dc7abf1e01a8dd6e,0.46512493,train_dataset_8
50978a54c785574c306fe89b34f1bb2f,0.4846235,train_dataset_8
231992ba9dc452cba8e91332ecc29a6c,0.53786725,train_dataset_8
fa17bc2e679dc05364fbcc3a7c9d5f0e,0.07005859,train_dataset_8
02c4834be48a5f83a15f2997833a5318,0.602135,train_dataset_8
36b9feac4249f0660dcfd9b4c24a15f7,0.09224766,train_dataset_8
9783799cd0eb2e76f508effb286b0afa,0.45164865,train_dataset_8
e8ee6759acf5eac5eab6f12ca81f393a,0.52122074,train_dataset_8
71717736be26910685c0423548391608,0.25032958,train_dataset_8
503c1d87b97230fd6b19b993ced367fd,0.23171917,train_dataset_8
27c1d3dc978d8d5073bf7a365e64c153,0.5505454,train_dataset_8
af8c6e266e594c53aaefc3613b441bb8,0.22066976,train_dataset_8
5309456b198d5faa14d166498da12c35,0.08909605,train_dataset_8
9b7ee33a65a81d2a72befd48a98a4da4,0.26901412,train_dataset_8
417660a835f1d22b2f571a1289644d8e,0.4732392,train_dataset_8
78d7edccf538d8a4bbf484654ff4d836,0.17931645,train_dataset_8
6cb0ab7f3c334e7db28510d8a430eb9e,0.17931645,train_dataset_8
0a9d1623da55811f5e0a45909d8ec3d0,0.53786725,train_dataset_8
b04db8de839b19317a0e5c4a11dc8571,0.4732392,train_dataset_8
67b8feb37db404b37dc73ac68db05918,0.23471513,train_dataset_8
e31a56521079dd01db27e095bdd14245,0.31099525,train_dataset_8
10b4b083a99cdbed9cbb16101fd875cf,0.5945779,train_dataset_8
a4e6e5b2efac7b37a1f7560dcc5fd695,0.15532225,train_dataset_8
59c814d2bae2e0b4ea37467b740f0cf1,0.4846235,train_dataset_8
8e4c359b0d46bdb9192f148463a80748,0.20550941,train_dataset_8
f55370fde5d5c7941f01a8c648d37723,0.2550307,train_dataset_8
066370a8d20c336471e10abcca42f785,0.17323339,train_dataset_8
87c984b88d93a9b93a55ea30611ac2fb,0.25032958,train_dataset_8
d6a3acca774a0a03351ca7977426d669,0.52122074,train_dataset_8
e996d4a84b61372d09160fde43b5472b,0.30162483,train_dataset_8
a5fc7a6b5ea4b1e93c7bb4c74f6323b9,0.4846235,train_dataset_8
2afacad66e031c94584a1a01059bd787,0.1214752,train_dataset_8
92e1805b86d34bbaece9341b5be7c1cb,0.29116592,train_dataset_8
5b2b1b4b414c22bc1e04edbd53b5ce6b,0.25114855,train_dataset_8
899a19498002d720f69bf45cd816f99b,0.17323339,train_dataset_8
88263b71623dc162641700a71c5d982c,0.39599264,train_dataset_8
c54f3dc9bfd9967da256b1f5dfbfa296,0.25517303,train_dataset_8
d9bc021f1ce5d59a491854055f6a819a,0.19020364,train_dataset_8
63fa41aac867f418f97e1fa8da07cb00,0.17085335,train_dataset_8
55c9571bd1401c5caa9bf17c0dd858e2,0.13268879,train_dataset_8
956ab920ee5fc01099431289f71ec0f6,0.53786725,train_dataset_8
e97eba217c701126ccd54dde9b9133de,0.47897378,train_dataset_8
e0116ebe260807f35f58714193309758,0.5691881,train_dataset_8
f06e1f8b6d30d28463854c84093a90b2,0.29116592,train_dataset_8
d32a5d7959b21a6e990f2e99f688671c,0.19020364,train_dataset_8
5e3266889452c5f72202aa022e442953,0.22066976,train_dataset_8
6315ac52f03355b55bbf5b1fc7d97f14,0.31551185,train_dataset_8
45b6202829943302a63cda82405e64d5,0.61356044,train_dataset_8
9ddf8c23146400b83e4c038e35d975cd,0.40433016,train_dataset_8
b02495a2b87e221ccaa3925473e542e1,0.057800367,train_dataset_8
e9dfdaa03d8da6e9812674256e88d406,0.27452478,train_dataset_8
3a58cf100076bf0792b52a5a3d0f174d,0.31551185,train_dataset_8
79970397c14fe112c3562c965d17700b,0.36880705,train_dataset_8
426bfb340fd14086d5f571e3535e6c30,0.1695466,train_dataset_8
4ff6308ee5684683b8fbb74605dfdae9,0.24261414,train_dataset_8
4c89467601e402896f9db2b03a240bed,0.4732392,train_dataset_8
bc80b3c1a485641e3c681313baa257db,0.23068152,train_dataset_8
a3c646359fd747f79854f02c016b6ba4,0.07005859,train_dataset_8
2ed12c5408c69655974f73d9ad71a539,0.1214752,train_dataset_8
219442a96941d04afdf3a8d3dc7b04d5,0.40433016,train_dataset_8
663bbfe24279130fbca71f83c6c104a3,0.4732392,train_dataset_8
9916b73963b8c373d6df479fbceb7ced,0.1695466,train_dataset_8
7b6e5ac7f6a0b71d4148dd65bd4060ec,0.07005859,train_dataset_8
722f639aa35a616e43eccb9c7de816c4,0.17931645,train_dataset_8
6798dcdc635843450b1064d988ee9012,0.07005859,train_dataset_8
c5ba8f71f396767b6264377f047bdaae,0.19675289,train_dataset_8
1c4e30573b7db172338cf2fa284bd746,0.5945779,train_dataset_8
64da1fd716c3ae6e0e16bd59e26613ff,0.25517303,train_dataset_8
310e551116d93f5bce888bd86330c5be,0.11108486,train_dataset_8
81348ad518ed8e3ce5f6f716058cf4f6,0.057800367,train_dataset_8
50a857be8a92686d5c3b7389e11ff007,0.5691881,train_dataset_8
29afe56caf3879ec0cb2778f404609c0,0.19675289,train_dataset_8
17d5a08c0e20ca91a0749863930b3715,0.7852328,train_dataset_8
5683e262f611253989b2e56b191cfb1c,0.057800367,train_dataset_8
822c2c99fe3cc9b77a98b03fdb94b030,0.1964894,train_dataset_8
861b6ad3161b47a7f81010395070c4cb,0.68974715,train_dataset_8
3bedae10bd18fa04b91176c07220bbb4,0.25517303,train_dataset_8
f7847ca0d1cd2de6fc9c9a8f1f4e4f57,0.24261414,train_dataset_8
f83b9c27d4b6d214ea74482683bd5ddf,0.29116592,train_dataset_8
b9e7dba46f6b3cda2b16bd9d051cb17f,0.584856,train_dataset_8
001eb6685cadd7bd2c4ef258c20274ef,0.88591456,train_dataset_8
5ae7130c0761f038863ba0c05290aa9c,0.17085335,train_dataset_8
97989a46f63cd94e4ebdd98a974e6012,0.25032958,train_dataset_8
5f42ea4e811c95895db975c1daa1e8a1,0.4732392,train_dataset_8
e121c174d1e452366308508548ab13f8,0.40433016,train_dataset_8
976fc6160045377bc238fd6a9cec1d29,0.25156164,train_dataset_8
076fea74dc2ad93b8d142d8e80a602bc,0.2803728,train_dataset_8
c32e10ada4bd07e46556d353b7c0bb30,0.53786725,train_dataset_8
724874204ea40e4270571c8287f21bc2,0.17931645,train_dataset_8
646a1fbb7e2a80477691258e49609339,0.0965276,train_dataset_8
0145ae25a9fd00bba1b7b45e9d164ffe,0.13268879,train_dataset_8
afb644a3ded051ef3d6f6ba9c72bc5b1,0.81193066,train_dataset_8
c35c0329f876a8116b7072bae50b6d40,0.17147917,train_dataset_8
e603b228a3a11e226a57b2a465a03a19,0.2803107,train_dataset_8
59394d4cb3a9843ef165c19d57c3b1e7,0.07005859,train_dataset_8
de74735e937dc336e7a97e1f7516132d,0.36880705,train_dataset_8
d535b45fc93707837a1296db6449b6f7,0.17323339,train_dataset_8
409beaee9215deab870ec133c636692f,0.083276175,train_dataset_8
8000b8046c39783b6be917ac877d7bd3,0.25517303,train_dataset_8
0ac44b513e1cd6f803084a2cf220ecf2,0.20550941,train_dataset_8
730fb2e4eb9294cba2519b60f2db0f7b,0.057800367,train_dataset_8
fdbf5c65128be9b2fed5f329de246b04,0.40185484,train_dataset_8
60703f4a9d3a72648c8af33d6e191d31,0.6321537,train_dataset_8
8a26598b8b3372e79b735a44cd736512,0.4846235,train_dataset_8
ead936a39d7995a8d36536a41d0367af,0.17173405,train_dataset_8
e7197553a5f3e65e950ea31ccd2556a6,0.43198377,train_dataset_8
250db723aef34cc2dc5cf7690f9f545d,0.6165349,train_dataset_8
ab937fd111f461cececdb0628421cb1d,0.53786725,train_dataset_8
1816017c5467ab3982f908f65413bfba,0.25032958,train_dataset_8
bdcb9eca06a6761c2fb0295ab80680da,0.07005859,train_dataset_8
d15b1e21bb6cc1b9bade2cbdcb0dc47f,0.47897378,train_dataset_8
02a31448f46c6e60286310ff164cf2b1,0.56006116,train_dataset_8
4caf05074e2b84ad389f522e91d6f402,0.27386445,train_dataset_8
60fd4f9370af4f44d5968f7046986a24,0.25032958,train_dataset_8
aac511dbc8a5ed2cdb07f324cdad1860,0.28289843,train_dataset_8
325f6c2346e4cdf95968468703504507,0.31099525,train_dataset_8
137ff3bffd27f9713d3a8b271213ac51,0.7852328,train_dataset_8
9086a833fb1ac09172edd5f744a2abb4,0.602135,train_dataset_8
6e2f6de0a163619dc22784622a61027d,0.17147917,train_dataset_8
ba4e07caa1b84da63691ba88573710f1,0.23710509,train_dataset_8
452330534adbd8cd08fed32a58bbdb6d,0.53786725,train_dataset_8
b0708270f22f1c63c6df4bf7d423ad2b,0.1695466,train_dataset_8
a1064218a8c60ad5cc07a4d76c841e7a,0.44758922,train_dataset_8
7ece659ad7c7a02056898fff964ea646,0.4767791,train_dataset_8
bcce313ef48b40f24ad12ff6e9fcc8a9,0.23452456,train_dataset_8
315d5e4524a58b8497d660f3f096e0db,0.5505454,train_dataset_8
e53706fa3fe23f99fcd3fff94cb9adef,0.03465113,train_dataset_8
8ad1b830c627eaf048ac6b059125ba6c,0.69698423,train_dataset_8
6c7a5be6c24429b467170939a12d6e23,0.40185484,train_dataset_8
bb3ecd98a4167666022f35e7c4ac249d,0.15532225,train_dataset_8
45507eb23ba10f026c88660c99785185,0.17931645,train_dataset_8
1acc4619ce27dcdd84854a0e4c579ed5,0.083276175,train_dataset_8
60517a6dbbc4eeec6e406b33d9a0463c,0.53786725,train_dataset_8
297f7957c390ee21889e6331ceaa2db6,0.17085335,train_dataset_8
fbc08924b0bd8ca0ecd65889384f2ec7,0.45164865,train_dataset_8
6d0ed66b6327c644985a8a7705610ca4,0.057800367,train_dataset_8
f98bc0eeee5c147f794f4355332be815,0.07322018,train_dataset_8
fd8d4e7899dce4695edb1076ee18ed41,0.17931645,train_dataset_8
fd4e4149887dba97b7c865ab0c4df998,0.03465113,train_dataset_8
4a4a1aa5c9283e9b6270b5f38d749aa1,0.1695466,train_dataset_8
4444b83149bc399cfd7d0dd110cd875a,0.03465113,train_dataset_8
3b8f2b4164cd68edb97f4d502c6d0a32,0.17085335,train_dataset_8
20a64d325f07839dcade64bff1e7de1c,0.09224766,train_dataset_8
1b5408126ab2a962b36f5f892838ae00,0.07322018,train_dataset_8
85cb78893a9042e196c0d9267caeab9a,0.17147917,train_dataset_8
cb4f540697d120358c0ea175762acb4e,0.25156164,train_dataset_8
fd190aa65dd57d3c0207cc96bfd183af,0.17931645,train_dataset_8
58f6c218ba72533336e4c2a929f5fbaa,0.39599264,train_dataset_8
3312f868c3329b1b6c6884091432356e,0.03465113,train_dataset_8
61096bc3c29f369434aba55c344341b8,0.09224766,train_dataset_8
18e7f8404b2777d114bf449004b4c45e,0.08909605,train_dataset_8
e259da60b352a202810b63f75437b00a,0.17147917,train_dataset_8
14c1d2b28d6da7c70074976942b2a7f9,0.08909605,train_dataset_8
fe13f64420d6bac5999880c1a14afb63,0.11108486,train_dataset_8
2d0c959c9f05b9168c7e2be667839e1b,0.3954225,train_dataset_8
9a66035aaab1b45f5147277d508a557a,0.15532225,train_dataset_8
34ae862b28a1e86a9cab51dce03b5867,0.53786725,train_dataset_8
1c804e60fc29d5c4ee3589d8c439dd69,0.10684091,train_dataset_8
84a1ac8f597919612c4fcfbee39f4770,0.2550307,train_dataset_8
73dd767eff7c6e48498d6636eac28ecc,0.23471513,train_dataset_8
f4a8304bf241c07f969cacd3a5660a93,0.31099525,train_dataset_8
3fff71f25d2d41284e0642c64f8579e6,0.2550307,train_dataset_8
7e18292ce98b32701097ff5a66868a8c,0.88591456,train_dataset_8
e9ea9757022525a8cb9557dbf4f999e6,0.083276175,train_dataset_8
c7f7a4431008358f15aff25d4df8773d,0.45164865,train_dataset_8
2039d51e6e4c8aded2e18a4c017ad8ba,0.6972467,train_dataset_8
6caa5f9ca6ec1547956568a5836e464a,0.10684091,train_dataset_8
dc3cf3b854a1f8a0da7ba2a5eb3e76c8,0.17147917,train_dataset_8
57cf0fdfdc8b10248fd46690db9fdf6b,0.083276175,train_dataset_8
1eb94ec5ef38c4c9e4d191b004465b00,0.29922527,train_dataset_8
675beeff8a8d6e536658242eebc84063,0.4846235,train_dataset_8
799fb28df6ef9e1ee877163c86db4e56,0.20550941,train_dataset_8
3b7177f52e021d4b75ca58ba0d8a6341,0.057800367,train_dataset_8
a408ace1a75e5ab72a47494c4cbcb7af,0.17396714,train_dataset_8
404bc943105c944219b80d9f3c0d2d0a,0.18979469,train_dataset_8
449159025741f7d41e8006b98fefb073,0.44998106,train_dataset_8
d629118d277ac0db5527582294a4dfe3,0.6847976,train_dataset_8
b6bf1b739d746e9bffb7dbdd7a0d6d4e,0.27386445,train_dataset_8
d0b0094cb640b33704d9b7eee6735f7f,0.057800367,train_dataset_8
e9764525e9746f925956dd97525f4335,0.44758922,train_dataset_8
52a74ecf80f74943f07fa9ece14152bf,0.23171917,train_dataset_8
acd4c539985ec6353e0894910b5bc419,0.057800367,train_dataset_8
19c2b90c9263425cc3869cbc2978d97e,0.30272478,train_dataset_8
fd1702b1d6c53e42743cf050e962e986,0.2639131,train_dataset_8
40b140612009928cdf773303905e340c,0.53786725,train_dataset_8
d1c4017283f9b33db190c450c04edd08,0.4732392,train_dataset_8
f7c4f7626d0358e07419bc1c87d22e7c,0.2550307,train_dataset_8
40e5b96d5fa093d9d623e14429e87902,0.17931645,train_dataset_8
64eafa16c086a578e7240ac3554002b1,0.31254914,train_dataset_8
9e58cc40cc08956943efc9f2fb996d23,0.26901412,train_dataset_8
ebe1a32085280655644e02cce79ed7b3,0.2550307,train_dataset_8
1cfa74567b3797290cbdee64c49683c7,0.60403156,train_dataset_8
068ba58f65a551133afde4896af71212,0.56006116,train_dataset_8
f0ccfeb961c0ac32f5f1d1fcebae48c1,0.69698423,train_dataset_8
c6497c76780a72ae56d42ac5c222e33b,0.23471513,train_dataset_8
98e2e9c0939432a8fc2786e04f60e65b,0.81193066,train_dataset_8
60ef54f8872c228ef9f1f4b756773787,0.03465113,train_dataset_8
31335091e55c570910037ab005fb622f,0.4767791,train_dataset_8
f5525dea3838f19b62809b0b0a198181,0.53786725,train_dataset_8
421faef63d48cb84d4b31ab6c00dc79c,0.18979469,train_dataset_8
8eb52f35c28cb4f3304066f387885f46,0.64931035,train_dataset_8
f121f48f30179daf8f3f78986f3b23a6,0.31551185,train_dataset_8
f423712166be67a3c2a69dbb45df95c3,0.26901412,train_dataset_8
adc48c321b7a36ad3258bc42e9564185,0.1695466,train_dataset_8
ae5847be2cd5cbf693ceb9e28f1c02df,0.3954225,train_dataset_8
b06723449071682f962100529f0830fe,0.17085335,train_dataset_8
5e1c9f36d6ebea4367d66656ee35e9c1,0.53786725,train_dataset_8
76d38b88a73931d40303f94608d5c218,0.13865706,train_dataset_8
c2a3d5d466a62da58ff187dbf22ebbd4,0.03465113,train_dataset_8
ab642cb239ebff90e7e094805d6f5537,0.17323339,train_dataset_8
d2f978ac90205d972c3d79445865a498,0.07005859,train_dataset_8
7aa71e6a181fba993dce80c8457e16bc,0.81193066,train_dataset_8
1394419483216df643df32f9621bf37e,0.117371224,train_dataset_8
980c1b6e929f802af4b59d237447ca40,0.4846235,train_dataset_8
c387e09694da6b3e618c0ba07ee25e9e,0.17173405,train_dataset_8
39c73aa243b1f99dab49d7e60c7c9ced,0.17173405,train_dataset_8
63988bf2bcfc76eec04f70717453d8f0,0.5691881,train_dataset_8
3c62f2f2f8b4e0ace74f51022854650a,0.34272623,train_dataset_8
612291368e3c29f2e801a320599238d8,0.24261414,train_dataset_8
dd7aa4d88b19580ab24a5cd254fab990,0.32628447,train_dataset_8
edd52cd6bc15f9c3c0bed757df054768,0.5505454,train_dataset_8
1b2b51196c14a031cec88aed064174bf,0.584856,train_dataset_8
88ce59769bba0a8002bae52fdc8fc986,0.2654981,train_dataset_8
d7962dbdda1f40bef0ce3dd17a6dea05,0.45164865,train_dataset_8
fccaa1fc4aad78ccfba9bbfa7ebee94a,0.20550941,train_dataset_8
f862af9b9bd9de7640e4ca93c5fd928a,0.2550307,train_dataset_8
145f7cfda178b0ef0fde873bb3d247ff,0.25517303,train_dataset_8
e8f3c23a22dc01446913dd1aa7379437,0.23171917,train_dataset_8
2d944f7f6862d47b2d3f020e178c53d5,0.36880705,train_dataset_8
0621c7c03734a8301e3f03faafa501dc,0.53786725,train_dataset_8
46c8ee578672d94c8ee2c4b553ada75b,0.03465113,train_dataset_8
09d5fe73a86bc78874b860fa21dc72ee,0.6165349,train_dataset_8
80af0039986d51ae2bf7b4036615ed3e,0.03465113,train_dataset_8
92c8032ae414b0653e168e475c1a79a7,0.6321537,train_dataset_8
bdab62f3dcd8c54c2168de27cf4a46b7,0.23171917,train_dataset_8
181a482dcdede04c18eaba9b2115bbff,0.17173405,train_dataset_8
319a1d4ec396073785c5b719e7364c66,0.40185484,train_dataset_8
5ee9ccec3a672c3da8f75c239286f9c9,0.32628447,train_dataset_8
097a7ab9d24b02a1f1a53c7ee5715138,0.26901412,train_dataset_8
6501d8f2bfcf8acbe399d459cc170798,0.1695466,train_dataset_8
9026fc8d018d4db0c05458b8ba5de272,0.36880705,train_dataset_8
4f6160110605f5a9fdcf40b7ccbf9004,0.17323339,train_dataset_8
ffd484d3299bb8cf8d89002eea1618af,0.82337147,train_dataset_8
c1546ccd894781e2ddfe5aa963171fc3,0.2639131,train_dataset_8
ebfa0fe5a42193d1e720d2c66e4d05cc,0.5945779,train_dataset_8
76fe75dd35752cde9cf6669bb67b3d60,0.61356044,train_dataset_8
47f0b8461b042a72721092eceb022274,0.17931645,train_dataset_8
037ae2b7db7982701c86f92ba714d09e,0.13865706,train_dataset_8
428fae2968cfa3bc8234177c235a946e,0.25114855,train_dataset_8
abd7cafbc7070564791600815b9ebb3d,0.13268879,train_dataset_8
dc03900e39704ecaf28c4a5fb23b130c,0.17147917,train_dataset_8
d46427770d2b264223c90a5b418782e7,0.5945779,train_dataset_8
fc71867ffb10f6419f81859321a4a9f3,0.26718453,train_dataset_8
65ac5246f79bfe15dacc17872fc3e5c9,0.17323339,train_dataset_8
2db8bcce9b604ba9afbb5bea1d20b3be,0.23471513,train_dataset_8
cfa296c6b16fddabdf1d72156feb379f,0.27386445,train_dataset_8
f9c29412569fdbf9119561deaeadbb4f,0.31254914,train_dataset_8
aa27f17182261fc041de51bf51fbd4bf,0.31551185,train_dataset_8
b8b3cd4f29ab8488722b0cbb961caecb,0.03465113,train_dataset_8
f110fd8bde3b0e8b38678888282ee95c,0.1695466,train_dataset_8
5e1963bcd46962c41a915527baf8835f,0.22066976,train_dataset_8
eab8f5dc8279687485323ea5273531c6,0.083276175,train_dataset_8
16370115133135f6b9248eeab5739198,0.11108486,train_dataset_8
b0512ae4e022a2f86e8172dc87214af9,0.03465113,train_dataset_8
96793c905186e9946702739ebd9a0990,0.26718453,train_dataset_8
8d6f87d689edfbbced3bd6ba03b9bb43,0.44758922,train_dataset_8
72d1f6ab12728aac2489c1caa1dca008,0.17085335,train_dataset_8
04c3f2105c24c8a4f258b62305a669c9,0.23710509,train_dataset_8
e39544f98afb7f94be03ba9c68e9366f,0.47897378,train_dataset_8
f420ffc564be3f424a2c9259fd4fa691,0.39599264,train_dataset_8
8042dce70baee883fcf511223e4dc737,0.23452456,train_dataset_8
73cea68f99d02c1340efb2e5c656cd7a,0.44998106,train_dataset_8
f2b5a7f9c5a156369077db2ef8e97a67,0.17147917,train_dataset_8
f3d3dfbf61cc1e986ec765d28ec32ece,0.23171917,train_dataset_8
bd10334a3267335c07eff10d4f71c6ea,0.23710509,train_dataset_8
aa099da58ee98f68a25edc9342fd7357,0.08909605,train_dataset_8
7226497ae8e7beafa9c0d3a540001557,0.53786725,train_dataset_8
8e2ca490c0aaa998ad5401745c1cada4,0.3954225,train_dataset_8
e530e0684105710e7f98d8b58aec7b75,0.31099525,train_dataset_8
7d5f8c0a0f3ddbc623344b26326ce399,0.2803107,train_dataset_8
40277ce82971458f98edd189465bc8e5,0.42651924,train_dataset_8
bc80ea9643907d41af858f372793d969,0.1799568,train_dataset_8
d006699506c5f2e2c8e69c3ed85bc5bd,0.117371224,train_dataset_8
4e084ceed25ca703d46caf5df082ae13,0.29116592,train_dataset_8
00ab7a3fcd0ae0bb5740214aa1a2bfee,0.25114855,train_dataset_8
6f644d64da8023929381cec0eebeff47,0.7852328,train_dataset_8
dd76f30ff114f6ac0eefef884c14d065,0.31254914,train_dataset_8
13ee97c3370654a4e7bf1206a2123c52,0.23471513,train_dataset_8
6f03d725346f53438716f2c2fc5dcffb,0.23710509,train_dataset_8
bbca4037fd4aa84358ab889fab2831b5,0.81193066,train_dataset_8
610747ccef2b94a90652a7b41efac59f,0.17931645,train_dataset_8
217026d54e1519e3db22c0ce21ba8e4d,0.17173405,train_dataset_8
9f8c4edb37696d9b969fc29ffec3ba59,0.11108486,train_dataset_8
2794e60f8a23b02da1c7140dea64c08a,0.32628447,train_dataset_8
32e5581fe8898d7d3cd9e5879ae32d9b,0.88591456,train_dataset_8
8f7abb00f04aae318a72eafeefd0b8f5,0.36880705,train_dataset_8
7f8d7c2213bbc74cf65bfdef655868a9,0.17147917,train_dataset_8
3504d386724b5ad28119506ea184fdbd,0.88591456,train_dataset_8
f5348bddfbcdbaeb5cd69716846f19e2,0.17931645,train_dataset_8
4751df53fc272d33d788d88e1b1f43db,0.60403156,train_dataset_8
f679867cc66ea628c59c265e8828c563,0.20550941,train_dataset_8
c3d331e52a0c03ceef4c1d014d00f043,0.2654981,train_dataset_8
ad2cc9f2c47fe774269f45c8cdc46f8f,0.17931645,train_dataset_8
c320f96687927fe2abae3a4639df4023,0.03465113,train_dataset_8
d61144eb6a4e9e62fc4e5379db27fe88,0.08909605,train_dataset_8
d6b592964f100132666aa0739a7da58c,0.1964894,train_dataset_8
4ad31d3f48f5a75165451e93d49e5b15,0.2654981,train_dataset_8
e07289808287cbbff0fd9d6681ab5e8d,0.43198377,train_dataset_8
64d09cc2fb17e0a86deeeaaf56175d82,0.82337147,train_dataset_8
daee516ca257e523965a4c6c8a9cf7c8,0.53786725,train_dataset_8
b46532333eabc6f491668dea53d6c414,0.6847976,train_dataset_8
b15a1904c4f9905e2a8b5de131d4e976,0.25156164,train_dataset_8
83064b0bab34e03b9a155e68e1869e4d,0.26718453,train_dataset_8
0e9f8f6fae9540a023653199297ac934,0.39599264,train_dataset_8
547d908ea3ad70faefb4b95ff772516d,0.7852328,train_dataset_8
d41e917d684e00b2d467c6466dd537c4,0.584856,train_dataset_8
ffdf2111f3b3b4b92342761b6e2d27f0,0.2550307,train_dataset_8
d8f85e27935fa7d6af1f2769054b996c,0.17173405,train_dataset_8
22476defce57c98e9bb6df5bc88ffc50,0.0965276,train_dataset_8
f6692fed521410859dee3fd81683eb39,0.81193066,train_dataset_8
8e3bde08cb0235f7357fd1c32a3b7ac2,0.7852328,train_dataset_8
cb5350a757abde4cf13ff255fc338b7a,0.36880705,train_dataset_8
7c74f963894664690d4f62be6e717585,0.29922527,train_dataset_8
22cfc8b83c491a078310fe907ebaa410,0.1695466,train_dataset_8
fa4c7caa16f296d3930e2ee545946240,0.53786725,train_dataset_8
7ba88405a3784fb88ad1bbc7d74dc16a,0.53786725,train_dataset_8
c6a3f3686288855bfa12f55fe038e0d3,0.23471513,train_dataset_8
a269fb6aca28db2d83c95b47ce537a5d,0.057800367,train_dataset_8
6c1038410331f7218fd1972b1d48e2ee,0.2803728,train_dataset_8
9cf647ba263eabe60ff352f2477d8a0c,0.6847976,train_dataset_8
cae008b1379915e02e76e3789524e112,0.18979469,train_dataset_8
3d6451ec9a73fc9fbb7e8b0813ead5bf,0.68974715,train_dataset_8
a968577da34850927a0394c5f775ee1e,0.083276175,train_dataset_8
5e800937285a02bf8f836545754f7294,0.53786725,train_dataset_8
407f7dee134056459761090d230c1dba,0.25114855,train_dataset_8
c322e5a2cc85709d753a18aa3bafce5b,0.1964894,train_dataset_8
30691037cf1d04060dd4adfd5b96977e,0.30162483,train_dataset_8
7f2871036e933f98b4ef180dd2bf8bcd,0.40185484,train_dataset_8
82609af9a9fe9ae3d261ac8d054fce86,0.30162483,train_dataset_8
f4b01c55b08d89efa18a44e4fc57c12a,0.0965276,train_dataset_8
1193a5dd4e34ca92769d520dfca6daeb,0.23171917,train_dataset_8
603e93ca563eb3c46b81d90b96538e57,0.64931035,train_dataset_8
bf113f1c986e586ca80d3682827ce9ad,0.07322018,train_dataset_8
518af0d2cd9713e509d4e38d23f1f9f9,0.32628447,train_dataset_8
864a2c602f45049a7f93203d303e0970,0.31551185,train_dataset_8
55cf1e6bbd15df2d7f0c0ff2ac3b577e,0.81193066,train_dataset_8
e38cbbb84c330c3d24fd99ff6e022d04,0.5945779,train_dataset_8
739268cb7ba07753e678942cd63f6d3e,0.03465113,train_dataset_8
a478aaaf03c4d66e0a29021b7acb05dc,0.4767791,train_dataset_8
dfa86a78c74573154b2a1c9892d97c12,0.17085335,train_dataset_8
77fe320affe7cda8044e2b418c9b6d72,0.61356044,train_dataset_8
5237028c848fe2c8c25c78f7dea5baa9,0.34272623,train_dataset_8
de6de23f6d1090386886035414cc599f,0.53786725,train_dataset_8
59df9570e43f9cc3485f0a4373b37592,0.4732392,train_dataset_8
da0c5d499c361a5f7fb873d075bd7493,0.0965276,train_dataset_8
eefa03a45ef8c088861fa50e272bedd4,0.19675289,train_dataset_8
6c63877ecaae48c3356eb57102c9da77,0.30162483,train_dataset_8
f3b8568432b45ca1f82a75f76c1bde9c,0.4732392,train_dataset_8
425db177cf0994c97dba460c9cb47626,0.2639131,train_dataset_8
72b13c892259940951ac295dbe943628,0.23171917,train_dataset_8
a74c3ea6686dbc75ae1679eb292b7491,0.15532225,train_dataset_8
fd2ab11b63c991f4e6f90c0b7ccfa8bb,0.26718453,train_dataset_8
494ddc1201a3ea38a410d2acc6ced883,0.5691881,train_dataset_8
0010149d5f47d14488eea2b1396e8538,0.34287098,train_dataset_8
c19678b6502cb7e698e9aafbddb6188f,0.2550307,train_dataset_8
9a1b527de7f85195fc7d4cd700481235,0.13865706,train_dataset_8
822a7a06450ae607f06d92d7bc64308c,0.27386445,train_dataset_8
7b482a13530edebd5d526f2c08c6c536,0.20550941,train_dataset_8
e5cba9cdd84b47dc8599907c9fb13bfe,0.30162483,train_dataset_8
1b363d10d4fe506355e7b9bd00f8070c,0.70480067,train_dataset_8
672e07f015f209422b11b693c597e5de,0.64931035,train_dataset_8
73774725e460b4b29e0a8a85833c5feb,0.2550307,train_dataset_8
f5496bd7453d3a553b470e796221cfa2,0.40185484,train_dataset_8
7595e9710f5332d3041c2eb2d7e65aa4,0.17085335,train_dataset_8
0c378a420cec43658aaf22d7529d1f60,0.23068152,train_dataset_8
e8eb1c2eb789b7fb96e3ba2416f62a53,0.44998106,train_dataset_8
2ef4190c32ff64967162008f377fc5e0,0.057800367,train_dataset_8
23f9abda2bee8b241a3429caeb028b1f,0.45164865,train_dataset_8
472c7e4d51e59172962a1bf72183a545,0.11108486,train_dataset_8
8bd34672485d89a361b6b4f3230d3429,0.30162483,train_dataset_8
1e6c34b12e18cb7a232ba9a1dd349990,0.584856,train_dataset_8
cec56424bc17cd70072e2540041aab7c,0.584856,train_dataset_8
60e33d9f9a760c1f8d185ac3a4601430,0.15532225,train_dataset_8
5f79f7335075095a22d48d6878aaad80,0.44998106,train_dataset_8
79e9f909c6af1b34eddc8117e753294b,0.40433016,train_dataset_8
18aecc5fc953f0dc75a88db6c2e1b157,0.2550307,train_dataset_8
cc173e373354c30c1d82bc24389d254c,0.22066976,train_dataset_8
247445210b805700759d0e7fbd4d7c16,0.26901412,train_dataset_8
c92eb334b8937ad50a439c5a35160306,0.53786725,train_dataset_8
0bfd35cc9376c91a51890b585122d46f,0.17396714,train_dataset_8
1394e50c1faec34889309f1e4a2c51b9,0.46512493,train_dataset_8
71d41a46301042ab05cbc47fb864b5cd,0.03465113,train_dataset_8
a4cce5776a8002b87ac3244fd108813b,0.19675289,train_dataset_8
4ddb07377a58c44d58561eab78db5b70,0.88591456,train_dataset_8
38ca70c0c576b4d2f64d638a0cdcad18,0.47897378,train_dataset_8
920f3d587dba1cb1353e29932f6b9df6,0.40433016,train_dataset_8
72b897084bc4526879529397a96c6a8a,0.17147917,train_dataset_8
388dfa0bbd50bdaf55db069e37f2cef5,0.44998106,train_dataset_8
d75a33e2b8da6e715b0600e639980104,0.29116592,train_dataset_8
89303b677574690008f27247527d636c,0.22066976,train_dataset_8
c0ec67ea79c3f0ec862b24bf229d50f7,0.29922527,train_dataset_8
f2c41e908d2fe9a0017f7b161da01975,0.6972467,train_dataset_8
29bb4a55b334f41577a45d09543034fa,0.47897378,train_dataset_8
9ac3ac438fd955c850e13ba1086d968f,0.1695466,train_dataset_8
094f5ddcdc6a6dfd74e7e8852037fc53,0.7852328,train_dataset_8
8ed76831347aefd38c17c6e63ceb7285,0.30162483,train_dataset_8
37edea8e8570f81b7a48636c426d63e9,0.26718453,train_dataset_8
cfd4ac8a10f8f2b882f713320785b119,0.17147917,train_dataset_8
34068d8f0b22cb1e4e97ab4f10241781,0.53786725,train_dataset_8
2e010c5994cc045993b023fa4bd22306,0.53786725,train_dataset_8
13439ce8a85fcc3e2cbf60b6cb8abadd,0.26718453,train_dataset_8
6fcbd7c3324d2488843c56f27e45e6cc,0.4732392,train_dataset_8
859842ee26606ac2313cfd80537dec7b,0.19020364,train_dataset_8
ecdcfd1885ca6c3500942bb92159773a,0.44998106,train_dataset_8
d11d9c2a635be7a0e0a97ec6b4a82d9c,0.17931645,train_dataset_8
5a896313bd37d17e47a71c6773faa348,0.68974715,train_dataset_8
ba1357fe710d50c579df4c35a35a8627,0.07322018,train_dataset_8
126b08a4dfc18602a4638f1a65824bc6,0.7852328,train_dataset_8
5859af1a8e5334599e4cf09ee8804c1c,0.083276175,train_dataset_8
ac71a1abab51cf90268ee28bba833580,0.60403156,train_dataset_8
b098c31de57a41abd6dc665bc19c1e01,0.584856,train_dataset_8
36b7bd24afe7f00384edf39bf4481ce9,0.70480067,train_dataset_8
d51f1cf3e192b2359717985d0059f4cf,0.2803728,train_dataset_8
879afd29ccf7db1602e2f26d2e2f2703,0.07005859,train_dataset_8
4c3dada5d5258947db5ab5a4ac3a3ad6,0.23171917,train_dataset_8
86ee01d6c83e5d87002ab338afa26d25,0.15532225,train_dataset_8
6e330960c32e3c7c633f2218553e99c9,0.20550941,train_dataset_8
f7880da5909c7efbe84056745807426e,0.32628447,train_dataset_8
b3a6b9f823c39eec3d286e7d9b478b5d,0.07322018,train_dataset_8
4df7842916433affcb29d305fc545ecd,0.4732392,train_dataset_8
311412b8ce438aadc186ff451ccfd88e,0.057800367,train_dataset_8
b8f5cda36303205ace0ff0358223ad91,0.19675289,train_dataset_8
efb773cbede079f67efd849358a90253,0.07322018,train_dataset_8
b45e4fb071d6653e554a65eeb886c994,0.20550941,train_dataset_8
310feea23af2e69a8a3453f57351a7f7,0.5945779,train_dataset_8
b8d32f527870cce216495bae07a124ae,0.03465113,train_dataset_8
d1c0da658938d980f434c7af4d8d3624,0.69698423,train_dataset_8
fb57864f0d4c1496d28106271cdc51ec,0.03465113,train_dataset_8
cb9c41d2a021b90292dd06737d79da04,0.0965276,train_dataset_8
1530516f3c09488467a6d39a42cf4a12,0.11108486,train_dataset_8
9067249f626f78a131e38e91862c693e,0.68974715,train_dataset_8
8757a6d3adf36a24e3592486969fe1d7,0.31254914,train_dataset_8
455324794730f6bb2bfe97524303ad19,0.69698423,train_dataset_8
b32baa0390265c405522fd7b96930943,0.21271767,train_dataset_8
b7efc755d69f7e19ec1f69b471eecc0b,0.17323339,train_dataset_8
289977a5ec681ff2d5543ddea8bbff53,0.17931645,train_dataset_8
6316e90bfea795ac0452d5427930f92c,0.69698423,train_dataset_8
0418a3de8b14a7d9f9fccfc9bdc982e1,0.36880705,train_dataset_8
3ed1922d845147f9ebc934dcd10bf60e,0.7852328,train_dataset_8
2ed37a48aaeaf9712850b77c7c860c31,0.43198377,train_dataset_8
782f4161c4ad8bc596ce8c5456857387,0.53786725,train_dataset_8
572b8e9291288d471cb03e45963a5958,0.40433016,train_dataset_8
8f27024818d1a90a37de96dd573a9e60,0.32628447,train_dataset_8
836d8c45d971ae24b2a025ac2d2669bc,0.09224766,train_dataset_8
a044da6e60cb2ef6ac1a54d756b17855,0.1964894,train_dataset_8
45e34d75f562550a60a86046f2ed835e,0.30162483,train_dataset_8
983c5e1ddfe75cfb3baec24f40e09c12,0.1695466,train_dataset_8
7dc6525ff8ca1efe4cf7f333407ff75d,0.13865706,train_dataset_8
6d49349c48f3fb413ab8f50582a913a3,0.4732392,train_dataset_8
1d2e7650c28e93e4e165f8c3069eafea,0.17931645,train_dataset_8
8db9151ac628c022e099988dc0539ee9,0.0965276,train_dataset_8
54acf78a6521b39115c7732e46294362,0.03465113,train_dataset_8
aa52ad53871af3953097a73c76a2afff,0.60403156,train_dataset_8
492031efce8bb1165dd388932079db17,0.11108486,train_dataset_8
017699fa60154a80571076b04c94b10a,0.31551185,train_dataset_8
64f6aacfc3f80804e7374d9f523b0bd1,0.23068152,train_dataset_8
caaa2d19ce0b96f634479ece9762979c,0.083276175,train_dataset_8
aa6419d89909b579d592e6bc67fd9338,0.19675289,train_dataset_8
da6f76fe25f2a16e1b5647b61c3fa43f,0.23452456,train_dataset_8
5c73518963e8f4b82bed1370b57dbc37,0.34272623,train_dataset_8
0df35f2de93fdf3c619266e3e434e667,0.602135,train_dataset_8
320662aec870b40333b63ac4ccb295c3,0.17085335,train_dataset_8
653b265421a367c47bffcd7fd1650ab3,0.2803728,train_dataset_8
6c2aadaf6d441e95efae6d2c86d762d2,0.19675289,train_dataset_8
1d877f86228ce1e2ec11186f8f682525,0.40433016,train_dataset_8
54d013d87bc47e6be10e133c26982169,0.60403156,train_dataset_8
a8c33311935697aa7f59ad6299635072,0.29116592,train_dataset_8
71f0457ec0d643b4c8a707292a732ae5,0.03465113,train_dataset_8
a2e81ac67ac826ad968b5584c79ab596,0.1964894,train_dataset_8
110c7f418ba673699c8e005e4a094da5,0.43198377,train_dataset_8
0812ea11975f843c65939afe0e2ae329,0.88591456,train_dataset_8
5ec549a591668648660dc6c11d3380ed,0.53786725,train_dataset_8
8c0cbc29260152bea953a154d15490a5,0.17931645,train_dataset_8
72b308cd230c924e5be05384a27a56aa,0.25032958,train_dataset_8
4a93aea9d98aaf155258b0af8435af39,0.11108486,train_dataset_8
b4a58b406e94dd942817ec8b839a9eb5,0.3954225,train_dataset_8
97d3e49f52da1cee2e11d3ad27f706ab,0.36880705,train_dataset_8
093d9343a6e3e7c4a8f64bd44397f02c,0.0965276,train_dataset_8
9a9668922b951bfe1a148437cbee5720,0.21271767,train_dataset_8
4c51cc0cb715f94ab402c4e6cd514af9,0.09224766,train_dataset_8
6d6c411d1979cc004fb6ac92067e5503,0.17085335,train_dataset_8
b62132803c19794e5cad89d4df0afc46,0.6847976,train_dataset_8
f2e0c9fed5473bbf608e2030e6f2b980,0.19675289,train_dataset_8
c3eff0c5d0c677b4e17ec09b9e72dc58,0.31551185,train_dataset_8
b96ddef244579fe0646616c80d07fe29,0.602135,train_dataset_8
fb56d609616928e4de94003c424a3783,0.5945779,train_dataset_8
9ed6436eb1edeb5dd9198cc8fdb49c1d,0.40433016,train_dataset_8
dc271d3cc34cb522c3b1f5fa857d6a0f,0.31551185,train_dataset_8
a366638453933414d034bcfa872f7efd,0.31254914,train_dataset_8
5036dbf9d5c19de2e55646761153b140,0.23068152,train_dataset_8
688b2ce48bf1937b98811881f358d506,0.584856,train_dataset_8
f7de341c9eab56a32b43721550719fc3,0.40185484,train_dataset_8
ede7c74004b39254f8ec2260ba9f0b04,0.2550307,train_dataset_8
61277e69adfe3e05a0886da75ed28dde,0.1695466,train_dataset_8
18196b11359d54740eda263ac912b7f0,0.82337147,train_dataset_8
d9c09e0677565bbe62ffd7fd3eb71aa2,0.46512493,train_dataset_8
e83b8d76e3775ff4668059bea21fd345,0.1695466,train_dataset_8
c76fc8f23cded61a755a931db614d2ff,0.08909605,train_dataset_8
0dda60138494247269443aec860cfe35,0.18979469,train_dataset_8
0c4cbed0425275cb2d980dfacab02338,0.82337147,train_dataset_8
755ca7c5200fe99ff10a14deda172d03,0.42651924,train_dataset_8
f6a698f47927e82d2165ef4d0a636e2d,0.3346849,train_dataset_8
0ff965db539945f2b7c67fcd2a2bdece,0.32628447,train_dataset_8
f17796e359e565aed0bff91a448dd5e1,0.17931645,train_dataset_8
c3e64bdca8c5ebc0f137cc2989efaa6f,0.17396714,train_dataset_8
8f6b77dacc2c147609d04ce7e080078d,0.03465113,train_dataset_8
db4660816d723e4fb59ebf16fd0f2c10,0.23471513,train_dataset_8
6ffd98b7d38a59d2fa8bebd63b79484f,0.25032958,train_dataset_8
7a54affa2ab9ca2ad4860cd397451d6b,0.4732392,train_dataset_8
e454e83c1e1ecc0d9db6102b1177cb9c,0.24261414,train_dataset_8
c62ccfa75446b5763eb4e0b217f6ac30,0.07005859,train_dataset_8
7deb5e8bccbe1bcd06e1a585d7cc8f57,0.07322018,train_dataset_8
f18ca9417934153a4e20219887c25f44,0.34272623,train_dataset_8
e1b54ebabf7037bf96397e1d3f639f32,0.29116592,train_dataset_8
a2ba9326d2ef1ce78fa569b1bc018ff1,0.32628447,train_dataset_8
14e675561973f44be8cddaf42efcf9b0,0.31551185,train_dataset_8
3aaa1f17bfeff7f99e337f67fe5f37d1,0.20550941,train_dataset_8
40589bb528d2f8181d31bff090714df7,0.4732392,train_dataset_8
5baa4fa84b30b57284b2f80973e58228,0.26718453,train_dataset_8
d73b93a3bfb632580bce12bca0866506,0.584856,train_dataset_8
0062ac871bcb1f60dca352a3ddd2c216,0.09224766,test_dataset_8_1
018ec06fdd7a19e575adcf71d476efef,0.08909605,test_dataset_8_1
0193e77cc3b3cfe44ab655b7deed1c94,0.53786725,test_dataset_8_1
01da6b06352a845ec1a558ef42bc2297,0.39599264,test_dataset_8_1
02314be46a019620788e9f17065b153d,0.23068152,test_dataset_8_1
040714990ec36aef49bf14ddd0f797ac,0.31551185,test_dataset_8_1
046483defd74abdddb9d4139fdd6776c,0.15532225,test_dataset_8_1
04919bb70f65b529abb6aa399b9c761e,0.81193066,test_dataset_8_1
0645ed0522e89393f4137a5d08f3fec9,0.19675289,test_dataset_8_1
064ffc0f8187ff34a9b61b7acdc61f47,0.17931645,test_dataset_8_1
0768438a39d52adf2137369fdd710d09,0.19675289,test_dataset_8_1
08489a799ccc27575c692cd0253baa75,0.08909605,test_dataset_8_1
089fd6b1e5a2bca5e018d0a611b596ef,0.53786725,test_dataset_8_1
090e631d9978fef40245a2fa2cdffede,0.2803728,test_dataset_8_1
091ee8f24666c5ba54c1ff482b323bbe,0.4846235,test_dataset_8_1
09ef865dd369ebac41fcefd9651226d7,0.56006116,test_dataset_8_1
0a2e41b6b5560b2ff5b265e7f25df414,0.43198377,test_dataset_8_1
0a52b572bd6e0ad11b65139393902a23,0.5505454,test_dataset_8_1
0a9cc3c5c82c4aeef4367991c102221c,0.44998106,test_dataset_8_1
0bc11a602521ececc2620d83c0cf9ea3,0.07322018,test_dataset_8_1
0c6d7ae7f3fcec749d6c7fec1fd4a928,0.43198377,test_dataset_8_1
0d13e215daf19b6e3bd8584b464b0b88,0.057800367,test_dataset_8_1
0d448f62988ec081ea3f5f0a208d6232,0.81193066,test_dataset_8_1
0db221aafcc535a23c85ebc4269b3cb2,0.17931645,test_dataset_8_1
0f06c4fbbd42e935e65eeb84cda902de,0.7852328,test_dataset_8_1
0fef8e9a58ab5f596b841e47c4c57c7b,0.4846235,test_dataset_8_1
1004f9429f5764f643299a5ed647f2bc,0.53786725,test_dataset_8_1
119b2dff8ef7727b72b366ad15a7a1e9,0.0965276,test_dataset_8_1
11dc238298390361d78a519274ac08ff,0.18979469,test_dataset_8_1
125bbff0fd342e493d8c6a8821ea793f,0.17931645,test_dataset_8_1
1286b6491159fc2f44ba476336d19562,0.1695466,test_dataset_8_1
12bd530eec7def7224fa74cd601f7172,0.17931645,test_dataset_8_1
12ed53af79f8609db5e922eb7c257c14,0.18979469,test_dataset_8_1
132f684e51ee798012bf507feb6669b6,0.53786725,test_dataset_8_1
137b0e286111a5781f374a8a12b65c00,0.82337147,test_dataset_8_1
13ada62d42ffae1a753bf5b4211ef40e,0.60403156,test_dataset_8_1
153cde89b8ac3d14ae0f8720396d00a6,0.56006116,test_dataset_8_1
1657aa96865ac5edc15bfa7637248d1b,0.602135,test_dataset_8_1
16c5e76c2b20e97d8b1ebe0fcb541b61,0.23452456,test_dataset_8_1
18a060a1b38133743baf5e96b8ddd8ef,0.19675289,test_dataset_8_1
18b2422e091ecda6fe5c2806afe76313,0.13865706,test_dataset_8_1
19204e93be6c63dcac2a1560ee0dafec,0.60403156,test_dataset_8_1
1aa4331d835ab2fbbf58fa656a3d402d,0.0965276,test_dataset_8_1
1b02353eeb103a8e5d1bc39c4cbf3e8a,0.46512493,test_dataset_8_1
1b15a0921c27eea9e22e417395b30129,0.17085335,test_dataset_8_1
1b561769f5f2bdb46a14e9723a00cfe3,0.17931645,test_dataset_8_1
1be9bde4c7ff14686ae279ef36fe14a9,0.5945779,test_dataset_8_1
1bf03b38e3a9fc9636af735e4f6e22f5,0.32628447,test_dataset_8_1
1c00cd2f06b37adea978e43faf110a09,0.2654981,test_dataset_8_1
1c77bb6d18e059e7c8d088192d1190c9,0.53786725,test_dataset_8_1
1d9b923b455c9f4fd42a51da780024cc,0.1799568,test_dataset_8_1
1e59982ae42759a91fca89b36dcb0259,0.17085335,test_dataset_8_1
1e8eb382590b734b4cd0018a52abe774,0.4732392,test_dataset_8_1
1f0d2653d2dbecbf63911af9e22e507a,0.17085335,test_dataset_8_1
1f0db8717bb338068d76dd748e094f2d,0.32628447,test_dataset_8_1
1faa76e42ef7fb17f80250f46a57aca3,0.17931645,test_dataset_8_1
2048ff323e87bbf0f834f2f186a178f3,0.4846235,test_dataset_8_1
20531d5ca8bf3a240501d6140774866f,0.82337147,test_dataset_8_1
20b0e54f2648de364251c6dbd1e146f6,0.4767791,test_dataset_8_1
212cd44785a02b0541bdd4f052dee78a,0.53786725,test_dataset_8_1
21b3007d951f2052d8a53c02c7d261fa,0.21271767,test_dataset_8_1
2255b24aaa460d1f4cc6291891d68a74,0.4846235,test_dataset_8_1
22dc1f7c12ee508a1a274b9952153131,0.2550307,test_dataset_8_1
23511c6dbd6264feb62216730a669a36,0.31551185,test_dataset_8_1
24ca2994f16aa4f83ac1326572e73809,0.07005859,test_dataset_8_1
24f2d5ebdccb84309307da25b4940250,0.17085335,test_dataset_8_1
25298e7e17fa1293babc02e3c037d8a6,0.53786725,test_dataset_8_1
255a492986126e41052917b7591c01af,0.53786725,test_dataset_8_1
2595553c04174938a9e2e6b3dfbab128,0.28289843,test_dataset_8_1
2601eab42b6db2c0cd468244891c416c,0.26901412,test_dataset_8_1
266368e0cf97a3575cc95415eb788456,0.0965276,test_dataset_8_1
268ad6b39891fb819adb7ad2ca6e3bae,0.27452478,test_dataset_8_1
276771052159533063472dde95c790c8,0.31551185,test_dataset_8_1
27cd8d918c072c3ddfb6e7c155e7ac51,0.7852328,test_dataset_8_1
27f812287e1965e3c26e8a3ad6ca5d43,0.88591456,test_dataset_8_1
28a33c658b539b34223f312747e22ff9,0.1695466,test_dataset_8_1
2a7689c216239e484205c10ddbd738dd,0.17085335,test_dataset_8_1
2ae7b93658670314b59fd6b1c4cf42ab,0.03465113,test_dataset_8_1
2b0f0bb086f0bc601169d88021bee5af,0.057800367,test_dataset_8_1
2b662dd147b3fcc7f52ae3101811b6b0,0.52122074,test_dataset_8_1
2bba8698f71036425e0e5596da390404,0.43198377,test_dataset_8_1
2c4ee2dd95eedfa22eaff127641bf5a2,0.45164865,test_dataset_8_1
2d0b80ab4916d9c66f6e86ebf1d26ac0,0.2654981,test_dataset_8_1
2d388e1ed2d8e028a514685513abb863,0.28289843,test_dataset_8_1
2d9e8d3fcfcdff237af831ddddbb55b8,0.56006116,test_dataset_8_1
2dee4d29997cb8d1a7d9705133652880,0.7852328,test_dataset_8_1
31b98acec534a76d46b0ea914448b8d4,0.23710509,test_dataset_8_1
321892e1eff3e0b0cf17a1922e7f74bf,0.43198377,test_dataset_8_1
32952b193580553c3e559cadfe56bcd9,0.40433016,test_dataset_8_1
33b8d5b14058f576589c86bb33016c5d,0.36880705,test_dataset_8_1
36250fe5bff969ced6d5da9cdad05d80,0.07005859,test_dataset_8_1
369bde7c30fb249515022958175432aa,0.03465113,test_dataset_8_1
371a0444274a0bef8ee6e856d57b7096,0.25032958,test_dataset_8_1
376ffe9b4665b66a2e62508ffe29be0c,0.5505454,test_dataset_8_1
37b2baf21220429f905b71daf2008430,0.083276175,test_dataset_8_1
3856347d911702b5c87954f799e141d4,0.32628447,test_dataset_8_1
385c0eedffe78998190dfe75d2456716,0.4846235,test_dataset_8_1
392724e2d0f2e07b64f498d1e5afbc70,0.70480067,test_dataset_8_1
39a4fd4dc85d92910610468ef51c21eb,0.23068152,test_dataset_8_1
3a8ee703a39df2b5c1cf76dd5da3edb3,0.23452456,test_dataset_8_1
3b46469e0038837d8300c44777ea4ce8,0.15532225,test_dataset_8_1
3b746c269a77d9b08c616e44d513cc89,0.39599264,test_dataset_8_1
3b81b9345fcb3fc7e3e9cf755a45609b,0.2639131,test_dataset_8_1
3c841b20205bddb0edd155b4104ce1d6,0.36880705,test_dataset_8_1
3d508e87f3818a05749205714b022a21,0.17147917,test_dataset_8_1
3dc6dba9f798813ec2387989b564943e,0.23171917,test_dataset_8_1
3e394da7ae34b470030de54af294fa6b,0.17173405,test_dataset_8_1
3e57f39163d8f2d285e4c8a7e2a59a8c,0.2550307,test_dataset_8_1
3e9f4dee84bf357751bedc98df890925,0.40185484,test_dataset_8_1
3f97f8edeea26498133a7534dd8ecae2,0.6847976,test_dataset_8_1
40648d904f0f2d926b2d31402f77d16e,0.17173405,test_dataset_8_1
4083040e6680ffa72c9ce46393c550e5,0.53786725,test_dataset_8_1
40f72db2aae0bbc403d6b7150b43c02b,0.34272623,test_dataset_8_1
41e528e7db40a3e48ed77a8de03025fe,0.52122074,test_dataset_8_1
427ad001619a04427e77d2665525a54c,0.45164865,test_dataset_8_1
429181bfebd206ee14bce4ccadecf50e,0.11108486,test_dataset_8_1
42960de4d6bcadb64a255817d4be70d2,0.56006116,test_dataset_8_1
429c3b7f8e72fe33d02f9cf2aae8c429,0.4732392,test_dataset_8_1
449647f1ac92862617aa06a39a5d282a,0.68974715,test_dataset_8_1
44cddf42e78796f1c961a365339599e5,0.26718453,test_dataset_8_1
47dc0b4f1c1f088b9737f7ac44b04621,0.23068152,test_dataset_8_1
49767746e14d19d8faf7e10cb57227f0,0.17931645,test_dataset_8_1
4996f20472491ce4fdff3b9c67e2687d,0.22066976,test_dataset_8_1
4a6e36e5de64ec863d4fea1ade6f6340,0.1695466,test_dataset_8_1
4abd7ac40dd960c67cc1b6d67c40c87a,0.17931645,test_dataset_8_1
4b9916062548b910a20a812382c7a4e7,0.17085335,test_dataset_8_1
4bf7a99fb094a69d61dfb1b6c37c1daa,0.03465113,test_dataset_8_1
4bf8d671b262d4c2732ec966fda990a2,0.17931645,test_dataset_8_1
4dfb3bfe5a830ebaf02b81cc4895ae36,0.60403156,test_dataset_8_1
4e3c7cc8780b781078ee905c1a21bf72,0.1695466,test_dataset_8_1
4f529c2f0537f0f0e7e9bcf8328689f1,0.39599264,test_dataset_8_1
4f8cfea69c6840f395d65327971777cf,0.17931645,test_dataset_8_1
4fb14fe7cd8361d7bc90908a6533cd25,0.2550307,test_dataset_8_1
4fd227b3c7beca4a48bc88d48786b988,0.6847976,test_dataset_8_1
508baaee4456d29ddc38d7660154c860,0.40433016,test_dataset_8_1
5174ba0fec4a7d9779729ab503283048,0.17931645,test_dataset_8_1
51f3f148963c89690e910f71edd700a6,0.1695466,test_dataset_8_1
52868211c4dfb2f8175c9a8dafbaba97,0.1695466,test_dataset_8_1
5320a87a0d923455ec6f70f8ee3d3a01,0.17147917,test_dataset_8_1
54ade3beba429d82d09cd56ac00adff1,0.15532225,test_dataset_8_1
54e3d664eb4e40aea83ba84993fb678a,0.07005859,test_dataset_8_1
5518b7480ce5c73d7578e74176c600a0,0.44758922,test_dataset_8_1
55297168f834d13692ba61d4f0141551,0.23452456,test_dataset_8_1
55cc1e02bf5bcecd7a316afe0348e830,0.17931645,test_dataset_8_1
56c9bcbe80259961f19cf1589b5b7423,0.56006116,test_dataset_8_1
5728178d70d83e3c6d15a87ca95f03b7,0.5691881,test_dataset_8_1
5780fe5d8e15f81b40f660a8029e6185,0.7852328,test_dataset_8_1
57893401e195382c1317c9a00c2ed363,0.23068152,test_dataset_8_1
58fd698cb06f06dbb7ca41f10ca91b54,0.31254914,test_dataset_8_1
59e847a505863ecea6bf2f4d5781e355,0.13865706,test_dataset_8_1
5a6e389b254242e2655c6ead45258779,0.60403156,test_dataset_8_1
5ae435f6aa4206347f59bb1d7513650a,0.13865706,test_dataset_8_1
5b176bbf28b90246fa8827f2865ab444,0.13268879,test_dataset_8_1
5bbdce8ac6a2e0c743fd2450c2bbfd93,0.17931645,test_dataset_8_1
5c1b2f878edd91605143e5797afab54c,0.64931035,test_dataset_8_1
5dfdc69ed62a1943ae431a89ea605c5d,0.46512493,test_dataset_8_1
5f42ac09e01211030dc684daed933088,0.81193066,test_dataset_8_1
6139a8cb9a55f81ef54401e4b8fbe4c2,0.17396714,test_dataset_8_1
6171c8a22138b49943758fa34a9445d1,0.3954225,test_dataset_8_1
619551ad49981633f03afdbbadc6e945,0.1695466,test_dataset_8_1
630adfcab75a84830ee0466c5e4fa794,0.27386445,test_dataset_8_1
6319bfba377916841a34094f920dace6,0.31551185,test_dataset_8_1
63a2c63d780f6dcf637c1869043e4ca1,0.4846235,test_dataset_8_1
6464887e40930c6e105f5431480961c3,0.44758922,test_dataset_8_1
6591a65f2c88e6a1889d296b72c8f755,0.03465113,test_dataset_8_1
66003f4b8e2bdf7776c5a8ad1eb55e76,0.17147917,test_dataset_8_1
668f968987805e0a09eb2f529c9d69fb,0.2550307,test_dataset_8_1
672d53541af109f0a28a3ff77b9ace67,0.46512493,test_dataset_8_1
6801249b398acb52a7e33dfef2bd848e,0.39599264,test_dataset_8_1
6850a1e21732be6f2d3a1ced8eec73c2,0.19675289,test_dataset_8_1
6a4777fd1b584cc4276902c107d2c512,0.03465113,test_dataset_8_1
6b6024cda8319f20655a10a1ce4ea47c,0.15532225,test_dataset_8_1
6d6b67bd4c12258d9f353e0d7da2de30,0.40185484,test_dataset_8_1
6dae6cc682212604f4b1c327355cad5d,0.44998106,test_dataset_8_1
6e5d349369b7be2eae248aa195348030,0.17931645,test_dataset_8_1
6e905a6b2520a4c79699df43c075d3c7,0.44758922,test_dataset_8_1
6eb4b78cc99b58b4501a1f6d5eb71982,0.26901412,test_dataset_8_1
6f50897773ef8c52462ee59c3a5e6de4,0.13865706,test_dataset_8_1
6f71c9ceb176bf09655cf28cdd7c1511,0.27386445,test_dataset_8_1
700c5a66d2c05acf3ab86cb35d42a624,0.22066976,test_dataset_8_1
724c055482945248e5706561b5deeffc,0.19675289,test_dataset_8_1
744820768d70754a1e625aa9731be534,0.13268879,test_dataset_8_1
74533a6c780b52591c4ddf15000ba594,0.07322018,test_dataset_8_1
74990180c6c8ff3fd9cb3adc4166f4c0,0.32628447,test_dataset_8_1
74fe0f32c7e67168fbe13b75edddfb93,0.7852328,test_dataset_8_1
7543fc4b96c1716e9a730b50ce7b9da6,0.15532225,test_dataset_8_1
76af8b13b0dd43c750b2c136f3442822,0.23452456,test_dataset_8_1
77ce58429d89cbc6f0ef48e46843faac,0.1695466,test_dataset_8_1
77ef8babbda05e598aac82376faf1980,0.31551185,test_dataset_8_1
785a16a080e2ab826beaa2a8f6bbd6b8,0.4732392,test_dataset_8_1
78cb39ad3bf34038465291b07a6e4859,0.4846235,test_dataset_8_1
799df9eea909d03aa94af43333ce3cdb,0.4732392,test_dataset_8_1
79b0197142b8aa004074b74507b5d8d2,0.25114855,test_dataset_8_1
7baba524eb688fc49bef59bef36e4640,0.26901412,test_dataset_8_1
7c81800b1dcfff1c6854426eeb9d2b4a,0.584856,test_dataset_8_1
7cc1cb13223e6ac8373a9c63750e651b,0.40433016,test_dataset_8_1
7da8348af88d20038f67c7147216738c,0.03465113,test_dataset_8_1
7e6fc6febe7185afe57dfb00a57ef41d,0.0965276,test_dataset_8_1
7eb98f1d0a0dfa244a40d106a9d2c560,0.31254914,test_dataset_8_1
7ed656772893aed66a623bc2f3223db5,0.23068152,test_dataset_8_1
7ef4f54c8315123119e15ee5f9571503,0.23452456,test_dataset_8_1
7f14791620afbe13d3a8734f1a3416ff,0.60403156,test_dataset_8_1
7f66d8c782c3c83fc09fde9e94f04de1,0.17931645,test_dataset_8_1
7f774631506e2668615bffce36580521,0.42651924,test_dataset_8_1
80323387482775ae57dd346559e220d0,0.584856,test_dataset_8_1
81ca7d61b1b49bf97741c793e996a548,0.1695466,test_dataset_8_1
8255016598a43b90ded3387a98de6c5a,0.03465113,test_dataset_8_1
825e7a466f4a629e8b0c63cdb5890294,0.4732392,test_dataset_8_1
826d1b6b8429a4b6aee01cc58fce38e6,0.1799568,test_dataset_8_1
82db89cc700dc673c16d35e2c52bf00a,0.057800367,test_dataset_8_1
8359209e101b4cc88fc1b8126164c15a,0.08909605,test_dataset_8_1
843c0e611a6c64b25f7af7f9904ee533,0.23068152,test_dataset_8_1
84abc8d91e9ebca0a53cf2188c0075b4,0.40185484,test_dataset_8_1
87b974c798a8918f5b113c12429fdda6,0.5691881,test_dataset_8_1
87cbc9a5c006426559f2b503abf1b609,0.23068152,test_dataset_8_1
889d7dc3ec901263b5e412f178441d0e,0.88591456,test_dataset_8_1
89cb2cd76175a1a0631cab66a3c8cd4f,0.42651924,test_dataset_8_1
8a9f08e616705d33a21a5197690d82f8,0.17931645,test_dataset_8_1
8b5d445504471f11fd52720bb9160bba,0.60403156,test_dataset_8_1
8be3f2a8cbdbd0810663220bc329a1ec,0.057800367,test_dataset_8_1
8e2fb83e40c95c651e0296fed33b2770,0.60403156,test_dataset_8_1
8e3e1f54b6b1363c7ff85e7b9b875d27,0.083276175,test_dataset_8_1
8e8df05a02404dc9740f5ad4c0985d26,0.31254914,test_dataset_8_1
8e9d852bc280f9baeea5bcff83639df8,0.6321537,test_dataset_8_1
900c8df2f84cc354a6c366da1fe82fe4,0.22066976,test_dataset_8_1
9011e5fc9c8f6da4b086764825096f2c,0.32628447,test_dataset_8_1
9024f1a580d187b60471030b39accca9,0.7852328,test_dataset_8_1
9056024e6a73f220369a249df91e3d8c,0.7852328,test_dataset_8_1
91526817a71775e7f70e4cf83dca7aa2,0.057800367,test_dataset_8_1
9195b0d786b0886b18e91e89df82ae15,0.4732392,test_dataset_8_1
92b2500bc02add37681a29e476d3e158,0.23710509,test_dataset_8_1
933cefca7079b00aad2a38f6d101bf7f,0.17323339,test_dataset_8_1
938fce93334fe2081feafcb45ef3994e,0.2550307,test_dataset_8_1
943107e9b5d8c87d73669afa20fa27d5,0.083276175,test_dataset_8_1
94f9721ea8110298387ce9cc1367dd03,0.17085335,test_dataset_8_1
95ecebe8ed08e0344c9ce7bf83163423,0.56006116,test_dataset_8_1
975be4d24280fa421f129bc7f14b6e80,0.23068152,test_dataset_8_1
97e3ab2d1c7423fbd3f8b1f1efaf07f1,0.21271767,test_dataset_8_1
99d31972d01fdaa1cedc5bcf270379cf,0.2550307,test_dataset_8_1
9bd46d147d5f0f854095f77609ed3160,0.17085335,test_dataset_8_1
9c355964f8388a671d63c4c8fe04d105,0.17931645,test_dataset_8_1
9ccaef4a88e60dcadd58310ec4b1ce8c,0.23471513,test_dataset_8_1
9d0de0aec340a52c6f58ddf65060bb84,0.20550941,test_dataset_8_1
9dca67aed2baf44026916897e1917bf1,0.17085335,test_dataset_8_1
9dfa10740dbda222effdf632f8d074ac,0.13865706,test_dataset_8_1
9e364a210b0217ff104bd40b409922e8,0.27452478,test_dataset_8_1
9e7be74fb032e0193f61bcc5fe595350,0.1695466,test_dataset_8_1
9f1824dd0d548574cc9b88339663c382,0.17173405,test_dataset_8_1
9fa0d57a308a23e1cb69c415752616b8,0.08909605,test_dataset_8_1
9fca7b1be54b684f2b8975560435f8f2,0.23710509,test_dataset_8_1
a0a13e852e6248d8358b75fa526089d1,0.56006116,test_dataset_8_1
a2291e186053e514a945bbfdc7584da6,0.18979469,test_dataset_8_1
a29ee3a6177dd94a14299fcaccab006a,0.40433016,test_dataset_8_1
a322e23f144855342f2b4013287bf2d2,0.23452456,test_dataset_8_1
a3b1d07df1998542896f742ae57a6c41,0.44758922,test_dataset_8_1
a4076723c3e9080eeca7d3c9fda503ba,0.23452456,test_dataset_8_1
a4c6b180daceee174950a54a11656d0d,0.083276175,test_dataset_8_1
a532a400f4973953c9a4ed82aa0cbcad,0.7852328,test_dataset_8_1
a5daa4e90aa043fbce317ea38fc3d453,0.21271767,test_dataset_8_1
a61db16620f540145ddd192ca43b16d1,0.6165349,test_dataset_8_1
a69b2c2a2d464dc884546470717c5879,0.23471513,test_dataset_8_1
a701403fc637df0bf4c28ed3f59ec823,0.31254914,test_dataset_8_1
a70c5651cca9ac57273a6aacfe748c18,0.25032958,test_dataset_8_1
a7181f8246a6d4fe268bbf7ad192e8af,0.40433016,test_dataset_8_1
a81f730baa04d809d8595fb6c5e3904c,0.2654981,test_dataset_8_1
a84dae834d9a8da2712e4cc6a0408ac8,0.7852328,test_dataset_8_1
a94ce2bfd969dac8cc15faf8b3cecde0,0.4732392,test_dataset_8_1
a965b3165566275ab22aa1b0c60278e0,0.46512493,test_dataset_8_1
a971b7ba8c0e9954f23f822da98f5523,0.19675289,test_dataset_8_1
a981413e07b7b41d9d36946ea41d3817,0.45164865,test_dataset_8_1
aa198db2a883e500e6b1c508872914b6,0.4846235,test_dataset_8_1
abc856ba22ff4fac09f475e55f307d83,0.27386445,test_dataset_8_1
aca01b34089704a62ffa558fa7248211,0.56006116,test_dataset_8_1
acd1b7395658a027929b9b7ddbf824e7,0.5691881,test_dataset_8_1
ad09ece19cbf94625e7cd04bade3f3bf,0.17173405,test_dataset_8_1
ad825ab139eff972e06c5147c8fd8e75,0.11108486,test_dataset_8_1
b051d641d5074789a50eec6d1721671e,0.23710509,test_dataset_8_1
b15acbe7b124301db9395923ba61f59a,0.07005859,test_dataset_8_1
b15e351a74ac672708fa663d6ab4b18e,0.88591456,test_dataset_8_1
b3717b11ef0ed9fd045711eba46d72ef,0.36880705,test_dataset_8_1
b405168b95117c478553be9c4183d698,0.17323339,test_dataset_8_1
b49b4fa0f091a486cccfa01df8b30a6e,0.07322018,test_dataset_8_1
b4f70c93257aa4c690725ed130eb8699,0.81193066,test_dataset_8_1
b5083f22e8fb5e536c597c13e339086b,0.2803728,test_dataset_8_1
b5235c0e4617146eff5af9323f54da47,0.43198377,test_dataset_8_1
b569ad27d206ca8aa6186e27525686bd,0.26901412,test_dataset_8_1
b73cca28faa8a86fd6871686cb9b1908,0.52122074,test_dataset_8_1
b7d2f3ef349acfc5e1a8a1c0cfec6313,0.36880705,test_dataset_8_1
b96c410130e6a0f8a5898313a909dd1b,0.2550307,test_dataset_8_1
b9d4f23ee082eb2d3c65dab05e666a0c,0.6847976,test_dataset_8_1
b9f943b399f47d6ad0d6471a23eb29ea,0.39599264,test_dataset_8_1
ba14aca7bae779567eea393fb2abd5df,0.4846235,test_dataset_8_1
ba2ef1c81fa5d7387a9159945a26d24c,0.29922527,test_dataset_8_1
ba49c0676f4723a164ac3f405f06cb8a,0.26901412,test_dataset_8_1
baec57665b69ca8b4c84e0ebe3f6bdfe,0.17085335,test_dataset_8_1
bbb09d69ed9ac4ec64cb1b2bfdc2643c,0.08909605,test_dataset_8_1
bbcb902aacb9aa3033e0e4f17e7d8ab8,0.23452456,test_dataset_8_1
bcb581f12cb043e353f0a8746576d8d2,0.1695466,test_dataset_8_1
bd002b70c9ff630cf2a083a36295b32f,0.4846235,test_dataset_8_1
bd1c923abe5bff46faf41c1d8c1534a9,0.29116592,test_dataset_8_1
bdd8e3b86b153075c57b9f9132f6f39b,0.53786725,test_dataset_8_1
bde1309b3f774f33f718621cf8b26629,0.31551185,test_dataset_8_1
be700595330f3d7126bec8282fdf67d7,0.23171917,test_dataset_8_1
c12df4cec0a3bca004952e0162ca250e,0.6847976,test_dataset_8_1
c131cd654ae9e5751dacc1f19cc045fc,0.2550307,test_dataset_8_1
c48488827ee45ddc799a34f882633f59,0.083276175,test_dataset_8_1
c4bbcce00b66c838ac75b7aea6c07f4b,0.2550307,test_dataset_8_1
c5c807e58ee3c87628bfb1e2da4627e5,0.11108486,test_dataset_8_1
c5eeae60dcbff44bcd4826e104cdfbd4,0.23710509,test_dataset_8_1
c678453c5e3a8670bbff6fd02e363d07,0.44758922,test_dataset_8_1
c7e2aed30041214796ff5a4265ac1c0a,0.10684091,test_dataset_8_1
c8f27a8b3f1ae215579c8b2cc22a91f9,0.584856,test_dataset_8_1
c9022cf60463b15711c8b9d852430f2a,0.60403156,test_dataset_8_1
ca9ca18f3cc1bfbd569282988fd73fc1,0.39599264,test_dataset_8_1
cb69f66d3774790860e8010e44a19bf3,0.42651924,test_dataset_8_1
cc11d0cef6378c0337f6200e02f73ad0,0.53786725,test_dataset_8_1
cc1f41230ca2d08cfa4e4ded5af9438d,0.40433016,test_dataset_8_1
cc2166b7eb9918930cfa8b60e4bcfaf8,0.17085335,test_dataset_8_1
cc6c0d126b572a8421a1e050620e6607,0.5945779,test_dataset_8_1
d0c7c1cbaebabfb4b0ddeaf5d96b7dad,0.81193066,test_dataset_8_1
d0fda47d343a17adb72bcc4ce3ba9803,0.4732392,test_dataset_8_1
d13a4de2d0cf63ecf3cc1eeb1a9ca17c,0.13268879,test_dataset_8_1
d171ceeab58fa6828bb7b4365ffb66ce,0.27452478,test_dataset_8_1
d1a2f536d749c6d8abecba34e73ccc77,0.17931645,test_dataset_8_1
d22c082ccfdecd43ca3367b7dac220dc,0.19675289,test_dataset_8_1
d2ff0a21ecc058fd15a9c9d8a291461b,0.5691881,test_dataset_8_1
d3639eaba413c31eed121880ab1fc860,0.53786725,test_dataset_8_1
d3653ea6da9374519665737c07f4b703,0.31254914,test_dataset_8_1
d3b90681a3560302f595749bf42f5765,0.19675289,test_dataset_8_1
d3c69274d27239d42c7446e33f84390c,0.53786725,test_dataset_8_1
d41980a8189362167c0804ac82ef34a8,0.11108486,test_dataset_8_1
d4ec4e63f49fd08ead14631961be38f1,0.4732392,test_dataset_8_1
d511d7b91361a13406eecddff5231323,0.60403156,test_dataset_8_1
d5127f272b959d1b6fa54e1f00b73497,0.10684091,test_dataset_8_1
d6148b933a4758167db4ed041c697faa,0.60403156,test_dataset_8_1
d74786b4e6dbf86a05876a002bfff86d,0.31551185,test_dataset_8_1
d91f7ce664b4c1e28abb6e7fe9fff098,0.15532225,test_dataset_8_1
da86ba3e476ed3ce53067e2713b4c255,0.32628447,test_dataset_8_1
dbad1728db422ad352c3191f225d7824,0.4732392,test_dataset_8_1
dc01d646401b3138c8463def508a6bc7,0.34272623,test_dataset_8_1
dc15f41bc33e6d7110ab2f5885d1d527,0.22066976,test_dataset_8_1
dc674a328109a268e8802f7dd357d578,0.40433016,test_dataset_8_1
dd1af32a088e02f84af3552f218a2c5c,0.6847976,test_dataset_8_1
dea922906a4bcd47f2a4f7f31392baf5,0.09224766,test_dataset_8_1
df442f38198b5781b6a42234c51be7ac,0.27386445,test_dataset_8_1
e00824d64f57b1482da45a7e9672a6e3,0.13268879,test_dataset_8_1
e07f883d1b23345937bdaedbb2c8407f,0.4732392,test_dataset_8_1
e0887d0fc34c3049e21e0ca103b3ecd5,0.53786725,test_dataset_8_1
e0fb5141562f470fd61b90d6d40f58d7,0.03465113,test_dataset_8_1
e0ffb91d7dcef36b8b31f6df97cd48dd,0.03465113,test_dataset_8_1
e2a813f403ddd625b93a34c3b229a3d4,0.5505454,test_dataset_8_1
e49f7f930c07130006c6dfd78c3302ff,0.40185484,test_dataset_8_1
e4dbce3fe81707b3f0c156ad8d2f7397,0.6972467,test_dataset_8_1
e571a41de97dcb16cf38d17544f6ec49,0.2639131,test_dataset_8_1
e5c1908384f13a2fa2e3d8cda91b90a8,0.057800367,test_dataset_8_1
e7f3e71b69559ba7df5556e40f3e06eb,0.4846235,test_dataset_8_1
e83cb02fb80c961679e3af81b7a5cbfa,0.82337147,test_dataset_8_1
e84dacb0293e8391be1c1fa7992f84ff,0.03465113,test_dataset_8_1
e9239467c20d46730afacd253450270b,0.17085335,test_dataset_8_1
e92cdbe07f50dcb8400bde93186df38c,0.29116592,test_dataset_8_1
ea13fb404c7b2afa4a607b4620b7e5e7,0.29116592,test_dataset_8_1
ebcaa5832d6764b8da1ae78b843d55c7,0.083276175,test_dataset_8_1
ec07401b782e344797195a3362689917,0.5505454,test_dataset_8_1
ed2a15046a5c41e243b1860ccf5ecaba,0.17931645,test_dataset_8_1
ee3d80e2f0f91b411c153556622c2893,0.17931645,test_dataset_8_1
ee47e6073de384dd79b31088d385690e,0.057800367,test_dataset_8_1
ee8e73d952ef171f23ff808791a49b67,0.23471513,test_dataset_8_1
f1d2ef8d86f8b566a2a131cba2928b02,0.23171917,test_dataset_8_1
f2d5ae12d85ac84bb5e09d04c9b94d82,0.29116592,test_dataset_8_1
f3fcff56ec9a6122ef977e8476016826,0.68974715,test_dataset_8_1
f4482146b14b8a9d6a395f6b975f4446,0.69698423,test_dataset_8_1
f4b9f51bc9b0e8aea2f77e4811305007,0.39599264,test_dataset_8_1
f693a180f6e047cbd3470a6c4a663531,0.2550307,test_dataset_8_1
f71ccb509b0c951d78e159280570d4b0,0.19675289,test_dataset_8_1
f8882d41330663ae475146532ccd4fd7,0.53786725,test_dataset_8_1
f8f0611437f51bb7b7273a144d366d94,0.47897378,test_dataset_8_1
f93ed9150152ea5dca1f50fe9473c799,0.4732392,test_dataset_8_1
f945d25362e14f4b3b14441641e73efb,0.53786725,test_dataset_8_1
f967201c1bd4df198d28a8f303552de3,0.17147917,test_dataset_8_1
f9ea35592ee35a92292d561ae13932b6,0.26901412,test_dataset_8_1
facf82e59b1520a8b074f4a0baecddea,0.15532225,test_dataset_8_1
fb30b85d9f0791e3c3397b70f0013d04,0.31254914,test_dataset_8_1
fbbc3e2d74e4bd43663fceabfaa4f731,0.4732392,test_dataset_8_1
fbc9283e9d8f2b6c5660ee3566b8bf5f,0.23068152,test_dataset_8_1
fbf4f9f3ec549f6c4dcc0861764d3d63,0.07322018,test_dataset_8_1
fd9cc54c65f7e4df57d3009fcf8ad338,0.53786725,test_dataset_8_1
fdf0c8d37ca19cd897c687d2e10d6ebb,0.20550941,test_dataset_8_1
fe9ec224075d464c5f4f00b416357a13,0.17396714,test_dataset_8_1
fff6ba9097a7cae91f920f56d50086d3,0.602135,test_dataset_8_1
fff86683a758d29b03f4f44ffac69891,0.09224766,test_dataset_8_1
005e796b77c4e8a1a2af4e11e1c82c1b,0.1964894,test_dataset_8_2
00b8d92d790b9f9b79d5690e2820e61a,0.03465113,test_dataset_8_2
00f7efe9af18e9283f1be029f19ad88e,0.07005859,test_dataset_8_2
00fdb434e435f18c3338fdf1c11a5334,0.34272623,test_dataset_8_2
0105f01e7b5f513103fb564db2c52d10,0.11108486,test_dataset_8_2
0115f045ec156b741d192671fbd0be10,0.03465113,test_dataset_8_2
018d0edb97a5c4eef78aef2014e004c0,0.11108486,test_dataset_8_2
01f6063c0cbbc410e256bca3e837e800,0.18979469,test_dataset_8_2
0255bf0dcf759822b020e22e82201cf4,0.1964894,test_dataset_8_2
02ff8c5c18a9539b60b3f068fe749090,0.13268879,test_dataset_8_2
032394ebad233663d8603e3d819bfe90,0.03465113,test_dataset_8_2
037cb2d0dd4a9b2a29c10bd05f15941e,0.1964894,test_dataset_8_2
03927779f3cdc97c2ee011edf6b0350f,0.057800367,test_dataset_8_2
03d4c14dffc9cb9616b053e1bd7ad125,0.4846235,test_dataset_8_2
03fd4ad37252d6fd95e84fbe75069d02,0.03465113,test_dataset_8_2
049eb49486e4938278f32455c7f24f89,0.17323339,test_dataset_8_2
04b5f23c14a57ee411507938ac776d2c,0.057800367,test_dataset_8_2
04b77e72a3f45176c7730aafafe5de92,0.11108486,test_dataset_8_2
05021163512a3c050d161e3ac9ac1904,0.08909605,test_dataset_8_2
05634f6ced4a7d66c3ae6bf5a9d3737a,0.083276175,test_dataset_8_2
05927a404a7f8c894b8f7e402581f455,0.1964894,test_dataset_8_2
05b7a5a14c1ada581f602a5466d4f9da,0.07005859,test_dataset_8_2
062d44e5b1c56945c4048d680a58df78,0.057800367,test_dataset_8_2
0640de992c6188615c4dcef0cdf7f88d,0.45164865,test_dataset_8_2
065bb683c82e71849b082c867acf0b26,0.25517303,test_dataset_8_2
067241687a1e8f04612496a4a1470cdd,0.057800367,test_dataset_8_2
06f214e4786a65c710b3b166462b2751,0.46512493,test_dataset_8_2
071e49204489aaceaf0446eab03f6b87,0.23452456,test_dataset_8_2
072688e2213ed9eb33d35e3948d59f8b,0.4846235,test_dataset_8_2
0728089831ce5af6b45307e69c7cf6ed,0.17147917,test_dataset_8_2
075a69367a0b7a67bb1e956c7191e0a4,0.03465113,test_dataset_8_2
078b9c788619c937aa9ef3274f1d5020,0.13268879,test_dataset_8_2
07a1219dc1e656d6d7c98ddaee36c670,0.25517303,test_dataset_8_2
07af1848c61a621c7288ee128bd38830,0.1964894,test_dataset_8_2
0835b7929f30a3f129dcbc06c82e7a90,0.27452478,test_dataset_8_2
086a407551709cd647ebe4e3bcfa78b2,0.27452478,test_dataset_8_2
09f42d9a41ba633087b0aabc5d0f023c,0.1964894,test_dataset_8_2
0a28fa3b48d63747b41f4a27128959cd,0.057800367,test_dataset_8_2
0a6e9a69dc892bf9ffa80d4e25865cfa,0.46512493,test_dataset_8_2
0a9050dfccc028d186ecb6734c7fcd48,0.19675289,test_dataset_8_2
0a91846ff8738c959fac1d794f8712e4,0.057800367,test_dataset_8_2
0b452515338dd8bbab67a606e0857578,0.1964894,test_dataset_8_2
0c8ba46b3671ce7da1ab159cd4c8eda8,0.1964894,test_dataset_8_2
0cc552e96c729a1ee88ca94f501ac329,0.11108486,test_dataset_8_2
0d807a1fc8dba70e6dfe1b5eb9f350bb,0.03465113,test_dataset_8_2
0dae2a4c1ad439eaec5933340381ffdf,0.0965276,test_dataset_8_2
0e92aaaa3d9da6b36c7e3e5acc127593,0.13268879,test_dataset_8_2
0ead0e4f2d9a5754f7aa4545cad40f45,0.057800367,test_dataset_8_2
0ef4e8bc8149d91515490662154614f3,0.44998106,test_dataset_8_2
0f720ac85f02f18f8dfb5b31acc148c5,0.1964894,test_dataset_8_2
0fb594947ea4c6232863b27c4efdae86,0.1964894,test_dataset_8_2
0fce1ed94dc84701b9602ffe5e825447,0.11108486,test_dataset_8_2
0fd021364eefc498744460c5e67df0e3,0.1964894,test_dataset_8_2
0fdd3599ae1837d274210105cffcc68d,0.057800367,test_dataset_8_2
104ed0a428af67f9778aca1d8c6a0b2e,0.1964894,test_dataset_8_2
10dbd34d68a3b816b91f602b02ffb42f,0.26901412,test_dataset_8_2
124490ac7ddb5fbb0dea3b7a2d73b853,0.057800367,test_dataset_8_2
1245d98a4e8a65e8bce2f12eee2727e7,0.13268879,test_dataset_8_2
127b24e260f1b8fcef1bcba84d365b82,0.057800367,test_dataset_8_2
12a5f9b022eb26e7933fa9da19397e9f,0.17085335,test_dataset_8_2
12b50d6a78d6502f0c143521525adc2c,0.13268879,test_dataset_8_2
12fe2d1e444ddd64ea15654a64d16403,0.1964894,test_dataset_8_2
132f6d2114d206edef70a07eafa0f18a,0.057800367,test_dataset_8_2
136b76de9c635e3c0647242d52c2d0a5,0.07005859,test_dataset_8_2
136e8d3d89a7e71c0668c46febfb648c,0.09224766,test_dataset_8_2
13cfa279a4489d0fe94b891d74b187f5,0.08909605,test_dataset_8_2
146bdedd6653a28c2d917fcd9bdb0c3c,0.1964894,test_dataset_8_2
14785b7751fdfeabaeb7be3c55169e23,0.057800367,test_dataset_8_2
152a03ff609fd20584a26031f9b93ed0,0.1964894,test_dataset_8_2
153143b6d0425ce5c46914120d52078b,0.15532225,test_dataset_8_2
1550a479fc26a81a680a258c8f4424a0,0.10684091,test_dataset_8_2
156e28545ca013f21b8ff12a3c967f04,0.1964894,test_dataset_8_2
1581b0193c05701f415918dea4d27991,0.03465113,test_dataset_8_2
15e24606597d19c24d25ed9e4a04dd52,0.1964894,test_dataset_8_2
15f2958f19b6f0b7647e7fdff9b760e0,0.03465113,test_dataset_8_2
16487f7733bfba32874ea16633ea792d,0.1964894,test_dataset_8_2
16e958b9322431155b2977be765d80e5,0.11108486,test_dataset_8_2
17d09e39b1e284669df90088ae517284,0.26901412,test_dataset_8_2
182d3934c97cafb96a5b5926d4b5b48c,0.11108486,test_dataset_8_2
19564b99f9a0f125f836efd9e268e947,0.03465113,test_dataset_8_2
1a2fd64d921c8bf7584674d06a79b2c1,0.17931645,test_dataset_8_2
1b7c636d397adac92cefdba751ffdbc2,0.07005859,test_dataset_8_2
1bc5f08872b1e8c5972d60c0f91fb8c9,0.10684091,test_dataset_8_2
1be0de50941baa89618e7f6a5041e792,0.03465113,test_dataset_8_2
1bf152e51bb632b1a594ffacef5fae20,0.1964894,test_dataset_8_2
1c946691eea075bfa0c0e6092db523b2,0.03465113,test_dataset_8_2
1cd171912012991323d3b52f4c83dd60,0.08909605,test_dataset_8_2
1d0ed796d119ba9018d193817bad569f,0.13268879,test_dataset_8_2
1d3e7bbb9f441e9e450704605b98b8f4,0.07005859,test_dataset_8_2
1d52590adb4082205b20630b4d777a0a,0.24261414,test_dataset_8_2
1d634808576619da0c02cac6146ee1d9,0.1964894,test_dataset_8_2
1dfe8885b40c808922a6a7db42831764,0.1964894,test_dataset_8_2
1e624b9e7a60127297c9824ca7d4150d,0.1964894,test_dataset_8_2
1e7861a84917264c3f41555df43a56a4,0.1964894,test_dataset_8_2
1ec2b61607898a3325fe643ada9d2815,0.10684091,test_dataset_8_2
1eec841b5dd15dffc278aa8627a524e9,0.07005859,test_dataset_8_2
1f09f32704cb3bc33389fd379bc72ae6,0.11108486,test_dataset_8_2
1fbb05492e9aca164df24b7ff64c7930,0.1964894,test_dataset_8_2
1fccedd13a01b1599366a07028ffa585,0.1964894,test_dataset_8_2
205b4c3eca71f1351efb7a2d9b61795f,0.07005859,test_dataset_8_2
2088a04a66e9c9910ee0240b9d4bf961,0.1964894,test_dataset_8_2
208ae08bccfdf5537b72821c34b01412,0.1964894,test_dataset_8_2
20f55bd706670c23785fdef8a28c2800,0.11108486,test_dataset_8_2
21028ea819eacedd1ac4ba1f5e84dbd9,0.10684091,test_dataset_8_2
211b6305467cd7b1829f60a5541440e6,0.1964894,test_dataset_8_2
214322c3c5a473cf1602e0b022b2f4a9,0.1964894,test_dataset_8_2
21519bb91ff7aeb4cabc0684f9750a1c,0.17147917,test_dataset_8_2
21b315274459a650afa56cab863c07c7,0.03465113,test_dataset_8_2
21d330f0b06791af77d027140e97bb0b,0.5505454,test_dataset_8_2
224b4644ed01974d5c0fb470703c3429,0.07005859,test_dataset_8_2
229420478ea2571508a9db4f54808499,0.1964894,test_dataset_8_2
22cd1947ffa53c6e72f00ec7b78d04f0,0.1964894,test_dataset_8_2
22ea88370f7b627ec8881068ea87f378,0.1964894,test_dataset_8_2
2476bc598881f504121556c0a937f956,0.17085335,test_dataset_8_2
24a433eb0188a28ce7cfe4ac1316f4a4,0.08909605,test_dataset_8_2
2543906d64255be2bacc2c3fa0092a56,0.61356044,test_dataset_8_2
256c1ca55b82ac5184b98aa00b1c4059,0.13268879,test_dataset_8_2
2578c1b4caff7bf4a86fe2c5fcf00b6e,0.1964894,test_dataset_8_2
25a703c8c7be4dca006ddd762f85d84b,0.057800367,test_dataset_8_2
260a075f38f9c8f4d0ec585e1af06008,0.1964894,test_dataset_8_2
264164f092bc66d267a9a96b54ecea9c,0.17173405,test_dataset_8_2
26507602816d5b6a8ccca1391c07848b,0.057800367,test_dataset_8_2
266b323a7869654022cb8f86dc7d4e58,0.083276175,test_dataset_8_2
268567bf3cddb69446e87d080b0f5d3e,0.42651924,test_dataset_8_2
272b43df52df8d2975b9b5d0187b2a0d,0.13268879,test_dataset_8_2
273f9567dea7f8ef05babd5d1c459c33,0.03465113,test_dataset_8_2
278d74c3a87009c8e01f7ba023c0041e,0.057800367,test_dataset_8_2
27a87de74a4b003b3e908c476f8e51bb,0.17085335,test_dataset_8_2
27b8b483e104e9643181ccbde00d4b05,0.24261414,test_dataset_8_2
27d64ee183f8ec4f300ffc34be7c05e7,0.1964894,test_dataset_8_2
2830f664592b111e11ce75d489ba9006,0.11108486,test_dataset_8_2
283e8274e16f3b1a4addede44808ad85,0.03465113,test_dataset_8_2
286501c2b383de607632f84253d13518,0.1964894,test_dataset_8_2
28650d3156d7724ac3911ae7a64b53c2,0.1964894,test_dataset_8_2
28956a6f41e8f324c2150220b964a3e0,0.1964894,test_dataset_8_2
295256a879c9879e256d03e8b5c17039,0.13268879,test_dataset_8_2
2954054f48ab71479e4882c813f2df81,0.03465113,test_dataset_8_2
298f6edd3c25b0a197df0640c531b9f8,0.057800367,test_dataset_8_2
29ec38df5d0b1a3b096c5670a5d7961f,0.46512493,test_dataset_8_2
2a01bbeea77fefe714ee48b26311536b,0.1964894,test_dataset_8_2
2a4ce328f04e50aededc25e5056872bf,0.0965276,test_dataset_8_2
2a8f1c2e18a29da7c95e2beb4a473e16,0.0965276,test_dataset_8_2
2ab25d7aa437640e03a14e738603402a,0.1964894,test_dataset_8_2
2ac5dca32b693a23c5377e126c263bda,0.08909605,test_dataset_8_2
2b075fd30a35f549d7023557e8319326,0.09224766,test_dataset_8_2
2baf4e35ca62744b791b5ece53137c9c,0.083276175,test_dataset_8_2
2cf747da448fb6dc9a36459e5f5ceb3b,0.057800367,test_dataset_8_2
2d1f8b7830a276adc11292b6abeca73a,0.10684091,test_dataset_8_2
2d594c00b40d1a3059383b37882e6f63,0.24261414,test_dataset_8_2
2d9e82693803856815e5631aa954857b,0.03465113,test_dataset_8_2
2dd6484280747485028389979013826c,0.11108486,test_dataset_8_2
2e23d78b99e1560b52f7eeb9700c5f77,0.11108486,test_dataset_8_2
2e3f44dd70de0818c948f7c2eec83035,0.1964894,test_dataset_8_2
2e56a7ec9a399a2efdcca9973d84ed2f,0.1964894,test_dataset_8_2
2eb798791c3d9a4a8ed6abaa0774e60a,0.1964894,test_dataset_8_2
2fba0b7175e3f38a84a59e136f5976d3,0.03465113,test_dataset_8_2
2ffa6471c1f7b8933c4797995ceb7a58,0.11108486,test_dataset_8_2
30f1bc0e7eb66c7b191e82336ff72e13,0.0965276,test_dataset_8_2
310caf05071dfd65ec1f88d30f035320,0.1964894,test_dataset_8_2
310eafb8f19b4bed7e5e4cf3f8f0d8b6,0.17085335,test_dataset_8_2
315139b0c2108df793b3c13e387f7421,0.057800367,test_dataset_8_2
31516a262ed5210904babec6f19db3da,0.19020364,test_dataset_8_2
31778700c06cdc9550f5106a114d531d,0.13268879,test_dataset_8_2
319e1172f682a89453ca7585c5003ae3,0.1964894,test_dataset_8_2
31ab1108feed3a0dfa36409cfdf28641,0.03465113,test_dataset_8_2
3211dff9c3c2643a8308b74a03049d10,0.1964894,test_dataset_8_2
326d7caf3a624254cbc53aa20653e9dd,0.1964894,test_dataset_8_2
331fc24366a5b251666b0bad1bed41f5,0.17173405,test_dataset_8_2
33697cdc20a7ffd0601c9c9e4cb00a0b,0.17931645,test_dataset_8_2
340d7feef8981c846040c1ff1354c0c1,0.057800367,test_dataset_8_2
347168248d67df61c54e08030b7809bf,0.11108486,test_dataset_8_2
351d88021cde1b4b5dc9bfa41ac5e91f,0.03465113,test_dataset_8_2
353ca44e3261e25e425d358fe4fd06d4,0.1964894,test_dataset_8_2
3580f88e752f7d264ab74882dfb25528,0.03465113,test_dataset_8_2
35b21dc5b21b8a80d6077b67077a08e1,0.1964894,test_dataset_8_2
36909b12e7663f0da9f66b11b73baf8f,0.1964894,test_dataset_8_2
36bcaf73f43929283a1d12ad3a6d72aa,0.057800367,test_dataset_8_2
36f9c202154bf3fa69a67d5e7a0d325e,0.1695466,test_dataset_8_2
377088706ae17eaf0510148f2b1d204e,0.17323339,test_dataset_8_2
3781b98021397c2453b9477e8a35ae1b,0.29116592,test_dataset_8_2
37ed60957c5cc95d6788188d12dd5ad4,0.1964894,test_dataset_8_2
380dd5a3b2a63908db958aecb422ebe8,0.1964894,test_dataset_8_2
394e40ffa9afa5a0f4920aab93d34183,0.057800367,test_dataset_8_2
3979b711e65bf98fb8f4bf6e108d85b9,0.08909605,test_dataset_8_2
39d0a0b4e00513215b136f30a2b34e8b,0.19675289,test_dataset_8_2
3a0ec0c227c3ae0faff6c8fbd5d66d60,0.03465113,test_dataset_8_2
3a5a5c193f7a56cd46b7910640901df2,0.17085335,test_dataset_8_2
3b570bc0653a123a6cac6cd05592efc2,0.25032958,test_dataset_8_2
3b66ae7987279807b7272bddf98a2a1d,0.07322018,test_dataset_8_2
3bd0a77b8d2fda5affbd48d1eccec2ca,0.057800367,test_dataset_8_2
3bf1e87d796208e4a84ec95a60657c1d,0.1964894,test_dataset_8_2
3c13ef25cdd0ced28ee4596e43f3975a,0.13268879,test_dataset_8_2
3c4a7a5bb9b6e93630cc0d2463195aba,0.13268879,test_dataset_8_2
3cb7a9c3624e7b7dc91455d9862d0b54,0.2654981,test_dataset_8_2
3d594f7bd61a28175d0d2b7802e9aaae,0.19675289,test_dataset_8_2
3d9cdc530d5d6b47e1f7575b09c4336a,0.1964894,test_dataset_8_2
3ebe28d8fe1f938db2c8e7c824d5fad6,0.17323339,test_dataset_8_2
3ecca7aa337c6589459cb6b753e44232,0.057800367,test_dataset_8_2
3f7cc773725c8c1ae66fdf0158f1f1b4,0.18979469,test_dataset_8_2
3f80ce0f1c66db7ad37d93e2984a78c6,0.07005859,test_dataset_8_2
3f9f3d1ea0f2c778afd04fb9ca2d1392,0.1964894,test_dataset_8_2
3fbb51ffc85a27c8e8f59a63ef04c899,0.1964894,test_dataset_8_2
3fdf0c811e5cf1bf71968b78fe16d2e4,0.1964894,test_dataset_8_2
3ff8e8de33502cd553276002f7fd58a2,0.34272623,test_dataset_8_2
4016f19fd5311499afe1f0fd3bf87c07,0.1964894,test_dataset_8_2
4081a52c4e13576d09a4a6b807864079,0.26901412,test_dataset_8_2
40c49f5dde50c1e8ffc20ecf8a162163,0.23452456,test_dataset_8_2
40d8c771acb9e02100f8460cfce437d9,0.1964894,test_dataset_8_2
41ac46c2fed444208c2b035ad650b846,0.34272623,test_dataset_8_2
41c26375196987eec4ace7141e8ae4c4,0.1964894,test_dataset_8_2
41ddc35d77dac3f3a8acd34575bfe258,0.1695466,test_dataset_8_2
42661a2fda99b05e48e52b2a5b00f9a7,0.1964894,test_dataset_8_2
42bd697e59b1dadeaab1443f2da51349,0.1964894,test_dataset_8_2
42c3300155ba21f4d9bb24fe138ebee4,0.09224766,test_dataset_8_2
42c42a23f78b378cdb116cf1fd29f573,0.1964894,test_dataset_8_2
42f998557c87030f62ae86454ca767b3,0.17085335,test_dataset_8_2
434022c49e41ce4a1deee4754d9c305b,0.1964894,test_dataset_8_2
4358a9a22ca50e65828806cc0ada704b,0.0965276,test_dataset_8_2
44513521986e5acd9dd971732f2f160d,0.07005859,test_dataset_8_2
449eddb10159f1848870d0b521d93ab8,0.03465113,test_dataset_8_2
44a3cc9d288ead9d45e14c9c3904094b,0.0965276,test_dataset_8_2
455ed23f097dc1ef203be7603dedf175,0.057800367,test_dataset_8_2
45e5ff3f80392d9a2d5567324d617ff7,0.057800367,test_dataset_8_2
45e78dc95512f2a6754ee5934fa94816,0.4846235,test_dataset_8_2
4631e35d7dfe5ba3392f2e2e8362abc8,0.07005859,test_dataset_8_2
463c544c1eb5ddfd7825fb8b9b79df5f,0.11108486,test_dataset_8_2
46e887a2e2313382fafbd64bf31735b1,0.03465113,test_dataset_8_2
47104b5c821b05f5cbdb09425451daf6,0.29116592,test_dataset_8_2
474d0723db6c50c0a939ae83b364c5c7,0.0965276,test_dataset_8_2
47ea1b0ce31532493a7283e52191b055,0.1695466,test_dataset_8_2
483c6d5dce39c10b92bf40a90c07c1e5,0.1964894,test_dataset_8_2
48cb3d7f919d4715de2c3f9aa164c541,0.15532225,test_dataset_8_2
48edcbd5e2ac273973fabde288454806,0.07005859,test_dataset_8_2
4969cee20c99c46f6b839e80317637b2,0.13865706,test_dataset_8_2
49cd2da66f829a4e55b05f60ea82ac1c,0.1964894,test_dataset_8_2
49fb9ec099d1759beb06edadff6bd4bc,0.1695466,test_dataset_8_2
4a0214e2b42edf68c5b1e5fcabdd4442,0.1964894,test_dataset_8_2
4a4d253e0e9b0421a27736b71af780de,0.17085335,test_dataset_8_2
4a87e49e1cba4a4920a06ffd97259e8f,0.057800367,test_dataset_8_2
4a8a5d8df6aa86913ec156a1b868d11a,0.1964894,test_dataset_8_2
4a8f4c10cc9a996a907389a8538c2ef8,0.11108486,test_dataset_8_2
4ac443bd7a0d8fd6fb41f87002d356bf,0.1964894,test_dataset_8_2
4b2b5cec7f085d2e511662207a779ff5,0.03465113,test_dataset_8_2
4b6c5034c1c093fb8b22f3578c3b8bdd,0.11108486,test_dataset_8_2
4bc769e6f7cd3bd2b778067a8132f94c,0.13268879,test_dataset_8_2
4c227efd085e3a53cfc6c26b24a772e6,0.083276175,test_dataset_8_2
4cbdb7d7dd0f1a83243f8d286cb116b8,0.07005859,test_dataset_8_2
4d269b1a683aefc62f44d44040f47448,0.1964894,test_dataset_8_2
4d280d0ec94efeea537d36ee6bd8e8c6,0.07005859,test_dataset_8_2
4d6e6c501cd94299d64c51682aa7561d,0.1964894,test_dataset_8_2
4d898b7722fcf09f46e65562bac0d3c0,0.1964894,test_dataset_8_2
4dc8ab7843b2e9698c639bfddc36330c,0.17085335,test_dataset_8_2
4e33ad5d7ac0f3904c30489cb36f7d50,0.1964894,test_dataset_8_2
4e554f52a72df5db16a3cd5edd7b9706,0.1964894,test_dataset_8_2
4e71ff108cce31b4d93485f227c24a33,0.17147917,test_dataset_8_2
4e9cfc50abbeeccdcc345edbf1b99867,0.13268879,test_dataset_8_2
4f1a323ffbff0b004c10dd7138671477,0.08909605,test_dataset_8_2
4f3d8608e808d521ef064abab150cec9,0.13865706,test_dataset_8_2
501a4cacdae875e134734e4daa4a3577,0.03465113,test_dataset_8_2
503d34d91accfdb9475861c41f3adc57,0.17323339,test_dataset_8_2
5065b00b914bb20f71db3fe67d6301d7,0.1964894,test_dataset_8_2
5098d6bb7dc3a373e5322bd2d8dba8b0,0.13268879,test_dataset_8_2
50b53cbe69a4d6812c6e33eace05f275,0.23452456,test_dataset_8_2
515473f6ecf5a5b7d7752006c7ec2eb1,0.1964894,test_dataset_8_2
51a52a21c7405e1c30b46d07bed391f1,0.11108486,test_dataset_8_2
51dc7980c6abb847c306bfe85e85b3a8,0.17085335,test_dataset_8_2
5205b7f91002392ef52748b2fb091394,0.03465113,test_dataset_8_2
520a22cf869f30ad1ee7dab0ac1079b2,0.07005859,test_dataset_8_2
526a18ccf7c67fa3cd991b010356135e,0.08909605,test_dataset_8_2
527297b7fb2cfc23bb3eb22ce435b4d9,0.17085335,test_dataset_8_2
52eb530546325d46e93b8aa5f49e6f65,0.083276175,test_dataset_8_2
52f678d8c4947f5b12813cbd25d7c3fe,0.1964894,test_dataset_8_2
53a46aef116b061b7a3b60cc75f3dce6,0.07005859,test_dataset_8_2
54312f9e181f81f3db24919e491db079,0.1964894,test_dataset_8_2
546ae3f02dca8b82fbb4192722cd526c,0.1964894,test_dataset_8_2
55f04d32204c28bbb798cf9d9b474d79,0.1964894,test_dataset_8_2
5641558dd599f63e91a4669b1dd13ccf,0.07005859,test_dataset_8_2
56627999989858a42e87be5f087537a1,0.29116592,test_dataset_8_2
567cfe5c98c9b0a95ff3d87c144f711e,0.0965276,test_dataset_8_2
574aeaa4b439d978795295d163ecce4d,0.1964894,test_dataset_8_2
57665d42274a4ae62faa465e27af8ca0,0.0965276,test_dataset_8_2
57bbc290cba080f198d1f44ac46ae3b0,0.083276175,test_dataset_8_2
57cdda58092ae2b5d33017e4f5fbb488,0.1964894,test_dataset_8_2
57eb9de5e21bb91d53621a3af101085f,0.0965276,test_dataset_8_2
58181ce8eea0c10bc7efada739af34e4,0.44998106,test_dataset_8_2
583f30fabb47823620abcbe390f9fdf9,0.11108486,test_dataset_8_2
58de8e24a5d0b113fa37b7f6a7364b03,0.17085335,test_dataset_8_2
58e2e0cccbe46aacf75dca3ab9b31c34,0.23171917,test_dataset_8_2
58fc4b580cab8851df53a4b3201766c3,0.03465113,test_dataset_8_2
59944cdbd28f66d41e00686faab9bba4,0.03465113,test_dataset_8_2
59ea9b13f0edb3e410a3227f8d4422f8,0.17085335,test_dataset_8_2
5a4674adc05e66b452d50e0b771fee0f,0.07005859,test_dataset_8_2
5a499a5b786c81c7935ac364f55da22e,0.07322018,test_dataset_8_2
5a5e6ff730f6e6e2f603d523cb239019,0.13865706,test_dataset_8_2
5a9c3672644e8ff1db69b931165c6c7a,0.057800367,test_dataset_8_2
5aa00f0bcaedd15a30c33aae63a98e5c,0.1964894,test_dataset_8_2
5ac1cd535c6a9e5d0304e4312ead65fe,0.07005859,test_dataset_8_2
5b1b78417ef1b2753f611c77ee1f71f2,0.26901412,test_dataset_8_2
5b2eeecfc71344b0b408d9718f1ce123,0.1964894,test_dataset_8_2
5b43232459efaf56604bf415998462f0,0.1964894,test_dataset_8_2
5b794d89f1219d3c337c0608ad6419b2,0.1964894,test_dataset_8_2
5b9c65e87b827b284e5cea3289a95758,0.1964894,test_dataset_8_2
5c49528b0ad84ae0c22b2c81618a2709,0.0965276,test_dataset_8_2
5c89cabe72eb3a7cd002f1414e5d7ac3,0.1964894,test_dataset_8_2
5cd1a589f361c542eb6099835e747327,0.17931645,test_dataset_8_2
5cf9226c84c0b9291dd31b1dbb85383b,0.1964894,test_dataset_8_2
5d3e9b7550451cf1a5c8f5d4483dc8e0,0.057800367,test_dataset_8_2
5d588c8d7cb9497c6bdfde015924519f,0.0965276,test_dataset_8_2
5d6d2c098d1ed9a36229f6e75d009dcc,0.057800367,test_dataset_8_2
5d8a31a0c3dbaf87dd6792b4470b5741,0.17323339,test_dataset_8_2
5db6ac583d43d52d177f0ccddc2f7944,0.28289843,test_dataset_8_2
5e2c084e432e898cd1e9bf96e41c78cb,0.29116592,test_dataset_8_2
5e2c16c79c0dcc1b8b35fd2d722e646f,0.1964894,test_dataset_8_2
5e57ae8e76c0db958571493e5d49389e,0.13268879,test_dataset_8_2
5e587a67f39dea3d4c9c72c7b8d8715b,0.1964894,test_dataset_8_2
5e74b3d663b957b71165a49a0420a75b,0.057800367,test_dataset_8_2
5e78fb9b83d0b6ab354d4bd911f7c8f8,0.03465113,test_dataset_8_2
5e9bafd251d27f7d3a79137c6fc81063,0.17173405,test_dataset_8_2
5ef0777571a495be14d2cc62a2fc06aa,0.1964894,test_dataset_8_2
5f13c85098cd1a1c48a3aaa3e1176929,0.1964894,test_dataset_8_2
5fe2e0c5bd4a6d167e107ff9f1ccdffc,0.1964894,test_dataset_8_2
60260639398e3704ea965a594192c297,0.1964894,test_dataset_8_2
606113825687ac4aaaeb15b60224820e,0.1964894,test_dataset_8_2
6065ac242c8c35525902f6b51ce1820a,0.057800367,test_dataset_8_2
6067a0ddebbbb945a7a8971bda45d11d,0.057800367,test_dataset_8_2
607ce1b0c3d0cfa99a0bf79ab3c4dbc0,0.4846235,test_dataset_8_2
60e5da1890898fc94e1f95948557752b,0.13865706,test_dataset_8_2
61153494a757b3eaf0de40df02971293,0.057800367,test_dataset_8_2
615732eed2aa74255714a38af061c558,0.08909605,test_dataset_8_2
61612d5689bc7a978ec0294f87319e82,0.19675289,test_dataset_8_2
6217d65404a4fe179e3fe3fe960f1410,0.0965276,test_dataset_8_2
62e37119a0c9baa15c91cf8efef25323,0.1964894,test_dataset_8_2
6335037cb835730893a87caf4493b78b,0.07322018,test_dataset_8_2
63503bafc16cfdc7f8fb17baac5c489d,0.1964894,test_dataset_8_2
63880ed750a45fc8ec2d44dcd04e1488,0.1964894,test_dataset_8_2
638be9d47b8b3657beed392ff04198d0,0.11108486,test_dataset_8_2
63a90218756e8a9888fb9442b43a5134,0.03465113,test_dataset_8_2
63fc9aa1ad62715a21dcaf7886c1b507,0.057800367,test_dataset_8_2
6418bab05e9f29387c5d3307332e1489,0.057800367,test_dataset_8_2
64d5d097a0c1d57dc656b4447ae39292,0.03465113,test_dataset_8_2
651c791ffc2a6bd68eaba96ea1a3db95,0.057800367,test_dataset_8_2
656dcba6b36fcdc1428f1b7ad7879d91,0.07005859,test_dataset_8_2
65e560a092bcb3cd5af23c3287afff86,0.1964894,test_dataset_8_2
65fa97b4149e3f797f43025b184882b1,0.1964894,test_dataset_8_2
66001f3fe45ff8ca80d85155e453986e,0.1964894,test_dataset_8_2
664c427dae6b101672110a53d2f9552f,0.07005859,test_dataset_8_2
666ac92ed763eb6884715f7e96b485a1,0.1964894,test_dataset_8_2
6709e4febe76c7e89cc186caa72afa22,0.1964894,test_dataset_8_2
671ff9839147667494cfd49d8662862d,0.03465113,test_dataset_8_2
678f4bd9e23da81d387bf02d15682bfd,0.13268879,test_dataset_8_2
67981b19ed36d5ffdeb0dbb0c0c30cd1,0.1964894,test_dataset_8_2
67d684c108cc0d256c8fdcbcba42a19e,0.17323339,test_dataset_8_2
67d7e3ba726844bfbf8f05b98a5ce8f9,0.1964894,test_dataset_8_2
6817659c012bbb0aef969b3e3c363110,0.083276175,test_dataset_8_2
6861e7aa499830c851fc9adfa86650da,0.1964894,test_dataset_8_2
68f8977e50218442a06c6eeca5728d15,0.1964894,test_dataset_8_2
690e8335fde011f82a074d27d1023652,0.34272623,test_dataset_8_2
692549129a87d2982c67a6151d974aa1,0.07005859,test_dataset_8_2
6946559f63e553da76ae0c849c2b7104,0.1964894,test_dataset_8_2
6a831837b84baf7eedc87bf3470bf4f1,0.057800367,test_dataset_8_2
6aa869c925044fbf0d44d9c944a36421,0.44998106,test_dataset_8_2
6b472141bcde0ff8728e9c525ee34a52,0.1964894,test_dataset_8_2
6b53ca70335cb2e8f8fa8cc4f7264180,0.13268879,test_dataset_8_2
6ba1ba71e31f358abd8bfe5d6321a920,0.11108486,test_dataset_8_2
6c5a484aa7f326a5f80ab31779ec7754,0.27386445,test_dataset_8_2
6c7476e3e66fb3a05c7fd4a6c43a40dd,0.22066976,test_dataset_8_2
6db14a47f1970b52e9105b9544d2a27a,0.1964894,test_dataset_8_2
6dcf5987b39be373ec96c5f128cb01c3,0.23471513,test_dataset_8_2
6df44168eaf70dd8f13664a0649ae3a9,0.0965276,test_dataset_8_2
6ea26ce8159af18269114afcb87d51f3,0.11108486,test_dataset_8_2
6ef5157dceefcc452ee4960f39fd2e41,0.083276175,test_dataset_8_2
6f47eb768e04b39f6999f538c08fd3af,0.13268879,test_dataset_8_2
6fd77568afca0fb1a17e99b0c3c8458a,0.083276175,test_dataset_8_2
6fe3739b78e6ebac5e8dd3385029229f,0.13865706,test_dataset_8_2
6febca407588c627a44c66b1a840044e,0.1799568,test_dataset_8_2
70228e6ce4623d1b2e84ea722e37a967,0.1964894,test_dataset_8_2
702723345150aa7926c08cac18a6106f,0.09224766,test_dataset_8_2
706c2c14d70c53ba2d83867c82311e5b,0.1964894,test_dataset_8_2
707b446b53410b0b31d7c61eb414693a,0.1695466,test_dataset_8_2
711f8c3b9ae7e6a4d00d27e7dfd7bab3,0.07005859,test_dataset_8_2
712b6844acd5349bf01fc9239ff3ba12,0.057800367,test_dataset_8_2
7159563085462e78f42e4cd631bb7f6c,0.1964894,test_dataset_8_2
7186013b54d64f931ac58c3125708a22,0.22066976,test_dataset_8_2
71eb1ba5650d776c63dd7dd9bd68696f,0.03465113,test_dataset_8_2
7234eb9dd17adcc27528b28d0976ef58,0.17085335,test_dataset_8_2
723aa1ce7d5ea2a895ee20c355f69c40,0.1964894,test_dataset_8_2
72b758b481ed18b7afd64c136ba2c6e3,0.07005859,test_dataset_8_2
7332f3fff35586518a87839df9d6b446,0.1964894,test_dataset_8_2
73b9a013c2b8aa8a25a91f4c789e1ecf,0.1964894,test_dataset_8_2
73fc67f5b66bf73f19a5ff97b1820a5d,0.1964894,test_dataset_8_2
752ac29709f9730c5ca4250bd6eedd50,0.1964894,test_dataset_8_2
753f9e2cc5a7250b778d9d9102fa8948,0.29116592,test_dataset_8_2
75b1932b765316e2524082e8e2fd5e3c,0.23710509,test_dataset_8_2
75e678ccc8e41ef83c151ae3d4e7ca9a,0.07322018,test_dataset_8_2
75f2940eecbe65c4ff365acc39a9e3dc,0.53786725,test_dataset_8_2
7646387d3b10cbc4ee7caccbabdaad5c,0.09224766,test_dataset_8_2
767e43d6010cd59240c63605cad93a82,0.11108486,test_dataset_8_2
771330d160c39b3060d110f8acad3c99,0.11108486,test_dataset_8_2
7783f5f685fa7b605723f7a49dd10b55,0.07322018,test_dataset_8_2
7788239958da25007931da85b966b84c,0.1964894,test_dataset_8_2
780476f46a2d275f5d4403a213b478f1,0.07005859,test_dataset_8_2
7814a334cee8fb6d3751cfdbd3dfb4cd,0.31099525,test_dataset_8_2
78278ba5a458391f665760defaa0d1b7,0.27386445,test_dataset_8_2
783e9d6cc1c1c53b4f305a5804e3c6ef,0.083276175,test_dataset_8_2
786566b793c86592d2639ffa9d904554,0.31551185,test_dataset_8_2
791cb01437deeef3950d707a17c72801,0.057800367,test_dataset_8_2
794636f49b730bde5455b4aadceee66f,0.1964894,test_dataset_8_2
7950b7fb58bcb39a21c907b9a8e4bcd2,0.31254914,test_dataset_8_2
7953f3334f405eea0249ac29eae211ac,0.057800367,test_dataset_8_2
798381f6759131a8e3026182ef3af03c,0.057800367,test_dataset_8_2
79e15dff45e8c48828c7a41d54d9fa65,0.1964894,test_dataset_8_2
79f20f78ebcebba151d680f7723fdc67,0.1964894,test_dataset_8_2
7a77adb5a93c913dc54e18e1ed33aeae,0.20550941,test_dataset_8_2
7a7e97a496ac63e67f1c8d13b300cf4b,0.07005859,test_dataset_8_2
7a9be2e1b9826faeec3f4100defad3bd,0.23452456,test_dataset_8_2
7aa182584452c4a1b74b49b0a5a5aab0,0.1964894,test_dataset_8_2
7ac48d05d641679b58e45afa7bfd6e31,0.1964894,test_dataset_8_2
7b0f22bf0a9da0e5e5f4e28310b3f029,0.083276175,test_dataset_8_2
7b1de3fedccdaabd86194f6b466d6a9a,0.07005859,test_dataset_8_2
7b462bf3c231b577e694d54d8ae61020,0.2639131,test_dataset_8_2
7b81d411acce518af7b56f9d4b6ec6f5,0.34287098,test_dataset_8_2
7bd747abf2f68f2dacbcdcc07e04026b,0.13865706,test_dataset_8_2
7c07ba0635326c119633b65c9a42f6ca,0.1964894,test_dataset_8_2
7c4c3aaa25109538453cabc3b9adb266,0.03465113,test_dataset_8_2
7ca262a976c54d56226d472f68f7dc1d,0.1964894,test_dataset_8_2
7cb81c1f65aac1d68bc62e39050bcbd1,0.1964894,test_dataset_8_2
7d0fdc69719f86b0c6537547552d973e,0.1964894,test_dataset_8_2
7d3ce5126f85909559ff046a4b3f803f,0.1964894,test_dataset_8_2
7d560611a9f1416782af19f383fcc074,0.057800367,test_dataset_8_2
7dab1cd15c17ed4eed72e283ffd72c07,0.03465113,test_dataset_8_2
7dd37c130b48a74a62add6056ca7e1d2,0.11108486,test_dataset_8_2
7ea29ec28dfb7f10c214d4e471ee1cbf,0.08909605,test_dataset_8_2
7eabc06f875aeae0bb16d543423529b0,0.057800367,test_dataset_8_2
7f2131cb45eb3c7322250032a22d3385,0.1964894,test_dataset_8_2
7f505bf389566d76c51b7ecc7ee36f3c,0.23471513,test_dataset_8_2
7fc452af29e18a7d809f8a6d400d8da6,0.0965276,test_dataset_8_2
7fd1b4e5b51c994b4af8d22bfa915a6d,0.1799568,test_dataset_8_2
8008122c8a7a11e7d73706d868b68059,0.0965276,test_dataset_8_2
805ded7887d7227fe644943882b97465,0.083276175,test_dataset_8_2
808f9caf6cba4310319e623b0131c65e,0.1964894,test_dataset_8_2
8091a59cffbe435e208a4670b7b6ec67,0.0965276,test_dataset_8_2
80963f22006b6e7227e824e916ab8ac7,0.057800367,test_dataset_8_2
80a6f9e502e8640225fa5474f0301ab9,0.057800367,test_dataset_8_2
80b1dcefcd542e0dedf2fdd1ede613dc,0.2803728,test_dataset_8_2
80dc7f637e8479e7916a3fee249bdbe8,0.1964894,test_dataset_8_2
819b2de2412b26f6ae557c4dc8634924,0.15532225,test_dataset_8_2
820edeac78a2e2e5c4c39e7fd17ab1f3,0.17931645,test_dataset_8_2
822332dfb57da5236ed3b2b8b64cdd78,0.07005859,test_dataset_8_2
826e82790625b08a4b8f74a25e4acde9,0.07005859,test_dataset_8_2
827b705d92110015cb624322b2c13f19,0.30272478,test_dataset_8_2
82cad24f92e65039d923edefa330e25b,0.13268879,test_dataset_8_2
8336ed4cc154721547c7a32f4c04529a,0.23452456,test_dataset_8_2
83866cc8dc4f9aa68b64588b5bf397ed,0.1964894,test_dataset_8_2
83a250e86559070e12f81354af56a915,0.0965276,test_dataset_8_2
83ae365bc0bf63aa448f869026e2e660,0.1964894,test_dataset_8_2
83f40c95fc385c720252788ab67c37b1,0.0965276,test_dataset_8_2
83fe7c1d8956deb87316e20d27000936,0.1964894,test_dataset_8_2
848713b08838cac3aed55d9d2d197950,0.03465113,test_dataset_8_2
8499e1b427ff0cdab7debb30c29e16aa,0.23452456,test_dataset_8_2
84c43dd93d3e797c46f798023470982f,0.057800367,test_dataset_8_2
84d4c119a5adfbd3d8c53f2b17a57c27,0.03465113,test_dataset_8_2
84d996985a978404c6ff86b09b8203e5,0.07005859,test_dataset_8_2
853a4984d106124646ce8acc7ab52306,0.1964894,test_dataset_8_2
859da7aa2a0fbd61d7c1ca3788678cc8,0.61356044,test_dataset_8_2
85b47e61e71a9dbe62312c1a947f4cc9,0.19675289,test_dataset_8_2
85b751d60f3c9cfc8c768caea4b6e7bc,0.1964894,test_dataset_8_2
86062471b6a8fa50084689b240cbad25,0.057800367,test_dataset_8_2
865398467116d72a9d71a4ddb784598e,0.23068152,test_dataset_8_2
867225adbf5045632cd191d82f45242a,0.1964894,test_dataset_8_2
86a445185fb0d27c002c75c2daa789a9,0.1964894,test_dataset_8_2
873a943cea40bf8905348e04f8787ae5,0.11108486,test_dataset_8_2
875cd2b0ec6d8eda54f5adb8dac74f77,0.17085335,test_dataset_8_2
87bcc17fbcdf94af7b3da30e0f46ed9c,0.03465113,test_dataset_8_2
881ede2921a28c09a7cd6076741ac02c,0.13268879,test_dataset_8_2
882ddf4cb7057831ec471bf4cb8f8255,0.03465113,test_dataset_8_2
884902533feeb8ab9b842b0c9afc20de,0.23710509,test_dataset_8_2
884a33ef74bb36b2961dbcedd90b82ce,0.03465113,test_dataset_8_2
889f3458c6a0c4e403158f3741a41b76,0.11108486,test_dataset_8_2
891d07e9501a624435a3dcd6944e5b05,0.13268879,test_dataset_8_2
89282399b27a39115a92056115bb17f4,0.07005859,test_dataset_8_2
899f726ad5acd76c471491a67d706f19,0.40185484,test_dataset_8_2
8aecfbbdab2dea7b75b287a8b968fdff,0.13268879,test_dataset_8_2
8b115bcb7402a0355847dfdf24f8097f,0.057800367,test_dataset_8_2
8b84a8b2ec6f254be9211146653bdeab,0.34272623,test_dataset_8_2
8b9b4baee3defbfb6b75a00e9829ffe1,0.03465113,test_dataset_8_2
8c08982f9f2b4dc99ac75eb60c9bc689,0.31551185,test_dataset_8_2
8c754c8a45bf5a0e90f661835c35c722,0.24261414,test_dataset_8_2
8ce0e3607a269364cf88ce3606f15c93,0.11108486,test_dataset_8_2
8cec69e68ad64eccb5ce5b687faf84fe,0.1964894,test_dataset_8_2
8cfae943dd8884d154b896f5c37de7b2,0.13268879,test_dataset_8_2
8d55f565001a77e28635f7cf6b4e6f07,0.1964894,test_dataset_8_2
8e45051826bb7d43226d3be606170f96,0.057800367,test_dataset_8_2
8eebc4c671a35d0e04d5221f72071119,0.39599264,test_dataset_8_2
8f6861dcfbb5fe3e5da122b5c32f8e72,0.1964894,test_dataset_8_2
8f76c991f2af3dd91c5164c3429771e7,0.1964894,test_dataset_8_2
8f7fc8128f5860ef788c02860c55d517,0.1964894,test_dataset_8_2
8f8fc38c210bc3565bf4f4104aab1339,0.07005859,test_dataset_8_2
8f9ab6b4e5db7250da3cc565b6da3262,0.1964894,test_dataset_8_2
8fee9957ec8abbf8919501ed01fe5440,0.17085335,test_dataset_8_2
8ff8e13faac2a24785b2dd61438b1615,0.1964894,test_dataset_8_2
9036b470e1fe422dca2b74255ef061ef,0.1964894,test_dataset_8_2
906bf671d24904deeebe99c27dcad9f4,0.057800367,test_dataset_8_2
906dbbd4bcc8384d68dc9a70fa8c5808,0.083276175,test_dataset_8_2
90f8a113b27c7cac8f41a59b799afea5,0.03465113,test_dataset_8_2
9153a989ec22a9ec13351ffbb6cfc835,0.17147917,test_dataset_8_2
91ef2c8dd85867ba023f2205c9a3e03c,0.13268879,test_dataset_8_2
923ed486271c394f595c11e7df13bb4e,0.1964894,test_dataset_8_2
9261688c39df2198c6a31e8a144e820f,0.1964894,test_dataset_8_2
93dc11939f98956c1692d94e47bfbc2a,0.07005859,test_dataset_8_2
93efcdd49d53b846ae38b61b424b7bf0,0.31551185,test_dataset_8_2
948698a5908307fe4ab505e0e9cc4afa,0.1964894,test_dataset_8_2
94c8dbb73e5dd0f82944c23c338779d5,0.17396714,test_dataset_8_2
955b8734694ffd23c267d808b8414721,0.13268879,test_dataset_8_2
95865ff5bf7fd133535a73922dc32b4f,0.26901412,test_dataset_8_2
95c69f09895da967d5971092a2b01367,0.07322018,test_dataset_8_2
9668c8f2846bd137f59a98bce0276e69,0.1964894,test_dataset_8_2
968ee5cf5711865ab105245af2505409,0.1964894,test_dataset_8_2
96c69bfe96c33512747ffa0078c12357,0.24261414,test_dataset_8_2
96dc4cd6274ddae3766583c9bd7627bc,0.13268879,test_dataset_8_2
96df4e1b0a067ad19ce92f054e001e71,0.03465113,test_dataset_8_2
9768822a2e65a74957c298cfe8df7a0b,0.1964894,test_dataset_8_2
9800aa0b8a64ee67fe133b36790e598c,0.11108486,test_dataset_8_2
9907342fd39cec98bcb125038b2eeb8f,0.21271767,test_dataset_8_2
99231dfbc5e99aff916f7e5d2f993c1d,0.1964894,test_dataset_8_2
996f02d1922c0d1d7279a34b8b618262,0.057800367,test_dataset_8_2
99a23951cea2f8aa057486282198ec31,0.1964894,test_dataset_8_2
9a00268a0fc1346012699f61a5a1cb15,0.057800367,test_dataset_8_2
9a75a329b0669c2397834e9c571aeb86,0.1964894,test_dataset_8_2
9b03e3e20103ddd77c4b2481cf9088d0,0.07005859,test_dataset_8_2
9b19eb371b284e17fd3b328c75c50ad6,0.11108486,test_dataset_8_2
9b23a76850e27a1246646dea9ed26a58,0.083276175,test_dataset_8_2
9b2e028d61e71ef5388c081e4a203256,0.11108486,test_dataset_8_2
9c04b2cd94cd382a8b2d8932dee42c13,0.03465113,test_dataset_8_2
9c2f100797c79afa92b25a6c188d1667,0.057800367,test_dataset_8_2
9c60e8d431dbd329910b96c806889802,0.17323339,test_dataset_8_2
9ca8e29d33e7c8b5e3535c467e115d0d,0.1964894,test_dataset_8_2
9d12346fad8b55f190e414e18fc3245f,0.07005859,test_dataset_8_2
9d6465e8c9cbe5b823823892ab9cd6eb,0.057800367,test_dataset_8_2
9e4ad9ba90f6e9fd829750a7108b16a1,0.1964894,test_dataset_8_2
9e60d2f11594ade09a8ce7d42dc7cdd5,0.19020364,test_dataset_8_2
9e77e22980b04a0492914355ef6f91ce,0.1964894,test_dataset_8_2
9ea5d0ef70b31892b4766488ca748f2d,0.17323339,test_dataset_8_2
9f0435560fbce520aff1821640b4dc40,0.23471513,test_dataset_8_2
9f47ef5afbdd5f3e4684490a58e6d456,0.39599264,test_dataset_8_2
9fbc0079407c266cbf8f6087da5828bc,0.11108486,test_dataset_8_2
a0010786359b0a492a82cf479d2f4467,0.23710509,test_dataset_8_2
a0471647bbfbabf11f8fafdf73e8537e,0.1695466,test_dataset_8_2
a0ac6b97fcdbed325cea4122e5e33c60,0.03465113,test_dataset_8_2
a0b50f77c1501a9c90d009896f42c13c,0.2803728,test_dataset_8_2
a1242fa6143bb508d07cb546f555a595,0.07005859,test_dataset_8_2
a26280bb806c4f0041bd240c65040bd7,0.057800367,test_dataset_8_2
a28f191cc0c3370226401a26969db74a,0.07005859,test_dataset_8_2
a2ab8200ed11651778d657a2148dd8b4,0.26901412,test_dataset_8_2
a2c13d23b0359ff78949588a0fe24d8b,0.083276175,test_dataset_8_2
a2d9c1ef2e3fd8007bbef239eef3b293,0.15532225,test_dataset_8_2
a39820b7d563b948ceb958ffc932b716,0.17931645,test_dataset_8_2
a3e3fbd562f20d5aaa435dbf1d3f9dc4,0.13268879,test_dataset_8_2
a42b0cfac741e110f3ce79b34f72527f,0.07322018,test_dataset_8_2
a4363d4d9daa828d8862bdceaf53bb24,0.1964894,test_dataset_8_2
a4bc4a25febe41d9dd1e0537ccb0cb0e,0.17931645,test_dataset_8_2
a5067bfdfefe4f927c0ade07e1918086,0.057800367,test_dataset_8_2
a5095f55842e3424af1f1938ab2e552b,0.07005859,test_dataset_8_2
a55522ab8896f04bc95646d668b9387c,0.13268879,test_dataset_8_2
a5a427125b64cf057a43a35a0ef98fe8,0.13268879,test_dataset_8_2
a5b13a4aa57497ffa21066c10b41878d,0.0965276,test_dataset_8_2
a5c21dd6ced08d1831fc077733e26e1d,0.03465113,test_dataset_8_2
a629f828b844306c1204276c20f32bc9,0.03465113,test_dataset_8_2
a645cdd20f416028475178e036e6fa9f,0.1964894,test_dataset_8_2
a64e26d0ed1553e3990e631a0f8f36c3,0.03465113,test_dataset_8_2
a67af755829119e85ca25d9a73003fd2,0.1964894,test_dataset_8_2
a70508c3778d00736518ad6abc47e4a5,0.1964894,test_dataset_8_2
a7badd8d7a73261ca9b82e7d7edaa1e6,0.1964894,test_dataset_8_2
a80f8b7e915b739510e6401b9bde088a,0.08909605,test_dataset_8_2
a8204d7c1a0e0af08c9d1b1356f923cc,0.30272478,test_dataset_8_2
a8550924c8db87f13dac5bcdfebe206f,0.0965276,test_dataset_8_2
a89ee3e423a7579c6c4d1407b022425b,0.03465113,test_dataset_8_2
a8aee8e3921f3d4796e10316ab0288df,0.1964894,test_dataset_8_2
a8c64826a22d626c0dcdb26450484b6d,0.03465113,test_dataset_8_2
a96dbd1d2e158c1c5d2616852c1162ab,0.1964894,test_dataset_8_2
a97045f627d90fdba8d238089e086ec3,0.1964894,test_dataset_8_2
aa0cbe1519302a33a362325382f0bb81,0.17085335,test_dataset_8_2
aab079b044e752c41ea06538f1c69c7d,0.07322018,test_dataset_8_2
aade68163d48ced5cdb4888c020a50ec,0.1799568,test_dataset_8_2
ab81b1e6922e446295a8c5bcd8d1939f,0.1964894,test_dataset_8_2
aba528f8e87d0d1411a9e6e0692b8139,0.083276175,test_dataset_8_2
abcf064ec3db0977d42813afe030f3f6,0.1964894,test_dataset_8_2
abf3baed9633b8464c02c7a8c2de20e5,0.03465113,test_dataset_8_2
ac76578a9d3c18918873c7e4a4fc0259,0.20550941,test_dataset_8_2
acaf0dfcca949e5f5b9013e77dde38fb,0.17323339,test_dataset_8_2
acc523ce288b582586c73ac2dc723f65,0.07005859,test_dataset_8_2
ad38a608ed2d0e670b2dce7ed0398691,0.31099525,test_dataset_8_2
ad39dbac7a62f25010f50a9beb7d32df,0.1964894,test_dataset_8_2
ad4e9511762a0d7b35ec9b6cb2236e5b,0.08909605,test_dataset_8_2
ad5699e4061519cb9627d9b0d135cf1a,0.13268879,test_dataset_8_2
ad7c70e6ad1e32db01a749dfd8153b12,0.23452456,test_dataset_8_2
ada7238f1045de73a34d3e9a88104cbd,0.08909605,test_dataset_8_2
addcb23d3f7e26661f998c140037fb35,0.10684091,test_dataset_8_2
af01e6b2896ff30e222ae2fef996fdd2,0.03465113,test_dataset_8_2
af0623b9d37f76310274fed29ece4f4a,0.1964894,test_dataset_8_2
af4a158cd285678e4f562dd84f629704,0.1964894,test_dataset_8_2
afb1eca168078ef192e8235723075a08,0.13268879,test_dataset_8_2
afbdc64fcf3e3b4a0ce84849f0221a2c,0.17396714,test_dataset_8_2
afbe28375055a123bb503ff0c766cc3d,0.23068152,test_dataset_8_2
b052db44b3cc00455b5f56c99f0bab0d,0.057800367,test_dataset_8_2
b1216dddf22c5d21a554198a4874a00e,0.31551185,test_dataset_8_2
b15ffa7bcc074fa8c12e6213b88e03f8,0.5945779,test_dataset_8_2
b1b351f5c2b8b7064f268e8aa5494bdf,0.1964894,test_dataset_8_2
b29ebf076f046a433814f318421ed07e,0.19020364,test_dataset_8_2
b2e2278e5cb10f0415f1a268bb209205,0.0965276,test_dataset_8_2
b31ce7c9b3133cbb8d3c3fb537b832f2,0.2803728,test_dataset_8_2
b321d3a460f1c6a4b3c7d98c08639003,0.03465113,test_dataset_8_2
b38e378ef5b5077ba98861e14f069a32,0.1964894,test_dataset_8_2
b3aa9d7130c2cd389f5eec0b460f840d,0.1964894,test_dataset_8_2
b3ace9562cee305af340269531230b70,0.057800367,test_dataset_8_2
b3aff2931ee4cc8007874f4e966a45e3,0.25032958,test_dataset_8_2
b4e147fc5accae61db84fd99109174b7,0.1964894,test_dataset_8_2
b4e21de0c3ad6b04b5d35e95e4530437,0.0965276,test_dataset_8_2
b5664d99db3cc0caf7d360007a620381,0.1964894,test_dataset_8_2
b59561df95b0954744404b4f611bb4fc,0.1964894,test_dataset_8_2
b59fd1e9348c47d8fc9fec7525e1ba17,0.17085335,test_dataset_8_2
b5c6300d1629d558811fdc610585545e,0.1964894,test_dataset_8_2
b61e9a083522878a6ddfa8efec0dca01,0.4732392,test_dataset_8_2
b7603b67fd4b79531271c5ec293aede1,0.28289843,test_dataset_8_2
b7649b3f078d225a4c0d8e0075a988c0,0.1964894,test_dataset_8_2
b7c66df449d60a0c812f377c9db4a984,0.24261414,test_dataset_8_2
b7d2c0d8ca5f5696dc6b2fd4d49c69c1,0.03465113,test_dataset_8_2
b8ee16808505edb08fca69d33852765a,0.057800367,test_dataset_8_2
b908f56f3b5d43a4770a3ac004518021,0.1964894,test_dataset_8_2
b999f04d7783b22bcb65bdd736e356b6,0.34272623,test_dataset_8_2
b9e53408c52f53358f0a4137ff2c1d6d,0.03465113,test_dataset_8_2
baf395c6bc1f6cfe6d1ccb19346ccc88,0.0965276,test_dataset_8_2
bb167b386e46fa3dc715cef56e401254,0.0965276,test_dataset_8_2
bb369d8efae15ee010c516d3cd135a19,0.1964894,test_dataset_8_2
bb8f4800cd9483f34319aa1a614bc5c6,0.1964894,test_dataset_8_2
bbc78f5faa63c3d854854f9303ffab4f,0.18979469,test_dataset_8_2
bbe29655c7fff9dcf6d53e440162b6b7,0.1964894,test_dataset_8_2
bc27c3ba458702ab76af20f84a727d95,0.23452456,test_dataset_8_2
bc427d5236d941e551de1b2163ce37de,0.1964894,test_dataset_8_2
bcf55803596f007f392b5ff1a37d1b78,0.057800367,test_dataset_8_2
bd3a1fc5a9767d39e756b328810cf446,0.13268879,test_dataset_8_2
bd55f4113e9ce64688af10c51e5e8df4,0.07322018,test_dataset_8_2
bd67d0b1e5f5c8e4d820685b425422d8,0.17085335,test_dataset_8_2
bdf97be650483a2fbd22a7fcd86a5499,0.13268879,test_dataset_8_2
be0e8032811698bc76f22252208786bc,0.17147917,test_dataset_8_2
be1d037723a4ee832040ceae466d44e8,0.1964894,test_dataset_8_2
bed39e43199798283e6de38d2661aa45,0.1964894,test_dataset_8_2
bf76d5b818a6e61599bb6a40a07cb1fe,0.1964894,test_dataset_8_2
c03093f34a2a5db0fd0849e3b0b3711b,0.23171917,test_dataset_8_2
c06d38edccf0077fc8ebbbe1e380103d,0.1964894,test_dataset_8_2
c11767e2d9409c5b11a67d52291c9b46,0.23452456,test_dataset_8_2
c1387a65c45752c4d1c97bbdf294eeec,0.1964894,test_dataset_8_2
c1924e6a3074d91f23ad88f7e8a972f8,0.23068152,test_dataset_8_2
c2419d83fa3d43dda32d2b7bc00f1df3,0.07322018,test_dataset_8_2
c2743cedd2b7cb391b8daa6ac83da549,0.083276175,test_dataset_8_2
c280e902013d9543107c164eeaa2755c,0.07005859,test_dataset_8_2
c2a9f3f890f028c72d5b408bb0cad46d,0.0965276,test_dataset_8_2
c2b6aecddd5d3f05b64fa1f91df8df96,0.03465113,test_dataset_8_2
c35113c7bfbb95d34c53045a9b3b72fc,0.44758922,test_dataset_8_2
c39d1aeb314569b4b3c50399226c1ac8,0.1964894,test_dataset_8_2
c4cfe375c1ff2225c2fb0c69758b0ba3,0.23171917,test_dataset_8_2
c6d374393063f390e84fc7eae5594459,0.07005859,test_dataset_8_2
c7068ab514ba565164eacf772613a1ab,0.17931645,test_dataset_8_2
c75bc0248f9e935385b678ee4c5afd06,0.1964894,test_dataset_8_2
c797b4cd100ea96ec5226a1918412b13,0.23068152,test_dataset_8_2
c79f5746bc65075628575d540fe847b9,0.17323339,test_dataset_8_2
c7ba9bab833f328696b7866d4f16ebbf,0.07005859,test_dataset_8_2
c7c25cb04d92079f2ef0a1c95cb129bb,0.1964894,test_dataset_8_2
c880b2061d0bc17081a7230583aee146,0.03465113,test_dataset_8_2
c8ca4ea474369381072baef556590f0e,0.07322018,test_dataset_8_2
c8d38655e46609a77eebf5965bf6f575,0.057800367,test_dataset_8_2
c8d9cd0cf274a589d122661f1b760d6c,0.11108486,test_dataset_8_2
c9954e49fc432c1f302db2f1472ed839,0.083276175,test_dataset_8_2
c9a7e4634b670a805fba77ea941a98ae,0.07005859,test_dataset_8_2
c9a9c849721d2cc7272db9d15795f51f,0.1964894,test_dataset_8_2
c9f5eedc67a7f1b74d12fa3305682cdf,0.03465113,test_dataset_8_2
ca0e3c8178dac9b2df8eae13497807e6,0.11108486,test_dataset_8_2
ca3b50ffd43b80c072fd066295a286cd,0.083276175,test_dataset_8_2
ca6f2125455b4109ef9fb2dc6b295960,0.4846235,test_dataset_8_2
ca9a42e19b4266e4b4cb32745f307565,0.17085335,test_dataset_8_2
cb3bc0b8e3d9d72826f133590444cf46,0.07005859,test_dataset_8_2
cb6a02a17a5da67f2473d076ec04e6b5,0.1964894,test_dataset_8_2
cb771d38b7d539711d5e3ea06db41696,0.17323339,test_dataset_8_2
cb7efc92e38387b7c888678b4cdf3310,0.17931645,test_dataset_8_2
cb854ad7fae773bbef3e1806988a60c1,0.057800367,test_dataset_8_2
cbd432a073f1de6b0c67bb3b6672dae6,0.03465113,test_dataset_8_2
cbdc818036f370a6852932c127b601f0,0.057800367,test_dataset_8_2
cc8f4567dc31b6e7ada3220276dcb84c,0.057800367,test_dataset_8_2
cc98c6f8916c4ab2e99da9236dff6455,0.07005859,test_dataset_8_2
cca33d463316743f9f3c4122a8b41ca6,0.1964894,test_dataset_8_2
ccc65e4774d4df3c9b2df1eda604f07c,0.1964894,test_dataset_8_2
cd59787470bd4fe76f3eed7af5b8de9f,0.083276175,test_dataset_8_2
cdae11de447fd2a11f97cd0afa84afe1,0.0965276,test_dataset_8_2
cdded91e7e8cef288032053ce5b11b9e,0.17931645,test_dataset_8_2
ce076c2c75936df9c1bac190aa83003f,0.057800367,test_dataset_8_2
ce11937b85e15ad3a1d49b11151e2588,0.1964894,test_dataset_8_2
ce376033ace4018d9390ed78d4713d84,0.26901412,test_dataset_8_2
cecdc4809641b9a8b45e13e9fdd7a680,0.07005859,test_dataset_8_2
cf46bbac1c7e369d6b94404dc76e43d6,0.11108486,test_dataset_8_2
cf5d180d3684cec727147f3cedd49b18,0.0965276,test_dataset_8_2
d051da95abb8e377521ca11cf7ea5dde,0.17147917,test_dataset_8_2
d0d28b072512959db86b0bd624b5684b,0.057800367,test_dataset_8_2
d1433377b136056bb1881b3825b49967,0.1964894,test_dataset_8_2
d19d1e608e9c6881a8b3ea88b34a0262,0.17323339,test_dataset_8_2
d211d9c96343635f3f60787112d88b0e,0.057800367,test_dataset_8_2
d2576daff8ee6cb1f790d89815914148,0.1964894,test_dataset_8_2
d2676ced0f3ef1e766a5cb70ea31abad,0.07005859,test_dataset_8_2
d2966efb546de464954841e2866ef1fc,0.07322018,test_dataset_8_2
d2b6a474f85f0bedc804b81e0b3ed2b0,0.0965276,test_dataset_8_2
d2bab466092a4bc90bfabd9e9d97d144,0.0965276,test_dataset_8_2
d325c0be6f6cfd4ea1717e97f879a52c,0.1964894,test_dataset_8_2
d35cb6b6d26e4d3f8476e1646282d38f,0.08909605,test_dataset_8_2
d3f6234e22073675bd88f111b106fc24,0.083276175,test_dataset_8_2
d41c6a0890adf4b225d0f174599b397f,0.13268879,test_dataset_8_2
d44f3cdf03fc53ddfc2b5c2355995f5a,0.07005859,test_dataset_8_2
d49ba1432894ce530e1459ca34f1da33,0.2803728,test_dataset_8_2
d4c0741480467c1c4024b5942fb81a94,0.07322018,test_dataset_8_2
d504a39fbbd4bf63a7bb02a0e2219d5b,0.057800367,test_dataset_8_2
d5376c66f1503af90017632f752779bf,0.03465113,test_dataset_8_2
d5877072c96e12f92d362b809d03ff5d,0.13268879,test_dataset_8_2
d5c00b10633e9288188a933a5d0d1129,0.03465113,test_dataset_8_2
d5e1a57d7914cf6018bcb3d056908fbb,0.057800367,test_dataset_8_2
d5ef1de00bfba7b10cba89fae88f91d4,0.1964894,test_dataset_8_2
d5f91ac0c46d1b55876fed89044700b3,0.24261414,test_dataset_8_2
d61cac34c01c7971feb041d9237d784c,0.17931645,test_dataset_8_2
d67ce67c39153e9d83a867849fc5625e,0.1964894,test_dataset_8_2
d796944555af3c59fd2e22c64796457f,0.0965276,test_dataset_8_2
d7b1ba4b0bdad558ffc78849022d53b0,0.0965276,test_dataset_8_2
d7f13d0be172071fc059d1b41633184a,0.53786725,test_dataset_8_2
d8ae876b2859373cd0d3041e0152032a,0.28289843,test_dataset_8_2
d8ddfeae4f4b1ea9c0c0bfd21c8ae763,0.17085335,test_dataset_8_2
d8ffa691f2081f3f8f0824dd52c55823,0.26901412,test_dataset_8_2
d92e9506d8cb71393cc03215987f253e,0.17323339,test_dataset_8_2
d99a4b6b42edaac87b24b11d5091664f,0.1964894,test_dataset_8_2
d9b4613d99b5eaf034c1f1e7dc4af4fe,0.11108486,test_dataset_8_2
d9cbbd77e7b0bd00ab7b3bda05354e33,0.11108486,test_dataset_8_2
d9ce5ff82f07c3a38f2d07cefcb9a8dd,0.25032958,test_dataset_8_2
daee8705015f40f870a468a9fabb316c,0.1964894,test_dataset_8_2
dc2fb11e91c357b34f3e54451db440e7,0.07005859,test_dataset_8_2
dc35e184204d04919c3b80c6db515632,0.21271767,test_dataset_8_2
dcf7ba3bca416735bb30f4af97e29f1b,0.13865706,test_dataset_8_2
dd1752d34f0df3d4c1c8d49ec8fc969c,0.1964894,test_dataset_8_2
dd383e431b8c1d66bff61c0508a52d95,0.1964894,test_dataset_8_2
dd3add0e8ce28a39f72d26c1cff05b68,0.057800367,test_dataset_8_2
dd40d085dc5a88feed9546006fa91199,0.15532225,test_dataset_8_2
ddfdc80b013774bba5b426d87e16368c,0.15532225,test_dataset_8_2
ddff026265cb1d1e738c98b9813afbe9,0.23171917,test_dataset_8_2
de1b57942c76c270340aee38fd1218cf,0.03465113,test_dataset_8_2
de28a9634565d5d06fffa4ee093824aa,0.03465113,test_dataset_8_2
de31d97d87ab3a8d169c8708bcdfcbc5,0.1964894,test_dataset_8_2
de88abc8383c1aa6c7f324471222b86d,0.29116592,test_dataset_8_2
df407f4b432acd05041f5a67fdd6b827,0.1964894,test_dataset_8_2
dfd1bcf815dba9e5aac608b6f9fb19fa,0.13268879,test_dataset_8_2
dff583ce6013428399a200ed6dad8fcd,0.057800367,test_dataset_8_2
e015f4a8bc3fd043390c1b633c6398b7,0.057800367,test_dataset_8_2
e0577ffc171287562de6c9f1e3180c9b,0.1964894,test_dataset_8_2
e084a3f29bb476aad93287077ded0131,0.057800367,test_dataset_8_2
e0b5da824b18c7e8fe4b9951fdd86f31,0.13268879,test_dataset_8_2
e0c4f76cdc0f8c0bc7a70ce811d516e9,0.26901412,test_dataset_8_2
e0c8f209981e948bd1455c67bd3d163c,0.2803728,test_dataset_8_2
e1bfdd3bb026fd3e18efbc36c438f1b5,0.17931645,test_dataset_8_2
e1cf099af27ca5aa1df01219cd7799f6,0.057800367,test_dataset_8_2
e1fd7a306a5e5ec64eb5c7098d8853b6,0.31254914,test_dataset_8_2
e29305761eb073be662b85f159817ca1,0.08909605,test_dataset_8_2
e2fcd220ef3c5eef9d8430b0ed696216,0.24261414,test_dataset_8_2
e3136c8720c1caf5d4d762e79d78147b,0.1964894,test_dataset_8_2
e3e05f630ee210b80bde0d78f24d9792,0.1964894,test_dataset_8_2
e42d1e448712f468e1cba5837107d7db,0.1964894,test_dataset_8_2
e45ca39fb0c4b74668974a8a29a34d44,0.07005859,test_dataset_8_2
e481e3ba4a0cd6b5e06fa5197255cace,0.13268879,test_dataset_8_2
e4c3c7b48cc5ddd88e5d26df7af68688,0.1964894,test_dataset_8_2
e4c56f2108584929c5a7829131b8cb0a,0.0965276,test_dataset_8_2
e4f7c4ccb64fdb1c0258198d573c8315,0.07005859,test_dataset_8_2
e57544b9e9d9c2d66fc5ea3cc54c7b21,0.057800367,test_dataset_8_2
e58cd1a04faa861884259a8a81cb18ca,0.17323339,test_dataset_8_2
e5a2259b8b5ce89493ee8c35a23efb66,0.07005859,test_dataset_8_2
e5e3884373e3fba02d0f60fa74f156de,0.11108486,test_dataset_8_2
e611a30676df97872f2acfc7ef6c0926,0.1964894,test_dataset_8_2
e62dfd5d7059b990ea6c6473970cd28e,0.0965276,test_dataset_8_2
e7226c6ecbeb8e08c8d97f187320596b,0.1964894,test_dataset_8_2
e7f82d213058c6af97bc57953c2e7198,0.17085335,test_dataset_8_2
e8b36a7b7c9b7bc1975245d663ab8ffc,0.1964894,test_dataset_8_2
e8c017883b6afc9914b7e01f3fcb0594,0.13268879,test_dataset_8_2
e8d458f7fe53215a8556c11e18090195,0.1964894,test_dataset_8_2
e8dbf9d57a46798125868d30da20b18c,0.4846235,test_dataset_8_2
e8f54dc23bae4ca2a0047c9b25942482,0.13268879,test_dataset_8_2
e9129a0b161c30bfa6c2f1f251c309e5,0.03465113,test_dataset_8_2
e9f0dc541a1d2b35be7a86fa7d9978e3,0.03465113,test_dataset_8_2
ea2944ec07aeee50ae3a284c71549a9c,0.057800367,test_dataset_8_2
ea637bb9022308023ffc1cdd1714bd0c,0.03465113,test_dataset_8_2
eab0f028616c4a55bfd1c3a98391d9cf,0.31254914,test_dataset_8_2
eb578c68c6e840808e6c45b4c09c28cb,0.057800367,test_dataset_8_2
eb6e0185f6707c356ece6b2c068026a8,0.03465113,test_dataset_8_2
ebdd30f6de9c2773dc4bae0e0c2282e8,0.1964894,test_dataset_8_2
ebeb67b45d61e02794fa0abd235c9bb2,0.1964894,test_dataset_8_2
ec4655b158aadc9b5a5dbeb91aafe03d,0.0965276,test_dataset_8_2
ecaf82a2cf151d66ddf23f01aafcb9f1,0.10684091,test_dataset_8_2
ed36694dcf6283c0a2c41c047bcf76cb,0.13268879,test_dataset_8_2
ed7579ec87aede40ea322ef031a30ae0,0.03465113,test_dataset_8_2
ee13866e43c60e1309fd814e991497af,0.1964894,test_dataset_8_2
eea4c4297b9faeb601816621c86dbc17,0.083276175,test_dataset_8_2
ef4e0e8c843b6ed91837687145e78f67,0.057800367,test_dataset_8_2
ef59a090ba5264e3371c970c85c60434,0.07322018,test_dataset_8_2
f0051b7cedd184a5a6c41bce3f343163,0.17396714,test_dataset_8_2
f03fe27619f7d0aa4d53d3ddd03bb40d,0.17323339,test_dataset_8_2
f04d9e21b34d9ec59fd62ba1e904e6c1,0.1964894,test_dataset_8_2
f076a0641a1aef4918e16f1398be8019,0.13268879,test_dataset_8_2
f09d39105635e88e2862ce132fb47d0a,0.1799568,test_dataset_8_2
f09fe5501e62701575a0a1cfd5e50647,0.057800367,test_dataset_8_2
f0cbafac22fe33409c3d1dc44127427c,0.07322018,test_dataset_8_2
f10d281b73e3a6ebb239ac2199202fdf,0.1964894,test_dataset_8_2
f1412d8cfd43832c406deb626229a962,0.07005859,test_dataset_8_2
f179493e8a6b1e54c64159798910b0e7,0.0965276,test_dataset_8_2
f21763206cbe9934ef04c7343bb591a0,0.07005859,test_dataset_8_2
f2a72be45cdbcc9065eedfc04ada7d8c,0.057800367,test_dataset_8_2
f2a8d49f0d3091434855fc3e44edf10e,0.057800367,test_dataset_8_2
f2c5fbfb0365cc97dfd2c23c7fe36a45,0.17147917,test_dataset_8_2
f2fbf13ff7fc5c9f3fab31e9a0839481,0.057800367,test_dataset_8_2
f38f907e069bd153e19896ec907b842c,0.1964894,test_dataset_8_2
f3e2a84c0669a1eae413c7b7d7c6d0f7,0.23710509,test_dataset_8_2
f3ee5696754a291b82bc866fb854cd90,0.057800367,test_dataset_8_2
f3f27ffb28db52e352746ba79128245a,0.057800367,test_dataset_8_2
f3f6f43242cbecbebb31d44e470e2611,0.15532225,test_dataset_8_2
f412bbc88a03e3baf047b6c785e14964,0.1964894,test_dataset_8_2
f49d1bfd47a297642ba18b29a375263f,0.03465113,test_dataset_8_2
f515fa985934f98e81f2d5e45b569876,0.0965276,test_dataset_8_2
f55837dee391a9d100805219138f3f29,0.11108486,test_dataset_8_2
f6107a682e885b0ae009f3044ddcbc58,0.13268879,test_dataset_8_2
f627425671683690981a56d212a58459,0.25156164,test_dataset_8_2
f637f23367132aa643557a0767ea1179,0.07322018,test_dataset_8_2
f65348a1057433bf2324f5f3d32f46a4,0.07005859,test_dataset_8_2
f656f4bd109af6859cb3ab98c593d786,0.11108486,test_dataset_8_2
f665f4f1636e857147818a0798007b97,0.0965276,test_dataset_8_2
f6c87ab44279b169a6e9759c1a5815fa,0.1964894,test_dataset_8_2
f6e6b01666d12d61cff3284becc64ea3,0.2639131,test_dataset_8_2
f70b847b0db2f498e4aba32d751388ae,0.20550941,test_dataset_8_2
f7bc7e208c34a44d3cf26c5011d56ad0,0.03465113,test_dataset_8_2
f7cacbca9cd125ba338a4eccf51783f9,0.1964894,test_dataset_8_2
f859ef47561d70938cea5c045be4f7ea,0.057800367,test_dataset_8_2
f8a926b6d39bf9b248c13e7f9d3b20dd,0.53786725,test_dataset_8_2
f95dd47646a65a7ba3c954553bd3564c,0.057800367,test_dataset_8_2
fa12eea968271697898918848504adfe,0.1964894,test_dataset_8_2
fa82d8032f8c9ae7d01839485e56a88b,0.1964894,test_dataset_8_2
faff30f71268de0406c1dbe301b5bcdb,0.26901412,test_dataset_8_2
fb456a734ca12d0d7179a7664fe8c817,0.057800367,test_dataset_8_2
fb64e7732d6ff143205e54f614bcd9cd,0.1964894,test_dataset_8_2
fb6d341c2a3e61e8777b03bd7b6da107,0.29116592,test_dataset_8_2
fb749155609beab2adaac04f65ead972,0.1964894,test_dataset_8_2
fb7594c1579155fd2c9491691dfa19b3,0.1964894,test_dataset_8_2
fb7bdd5aa2908d504f500db14c25642c,0.18979469,test_dataset_8_2
fc2a5dd6a1adfe013d5902fbf6d646d3,0.057800367,test_dataset_8_2
fcb6162190ae86cce9a2ac7c2034056c,0.08909605,test_dataset_8_2
fcecbc4f6f3e3e0380f590fae1285279,0.1964894,test_dataset_8_2
fcfd840e6cc6ce7e8acd9191efd44ab7,0.1964894,test_dataset_8_2
fd7bb1bad869d5f122f17589586b090d,0.1964894,test_dataset_8_2
fe8b8bc7080f52fa248a391bea69c255,0.23171917,test_dataset_8_2
fee7b0f8c718154e7079b405813f97ba,0.1964894,test_dataset_8_2
ff6b6ae91a23f5b0561ac200af006d89,0.1964894,test_dataset_8_2
015060ef2a4871165dc3678f9c7ae2d3,0.5691881,test_dataset_8_3
01b264d86252c5fab52e594d2a3d10cd,0.82337147,test_dataset_8_3
01ee7426b528d6fb90fc09d1e1aa7e34,0.53786725,test_dataset_8_3
01ff1f6558ee3e3418b89d0bd43c636a,0.53786725,test_dataset_8_3
044246f44058036accc631019a9ea25d,0.23068152,test_dataset_8_3
0576ef6860e73ab398e904dea993f1a1,0.083276175,test_dataset_8_3
071178f19c40c99263839f7b45af5520,0.4732392,test_dataset_8_3
0788319148d2d181f68696c521d4010f,0.40433016,test_dataset_8_3
084a9afe02edbb225eb975992d3f511f,0.60403156,test_dataset_8_3
08af9409a104199a161ea73944c08e4b,0.53786725,test_dataset_8_3
08e4b88329ad2c8037a97f9c4f5d00ba,0.08909605,test_dataset_8_3
0a0ef757f7b3aecb9f37e7b82206090e,0.7852328,test_dataset_8_3
0a2d6a7482f8a5bfcb7e0d2372c3ac8d,0.53786725,test_dataset_8_3
0a35a544d65bac5cadf8eff1c3dc1a3a,0.81193066,test_dataset_8_3
0a51f54b09ed13903951111f0b2fb07c,0.53786725,test_dataset_8_3
0ab094f81a2455a4e3a82282d236b29a,0.27386445,test_dataset_8_3
0b666cbd48b38b82e160e01197eb9de7,0.68974715,test_dataset_8_3
0c1a96685a3c6115e217de3d4b322327,0.2550307,test_dataset_8_3
0ce01de0a8ed6cfc92c393e752dad9cd,0.42651924,test_dataset_8_3
0db9b7cb61abd43aac6cf7ca6da0c955,0.13268879,test_dataset_8_3
0dd1970366ba784ff90baf17f432101f,0.4846235,test_dataset_8_3
0ea220c27be14aeda2501925b0edd435,0.10684091,test_dataset_8_3
0eab130f10a1d5d5d79086491e6d6240,0.4732392,test_dataset_8_3
0f67bd5fdb06ae282b51803064ad3942,0.7852328,test_dataset_8_3
0fc3008bfbb26edaf39974b67ba51dc1,0.2550307,test_dataset_8_3
10192f06bdcdcc852f890d2d53ddc4fd,0.4732392,test_dataset_8_3
102d7af3c9401a386a9cabfd2c804f85,0.602135,test_dataset_8_3
117fb667a8c5c8c3a731d71183411db9,0.6847976,test_dataset_8_3
12545bed2d6cbc4f272cd9f3aa5b170e,0.2639131,test_dataset_8_3
1429c78843d272454938271a33ffb532,0.7852328,test_dataset_8_3
1455b70aa37612a332efede809b17811,0.28289843,test_dataset_8_3
1594f7e6b741727a9ef04ac53ab0ce33,0.17085335,test_dataset_8_3
15e3e64e12d1ea6ef7eec7f34e1a25ff,0.17147917,test_dataset_8_3
1707368bd13cabc433fd6c1d0064856a,0.584856,test_dataset_8_3
171d9d7b6107eedd6030309e2779eb4a,0.17085335,test_dataset_8_3
17c9b40a4e3db52070641b7715629373,0.23068152,test_dataset_8_3
18e821d174572ff62644ed53315444a5,0.17931645,test_dataset_8_3
1a3e13f58168d8d4182f2ac0d0b96f1d,0.2654981,test_dataset_8_3
1a7409689ae1dac2f2be6ac2579019c6,0.17147917,test_dataset_8_3
1acb929e11bf2a48eea08b6e6111aedd,0.43198377,test_dataset_8_3
1ae1957e832953431c0f69563caad43e,0.45164865,test_dataset_8_3
1b8eb289bc9190baa612f6c429588a11,0.07005859,test_dataset_8_3
1bfe27072217c87ee6ba772862a3d6a1,0.03465113,test_dataset_8_3
1c0f1e1199396bc5fa47cd082730e68e,0.60403156,test_dataset_8_3
1c403de4d65628e3bb2e1a97d929c081,0.6165349,test_dataset_8_3
1c6d4e55b697ba949fa4d8238694a8fd,0.29116592,test_dataset_8_3
1c821d45af5a225a3d032bff892b7048,0.36880705,test_dataset_8_3
1c9bb1bcea2e349bf88287411ab4f1ef,0.18979469,test_dataset_8_3
1d01120fdb7c48b3452e44fe0bb02a5a,0.17085335,test_dataset_8_3
1db49dd0af580e50075f6d3a3b2ab7df,0.31254914,test_dataset_8_3
1f24a127a3d7876a1dd057204a6d7c63,0.4846235,test_dataset_8_3
203f82675780a0c6e415b17d6237d68e,0.44758922,test_dataset_8_3
2140e61e531423ca326111a95a95448f,0.20550941,test_dataset_8_3
21717160f868ac63cd3b88b8c79ae979,0.40433016,test_dataset_8_3
218f01357dedd0c8ab654cb6adb2d4a2,0.26901412,test_dataset_8_3
229a9e319916769b590b16a8593e817c,0.44758922,test_dataset_8_3
23e594dc45887332a5dd53d1869d13fa,0.70480067,test_dataset_8_3
24101a7a9f3b2c9c6e2be4a8020dfb88,0.23452456,test_dataset_8_3
24fe8e44b95592de4a004d1e3b66a734,0.2654981,test_dataset_8_3
2565d7f189e6cafd95e2c326d4797747,0.17931645,test_dataset_8_3
26c92ab2ed8d41ba82ef09fe0ae9d338,0.17173405,test_dataset_8_3
27bd58ebdf7e7fb1839cb9f45795a78f,0.60403156,test_dataset_8_3
27e200943de541c5fdc4d9bce5d8857c,0.4846235,test_dataset_8_3
282b193eefc8e0180c9bdd4045453c64,0.03465113,test_dataset_8_3
289c8e9f628367d67e927ef908d01149,0.27452478,test_dataset_8_3
29914dc5544091114b43878b975e6794,0.15532225,test_dataset_8_3
29fdc454a25167d19ebf2f27cb0c6d9e,0.31254914,test_dataset_8_3
2a1697f7c7beeb3b4b560df407434505,0.17931645,test_dataset_8_3
2b91b469351af44ea6f0e67b988d9d4a,0.4846235,test_dataset_8_3
2be7b0005a84f51fe551474ea89cf1d6,0.0965276,test_dataset_8_3
2c2cf2376143472fb810964a12c7071e,0.23068152,test_dataset_8_3
2ce5e71a0e552d52f35d94fed1692287,0.32628447,test_dataset_8_3
2e1fcba026947cd1cfdf9d638c8ad093,0.17085335,test_dataset_8_3
3014a0b8f4f48ed0a7afe0e2f416e8b7,0.09224766,test_dataset_8_3
303cdb2ba5f5518229f74caabe6201a1,0.56006116,test_dataset_8_3
3044a8240aafb03d01a1bef80f411da3,0.22066976,test_dataset_8_3
304789c8b306c2abef7416bd39fd9cc5,0.17931645,test_dataset_8_3
320f31ff1c9ce235237365f5117409a8,0.88591456,test_dataset_8_3
32294f6ff42461a9d032c8636d59fc81,0.44758922,test_dataset_8_3
328e957a46266257b79c1c55d1010acb,0.46512493,test_dataset_8_3
329dd7b4031bc7b8081e0b7325208cb8,0.26901412,test_dataset_8_3
336ab48f12dac638a4a3e82d3592611f,0.15532225,test_dataset_8_3
338e1bc60d59348a2722c5febd8d7348,0.40185484,test_dataset_8_3
34c5ccd0f19c5d137fd62f834e1d1520,0.17931645,test_dataset_8_3
350de1231020069066ff82f6dbb10247,0.5691881,test_dataset_8_3
352612d90ee005b7cc319de32e3d06ca,0.5505454,test_dataset_8_3
35dcef4c3dac9f70bd6dfc18ad0e39ac,0.36880705,test_dataset_8_3
35fe20cb35804af416520c5531b43065,0.29116592,test_dataset_8_3
366e450f0bbe3055f7b08a900dac46d8,0.13268879,test_dataset_8_3
36d39945c12307ea6b3f59ff7fc29c19,0.083276175,test_dataset_8_3
378dfce26b087ff437c82f6b5977a132,0.23452456,test_dataset_8_3
37c67cf45126b6fdf6e6654dd7e4dced,0.17931645,test_dataset_8_3
384dc117aaa0109adc50331bcd6ef61e,0.22066976,test_dataset_8_3
393c01ed410fbc7eb01e5366a162f61b,0.27386445,test_dataset_8_3
3952d07b0919b73acca2592252b237f4,0.53786725,test_dataset_8_3
39e3d95115853c15257e279baa6bcc37,0.03465113,test_dataset_8_3
3a79688ffb7ce84073c1cdfda1ae4c52,0.31551185,test_dataset_8_3
3ba55273f53c1ace98c752cbbdf260d4,0.09224766,test_dataset_8_3
3cee768c626f5d3e27b9989afc83fd51,0.17931645,test_dataset_8_3
3dd3089c9b0e1038f4e193f59769e270,0.7852328,test_dataset_8_3
3e277e77460f06be7624fbbaa2cd8934,0.39599264,test_dataset_8_3
3f952190a33df86f43754e886e999774,0.584856,test_dataset_8_3
40c39d129344ba312220e9b38ed1e93a,0.26901412,test_dataset_8_3
415027784e60bb612a2207b378a37ac3,0.52122074,test_dataset_8_3
41aa882f4c05192fa2267ed12776b031,0.2550307,test_dataset_8_3
426cd9e004915c32e02fdadd44301b3b,0.19675289,test_dataset_8_3
4307ff126fb158e206366263a30357d3,0.1695466,test_dataset_8_3
4325666ff4f653c7c1457212aa838bf7,0.03465113,test_dataset_8_3
4341eb0de7173aea071c3acbec610fb5,0.1799568,test_dataset_8_3
445951e7de64be8e2d8ab978c5892d80,0.17931645,test_dataset_8_3
45a4ac4a9302ec911de175eacd1f7796,0.17173405,test_dataset_8_3
462e5f58ddf86a03977bf1449272839d,0.4846235,test_dataset_8_3
46380d7ae0812315cd6ce81db94f87a0,0.22066976,test_dataset_8_3
48b06ed56d5cf2b1905d5c2303a95302,0.31551185,test_dataset_8_3
49202bfddce6796f715d07fb2937e343,0.1695466,test_dataset_8_3
4a690140c8962c97c19d87717ff655d0,0.60403156,test_dataset_8_3
4adf0d84e836d048882bf925bbe1aed7,0.17931645,test_dataset_8_3
4ae9886cbb3b8b04ef834949a42826ba,0.53786725,test_dataset_8_3
4b89460c1b769b8daa10eca82b79f8ec,0.45164865,test_dataset_8_3
4b9b087a70df0dd78248d3b8555230cc,0.2550307,test_dataset_8_3
4d08f9a4c66a61690c9c666f7abc8430,0.23452456,test_dataset_8_3
4d6748495857ba171e910ee7cd9232dc,0.60403156,test_dataset_8_3
4dae010dc860fe4e66dcfd11916ad3af,0.45164865,test_dataset_8_3
4e34d80d1886344f6d72cc2a8f4111a8,0.7852328,test_dataset_8_3
4e7f8ce22d165384996bfe555cb71858,0.17323339,test_dataset_8_3
4ebea2775badf32e7049f5ac7fadbe6d,0.17931645,test_dataset_8_3
504e9e433df5d49328c86c2e4a74efb5,0.15532225,test_dataset_8_3
50a21e99792b30356c7804a6db922d21,0.11108486,test_dataset_8_3
5274209abe4e8b487e05f7d04fc6d3d8,0.083276175,test_dataset_8_3
52fc178457a4cdc16caa20a66519902f,0.40185484,test_dataset_8_3
530a99a99af171ab074853f4cb1d5990,0.5505454,test_dataset_8_3
5416f015d982229bc64602e913a02924,0.057800367,test_dataset_8_3
54cdc2000621399f8c2fb106a089b329,0.28289843,test_dataset_8_3
557708103fc592ac327ba93d597534de,0.057800367,test_dataset_8_3
557811f3ee7039546de678483bd4b227,0.10684091,test_dataset_8_3
563b14eabd6e199e8321db2578863fb1,0.03465113,test_dataset_8_3
567c761f830fd84bd358f69eb5f0386d,0.0965276,test_dataset_8_3
569475ee74cc96b0900c39352c3c0cfc,0.1695466,test_dataset_8_3
585b369ed895b6ec29f1aff8b877a6ba,0.09224766,test_dataset_8_3
5a11ad24bb7dc8afd408744925e17dd1,0.17085335,test_dataset_8_3
5a4731f99d06a476cbc44f63784aa98c,0.56006116,test_dataset_8_3
5ab3097f42e75ce7f6511474ccb3ac2e,0.27386445,test_dataset_8_3
5bbda987b04b27920372dae265d50824,0.60403156,test_dataset_8_3
5cacdfe6ee7cdd9c846ffced28bc88fd,0.17396714,test_dataset_8_3
60663ca494218260d4065cf9d8b60815,0.0965276,test_dataset_8_3
610b62064070db6e87afbd86df344789,0.23068152,test_dataset_8_3
62ef46df3d3e3e642c7378c5d8fd7259,0.15532225,test_dataset_8_3
6367b19f036e8e1c87272097d2fcaf61,0.53786725,test_dataset_8_3
642d719e3c14f11ba3a72679ea55c44f,0.39599264,test_dataset_8_3
660b4498f18b395c19c03c3e705ba5c5,0.2550307,test_dataset_8_3
66450f2d82421b4fbc4e0556c2beb05c,0.53786725,test_dataset_8_3
6746b830b60e8262a71decf69b3bb575,0.23171917,test_dataset_8_3
680e2128422c9934b2185ca3d2593345,0.19675289,test_dataset_8_3
68a43a88c4b2d4b91ac291a58831afe6,0.17085335,test_dataset_8_3
68ca733d34d60d95f98a1cb8ac221fa8,0.40433016,test_dataset_8_3
68cc590bf1bc7120b538d9ed917f2416,0.7852328,test_dataset_8_3
68f6af8bc743e5ecda85ca8439f4abfb,0.2550307,test_dataset_8_3
692fca189581ff07c1070e5ca64be838,0.13865706,test_dataset_8_3
69919d749ee185b242ce896b557c9ac0,0.057800367,test_dataset_8_3
6aff4b2965ebd8bec2910bc417b454f5,0.25032958,test_dataset_8_3
6b5b4a80f091e82ddbb7ae7805fa28f3,0.19675289,test_dataset_8_3
6d4b6f14b1386a2619fcc6884d52a003,0.40433016,test_dataset_8_3
6dcd70a6e9b0cdff2dd6e6e2be62f229,0.31551185,test_dataset_8_3
6de1a3931e714855e8ef757122de94c2,0.4846235,test_dataset_8_3
6e77a4b8793c17b978724ed94c2d13c0,0.4846235,test_dataset_8_3
6f888a8a74da6019efc0571fbd7d1531,0.23452456,test_dataset_8_3
71a52f18746d8a8e2902f27da3f6d8a0,0.5945779,test_dataset_8_3
71bc8d8497e45a8e9778a2613ca1118c,0.23710509,test_dataset_8_3
720046cc1fd4e5000472c617eaeb342d,0.3954225,test_dataset_8_3
7269f1aae6f35b8f7f75fb9c284fd1dd,0.0965276,test_dataset_8_3
72ca7249eeda4bd8d6b345f7aaaca6b3,0.23710509,test_dataset_8_3
72e84d24284483cabd7762d369d1db33,0.47897378,test_dataset_8_3
74356ac1d856201a6a9b77c94ed6db00,0.7852328,test_dataset_8_3
7621f0bfa411dd4b6ee8694a198d41ee,0.4732392,test_dataset_8_3
79dbdecca0b9a94269b2dcb0e9276410,0.17931645,test_dataset_8_3
7a5be56a8f5259fcc36006c1a058a6d1,0.17323339,test_dataset_8_3
7a7c217794f448d685b0a47591d0cf93,0.17931645,test_dataset_8_3
7aae0c60529b7a08b4ec1d3c620955c6,0.36880705,test_dataset_8_3
7c3e3a57068059e60893035201d1cd83,0.2550307,test_dataset_8_3
7c4cb0dfcab7251a34c28a0895983e73,0.6847976,test_dataset_8_3
7ee74694fc1267a0942851077372231e,0.17931645,test_dataset_8_3
7ef1980e5a96124effe6172e0a1cf2c3,0.43198377,test_dataset_8_3
7f8a1ed4704684c07117de204873ad4c,0.6321537,test_dataset_8_3
7f8a42f823f21b22ddd9f8ac6c361a61,0.17931645,test_dataset_8_3
7fc28b1cfd0c225a0ac65bb7f5d9f61f,0.4846235,test_dataset_8_3
8054c969c33620493c895ef453ec2290,0.5691881,test_dataset_8_3
82447eb2cd203fd3462bc1bee42ff111,0.82337147,test_dataset_8_3
839d2927cc31041ec45266b0c086dcb3,0.19675289,test_dataset_8_3
8421d784d5f03d30061b8002ddae5455,0.56006116,test_dataset_8_3
84e306a5cf027eab3949a0af2ee3869e,0.46512493,test_dataset_8_3
84f8babb4cfedbe8a9bb0a862d99a893,0.13865706,test_dataset_8_3
8521e8719d4247eed006b129403ce09e,0.31254914,test_dataset_8_3
87da900fabf55aaf0df14b02c74a1a1a,0.46512493,test_dataset_8_3
88387dcc7a20dd5f5f3f02447d79ffcb,0.13268879,test_dataset_8_3
89dd2b91c941301415a1bf05b040b6d8,0.4846235,test_dataset_8_3
89ef83829889caf262e81f201aff5596,0.17931645,test_dataset_8_3
89fa2d88d673d93fa2a0b3f7e4432a4a,0.21271767,test_dataset_8_3
8b2e15766f3d92a1b8b8dc0ba6acbc40,0.26901412,test_dataset_8_3
8b41121873f7b8213511be41b178b0fa,0.4732392,test_dataset_8_3
8bd6ef51586c891f12438e324c4d1e03,0.057800367,test_dataset_8_3
8cf3cdc5c33f6c3aa73dc81a6ab3bd6f,0.81193066,test_dataset_8_3
8e905dc5af717c9f2cab42d2758a35d4,0.23068152,test_dataset_8_3
907536201f26f3a60c19135c1fd6b27b,0.32628447,test_dataset_8_3
90d2f82df9f6309326ba99dc8fa19bbc,0.23452456,test_dataset_8_3
91025ddceb6a870c9e88f6da1e07799e,0.1695466,test_dataset_8_3
91f50f11d6d7fd0c1d306a5e433975ff,0.36880705,test_dataset_8_3
947cff2fa8ccf8703b4933b72687b359,0.27452478,test_dataset_8_3
9575a2845423944bed98c0a3258b6e21,0.53786725,test_dataset_8_3
9594f8212a3013b4df99ca8a8e39eeb6,0.07005859,test_dataset_8_3
973a9d86624fe1fb5d6ceefc41bb9c0d,0.4732392,test_dataset_8_3
97684b2a342aa1e29baafd284234b419,0.23452456,test_dataset_8_3
97b8f9e6fa8026fd1f90968674cb0b62,0.6847976,test_dataset_8_3
99bdf1921d40df70e7fe02c01f129d48,0.6847976,test_dataset_8_3
9b453d29ca7574aa611e8b2ffa5dcf57,0.4732392,test_dataset_8_3
9bb1eeaf88e5ff26e189f18486a87567,0.34272623,test_dataset_8_3
9c9380108b74595fb9e1b5680286a525,0.29116592,test_dataset_8_3
9d048d62b1c04ec5b7ad12feb95383db,0.4732392,test_dataset_8_3
9d1167c212fda1801dee7488013bc751,0.5691881,test_dataset_8_3
9d8ebf066e1f3dbcad08cc097b6ffd8f,0.17085335,test_dataset_8_3
9dc003a8d9327a9545ba655c33bab4f9,0.60403156,test_dataset_8_3
9e96b6b78a78b878134ec947280983de,0.15532225,test_dataset_8_3
9fc1edb747791c134c64e3c4a0cc3d19,0.2654981,test_dataset_8_3
9feba8581833a7757eaf58b6e10ea7db,0.25032958,test_dataset_8_3
a04c2ed04e62c892b973d70a9c827d31,0.03465113,test_dataset_8_3
a06f4def611848ca78c2a49418b6bb04,0.13865706,test_dataset_8_3
a1871a70c2e9fad9e188df5a2835c5e2,0.53786725,test_dataset_8_3
a29149654337e3a4b7058440134b2929,0.4732392,test_dataset_8_3
a30014bfe8f082d84cda39877038658e,0.1695466,test_dataset_8_3
a35680a0310c54825436dc099571302e,0.21271767,test_dataset_8_3
a435f7e24fef67095fda91b113a97ba6,0.4846235,test_dataset_8_3
a517870a0bae187424d35899f8a15938,0.4732392,test_dataset_8_3
a5a62718084a1d256b7a197582d521ed,0.17085335,test_dataset_8_3
a5dfe141665896407a44d7ca81da3cd2,0.20550941,test_dataset_8_3
a9b79fabb48d53013d291968d05b75db,0.17085335,test_dataset_8_3
a9d1387254742510008a2eddf25b9ef0,0.44998106,test_dataset_8_3
aa32335a511ddf576c677037f84e3808,0.083276175,test_dataset_8_3
aa88089ff2e0bccabe535477181924e8,0.11108486,test_dataset_8_3
aa98bdff918a150e0e46bc7f0c29b235,0.88591456,test_dataset_8_3
ab03b12ad4a27656e5cab8b52cf01d7e,0.64931035,test_dataset_8_3
abfdd03ffb5c4daebe6d995605ad09b1,0.083276175,test_dataset_8_3
acb24d5bfc89e4cf20b1f3c22c77f9ca,0.29922527,test_dataset_8_3
ae82ec1f2fcd3656b5d2a94911cfa7e7,0.31254914,test_dataset_8_3
af4af6a4abfa49bf557301b57a6b3633,0.17396714,test_dataset_8_3
b09e6b8f795684cffe398a5ebcad20be,0.23171917,test_dataset_8_3
b0d570135e00aa4646627816b7eccd05,0.23068152,test_dataset_8_3
b162cfca2bd49a267f6f4999dd876d64,0.5945779,test_dataset_8_3
b27e0919783dac4d1f7f6c4d650a13a6,0.44758922,test_dataset_8_3
b2a3f1216c3aa13b2cf79df2f5bc5217,0.2803728,test_dataset_8_3
b31f219cdc4b006555fb03b370726c73,0.53786725,test_dataset_8_3
b3ddd333cafdfa0b5f37f5e7e64ad8e4,0.1695466,test_dataset_8_3
b4b064a3280102458682d4afd5362b80,0.1695466,test_dataset_8_3
b4b87665b3675a25a3356b2959c4de38,0.6972467,test_dataset_8_3
b54866602dcf0d7d31396dba29ffd0ed,0.23710509,test_dataset_8_3
b5e448f0bbe79ad483811068c4463d24,0.11108486,test_dataset_8_3
b68a21db420ee2b94b95e301c5747dd1,0.03465113,test_dataset_8_3
b747267781307c53460875a4db7fe3bc,0.23471513,test_dataset_8_3
b79ba16772c297af2e63618c185ab3a4,0.40433016,test_dataset_8_3
b98173a05fb292a24a059e50dddf2ccb,0.56006116,test_dataset_8_3
bafafea8209245106beeb5385557c3cd,0.17085335,test_dataset_8_3
bb286124c88821e6841211c5dcf5c145,0.60403156,test_dataset_8_3
bbdf6a3661916b5253b0098d5f87bc4e,0.21271767,test_dataset_8_3
bc4295486d918ebaaa9f4b88b27c5dc0,0.4732392,test_dataset_8_3
bca0f3a090ca26b02d91d5e9337ffb14,0.17931645,test_dataset_8_3
bcb7b55495b819a368ca499a2849e57f,0.52122074,test_dataset_8_3
bd0b64cb80a98f7b44d3e0bf84742148,0.43198377,test_dataset_8_3
bd154890c44c233d17fd3316a8dcece2,0.17085335,test_dataset_8_3
bd7c8c4ed6aee80d72a104d203991058,0.7852328,test_dataset_8_3
bdf129410be712fc9f41ac8981247972,0.88591456,test_dataset_8_3
bede7e1fb8dea7a01dc07f7ab90a996f,0.07322018,test_dataset_8_3
bffbb14ba7579329b956da96f05b0880,0.19675289,test_dataset_8_3
c04461dc07d3684d983434400a4f6839,0.17173405,test_dataset_8_3
c044bea248e7b419c5e0d4a9938f0529,0.2550307,test_dataset_8_3
c2d8b4dbcf7376facda4ba849ebc5ad5,0.53786725,test_dataset_8_3
c2ed9ea2aa7b671dedd642339da0a3eb,0.5505454,test_dataset_8_3
c32a6d7963ba21ef847365e9404321b5,0.69698423,test_dataset_8_3
c3ad72f1d44582e502dac4a9f312c578,0.46512493,test_dataset_8_3
c5d2427bb733de486849011e9ee09782,0.26718453,test_dataset_8_3
c648c5d8fb9ca2ae81be457e8d527102,0.23068152,test_dataset_8_3
c6dbc8cd876a6d3f3d6cffdbe12d4a84,0.17173405,test_dataset_8_3
c701a89f03688dcf1d97f05da604bf87,0.52122074,test_dataset_8_3
c73b0147619024d62af1cbef8896c3de,0.39599264,test_dataset_8_3
c778bb07c350241fdcd2783becf63774,0.1695466,test_dataset_8_3
c7ea07b61a9f8345529e7203372e4370,0.2550307,test_dataset_8_3
c87b2c8f640c3d95ebd8e585cb2e79aa,0.81193066,test_dataset_8_3
c9c67aa5dbaa8d7a5afde3482e284f6d,0.56006116,test_dataset_8_3
c9d1c99f1138e5e68150e29f8ad52cc0,0.19675289,test_dataset_8_3
ca7868763f9e9e2d0309b6b2cda2272b,0.2550307,test_dataset_8_3
ca7b09b83a3ebaccf0835bee611c1034,0.31254914,test_dataset_8_3
cafc366a0dbee023cac5b661172e658c,0.23171917,test_dataset_8_3
cbe1ae2b4d25f0959b011ca77bfa206f,0.53786725,test_dataset_8_3
cc9bd457d0f51d98858ca2b0bb2c6fea,0.03465113,test_dataset_8_3
ce2a47e670c45c8df8f1681bcc6c63e9,0.07322018,test_dataset_8_3
ce7dd1acf89378f2d3c9e31b711991ac,0.584856,test_dataset_8_3
cf4187e7ffda64f3527ea8f85a882b2d,0.31551185,test_dataset_8_3
cf65b1fb9eeb0532415f16ec79be6dd9,0.29116592,test_dataset_8_3
d1f231fdc142b9a8106aeac51a22b2a7,0.5505454,test_dataset_8_3
d38cb557233b736765c8c0d674112441,0.13865706,test_dataset_8_3
d39dd4cc984606ef26aabb86a9b3d51c,0.03465113,test_dataset_8_3
d3ed18f6839252144af1b21fdc3d1780,0.56006116,test_dataset_8_3
d3f74ab98a6496548e115cf03354cced,0.22066976,test_dataset_8_3
d449a4c4d4f9bff9767c94ae219fba08,0.17931645,test_dataset_8_3
d4f248586dbf48e3b2e45a42b94a020c,0.4732392,test_dataset_8_3
d580c7d311961a2e6dc6c34b61597d3e,0.083276175,test_dataset_8_3
d6aaa8df3c21d103fa5f3d5fc253c523,0.32628447,test_dataset_8_3
d7e1c04519d08839d7df6a5e33e8a21d,0.1695466,test_dataset_8_3
d805e67d4b877764211e15e1d0d18a15,0.39599264,test_dataset_8_3
d810cb726902c4852500b97a5af5cbc1,0.17931645,test_dataset_8_3
d8a39611bb45eda2e5a47f07f7938b1b,0.07005859,test_dataset_8_3
d8adfcd49ef12c5a4c6f93db5a73ecc7,0.17085335,test_dataset_8_3
d8ec963070f80c1eee4f97733d6152a4,0.40185484,test_dataset_8_3
d922f357f3cdc1a3e9c3f2b956d75f80,0.1695466,test_dataset_8_3
d932e9815db68cb0508d52d556ab3aab,0.08909605,test_dataset_8_3
d9b847d7a562e4c4590620e3270a877b,0.44998106,test_dataset_8_3
da3e55c6865d68842b5edec3b6c9a44a,0.23452456,test_dataset_8_3
da6b4dae53fc64411268d0b2f5cc2411,0.32628447,test_dataset_8_3
db182c902d9a85d81c96741fb1b9b364,0.32628447,test_dataset_8_3
db1d087469f827df436749c34defbeac,0.6847976,test_dataset_8_3
dc363c827c7d1e9768d7aafb4041424d,0.42651924,test_dataset_8_3
dca33245960ef19290e5312ad3e02313,0.19675289,test_dataset_8_3
dcfa14b241720b00b83917dbc3406fbe,0.08909605,test_dataset_8_3
dd05749fc86ab3652a614bea8bc873e5,0.53786725,test_dataset_8_3
dd32a3d5856cf6c309fd00d7efc9fa22,0.23710509,test_dataset_8_3
ddd78216ced0f4f554808bdf73497fd7,0.057800367,test_dataset_8_3
de9184b9f36ed29316cf418d82569e52,0.31551185,test_dataset_8_3
df2cbce399b0dac74567e89df1597a2c,0.81193066,test_dataset_8_3
dfd5b28a2fb629f3335bd9a45c58052a,0.27452478,test_dataset_8_3
dfd8e8abf8c32982048d88ad8aa2ca58,0.40433016,test_dataset_8_3
e17ff9dce6a93c938382b60d92abe5ab,0.23452456,test_dataset_8_3
e2acf5d5dd6b861e62a0f3042ab749dc,0.18979469,test_dataset_8_3
e4c2364d2603880cceb686c3d6578995,0.53786725,test_dataset_8_3
e6421d7aa35478000af8595602eba34d,0.56006116,test_dataset_8_3
e68a2666c4ee72097767e7fddfd40896,0.56006116,test_dataset_8_3
e6bce107aeb6103489fdfef5d03c1fc6,0.32628447,test_dataset_8_3
e6bd4c4c796afa78c99bba7d881ae8d3,0.15532225,test_dataset_8_3
e73ba44ff28bae2af430888a3693bb42,0.1799568,test_dataset_8_3
e7c0643d4ee6e8e040908f633adadfec,0.31551185,test_dataset_8_3
e7fd3721e9c80be1849ca7a508e1c561,0.23710509,test_dataset_8_3
e8186c4fee28694f9c52ca0782f7ebb4,0.2803728,test_dataset_8_3
e8476b09c07c23b27dc84fad171555f8,0.60403156,test_dataset_8_3
e8987b1ce75d5230babe97d613b5916d,0.82337147,test_dataset_8_3
e902a4903eca5703549787443068172c,0.26901412,test_dataset_8_3
e91f70b73ef57246e74fcbd59b63b7f8,0.31254914,test_dataset_8_3
e98dce679bfb9f6c5f0fd1625b667e8e,0.23068152,test_dataset_8_3
eb14765e01984eed8a9f5e1d9e7f35f6,0.11108486,test_dataset_8_3
eb6aa5caac8db8d6ce3fe6f917188aa2,0.17147917,test_dataset_8_3
ec5198fe584ab204e585cee098b01816,0.08909605,test_dataset_8_3
ed015b3cd259911a2a889f84d5447e14,0.07322018,test_dataset_8_3
ed95a3ae3d6d0089f1460c85c7ff57b7,0.23471513,test_dataset_8_3
ee6ea2a4faf474771d4371178698d6c8,0.25114855,test_dataset_8_3
eec24c600bad118f4c76d06766696617,0.19675289,test_dataset_8_3
ef63bcd1a29efd20b34150dd4bcbbc0d,0.4846235,test_dataset_8_3
ef64a5f8d460a3f6be8bf30b02980915,0.03465113,test_dataset_8_3
f0d3a71ca262d04736a4f21385ef6e15,0.40185484,test_dataset_8_3
f0d6f0bb18243c6db833f50ce475c09d,0.15532225,test_dataset_8_3
f0e56dd5368f1655c3e1d3907da4f32d,0.2639131,test_dataset_8_3
f13e73c05ef3a09deaef67cae14ec33b,0.17931645,test_dataset_8_3
f21b355c6109bf29d902fa2fefca8ffb,0.23471513,test_dataset_8_3
f28702771b7d1ca177fb26e7590a7bd7,0.43198377,test_dataset_8_3
f388ee71d37bbf5828411dd72a3eacae,0.39599264,test_dataset_8_3
f39c37813aa5613837d73c3b756c7d62,0.23068152,test_dataset_8_3
f3c88a923b2f3ebfa997625543119462,0.53786725,test_dataset_8_3
f3ca5310ac0658b44f030fbfe0884e17,0.602135,test_dataset_8_3
f49e46a607efc8033d34aaaa6b8ac9e8,0.1695466,test_dataset_8_3
f5127b2cc6a21e8ed6079ddc32444a90,0.27386445,test_dataset_8_3
f5132b71043ac789d294cf11efe22eef,0.17931645,test_dataset_8_3
f53e3b2d7d9c3ebcaae887653bce3c5f,0.19675289,test_dataset_8_3
f5fd04fc46fe20aa01e728597e541ba1,0.07322018,test_dataset_8_3
f6614a7e696261c89f6a3122c3e6db5b,0.81193066,test_dataset_8_3
f6ebf188bcdea3beafe6053ad152c089,0.68974715,test_dataset_8_3
f7884a97efaf5a506770d1226d074e33,0.07005859,test_dataset_8_3
f7ae5c6b00050ce2af3c3559b4b06e51,0.44758922,test_dataset_8_3
f7c42154c44e40b42b8bdccc98643d48,0.17147917,test_dataset_8_3
f81e12a949811f688b14d08c9ccf1500,0.13865706,test_dataset_8_3
f8610a04d022fe488f0ca353d5304a49,0.34272623,test_dataset_8_3
f8d6a6c8fde21e7a59a4ebc1b36ae233,0.13268879,test_dataset_8_3
f97d7611260e18a2874fdd84cff31263,0.057800367,test_dataset_8_3
f9f81053cbf45b7d5b85583a053c3ce3,0.31551185,test_dataset_8_3
fa0688f332da9faba6e951f61b7c9f5a,0.4732392,test_dataset_8_3
fa2a1d8b4dd5ab24de8f0781123b1c4f,0.42651924,test_dataset_8_3
fa83a04bdd45e717a5d94c69f4a7f72a,0.057800367,test_dataset_8_3
fa9f63098ce463fd8451afb5ab942ab4,0.18979469,test_dataset_8_3
faf27ee002ca95ae661ba28895a5f6dc,0.26901412,test_dataset_8_3
fb954c071dac19a2e8797d6be3daff1d,0.60403156,test_dataset_8_3
fcd2fd145995ce480b2b13838825989c,0.43198377,test_dataset_8_3
fd95ab6f7073d08eacfaa4b588f6db32,0.39599264,test_dataset_8_3
fea70ed6d4e1248a7522d90ab6f54c74,0.39599264,test_dataset_8_3
feac8e18c189a2c781d99ea22c8924e8,0.08909605,test_dataset_8_3
fedf7a85ff73abb19e243f96f8650303,0.7852328,test_dataset_8_3
ff7b81f9e7299fe76ba61565c57797c7,0.4767791,test_dataset_8_3
ffa282beaccf95e0e2dfc23930a8260f,0.40433016,test_dataset_8_3
