repertoire_id,sequence,score,v_call,j_call
002d8efb7e5648e1cf3dad87066c8575,YF,0.04349809437737597,TCRBV30-01,TCRBJ02-05
002d8efb7e5648e1cf3dad87066c8575,FYF,0.039443483548193915,TCRBV03-01/03-02,TCRBJ02-07
002d8efb7e5648e1cf3dad87066c8575,VGVPHHHF,0.03740915664897888,TCRBV02-01,TCRBJ01-06
002d8efb7e5648e1cf3dad87066c8575,CSGWYYGYTF,0.03596877434046708,TCRBV20-01,TCRBJ01-02
002d8efb7e5648e1cf3dad87066c8575,CATYYHYGYTF,0.03547645177221703,TCRBV06-05,TCRBJ01-02
002d8efb7e5648e1cf3dad87066c8575,CASWYGYGYTF,0.035018019428759255,TCRBV28-01,TCRBJ01-02
002d8efb7e5648e1cf3dad87066c8575,CAWSIPGGPYNEQFF,0.03486865411380605,TCRBV30-01,TCRBJ02-01
002d8efb7e5648e1cf3dad87066c8575,RHHQPQHF,0.034579031693524366,TCRBV11-03,TCRBJ01-05
002d8efb7e5648e1cf3dad87066c8575,RPQHF,0.03317453810029401,TCRBV09-01,TCRBJ01-05
002d8efb7e5648e1cf3dad87066c8575,CARPF,0.03284009376891583,TCRBV25-01,TCRBJ01-01
002d8efb7e5648e1cf3dad87066c8575,CASSLRKAVKKLFF,0.03192110602631003,TCRBV28-01,TCRBJ01-04
002d8efb7e5648e1cf3dad87066c8575,CAHAPKQRRRHQPQHF,0.031768397532325646,TCRBV07-03,TCRBJ01-05
002d8efb7e5648e1cf3dad87066c8575,CASSFYGGNWYGYTF,0.03119779939696757,TCRBV05-04,TCRBJ01-02
002d8efb7e5648e1cf3dad87066c8575,CASSSWGPYNYGYTF,0.030886628636937336,TCRBV28-01,TCRBJ01-02
002d8efb7e5648e1cf3dad87066c8575,CASGYWGYGYTF,0.030397486268465175,TCRBV27-01,TCRBJ01-02
002d8efb7e5648e1cf3dad87066c8575,CAISVFYWYYGYTF,0.03022859814652314,TCRBV10-03,TCRBJ01-02
002d8efb7e5648e1cf3dad87066c8575,CAWGHGYGYTF,0.03001530560301986,TCRBV30-01,TCRBJ01-02
002d8efb7e5648e1cf3dad87066c8575,CASSYSWGPGGYTF,0.0299539609784129,TCRBV06-05,TCRBJ01-02
002d8efb7e5648e1cf3dad87066c8575,CASSYRGWYGYTF,0.029206921725997155,TCRBV06-02/06-03,TCRBJ01-02
002d8efb7e5648e1cf3dad87066c8575,CAWGTWAEAFF,0.0291610101126405,TCRBV30-01,TCRBJ01-01
002d8efb7e5648e1cf3dad87066c8575,CAWIPAWEAFF,0.029106061464594383,TCRBV30-01,TCRBJ01-01
002d8efb7e5648e1cf3dad87066c8575,CATGGPYYGYTF,0.029058798484968937,TCRBV10-03,TCRBJ01-02
002d8efb7e5648e1cf3dad87066c8575,CSAHPPQGHPNQPQHF,0.029047106167421184,TCRBV20-X,TCRBJ01-05
002d8efb7e5648e1cf3dad87066c8575,CASSGWGGASNYGYTF,0.028841630144033556,TCRBV07-02,TCRBJ01-02
002d8efb7e5648e1cf3dad87066c8575,CASTYYSGHYGYTF,0.02881123717230103,TCRBV06-05,TCRBJ01-02
002d8efb7e5648e1cf3dad87066c8575,CGVFGYYGYTF,0.028786482238964683,TCRBV28-01,TCRBJ01-02
002d8efb7e5648e1cf3dad87066c8575,CASSYYRGYGYTF,0.02878078530984553,TCRBV06-05,TCRBJ01-02
002d8efb7e5648e1cf3dad87066c8575,CASSYWRGNYGYTF,0.02865860296108204,TCRBV06-05,TCRBJ01-02
002d8efb7e5648e1cf3dad87066c8575,CAWGGVYYGYTF,0.02849314347757728,TCRBV30-01,TCRBJ01-02
002d8efb7e5648e1cf3dad87066c8575,CASSYYNRGGYTF,0.0284504363584265,TCRBV06-05,TCRBJ01-02
002d8efb7e5648e1cf3dad87066c8575,CASSYKGWGNYGYTF,0.028423050695170437,TCRBV06-02/06-03,TCRBJ01-02
002d8efb7e5648e1cf3dad87066c8575,CASSPKDTWRKFF,0.028330298080182805,TCRBV05-06,TCRBJ02-01
002d8efb7e5648e1cf3dad87066c8575,IYTF,0.028327892798299455,TCRBV10-01,TCRBJ01-02
002d8efb7e5648e1cf3dad87066c8575,YTF,0.028244624520179718,TCRBV20-01,TCRBJ01-02
002d8efb7e5648e1cf3dad87066c8575,CASSYFGGGNNYGYTF,0.02819282056533603,TCRBV28-01,TCRBJ01-02
002d8efb7e5648e1cf3dad87066c8575,CSAPYYGYTF,0.028122860329746948,TCRBV20-01,TCRBJ01-02
002d8efb7e5648e1cf3dad87066c8575,CAWMGHYYGYTF,0.02812048843970971,TCRBV30-01,TCRBJ01-02
002d8efb7e5648e1cf3dad87066c8575,CASSYWGRANYGYTF,0.02796124568037766,TCRBV05-06,TCRBJ01-02
002d8efb7e5648e1cf3dad87066c8575,CASSYWTGGYGYTF,0.027932948138808218,TCRBV07-09,TCRBJ01-02
002d8efb7e5648e1cf3dad87066c8575,TIYF,0.027874853579286957,TCRBV10-01,TCRBJ01-03
002d8efb7e5648e1cf3dad87066c8575,CASSYASYYGYTF,0.027866281603800988,TCRBV06-05,TCRBJ01-02
002d8efb7e5648e1cf3dad87066c8575,CASSYWGQGAYYEQYF,0.027861594585068143,TCRBV05-08,TCRBJ02-07
002d8efb7e5648e1cf3dad87066c8575,CSGYFVWGGSYGYTF,0.027842589577237037,TCRBV20-X,TCRBJ01-02
002d8efb7e5648e1cf3dad87066c8575,WDEAFF,0.027780812027643712,TCRBV21-01,TCRBJ01-01
002d8efb7e5648e1cf3dad87066c8575,CASCTGGYYGYTF,0.02772318872956711,TCRBV28-01,TCRBJ01-02
002d8efb7e5648e1cf3dad87066c8575,CASSWGNYYGYTF,0.02768292313081394,TCRBV11-02,TCRBJ01-02
002d8efb7e5648e1cf3dad87066c8575,CASSYSTGYYGYTF,0.027645729643180673,TCRBV06-05,TCRBJ01-02
002d8efb7e5648e1cf3dad87066c8575,CASSYSGWGGYTF,0.02762922956034922,TCRBV06-05,TCRBJ01-02
002d8efb7e5648e1cf3dad87066c8575,CASGGYYGYTF,0.02755365292959195,TCRBV12-05,TCRBJ01-02
002d8efb7e5648e1cf3dad87066c8575,CARSTRHPHPHYGYTF,0.02754586028123883,TCRBV05-03,TCRBJ01-02
002d8efb7e5648e1cf3dad87066c8575,CASSYPWGYGYTF,0.027428454463505517,TCRBV28-01,TCRBJ01-02
002d8efb7e5648e1cf3dad87066c8575,CASSYFTGYHYGYTF,0.027338653298792145,TCRBV06-05,TCRBJ01-02
002d8efb7e5648e1cf3dad87066c8575,CASSYYRGNYGYTF,0.027306088512985917,TCRBV06-05,TCRBJ01-02
002d8efb7e5648e1cf3dad87066c8575,CASHHWGYTF,0.027274105399939765,TCRBV10-01,TCRBJ01-02
002d8efb7e5648e1cf3dad87066c8575,CAWGGPPNYGYTF,0.027267388735960248,TCRBV30-01,TCRBJ01-02
002d8efb7e5648e1cf3dad87066c8575,YSSPLHF,0.027261998226896414,TCRBV19-01,TCRBJ01-06
002d8efb7e5648e1cf3dad87066c8575,CASSPPPHF,0.02717966351723894,TCRBV28-01,TCRBJ01-05
002d8efb7e5648e1cf3dad87066c8575,CASGGWTGPNYGYTF,0.02717547166562433,TCRBV28-01,TCRBJ01-02
002d8efb7e5648e1cf3dad87066c8575,CIYVGRGYGYTF,0.027076658679389548,TCRBV28-01,TCRBJ01-02
002d8efb7e5648e1cf3dad87066c8575,CASRGGQGAQGAAGYTF,0.02697672429760226,TCRBV06-X,TCRBJ01-02
002d8efb7e5648e1cf3dad87066c8575,CASWEWGAGGGYTF,0.026933008948971774,TCRBV05-04,TCRBJ01-02
002d8efb7e5648e1cf3dad87066c8575,CASSLPIVGYTF,0.026918992684788104,TCRBV28-01,TCRBJ01-02
002d8efb7e5648e1cf3dad87066c8575,CASSFGPYYGYTF,0.02687122832253004,TCRBV28-01,TCRBJ01-02
002d8efb7e5648e1cf3dad87066c8575,CAVVYGGTYNYGYTF,0.026869097782449138,TCRBV28-01,TCRBJ01-02
002d8efb7e5648e1cf3dad87066c8575,CASSYRGSHYYGYTF,0.026811568375964066,TCRBV06-05,TCRBJ01-02
002d8efb7e5648e1cf3dad87066c8575,CASSYWPGGGYGYTF,0.026794162886618553,TCRBV06-05,TCRBJ01-02
002d8efb7e5648e1cf3dad87066c8575,CASSYNRFSYNYGYTF,0.02678728612334035,TCRBV06-05,TCRBJ01-02
002d8efb7e5648e1cf3dad87066c8575,CASSYRTGYYGYTF,0.02674872416397293,TCRBV11-02,TCRBJ01-02
002d8efb7e5648e1cf3dad87066c8575,CASSFGVSLGGGYTF,0.02667596818513182,TCRBV28-01,TCRBJ01-02
002d8efb7e5648e1cf3dad87066c8575,CAWWGRAYGYTF,0.026641371837059023,TCRBV30-01,TCRBJ01-02
002d8efb7e5648e1cf3dad87066c8575,CAWYWTTEAFF,0.02663016820743478,TCRBV30-01,TCRBJ01-01
002d8efb7e5648e1cf3dad87066c8575,CASSYTGTPYWGYTF,0.026562139461657988,TCRBV27-01,TCRBJ01-02
002d8efb7e5648e1cf3dad87066c8575,CASCNGTGGLSSGNTIYF,0.026467839554472315,TCRBV18-01,TCRBJ01-03
002d8efb7e5648e1cf3dad87066c8575,CASFYRGYGYTF,0.026451730183679235,TCRBV06-X,TCRBJ01-02
002d8efb7e5648e1cf3dad87066c8575,CASSSWSGGGSYGYTF,0.026431797075637607,TCRBV28-01,TCRBJ01-02
002d8efb7e5648e1cf3dad87066c8575,CAWSVPWVWGGFTEAFF,0.026382638329743975,TCRBV30-01,TCRBJ01-01
002d8efb7e5648e1cf3dad87066c8575,CACHQPQHF,0.02636198633934137,TCRBV30-01,TCRBJ01-05
002d8efb7e5648e1cf3dad87066c8575,RDWRNTIYF,0.02635716001573319,TCRBV05-03,TCRBJ01-03
002d8efb7e5648e1cf3dad87066c8575,CASSHPNYGWGYTF,0.026348265312086828,TCRBV03-01/03-02,TCRBJ01-02
002d8efb7e5648e1cf3dad87066c8575,CWGGHFNQPQHF,0.02623047575316611,TCRBV19-01,TCRBJ01-05
002d8efb7e5648e1cf3dad87066c8575,F,0.026169052647139833,TCRBV29-01,TCRBJ01-05
002d8efb7e5648e1cf3dad87066c8575,RCAFF,0.02615521072019305,TCRBV28-01,TCRBJ01-01
002d8efb7e5648e1cf3dad87066c8575,CASTGAGGAWEWSTEAFF,0.02612691884216312,TCRBV05-08,TCRBJ01-01
002d8efb7e5648e1cf3dad87066c8575,CASWGVPEAFF,0.026125887574895812,TCRBV06-05,TCRBJ01-01
002d8efb7e5648e1cf3dad87066c8575,CASSYAVYYGYTF,0.026122762167110816,TCRBV06-02/06-03,TCRBJ01-02
002d8efb7e5648e1cf3dad87066c8575,CASSHYGQPHQPQHF,0.02608176525110556,TCRBV16-01,TCRBJ01-05
002d8efb7e5648e1cf3dad87066c8575,CASSYYWRGPSYEQYF,0.02607842849752533,TCRBV06-05,TCRBJ02-07
002d8efb7e5648e1cf3dad87066c8575,CASSFGNYNYGYTF,0.02605796288416206,TCRBV07-08,TCRBJ01-02
002d8efb7e5648e1cf3dad87066c8575,CASSQDWWSRYF,0.026050822365500922,TCRBV03-01/03-02,TCRBJ02-05
002d8efb7e5648e1cf3dad87066c8575,CASSYWGGYTF,0.026047112951640868,TCRBV06-06,TCRBJ01-02
002d8efb7e5648e1cf3dad87066c8575,CASSYMGYGYTF,0.026023030151533972,TCRBV28-01,TCRBJ01-02
002d8efb7e5648e1cf3dad87066c8575,CASWGPGGGVHYGYTF,0.02599438847919094,TCRBV03-01/03-02,TCRBJ01-02
002d8efb7e5648e1cf3dad87066c8575,CAWSDVLKNYGYTF,0.025988061526562512,TCRBV30-01,TCRBJ01-02
002d8efb7e5648e1cf3dad87066c8575,CSVAGPYYGYTF,0.02592651809373289,TCRBV29-01,TCRBJ01-02
002d8efb7e5648e1cf3dad87066c8575,CWGQPQHF,0.0259226076748219,TCRBV14-01,TCRBJ01-05
002d8efb7e5648e1cf3dad87066c8575,CASRGWGNYGYTF,0.025901840003011493,TCRBV02-01,TCRBJ01-02
002d8efb7e5648e1cf3dad87066c8575,CASRAGGFYNYGYTF,0.025828488743288046,TCRBV28-01,TCRBJ01-02
002d8efb7e5648e1cf3dad87066c8575,CCYTF,0.025826818091107102,TCRBV28-01,TCRBJ01-02
01e9246af798ef6ef51bcde6176916f0,YF,0.043498104297022874,TCRBV03-01/03-02,TCRBJ02-07
01e9246af798ef6ef51bcde6176916f0,KEYF,0.0345174346477446,TCRBV24-01,TCRBJ02-07
01e9246af798ef6ef51bcde6176916f0,CAWTGYPYYGYTF,0.03300447938660977,TCRBV30-01,TCRBJ01-02
01e9246af798ef6ef51bcde6176916f0,CASSYWYYTF,0.03260479390052975,TCRBV06-06,TCRBJ01-02
01e9246af798ef6ef51bcde6176916f0,CAWGTEGGMEGTF,0.03228360250126311,TCRBV30-01,TCRBJ01-02
01e9246af798ef6ef51bcde6176916f0,CASSSSGGTFWGGGYTF,0.03208006133319782,TCRBV07-08,TCRBJ01-02
01e9246af798ef6ef51bcde6176916f0,CASSYYRSYGYTF,0.030604364363679207,TCRBV06-05,TCRBJ01-02
01e9246af798ef6ef51bcde6176916f0,CAWGAWVTIF,0.030387832621267156,TCRBV30-01,TCRBJ02-01
01e9246af798ef6ef51bcde6176916f0,CASSYSGWNRWWDRNTEAFF,0.030387196877580132,TCRBV06-X,TCRBJ01-01
01e9246af798ef6ef51bcde6176916f0,GYYGYTF,0.030018580386663992,TCRBV12-X,TCRBJ01-02
01e9246af798ef6ef51bcde6176916f0,CASSYTTGWYYGYTF,0.029807665313459204,TCRBV06-06,TCRBJ01-02
01e9246af798ef6ef51bcde6176916f0,CASSYTGYYGYTF,0.02940653317683606,TCRBV06-06,TCRBJ01-02
01e9246af798ef6ef51bcde6176916f0,CASSHPWAAPYF,0.029322249441962645,TCRBV21-01,TCRBJ02-07
01e9246af798ef6ef51bcde6176916f0,CASSPWGNPNYGYTF,0.0287204308319966,TCRBV27-01,TCRBJ01-02
01e9246af798ef6ef51bcde6176916f0,WGGTQYF,0.028585165583053553,TCRBV05-03,TCRBJ02-05
01e9246af798ef6ef51bcde6176916f0,CSARDNGYIYGYTF,0.028572991492486922,TCRBV20-X,TCRBJ01-02
01e9246af798ef6ef51bcde6176916f0,CAWNWVYWGYTF,0.02840662993692135,TCRBV30-01,TCRBJ01-02
01e9246af798ef6ef51bcde6176916f0,CAWSKPGYWYF,0.02825193818364104,TCRBV30-01,TCRBJ02-05
01e9246af798ef6ef51bcde6176916f0,CAWSVWGAVGVTEAFF,0.0282088876613015,TCRBV30-01,TCRBJ01-01
01e9246af798ef6ef51bcde6176916f0,CAWTWAGVIYF,0.02815950919596856,TCRBV30-01,TCRBJ01-03
01e9246af798ef6ef51bcde6176916f0,CITWGGFGYGYTF,0.028096610946493364,TCRBV20-X,TCRBJ01-02
01e9246af798ef6ef51bcde6176916f0,CASRPNGGWNYGYTF,0.02808743742009916,TCRBV19-01,TCRBJ01-02
01e9246af798ef6ef51bcde6176916f0,CAWSPGGYYGYTF,0.028000898635587773,TCRBV30-01,TCRBJ01-02
01e9246af798ef6ef51bcde6176916f0,CSYAYGYTF,0.027799183256020783,TCRBV29-01,TCRBJ01-02
01e9246af798ef6ef51bcde6176916f0,CSAYYRAGYGYTF,0.0277352184229402,TCRBV20-X,TCRBJ01-02
01e9246af798ef6ef51bcde6176916f0,CARYRGWGYTF,0.027683834417960095,TCRBV21-01,TCRBJ01-02
01e9246af798ef6ef51bcde6176916f0,WSPWTGGFYGYTF,0.02766961011093193,TCRBV07-04,TCRBJ01-02
01e9246af798ef6ef51bcde6176916f0,CASSYSTGYYGYTF,0.027645729643180673,TCRBV06-05,TCRBJ01-02
01e9246af798ef6ef51bcde6176916f0,CASHVARKFF,0.027554168789064235,TCRBV28-01,TCRBJ02-01
01e9246af798ef6ef51bcde6176916f0,CSAYTGSYYGYTF,0.027549143152326202,TCRBV20-X,TCRBJ01-02
01e9246af798ef6ef51bcde6176916f0,CASRWWTGWYQPQHF,0.027539053048141887,TCRBV07-07,TCRBJ01-05
01e9246af798ef6ef51bcde6176916f0,CASSHTGGYTNYGYTF,0.027341404927554477,TCRBV28-01,TCRBJ01-02
01e9246af798ef6ef51bcde6176916f0,CASSYGPGWGYTF,0.02708795852941393,TCRBV06-05,TCRBJ01-02
01e9246af798ef6ef51bcde6176916f0,RASSPPPGPPHTQYF,0.02700688507826743,TCRBV07-03,TCRBJ02-03
01e9246af798ef6ef51bcde6176916f0,CASSGYRVGYYGYTF,0.026910700271850146,TCRBV28-01,TCRBJ01-02
01e9246af798ef6ef51bcde6176916f0,CAWHPEAFF,0.026892508444401966,TCRBV30-01,TCRBJ01-01
01e9246af798ef6ef51bcde6176916f0,CSAYDWYF,0.02685702990141804,TCRBV20-01,TCRBJ02-07
01e9246af798ef6ef51bcde6176916f0,CASHPGHGYTF,0.026850400653970957,TCRBV06-X,TCRBJ01-02
01e9246af798ef6ef51bcde6176916f0,CASSYWGGHGYTF,0.0267865464878936,TCRBV12-03/12-04,TCRBJ01-02
01e9246af798ef6ef51bcde6176916f0,CATSRDFYKRFGYQPQHF,0.026715543990340495,TCRBV15-01,TCRBJ01-05
01e9246af798ef6ef51bcde6176916f0,CAWSVWDRVWGYTF,0.02663921265700639,TCRBV30-01,TCRBJ01-02
01e9246af798ef6ef51bcde6176916f0,CASSYYRGTNYGYTF,0.026638016448705632,TCRBV06-02/06-03,TCRBJ01-02
01e9246af798ef6ef51bcde6176916f0,CASSYQGYYGYTF,0.026619069545375535,TCRBV28-01,TCRBJ01-02
01e9246af798ef6ef51bcde6176916f0,CAWYTGPPRYGYTF,0.02652146124729899,TCRBV30-01,TCRBJ01-02
01e9246af798ef6ef51bcde6176916f0,CASSYYQGNYGYTF,0.026442853534390777,TCRBV06-02/06-03,TCRBJ01-02
01e9246af798ef6ef51bcde6176916f0,CASSYEGYYGYTF,0.026408117617327226,TCRBV06-02/06-03,TCRBJ01-02
01e9246af798ef6ef51bcde6176916f0,CAWVWDRVEVNTEAFF,0.02640449967585665,TCRBV30-01,TCRBJ01-01
01e9246af798ef6ef51bcde6176916f0,CASHGGWYGYTF,0.026369274110651472,TCRBV19-01,TCRBJ01-02
01e9246af798ef6ef51bcde6176916f0,CACASAEAFF,0.0263649605782568,TCRBV30-01,TCRBJ01-01
01e9246af798ef6ef51bcde6176916f0,CASNPRGRLPWGYGYTF,0.026362789535266707,TCRBV06-X,TCRBJ01-02
01e9246af798ef6ef51bcde6176916f0,CATFGGYYGYTF,0.026299027249532207,TCRBV27-01,TCRBJ01-02
01e9246af798ef6ef51bcde6176916f0,CASNPNPRWF,0.02621156749462241,TCRBV02-01,TCRBJ02-07
01e9246af798ef6ef51bcde6176916f0,CASSKGWKAFF,0.02614292979650783,TCRBV21-01,TCRBJ01-01
01e9246af798ef6ef51bcde6176916f0,CATDPWYF,0.026079335314575278,TCRBV07-X,TCRBJ02-07
01e9246af798ef6ef51bcde6176916f0,CAWSWEGGYTF,0.026068709770015897,TCRBV30-01,TCRBJ01-02
01e9246af798ef6ef51bcde6176916f0,CAWGAWGTEAFF,0.026061274395862154,TCRBV30-01,TCRBJ01-01
01e9246af798ef6ef51bcde6176916f0,CSAIAPF,0.02600504492788257,TCRBV20-01,TCRBJ01-01
01e9246af798ef6ef51bcde6176916f0,CAWSVWGKGGIF,0.025974294684374996,TCRBV30-01,TCRBJ02-07
01e9246af798ef6ef51bcde6176916f0,CAWSTWAVGWSGYGYTF,0.0259193388968593,TCRBV30-01,TCRBJ01-02
01e9246af798ef6ef51bcde6176916f0,RQPQHF,0.025905557856298327,TCRBV19-01,TCRBJ01-05
01e9246af798ef6ef51bcde6176916f0,CASSKWGGHPSYGYTF,0.025774943819566618,TCRBV21-01,TCRBJ01-02
01e9246af798ef6ef51bcde6176916f0,CASSLSASSFWFF,0.025751487329546317,TCRBV28-01,TCRBJ02-01
01e9246af798ef6ef51bcde6176916f0,CASSYSTGGYTGYTF,0.02571024995435417,TCRBV06-05,TCRBJ01-02
01e9246af798ef6ef51bcde6176916f0,CASHPQGPHYGYTF,0.025683752650335828,TCRBV28-01,TCRBJ01-02
01e9246af798ef6ef51bcde6176916f0,CATWNIAGGPDTGELFF,0.025650994650876554,TCRBV07-09,TCRBJ02-02
01e9246af798ef6ef51bcde6176916f0,CASSYWGTGSYGYTF,0.025628718160458638,TCRBV06-05,TCRBJ01-02
01e9246af798ef6ef51bcde6176916f0,CASSYAPGGYYGYTF,0.025620172922816136,TCRBV07-02,TCRBJ01-02
01e9246af798ef6ef51bcde6176916f0,CASSHGGTPHAYGYTF,0.025596504223663646,TCRBV04-02,TCRBJ01-02
01e9246af798ef6ef51bcde6176916f0,CASNPYGTGGSWGSTDTQYF,0.02558590379696702,TCRBV27-01,TCRBJ02-03
01e9246af798ef6ef51bcde6176916f0,RGNYGYTF,0.02556459995053998,TCRBV21-01,TCRBJ01-02
01e9246af798ef6ef51bcde6176916f0,CASKS,0.025517834365849208,TCRBV05-01,TCRBJ02-07
01e9246af798ef6ef51bcde6176916f0,CASSSWDWNYGYTF,0.025471338515008865,TCRBV06-02/06-03,TCRBJ01-02
01e9246af798ef6ef51bcde6176916f0,CASSIYTGYNYGYTF,0.025433095260759746,TCRBV19-01,TCRBJ01-02
01e9246af798ef6ef51bcde6176916f0,CASSPHPGPPLHF,0.025427489221409635,TCRBV18-01,TCRBJ01-06
01e9246af798ef6ef51bcde6176916f0,CAWSLWGGGFYGYTF,0.0254027513537949,TCRBV30-01,TCRBJ01-02
01e9246af798ef6ef51bcde6176916f0,CAWRGLGQGLAKLFF,0.025345828034542224,TCRBV30-01,TCRBJ01-04
01e9246af798ef6ef51bcde6176916f0,CSANSYYYPYEQYF,0.025335524478586554,TCRBV20-X,TCRBJ02-07
01e9246af798ef6ef51bcde6176916f0,CAWSPEAFF,0.02532234293913098,TCRBV30-01,TCRBJ01-01
01e9246af798ef6ef51bcde6176916f0,CASSGPYYGYTF,0.025317585806289296,TCRBV28-01,TCRBJ01-02
01e9246af798ef6ef51bcde6176916f0,CAWTRAGGPNYGYTF,0.02531212367935115,TCRBV30-01,TCRBJ01-02
01e9246af798ef6ef51bcde6176916f0,CAWYRVLAFF,0.025292464234834177,TCRBV30-01,TCRBJ01-01
01e9246af798ef6ef51bcde6176916f0,CAILEDRAPWKAFF,0.025276832856982696,TCRBV10-03,TCRBJ01-01
01e9246af798ef6ef51bcde6176916f0,CAWGGWAVYGYTF,0.025236953180374073,TCRBV30-01,TCRBJ01-02
01e9246af798ef6ef51bcde6176916f0,CAPAGANVLTF,0.02517835965562257,TCRBV10-03,TCRBJ02-06
01e9246af798ef6ef51bcde6176916f0,CATSDPPPSYEQYF,0.02514365229045005,TCRBV24-01,TCRBJ02-07
01e9246af798ef6ef51bcde6176916f0,CASSYKLAHVHGYTF,0.025138247170527,TCRBV06-02/06-03,TCRBJ01-02
01e9246af798ef6ef51bcde6176916f0,CASSYYQGYNQPQHF,0.025116750387597267,TCRBV06-02/06-03,TCRBJ01-05
01e9246af798ef6ef51bcde6176916f0,CAKKGGRMYGYTF,0.02510135316532653,TCRBV07-06,TCRBJ01-02
01e9246af798ef6ef51bcde6176916f0,CASSPWGPGGNYGYTF,0.025076500377182894,TCRBV18-01,TCRBJ01-02
01e9246af798ef6ef51bcde6176916f0,CAWGPHEGYTF,0.02504510679353376,TCRBV30-01,TCRBJ01-02
01e9246af798ef6ef51bcde6176916f0,CASSPYGPF,0.025037878752510675,TCRBV09-01,TCRBJ01-02
01e9246af798ef6ef51bcde6176916f0,CASTPTGGYNYGYTF,0.025036812253783108,TCRBV05-08,TCRBJ01-02
01e9246af798ef6ef51bcde6176916f0,CASKTFWGFNYGYTF,0.025031289866149498,TCRBV28-01,TCRBJ01-02
01e9246af798ef6ef51bcde6176916f0,CASSPWGGAANYGYTF,0.02501315261005892,TCRBV06-X,TCRBJ01-02
01e9246af798ef6ef51bcde6176916f0,CASSYDSYYGYTF,0.025012049345321103,TCRBV06-02/06-03,TCRBJ01-02
01e9246af798ef6ef51bcde6176916f0,CASCTGGFSNYGYTF,0.024986637966991326,TCRBV28-01,TCRBJ01-02
01e9246af798ef6ef51bcde6176916f0,CSANYGANYGYTF,0.024979725419368937,TCRBV20-X,TCRBJ01-02
01e9246af798ef6ef51bcde6176916f0,CAWSVSGWWTEAFF,0.02497718504372054,TCRBV30-01,TCRBJ01-01
01e9246af798ef6ef51bcde6176916f0,CAWWASGYGYTF,0.02495142969758709,TCRBV30-01,TCRBJ01-02
01e9246af798ef6ef51bcde6176916f0,CASSWWAGGANVLTF,0.024919063350983983,TCRBV28-01,TCRBJ02-06
04ba4d6eb9e1c8156e1f3b220b5b7288,WGF,0.05101539774530062,TCRBV09-01,TCRBJ01-02
04ba4d6eb9e1c8156e1f3b220b5b7288,CASYWGYGYTF,0.03286772401372835,TCRBV06-X,TCRBJ01-02
04ba4d6eb9e1c8156e1f3b220b5b7288,CAWSYIYGYTF,0.03220904048400184,TCRBV30-01,TCRBJ01-02
04ba4d6eb9e1c8156e1f3b220b5b7288,CASSRVGIGTDQPGANVLTF,0.0316881895157077,TCRBV07-08,TCRBJ02-06
04ba4d6eb9e1c8156e1f3b220b5b7288,CAIWWKVF,0.031599501488986506,TCRBV21-01,TCRBJ02-01
04ba4d6eb9e1c8156e1f3b220b5b7288,CASSSFYGFYNYGYTF,0.03158014042046383,TCRBV07-02,TCRBJ01-02
04ba4d6eb9e1c8156e1f3b220b5b7288,CASSYIYRVFYGYTF,0.03129588616744349,TCRBV06-06,TCRBJ01-02
04ba4d6eb9e1c8156e1f3b220b5b7288,CASSYYSYGYTF,0.03102987904602716,TCRBV07-02,TCRBJ01-02
04ba4d6eb9e1c8156e1f3b220b5b7288,CASSYGPYYGYTF,0.030666648058650485,TCRBV06-05,TCRBJ01-02
04ba4d6eb9e1c8156e1f3b220b5b7288,CASSYSYYGYTF,0.030263355563056,TCRBV03-01/03-02,TCRBJ01-02
04ba4d6eb9e1c8156e1f3b220b5b7288,CASSYYGNYGYTF,0.030114868004771117,TCRBV06-02/06-03,TCRBJ01-02
04ba4d6eb9e1c8156e1f3b220b5b7288,CASGKPTGLPFYGYTF,0.03004553804405367,TCRBV06-X,TCRBJ01-02
04ba4d6eb9e1c8156e1f3b220b5b7288,CASSWGPYVNYGYTF,0.029730577510133596,TCRBV02-01,TCRBJ01-02
04ba4d6eb9e1c8156e1f3b220b5b7288,CASSYGGNTWGGYTF,0.02965890413837912,TCRBV07-02,TCRBJ01-02
04ba4d6eb9e1c8156e1f3b220b5b7288,CAWGPGPFYGYTF,0.0295643668382164,TCRBV30-01,TCRBJ01-02
04ba4d6eb9e1c8156e1f3b220b5b7288,CASSYTGYYGYTF,0.02940653317683606,TCRBV07-02,TCRBJ01-02
04ba4d6eb9e1c8156e1f3b220b5b7288,CASSASNWGGGNYGYTF,0.029352671007124194,TCRBV09-01,TCRBJ01-02
04ba4d6eb9e1c8156e1f3b220b5b7288,CASSYRGYYGYTF,0.029339816654641023,TCRBV06-05,TCRBJ01-02
04ba4d6eb9e1c8156e1f3b220b5b7288,CASSYWGGYGYTF,0.029104491680632637,TCRBV06-05,TCRBJ01-02
04ba4d6eb9e1c8156e1f3b220b5b7288,GWGIRNYGYTF,0.02900017607374293,TCRBV20-01,TCRBJ01-02
04ba4d6eb9e1c8156e1f3b220b5b7288,KQYF,0.028998673928201123,TCRBV13-01,TCRBJ02-03
04ba4d6eb9e1c8156e1f3b220b5b7288,SPLHF,0.028702754903381318,TCRBV03-01/03-02,TCRBJ01-06
04ba4d6eb9e1c8156e1f3b220b5b7288,CASSYDWWGAWADTQYF,0.02865702673310333,TCRBV02-01,TCRBJ02-03
04ba4d6eb9e1c8156e1f3b220b5b7288,CAWSPGWGYGYTF,0.028607864159624415,TCRBV30-01,TCRBJ01-02
04ba4d6eb9e1c8156e1f3b220b5b7288,CASSWGGWDYGYTF,0.028486777076172823,TCRBV05-08,TCRBJ01-02
04ba4d6eb9e1c8156e1f3b220b5b7288,CASSYGYYGYTF,0.028340804233801975,TCRBV07-09,TCRBJ01-02
04ba4d6eb9e1c8156e1f3b220b5b7288,CASSFSGYYYGYTF,0.028334927082934457,TCRBV05-06,TCRBJ01-02
04ba4d6eb9e1c8156e1f3b220b5b7288,CAWNGFGYGYTF,0.028203097516565447,TCRBV30-01,TCRBJ01-02
04ba4d6eb9e1c8156e1f3b220b5b7288,CAWGYYYEQYF,0.028191798295791964,TCRBV30-01,TCRBJ02-07
04ba4d6eb9e1c8156e1f3b220b5b7288,CASSYYGTSGSWYF,0.028120304365707973,TCRBV06-05,TCRBJ02-07
04ba4d6eb9e1c8156e1f3b220b5b7288,CAWGGGYGYTF,0.028105245212949503,TCRBV30-01,TCRBJ01-02
04ba4d6eb9e1c8156e1f3b220b5b7288,CASSYSWGNYGYTF,0.028068590131335357,TCRBV06-05,TCRBJ01-02
04ba4d6eb9e1c8156e1f3b220b5b7288,CAWSWVWGYTF,0.02805241212078419,TCRBV30-01,TCRBJ01-02
04ba4d6eb9e1c8156e1f3b220b5b7288,CASYRPYGYTF,0.02802139494221936,TCRBV28-01,TCRBJ01-02
04ba4d6eb9e1c8156e1f3b220b5b7288,CASSWHF,0.028017648369493817,TCRBV19-01,TCRBJ01-05
04ba4d6eb9e1c8156e1f3b220b5b7288,CASSLWDRVTEAFF,0.028008751397592863,TCRBV05-01,TCRBJ01-01
04ba4d6eb9e1c8156e1f3b220b5b7288,CASSYRGFYYGYTF,0.02797201434241277,TCRBV28-01,TCRBJ01-02
04ba4d6eb9e1c8156e1f3b220b5b7288,CAWSYIGGYGYTF,0.027882395740530228,TCRBV30-01,TCRBJ01-02
04ba4d6eb9e1c8156e1f3b220b5b7288,CASSYTGYNYGYTF,0.027835174005515925,TCRBV12-X,TCRBJ01-02
04ba4d6eb9e1c8156e1f3b220b5b7288,CASSYWSQYYGYTF,0.027831937049556728,TCRBV06-06,TCRBJ01-02
04ba4d6eb9e1c8156e1f3b220b5b7288,CAWGHYEAFF,0.027819276597597004,TCRBV30-01,TCRBJ01-01
04ba4d6eb9e1c8156e1f3b220b5b7288,CASSYNSWGGYTF,0.027797601397615126,TCRBV06-05,TCRBJ01-02
04ba4d6eb9e1c8156e1f3b220b5b7288,CASGVPSYYYGYTF,0.027747196908221385,TCRBV28-01,TCRBJ01-02
04ba4d6eb9e1c8156e1f3b220b5b7288,CASGGGPYYGYTF,0.02765552754042661,TCRBV02-01,TCRBJ01-02
04ba4d6eb9e1c8156e1f3b220b5b7288,CASSYSTGYYGYTF,0.02764570721156523,TCRBV06-02/06-03,TCRBJ01-02
04ba4d6eb9e1c8156e1f3b220b5b7288,CASSYSAYYGYTF,0.02760993528127876,TCRBV06-05,TCRBJ01-02
04ba4d6eb9e1c8156e1f3b220b5b7288,CASGGYYGYTF,0.02755366410910952,TCRBV02-01,TCRBJ01-02
04ba4d6eb9e1c8156e1f3b220b5b7288,CATWWGGYAEAFF,0.027545927339977117,TCRBV06-05,TCRBJ01-01
04ba4d6eb9e1c8156e1f3b220b5b7288,CASSSSYTGGSGGYTF,0.02749978376356661,TCRBV06-05,TCRBJ01-02
04ba4d6eb9e1c8156e1f3b220b5b7288,CAWSVWEGGYTF,0.027444979622737124,TCRBV30-01,TCRBJ01-02
04ba4d6eb9e1c8156e1f3b220b5b7288,CSASHRHHYGYTF,0.02738857789055415,TCRBV20-X,TCRBJ01-02
04ba4d6eb9e1c8156e1f3b220b5b7288,CASWGGYGYTF,0.027387826882998356,TCRBV27-01,TCRBJ01-02
04ba4d6eb9e1c8156e1f3b220b5b7288,CASVYTGGVSAYGYTF,0.02734601324045594,TCRBV06-X,TCRBJ01-02
04ba4d6eb9e1c8156e1f3b220b5b7288,WKEGSRAFF,0.02723040950015949,TCRBV21-01,TCRBJ01-01
04ba4d6eb9e1c8156e1f3b220b5b7288,CASSWGWNYGYTF,0.02720178357309967,TCRBV07-02,TCRBJ01-02
04ba4d6eb9e1c8156e1f3b220b5b7288,CASWGPYGYTF,0.02715923968762269,TCRBV06-05,TCRBJ01-02
04ba4d6eb9e1c8156e1f3b220b5b7288,CASSYSSYFSPNYGYTF,0.027133861472973884,TCRBV06-X,TCRBJ01-02
04ba4d6eb9e1c8156e1f3b220b5b7288,CAWGGHPYGYTF,0.027088244422448542,TCRBV30-01,TCRBJ01-02
04ba4d6eb9e1c8156e1f3b220b5b7288,CASSWGGPYGYTF,0.027057006765067077,TCRBV12-03/12-04,TCRBJ01-02
04ba4d6eb9e1c8156e1f3b220b5b7288,CASSYGPYYNQPQHF,0.02705206928375338,TCRBV06-05,TCRBJ01-05
04ba4d6eb9e1c8156e1f3b220b5b7288,CASPHF,0.027046266862703824,TCRBV10-01,TCRBJ01-05
04ba4d6eb9e1c8156e1f3b220b5b7288,CASSSGWGFGWYF,0.026981864357084266,TCRBV02-01,TCRBJ02-07
04ba4d6eb9e1c8156e1f3b220b5b7288,CSAYRPWGYGYTF,0.026960338795042924,TCRBV20-X,TCRBJ01-02
04ba4d6eb9e1c8156e1f3b220b5b7288,CASNNYNGGNQPQHF,0.02692644736097332,TCRBV06-05,TCRBJ01-05
04ba4d6eb9e1c8156e1f3b220b5b7288,CASSYYRTGYGYTF,0.026875201509391825,TCRBV06-05,TCRBJ01-02
04ba4d6eb9e1c8156e1f3b220b5b7288,CATHPGPGYGYTF,0.02686098079240024,TCRBV06-05,TCRBJ01-02
04ba4d6eb9e1c8156e1f3b220b5b7288,CASSGWGGYPSYTF,0.026850796245797892,TCRBV07-02,TCRBJ01-02
04ba4d6eb9e1c8156e1f3b220b5b7288,CSAPGLAGVPGPKGTQYF,0.026846963604486115,TCRBV20-X,TCRBJ02-03
04ba4d6eb9e1c8156e1f3b220b5b7288,CASSYYRTYGYTF,0.026736718167810307,TCRBV06-02/06-03,TCRBJ01-02
04ba4d6eb9e1c8156e1f3b220b5b7288,CASSDPWGAYGYTF,0.026730395369818093,TCRBV25-01,TCRBJ01-02
04ba4d6eb9e1c8156e1f3b220b5b7288,CASCVPPQPQHF,0.026729133155566114,TCRBV02-01,TCRBJ01-05
04ba4d6eb9e1c8156e1f3b220b5b7288,CASRGTGYPYYGYTF,0.026717211657464615,TCRBV27-01,TCRBJ01-02
04ba4d6eb9e1c8156e1f3b220b5b7288,CASSYYRVGYGYTF,0.026668031711116015,TCRBV06-06,TCRBJ01-02
04ba4d6eb9e1c8156e1f3b220b5b7288,CAWNSWGYGYTF,0.026647582940157392,TCRBV30-01,TCRBJ01-02
04ba4d6eb9e1c8156e1f3b220b5b7288,CASSYGGYYTF,0.026631526306785336,TCRBV06-02/06-03,TCRBJ01-02
04ba4d6eb9e1c8156e1f3b220b5b7288,CASSYAGPYYGYTF,0.02663072905258478,TCRBV06-02/06-03,TCRBJ01-02
04ba4d6eb9e1c8156e1f3b220b5b7288,CASSWSYGSNYGYTF,0.02662410470632045,TCRBV05-06,TCRBJ01-02
04ba4d6eb9e1c8156e1f3b220b5b7288,CACDPGDPWANVLTF,0.026618087333612813,TCRBV06-X,TCRBJ02-06
04ba4d6eb9e1c8156e1f3b220b5b7288,CASSYSGTTPYYGYTF,0.02659608021292978,TCRBV06-05,TCRBJ01-02
04ba4d6eb9e1c8156e1f3b220b5b7288,CAWGGVYGYTF,0.026588254788171835,TCRBV30-01,TCRBJ01-02
04ba4d6eb9e1c8156e1f3b220b5b7288,CASSLWGFVTEAFF,0.026582618537722744,TCRBV05-04,TCRBJ01-01
04ba4d6eb9e1c8156e1f3b220b5b7288,CASWGYGYTF,0.02658092511320085,TCRBV02-01,TCRBJ01-02
04ba4d6eb9e1c8156e1f3b220b5b7288,CAWGPNYGYTF,0.026578793830032622,TCRBV30-01,TCRBJ01-02
04ba4d6eb9e1c8156e1f3b220b5b7288,CATSNWGPGQGPYSNQPQHF,0.026567678999192938,TCRBV15-01,TCRBJ01-05
04ba4d6eb9e1c8156e1f3b220b5b7288,CASIPKGHPNYGYTF,0.026523846611131007,TCRBV06-05,TCRBJ01-02
04ba4d6eb9e1c8156e1f3b220b5b7288,CAWSWGAEAFF,0.02650266726654998,TCRBV30-01,TCRBJ01-01
04ba4d6eb9e1c8156e1f3b220b5b7288,CASSGWGNYGYTF,0.026464900095706134,TCRBV02-01,TCRBJ01-02
04ba4d6eb9e1c8156e1f3b220b5b7288,CAWRAWGKGALWNTIYF,0.02645135412574283,TCRBV30-01,TCRBJ01-03
04ba4d6eb9e1c8156e1f3b220b5b7288,CASSAYQGYYGYTF,0.026403863789343587,TCRBV19-01,TCRBJ01-02
04ba4d6eb9e1c8156e1f3b220b5b7288,CVYGMGYGYTF,0.026395011957949747,TCRBV11-03,TCRBJ01-02
04ba4d6eb9e1c8156e1f3b220b5b7288,CASSNPYRGPYGYTF,0.026382175959498964,TCRBV28-01,TCRBJ01-02
04ba4d6eb9e1c8156e1f3b220b5b7288,CASGPQWGYAYGYTF,0.026331844704594598,TCRBV06-05,TCRBJ01-02
04ba4d6eb9e1c8156e1f3b220b5b7288,CASSYWGRGVYGYTF,0.02629125482312011,TCRBV06-05,TCRBJ01-02
04ba4d6eb9e1c8156e1f3b220b5b7288,CASIKGWTPNYGYTF,0.026268900772134323,TCRBV02-01,TCRBJ01-02
04ba4d6eb9e1c8156e1f3b220b5b7288,CASSYPIWGNTEAFF,0.026258294563994793,TCRBV06-02/06-03,TCRBJ01-01
04ba4d6eb9e1c8156e1f3b220b5b7288,CAWSAHPQGSYYYGYTF,0.026255705379873463,TCRBV30-01,TCRBJ01-02
04ba4d6eb9e1c8156e1f3b220b5b7288,CAWSYYSGGDGYTF,0.026244648900730267,TCRBV30-01,TCRBJ01-02
04ba4d6eb9e1c8156e1f3b220b5b7288,CAWSWGLWGYTF,0.0262311136663997,TCRBV30-01,TCRBJ01-02
04fb3dad383db34219f97b8913f540ab,WAFF,0.03968666676185859,TCRBV05-01,TCRBJ01-01
04fb3dad383db34219f97b8913f540ab,CASWAGGFFKGITEAFF,0.037788951555871524,TCRBV13-01,TCRBJ01-01
04fb3dad383db34219f97b8913f540ab,CASSPYWGYYGYTF,0.03543017098500243,TCRBV07-X,TCRBJ01-02
04fb3dad383db34219f97b8913f540ab,CASMIDRVKAFF,0.03518181928374325,TCRBV02-01,TCRBJ01-01
04fb3dad383db34219f97b8913f540ab,CASSYGWYYGYTF,0.03376398926337859,TCRBV06-02/06-03,TCRBJ01-02
04fb3dad383db34219f97b8913f540ab,CAWSWYYGYTF,0.0327879153700084,TCRBV30-01,TCRBJ01-02
04fb3dad383db34219f97b8913f540ab,CASSYWGGSNYGYTF,0.032373309871817586,TCRBV06-05,TCRBJ01-02
04fb3dad383db34219f97b8913f540ab,CASTWGWGNYGYTF,0.03236842207663451,TCRBV05-01,TCRBJ01-02
04fb3dad383db34219f97b8913f540ab,CAWSGGWGSNYGYTF,0.03231019686390935,TCRBV30-01,TCRBJ01-02
04fb3dad383db34219f97b8913f540ab,CASSYRHRDLSGANVLTF,0.03189271596498021,TCRBV06-X,TCRBJ02-06
04fb3dad383db34219f97b8913f540ab,CSAYYNYGYTF,0.03158888411902923,TCRBV20-01,TCRBJ01-02
04fb3dad383db34219f97b8913f540ab,CAWSWGGYGYTF,0.031140340733038407,TCRBV30-01,TCRBJ01-02
04fb3dad383db34219f97b8913f540ab,CASMGWWGYGYTF,0.03111038586533153,TCRBV14-01,TCRBJ01-02
04fb3dad383db34219f97b8913f540ab,CASSYYSGNNYGYTF,0.031089163837888293,TCRBV06-05,TCRBJ01-02
04fb3dad383db34219f97b8913f540ab,CASSPYYYGYTF,0.03106622440580626,TCRBV05-08,TCRBJ01-02
04fb3dad383db34219f97b8913f540ab,CASEGYWYYGYTF,0.03086771003827777,TCRBV19-01,TCRBJ01-02
04fb3dad383db34219f97b8913f540ab,CASGAQGRQGEGGNTIYF,0.030761230553461263,TCRBV12-05,TCRBJ01-03
04fb3dad383db34219f97b8913f540ab,CASSSYYYGYTF,0.030622047353440273,TCRBV06-05,TCRBJ01-02
04fb3dad383db34219f97b8913f540ab,CSARAYYYGYTF,0.03058932471825759,TCRBV20-X,TCRBJ01-02
04fb3dad383db34219f97b8913f540ab,CASRF,0.030354162971031693,TCRBV28-01,TCRBJ02-07
04fb3dad383db34219f97b8913f540ab,CASRYYYGYTF,0.030321521361269414,TCRBV19-01,TCRBJ01-02
04fb3dad383db34219f97b8913f540ab,CASTYPGGWNYGYTF,0.030233185146240675,TCRBV19-01,TCRBJ01-02
04fb3dad383db34219f97b8913f540ab,CASVRPGYYYGYTF,0.03001082351132898,TCRBV06-X,TCRBJ01-02
04fb3dad383db34219f97b8913f540ab,CASSNWGYANYGYTF,0.029957757570443676,TCRBV05-01,TCRBJ01-02
04fb3dad383db34219f97b8913f540ab,CASSPYPFPAPQPQHF,0.029952229111389537,TCRBV18-01,TCRBJ01-05
04fb3dad383db34219f97b8913f540ab,CASSSSGYSYYGYTF,0.029744925782215843,TCRBV14-01,TCRBJ01-02
04fb3dad383db34219f97b8913f540ab,CAARWWYGYTF,0.029501760331909568,TCRBV30-01,TCRBJ01-02
04fb3dad383db34219f97b8913f540ab,CASSYYPNYGYTF,0.02949222554201749,TCRBV06-05,TCRBJ01-02
04fb3dad383db34219f97b8913f540ab,CAWNYYSYGYTF,0.02926321993376441,TCRBV30-01,TCRBJ01-02
04fb3dad383db34219f97b8913f540ab,CASSSWGGSNYGYTF,0.029236846608261882,TCRBV11-02,TCRBJ01-02
04fb3dad383db34219f97b8913f540ab,HPPQHF,0.02919009211366246,TCRBV13-01,TCRBJ01-05
04fb3dad383db34219f97b8913f540ab,CAWSGYTQGYYGYTF,0.029066972702771098,TCRBV30-01,TCRBJ01-02
04fb3dad383db34219f97b8913f540ab,CASGWGGPNYGYTF,0.029040414647392734,TCRBV12-05,TCRBJ01-02
04fb3dad383db34219f97b8913f540ab,CASSYGAYYGYTF,0.028941835914216896,TCRBV06-05,TCRBJ01-02
04fb3dad383db34219f97b8913f540ab,CSASWWLAGGPDYNEQFF,0.02890616335176367,TCRBV20-01,TCRBJ02-01
04fb3dad383db34219f97b8913f540ab,CASSYSSWGGNYGYTF,0.028834774242400378,TCRBV06-05,TCRBJ01-02
04fb3dad383db34219f97b8913f540ab,CASSYSFNGYYGYTF,0.02863990602375285,TCRBV06-05,TCRBJ01-02
04fb3dad383db34219f97b8913f540ab,CASSYSVWGWWAFF,0.02850091239056376,TCRBV06-06,TCRBJ01-01
04fb3dad383db34219f97b8913f540ab,CASSYGPYYRGYTF,0.0284584873079094,TCRBV06-02/06-03,TCRBJ01-02
04fb3dad383db34219f97b8913f540ab,CASSWRHWGGYGYTF,0.0283372180627258,TCRBV27-01,TCRBJ01-02
04fb3dad383db34219f97b8913f540ab,CAWWSGYGYTF,0.028331417112453038,TCRBV30-01,TCRBJ01-02
04fb3dad383db34219f97b8913f540ab,CASTYTGGPFYGYTF,0.028288452169150744,TCRBV28-01,TCRBJ01-02
04fb3dad383db34219f97b8913f540ab,CAWSVMYTYGYTF,0.028264655572194135,TCRBV30-01,TCRBJ01-02
04fb3dad383db34219f97b8913f540ab,CAWNSGWGYGYTF,0.028131598575772358,TCRBV30-01,TCRBJ01-02
04fb3dad383db34219f97b8913f540ab,CAWGFPPYYGYTF,0.028103408750545927,TCRBV30-01,TCRBJ01-02
04fb3dad383db34219f97b8913f540ab,CAWAWSTEAFF,0.027989585657932685,TCRBV30-01,TCRBJ01-01
04fb3dad383db34219f97b8913f540ab,CAWMRYGYGYTF,0.027989165662960808,TCRBV30-01,TCRBJ01-02
04fb3dad383db34219f97b8913f540ab,CAWMGIWKGYTF,0.027929938022217424,TCRBV30-01,TCRBJ01-02
04fb3dad383db34219f97b8913f540ab,CTSSYNYGGNAGNTIYF,0.027917203537533145,TCRBV06-X,TCRBJ01-03
04fb3dad383db34219f97b8913f540ab,CAWGPGHFYGYTF,0.027894384245886035,TCRBV30-01,TCRBJ01-02
04fb3dad383db34219f97b8913f540ab,TQYF,0.027884071147928093,TCRBV10-01,TCRBJ02-05
04fb3dad383db34219f97b8913f540ab,TIYF,0.02787485196412951,TCRBV15-01,TCRBJ01-03
04fb3dad383db34219f97b8913f540ab,CASSYTSGYYGYTF,0.02787350010922652,TCRBV06-02/06-03,TCRBJ01-02
04fb3dad383db34219f97b8913f540ab,CASSYWPGGWYEQYF,0.02786107152059476,TCRBV06-05,TCRBJ02-07
04fb3dad383db34219f97b8913f540ab,CASSHPHAPYGYTF,0.027794344526660592,TCRBV06-05,TCRBJ01-02
04fb3dad383db34219f97b8913f540ab,CASSYTGYHYGYTF,0.02777686974210117,TCRBV14-01,TCRBJ01-02
04fb3dad383db34219f97b8913f540ab,CASSWWTGGYGYTF,0.027703739190469076,TCRBV06-05,TCRBJ01-02
04fb3dad383db34219f97b8913f540ab,CASSYSGSYYGYTF,0.027661724680623955,TCRBV06-05,TCRBJ01-02
04fb3dad383db34219f97b8913f540ab,CASCPGAGANVLTF,0.02766053195491913,TCRBV19-01,TCRBJ02-06
04fb3dad383db34219f97b8913f540ab,CASSPWGTGYNYGYTF,0.027656352999844695,TCRBV05-04,TCRBJ01-02
04fb3dad383db34219f97b8913f540ab,CASSYSTGYYGYTF,0.027645729643180673,TCRBV05-01,TCRBJ01-02
04fb3dad383db34219f97b8913f540ab,CASSYSSGNYYGYTF,0.027639282883866016,TCRBV06-05,TCRBJ01-02
04fb3dad383db34219f97b8913f540ab,CAWGYTGVRASYGYTF,0.027614073811669186,TCRBV30-01,TCRBJ01-02
04fb3dad383db34219f97b8913f540ab,CASRYWGSYGYTF,0.02760223755377439,TCRBV28-01,TCRBJ01-02
04fb3dad383db34219f97b8913f540ab,CASFYYWRQYF,0.027589961666909184,TCRBV10-01,TCRBJ02-07
04fb3dad383db34219f97b8913f540ab,CASSHHF,0.02751010705197431,TCRBV07-09,TCRBJ02-05
04fb3dad383db34219f97b8913f540ab,CAPAHIYGYTF,0.02750070672750984,TCRBV03-01/03-02,TCRBJ01-02
04fb3dad383db34219f97b8913f540ab,CASSPPSGGWKMFF,0.02749371271825228,TCRBV18-01,TCRBJ02-01
04fb3dad383db34219f97b8913f540ab,CACFWVLGYTF,0.027493687219102548,TCRBV30-01,TCRBJ01-02
04fb3dad383db34219f97b8913f540ab,CASSYSAGYAYGYTF,0.027462644717120586,TCRBV06-05,TCRBJ01-02
04fb3dad383db34219f97b8913f540ab,CASSFGWGAPNYGYTF,0.027443493712249974,TCRBV27-01,TCRBJ01-02
04fb3dad383db34219f97b8913f540ab,CAIYFYGYTF,0.02741452613289275,TCRBV12-03/12-04,TCRBJ01-02
04fb3dad383db34219f97b8913f540ab,CAAAGGGQGHQPQHF,0.027409734990705304,TCRBV21-01,TCRBJ01-05
04fb3dad383db34219f97b8913f540ab,CAWMAGGWYGYTF,0.02738033536848998,TCRBV30-01,TCRBJ01-02
04fb3dad383db34219f97b8913f540ab,CAWNPAPHYGYTF,0.027359845881197505,TCRBV30-01,TCRBJ01-02
04fb3dad383db34219f97b8913f540ab,CASSWGYPNYGYTF,0.027342065929163814,TCRBV12-X,TCRBJ01-02
04fb3dad383db34219f97b8913f540ab,CASSYYPTSYGYTF,0.027290657262794085,TCRBV06-05,TCRBJ01-02
04fb3dad383db34219f97b8913f540ab,CASSPAYTYYGYTF,0.027278470195955532,TCRBV28-01,TCRBJ01-02
04fb3dad383db34219f97b8913f540ab,CASSYSSGGWGYGYTF,0.027234505368423954,TCRBV06-05,TCRBJ01-02
04fb3dad383db34219f97b8913f540ab,CASSHGTGGFGANYGYTF,0.027220978964280062,TCRBV03-01/03-02,TCRBJ01-02
04fb3dad383db34219f97b8913f540ab,GRHPQHF,0.027163361376680413,TCRBV07-09,TCRBJ01-05
04fb3dad383db34219f97b8913f540ab,CASSHRPGAHYGYTF,0.02715242456383106,TCRBV14-01,TCRBJ01-02
04fb3dad383db34219f97b8913f540ab,CAWSGGGWSYGYTF,0.027128723154738577,TCRBV30-01,TCRBJ01-02
04fb3dad383db34219f97b8913f540ab,CSGYFGSYGYTF,0.027109787513736553,TCRBV29-01,TCRBJ01-02
04fb3dad383db34219f97b8913f540ab,CASHGGYRGFHGYTF,0.027051998687418154,TCRBV19-01,TCRBJ01-02
04fb3dad383db34219f97b8913f540ab,CGAPQGGPNSNQPQHF,0.027019911598912084,TCRBV20-X,TCRBJ01-05
04fb3dad383db34219f97b8913f540ab,CSGYIPNYGYTF,0.027019715725060522,TCRBV20-X,TCRBJ01-02
04fb3dad383db34219f97b8913f540ab,CASSCGQGCNQPQHF,0.02701119106578174,TCRBV05-07,TCRBJ01-05
04fb3dad383db34219f97b8913f540ab,CASSYSYSNYGYTF,0.027002113088375166,TCRBV06-05,TCRBJ01-02
04fb3dad383db34219f97b8913f540ab,CASSYTGSYYGYTF,0.02697842033374215,TCRBV06-06,TCRBJ01-02
04fb3dad383db34219f97b8913f540ab,LFF,0.026945610118572126,TCRBV07-03,TCRBJ01-04
04fb3dad383db34219f97b8913f540ab,CAWHMHSGTGDYYYGYTF,0.026942242474940495,TCRBV30-01,TCRBJ01-02
04fb3dad383db34219f97b8913f540ab,CAGYSAPNYGYTF,0.026913154017786226,TCRBV21-01,TCRBJ01-02
04fb3dad383db34219f97b8913f540ab,CAAHPGIGYYGYTF,0.026872271053439988,TCRBV06-06,TCRBJ01-02
04fb3dad383db34219f97b8913f540ab,CASSFGPYYGYTF,0.02687122052947256,TCRBV27-01,TCRBJ01-02
04fb3dad383db34219f97b8913f540ab,CAWWTVKAFF,0.026862213224576333,TCRBV30-01,TCRBJ01-01
0559f13604185346572e342552ea3bdf,CASSHYGGWANYGYTF,0.03380707568471228,TCRBV13-01,TCRBJ01-02
0559f13604185346572e342552ea3bdf,CSAYLWGWEWGYTF,0.033295997940796365,TCRBV20-X,TCRBJ01-02
0559f13604185346572e342552ea3bdf,CASSYSTGYYYGYTF,0.03142746789152095,TCRBV06-05,TCRBJ01-02
0559f13604185346572e342552ea3bdf,CAWSVWHRGPYYGYTF,0.031416745024808235,TCRBV30-01,TCRBJ01-02
0559f13604185346572e342552ea3bdf,CAWIPGGWYGYTF,0.031345086641487496,TCRBV30-01,TCRBJ01-02
0559f13604185346572e342552ea3bdf,RPYTF,0.030889260329349414,TCRBV07-02,TCRBJ01-02
0559f13604185346572e342552ea3bdf,CAWIPAHPHYGYTF,0.030834163252836524,TCRBV30-01,TCRBJ01-02
0559f13604185346572e342552ea3bdf,CAYAYANYGYTF,0.030617840179934522,TCRBV30-01,TCRBJ01-02
0559f13604185346572e342552ea3bdf,CASSFWNRVTEAFF,0.030245128487476285,TCRBV05-06,TCRBJ01-01
0559f13604185346572e342552ea3bdf,CASSYYGNYGYTF,0.030114868004771117,TCRBV06-05,TCRBJ01-02
0559f13604185346572e342552ea3bdf,CASSYSGYYGYTF,0.029976799522669757,TCRBV06-05,TCRBJ01-02
0559f13604185346572e342552ea3bdf,CAWTPWGYGYTF,0.02970821632987951,TCRBV30-01,TCRBJ01-02
0559f13604185346572e342552ea3bdf,CSAYIYGYTF,0.0296179546385248,TCRBV20-01,TCRBJ01-02
0559f13604185346572e342552ea3bdf,CASYNTGGYNYGYTF,0.029027259524152808,TCRBV06-05,TCRBJ01-02
0559f13604185346572e342552ea3bdf,CAWRYGPGYNYGYTF,0.02898736410573026,TCRBV30-01,TCRBJ01-02
0559f13604185346572e342552ea3bdf,CAAYGYGYTF,0.028873431343264637,TCRBV19-01,TCRBJ01-02
0559f13604185346572e342552ea3bdf,CAWGAVGAFF,0.028695271497903484,TCRBV30-01,TCRBJ01-01
0559f13604185346572e342552ea3bdf,CASWWEAGGYTF,0.028159249840531447,TCRBV06-05,TCRBJ01-02
0559f13604185346572e342552ea3bdf,CASSLYYHRIYGYTF,0.02808255159331761,TCRBV27-01,TCRBJ01-02
0559f13604185346572e342552ea3bdf,CAWSGGYYGYTF,0.027991781406963925,TCRBV30-01,TCRBJ01-02
0559f13604185346572e342552ea3bdf,CASSLYLGGGADSAQYF,0.027942381877976142,TCRBV12-X,TCRBJ02-03
0559f13604185346572e342552ea3bdf,CASSYTAGGSWWGYTF,0.027890919200602073,TCRBV27-01,TCRBJ01-02
0559f13604185346572e342552ea3bdf,CASFGGYTNYGYTF,0.027856969669756457,TCRBV19-01,TCRBJ01-02
0559f13604185346572e342552ea3bdf,CASWWEAGGHTF,0.027828702071808008,TCRBV06-05,TCRBJ01-02
0559f13604185346572e342552ea3bdf,CRF,0.02775626409203562,TCRBV29-01,TCRBJ02-X
0559f13604185346572e342552ea3bdf,CANPNACPYGYTF,0.027713566697328055,TCRBV06-04,TCRBJ01-02
0559f13604185346572e342552ea3bdf,CAWSYAGPNYGYTF,0.027634733863361363,TCRBV30-01,TCRBJ01-02
0559f13604185346572e342552ea3bdf,CSAPRAHAYTF,0.02747877893343414,TCRBV20-01,TCRBJ01-02
0559f13604185346572e342552ea3bdf,CASSYGWNYGYTF,0.027397886964576845,TCRBV06-02/06-03,TCRBJ01-02
0559f13604185346572e342552ea3bdf,CASGAPYYGYTF,0.02739372275102546,TCRBV06-X,TCRBJ01-02
0559f13604185346572e342552ea3bdf,CASSFWGGHYGYTF,0.02737177630287478,TCRBV27-01,TCRBJ01-02
0559f13604185346572e342552ea3bdf,CASGGGTGGWNYGYTF,0.027339791324592622,TCRBV10-02,TCRBJ01-02
0559f13604185346572e342552ea3bdf,CASMTYNHGAYYGYTF,0.027314451835110762,TCRBV27-01,TCRBJ01-02
0559f13604185346572e342552ea3bdf,CASSYSYWGGVGYTF,0.02729836866273235,TCRBV06-05,TCRBJ01-02
0559f13604185346572e342552ea3bdf,CASSGSNWGAFF,0.027242867914412505,TCRBV05-06,TCRBJ01-01
0559f13604185346572e342552ea3bdf,CSAYTGGPNYGYTF,0.02724278103850207,TCRBV20-X,TCRBJ01-02
0559f13604185346572e342552ea3bdf,CSAHPGVRPGEEPQHF,0.027125347420190814,TCRBV20-X,TCRBJ01-05
0559f13604185346572e342552ea3bdf,CASSFTPPYYYGYTF,0.02687428492913563,TCRBV05-01,TCRBJ01-02
0559f13604185346572e342552ea3bdf,CAWGTHKYF,0.026865494784907813,TCRBV30-01,TCRBJ02-03
0559f13604185346572e342552ea3bdf,CASSYYSTGGSSHGYTF,0.026854514151408063,TCRBV06-X,TCRBJ01-02
0559f13604185346572e342552ea3bdf,CASRPPPHQPQHF,0.02682151597207276,TCRBV12-02,TCRBJ01-05
0559f13604185346572e342552ea3bdf,CASSHGPHYGYTF,0.026777953566475683,TCRBV12-03/12-04,TCRBJ01-02
0559f13604185346572e342552ea3bdf,CASSSSPWWGGSYGYTF,0.02677371014025586,TCRBV28-01,TCRBJ01-02
0559f13604185346572e342552ea3bdf,CSAHFPPYGYTF,0.026740644090054007,TCRBV20-X,TCRBJ01-02
0559f13604185346572e342552ea3bdf,CASSWGGGPYGYTF,0.026728578047749134,TCRBV03-01/03-02,TCRBJ01-02
0559f13604185346572e342552ea3bdf,CASSSWTGGNFNYGYTF,0.026693009419232413,TCRBV05-01,TCRBJ01-02
0559f13604185346572e342552ea3bdf,CASSPAGGAPAGANVLTF,0.026660238283789117,TCRBV09-01,TCRBJ02-06
0559f13604185346572e342552ea3bdf,CASTMGHPHPPQHF,0.026637521907567352,TCRBV19-01,TCRBJ01-05
0559f13604185346572e342552ea3bdf,CAWRGYYGYTF,0.026513163346152134,TCRBV30-01,TCRBJ01-02
0559f13604185346572e342552ea3bdf,CASSGYNNYGYTF,0.026490739499663324,TCRBV06-02/06-03,TCRBJ01-02
0559f13604185346572e342552ea3bdf,CAWSSPGGVNYGYTF,0.026322787214523552,TCRBV30-01,TCRBJ01-02
0559f13604185346572e342552ea3bdf,CASSYGYHHTF,0.026307809590878993,TCRBV06-02/06-03,TCRBJ01-02
0559f13604185346572e342552ea3bdf,CASSGGWGYGYTF,0.026305762209187716,TCRBV02-01,TCRBJ01-02
0559f13604185346572e342552ea3bdf,CASSFIYRAFGYGYTF,0.02623363806300428,TCRBV27-01,TCRBJ01-02
0559f13604185346572e342552ea3bdf,CAWSNGWDYGYTF,0.02618893126968878,TCRBV30-01,TCRBJ01-02
0559f13604185346572e342552ea3bdf,CASSSSGPYYNGYTF,0.026136450839751475,TCRBV18-01,TCRBJ01-02
0559f13604185346572e342552ea3bdf,ETQYF,0.02611370493799535,TCRBV10-01,TCRBJ02-05
0559f13604185346572e342552ea3bdf,CAWTWGGANVLTF,0.026102712714289798,TCRBV30-01,TCRBJ02-06
0559f13604185346572e342552ea3bdf,CASSYWGGYTF,0.026047112951640868,TCRBV06-06,TCRBJ01-02
0559f13604185346572e342552ea3bdf,CACPGHHFYGYTF,0.02599355697200619,TCRBV30-01,TCRBJ01-02
0559f13604185346572e342552ea3bdf,CASNFRWGGYGYTF,0.025970253616035437,TCRBV07-03,TCRBJ01-02
0559f13604185346572e342552ea3bdf,CAWSVRAYGYGYTF,0.02592637659820304,TCRBV30-01,TCRBJ01-02
0559f13604185346572e342552ea3bdf,CSALYGWYGYTF,0.025918491668604174,TCRBV20-X,TCRBJ01-02
0559f13604185346572e342552ea3bdf,CSARGHPNHPYGYTF,0.025889054072702134,TCRBV20-X,TCRBJ01-02
0559f13604185346572e342552ea3bdf,CASSWSGYYGYTF,0.02587311935796194,TCRBV27-01,TCRBJ01-02
0559f13604185346572e342552ea3bdf,CASWWTAAGGYTF,0.025861866826292074,TCRBV19-01,TCRBJ01-02
0559f13604185346572e342552ea3bdf,CAWFHYYSGNTIYF,0.0257931740115543,TCRBV30-01,TCRBJ01-03
0559f13604185346572e342552ea3bdf,CASSYSYGGYTF,0.02577900769408318,TCRBV06-02/06-03,TCRBJ01-02
0559f13604185346572e342552ea3bdf,CASSPTAPYYANYGYTF,0.02564444376425143,TCRBV18-01,TCRBJ01-02
0559f13604185346572e342552ea3bdf,CACWVAEAFF,0.025497958606495907,TCRBV02-01,TCRBJ01-01
0559f13604185346572e342552ea3bdf,CASKIPWGANYGYTF,0.025482213909277004,TCRBV06-05,TCRBJ01-02
0559f13604185346572e342552ea3bdf,CASSPTGQRPLGFVGNTIYF,0.025473850893298736,TCRBV18-01,TCRBJ01-03
0559f13604185346572e342552ea3bdf,CASGAPASGANVLTF,0.025460788569459016,TCRBV07-09,TCRBJ02-06
0559f13604185346572e342552ea3bdf,CATSAPAGAGANVLTF,0.025430054998349137,TCRBV24-01,TCRBJ02-06
0559f13604185346572e342552ea3bdf,CASHGAYGYTF,0.025370407269683773,TCRBV19-01,TCRBJ01-02
0559f13604185346572e342552ea3bdf,CASAYWAEAFF,0.025365712073270517,TCRBV02-01,TCRBJ01-01
0559f13604185346572e342552ea3bdf,CATWTGWGANVLTF,0.025312317790198418,TCRBV19-01,TCRBJ02-06
0559f13604185346572e342552ea3bdf,CAWWALGTGGATF,0.02529592788577712,TCRBV30-01,TCRBJ01-02
0559f13604185346572e342552ea3bdf,CASSYYGYTF,0.02528125645882864,TCRBV28-01,TCRBJ01-02
0559f13604185346572e342552ea3bdf,CAWTRPGGPYNEQFF,0.02527063491464191,TCRBV30-01,TCRBJ02-01
0559f13604185346572e342552ea3bdf,CASSWHHGYTF,0.02526933413676621,TCRBV06-05,TCRBJ01-02
0559f13604185346572e342552ea3bdf,CAWIYWPYRGYTEAFF,0.02525018824527904,TCRBV30-01,TCRBJ01-01
0559f13604185346572e342552ea3bdf,CASHGHPGPYGYTF,0.025245417914914928,TCRBV05-04,TCRBJ01-02
0559f13604185346572e342552ea3bdf,CASSHYYGYTF,0.025195326790221365,TCRBV25-01,TCRBJ01-02
0559f13604185346572e342552ea3bdf,NTIYF,0.025188611191738507,TCRBV24-01,TCRBJ01-03
0559f13604185346572e342552ea3bdf,CAWSPGWGAHYGYTF,0.02518750038790894,TCRBV30-01,TCRBJ01-02
0559f13604185346572e342552ea3bdf,CASYSWGGGAFF,0.02517006746116391,TCRBV19-01,TCRBJ01-01
0559f13604185346572e342552ea3bdf,CAWWAVTEAFF,0.02516375758112203,TCRBV30-01,TCRBJ01-01
0559f13604185346572e342552ea3bdf,CASWLEKLFF,0.025135663338862954,TCRBV06-05,TCRBJ01-04
0559f13604185346572e342552ea3bdf,CAAYPGFNYGYTF,0.025108089868392264,TCRBV28-01,TCRBJ01-02
0559f13604185346572e342552ea3bdf,CAWSWGGAAEAFF,0.025107984821827092,TCRBV30-01,TCRBJ01-01
0559f13604185346572e342552ea3bdf,CAWSVWGGANTEAFF,0.02504620856799623,TCRBV30-01,TCRBJ01-01
0559f13604185346572e342552ea3bdf,CASSYWSQGYGYTF,0.024956021166337942,TCRBV06-05,TCRBJ01-02
0559f13604185346572e342552ea3bdf,CSGVYGPNYGYTF,0.02494048658506274,TCRBV29-01,TCRBJ01-02
0559f13604185346572e342552ea3bdf,CAYEVWYGYTF,0.024922898683567715,TCRBV30-01,TCRBJ01-02
0559f13604185346572e342552ea3bdf,CASSPYGANYGYTF,0.024922461241200903,TCRBV05-04,TCRBJ01-02
15dc75558c3950f5f1be68ead1ed23c4,WIPLHF,0.04013560814915086,TCRBV24-01,TCRBJ01-06
15dc75558c3950f5f1be68ead1ed23c4,CASF,0.03785414315774932,TCRBV10-01,TCRBJ02-07
15dc75558c3950f5f1be68ead1ed23c4,CSGWWGYGYTF,0.035651092520952006,TCRBV29-01,TCRBJ01-02
15dc75558c3950f5f1be68ead1ed23c4,CASSYYYSGYGYTF,0.03415573100553792,TCRBV06-05,TCRBJ01-02
15dc75558c3950f5f1be68ead1ed23c4,CASSYYYGYTF,0.03404898819011768,TCRBV06-02/06-03,TCRBJ01-02
15dc75558c3950f5f1be68ead1ed23c4,CPWHQPQHF,0.03390369684846797,TCRBV02-01,TCRBJ01-05
15dc75558c3950f5f1be68ead1ed23c4,WTKWEGYTF,0.033059307466152085,TCRBV12-02,TCRBJ01-02
15dc75558c3950f5f1be68ead1ed23c4,GHYQPQHF,0.03187043161133857,TCRBV28-01,TCRBJ01-05
15dc75558c3950f5f1be68ead1ed23c4,CASSYKYYNYGYTF,0.03186057191890332,TCRBV06-02/06-03,TCRBJ01-02
15dc75558c3950f5f1be68ead1ed23c4,CARSFWTRWTYWGYGYTF,0.03062802646578811,TCRBV05-03,TCRBJ01-02
15dc75558c3950f5f1be68ead1ed23c4,CASSYSYYGYTF,0.030263355563056,TCRBV06-02/06-03,TCRBJ01-02
15dc75558c3950f5f1be68ead1ed23c4,CASSFPWGPYGYTF,0.030220025323237823,TCRBV07-09,TCRBJ01-02
15dc75558c3950f5f1be68ead1ed23c4,CASSYFSGYYGYTF,0.03020484216725418,TCRBV28-01,TCRBJ01-02
15dc75558c3950f5f1be68ead1ed23c4,CAWAAAAWANTEAFF,0.029906992514603815,TCRBV30-01,TCRBJ01-01
15dc75558c3950f5f1be68ead1ed23c4,CASSYYPGHKEGVRDGYTF,0.02967341452315654,TCRBV06-X,TCRBJ01-02
15dc75558c3950f5f1be68ead1ed23c4,CSVYRGYNYGYTF,0.02949861358912662,TCRBV29-01,TCRBJ01-02
15dc75558c3950f5f1be68ead1ed23c4,CASSYSNRNRYNYGYTF,0.029428333678130195,TCRBV06-02/06-03,TCRBJ01-02
15dc75558c3950f5f1be68ead1ed23c4,CAWGNPPWGNYGYTF,0.029366206999837274,TCRBV30-01,TCRBJ01-02
15dc75558c3950f5f1be68ead1ed23c4,CASHPQTGWGYYGYTF,0.02927626194789808,TCRBV06-X,TCRBJ01-02
15dc75558c3950f5f1be68ead1ed23c4,CSVHWGWYGYTF,0.02925832872681297,TCRBV29-01,TCRBJ01-02
15dc75558c3950f5f1be68ead1ed23c4,CASSYNWWRGANYGYTF,0.029196614351434655,TCRBV28-01,TCRBJ01-02
15dc75558c3950f5f1be68ead1ed23c4,CAWSDYWGYGYTF,0.02912224749066239,TCRBV30-01,TCRBJ01-02
15dc75558c3950f5f1be68ead1ed23c4,CASSYYSNYGYTF,0.02907676956404389,TCRBV06-05,TCRBJ01-02
15dc75558c3950f5f1be68ead1ed23c4,CASSYWGHYGYTF,0.029042675242338258,TCRBV06-05,TCRBJ01-02
15dc75558c3950f5f1be68ead1ed23c4,CASSFFGNGPNYGYTF,0.028760191186513708,TCRBV07-02,TCRBJ01-02
15dc75558c3950f5f1be68ead1ed23c4,CASRPGGYYYGYTF,0.02844719419375819,TCRBV25-01,TCRBJ01-02
15dc75558c3950f5f1be68ead1ed23c4,CASSYGYYGYTF,0.02834078125464435,TCRBV06-02/06-03,TCRBJ01-02
15dc75558c3950f5f1be68ead1ed23c4,CASNPWTGVFGGYTF,0.02827302883986364,TCRBV19-01,TCRBJ01-02
15dc75558c3950f5f1be68ead1ed23c4,CASKYYYGYTF,0.028218411887665117,TCRBV06-X,TCRBJ01-02
15dc75558c3950f5f1be68ead1ed23c4,HGYTF,0.02817291238318109,TCRBV04-02,TCRBJ01-02
15dc75558c3950f5f1be68ead1ed23c4,CAGTGHPYYGYTF,0.02801415871559578,TCRBV19-01,TCRBJ01-02
15dc75558c3950f5f1be68ead1ed23c4,CASSLWDRVTEAFF,0.028008751397592863,TCRBV12-X,TCRBJ01-01
15dc75558c3950f5f1be68ead1ed23c4,CASSYSWGTGPYGYTF,0.027990678646510454,TCRBV06-02/06-03,TCRBJ01-02
15dc75558c3950f5f1be68ead1ed23c4,CASSYNTYPGYIYGYTF,0.027987654380343167,TCRBV06-02/06-03,TCRBJ01-02
15dc75558c3950f5f1be68ead1ed23c4,CASSYFGPYGYTF,0.027736507504576954,TCRBV06-06,TCRBJ01-02
15dc75558c3950f5f1be68ead1ed23c4,CAWSVPGGWNTEAFF,0.027716014465882986,TCRBV30-01,TCRBJ01-01
15dc75558c3950f5f1be68ead1ed23c4,CASSYWSGHYGYTF,0.0276894503868138,TCRBV28-01,TCRBJ01-02
15dc75558c3950f5f1be68ead1ed23c4,CAWNPHHSPLHF,0.027681017223046635,TCRBV30-01,TCRBJ01-06
15dc75558c3950f5f1be68ead1ed23c4,CAWSPHPYTF,0.027679788397254008,TCRBV30-01,TCRBJ01-02
15dc75558c3950f5f1be68ead1ed23c4,CAWGGYGYTF,0.027586274339189646,TCRBV30-01,TCRBJ01-02
15dc75558c3950f5f1be68ead1ed23c4,CASRGRGNRNNNEQFF,0.027559401380131816,TCRBV27-01,TCRBJ02-01
15dc75558c3950f5f1be68ead1ed23c4,CASGYRGPNYGYTF,0.02743599694314822,TCRBV13-01,TCRBJ01-02
15dc75558c3950f5f1be68ead1ed23c4,CASWDPNWDGYTF,0.027338516992382666,TCRBV05-01,TCRBJ01-02
15dc75558c3950f5f1be68ead1ed23c4,CARYRPYGYTF,0.02725579015005629,TCRBV30-01,TCRBJ01-02
15dc75558c3950f5f1be68ead1ed23c4,CAWRAWANVLTF,0.027196008283421343,TCRBV30-01,TCRBJ02-06
15dc75558c3950f5f1be68ead1ed23c4,CASPYTF,0.027187841012242055,TCRBV07-08,TCRBJ01-02
15dc75558c3950f5f1be68ead1ed23c4,CASSSWYRGNYGYTF,0.027114049703246077,TCRBV07-09,TCRBJ01-02
15dc75558c3950f5f1be68ead1ed23c4,CASSELLAAIKKFF,0.02703769015538184,TCRBV05-01,TCRBJ02-01
15dc75558c3950f5f1be68ead1ed23c4,CASGYRRGWGYTF,0.027000420301780265,TCRBV21-01,TCRBJ01-02
15dc75558c3950f5f1be68ead1ed23c4,CASRGWGFGYGYTF,0.026990841794215376,TCRBV11-02,TCRBJ01-02
15dc75558c3950f5f1be68ead1ed23c4,CASSIFSGGWNYGYTF,0.02694248468158888,TCRBV19-01,TCRBJ01-02
15dc75558c3950f5f1be68ead1ed23c4,CASSYSSWGNYGYTF,0.026767412995464153,TCRBV06-02/06-03,TCRBJ01-02
15dc75558c3950f5f1be68ead1ed23c4,CASRPWGGTGHYYGYTF,0.026748964678744883,TCRBV19-01,TCRBJ01-02
15dc75558c3950f5f1be68ead1ed23c4,CASSWGGPGSNYGYTF,0.026732183347443747,TCRBV05-04,TCRBJ01-02
15dc75558c3950f5f1be68ead1ed23c4,CAWSPYGGYTF,0.026699061851290867,TCRBV30-01,TCRBJ01-02
15dc75558c3950f5f1be68ead1ed23c4,CASSYSNRYYGYTF,0.02667779905290631,TCRBV06-05,TCRBJ01-02
15dc75558c3950f5f1be68ead1ed23c4,CASSPTAWGYNYGYTF,0.026661112188270695,TCRBV02-01,TCRBJ01-02
15dc75558c3950f5f1be68ead1ed23c4,CASNPGHHPYYGYTF,0.026658761216549233,TCRBV25-01,TCRBJ01-02
15dc75558c3950f5f1be68ead1ed23c4,WVLGHF,0.026615775568646447,TCRBV20-01,TCRBJ01-05
15dc75558c3950f5f1be68ead1ed23c4,CAWRAKEGAYIGYTF,0.026581136399966173,TCRBV30-01,TCRBJ01-02
15dc75558c3950f5f1be68ead1ed23c4,CGKPWNYGYTF,0.02655982009480691,TCRBV06-06,TCRBJ01-02
15dc75558c3950f5f1be68ead1ed23c4,CARPHHWTTF,0.026553394705416754,TCRBV07-09,TCRBJ02-X
15dc75558c3950f5f1be68ead1ed23c4,CASYVAPNYGYTF,0.026527826785924486,TCRBV02-01,TCRBJ01-02
15dc75558c3950f5f1be68ead1ed23c4,CAWSNPGAFF,0.026479852555449233,TCRBV30-01,TCRBJ01-01
15dc75558c3950f5f1be68ead1ed23c4,CASSYYYPQGNYGYTF,0.026377081222740323,TCRBV06-06,TCRBJ01-02
15dc75558c3950f5f1be68ead1ed23c4,CAWSVPGGYYGYTF,0.026356044958954997,TCRBV30-01,TCRBJ01-02
15dc75558c3950f5f1be68ead1ed23c4,CSAQGPQGPQHF,0.026354048984277866,TCRBV20-X,TCRBJ01-05
15dc75558c3950f5f1be68ead1ed23c4,RAPLHF,0.026346236272937678,TCRBV25-01,TCRBJ01-06
15dc75558c3950f5f1be68ead1ed23c4,CASSYAPYGYTF,0.026329071213788413,TCRBV06-02/06-03,TCRBJ01-02
15dc75558c3950f5f1be68ead1ed23c4,CAWSAWGPNYGYTF,0.026200510853094085,TCRBV30-01,TCRBJ01-02
15dc75558c3950f5f1be68ead1ed23c4,CASNPGGGWGYGYTF,0.026177198644326764,TCRBV19-01,TCRBJ01-02
15dc75558c3950f5f1be68ead1ed23c4,CARYGHFYGYTF,0.026134477116915848,TCRBV06-05,TCRBJ01-02
15dc75558c3950f5f1be68ead1ed23c4,CASSYSGWNYGYTF,0.02611746148260885,TCRBV06-05,TCRBJ01-02
15dc75558c3950f5f1be68ead1ed23c4,CASSYSPAHAFYYGYTF,0.02609144479218183,TCRBV06-02/06-03,TCRBJ01-02
15dc75558c3950f5f1be68ead1ed23c4,CSVGGAGAWNPFF,0.026055772579771905,TCRBV20-X,TCRBJ02-01
15dc75558c3950f5f1be68ead1ed23c4,CASALWGRGGWYGYTF,0.026015080365232337,TCRBV12-X,TCRBJ01-02
15dc75558c3950f5f1be68ead1ed23c4,CASSYKGWGYGYTF,0.0259920705853737,TCRBV06-05,TCRBJ01-02
15dc75558c3950f5f1be68ead1ed23c4,CAWGYTANYGYTF,0.025980087446902857,TCRBV30-01,TCRBJ01-02
15dc75558c3950f5f1be68ead1ed23c4,CASKGGWTGYYGYTF,0.025976858365863022,TCRBV06-05,TCRBJ01-02
15dc75558c3950f5f1be68ead1ed23c4,CAWTYLYGYTF,0.025973647770726433,TCRBV30-01,TCRBJ01-02
15dc75558c3950f5f1be68ead1ed23c4,CASNGWGEWGYTF,0.025958295338500085,TCRBV06-05,TCRBJ01-02
15dc75558c3950f5f1be68ead1ed23c4,CAWSVYIYTEAFF,0.025924020958588662,TCRBV30-01,TCRBJ01-01
15dc75558c3950f5f1be68ead1ed23c4,CAWRGDYLWWCYGYTF,0.025898155749887183,TCRBV30-01,TCRBJ01-02
15dc75558c3950f5f1be68ead1ed23c4,CASSFGGYYGYTF,0.02587800815390079,TCRBV05-05,TCRBJ01-02
15dc75558c3950f5f1be68ead1ed23c4,CASMWWDTEAFF,0.025855452673046408,TCRBV30-01,TCRBJ01-01
15dc75558c3950f5f1be68ead1ed23c4,CTDGWRTYGYTF,0.025840928961110926,TCRBV20-X,TCRBJ01-02
15dc75558c3950f5f1be68ead1ed23c4,CASSHPGGAYYGYTF,0.02583331082943305,TCRBV09-01,TCRBJ01-02
15dc75558c3950f5f1be68ead1ed23c4,CSTFKGAHPHF,0.02577201791680253,TCRBV20-01,TCRBJ02-05
15dc75558c3950f5f1be68ead1ed23c4,CAWGGAMEAFF,0.025727820044532168,TCRBV30-01,TCRBJ01-01
15dc75558c3950f5f1be68ead1ed23c4,CAWTYALGYGYTF,0.02569875447425446,TCRBV30-01,TCRBJ01-02
15dc75558c3950f5f1be68ead1ed23c4,CASSYWQGAYGYTF,0.025694077704912215,TCRBV06-05,TCRBJ01-02
15dc75558c3950f5f1be68ead1ed23c4,CASSYFPGGTGELFF,0.02568193749346725,TCRBV09-01,TCRBJ02-02
15dc75558c3950f5f1be68ead1ed23c4,CAWNAGYYGYTF,0.025678323958123382,TCRBV30-01,TCRBJ01-02
15dc75558c3950f5f1be68ead1ed23c4,CARPWGWGGNTIYF,0.02567214943346766,TCRBV10-01,TCRBJ01-03
15dc75558c3950f5f1be68ead1ed23c4,CAPHHVGKVCTF,0.025657036077580516,TCRBV30-01,TCRBJ01-02
1a66d6cb0242bcd58e6a9fa52ec99f7e,YF,0.04349813901580405,TCRBV27-01,TCRBJ02-07
1a66d6cb0242bcd58e6a9fa52ec99f7e,CARRWPG,0.04025619231151928,TCRBV21-01,TCRBJ02-X
1a66d6cb0242bcd58e6a9fa52ec99f7e,WGPPQHF,0.03794051903474937,TCRBV12-03/12-04,TCRBJ01-05
1a66d6cb0242bcd58e6a9fa52ec99f7e,CASF,0.0378541019111819,TCRBV09-01,TCRBJ02-07
1a66d6cb0242bcd58e6a9fa52ec99f7e,GGWYF,0.035154720172379014,TCRBV28-01,TCRBJ02-07
1a66d6cb0242bcd58e6a9fa52ec99f7e,RWPQHF,0.033905049821612736,TCRBV09-01,TCRBJ01-05
1a66d6cb0242bcd58e6a9fa52ec99f7e,CSVGYYYGYTF,0.03246935066764786,TCRBV29-01,TCRBJ01-02
1a66d6cb0242bcd58e6a9fa52ec99f7e,CAWIYPGHIHGYTF,0.032345754874386706,TCRBV30-01,TCRBJ01-02
1a66d6cb0242bcd58e6a9fa52ec99f7e,CASSWWGGGYGYTF,0.03210834774513997,TCRBV27-01,TCRBJ01-02
1a66d6cb0242bcd58e6a9fa52ec99f7e,CASSFPYYYGYTF,0.03199009867139615,TCRBV28-01,TCRBJ01-02
1a66d6cb0242bcd58e6a9fa52ec99f7e,CASSPYCWGGYGYTF,0.031277441944145216,TCRBV23-01,TCRBJ01-02
1a66d6cb0242bcd58e6a9fa52ec99f7e,CASSYYNSYGYTF,0.031195918664546355,TCRBV06-05,TCRBJ01-02
1a66d6cb0242bcd58e6a9fa52ec99f7e,CASSYHRYYGYTF,0.03117467977302177,TCRBV06-05,TCRBJ01-02
1a66d6cb0242bcd58e6a9fa52ec99f7e,CAWNYGPGAFF,0.03096558805918722,TCRBV30-01,TCRBJ01-01
1a66d6cb0242bcd58e6a9fa52ec99f7e,CASNSGGGYFNYGYTF,0.030829511123085924,TCRBV19-01,TCRBJ01-02
1a66d6cb0242bcd58e6a9fa52ec99f7e,CASSYGPYYGYTF,0.030666648058650485,TCRBV06-05,TCRBJ01-02
1a66d6cb0242bcd58e6a9fa52ec99f7e,CASSYWGSNYGYTF,0.030655115611625195,TCRBV06-06,TCRBJ01-02
1a66d6cb0242bcd58e6a9fa52ec99f7e,CASSYWGGPSPNYGYTF,0.03061314359754787,TCRBV06-02/06-03,TCRBJ01-02
1a66d6cb0242bcd58e6a9fa52ec99f7e,CASSFGYWWSYF,0.030496598766605914,TCRBV28-01,TCRBJ02-05
1a66d6cb0242bcd58e6a9fa52ec99f7e,CAYPHYGYTF,0.030380587311576043,TCRBV21-01,TCRBJ01-02
1a66d6cb0242bcd58e6a9fa52ec99f7e,CAWWGAGGWEGYTF,0.030311645810826737,TCRBV30-01,TCRBJ01-02
1a66d6cb0242bcd58e6a9fa52ec99f7e,CASASYYNYGYTF,0.030075047125996644,TCRBV02-01,TCRBJ01-02
1a66d6cb0242bcd58e6a9fa52ec99f7e,CASSYWWGTNYGYTF,0.03002504246174958,TCRBV06-05,TCRBJ01-02
1a66d6cb0242bcd58e6a9fa52ec99f7e,WDSPLHF,0.029985277742278806,TCRBV07-03,TCRBJ01-06
1a66d6cb0242bcd58e6a9fa52ec99f7e,WGYTF,0.02996605557845216,TCRBV27-01,TCRBJ01-02
1a66d6cb0242bcd58e6a9fa52ec99f7e,CASSSKRMGPDGFNEQFF,0.029897524410497717,TCRBV05-01,TCRBJ02-01
1a66d6cb0242bcd58e6a9fa52ec99f7e,CASSYSSYYGYTF,0.029869745492570453,TCRBV12-03/12-04,TCRBJ01-02
1a66d6cb0242bcd58e6a9fa52ec99f7e,CASSAPYGQGFGANYGYTF,0.029855680689894366,TCRBV05-06,TCRBJ01-02
1a66d6cb0242bcd58e6a9fa52ec99f7e,WRRDRRNTIYF,0.0297889600591666,TCRBV07-06,TCRBJ01-03
1a66d6cb0242bcd58e6a9fa52ec99f7e,CASSIEGRGLPFYGYTF,0.029581390264920827,TCRBV19-01,TCRBJ01-02
1a66d6cb0242bcd58e6a9fa52ec99f7e,PPGWWQPQHF,0.02950367003786218,TCRBV06-X,TCRBJ01-05
1a66d6cb0242bcd58e6a9fa52ec99f7e,CASSYWSPYGYTF,0.029492774888645195,TCRBV06-05,TCRBJ01-02
1a66d6cb0242bcd58e6a9fa52ec99f7e,CASSNWGTSGGPGYF,0.02947703713812031,TCRBV21-01,TCRBJ02-03
1a66d6cb0242bcd58e6a9fa52ec99f7e,CAYAWGAWNTIYF,0.029399166074200456,TCRBV30-01,TCRBJ01-03
1a66d6cb0242bcd58e6a9fa52ec99f7e,CAWGGRRGPNNFYYGYTF,0.029261897587425076,TCRBV30-01,TCRBJ01-02
1a66d6cb0242bcd58e6a9fa52ec99f7e,CASKKIGVIGYTF,0.02922039422052752,TCRBV11-X,TCRBJ01-02
1a66d6cb0242bcd58e6a9fa52ec99f7e,CAWSLPGGSDYGYTF,0.02907662653341755,TCRBV30-01,TCRBJ01-02
1a66d6cb0242bcd58e6a9fa52ec99f7e,CAWTPWWDNYGYTF,0.029072097022423565,TCRBV30-01,TCRBJ01-02
1a66d6cb0242bcd58e6a9fa52ec99f7e,CAWSVYAYGYTF,0.02894802117674139,TCRBV30-01,TCRBJ01-02
1a66d6cb0242bcd58e6a9fa52ec99f7e,CASSYGAYYGYTF,0.028941866066774062,TCRBV06-02/06-03,TCRBJ01-02
1a66d6cb0242bcd58e6a9fa52ec99f7e,CAWSVWGYYGYTF,0.028883806908941947,TCRBV30-01,TCRBJ01-02
1a66d6cb0242bcd58e6a9fa52ec99f7e,CATF,0.02884784305339993,TCRBV12-02,TCRBJ01-02
1a66d6cb0242bcd58e6a9fa52ec99f7e,CASSIGKGVGELFF,0.028841272870267342,TCRBV19-01,TCRBJ02-02
1a66d6cb0242bcd58e6a9fa52ec99f7e,CASSEDWDWYYGYTF,0.028814502916996228,TCRBV06-01,TCRBJ01-02
1a66d6cb0242bcd58e6a9fa52ec99f7e,CASSYYRGYGYTF,0.0287808252961754,TCRBV06-06,TCRBJ01-02
1a66d6cb0242bcd58e6a9fa52ec99f7e,CAWSWGGGASYGYTF,0.028706969306087654,TCRBV30-01,TCRBJ01-02
1a66d6cb0242bcd58e6a9fa52ec99f7e,CASNPYWGRFYF,0.028687799951109955,TCRBV19-01,TCRBJ01-01
1a66d6cb0242bcd58e6a9fa52ec99f7e,CASSWGYSYGYTF,0.028644698556134697,TCRBV28-01,TCRBJ01-02
1a66d6cb0242bcd58e6a9fa52ec99f7e,CASSFPWGPGYGYTF,0.028502382906865048,TCRBV28-01,TCRBJ01-02
1a66d6cb0242bcd58e6a9fa52ec99f7e,CASSYSSWGSNYGYTF,0.028466158033839926,TCRBV06-05,TCRBJ01-02
1a66d6cb0242bcd58e6a9fa52ec99f7e,CASSYYGGYTF,0.02834118831668581,TCRBV06-06,TCRBJ01-02
1a66d6cb0242bcd58e6a9fa52ec99f7e,CASSYSWGANYGYTF,0.028187329147001745,TCRBV06-05,TCRBJ01-02
1a66d6cb0242bcd58e6a9fa52ec99f7e,CSAPNPFAGTGWYGYTF,0.02812162711816836,TCRBV20-X,TCRBJ01-02
1a66d6cb0242bcd58e6a9fa52ec99f7e,CAWGWAEAFF,0.028114953699267344,TCRBV30-01,TCRBJ01-01
1a66d6cb0242bcd58e6a9fa52ec99f7e,CASSAYFPGTPEAFF,0.02809971175816057,TCRBV06-05,TCRBJ01-01
1a66d6cb0242bcd58e6a9fa52ec99f7e,CASSYSWGNYGYTF,0.028068590131335357,TCRBV06-05,TCRBJ01-02
1a66d6cb0242bcd58e6a9fa52ec99f7e,GGAGQGHQPQHF,0.028066292601178846,TCRBV28-01,TCRBJ01-05
1a66d6cb0242bcd58e6a9fa52ec99f7e,CAWSYAGPYGYTF,0.028032700917441707,TCRBV30-01,TCRBJ01-02
1a66d6cb0242bcd58e6a9fa52ec99f7e,CASSYHRGYYGYTF,0.027992422000424615,TCRBV06-02/06-03,TCRBJ01-02
1a66d6cb0242bcd58e6a9fa52ec99f7e,CASSWGSYNYGYTF,0.027991697076733428,TCRBV12-X,TCRBJ01-02
1a66d6cb0242bcd58e6a9fa52ec99f7e,CASSPYNTYYGYTF,0.027931640479561225,TCRBV14-01,TCRBJ01-02
1a66d6cb0242bcd58e6a9fa52ec99f7e,CASSAWGGANYGYTF,0.02789882767923885,TCRBV09-01,TCRBJ01-02
1a66d6cb0242bcd58e6a9fa52ec99f7e,TQYF,0.02788408084198733,TCRBV04-01,TCRBJ02-03
1a66d6cb0242bcd58e6a9fa52ec99f7e,CASSYRYQGYYYEQYF,0.027774730607607108,TCRBV06-02/06-03,TCRBJ02-07
1a66d6cb0242bcd58e6a9fa52ec99f7e,CASIHPF,0.02776704939202386,TCRBV07-04,TCRBJ01-01
1a66d6cb0242bcd58e6a9fa52ec99f7e,CASSYRGNYNYGYTF,0.0276839210559312,TCRBV18-01,TCRBJ01-02
1a66d6cb0242bcd58e6a9fa52ec99f7e,CAWGTWPHYGYTF,0.02763079570397737,TCRBV30-01,TCRBJ01-02
1a66d6cb0242bcd58e6a9fa52ec99f7e,CASSFWGGNYGYTF,0.02760856070556858,TCRBV05-05,TCRBJ01-02
1a66d6cb0242bcd58e6a9fa52ec99f7e,CAWAGTGGPYNYGYTF,0.02759891974207288,TCRBV30-01,TCRBJ01-02
1a66d6cb0242bcd58e6a9fa52ec99f7e,CASSWGTGYNYGYTF,0.027580100017153882,TCRBV19-01,TCRBJ01-02
1a66d6cb0242bcd58e6a9fa52ec99f7e,CAWSVPGGPYNEQFF,0.02755661246144201,TCRBV30-01,TCRBJ02-01
1a66d6cb0242bcd58e6a9fa52ec99f7e,CASSYGSYYGYTF,0.02755420552244958,TCRBV06-05,TCRBJ01-02
1a66d6cb0242bcd58e6a9fa52ec99f7e,CASSYSYNYGYTF,0.02754397791138111,TCRBV06-05,TCRBJ01-02
1a66d6cb0242bcd58e6a9fa52ec99f7e,CAAWGNRGYYGYTF,0.027516398530807715,TCRBV19-01,TCRBJ01-02
1a66d6cb0242bcd58e6a9fa52ec99f7e,CASSSWGAGANYGYTF,0.027507359653297928,TCRBV21-01,TCRBJ01-02
1a66d6cb0242bcd58e6a9fa52ec99f7e,CAMRGGWSYYGYTF,0.027475763817050896,TCRBV19-01,TCRBJ01-02
1a66d6cb0242bcd58e6a9fa52ec99f7e,CASWGGYGYTF,0.027387815768871913,TCRBV27-01,TCRBJ01-02
1a66d6cb0242bcd58e6a9fa52ec99f7e,CAWSVWVWTEAFF,0.027376459422673357,TCRBV30-01,TCRBJ01-01
1a66d6cb0242bcd58e6a9fa52ec99f7e,CATSPWGGYGYTF,0.027342590620155073,TCRBV19-01,TCRBJ01-02
1a66d6cb0242bcd58e6a9fa52ec99f7e,CSPYYGYTF,0.027313783564527853,TCRBV29-01,TCRBJ01-02
1a66d6cb0242bcd58e6a9fa52ec99f7e,CAWSWGEGGYGYTF,0.027302064491995934,TCRBV30-01,TCRBJ01-02
1a66d6cb0242bcd58e6a9fa52ec99f7e,CAWGYGYTF,0.02727965007258729,TCRBV30-01,TCRBJ01-02
1a66d6cb0242bcd58e6a9fa52ec99f7e,CAWGGPPNYGYTF,0.027267388735960248,TCRBV30-01,TCRBJ01-02
1a66d6cb0242bcd58e6a9fa52ec99f7e,WYEQYF,0.027235285451305685,TCRBV21-01,TCRBJ02-07
1a66d6cb0242bcd58e6a9fa52ec99f7e,CASSPRDWKKYF,0.027225968512472734,TCRBV06-02/06-03,TCRBJ02-05
1a66d6cb0242bcd58e6a9fa52ec99f7e,CAWKKGWGYGYTF,0.027222380557130547,TCRBV30-01,TCRBJ01-02
1a66d6cb0242bcd58e6a9fa52ec99f7e,CASHHTPGEVYYGYTF,0.027222323734434523,TCRBV19-01,TCRBJ01-02
1a66d6cb0242bcd58e6a9fa52ec99f7e,CASSYPGYYGYTF,0.02719719100101016,TCRBV06-05,TCRBJ01-02
1a66d6cb0242bcd58e6a9fa52ec99f7e,CASSSWGTGAYNYGYTF,0.02712309034182875,TCRBV05-06,TCRBJ01-02
1a66d6cb0242bcd58e6a9fa52ec99f7e,CSAYLPGTPYYGYTF,0.027112266767891947,TCRBV20-X,TCRBJ01-02
1a66d6cb0242bcd58e6a9fa52ec99f7e,CASSYYTGGGYTF,0.02706134876971294,TCRBV06-02/06-03,TCRBJ01-02
1a66d6cb0242bcd58e6a9fa52ec99f7e,SHHNGPKGGAYGYTF,0.027022979947103155,TCRBV27-01,TCRBJ01-02
1a66d6cb0242bcd58e6a9fa52ec99f7e,CASSPWDILKGAFF,0.026997002158301645,TCRBV07-09,TCRBJ01-01
1a66d6cb0242bcd58e6a9fa52ec99f7e,CAWGHPYLYGYTF,0.026932648107146497,TCRBV30-01,TCRBJ01-02
1a66d6cb0242bcd58e6a9fa52ec99f7e,CASSYSNYAGGGGYTF,0.026894993336407727,TCRBV06-05,TCRBJ01-02
1a66d6cb0242bcd58e6a9fa52ec99f7e,CASSFGPYYGYTF,0.026871192474483833,TCRBV28-01,TCRBJ01-02
1a66d6cb0242bcd58e6a9fa52ec99f7e,CAWRRHHSPLHF,0.026840880125965066,TCRBV30-01,TCRBJ01-06
1c32836501fb91ff3b763234606a333a,CAWSGYYYGYTF,0.03629952729448265,TCRBV30-01,TCRBJ01-02
1c32836501fb91ff3b763234606a333a,CASSYYYGYTF,0.03404899211087026,TCRBV03-01/03-02,TCRBJ01-02
1c32836501fb91ff3b763234606a333a,CASSYSYGTYYGYTF,0.031132729391126265,TCRBV06-05,TCRBJ01-02
1c32836501fb91ff3b763234606a333a,CASSLPTVGYGYTF,0.030735369900964635,TCRBV02-01,TCRBJ01-02
1c32836501fb91ff3b763234606a333a,CASSYEGWWNYGYTF,0.030330542795677175,TCRBV06-02/06-03,TCRBJ01-02
1c32836501fb91ff3b763234606a333a,CASSYSWGGTYGYTF,0.029524686423541353,TCRBV06-05,TCRBJ01-02
1c32836501fb91ff3b763234606a333a,CASSWWGRFGTNYGYTF,0.02913795663202085,TCRBV06-X,TCRBJ01-02
1c32836501fb91ff3b763234606a333a,CASSYMGYTNYGYTF,0.029124834491873537,TCRBV06-05,TCRBJ01-02
1c32836501fb91ff3b763234606a333a,CASFPWGGYGYTF,0.029056200358203034,TCRBV05-07,TCRBJ01-02
1c32836501fb91ff3b763234606a333a,CAWNTGKWNTEAFF,0.028991301921710674,TCRBV30-01,TCRBJ01-01
1c32836501fb91ff3b763234606a333a,CASSYFYGSYGYTF,0.028856646202010654,TCRBV05-06,TCRBJ01-02
1c32836501fb91ff3b763234606a333a,CAWRPPYYGYTF,0.02885361799894984,TCRBV30-01,TCRBJ01-02
1c32836501fb91ff3b763234606a333a,CAWTKVWVGGYTF,0.028530229331898967,TCRBV30-01,TCRBJ01-02
1c32836501fb91ff3b763234606a333a,CASSYVFGYGYTF,0.028380983027371166,TCRBV06-05,TCRBJ01-02
1c32836501fb91ff3b763234606a333a,CATSDPHWGGGYYGYTF,0.028153211918659063,TCRBV24-01,TCRBJ01-02
1c32836501fb91ff3b763234606a333a,CASSLWDRVTEAFF,0.028008751397592863,TCRBV12-X,TCRBJ01-01
1c32836501fb91ff3b763234606a333a,CASSYGWGPNYGYTF,0.027919861280121694,TCRBV06-05,TCRBJ01-02
1c32836501fb91ff3b763234606a333a,CASSDWNGWGGQFF,0.02789471719669389,TCRBV05-06,TCRBJ02-01
1c32836501fb91ff3b763234606a333a,CAWTRPYPGWNYYTF,0.027839872838810245,TCRBV30-01,TCRBJ01-02
1c32836501fb91ff3b763234606a333a,CASSYSAYYGYTF,0.02760993528127876,TCRBV06-02/06-03,TCRBJ01-02
1c32836501fb91ff3b763234606a333a,CAWSVHILARYYYGYTF,0.02755791424216508,TCRBV30-01,TCRBJ01-02
1c32836501fb91ff3b763234606a333a,CSASWSGGGSNYGYTF,0.027531679326319433,TCRBV20-01,TCRBJ01-02
1c32836501fb91ff3b763234606a333a,CSGYNYGYTF,0.02744586261514402,TCRBV20-01,TCRBJ01-02
1c32836501fb91ff3b763234606a333a,CASPWWPQHF,0.027297366836481488,TCRBV11-02,TCRBJ01-05
1c32836501fb91ff3b763234606a333a,CSAWYNAGAYGYTF,0.02720239870695602,TCRBV20-X,TCRBJ01-02
1c32836501fb91ff3b763234606a333a,CASAHGGRWGRIWEKLFF,0.0268185709852842,TCRBV07-08,TCRBJ01-04
1c32836501fb91ff3b763234606a333a,CAWAPGYGYGYTF,0.02676373631543611,TCRBV30-01,TCRBJ01-02
1c32836501fb91ff3b763234606a333a,CASYHSRYNYGYTF,0.026748551925654417,TCRBV19-01,TCRBJ01-02
1c32836501fb91ff3b763234606a333a,KGYGNTIYF,0.026695555366721864,TCRBV27-01,TCRBJ01-03
1c32836501fb91ff3b763234606a333a,CASSYTEGGWGGYTF,0.026684242884012086,TCRBV06-06,TCRBJ01-02
1c32836501fb91ff3b763234606a333a,CASTPPPHQPQHF,0.026626251881790085,TCRBV12-03/12-04,TCRBJ01-05
1c32836501fb91ff3b763234606a333a,CAWGPNYGYTF,0.02657883084076776,TCRBV30-01,TCRBJ01-02
1c32836501fb91ff3b763234606a333a,CASRYGTYYGYTF,0.02655235784783821,TCRBV19-01,TCRBJ01-02
1c32836501fb91ff3b763234606a333a,CASSGWRTGGWSGGYTF,0.026442914912054617,TCRBV07-02,TCRBJ01-02
1c32836501fb91ff3b763234606a333a,GHQPQHF,0.026345517659508974,TCRBV05-06,TCRBJ01-05
1c32836501fb91ff3b763234606a333a,CASSFGGPWSYGYTF,0.026320692872400936,TCRBV27-01,TCRBJ01-02
1c32836501fb91ff3b763234606a333a,RDPPRPQHF,0.026307647748949992,TCRBV19-01,TCRBJ01-05
1c32836501fb91ff3b763234606a333a,CASSGGWGYGYTF,0.026305762209187716,TCRBV06-05,TCRBJ01-02
1c32836501fb91ff3b763234606a333a,CTTWWAPNCYTF,0.026222686512662446,TCRBV29-01,TCRBJ01-02
1c32836501fb91ff3b763234606a333a,CASSFGGWYGYTF,0.02614697576437704,TCRBV28-01,TCRBJ01-02
1c32836501fb91ff3b763234606a333a,CASAPYPWQPQHF,0.026123244375139052,TCRBV19-01,TCRBJ01-05
1c32836501fb91ff3b763234606a333a,CASSVAYRGYYGYTF,0.026085238701806273,TCRBV09-01,TCRBJ01-02
1c32836501fb91ff3b763234606a333a,CAWSAPGGANYGYTF,0.026076901057051804,TCRBV30-01,TCRBJ01-02
1c32836501fb91ff3b763234606a333a,CASSYSSSTGGAGYGYTF,0.026058086926097734,TCRBV06-X,TCRBJ01-02
1c32836501fb91ff3b763234606a333a,CSAWIGGWYGYTF,0.026017888123454062,TCRBV20-X,TCRBJ01-02
1c32836501fb91ff3b763234606a333a,CASSYSSTGGYYGYTF,0.025931278200450734,TCRBV06-02/06-03,TCRBJ01-02
1c32836501fb91ff3b763234606a333a,CAWTIWGGAEAFF,0.025928161905401693,TCRBV30-01,TCRBJ01-01
1c32836501fb91ff3b763234606a333a,CASSYSPGAYYGYTF,0.02583582346104584,TCRBV06-05,TCRBJ01-02
1c32836501fb91ff3b763234606a333a,CAWGSWGGYYNEQFF,0.025800036041140974,TCRBV30-01,TCRBJ02-01
1c32836501fb91ff3b763234606a333a,CASSYYPGGRTEAFF,0.025709487016501095,TCRBV06-05,TCRBJ01-01
1c32836501fb91ff3b763234606a333a,CASSYSWGTNYGYTF,0.025687765231554693,TCRBV06-05,TCRBJ01-02
1c32836501fb91ff3b763234606a333a,CASSYYQGSNYGYTF,0.025665904808233636,TCRBV06-05,TCRBJ01-02
1c32836501fb91ff3b763234606a333a,CASGYSGTWGYGYTF,0.025620419924873843,TCRBV12-X,TCRBJ01-02
1c32836501fb91ff3b763234606a333a,CASGWGGYGYTF,0.025608237749796366,TCRBV28-01,TCRBJ01-02
1c32836501fb91ff3b763234606a333a,CASSPGHPPHGYTF,0.02557868422162418,TCRBV07-09,TCRBJ01-02
1c32836501fb91ff3b763234606a333a,CASSVHGTGHHNYGYTF,0.025570082457520234,TCRBV07-09,TCRBJ01-02
1c32836501fb91ff3b763234606a333a,CASTMWGGGAPGANVLTF,0.02556253317031305,TCRBV03-01/03-02,TCRBJ02-06
1c32836501fb91ff3b763234606a333a,CASSSPWGGSNSGNTIYF,0.025521535603960456,TCRBV07-02,TCRBJ01-03
1c32836501fb91ff3b763234606a333a,CASSYGGPYGYTF,0.02549573269040756,TCRBV06-02/06-03,TCRBJ01-02
1c32836501fb91ff3b763234606a333a,CACPYTGPGANVLTF,0.025415504165111236,TCRBV30-01,TCRBJ02-06
1c32836501fb91ff3b763234606a333a,CASSYSPWSGGNYGYTF,0.025382448288164494,TCRBV06-X,TCRBJ01-02
1c32836501fb91ff3b763234606a333a,CAWSVFPAGYYGYTF,0.025339487015065717,TCRBV30-01,TCRBJ01-02
1c32836501fb91ff3b763234606a333a,CASSKWGGINYGYTF,0.025266094220818134,TCRBV04-03,TCRBJ01-02
1c32836501fb91ff3b763234606a333a,CASGLPIVGNEQFF,0.025214055656281008,TCRBV27-01,TCRBJ02-01
1c32836501fb91ff3b763234606a333a,CASSYRGHPSHNYGYTF,0.025143997087859433,TCRBV06-X,TCRBJ01-02
1c32836501fb91ff3b763234606a333a,CASMRVYYGYTF,0.02514202187017686,TCRBV06-05,TCRBJ01-02
1c32836501fb91ff3b763234606a333a,CATGWPYGYTF,0.02514148426313424,TCRBV28-01,TCRBJ01-02
1c32836501fb91ff3b763234606a333a,CAPQHF,0.02513033436430029,TCRBV10-01,TCRBJ01-05
1c32836501fb91ff3b763234606a333a,CASSHGPHGYTF,0.025128550009914683,TCRBV06-05,TCRBJ01-02
1c32836501fb91ff3b763234606a333a,YGYTF,0.025059360734219733,TCRBV27-01,TCRBJ01-02
1c32836501fb91ff3b763234606a333a,CASSWGGVPYGYTF,0.025005692324580813,TCRBV12-X,TCRBJ01-02
1c32836501fb91ff3b763234606a333a,CAWSVGWGANVLTF,0.024995321582184274,TCRBV30-01,TCRBJ02-06
1c32836501fb91ff3b763234606a333a,CASHYLYAGGNTEAFF,0.024991777487167396,TCRBV06-X,TCRBJ01-01
1c32836501fb91ff3b763234606a333a,CASSPYYGYTF,0.024954330087455213,TCRBV19-01,TCRBJ01-02
1c32836501fb91ff3b763234606a333a,CASSYYPGGRNEQFF,0.024914103473601613,TCRBV06-05,TCRBJ02-01
1c32836501fb91ff3b763234606a333a,CASGGWGKIANYGYTF,0.024901215188628995,TCRBV27-01,TCRBJ01-02
1c32836501fb91ff3b763234606a333a,CASSRGHIYIHPLHF,0.02489538336011506,TCRBV06-06,TCRBJ01-06
1c32836501fb91ff3b763234606a333a,CASSSYPPGPHQPQHF,0.02486785427791625,TCRBV07-09,TCRBJ01-05
1c32836501fb91ff3b763234606a333a,CASTPFGGNNYGYTF,0.024838893755768397,TCRBV28-01,TCRBJ01-02
1c32836501fb91ff3b763234606a333a,CASAWGGSFF,0.02475378770399617,TCRBV07-09,TCRBJ01-01
1c32836501fb91ff3b763234606a333a,CASRPGGGNTNYGYTF,0.024727571208212375,TCRBV19-01,TCRBJ01-02
1c32836501fb91ff3b763234606a333a,CATSHKGHFNYGYTF,0.02472424089530748,TCRBV15-01,TCRBJ01-02
1c32836501fb91ff3b763234606a333a,CASSLKGKGWIYGYTF,0.02471568642457461,TCRBV11-03,TCRBJ01-02
1c32836501fb91ff3b763234606a333a,CAWHTGANVLTF,0.02469212303255619,TCRBV30-01,TCRBJ02-06
1c32836501fb91ff3b763234606a333a,CASSYGGPFNYGYTF,0.02467863076829981,TCRBV06-05,TCRBJ01-02
1c32836501fb91ff3b763234606a333a,CASSYYGSHGYTF,0.024666426191209335,TCRBV06-05,TCRBJ01-02
1c32836501fb91ff3b763234606a333a,CASSAAAAVYYF,0.024648658396262797,TCRBV14-01,TCRBJ02-07
1c32836501fb91ff3b763234606a333a,CASSLWGALTEAFF,0.024638593846200027,TCRBV28-01,TCRBJ01-01
1c32836501fb91ff3b763234606a333a,CASRWDGYNYGYTF,0.024604395747550026,TCRBV02-01,TCRBJ01-02
1c32836501fb91ff3b763234606a333a,CAWSPKHPPLHF,0.024592334189471026,TCRBV30-01,TCRBJ01-06
1c32836501fb91ff3b763234606a333a,CATSPGPYYGYTF,0.02457774903944552,TCRBV24-01,TCRBJ01-02
1c32836501fb91ff3b763234606a333a,CASSYSGPYGYTF,0.02456671858507507,TCRBV06-02/06-03,TCRBJ01-02
1c32836501fb91ff3b763234606a333a,CAHDRYYGYTF,0.02455374708637174,TCRBV30-01,TCRBJ01-02
1c32836501fb91ff3b763234606a333a,CASEDTGWWGDHGYTF,0.024519596788066554,TCRBV07-02,TCRBJ01-02
1c32836501fb91ff3b763234606a333a,CASSFTGTGGCTF,0.024518989469814883,TCRBV14-01,TCRBJ01-02
1c32836501fb91ff3b763234606a333a,CASAGTGGPYNYGYTF,0.024510876192420858,TCRBV06-06,TCRBJ01-02
1c32836501fb91ff3b763234606a333a,CASHWNYGYTF,0.024508242648335007,TCRBV06-06,TCRBJ01-02
1c32836501fb91ff3b763234606a333a,CAWSVGGGVYF,0.02450762420449623,TCRBV30-01,TCRBJ02-03
1c32836501fb91ff3b763234606a333a,CAWAPGGVGAFF,0.024506173628643248,TCRBV30-01,TCRBJ01-01
1c32836501fb91ff3b763234606a333a,CASSYNGGPTNYGYTF,0.024503349663120927,TCRBV06-06,TCRBJ01-02
1e7ac04e6736a02999151ca6b5bb2a17,CATGGQGAQGANVLTF,0.03923172268734889,TCRBV19-01,TCRBJ02-06
1e7ac04e6736a02999151ca6b5bb2a17,CAWRGYYYGYTF,0.03597057662686002,TCRBV30-01,TCRBJ01-02
1e7ac04e6736a02999151ca6b5bb2a17,CSAYYYGYTF,0.035304512923864856,TCRBV20-01,TCRBJ01-02
1e7ac04e6736a02999151ca6b5bb2a17,CASSYYYGYTF,0.03404899211087026,TCRBV28-01,TCRBJ01-02
1e7ac04e6736a02999151ca6b5bb2a17,CAWIPGNHEQYF,0.03323212451112224,TCRBV30-01,TCRBJ02-07
1e7ac04e6736a02999151ca6b5bb2a17,CASSNNNNKGYTF,0.03317510589731084,TCRBV27-01,TCRBJ01-02
1e7ac04e6736a02999151ca6b5bb2a17,YYGYTF,0.032555094264332875,TCRBV19-01,TCRBJ01-02
1e7ac04e6736a02999151ca6b5bb2a17,CASNKGFGYIYGYTF,0.032440130140434204,TCRBV05-08,TCRBJ01-02
1e7ac04e6736a02999151ca6b5bb2a17,WPYRGNFF,0.032045895035520494,TCRBV28-01,TCRBJ02-03
1e7ac04e6736a02999151ca6b5bb2a17,CASTQGYRGGKGLNGYTF,0.03150646271703706,TCRBV06-X,TCRBJ01-02
1e7ac04e6736a02999151ca6b5bb2a17,CASSYYSDYYGYTF,0.03128783878436756,TCRBV06-02/06-03,TCRBJ01-02
1e7ac04e6736a02999151ca6b5bb2a17,CASSYGGTYTYGYTF,0.030429661931834294,TCRBV06-05,TCRBJ01-02
1e7ac04e6736a02999151ca6b5bb2a17,CASSNWGGGNYGYTF,0.030236191088881762,TCRBV06-06,TCRBJ01-02
1e7ac04e6736a02999151ca6b5bb2a17,CASSSYNYYGYTF,0.02968597790082526,TCRBV06-05,TCRBJ01-02
1e7ac04e6736a02999151ca6b5bb2a17,CASSYYYTTANYGYTF,0.029521620985923466,TCRBV06-05,TCRBJ01-02
1e7ac04e6736a02999151ca6b5bb2a17,CASSYYPNYGYTF,0.02949222554201749,TCRBV06-05,TCRBJ01-02
1e7ac04e6736a02999151ca6b5bb2a17,CASSYTGYYGYTF,0.029406522969498614,TCRBV06-05,TCRBJ01-02
1e7ac04e6736a02999151ca6b5bb2a17,CASWGLAGGPDYNEQFF,0.029355834921684004,TCRBV06-X,TCRBJ02-01
1e7ac04e6736a02999151ca6b5bb2a17,CASSPGYIHRGGGFYWFF,0.02910977065811215,TCRBV18-01,TCRBJ02-01
1e7ac04e6736a02999151ca6b5bb2a17,CASSYYRSFYGYTF,0.028770472303192237,TCRBV06-05,TCRBJ01-02
1e7ac04e6736a02999151ca6b5bb2a17,CAWTGPYYGYTF,0.028632017452845486,TCRBV30-01,TCRBJ01-02
1e7ac04e6736a02999151ca6b5bb2a17,HLRAYGYTF,0.028626494387577837,TCRBV25-01,TCRBJ01-02
1e7ac04e6736a02999151ca6b5bb2a17,CASFNPGAYNYGYTF,0.028567800377660626,TCRBV02-01,TCRBJ01-02
1e7ac04e6736a02999151ca6b5bb2a17,CASSWTGGWGSYGYTF,0.028169222829818357,TCRBV12-X,TCRBJ01-02
1e7ac04e6736a02999151ca6b5bb2a17,CAWFSGPWYGYTF,0.028022062168899717,TCRBV30-01,TCRBJ01-02
1e7ac04e6736a02999151ca6b5bb2a17,CASSYWFGTGGHYGYTF,0.027972380606060037,TCRBV06-X,TCRBJ01-02
1e7ac04e6736a02999151ca6b5bb2a17,CAWSGGGSYYGYTF,0.027935974756455848,TCRBV30-01,TCRBJ01-02
1e7ac04e6736a02999151ca6b5bb2a17,CASSYWGGQGAYGNTIYF,0.027916671371499353,TCRBV06-X,TCRBJ01-03
1e7ac04e6736a02999151ca6b5bb2a17,TQYF,0.02788408084198733,TCRBV09-01,TCRBJ02-03
1e7ac04e6736a02999151ca6b5bb2a17,CAWSVAWGANVLTF,0.027746187119790298,TCRBV30-01,TCRBJ02-06
1e7ac04e6736a02999151ca6b5bb2a17,CASSYFGYKGYGYTF,0.027726656026507656,TCRBV06-05,TCRBJ01-02
1e7ac04e6736a02999151ca6b5bb2a17,CASSYSHGYYGYTF,0.02769675280103597,TCRBV06-05,TCRBJ01-02
1e7ac04e6736a02999151ca6b5bb2a17,CAWGGPRKFF,0.027695314639231673,TCRBV30-01,TCRBJ02-01
1e7ac04e6736a02999151ca6b5bb2a17,CASSYSSGNYYGYTF,0.027639282883866016,TCRBV06-06,TCRBJ01-02
1e7ac04e6736a02999151ca6b5bb2a17,CASSGWGHHYGYTF,0.027621805163616536,TCRBV02-01,TCRBJ01-02
1e7ac04e6736a02999151ca6b5bb2a17,CASSYSAYYGYTF,0.02760993528127876,TCRBV06-05,TCRBJ01-02
1e7ac04e6736a02999151ca6b5bb2a17,CAWSWFGAAFF,0.02751018040463563,TCRBV30-01,TCRBJ01-01
1e7ac04e6736a02999151ca6b5bb2a17,CASSGGWYKAYYGYTF,0.027436120998241022,TCRBV02-01,TCRBJ01-02
1e7ac04e6736a02999151ca6b5bb2a17,CASSYSYRPNYGYTF,0.027350755502013786,TCRBV06-05,TCRBJ01-02
1e7ac04e6736a02999151ca6b5bb2a17,CASSYYRGNYGYTF,0.027306094845495205,TCRBV06-05,TCRBJ01-02
1e7ac04e6736a02999151ca6b5bb2a17,CASSPYGAYYGYTF,0.02712596401968933,TCRBV27-01,TCRBJ01-02
1e7ac04e6736a02999151ca6b5bb2a17,CASSWGSYYGYTF,0.02706243790785132,TCRBV06-05,TCRBJ01-02
1e7ac04e6736a02999151ca6b5bb2a17,CSVVYSGGYYGYTF,0.027042629790026706,TCRBV29-01,TCRBJ01-02
1e7ac04e6736a02999151ca6b5bb2a17,CSVYKTGGYNYGYTF,0.027041326582171777,TCRBV29-01,TCRBJ01-02
1e7ac04e6736a02999151ca6b5bb2a17,CSAHKGIAYGYTF,0.026949570553507437,TCRBV20-X,TCRBJ01-02
1e7ac04e6736a02999151ca6b5bb2a17,CAWSVEGWYTEAFF,0.02671288771107561,TCRBV30-01,TCRBJ01-01
1e7ac04e6736a02999151ca6b5bb2a17,CSASNSGAGGGYGYTF,0.026693402755792205,TCRBV20-01,TCRBJ01-02
1e7ac04e6736a02999151ca6b5bb2a17,CATGHYYGYTF,0.026684459613744275,TCRBV19-01,TCRBJ01-02
1e7ac04e6736a02999151ca6b5bb2a17,CAWWEYGYTF,0.02665424698821887,TCRBV30-01,TCRBJ01-02
1e7ac04e6736a02999151ca6b5bb2a17,CSAKFWGAHYGYTF,0.026633993924745882,TCRBV20-X,TCRBJ01-02
1e7ac04e6736a02999151ca6b5bb2a17,CASWGYGYTF,0.026580954415647378,TCRBV30-01,TCRBJ01-02
1e7ac04e6736a02999151ca6b5bb2a17,CASSLYGYYGYTF,0.02655316052314471,TCRBV13-01,TCRBJ01-02
1e7ac04e6736a02999151ca6b5bb2a17,CASSHTYTGGAVYGYTF,0.026538691340632845,TCRBV18-01,TCRBJ01-02
1e7ac04e6736a02999151ca6b5bb2a17,CASSPWHHNYGYTF,0.026496778066803544,TCRBV18-01,TCRBJ01-02
1e7ac04e6736a02999151ca6b5bb2a17,CASSYSGYRRNYGYTF,0.026419782287064826,TCRBV06-07,TCRBJ01-02
1e7ac04e6736a02999151ca6b5bb2a17,CAGWGNYGYTF,0.026414472018354795,TCRBV06-05,TCRBJ01-02
1e7ac04e6736a02999151ca6b5bb2a17,CATAHTYGYTF,0.026409107616727295,TCRBV24-01,TCRBJ01-02
1e7ac04e6736a02999151ca6b5bb2a17,CASSYEGYYGYTF,0.0264081022925429,TCRBV06-06,TCRBJ01-02
1e7ac04e6736a02999151ca6b5bb2a17,CASSYWSPGANYGYTF,0.026356748555968278,TCRBV06-05,TCRBJ01-02
1e7ac04e6736a02999151ca6b5bb2a17,CATSGPGWYNYGYTF,0.026329871905916017,TCRBV15-01,TCRBJ01-02
1e7ac04e6736a02999151ca6b5bb2a17,CASSSHYYRPWEWYEQYF,0.026177859608324056,TCRBV21-01,TCRBJ02-07
1e7ac04e6736a02999151ca6b5bb2a17,CASGYYGYTF,0.026163631958661268,TCRBV30-01,TCRBJ01-02
1e7ac04e6736a02999151ca6b5bb2a17,CASYKVGFGYGYTF,0.026161622830035747,TCRBV06-05,TCRBJ01-02
1e7ac04e6736a02999151ca6b5bb2a17,ETQYF,0.02611368220022237,TCRBV24-01,TCRBJ02-05
1e7ac04e6736a02999151ca6b5bb2a17,CASMWGHGYTF,0.02607675119394572,TCRBV06-X,TCRBJ01-02
1e7ac04e6736a02999151ca6b5bb2a17,CASSYMGYGYTF,0.026023030151533972,TCRBV06-02/06-03,TCRBJ01-02
1e7ac04e6736a02999151ca6b5bb2a17,CASSFSVYTYGYTF,0.02601430560275452,TCRBV06-05,TCRBJ01-02
1e7ac04e6736a02999151ca6b5bb2a17,CASSFGGSFNYGYTF,0.025947782574003486,TCRBV07-02,TCRBJ01-02
1e7ac04e6736a02999151ca6b5bb2a17,CASSAWGGYGYTF,0.025937730240254513,TCRBV07-03,TCRBJ01-02
1e7ac04e6736a02999151ca6b5bb2a17,CASNYGPHANYGYTF,0.025886156141453967,TCRBV12-X,TCRBJ01-02
1e7ac04e6736a02999151ca6b5bb2a17,CASSPYRGWNYGYTF,0.02583195635717185,TCRBV27-01,TCRBJ01-02
1e7ac04e6736a02999151ca6b5bb2a17,CASSYGFGPYNYGYTF,0.025785002111824218,TCRBV06-05,TCRBJ01-02
1e7ac04e6736a02999151ca6b5bb2a17,CASSLGRGIGELFF,0.025766065339086732,TCRBV28-01,TCRBJ02-02
1e7ac04e6736a02999151ca6b5bb2a17,CASSWGGYGYTF,0.025745641031788894,TCRBV05-08,TCRBJ01-02
1e7ac04e6736a02999151ca6b5bb2a17,CASSYGNNPWYTF,0.025711347369373173,TCRBV06-05,TCRBJ01-02
1e7ac04e6736a02999151ca6b5bb2a17,CASGHQGPYYGYTF,0.025707470040405238,TCRBV06-X,TCRBJ01-02
1e7ac04e6736a02999151ca6b5bb2a17,CASNMWGANYGYTF,0.025693048150987018,TCRBV11-02,TCRBJ01-02
1e7ac04e6736a02999151ca6b5bb2a17,CASSHGYPYGYTF,0.02568625857745844,TCRBV04-03,TCRBJ01-02
1e7ac04e6736a02999151ca6b5bb2a17,CASSAPGHHQPQHF,0.025625149122251688,TCRBV12-X,TCRBJ01-05
1e7ac04e6736a02999151ca6b5bb2a17,CASMGGGHWGGYTF,0.02562136331551804,TCRBV06-06,TCRBJ01-02
1e7ac04e6736a02999151ca6b5bb2a17,CASSYSWGASNYGYTF,0.02561458772428157,TCRBV06-05,TCRBJ01-02
1e7ac04e6736a02999151ca6b5bb2a17,CASSGGFFNYGYTF,0.025580311015942672,TCRBV18-01,TCRBJ01-02
1e7ac04e6736a02999151ca6b5bb2a17,CASSRWGGHIYGYTF,0.025573485098024425,TCRBV05-06,TCRBJ01-02
1e7ac04e6736a02999151ca6b5bb2a17,CAWNRIWAFF,0.025553734843195862,TCRBV30-01,TCRBJ01-01
1e7ac04e6736a02999151ca6b5bb2a17,CASVYGGINYGYTF,0.025503233139119636,TCRBV07-02,TCRBJ01-02
1e7ac04e6736a02999151ca6b5bb2a17,CASVHRDYYF,0.025495035186783793,TCRBV02-01,TCRBJ02-03
1e7ac04e6736a02999151ca6b5bb2a17,CASNPWGGDFYGYTF,0.025492948710453735,TCRBV05-06,TCRBJ01-02
1e7ac04e6736a02999151ca6b5bb2a17,CAWSEGFWRGYTF,0.02539044136007219,TCRBV30-01,TCRBJ01-02
1e7ac04e6736a02999151ca6b5bb2a17,CASSYYDYGYTF,0.025377789251781805,TCRBV06-02/06-03,TCRBJ01-02
1e7ac04e6736a02999151ca6b5bb2a17,CASSYSYSGGYGYTF,0.0253399934153765,TCRBV06-05,TCRBJ01-02
1e7ac04e6736a02999151ca6b5bb2a17,CAWSGGGPYGYTF,0.02528438222041507,TCRBV30-01,TCRBJ01-02
1e7ac04e6736a02999151ca6b5bb2a17,CASSYHGFNYGYTF,0.02525475990215734,TCRBV05-06,TCRBJ01-02
1e7ac04e6736a02999151ca6b5bb2a17,CASSYHRGYGYTF,0.025242684025430954,TCRBV11-01,TCRBJ01-02
1e7ac04e6736a02999151ca6b5bb2a17,CASTPVGGPTYNYGYTF,0.025202070490316295,TCRBV07-09,TCRBJ01-02
1e7ac04e6736a02999151ca6b5bb2a17,CASSFPPHTYGYTF,0.025184051199829437,TCRBV28-01,TCRBJ01-02
1e7ac04e6736a02999151ca6b5bb2a17,CASTPWGGANYGYTF,0.025176981583259685,TCRBV07-09,TCRBJ01-02
1e7ac04e6736a02999151ca6b5bb2a17,CSTYHYGTGNYGYTF,0.025173444574638184,TCRBV20-X,TCRBJ01-02
1e7ac04e6736a02999151ca6b5bb2a17,CASSPWTGGWYGYTF,0.02516915049528893,TCRBV12-X,TCRBJ01-02
1e7ac04e6736a02999151ca6b5bb2a17,CAWGGGKVYGYTF,0.025143035757412172,TCRBV30-01,TCRBJ01-02
1efcad4c714c1290ecf3c7839ce546e0,CAKF,0.04822151161940363,TCRBV03-01/03-02,TCRBJ02-07
1efcad4c714c1290ecf3c7839ce546e0,YF,0.043498104297022874,TCRBV20-01,TCRBJ02-04
1efcad4c714c1290ecf3c7839ce546e0,CAWGGFGAWWGYTF,0.04033369516440255,TCRBV30-01,TCRBJ01-02
1efcad4c714c1290ecf3c7839ce546e0,CASSPLPGPRGRGVFGNTIYF,0.034608566526444555,TCRBV18-01,TCRBJ01-03
1efcad4c714c1290ecf3c7839ce546e0,CASSYFGYNYGYTF,0.033219476589261554,TCRBV06-02/06-03,TCRBJ01-02
1efcad4c714c1290ecf3c7839ce546e0,HWGVYGYTF,0.03286764822665777,TCRBV05-03,TCRBJ01-02
1efcad4c714c1290ecf3c7839ce546e0,CSAGYWGNYGYTF,0.03227525561187927,TCRBV20-X,TCRBJ01-02
1efcad4c714c1290ecf3c7839ce546e0,CAWSGWGPYGYTF,0.03182639477239503,TCRBV30-01,TCRBJ01-02
1efcad4c714c1290ecf3c7839ce546e0,CASSWGPYYGYTF,0.03174805871223524,TCRBV28-01,TCRBJ01-02
1efcad4c714c1290ecf3c7839ce546e0,FWTPEAFF,0.03169810554692785,TCRBV30-01,TCRBJ01-01
1efcad4c714c1290ecf3c7839ce546e0,CASSYWAGPYGYTF,0.03155801999001475,TCRBV06-06,TCRBJ01-02
1efcad4c714c1290ecf3c7839ce546e0,CASSYFGWWDYGYTF,0.031355523342798335,TCRBV06-02/06-03,TCRBJ01-02
1efcad4c714c1290ecf3c7839ce546e0,CAWLKAFF,0.03131281678009985,TCRBV30-01,TCRBJ01-01
1efcad4c714c1290ecf3c7839ce546e0,WVAFF,0.03128640441404848,TCRBV11-03,TCRBJ01-01
1efcad4c714c1290ecf3c7839ce546e0,CAWSWGGYGYTF,0.031140340733038407,TCRBV30-01,TCRBJ01-02
1efcad4c714c1290ecf3c7839ce546e0,CASSVVGWFTEAFF,0.030817969225178665,TCRBV11-02,TCRBJ01-01
1efcad4c714c1290ecf3c7839ce546e0,CSAWKFF,0.03078947428777311,TCRBV20-01,TCRBJ02-01
1efcad4c714c1290ecf3c7839ce546e0,CASSYSYYGNGYTF,0.03059982183772581,TCRBV06-05,TCRBJ01-02
1efcad4c714c1290ecf3c7839ce546e0,CASSYYQGYYGYTF,0.030466521798894138,TCRBV06-09,TCRBJ01-02
1efcad4c714c1290ecf3c7839ce546e0,WHWATEAFF,0.030440320597480038,TCRBV19-01,TCRBJ01-01
1efcad4c714c1290ecf3c7839ce546e0,VCYYGYTF,0.030411849279958648,TCRBV20-01,TCRBJ01-02
1efcad4c714c1290ecf3c7839ce546e0,CASSYSYYGYTF,0.030263355563056,TCRBV06-02/06-03,TCRBJ01-02
1efcad4c714c1290ecf3c7839ce546e0,CARIWYF,0.0302108401498522,TCRBV12-03/12-04,TCRBJ02-03
1efcad4c714c1290ecf3c7839ce546e0,RGGGHIYGYTF,0.030028741881675244,TCRBV21-01,TCRBJ01-02
1efcad4c714c1290ecf3c7839ce546e0,WDSPLHF,0.029985227465881358,TCRBV19-01,TCRBJ01-06
1efcad4c714c1290ecf3c7839ce546e0,CASSYYRNYGYTF,0.02979071033998344,TCRBV06-02/06-03,TCRBJ01-02
1efcad4c714c1290ecf3c7839ce546e0,CAIHPGAWVPYGYTF,0.02970636938296541,TCRBV28-01,TCRBJ01-02
1efcad4c714c1290ecf3c7839ce546e0,CASHHALHRGHNYGYTF,0.029591024888588988,TCRBV02-01,TCRBJ01-02
1efcad4c714c1290ecf3c7839ce546e0,RIPWTF,0.02946480153783299,TCRBV03-01/03-02,TCRBJ02-06
1efcad4c714c1290ecf3c7839ce546e0,CASSSTGGSYYHYGYTF,0.029427313930016713,TCRBV07-02,TCRBJ01-02
1efcad4c714c1290ecf3c7839ce546e0,CASSWGYGGGANYGYTF,0.02942510771413634,TCRBV28-01,TCRBJ01-02
1efcad4c714c1290ecf3c7839ce546e0,CASSYGNYYGYTF,0.029421398704982296,TCRBV07-02,TCRBJ01-02
1efcad4c714c1290ecf3c7839ce546e0,CAVHPGGGYYGYTF,0.029242433126553814,TCRBV06-05,TCRBJ01-02
1efcad4c714c1290ecf3c7839ce546e0,CASYHYYRVSFGYTF,0.0290803371369373,TCRBV12-X,TCRBJ01-02
1efcad4c714c1290ecf3c7839ce546e0,CASSYYSNYGYTF,0.02907679817025106,TCRBV25-01,TCRBJ01-02
1efcad4c714c1290ecf3c7839ce546e0,CAYPYTGYTF,0.029069630644951626,TCRBV10-02,TCRBJ01-02
1efcad4c714c1290ecf3c7839ce546e0,CASSSGGWFSGNTIYF,0.02906787267578089,TCRBV18-01,TCRBJ01-03
1efcad4c714c1290ecf3c7839ce546e0,CASSWYGYQPGTQYF,0.029010934984462455,TCRBV28-01,TCRBJ02-05
1efcad4c714c1290ecf3c7839ce546e0,KGKPPLHF,0.029005206712976787,TCRBV03-01/03-02,TCRBJ01-06
1efcad4c714c1290ecf3c7839ce546e0,CASNGLGPVLGKNTEAFF,0.02899648714063991,TCRBV19-01,TCRBJ01-01
1efcad4c714c1290ecf3c7839ce546e0,CACLPQPQHF,0.02889828725946767,TCRBV30-01,TCRBJ01-05
1efcad4c714c1290ecf3c7839ce546e0,WTSPLHF,0.02887874989417729,TCRBV28-01,TCRBJ01-06
1efcad4c714c1290ecf3c7839ce546e0,CAWMGPWEAFF,0.02883415166397685,TCRBV30-01,TCRBJ01-01
1efcad4c714c1290ecf3c7839ce546e0,CARYF,0.028834033158569618,TCRBV27-01,TCRBJ02-05
1efcad4c714c1290ecf3c7839ce546e0,CASSFFGPWRYYGYTF,0.028761468222300534,TCRBV12-X,TCRBJ01-02
1efcad4c714c1290ecf3c7839ce546e0,CAWSAYTGPYGYTF,0.02874153475882503,TCRBV30-01,TCRBJ01-02
1efcad4c714c1290ecf3c7839ce546e0,RYSPLHF,0.028628317614111908,TCRBV28-01,TCRBJ01-06
1efcad4c714c1290ecf3c7839ce546e0,CASSYSNYYGYTF,0.02855509610051082,TCRBV12-03/12-04,TCRBJ01-02
1efcad4c714c1290ecf3c7839ce546e0,CASSLYWGYAYGYTF,0.028486699546237552,TCRBV27-01,TCRBJ01-02
1efcad4c714c1290ecf3c7839ce546e0,CAGWGYGYTF,0.02847347791549208,TCRBV15-01,TCRBJ01-02
1efcad4c714c1290ecf3c7839ce546e0,CASSYNPFYGYTF,0.028432834466095108,TCRBV06-05,TCRBJ01-02
1efcad4c714c1290ecf3c7839ce546e0,CASSYGYYGYTF,0.028340804233801975,TCRBV06-05,TCRBJ01-02
1efcad4c714c1290ecf3c7839ce546e0,CAWTYGYGYTF,0.028146418721190183,TCRBV30-01,TCRBJ01-02
1efcad4c714c1290ecf3c7839ce546e0,CAWAPAGYYGYTF,0.028134396740293777,TCRBV30-01,TCRBJ01-02
1efcad4c714c1290ecf3c7839ce546e0,CAWSDLGRGLGELFF,0.02806224594518316,TCRBV30-01,TCRBJ02-02
1efcad4c714c1290ecf3c7839ce546e0,CASSYDPWGYTF,0.02801690982612753,TCRBV06-02/06-03,TCRBJ01-02
1efcad4c714c1290ecf3c7839ce546e0,CASSYYRGVYGYTF,0.028003828568990717,TCRBV06-05,TCRBJ01-02
1efcad4c714c1290ecf3c7839ce546e0,CAWSGWSAYNYGYTF,0.027997404519593632,TCRBV30-01,TCRBJ01-02
1efcad4c714c1290ecf3c7839ce546e0,CATHPGGRWWQPQHF,0.027980835135792418,TCRBV19-01,TCRBJ01-05
1efcad4c714c1290ecf3c7839ce546e0,CANPYTF,0.027975618838622263,TCRBV27-01,TCRBJ01-02
1efcad4c714c1290ecf3c7839ce546e0,CASSHYGNNYGYTF,0.027878119613571787,TCRBV04-02,TCRBJ01-02
1efcad4c714c1290ecf3c7839ce546e0,CAWSGYYGYTF,0.027864457079023366,TCRBV30-01,TCRBJ01-02
1efcad4c714c1290ecf3c7839ce546e0,GHPPLHF,0.027848056099633887,TCRBV05-03,TCRBJ01-06
1efcad4c714c1290ecf3c7839ce546e0,CAWSSPGGTDYEQYF,0.027781401243991057,TCRBV30-01,TCRBJ02-07
1efcad4c714c1290ecf3c7839ce546e0,CASYTVYYGYTF,0.027760671673286885,TCRBV06-X,TCRBJ01-02
1efcad4c714c1290ecf3c7839ce546e0,CASSYYSGSSNYGYTF,0.0277472403234926,TCRBV06-06,TCRBJ01-02
1efcad4c714c1290ecf3c7839ce546e0,CASSPGWGSYNYGYTF,0.027735740799382385,TCRBV07-02,TCRBJ01-02
1efcad4c714c1290ecf3c7839ce546e0,CSARVEGYIYGYTF,0.027729201335548428,TCRBV20-X,TCRBJ01-02
1efcad4c714c1290ecf3c7839ce546e0,CASSYGVYYGYTF,0.02769956352534068,TCRBV06-02/06-03,TCRBJ01-02
1efcad4c714c1290ecf3c7839ce546e0,CAWGGPEAFF,0.0276465516138567,TCRBV30-01,TCRBJ01-01
1efcad4c714c1290ecf3c7839ce546e0,CASSYSAYYGYTF,0.02760993528127876,TCRBV27-01,TCRBJ01-02
1efcad4c714c1290ecf3c7839ce546e0,CASGGYYGYTF,0.02755365292959195,TCRBV06-X,TCRBJ01-02
1efcad4c714c1290ecf3c7839ce546e0,CASSYYPSTYGYTF,0.027537491957321438,TCRBV06-05,TCRBJ01-02
1efcad4c714c1290ecf3c7839ce546e0,CASICVNGYGYTF,0.027425346142620433,TCRBV11-03,TCRBJ01-02
1efcad4c714c1290ecf3c7839ce546e0,CASWGGYGYTF,0.027387826882998356,TCRBV19-01,TCRBJ01-02
1efcad4c714c1290ecf3c7839ce546e0,CASGGYNYGYTF,0.02732262755907126,TCRBV09-01,TCRBJ01-02
1efcad4c714c1290ecf3c7839ce546e0,CASSYYWRGTGYTFF,0.027298022055294528,TCRBV05-06,TCRBJ01-01
1efcad4c714c1290ecf3c7839ce546e0,CAWSVWAEAFF,0.027280521568274502,TCRBV30-01,TCRBJ01-01
1efcad4c714c1290ecf3c7839ce546e0,CASSHWPGYTF,0.027259341292600922,TCRBV03-01/03-02,TCRBJ01-02
1efcad4c714c1290ecf3c7839ce546e0,CATQGGGYYYGYTF,0.027188416427200473,TCRBV12-X,TCRBJ01-02
1efcad4c714c1290ecf3c7839ce546e0,CASSQYTYYYGYTF,0.027156603511424293,TCRBV23-01,TCRBJ01-02
1efcad4c714c1290ecf3c7839ce546e0,CASSSKTWGGFF,0.02704607864546473,TCRBV27-01,TCRBJ02-07
1efcad4c714c1290ecf3c7839ce546e0,CYRSGYGYTF,0.027022290401147564,TCRBV27-01,TCRBJ01-02
1efcad4c714c1290ecf3c7839ce546e0,CASSWGSYANYGYTF,0.02701223907714848,TCRBV05-01,TCRBJ01-02
1efcad4c714c1290ecf3c7839ce546e0,CASSYAPTGWGNYGYTF,0.02696804546989034,TCRBV06-X,TCRBJ01-02
1efcad4c714c1290ecf3c7839ce546e0,CPYWCYTF,0.026946468112687427,TCRBV07-07,TCRBJ01-02
1efcad4c714c1290ecf3c7839ce546e0,CSVCKTGAPYYTF,0.02692878380156932,TCRBV29-01,TCRBJ01-02
1efcad4c714c1290ecf3c7839ce546e0,CASSHIAWGWFGYTF,0.026892739297529,TCRBV05-08,TCRBJ01-02
1efcad4c714c1290ecf3c7839ce546e0,CASSYYSGYYEQYF,0.0268851112459073,TCRBV05-06,TCRBJ02-07
1efcad4c714c1290ecf3c7839ce546e0,CASSYGGFYGYTF,0.026884746349950795,TCRBV06-02/06-03,TCRBJ01-02
1efcad4c714c1290ecf3c7839ce546e0,CASSPYRGYYGYTF,0.026873421376229202,TCRBV05-04,TCRBJ01-02
1efcad4c714c1290ecf3c7839ce546e0,CAISGLGQGFAEAFF,0.026823502810094383,TCRBV10-03,TCRBJ01-01
1efcad4c714c1290ecf3c7839ce546e0,CAWGYHVGYTF,0.026810593253588758,TCRBV30-01,TCRBJ01-02
1efcad4c714c1290ecf3c7839ce546e0,CASSYVGFYGYIF,0.026804216150494123,TCRBV06-05,TCRBJ01-02
1efcad4c714c1290ecf3c7839ce546e0,CASHPGPYPNYGYTF,0.02680201459649103,TCRBV06-05,TCRBJ01-02
1efcad4c714c1290ecf3c7839ce546e0,CASSFGQGFGANYGYTF,0.026796699563482507,TCRBV07-09,TCRBJ01-02
1efcad4c714c1290ecf3c7839ce546e0,CASSGEGTAGSPYWGGWYYGYTF,0.026789626361271753,TCRBV09-01,TCRBJ01-02
1f8de89cadf315921c91ab20726b3984,CASSPGLAGVPYVGTDTQYF,0.04006070253163224,unresolved,TCRBJ02-03
1f8de89cadf315921c91ab20726b3984,FLRYF,0.03774266834138105,TCRBV09-01,TCRBJ02-05
1f8de89cadf315921c91ab20726b3984,HWAPLHF,0.03654512858060106,TCRBV19-01,TCRBJ01-06
1f8de89cadf315921c91ab20726b3984,FWGIIPYGYTF,0.03623763451325449,TCRBV24-01,TCRBJ01-02
1f8de89cadf315921c91ab20726b3984,HF,0.03464004506758951,TCRBV05-04,TCRBJ01-05
1f8de89cadf315921c91ab20726b3984,WHSGPGHQPQHF,0.03451336080746291,TCRBV21-01,TCRBJ01-05
1f8de89cadf315921c91ab20726b3984,CF,0.03292462706588887,TCRBV07-05,TCRBJ02-X
1f8de89cadf315921c91ab20726b3984,CASSWNGGWGGYTF,0.03243437774884871,TCRBV06-05,TCRBJ01-02
1f8de89cadf315921c91ab20726b3984,CASSYSGFYWY,0.031733295898872735,TCRBV06-06,TCRBJ01-02
1f8de89cadf315921c91ab20726b3984,CASTGYYNRGPYYGYTF,0.03137791222540764,TCRBV19-01,TCRBJ01-02
1f8de89cadf315921c91ab20726b3984,CASSFWGNPNYGYTF,0.03070120853118789,TCRBV11-02,TCRBJ01-02
1f8de89cadf315921c91ab20726b3984,CAWAPGWGGNYGYTF,0.03021825933827567,TCRBV30-01,TCRBJ01-02
1f8de89cadf315921c91ab20726b3984,GGVYYGYTF,0.030069181307930227,TCRBV09-01,TCRBJ01-02
1f8de89cadf315921c91ab20726b3984,CASSYSGYYGYTF,0.029976799522669757,TCRBV06-02/06-03,TCRBJ01-02
1f8de89cadf315921c91ab20726b3984,CARKPF,0.02980976142447196,TCRBV13-01,TCRBJ02-07
1f8de89cadf315921c91ab20726b3984,CASSGWGNNYGYTF,0.029554561129097406,TCRBV25-01,TCRBJ01-02
1f8de89cadf315921c91ab20726b3984,CASSPWGGTYNNYGYTF,0.029532584549053442,TCRBV07-09,TCRBJ01-02
1f8de89cadf315921c91ab20726b3984,CASSYGGWNYGYTF,0.028889008589572128,TCRBV06-02/06-03,TCRBJ01-02
1f8de89cadf315921c91ab20726b3984,CASRDPWIKFF,0.02888408611461661,TCRBV06-X,TCRBJ02-01
1f8de89cadf315921c91ab20726b3984,CAWSLSGGPNTGELFF,0.0286543207947595,TCRBV30-01,TCRBJ02-02
1f8de89cadf315921c91ab20726b3984,CASSYGWSNYGYTF,0.02858300575024285,TCRBV06-05,TCRBJ01-02
1f8de89cadf315921c91ab20726b3984,CAWNPGAWNYGYTF,0.028523496479580652,TCRBV30-01,TCRBJ01-02
1f8de89cadf315921c91ab20726b3984,CASSYGYYGYTF,0.028340804233801975,TCRBV12-03/12-04,TCRBJ01-02
1f8de89cadf315921c91ab20726b3984,CAPPYF,0.02833192249593127,TCRBV19-01,TCRBJ02-03
1f8de89cadf315921c91ab20726b3984,CASSYGGWTSYGYTF,0.028296786392095225,TCRBV06-02/06-03,TCRBJ01-02
1f8de89cadf315921c91ab20726b3984,CSARPWHF,0.028031833693149998,TCRBV20-01,TCRBJ01-05
1f8de89cadf315921c91ab20726b3984,CASSNPWNRPYGYTF,0.0277556914780978,TCRBV21-01,TCRBJ01-02
1f8de89cadf315921c91ab20726b3984,CAWGDPEAFF,0.027743231925030545,TCRBV30-01,TCRBJ01-01
1f8de89cadf315921c91ab20726b3984,CASIGVWAFF,0.027654713324296223,TCRBV19-01,TCRBJ01-01
1f8de89cadf315921c91ab20726b3984,CASSFHIPRGYHYGYTF,0.027581631481897538,TCRBV27-01,TCRBJ01-02
1f8de89cadf315921c91ab20726b3984,CASSYGSYYGYTF,0.02755420552244958,TCRBV06-05,TCRBJ01-02
1f8de89cadf315921c91ab20726b3984,WGEGGFPYGYTF,0.027500166335641806,TCRBV03-01/03-02,TCRBJ01-02
1f8de89cadf315921c91ab20726b3984,CSSYTGGPYGYTF,0.027475575880662944,TCRBV20-X,TCRBJ01-02
1f8de89cadf315921c91ab20726b3984,CAIGWGYGYTF,0.027197686180288304,TCRBV28-01,TCRBJ01-02
1f8de89cadf315921c91ab20726b3984,CAWSVPGGYWNTEAFF,0.027140379341426556,TCRBV30-01,TCRBJ01-01
1f8de89cadf315921c91ab20726b3984,CASTWGWGDGGYTF,0.027003018246946835,TCRBV05-01,TCRBJ01-02
1f8de89cadf315921c91ab20726b3984,CASILWGPWGQYF,0.02699052715919649,TCRBV06-05,TCRBJ02-05
1f8de89cadf315921c91ab20726b3984,CASSSPWGAGGSYGYTF,0.02677770658487368,TCRBV07-06,TCRBJ01-02
1f8de89cadf315921c91ab20726b3984,CARVIHRHHNSPLHF,0.026748204348908757,TCRBV12-X,TCRBJ01-06
1f8de89cadf315921c91ab20726b3984,CASSYYYGSYEQYF,0.026723942249912334,TCRBV06-02/06-03,TCRBJ02-07
1f8de89cadf315921c91ab20726b3984,CATHPGQGAYHQPQHF,0.026713829932431644,TCRBV15-01,TCRBJ01-05
1f8de89cadf315921c91ab20726b3984,CAHVWGSGYGYTF,0.02670277946185774,TCRBV29-01,TCRBJ01-02
1f8de89cadf315921c91ab20726b3984,CAPPQPQHF,0.02666095441938306,TCRBV07-09,TCRBJ01-05
1f8de89cadf315921c91ab20726b3984,CSTWWGGEGNYGYTF,0.02662112056661135,TCRBV29-01,TCRBJ01-02
1f8de89cadf315921c91ab20726b3984,CASSYQGYYGYTF,0.026619094255559996,TCRBV06-02/06-03,TCRBJ01-02
1f8de89cadf315921c91ab20726b3984,CATRRAR,0.0266063050853929,TCRBV24-01,TCRBJ02-03
1f8de89cadf315921c91ab20726b3984,CAWGMGGWGYTF,0.02652412671270402,TCRBV30-01,TCRBJ01-02
1f8de89cadf315921c91ab20726b3984,CASSHFPGTGAHNYGYTF,0.026441708866355672,TCRBV14-01,TCRBJ01-02
1f8de89cadf315921c91ab20726b3984,CATHTF,0.026364732602919487,TCRBV07-X,TCRBJ01-02
1f8de89cadf315921c91ab20726b3984,CASSYSSRYYGYTF,0.02627071360380685,TCRBV06-02/06-03,TCRBJ01-02
1f8de89cadf315921c91ab20726b3984,CAWIGGWGYTF,0.026265351694716943,TCRBV30-01,TCRBJ01-02
1f8de89cadf315921c91ab20726b3984,CASYAGTYYGYTF,0.02621874480020721,TCRBV06-X,TCRBJ01-02
1f8de89cadf315921c91ab20726b3984,CPSHGAYYGYTF,0.026206947459749,TCRBV05-01,TCRBJ01-02
1f8de89cadf315921c91ab20726b3984,F,0.026169089102652747,TCRBV20-01,TCRBJ02-05
1f8de89cadf315921c91ab20726b3984,CAPGHF,0.026149580318088977,TCRBV27-01,TCRBJ02-07
1f8de89cadf315921c91ab20726b3984,CSAPWGRYYGYTF,0.02612892537714221,TCRBV20-X,TCRBJ01-02
1f8de89cadf315921c91ab20726b3984,CASSHHYYEYF,0.026124143610103616,TCRBV03-01/03-02,TCRBJ02-05
1f8de89cadf315921c91ab20726b3984,CVKNPVWAAAFF,0.026116259270478358,TCRBV12-01,TCRBJ01-01
1f8de89cadf315921c91ab20726b3984,CASSYWTGGGYGYTF,0.026113476045293283,TCRBV06-05,TCRBJ01-02
1f8de89cadf315921c91ab20726b3984,CASRPVGTYSYNYGYTF,0.02610629041373955,TCRBV28-01,TCRBJ01-02
1f8de89cadf315921c91ab20726b3984,CAWSPYIGPWKGEAFF,0.02609110098140482,TCRBV30-01,TCRBJ01-01
1f8de89cadf315921c91ab20726b3984,WGNTEAFF,0.026074565407146,TCRBV30-01,TCRBJ01-01
1f8de89cadf315921c91ab20726b3984,CASMPAAYRYYGYTF,0.026055622834841988,TCRBV12-X,TCRBJ01-02
1f8de89cadf315921c91ab20726b3984,CASSYWGGYTF,0.026047131096727245,TCRBV12-03/12-04,TCRBJ01-02
1f8de89cadf315921c91ab20726b3984,CAWSYSYGYTF,0.026025326558704844,TCRBV30-01,TCRBJ01-02
1f8de89cadf315921c91ab20726b3984,CAWGWTEAFF,0.026017404787414943,TCRBV30-01,TCRBJ01-01
1f8de89cadf315921c91ab20726b3984,CASRPEYANAHVYGYTF,0.025952136648955088,TCRBV28-01,TCRBJ01-02
1f8de89cadf315921c91ab20726b3984,CASSLWTGGYYRYGYTF,0.02585269049993474,TCRBV28-01,TCRBJ01-02
1f8de89cadf315921c91ab20726b3984,CASAGPGGPHYYGYTF,0.025754346654627083,TCRBV06-X,TCRBJ01-02
1f8de89cadf315921c91ab20726b3984,CASSFNPGGPNYGYTF,0.025724917276433303,TCRBV28-01,TCRBJ01-02
1f8de89cadf315921c91ab20726b3984,CASSGWGPSNYGYTF,0.025712237279525738,TCRBV27-01,TCRBJ01-02
1f8de89cadf315921c91ab20726b3984,CASSPHWAFF,0.02570668329727362,TCRBV07-06,TCRBJ01-01
1f8de89cadf315921c91ab20726b3984,CASSYSAGAYVNYGYTF,0.02567775729092638,TCRBV06-X,TCRBJ01-02
1f8de89cadf315921c91ab20726b3984,CASSYYTGYGWDEQYF,0.025602950992773835,TCRBV07-09,TCRBJ02-07
1f8de89cadf315921c91ab20726b3984,CASSYYQGANYGYTF,0.025575566109402703,TCRBV06-02/06-03,TCRBJ01-02
1f8de89cadf315921c91ab20726b3984,CASIYYGYTF,0.025524230706914567,TCRBV19-01,TCRBJ01-02
1f8de89cadf315921c91ab20726b3984,CAIGHTHNYGYTF,0.025503428677178794,TCRBV10-03,TCRBJ01-02
1f8de89cadf315921c91ab20726b3984,CASSYGGPYGYTF,0.02549573269040756,TCRBV06-05,TCRBJ01-02
1f8de89cadf315921c91ab20726b3984,CASSYGWGYTF,0.02549473456993343,TCRBV06-02/06-03,TCRBJ01-02
1f8de89cadf315921c91ab20726b3984,CASNKVGQGLGKLFF,0.02547626140529813,TCRBV04-01,TCRBJ01-04
1f8de89cadf315921c91ab20726b3984,CASSYSNWSPYGYTF,0.02546094237992552,TCRBV06-05,TCRBJ01-02
1f8de89cadf315921c91ab20726b3984,CASSYYYQEGDYGYTF,0.025451440367055485,TCRBV05-05,TCRBJ01-02
1f8de89cadf315921c91ab20726b3984,CAWIGTGYPYGYTF,0.025447410522274918,TCRBV30-01,TCRBJ01-02
1f8de89cadf315921c91ab20726b3984,CAWAWTGPEAFF,0.02542145465726843,TCRBV30-01,TCRBJ01-01
1f8de89cadf315921c91ab20726b3984,CASSEWWGYTF,0.025415458397352604,TCRBV02-01,TCRBJ01-02
1f8de89cadf315921c91ab20726b3984,CASSPPPHQPQHF,0.025390013624414887,TCRBV07-X,TCRBJ01-05
1f8de89cadf315921c91ab20726b3984,CAWSADIWYGYTF,0.025347147372790018,TCRBV30-01,TCRBJ01-02
1f8de89cadf315921c91ab20726b3984,WGWGAPQETQYF,0.025323852341296173,TCRBV21-01,TCRBJ02-05
1f8de89cadf315921c91ab20726b3984,CASTGTGASYYYGYTF,0.025305940831164813,TCRBV02-01,TCRBJ01-02
1f8de89cadf315921c91ab20726b3984,CASSHGGQPYYGYTF,0.02526237035881308,TCRBV06-05,TCRBJ01-02
1f8de89cadf315921c91ab20726b3984,CSAFHPNYGYTF,0.025246001690485766,TCRBV20-X,TCRBJ01-02
1f8de89cadf315921c91ab20726b3984,CASTSFGFGYGYTF,0.02524069685653165,TCRBV19-01,TCRBJ01-02
1f8de89cadf315921c91ab20726b3984,CASHRGGGAWYGYTF,0.025202990088884342,TCRBV06-05,TCRBJ01-02
1f8de89cadf315921c91ab20726b3984,CASAKGPYYGYTF,0.025187974559200205,TCRBV18-01,TCRBJ01-02
1f8de89cadf315921c91ab20726b3984,CASSYPAHTYF,0.02517147587882822,TCRBV21-01,TCRBJ02-05
1f8de89cadf315921c91ab20726b3984,CASHPVGFNYGYTF,0.025122902801657968,TCRBV02-01,TCRBJ01-02
1f8de89cadf315921c91ab20726b3984,CAWPGYPVNYGYTF,0.02512150724995728,TCRBV30-01,TCRBJ01-02
1f8de89cadf315921c91ab20726b3984,CASSHPGHPANYGYTF,0.02508988090091468,TCRBV03-01/03-02,TCRBJ01-02
1f8de89cadf315921c91ab20726b3984,CASSLADRMKAFF,0.02508516048440623,TCRBV07-02,TCRBJ01-01
1f8de89cadf315921c91ab20726b3984,CASSMAPYYGYTF,0.025071182166200707,TCRBV19-01,TCRBJ01-02
2343d2d6e9e36c164c16b4f28650150d,CASSNHNWYGYYGYTF,0.03739616912991289,TCRBV21-01,TCRBJ01-02
2343d2d6e9e36c164c16b4f28650150d,CASYWGYGYTF,0.03286772401372835,TCRBV30-01,TCRBJ01-02
2343d2d6e9e36c164c16b4f28650150d,CAPKYF,0.03132557255462586,TCRBV04-X,TCRBJ02-07
2343d2d6e9e36c164c16b4f28650150d,CASSYWGGWQYF,0.03128693913408302,TCRBV06-02/06-03,TCRBJ02-07
2343d2d6e9e36c164c16b4f28650150d,RYGYTF,0.031254124439459664,TCRBV29-01,TCRBJ01-02
2343d2d6e9e36c164c16b4f28650150d,CASSWYGGANNYGYTF,0.03095835244518001,TCRBV05-08,TCRBJ01-02
2343d2d6e9e36c164c16b4f28650150d,CASYYRGNNYGYTF,0.03072689756084709,TCRBV28-01,TCRBJ01-02
2343d2d6e9e36c164c16b4f28650150d,STQYF,0.030577032426954077,TCRBV30-01,TCRBJ02-05
2343d2d6e9e36c164c16b4f28650150d,TTKYF,0.03030326910559979,TCRBV20-01,TCRBJ02-05
2343d2d6e9e36c164c16b4f28650150d,CASSLWGGYHANYGYTF,0.028915685027999453,TCRBV27-01,TCRBJ01-02
2343d2d6e9e36c164c16b4f28650150d,CASSYYGANYGYTF,0.028714468970997668,TCRBV06-02/06-03,TCRBJ01-02
2343d2d6e9e36c164c16b4f28650150d,WARIGWYTEAFF,0.028391770504385058,TCRBV07-04,TCRBJ01-01
2343d2d6e9e36c164c16b4f28650150d,YTF,0.028244634335945453,TCRBV20-01,TCRBJ01-02
2343d2d6e9e36c164c16b4f28650150d,CAWWIPWAGNTIYF,0.028229822843039633,TCRBV30-01,TCRBJ01-03
2343d2d6e9e36c164c16b4f28650150d,CASSYSGSYYGYTF,0.027661673379565307,TCRBV06-05,TCRBJ01-02
2343d2d6e9e36c164c16b4f28650150d,CASSYSYWDYGYTF,0.027547575118810345,TCRBV06-06,TCRBJ01-02
2343d2d6e9e36c164c16b4f28650150d,CAWSVWGAEAFF,0.027405036806835228,TCRBV30-01,TCRBJ01-01
2343d2d6e9e36c164c16b4f28650150d,CASGHPGQPWPQHF,0.027307513363545116,TCRBV12-05,TCRBJ01-05
2343d2d6e9e36c164c16b4f28650150d,CASSYPWKYF,0.027167920039629333,TCRBV06-06,TCRBJ02-07
2343d2d6e9e36c164c16b4f28650150d,CASTRRRVDRLEEKLFF,0.027148948357358923,TCRBV06-X,TCRBJ01-04
2343d2d6e9e36c164c16b4f28650150d,CASSYSTGWSYGYTF,0.027143155641270234,TCRBV06-05,TCRBJ01-02
2343d2d6e9e36c164c16b4f28650150d,CSACWGF,0.027138017185756053,TCRBV20-01,TCRBJ02-07
2343d2d6e9e36c164c16b4f28650150d,CASSYYTYGYTF,0.027062687442617986,TCRBV06-02/06-03,TCRBJ01-02
2343d2d6e9e36c164c16b4f28650150d,CAIIHRAYYGYTF,0.026871413797946615,TCRBV02-01,TCRBJ01-02
2343d2d6e9e36c164c16b4f28650150d,CASSFGDPGNPGNTIYF,0.02668174906721654,TCRBV07-09,TCRBJ01-03
2343d2d6e9e36c164c16b4f28650150d,CASSSGGNWNYGYTF,0.026652986724938498,TCRBV06-06,TCRBJ01-02
2343d2d6e9e36c164c16b4f28650150d,CAWGRDPYFHF,0.02663656994101683,TCRBV30-01,TCRBJ01-06
2343d2d6e9e36c164c16b4f28650150d,CAKIWGDEKLFF,0.026599444352749756,TCRBV05-01,TCRBJ01-04
2343d2d6e9e36c164c16b4f28650150d,CASSSYYGGHPNYGYTF,0.02632971604414108,TCRBV05-08,TCRBJ01-02
2343d2d6e9e36c164c16b4f28650150d,CASSYYSEDRYYGYTF,0.026301993050613953,TCRBV06-05,TCRBJ01-02
2343d2d6e9e36c164c16b4f28650150d,CSAINHPKAGHYGYTF,0.026252494770882647,TCRBV20-X,TCRBJ01-02
2343d2d6e9e36c164c16b4f28650150d,CATHPGTGFFGYGYTF,0.026153241691070986,TCRBV19-01,TCRBJ01-02
2343d2d6e9e36c164c16b4f28650150d,ETQYF,0.02611368220022237,TCRBV11-01,TCRBJ02-05
2343d2d6e9e36c164c16b4f28650150d,CASTLKHYPGANYGYTF,0.026093238132203475,TCRBV27-01,TCRBJ01-02
2343d2d6e9e36c164c16b4f28650150d,CASIPNWGVYGYTF,0.026056822330372324,TCRBV05-06,TCRBJ01-02
2343d2d6e9e36c164c16b4f28650150d,CARYGFMPYF,0.02604922391255539,TCRBV03-01/03-02,TCRBJ02-07
2343d2d6e9e36c164c16b4f28650150d,CAWSGYSGSNYGYTF,0.02599439300652415,TCRBV30-01,TCRBJ01-02
2343d2d6e9e36c164c16b4f28650150d,CASTFYSTGTGYSYGYTF,0.025992310514266325,TCRBV06-X,TCRBJ01-02
2343d2d6e9e36c164c16b4f28650150d,CATAGGGYNYGYTF,0.025938584104466603,TCRBV28-01,TCRBJ01-02
2343d2d6e9e36c164c16b4f28650150d,CAWIAHSYGYTF,0.02585400850105301,TCRBV30-01,TCRBJ01-02
2343d2d6e9e36c164c16b4f28650150d,CAWASGGGYYGYTF,0.025832269844602775,TCRBV30-01,TCRBJ01-02
2343d2d6e9e36c164c16b4f28650150d,CAWSVWWGEGEKLFF,0.025805137653304548,TCRBV30-01,TCRBJ01-04
2343d2d6e9e36c164c16b4f28650150d,CSAKNF,0.025803297663518472,TCRBV20-01,TCRBJ02-07
2343d2d6e9e36c164c16b4f28650150d,CAWIWVERAFF,0.02578782462891682,TCRBV30-01,TCRBJ01-01
2343d2d6e9e36c164c16b4f28650150d,CASSSYSPTGYYGYTF,0.02576301923849744,TCRBV02-01,TCRBJ01-02
2343d2d6e9e36c164c16b4f28650150d,CASKHIHAFF,0.02570222154870975,TCRBV28-01,TCRBJ01-01
2343d2d6e9e36c164c16b4f28650150d,CAWGVVYGYTF,0.02568200460879399,TCRBV30-01,TCRBJ01-02
2343d2d6e9e36c164c16b4f28650150d,CASSPWGGNYGYTF,0.02567197350828471,TCRBV27-01,TCRBJ01-02
2343d2d6e9e36c164c16b4f28650150d,CASSLLDRVKHAYGYTF,0.025630528166279202,TCRBV18-01,TCRBJ01-02
2343d2d6e9e36c164c16b4f28650150d,CASSYSFQGYYGYTF,0.025626359088066906,TCRBV06-05,TCRBJ01-02
2343d2d6e9e36c164c16b4f28650150d,CASSSIPWGYGYTF,0.025529276245785833,TCRBV07-02,TCRBJ01-02
2343d2d6e9e36c164c16b4f28650150d,CSPWAHPDGYTF,0.02549616512236794,TCRBV20-X,TCRBJ01-02
2343d2d6e9e36c164c16b4f28650150d,CASSSFGGGTTNYGYTF,0.025458960660504095,TCRBV28-01,TCRBJ01-02
2343d2d6e9e36c164c16b4f28650150d,CASSIGGIWGKLFF,0.025404327405335804,TCRBV19-01,TCRBJ01-04
2343d2d6e9e36c164c16b4f28650150d,CAWDSFPGGYYGYTF,0.025353369484130143,TCRBV30-01,TCRBJ01-02
2343d2d6e9e36c164c16b4f28650150d,CASSYYNQGGAFF,0.02531562819155248,TCRBV06-05,TCRBJ01-01
2343d2d6e9e36c164c16b4f28650150d,CASSYGAYYTQYF,0.02531188545438387,TCRBV06-05,TCRBJ02-03
2343d2d6e9e36c164c16b4f28650150d,CASSDNTGGWFEKLFF,0.025303060905517424,TCRBV19-01,TCRBJ01-04
2343d2d6e9e36c164c16b4f28650150d,CASIPFWGSGYTF,0.02529006625419458,TCRBV06-05,TCRBJ01-02
2343d2d6e9e36c164c16b4f28650150d,CASSYYGYTF,0.025281230020721406,TCRBV28-01,TCRBJ01-02
2343d2d6e9e36c164c16b4f28650150d,CAWAVGANVLTF,0.02525140003728347,TCRBV30-01,TCRBJ02-06
2343d2d6e9e36c164c16b4f28650150d,CASIWRGGYGYTF,0.025226486076153173,TCRBV05-08,TCRBJ01-02
2343d2d6e9e36c164c16b4f28650150d,CASSSWGTGGYSGNTIYF,0.025160614183668977,TCRBV06-X,TCRBJ01-03
2343d2d6e9e36c164c16b4f28650150d,WVPGTKNIQYF,0.025152033925401857,TCRBV11-03,TCRBJ02-04
2343d2d6e9e36c164c16b4f28650150d,CAWGPAVPSF,0.025144068677729538,TCRBV30-01,TCRBJ02-X
2343d2d6e9e36c164c16b4f28650150d,CAWSVWGVSTEAFF,0.02514293933414566,TCRBV30-01,TCRBJ01-01
2343d2d6e9e36c164c16b4f28650150d,CASHYAGGPPYF,0.025132346656689786,TCRBV02-01,TCRBJ02-03
2343d2d6e9e36c164c16b4f28650150d,CASRHYYGYTF,0.02511568061584479,TCRBV06-06,TCRBJ01-02
2343d2d6e9e36c164c16b4f28650150d,CASSWGGTGWKYF,0.025051725427660158,TCRBV07-02,TCRBJ02-07
2343d2d6e9e36c164c16b4f28650150d,CASSPWDSPFNGYTF,0.025047974125405246,TCRBV07-02,TCRBJ01-02
2343d2d6e9e36c164c16b4f28650150d,CACFHPEAFF,0.025027937151427492,TCRBV30-01,TCRBJ01-01
2343d2d6e9e36c164c16b4f28650150d,CASSPNVGYFPYGYTF,0.024991670009968887,TCRBV07-02,TCRBJ01-02
2343d2d6e9e36c164c16b4f28650150d,CASKYGYGYTF,0.024924309558602194,TCRBV06-05,TCRBJ01-02
2343d2d6e9e36c164c16b4f28650150d,WWTNYNSPLHF,0.024918394254453347,TCRBV14-01,TCRBJ01-06
2343d2d6e9e36c164c16b4f28650150d,CASSYSGGYSGNTIYF,0.024918373979074194,TCRBV07-06,TCRBJ01-03
2343d2d6e9e36c164c16b4f28650150d,CATPNPPEAFF,0.0248586185292446,TCRBV07-02,TCRBJ01-01
2343d2d6e9e36c164c16b4f28650150d,CASSHPGYGYTF,0.024762717759559356,TCRBV03-01/03-02,TCRBJ01-02
2343d2d6e9e36c164c16b4f28650150d,CASSWGTGGPYGYTF,0.024760588940809125,TCRBV06-05,TCRBJ01-02
2343d2d6e9e36c164c16b4f28650150d,CASSANPYGYTF,0.024745801526148116,TCRBV07-02,TCRBJ01-02
2343d2d6e9e36c164c16b4f28650150d,CASIPKPHFTYTF,0.024742572376405283,TCRBV06-01,TCRBJ01-02
2343d2d6e9e36c164c16b4f28650150d,CAWSVWGVNTEAFF,0.024733781677353094,TCRBV30-01,TCRBJ01-01
2343d2d6e9e36c164c16b4f28650150d,CASSYSWGGYTF,0.02470786304044196,TCRBV06-05,TCRBJ01-02
2343d2d6e9e36c164c16b4f28650150d,CASSGLGQGIGELFF,0.024690067588470796,TCRBV07-07,TCRBJ02-02
2343d2d6e9e36c164c16b4f28650150d,CASSYIVIYGYTF,0.02463841336557583,TCRBV06-02/06-03,TCRBJ01-02
2343d2d6e9e36c164c16b4f28650150d,CASSGHTYTEGSGGYGYTF,0.024633950461059664,TCRBV12-X,TCRBJ01-02
2343d2d6e9e36c164c16b4f28650150d,CASSYGGWTPSGGAFF,0.024632625777480585,TCRBV23-01,TCRBJ01-01
2343d2d6e9e36c164c16b4f28650150d,CATQFRGWGPSNYGYTF,0.024618794501660577,TCRBV28-01,TCRBJ01-02
2343d2d6e9e36c164c16b4f28650150d,CASHPGANVLTF,0.02459422727527698,TCRBV02-01,TCRBJ02-06
2343d2d6e9e36c164c16b4f28650150d,CATSRDPGWHPPQHF,0.024589995195046416,TCRBV15-01,TCRBJ01-05
2343d2d6e9e36c164c16b4f28650150d,GWLDYGYTF,0.02458752204442472,TCRBV06-04,TCRBJ01-02
2343d2d6e9e36c164c16b4f28650150d,CASSYHQGYNQPQHF,0.024577121741326407,TCRBV06-06,TCRBJ01-05
2343d2d6e9e36c164c16b4f28650150d,CASSFGGAPNYGYTF,0.02456925826194243,TCRBV05-01,TCRBJ01-02
2343d2d6e9e36c164c16b4f28650150d,CAWSVWGGVRTEAFF,0.02455690938018645,TCRBV30-01,TCRBJ01-01
2343d2d6e9e36c164c16b4f28650150d,CASSWWGYTF,0.024541188919330097,TCRBV07-03,TCRBJ01-02
2343d2d6e9e36c164c16b4f28650150d,CASHGWGGYTF,0.02454088357083903,TCRBV05-06,TCRBJ01-02
2343d2d6e9e36c164c16b4f28650150d,CASRYGYGYTF,0.024510367418087462,TCRBV19-01,TCRBJ01-02
2343d2d6e9e36c164c16b4f28650150d,CASSYGYGYTF,0.024498189835316132,TCRBV06-05,TCRBJ01-02
23cb2ed1e8eb43ca66e1bd696e578b9c,CAWGGWNYGYTF,0.03717424268029246,TCRBV30-01,TCRBJ01-02
23cb2ed1e8eb43ca66e1bd696e578b9c,CASGFGGGWNYGYTF,0.033871005107510455,TCRBV05-01,TCRBJ01-02
23cb2ed1e8eb43ca66e1bd696e578b9c,CAWSVWWAAEAFF,0.03349464705619203,TCRBV30-01,TCRBJ01-01
23cb2ed1e8eb43ca66e1bd696e578b9c,CASSNTFGGNSGNTIYF,0.03250359151955884,TCRBV03-01/03-02,TCRBJ01-03
23cb2ed1e8eb43ca66e1bd696e578b9c,CASSFYTPYYGYTF,0.032003612401702235,TCRBV05-04,TCRBJ01-02
23cb2ed1e8eb43ca66e1bd696e578b9c,CASSFNWGYNYGYTF,0.03140182489057531,TCRBV11-03,TCRBJ01-02
23cb2ed1e8eb43ca66e1bd696e578b9c,CASSWWGNYGYTF,0.03056572513020275,TCRBV07-09,TCRBJ01-02
23cb2ed1e8eb43ca66e1bd696e578b9c,CASSSWGGYYGYTF,0.03047315651710379,TCRBV05-01,TCRBJ01-02
23cb2ed1e8eb43ca66e1bd696e578b9c,CASSWVPYGYNYGYTF,0.030387049358787218,TCRBV05-04,TCRBJ01-02
23cb2ed1e8eb43ca66e1bd696e578b9c,CASIYIDIYGYTF,0.030135473518866758,TCRBV05-01,TCRBJ01-02
23cb2ed1e8eb43ca66e1bd696e578b9c,CSARWGYNYGYIF,0.03008709691393409,TCRBV29-01,TCRBJ01-02
23cb2ed1e8eb43ca66e1bd696e578b9c,CASSYSRGAWGANYGYTF,0.03006568390259643,TCRBV06-X,TCRBJ01-02
23cb2ed1e8eb43ca66e1bd696e578b9c,WSRHLYGYTF,0.02991202168105406,TCRBV24-01,TCRBJ01-02
23cb2ed1e8eb43ca66e1bd696e578b9c,CASSYNYYGYTF,0.029784881051386956,TCRBV07-02,TCRBJ01-02
23cb2ed1e8eb43ca66e1bd696e578b9c,CASSWGPWGNYGYTF,0.029393399176373982,TCRBV27-01,TCRBJ01-02
23cb2ed1e8eb43ca66e1bd696e578b9c,CASSYRGYYGYTF,0.02933977931009988,TCRBV06-05,TCRBJ01-02
23cb2ed1e8eb43ca66e1bd696e578b9c,CAWIYNYGYTF,0.029037392943957817,TCRBV30-01,TCRBJ01-02
23cb2ed1e8eb43ca66e1bd696e578b9c,CASSWSGYSNYGYTF,0.029037315640752567,TCRBV12-X,TCRBJ01-02
23cb2ed1e8eb43ca66e1bd696e578b9c,CASSQGPAGRKGNYGYTF,0.028971634798295183,TCRBV04-02,TCRBJ01-02
23cb2ed1e8eb43ca66e1bd696e578b9c,WLDTEAFF,0.02888624962938137,TCRBV30-01,TCRBJ01-01
23cb2ed1e8eb43ca66e1bd696e578b9c,APYRYTF,0.028644527736242632,TCRBV24-01,TCRBJ01-02
23cb2ed1e8eb43ca66e1bd696e578b9c,CASSHWGGGSNYGYTF,0.028549031998917517,TCRBV04-02,TCRBJ01-02
23cb2ed1e8eb43ca66e1bd696e578b9c,CASSYGYYGYTF,0.028340804233801975,TCRBV06-02/06-03,TCRBJ01-02
23cb2ed1e8eb43ca66e1bd696e578b9c,CASSYRSYYGYTF,0.028272662029176544,TCRBV06-02/06-03,TCRBJ01-02
23cb2ed1e8eb43ca66e1bd696e578b9c,CASSYYGYGYTF,0.028053995059192812,TCRBV11-03,TCRBJ01-02
23cb2ed1e8eb43ca66e1bd696e578b9c,CSARHPWGPQWPQHF,0.027887737351461585,TCRBV20-X,TCRBJ01-05
23cb2ed1e8eb43ca66e1bd696e578b9c,TQYF,0.027884071147928093,TCRBV27-01,TCRBJ02-03
23cb2ed1e8eb43ca66e1bd696e578b9c,CASWGSYNYGYTF,0.027870956468894387,TCRBV09-01,TCRBJ01-02
23cb2ed1e8eb43ca66e1bd696e578b9c,CASSTGGWGANYGYTF,0.02784462084622772,TCRBV19-01,TCRBJ01-02
23cb2ed1e8eb43ca66e1bd696e578b9c,CASSHHTRGPPGPPLHF,0.02780885027818488,TCRBV14-01,TCRBJ01-06
23cb2ed1e8eb43ca66e1bd696e578b9c,CASNPFGATYGYTF,0.027804580274162955,TCRBV05-06,TCRBJ01-02
23cb2ed1e8eb43ca66e1bd696e578b9c,CASSYHTGAHYGYTF,0.027696311393212006,TCRBV06-05,TCRBJ01-02
23cb2ed1e8eb43ca66e1bd696e578b9c,CAWIWETEAFF,0.027666738201821816,TCRBV30-01,TCRBJ01-01
23cb2ed1e8eb43ca66e1bd696e578b9c,CASSYSTGYYGYTF,0.02764570721156523,TCRBV06-02/06-03,TCRBJ01-02
23cb2ed1e8eb43ca66e1bd696e578b9c,CAWFGTGYYGYTF,0.02759757769014169,TCRBV30-01,TCRBJ01-02
23cb2ed1e8eb43ca66e1bd696e578b9c,CASSWGGGAPNYGYTF,0.02758954270096558,TCRBV07-02,TCRBJ01-02
23cb2ed1e8eb43ca66e1bd696e578b9c,CASSPGGSWWWDNYGYTF,0.027560025969381882,TCRBV05-04,TCRBJ01-02
23cb2ed1e8eb43ca66e1bd696e578b9c,CASSAYWGGDYGYTF,0.027513865823184474,TCRBV09-01,TCRBJ01-02
23cb2ed1e8eb43ca66e1bd696e578b9c,CASSPAYYNYGYTF,0.027494495234583156,TCRBV18-01,TCRBJ01-02
23cb2ed1e8eb43ca66e1bd696e578b9c,CASSPSGGWGNYGYTF,0.02746831898775008,TCRBV12-X,TCRBJ01-02
23cb2ed1e8eb43ca66e1bd696e578b9c,CASSYWGYPFYEQYF,0.027380565529465464,TCRBV06-02/06-03,TCRBJ02-07
23cb2ed1e8eb43ca66e1bd696e578b9c,CASYAPAQAHAPLHF,0.027321957510059704,TCRBV07-09,TCRBJ01-06
23cb2ed1e8eb43ca66e1bd696e578b9c,CSYWGGNGYTF,0.027201657393467072,TCRBV29-01,TCRBJ01-02
23cb2ed1e8eb43ca66e1bd696e578b9c,ARLQYF,0.02705361617285654,TCRBV19-01,TCRBJ02-07
23cb2ed1e8eb43ca66e1bd696e578b9c,CASAPAYAFF,0.02701699557172571,TCRBV09-01,TCRBJ01-01
23cb2ed1e8eb43ca66e1bd696e578b9c,CASYWDYGYTF,0.026956975615416955,TCRBV10-02,TCRBJ01-02
23cb2ed1e8eb43ca66e1bd696e578b9c,CASSAYGRYYGYTF,0.026870512929012807,TCRBV02-01,TCRBJ01-02
23cb2ed1e8eb43ca66e1bd696e578b9c,CAWVPPAGYTF,0.026856903719023915,TCRBV30-01,TCRBJ01-02
23cb2ed1e8eb43ca66e1bd696e578b9c,GRPYGYTF,0.026829590239950577,TCRBV21-01,TCRBJ01-02
23cb2ed1e8eb43ca66e1bd696e578b9c,CASSWPGYYGYTF,0.02680093720512566,TCRBV05-01,TCRBJ01-02
23cb2ed1e8eb43ca66e1bd696e578b9c,CASKGTYFGYYGYTF,0.026782206968278217,TCRBV19-01,TCRBJ01-02
23cb2ed1e8eb43ca66e1bd696e578b9c,CATCPNTGGYYGYTF,0.0267340319253431,TCRBV10-03,TCRBJ01-02
23cb2ed1e8eb43ca66e1bd696e578b9c,CASSWGPHYGYTF,0.02672163549544599,TCRBV25-01,TCRBJ01-02
23cb2ed1e8eb43ca66e1bd696e578b9c,CASSWGGWYQPQHF,0.02672138436854413,TCRBV07-02,TCRBJ01-05
23cb2ed1e8eb43ca66e1bd696e578b9c,CAWSVWGAEGYTF,0.026623397256615826,TCRBV30-01,TCRBJ01-02
23cb2ed1e8eb43ca66e1bd696e578b9c,CASSHPWGVPGYTF,0.026462819322901888,TCRBV23-01,TCRBJ01-02
23cb2ed1e8eb43ca66e1bd696e578b9c,CASSPPYPSLFPCPQHF,0.02645694180765507,TCRBV05-01,TCRBJ01-05
23cb2ed1e8eb43ca66e1bd696e578b9c,CAWGPAPLHF,0.026394451347284416,TCRBV30-01,TCRBJ01-06
23cb2ed1e8eb43ca66e1bd696e578b9c,CSARDPKAFF,0.02635918681395932,TCRBV20-01,TCRBJ01-01
23cb2ed1e8eb43ca66e1bd696e578b9c,CASSIPYTYYGYTF,0.026281869237427414,TCRBV19-01,TCRBJ01-02
23cb2ed1e8eb43ca66e1bd696e578b9c,CASSPYGNNYGYTF,0.02619801692952486,TCRBV18-01,TCRBJ01-02
23cb2ed1e8eb43ca66e1bd696e578b9c,CASIYRGYGYTF,0.02607782447448219,TCRBV12-03/12-04,TCRBJ01-02
23cb2ed1e8eb43ca66e1bd696e578b9c,CASSYRGGNYYGYTF,0.026042728249811048,TCRBV07-02,TCRBJ01-02
23cb2ed1e8eb43ca66e1bd696e578b9c,CASTFGGGFNYGYTF,0.026022021003395433,TCRBV05-01,TCRBJ01-02
23cb2ed1e8eb43ca66e1bd696e578b9c,CASSWGGFSGGNTIYF,0.026018607101980624,TCRBV28-01,TCRBJ01-03
23cb2ed1e8eb43ca66e1bd696e578b9c,CASSEARFIGYGYGYTF,0.02592355888631513,TCRBV06-01,TCRBJ01-02
23cb2ed1e8eb43ca66e1bd696e578b9c,CASSYFGYGYTF,0.025896512286414097,TCRBV06-02/06-03,TCRBJ01-02
23cb2ed1e8eb43ca66e1bd696e578b9c,CASTCWYF,0.02587595877657237,TCRBV25-01,TCRBJ02-07
23cb2ed1e8eb43ca66e1bd696e578b9c,CASRAGQGPYYNYGYTF,0.025870220158832436,TCRBV06-X,TCRBJ01-02
23cb2ed1e8eb43ca66e1bd696e578b9c,CASSYSTWGNYGYTF,0.025865795358942418,TCRBV06-06,TCRBJ01-02
23cb2ed1e8eb43ca66e1bd696e578b9c,CAWFAQTWGAHYGYTF,0.025855674860322957,TCRBV30-01,TCRBJ01-02
23cb2ed1e8eb43ca66e1bd696e578b9c,CASSYYRDRNYGYTF,0.02581468277674451,TCRBV06-05,TCRBJ01-02
23cb2ed1e8eb43ca66e1bd696e578b9c,CASWWGVEGYGYTF,0.025795768222031685,TCRBV28-01,TCRBJ01-02
23cb2ed1e8eb43ca66e1bd696e578b9c,CATHNGVKAFF,0.02577573708677532,TCRBV24-01,TCRBJ01-01
23cb2ed1e8eb43ca66e1bd696e578b9c,CASSWGGYGYTF,0.025745641031788894,TCRBV28-01,TCRBJ01-02
23cb2ed1e8eb43ca66e1bd696e578b9c,CASSYSGGGYSGNTIYF,0.02572361315145752,TCRBV06-X,TCRBJ01-03
23cb2ed1e8eb43ca66e1bd696e578b9c,CASSLYWGNGYGYTF,0.025649868461638334,TCRBV27-01,TCRBJ01-02
23cb2ed1e8eb43ca66e1bd696e578b9c,CASSYGNNYGYTF,0.025649239842551082,TCRBV07-03,TCRBJ01-02
23cb2ed1e8eb43ca66e1bd696e578b9c,CASSYSSGWSGYTF,0.025583790762612527,TCRBV06-02/06-03,TCRBJ01-02
23cb2ed1e8eb43ca66e1bd696e578b9c,CASSYWSYGYTF,0.0255807864451773,TCRBV05-01,TCRBJ01-02
23cb2ed1e8eb43ca66e1bd696e578b9c,CASSFGGNSNYGYTF,0.025573801472423344,TCRBV28-01,TCRBJ01-02
23cb2ed1e8eb43ca66e1bd696e578b9c,CASSFWGRGYGYTF,0.025535838529869296,TCRBV05-06,TCRBJ01-02
23cb2ed1e8eb43ca66e1bd696e578b9c,CASHPGHYGYTF,0.025515749036624392,TCRBV06-05,TCRBJ01-02
23cb2ed1e8eb43ca66e1bd696e578b9c,CASSYTHTGGGEAFF,0.02551001857079633,TCRBV06-05,TCRBJ01-01
23cb2ed1e8eb43ca66e1bd696e578b9c,CASSYYAANYGYTF,0.02550050168433958,TCRBV06-05,TCRBJ01-02
23cb2ed1e8eb43ca66e1bd696e578b9c,CASSYWRGGSSNGYTF,0.025499014612911396,TCRBV06-02/06-03,TCRBJ01-02
23cb2ed1e8eb43ca66e1bd696e578b9c,CASSYGWGYTF,0.02549473456993343,TCRBV06-02/06-03,TCRBJ01-02
23cb2ed1e8eb43ca66e1bd696e578b9c,CASTPGGMNYYNQPQHF,0.025471661056552204,TCRBV28-01,TCRBJ01-05
23cb2ed1e8eb43ca66e1bd696e578b9c,CSVYGFRYGYTF,0.025445332275912884,TCRBV29-01,TCRBJ01-02
23cb2ed1e8eb43ca66e1bd696e578b9c,CARGHAYGYTF,0.025421355717400094,TCRBV02-01,TCRBJ01-02
23cb2ed1e8eb43ca66e1bd696e578b9c,CAWTGYYGYTF,0.025420319086403992,TCRBV30-01,TCRBJ01-02
23cb2ed1e8eb43ca66e1bd696e578b9c,CASIWKNGYGYTF,0.025401827607552222,TCRBV02-01,TCRBJ01-02
23cb2ed1e8eb43ca66e1bd696e578b9c,CSVPGPYYGYTF,0.025399637898919834,TCRBV29-01,TCRBJ01-02
23cb2ed1e8eb43ca66e1bd696e578b9c,CASTPTAGYANYGYTF,0.025393061025338073,TCRBV07-09,TCRBJ01-02
23cb2ed1e8eb43ca66e1bd696e578b9c,CAMHRGHGYGYTF,0.025345988530822445,TCRBV10-03,TCRBJ01-02
23cb2ed1e8eb43ca66e1bd696e578b9c,CASAPTSGSNWMQFF,0.025299734466901792,TCRBV04-02,TCRBJ02-01
23cb2ed1e8eb43ca66e1bd696e578b9c,CASSKVWGWAGGYTF,0.025296481936443904,TCRBV21-01,TCRBJ01-02
23cb2ed1e8eb43ca66e1bd696e578b9c,CASSYSWAAGYGYTF,0.02527070391935319,TCRBV06-05,TCRBJ01-02
2a237e04334f5ed4a6855c8e3d34cfa9,CASWGGPYYGYTF,0.0358315522118228,TCRBV28-01,TCRBJ01-02
2a237e04334f5ed4a6855c8e3d34cfa9,WKTQYF,0.0348993267567242,TCRBV10-01,TCRBJ02-03
2a237e04334f5ed4a6855c8e3d34cfa9,CAIRYRYYYGYTF,0.03319407226672549,TCRBV10-03,TCRBJ01-02
2a237e04334f5ed4a6855c8e3d34cfa9,CAWSWTGWGYGYTF,0.03296084963609082,TCRBV30-01,TCRBJ01-02
2a237e04334f5ed4a6855c8e3d34cfa9,CASRMGIPFIGNTIYF,0.0323516357496467,TCRBV02-01,TCRBJ01-03
2a237e04334f5ed4a6855c8e3d34cfa9,CAWIYKYGYTF,0.03162806076603396,TCRBV30-01,TCRBJ01-02
2a237e04334f5ed4a6855c8e3d34cfa9,CASNPWAGYGYTF,0.03161348148609241,TCRBV06-02,TCRBJ01-02
2a237e04334f5ed4a6855c8e3d34cfa9,CASSYYNYGYTF,0.031400162485521896,TCRBV25-01,TCRBJ01-02
2a237e04334f5ed4a6855c8e3d34cfa9,CAWAGYYGYTF,0.03129646079901028,TCRBV30-01,TCRBJ01-02
2a237e04334f5ed4a6855c8e3d34cfa9,CAWSWGGYGYTF,0.031140331741494255,TCRBV30-01,TCRBJ01-02
2a237e04334f5ed4a6855c8e3d34cfa9,CAWSPADWWYGYTF,0.0309527542834695,TCRBV30-01,TCRBJ01-02
2a237e04334f5ed4a6855c8e3d34cfa9,CASAPYYGYTF,0.03059553276494404,TCRBV07-09,TCRBJ01-02
2a237e04334f5ed4a6855c8e3d34cfa9,WTQHF,0.030298477419657754,TCRBV30-01,TCRBJ01-05
2a237e04334f5ed4a6855c8e3d34cfa9,CADKYHHF,0.03005901350380688,TCRBV30-01,TCRBJ01-02
2a237e04334f5ed4a6855c8e3d34cfa9,CASTGGTYSWGYGYTF,0.02979800884487684,TCRBV06-X,TCRBJ01-02
2a237e04334f5ed4a6855c8e3d34cfa9,CASSSPWGKFF,0.02961188579510859,TCRBV07-09,TCRBJ02-02
2a237e04334f5ed4a6855c8e3d34cfa9,CATSDGGQGPQGNYGYTF,0.02951150125619794,TCRBV24-01,TCRBJ01-02
2a237e04334f5ed4a6855c8e3d34cfa9,PPLHF,0.029261156015226573,TCRBV20-01,TCRBJ01-06
2a237e04334f5ed4a6855c8e3d34cfa9,CACYGEGAWYGYTF,0.029024917782633025,TCRBV12-X,TCRBJ01-02
2a237e04334f5ed4a6855c8e3d34cfa9,RRYGYTF,0.028874492637507645,TCRBV19-01,TCRBJ01-02
2a237e04334f5ed4a6855c8e3d34cfa9,CASIYRHTGTPEAFF,0.028866324154429118,TCRBV28-01,TCRBJ01-01
2a237e04334f5ed4a6855c8e3d34cfa9,CAWGPFGAFF,0.028846019619393908,TCRBV30-01,TCRBJ01-01
2a237e04334f5ed4a6855c8e3d34cfa9,CAWYYPGASYGYTF,0.028817005007295532,TCRBV30-01,TCRBJ01-02
2a237e04334f5ed4a6855c8e3d34cfa9,CASSYSGGWYGYTF,0.028777456636929124,TCRBV06-05,TCRBJ01-02
2a237e04334f5ed4a6855c8e3d34cfa9,CAWNWNF,0.028658038827716736,TCRBV30-01,TCRBJ02-03
2a237e04334f5ed4a6855c8e3d34cfa9,YWWGEHTEAFF,0.028622097560316445,TCRBV30-01,TCRBJ01-01
2a237e04334f5ed4a6855c8e3d34cfa9,CASSWWGSYGYTF,0.02858570349708698,TCRBV12-03/12-04,TCRBJ01-02
2a237e04334f5ed4a6855c8e3d34cfa9,CASWGSYYGYTF,0.028578622024959314,TCRBV19-01,TCRBJ01-02
2a237e04334f5ed4a6855c8e3d34cfa9,CAWVAWAGANVLTF,0.02837893842557616,TCRBV30-01,TCRBJ02-06
2a237e04334f5ed4a6855c8e3d34cfa9,RNYGYTF,0.02834528551522489,TCRBV28-01,TCRBJ01-02
2a237e04334f5ed4a6855c8e3d34cfa9,CAWSLHNGPANGYTF,0.028335736126175525,TCRBV30-01,TCRBJ01-02
2a237e04334f5ed4a6855c8e3d34cfa9,CACANANTEAFF,0.028304932833450213,TCRBV30-01,TCRBJ01-01
2a237e04334f5ed4a6855c8e3d34cfa9,PWDREAFF,0.028302800114431592,TCRBV09-01,TCRBJ01-01
2a237e04334f5ed4a6855c8e3d34cfa9,GCHQPQHF,0.02830159530370896,TCRBV24-01,TCRBJ01-05
2a237e04334f5ed4a6855c8e3d34cfa9,CAWMWVAGGYTF,0.028300090589637204,TCRBV30-01,TCRBJ01-02
2a237e04334f5ed4a6855c8e3d34cfa9,CASSLGLRGTPLIGYTF,0.028243826182322417,TCRBV07-02,TCRBJ01-02
2a237e04334f5ed4a6855c8e3d34cfa9,CASSYSWGANYGYTF,0.028187329147001745,TCRBV06-02/06-03,TCRBJ01-02
2a237e04334f5ed4a6855c8e3d34cfa9,CASSHSGGGASGGYTF,0.028159032897198972,TCRBV07-09,TCRBJ01-02
2a237e04334f5ed4a6855c8e3d34cfa9,CASSYWGGDYGYTF,0.028102698943466876,TCRBV06-06,TCRBJ01-02
2a237e04334f5ed4a6855c8e3d34cfa9,CASSWGGGSYYGYTF,0.0280930092134579,TCRBV28-01,TCRBJ01-02
2a237e04334f5ed4a6855c8e3d34cfa9,CASFPGWGYGYTF,0.02805008987634316,TCRBV06-X,TCRBJ01-02
2a237e04334f5ed4a6855c8e3d34cfa9,CASSYMAWAYGYTF,0.027978001554512643,TCRBV06-02/06-03,TCRBJ01-02
2a237e04334f5ed4a6855c8e3d34cfa9,CASSYWPGGGYTF,0.027974913787015845,TCRBV06-05,TCRBJ01-02
2a237e04334f5ed4a6855c8e3d34cfa9,CASSYSSGYYGYTF,0.027968507522773054,TCRBV06-05,TCRBJ01-02
2a237e04334f5ed4a6855c8e3d34cfa9,CASSPWGAGGNWNTQYF,0.027899100870180625,TCRBV19-01,TCRBJ02-03
2a237e04334f5ed4a6855c8e3d34cfa9,CASSYSWTGYRSYGYTF,0.027890809308618307,TCRBV06-02/06-03,TCRBJ01-02
2a237e04334f5ed4a6855c8e3d34cfa9,CASSYIAYYGYTF,0.027882442592445714,TCRBV06-02/06-03,TCRBJ01-02
2a237e04334f5ed4a6855c8e3d34cfa9,CAWSGYYGYTF,0.027864457079023366,TCRBV30-01,TCRBJ01-02
2a237e04334f5ed4a6855c8e3d34cfa9,CASSYSWGIYYGYTF,0.027760050710113653,TCRBV06-06,TCRBJ01-02
2a237e04334f5ed4a6855c8e3d34cfa9,CAWGPWEGYTF,0.027759701625342914,TCRBV30-01,TCRBJ01-02
2a237e04334f5ed4a6855c8e3d34cfa9,CASGGGWFHNYGYTF,0.027726027768612077,TCRBV12-X,TCRBJ01-02
2a237e04334f5ed4a6855c8e3d34cfa9,CATWGAGYYGYTF,0.027689771332747973,TCRBV10-02,TCRBJ01-02
2a237e04334f5ed4a6855c8e3d34cfa9,WYTGELFF,0.02761147795764979,TCRBV12-03/12-04,TCRBJ02-02
2a237e04334f5ed4a6855c8e3d34cfa9,CAWGGYGYTF,0.02758627114136823,TCRBV30-01,TCRBJ01-02
2a237e04334f5ed4a6855c8e3d34cfa9,SPRWAF,0.027565099868929667,TCRBV11-01,TCRBJ01-02
2a237e04334f5ed4a6855c8e3d34cfa9,CAYWGYGNTIYF,0.027533276803227983,TCRBV30-01,TCRBJ01-03
2a237e04334f5ed4a6855c8e3d34cfa9,CASSSKGSGTGGYSVNYGYTF,0.027469691555384156,TCRBV05-01,TCRBJ01-02
2a237e04334f5ed4a6855c8e3d34cfa9,CASSYTPGTYYGYTF,0.027443617800283787,TCRBV06-06,TCRBJ01-02
2a237e04334f5ed4a6855c8e3d34cfa9,CAWSVWGAEAFF,0.027405043161644937,TCRBV30-01,TCRBJ01-01
2a237e04334f5ed4a6855c8e3d34cfa9,CASSPTYTGPHTYGYTF,0.027397523246351665,TCRBV05-05,TCRBJ01-02
2a237e04334f5ed4a6855c8e3d34cfa9,CASSWGYNGGYTF,0.027381006808869828,TCRBV05-06,TCRBJ01-02
2a237e04334f5ed4a6855c8e3d34cfa9,CASSRNYYNYGYTF,0.02735831052389231,TCRBV06-02,TCRBJ01-02
2a237e04334f5ed4a6855c8e3d34cfa9,CAINKNRGKRNIGRNTIYF,0.02735366213753681,TCRBV10-03,TCRBJ01-03
2a237e04334f5ed4a6855c8e3d34cfa9,CAWSHPGGINYGYTF,0.027352388762713023,TCRBV30-01,TCRBJ01-02
2a237e04334f5ed4a6855c8e3d34cfa9,CASSPWGGWGNSYEQYF,0.02733899882264984,TCRBV07-02,TCRBJ02-07
2a237e04334f5ed4a6855c8e3d34cfa9,CASSYYRGPGYTF,0.027320657058621245,TCRBV06-02/06-03,TCRBJ01-02
2a237e04334f5ed4a6855c8e3d34cfa9,CSARAYWQPHQPQHF,0.027313205570797118,TCRBV20-X,TCRBJ01-05
2a237e04334f5ed4a6855c8e3d34cfa9,CASNNWGGYGYTF,0.027307047904415366,TCRBV06-05,TCRBJ01-02
2a237e04334f5ed4a6855c8e3d34cfa9,CASSYPQGPHQGPQHF,0.02728443018754312,TCRBV06-02/06-03,TCRBJ01-05
2a237e04334f5ed4a6855c8e3d34cfa9,CASSLPFIGYNEQFF,0.02728010875115477,TCRBV03-01/03-02,TCRBJ02-01
2a237e04334f5ed4a6855c8e3d34cfa9,CASSYSRYYGYTF,0.027249807800103783,TCRBV06-05,TCRBJ01-02
2a237e04334f5ed4a6855c8e3d34cfa9,CAWTTWGGPSYGYTF,0.027232383147587563,TCRBV30-01,TCRBJ01-02
2a237e04334f5ed4a6855c8e3d34cfa9,CAWTWAYGYTF,0.02720842773434859,TCRBV30-01,TCRBJ01-02
2a237e04334f5ed4a6855c8e3d34cfa9,CASSYWAGGYGAFF,0.027192198695740893,TCRBV06-05,TCRBJ01-01
2a237e04334f5ed4a6855c8e3d34cfa9,CASSKWDPRRWKFF,0.027183223932884013,TCRBV21-01,TCRBJ02-01
2a237e04334f5ed4a6855c8e3d34cfa9,CACTAGGGAHFNYGYTF,0.027169074787909735,TCRBV30-01,TCRBJ01-02
2a237e04334f5ed4a6855c8e3d34cfa9,CASSTNNGGWAFF,0.027166700752849472,TCRBV27-01,TCRBJ01-01
2a237e04334f5ed4a6855c8e3d34cfa9,CASWDNWYGYTF,0.027161904462585436,TCRBV06-X,TCRBJ01-02
2a237e04334f5ed4a6855c8e3d34cfa9,CASGLTLGGNANYGYTF,0.02715891999469883,TCRBV12-05,TCRBJ01-02
2a237e04334f5ed4a6855c8e3d34cfa9,CASSPYGGYYGYTF,0.027138720618279766,TCRBV19-01,TCRBJ01-02
2a237e04334f5ed4a6855c8e3d34cfa9,CSAGHPMWHF,0.027131742156066237,TCRBV29-01,TCRBJ01-05
2a237e04334f5ed4a6855c8e3d34cfa9,CSAYHPAGYGYTF,0.027121899747570764,TCRBV29-01,TCRBJ01-02
2a237e04334f5ed4a6855c8e3d34cfa9,CASHGTNWGGHYGYTF,0.027120710776797275,TCRBV05-06,TCRBJ01-02
2a237e04334f5ed4a6855c8e3d34cfa9,CASSYWGFSNYGYTF,0.027099726551360694,TCRBV06-02/06-03,TCRBJ01-02
2a237e04334f5ed4a6855c8e3d34cfa9,CASSSRNYYNYGYTF,0.027092976221084027,TCRBV11-02,TCRBJ01-02
2a237e04334f5ed4a6855c8e3d34cfa9,CASTAPHTGGGYYGYTF,0.027058103579059925,TCRBV11-02,TCRBJ01-02
2a237e04334f5ed4a6855c8e3d34cfa9,CASSETWGEGWGYTF,0.02704970675703757,TCRBV06-01,TCRBJ01-02
2a237e04334f5ed4a6855c8e3d34cfa9,CASSHYPGYNYGYTF,0.02704099255677626,TCRBV03-01/03-02,TCRBJ01-02
2a237e04334f5ed4a6855c8e3d34cfa9,CASGLGQGFTEAFF,0.02702807998396961,TCRBV12-05,TCRBJ01-01
2a237e04334f5ed4a6855c8e3d34cfa9,CASWWNYGYTF,0.027022500397422464,TCRBV19-01,TCRBJ01-02
2a237e04334f5ed4a6855c8e3d34cfa9,CASCPKPSSGF,0.027021729374105245,TCRBV07-02,TCRBJ01-02
2a237e04334f5ed4a6855c8e3d34cfa9,CASSYHGAPNYGYTF,0.02699553043499412,TCRBV06-05,TCRBJ01-02
2a237e04334f5ed4a6855c8e3d34cfa9,CAWSPPLHF,0.02699276255397334,TCRBV30-01,TCRBJ01-06
2a237e04334f5ed4a6855c8e3d34cfa9,CASSLLGGLLGNTIYF,0.02698068291972285,TCRBV12-X,TCRBJ01-03
2a237e04334f5ed4a6855c8e3d34cfa9,CASKWGANVAPYGYTF,0.026965743251789076,TCRBV05-06,TCRBJ01-02
2a237e04334f5ed4a6855c8e3d34cfa9,CASSFGWGYGYTF,0.026962782867681997,TCRBV07-02,TCRBJ01-02
2a237e04334f5ed4a6855c8e3d34cfa9,CASSYWPAGPYGYTF,0.026956071957465945,TCRBV06-08,TCRBJ01-02
2a237e04334f5ed4a6855c8e3d34cfa9,LFF,0.026945636686297385,TCRBV20-01,TCRBJ02-02
2a237e04334f5ed4a6855c8e3d34cfa9,WKTRLDAEAFF,0.026944066108645803,TCRBV15-01,TCRBJ01-01
2b096e08597b82eeda7a25e213046a20,KHF,0.04273895833279521,TCRBV30-01,TCRBJ01-05
2b096e08597b82eeda7a25e213046a20,RWGKKKAFF,0.03273330512301168,TCRBV09-01,TCRBJ01-01
2b096e08597b82eeda7a25e213046a20,CASSYSGYYGYTF,0.029976799522669757,TCRBV06-06,TCRBJ01-02
2b096e08597b82eeda7a25e213046a20,CAWSYWYAEAFF,0.029206864265277004,TCRBV30-01,TCRBJ01-01
2b096e08597b82eeda7a25e213046a20,CASSYRYYGYTF,0.02901523190828474,TCRBV28-01,TCRBJ01-02
2b096e08597b82eeda7a25e213046a20,CATPPGP,0.028737511743602555,TCRBV19-01,TCRBJ02-X
2b096e08597b82eeda7a25e213046a20,APHYGYTF,0.028294269159655085,TCRBV29-01,TCRBJ01-02
2b096e08597b82eeda7a25e213046a20,CAWGPYGYTF,0.028157754106324245,TCRBV30-01,TCRBJ01-02
2b096e08597b82eeda7a25e213046a20,CASSYGQNNNNYGYTF,0.0280884283527756,TCRBV06-02/06-03,TCRBJ01-02
2b096e08597b82eeda7a25e213046a20,CAHGPPLHF,0.02797555562639466,TCRBV30-01,TCRBJ01-06
2b096e08597b82eeda7a25e213046a20,TQYF,0.027884071147928093,TCRBV07-03,TCRBJ02-05
2b096e08597b82eeda7a25e213046a20,CASSSWGTGGFNYGYTF,0.027692859017257217,TCRBV05-06,TCRBJ01-02
2b096e08597b82eeda7a25e213046a20,CASNWGYYGYTF,0.027585836241011318,TCRBV02-01,TCRBJ01-02
2b096e08597b82eeda7a25e213046a20,CASHIGGYYGYTF,0.027401545055492704,TCRBV06-06,TCRBJ01-02
2b096e08597b82eeda7a25e213046a20,CASMWGGYGYTF,0.02724414897046166,TCRBV28-01,TCRBJ01-02
2b096e08597b82eeda7a25e213046a20,CAWAGIYYGYTF,0.026879039629621997,TCRBV30-01,TCRBJ01-02
2b096e08597b82eeda7a25e213046a20,CASSYNPYRGYTF,0.02683192784625147,TCRBV06-02/06-03,TCRBJ01-02
2b096e08597b82eeda7a25e213046a20,CASNGPVNYGYTFGSGTRFGYTF,0.026804060667745534,TCRBV06-07,TCRBJ01-02
2b096e08597b82eeda7a25e213046a20,CAWNPAYGYTF,0.02642348353296062,TCRBV30-01,TCRBJ01-02
2b096e08597b82eeda7a25e213046a20,CASSYSSWTGGGYTF,0.026313760244510112,TCRBV06-06,TCRBJ01-02
2b096e08597b82eeda7a25e213046a20,CAWNPSGVWNTEAFF,0.02626797077116866,TCRBV30-01,TCRBJ01-01
2b096e08597b82eeda7a25e213046a20,CASCPYGTQPYYEQYF,0.026205669750031788,TCRBV06-02,TCRBJ02-07
2b096e08597b82eeda7a25e213046a20,CAWAGGYGYTF,0.026181082610257842,TCRBV30-01,TCRBJ01-02
2b096e08597b82eeda7a25e213046a20,CASSYFPGTGEAFF,0.026140410859491526,TCRBV06-05,TCRBJ01-01
2b096e08597b82eeda7a25e213046a20,CASSYTYSGNYGYTF,0.026122681799948283,TCRBV06-05,TCRBJ01-02
2b096e08597b82eeda7a25e213046a20,CAWSGSRYWYF,0.026071589754147046,TCRBV30-01,TCRBJ02-03
2b096e08597b82eeda7a25e213046a20,CAWKGAFF,0.025649847606736102,TCRBV30-01,TCRBJ01-01
2b096e08597b82eeda7a25e213046a20,CASTPPAHC,0.025592517414645393,TCRBV27-01,TCRBJ02-03
2b096e08597b82eeda7a25e213046a20,CASSHGWGAVNYGYTF,0.025564565799831993,TCRBV05-01,TCRBJ01-02
2b096e08597b82eeda7a25e213046a20,CASHPDPGDPQPQHF,0.025543853417304373,TCRBV28-01,TCRBJ01-05
2b096e08597b82eeda7a25e213046a20,CASSLYPGGWTEAFF,0.025525204747940004,TCRBV27-01,TCRBJ01-01
2b096e08597b82eeda7a25e213046a20,CAWVHRGVYGYTF,0.025480015972256635,TCRBV30-01,TCRBJ01-02
2b096e08597b82eeda7a25e213046a20,CASSYSTGGGYSGNTIYF,0.025381693349770383,TCRBV06-X,TCRBJ01-03
2b096e08597b82eeda7a25e213046a20,CATFHPGQGYNQPQHF,0.02531928909517853,TCRBV06-X,TCRBJ01-05
2b096e08597b82eeda7a25e213046a20,CSAPHPPRPQYF,0.025265238433830193,TCRBV20-X,TCRBJ02-03
2b096e08597b82eeda7a25e213046a20,CAWTGVGGGVYTF,0.02520504612493306,TCRBV30-01,TCRBJ01-02
2b096e08597b82eeda7a25e213046a20,CAWSAYSVYYGYTF,0.025135650193970516,TCRBV30-01,TCRBJ01-02
2b096e08597b82eeda7a25e213046a20,RWGHEQFF,0.025079500915864576,TCRBV02-01,TCRBJ02-01
2b096e08597b82eeda7a25e213046a20,CAISEVYYYGYTF,0.02505045746411132,TCRBV10-03,TCRBJ01-02
2b096e08597b82eeda7a25e213046a20,CASSQPGHPYQPQHF,0.025047511255263877,TCRBV04-02,TCRBJ01-05
2b096e08597b82eeda7a25e213046a20,CASRYF,0.025025282926267496,TCRBV27-01,TCRBJ01-02
2b096e08597b82eeda7a25e213046a20,CASVWHAEAFF,0.024994053495209584,TCRBV02-01,TCRBJ01-01
2b096e08597b82eeda7a25e213046a20,CASSNPGGWWGYTF,0.024964183714669196,TCRBV28-01,TCRBJ01-02
2b096e08597b82eeda7a25e213046a20,CASSYRASYNYGYTF,0.02488316543829575,TCRBV06-05,TCRBJ01-02
2b096e08597b82eeda7a25e213046a20,CASSYSGRGWYF,0.02486344769632699,TCRBV06-02/06-03,TCRBJ02-07
2b096e08597b82eeda7a25e213046a20,CSADPHWEKWYGYTF,0.024859720978486502,TCRBV20-X,TCRBJ01-02
2b096e08597b82eeda7a25e213046a20,CASSYLYYGYTF,0.02484358056381716,TCRBV06-06,TCRBJ01-02
2b096e08597b82eeda7a25e213046a20,CAWKDLWGGGGYTF,0.024840476142964953,TCRBV30-01,TCRBJ01-02
2b096e08597b82eeda7a25e213046a20,CASSYPGYGYTF,0.02483334751358227,TCRBV06-02/06-03,TCRBJ01-02
2b096e08597b82eeda7a25e213046a20,CAWGGQGHQPQHF,0.02482976807109951,TCRBV30-01,TCRBJ01-05
2b096e08597b82eeda7a25e213046a20,CASSSGYGFYGYTF,0.024823943892059736,TCRBV28-01,TCRBJ01-02
2b096e08597b82eeda7a25e213046a20,CASRVIFYYGYTF,0.024794969791519607,TCRBV21-01,TCRBJ01-02
2b096e08597b82eeda7a25e213046a20,CASSPGYGWGAFF,0.024793064529046664,TCRBV12-03/12-04,TCRBJ01-01
2b096e08597b82eeda7a25e213046a20,CASGGGHWGIYGYTF,0.024760337063982063,TCRBV28-01,TCRBJ01-02
2b096e08597b82eeda7a25e213046a20,CASSYYTGEGYGYTF,0.02475150999897664,TCRBV06-02/06-03,TCRBJ01-02
2b096e08597b82eeda7a25e213046a20,CASSLDPWAGGYNYGYTF,0.024693900150061773,TCRBV07-02,TCRBJ01-02
2b096e08597b82eeda7a25e213046a20,CSARVGGYPNYGYTF,0.02467820180867831,TCRBV20-X,TCRBJ01-02
2b096e08597b82eeda7a25e213046a20,CASHMGYGYTF,0.024672796679486,TCRBV28-01,TCRBJ01-02
2b096e08597b82eeda7a25e213046a20,CASSLGTGYYYGYTF,0.024664947813217587,TCRBV05-08,TCRBJ01-02
2b096e08597b82eeda7a25e213046a20,CASSSYSGPNYGYTF,0.024664098967895034,TCRBV12-X,TCRBJ01-02
2b096e08597b82eeda7a25e213046a20,CASSYRFGYGYTF,0.024656558112852497,TCRBV06-05,TCRBJ01-02
2b096e08597b82eeda7a25e213046a20,CAWGVPGLYF,0.02463526375645666,TCRBV30-01,TCRBJ02-03
2b096e08597b82eeda7a25e213046a20,QPQHF,0.024621353740319585,TCRBV20-01,TCRBJ01-05
2b096e08597b82eeda7a25e213046a20,CASTLWAGGVWGYTF,0.024613692543002105,TCRBV05-06,TCRBJ01-02
2b096e08597b82eeda7a25e213046a20,CASSKWIGVPYGYTF,0.024602364585976512,TCRBV21-01,TCRBJ01-02
2b096e08597b82eeda7a25e213046a20,CASSAPAGANVLTF,0.024590768640474596,TCRBV09-01,TCRBJ02-06
2b096e08597b82eeda7a25e213046a20,CAWADFWGYTF,0.024549200646360837,TCRBV30-01,TCRBJ01-02
2b096e08597b82eeda7a25e213046a20,CASSGTGNYNYGYTF,0.02454073232482721,TCRBV19-01,TCRBJ01-02
2b096e08597b82eeda7a25e213046a20,CAWNKNNIRGGGANVLTF,0.024536235311474575,TCRBV30-01,TCRBJ02-06
2b096e08597b82eeda7a25e213046a20,CASSYYSGRNYGYTF,0.024530703603448938,TCRBV06-02/06-03,TCRBJ01-02
2b096e08597b82eeda7a25e213046a20,CASSFGGGSNYGYTF,0.02451257645696978,TCRBV05-01,TCRBJ01-02
2b096e08597b82eeda7a25e213046a20,CASSGWGGSSGNTIYF,0.024511973583877182,TCRBV07-09,TCRBJ01-03
2b096e08597b82eeda7a25e213046a20,CASHTAKGVNYGYTF,0.024491142726666346,TCRBV02-01,TCRBJ01-02
2b096e08597b82eeda7a25e213046a20,CASVHGGPIYGYTF,0.024486231713353283,TCRBV06-06,TCRBJ01-02
2b096e08597b82eeda7a25e213046a20,CAWGLHEAFF,0.024470683421134457,TCRBV30-01,TCRBJ01-01
2b096e08597b82eeda7a25e213046a20,CASSHPYGYTF,0.024464676764772268,TCRBV03-01/03-02,TCRBJ01-02
2b096e08597b82eeda7a25e213046a20,CASSFGGSHPYGYTF,0.024446824628996285,TCRBV27-01,TCRBJ01-02
2b096e08597b82eeda7a25e213046a20,CASMGWWGANTEAFF,0.024429191168754964,TCRBV02-01,TCRBJ01-01
2b096e08597b82eeda7a25e213046a20,CASSNHHRGRFNYGYTF,0.02441950650079509,TCRBV28-01,TCRBJ01-02
2b096e08597b82eeda7a25e213046a20,CAWSVLRAGANVLTF,0.024416152749059727,TCRBV30-01,TCRBJ02-06
2b096e08597b82eeda7a25e213046a20,CASKDWGAPLHF,0.02439694903364495,TCRBV28-01,TCRBJ01-06
2b096e08597b82eeda7a25e213046a20,CASSWGGNYGYTF,0.024376651501411307,TCRBV06-05,TCRBJ01-02
2b096e08597b82eeda7a25e213046a20,CSAHPGGYGYTF,0.024339457343911408,TCRBV20-X,TCRBJ01-02
2b096e08597b82eeda7a25e213046a20,CASSHVLGQHHQPQHF,0.024334823641912997,TCRBV04-01,TCRBJ01-05
2b096e08597b82eeda7a25e213046a20,CAWTGFGYGYTF,0.024327216838757163,TCRBV30-01,TCRBJ01-02
2b096e08597b82eeda7a25e213046a20,CASSYYYRGSSYEQYF,0.02430842202326814,TCRBV06-06,TCRBJ02-07
2b096e08597b82eeda7a25e213046a20,CASSYYRLYGYTF,0.02428783894234945,TCRBV06-05,TCRBJ01-02
2b096e08597b82eeda7a25e213046a20,CASRWAAEAFF,0.024285487228747443,TCRBV07-02,TCRBJ01-01
2b096e08597b82eeda7a25e213046a20,CASSSSYWNYGYTF,0.02427675605162499,TCRBV05-04,TCRBJ01-02
2b096e08597b82eeda7a25e213046a20,CAWSAPKGAIPYGYTF,0.024275863054315835,TCRBV30-01,TCRBJ01-02
2b096e08597b82eeda7a25e213046a20,CASSPLGWIGELFF,0.02426928621594133,TCRBV27-01,TCRBJ02-02
2b096e08597b82eeda7a25e213046a20,CASSFFGVWTDNHHHYGYTF,0.024247175718120788,TCRBV12-X,TCRBJ01-02
2b096e08597b82eeda7a25e213046a20,CAWSVWGAGNTEAFF,0.024236166599932833,TCRBV30-01,TCRBJ01-01
2b096e08597b82eeda7a25e213046a20,CASSFPGGPYGYTF,0.02423120256616791,TCRBV07-09,TCRBJ01-02
2b096e08597b82eeda7a25e213046a20,CASSLGGWGAPNYGYTF,0.0242155643116034,TCRBV07-02,TCRBJ01-02
2b096e08597b82eeda7a25e213046a20,CASSSYGNYGYTF,0.024155936408551536,TCRBV12-03/12-04,TCRBJ01-02
2b096e08597b82eeda7a25e213046a20,CASSSQPHTHFYGYTF,0.024151790523405436,TCRBV07-09,TCRBJ01-02
2b096e08597b82eeda7a25e213046a20,CATSDLGGASTDTQYF,0.024095825175862545,TCRBV24-01,TCRBJ02-03
2b096e08597b82eeda7a25e213046a20,CASSYFPGANYGYTF,0.02408002700740341,TCRBV06-06,TCRBJ01-02
30f6349aaf50f1ff94ecc9406aff2786,FF,0.04636412703904203,TCRBV05-01,TCRBJ02-01
30f6349aaf50f1ff94ecc9406aff2786,CASSYYSYSSYGYTF,0.04150451259238233,TCRBV05-06,TCRBJ01-02
30f6349aaf50f1ff94ecc9406aff2786,CASYYYGYTF,0.038079555368595926,TCRBV28-01,TCRBJ01-02
30f6349aaf50f1ff94ecc9406aff2786,CASF,0.03785414315774932,TCRBV28-01,TCRBJ02-X
30f6349aaf50f1ff94ecc9406aff2786,WGAPHQPQHF,0.03700386067385698,TCRBV06-X,TCRBJ01-05
30f6349aaf50f1ff94ecc9406aff2786,CASSYNNNYGYTF,0.03174709679303154,TCRBV06-02/06-03,TCRBJ01-02
30f6349aaf50f1ff94ecc9406aff2786,CASSYVGHHHYGYTF,0.03154990193393801,TCRBV06-02/06-03,TCRBJ01-02
30f6349aaf50f1ff94ecc9406aff2786,WETQYF,0.031505436949992326,TCRBV23-01,TCRBJ02-05
30f6349aaf50f1ff94ecc9406aff2786,CAWSWGGYGYTF,0.031140340733038407,TCRBV30-01,TCRBJ01-02
30f6349aaf50f1ff94ecc9406aff2786,CRSPKNTF,0.030196443438858824,TCRBV20-01,TCRBJ01-02
30f6349aaf50f1ff94ecc9406aff2786,CASSTTGYYYYGYTF,0.030137494402456153,TCRBV07-09,TCRBJ01-02
30f6349aaf50f1ff94ecc9406aff2786,CASNTRWGWGYGYTF,0.030073155478484954,TCRBV28-01,TCRBJ01-02
30f6349aaf50f1ff94ecc9406aff2786,CASSYYRAPCYF,0.029930985271065375,TCRBV12-03/12-04,TCRBJ02-07
30f6349aaf50f1ff94ecc9406aff2786,CSARDYMFIYGYTF,0.02985985715381986,TCRBV20-X,TCRBJ01-02
30f6349aaf50f1ff94ecc9406aff2786,YRGVF,0.029699583882720496,TCRBV30-01,TCRBJ02-01
30f6349aaf50f1ff94ecc9406aff2786,CAIPKAFF,0.029651986804323745,TCRBV10-03,TCRBJ01-01
30f6349aaf50f1ff94ecc9406aff2786,CACAWANVLTF,0.02948496554481731,TCRBV30-01,TCRBJ02-06
30f6349aaf50f1ff94ecc9406aff2786,CASSFSGWGGAGYGYTF,0.02909152726072407,TCRBV05-06,TCRBJ01-02
30f6349aaf50f1ff94ecc9406aff2786,CAWNTLKSHGYTF,0.028961304054649344,TCRBV30-01,TCRBJ01-02
30f6349aaf50f1ff94ecc9406aff2786,CASSPWGAYSNYGYTF,0.028890259402414586,TCRBV05-04,TCRBJ01-02
30f6349aaf50f1ff94ecc9406aff2786,CAWYGAPSNYGYTF,0.028857341078639992,TCRBV30-01,TCRBJ01-02
30f6349aaf50f1ff94ecc9406aff2786,CASSYTTTGYYGYTF,0.028777566587124968,TCRBV06-05,TCRBJ01-02
30f6349aaf50f1ff94ecc9406aff2786,CASSDHKRYRWWHF,0.02876174461538535,TCRBV06-01,TCRBJ01-05
30f6349aaf50f1ff94ecc9406aff2786,CASSYYGGYTF,0.02834118831668581,TCRBV05-06,TCRBJ01-02
30f6349aaf50f1ff94ecc9406aff2786,CASSYGYYGYTF,0.02834078125464435,TCRBV06-05,TCRBJ01-02
30f6349aaf50f1ff94ecc9406aff2786,CAWSVPWGAHTIYF,0.028122943414581606,TCRBV30-01,TCRBJ01-03
30f6349aaf50f1ff94ecc9406aff2786,CSAAGPYYGYTF,0.02810162612590144,TCRBV20-X,TCRBJ01-02
30f6349aaf50f1ff94ecc9406aff2786,CASSGGWGGNYGYTF,0.02810136891606814,TCRBV05-04,TCRBJ01-02
30f6349aaf50f1ff94ecc9406aff2786,TQYF,0.027884166472986135,TCRBV27-01,TCRBJ02-03
30f6349aaf50f1ff94ecc9406aff2786,CAWWGGGYTF,0.027780623674158893,TCRBV30-01,TCRBJ01-02
30f6349aaf50f1ff94ecc9406aff2786,CASNYGFGTGFNYGYTF,0.02761338241431358,TCRBV04-03,TCRBJ01-02
30f6349aaf50f1ff94ecc9406aff2786,CASSYSAYYGYTF,0.027609895275225525,TCRBV06-05,TCRBJ01-02
30f6349aaf50f1ff94ecc9406aff2786,CAWHPPPGAFF,0.02743693214112817,TCRBV30-01,TCRBJ01-01
30f6349aaf50f1ff94ecc9406aff2786,CSGYGHNYGYTF,0.027401506931385773,TCRBV29-01,TCRBJ01-02
30f6349aaf50f1ff94ecc9406aff2786,CASHKAFF,0.027313352839304035,TCRBV27-01,TCRBJ01-01
30f6349aaf50f1ff94ecc9406aff2786,CASSYYRGNYGYTF,0.027306072681718935,TCRBV28-01,TCRBJ01-02
30f6349aaf50f1ff94ecc9406aff2786,CSVYYRANYGYTF,0.02707120906316762,TCRBV29-01,TCRBJ01-02
30f6349aaf50f1ff94ecc9406aff2786,CASSYYSTGNYGYTF,0.027054548113073274,TCRBV07-02,TCRBJ01-02
30f6349aaf50f1ff94ecc9406aff2786,CASSFPHHF,0.027029929644633785,TCRBV28-01,TCRBJ02-07
30f6349aaf50f1ff94ecc9406aff2786,CAWGPPGALHF,0.026996732858418738,TCRBV30-01,TCRBJ01-06
30f6349aaf50f1ff94ecc9406aff2786,CASSNNHHNYGYTF,0.026984313456971932,TCRBV07-09,TCRBJ01-02
30f6349aaf50f1ff94ecc9406aff2786,CASSGYHGGYYQPQHF,0.026955257439812225,TCRBV09-01,TCRBJ01-05
30f6349aaf50f1ff94ecc9406aff2786,LFF,0.026945710138376235,TCRBV10-02,TCRBJ01-04
30f6349aaf50f1ff94ecc9406aff2786,RRAPFF,0.026884816521876125,TCRBV28-01,TCRBJ02-01
30f6349aaf50f1ff94ecc9406aff2786,CASSPWGGGYYGYTF,0.026856908392435635,TCRBV06-05,TCRBJ01-02
30f6349aaf50f1ff94ecc9406aff2786,CASSQGWGYNYGYTF,0.02681164302790203,TCRBV03-01/03-02,TCRBJ01-02
30f6349aaf50f1ff94ecc9406aff2786,CASSWWPHSNYGYTF,0.02680543516563635,TCRBV04-02,TCRBJ01-02
30f6349aaf50f1ff94ecc9406aff2786,CAWSVWAGVGYTF,0.026731696410529637,TCRBV30-01,TCRBJ01-02
30f6349aaf50f1ff94ecc9406aff2786,CASSYGGYYTF,0.02663156029875948,TCRBV06-05,TCRBJ01-02
30f6349aaf50f1ff94ecc9406aff2786,CSAYRGGGWANGYTF,0.026584635978215497,TCRBV20-X,TCRBJ01-02
30f6349aaf50f1ff94ecc9406aff2786,CAWVYTEAFF,0.026569033998674156,TCRBV30-01,TCRBJ01-01
30f6349aaf50f1ff94ecc9406aff2786,CASSYAGYANYGYTF,0.026537862914130426,TCRBV06-05,TCRBJ01-02
30f6349aaf50f1ff94ecc9406aff2786,CASSYSHHNYGYTF,0.02652706487456083,TCRBV06-05,TCRBJ01-02
30f6349aaf50f1ff94ecc9406aff2786,CASTGGWWYGYTF,0.02646924182197451,TCRBV28-01,TCRBJ01-02
30f6349aaf50f1ff94ecc9406aff2786,WTDRGGYTF,0.02643520082584983,TCRBV10-01,TCRBJ01-02
30f6349aaf50f1ff94ecc9406aff2786,CASSYSWGEGYGYTF,0.02633477284132971,TCRBV06-06,TCRBJ01-02
30f6349aaf50f1ff94ecc9406aff2786,CASSDPWGGMTNYGYTF,0.026286407535981975,TCRBV04-01,TCRBJ01-02
30f6349aaf50f1ff94ecc9406aff2786,CASSFFYGGANYGYTF,0.026235742415001217,TCRBV13-01,TCRBJ01-02
30f6349aaf50f1ff94ecc9406aff2786,F,0.026169052647139833,TCRBV27-01,TCRBJ01-02
30f6349aaf50f1ff94ecc9406aff2786,CAWRGMGYNYGYTF,0.02616069956201907,TCRBV30-01,TCRBJ01-02
30f6349aaf50f1ff94ecc9406aff2786,CAWYRGPLYGYTF,0.026140005727214907,TCRBV30-01,TCRBJ01-02
30f6349aaf50f1ff94ecc9406aff2786,CAWSWEGGYTF,0.02606873095636711,TCRBV30-01,TCRBJ01-02
30f6349aaf50f1ff94ecc9406aff2786,CAF,0.026059802394232955,TCRBV20-01,TCRBJ01-02
30f6349aaf50f1ff94ecc9406aff2786,CAIYGGWNTIYF,0.026035356010758376,TCRBV28-01,TCRBJ01-03
30f6349aaf50f1ff94ecc9406aff2786,CASSHKEAWGFNYGYTF,0.02603335495791528,TCRBV23-01,TCRBJ01-02
30f6349aaf50f1ff94ecc9406aff2786,CASSYSPYHANYGYTF,0.02602292137924447,TCRBV06-05,TCRBJ01-02
30f6349aaf50f1ff94ecc9406aff2786,CGCRGYYGYTF,0.026020397079995854,TCRBV20-01,TCRBJ01-02
30f6349aaf50f1ff94ecc9406aff2786,CASSFGGSFNYGYTF,0.025947779561049048,TCRBV12-X,TCRBJ01-02
30f6349aaf50f1ff94ecc9406aff2786,CSAWWNGYTF,0.025926992259765014,TCRBV20-01,TCRBJ01-02
30f6349aaf50f1ff94ecc9406aff2786,CASSYTRYYGYTF,0.025889132237046957,TCRBV06-05,TCRBJ01-02
30f6349aaf50f1ff94ecc9406aff2786,CASSYRGTGWYGYTF,0.025860076953588548,TCRBV06-05,TCRBJ01-02
30f6349aaf50f1ff94ecc9406aff2786,WRRVDGYGYTF,0.025852995225587424,TCRBV03-01/03-02,TCRBJ01-02
30f6349aaf50f1ff94ecc9406aff2786,CSARWGWMYGYTF,0.025851758331345596,TCRBV20-X,TCRBJ01-02
30f6349aaf50f1ff94ecc9406aff2786,CASSPTGGGWNYGYTF,0.02584621553115056,TCRBV18-01,TCRBJ01-02
30f6349aaf50f1ff94ecc9406aff2786,CSAPKGAHAWGYTF,0.025802434650425383,TCRBV20-X,TCRBJ01-02
30f6349aaf50f1ff94ecc9406aff2786,CASGYNYGYTF,0.0257468894293102,TCRBV28-01,TCRBJ01-02
30f6349aaf50f1ff94ecc9406aff2786,CASSWGGYGYTF,0.02574563505158332,TCRBV12-03/12-04,TCRBJ01-02
30f6349aaf50f1ff94ecc9406aff2786,CASSNPVGLVANVLTF,0.025719297897849547,TCRBV18-01,TCRBJ02-06
30f6349aaf50f1ff94ecc9406aff2786,CASSHTGGAHYGYTF,0.025642564297218416,TCRBV12-X,TCRBJ01-02
30f6349aaf50f1ff94ecc9406aff2786,CAWWGASTEAFF,0.025638851924882317,TCRBV30-01,TCRBJ01-01
30f6349aaf50f1ff94ecc9406aff2786,CASSLPPVGYGYTF,0.025624409478049563,TCRBV07-09,TCRBJ01-02
30f6349aaf50f1ff94ecc9406aff2786,CASSYTYGTNYGYTF,0.02562328888971999,TCRBV06-05,TCRBJ01-02
30f6349aaf50f1ff94ecc9406aff2786,CASSAHRGPYYGYTF,0.02560449452673527,TCRBV07-09,TCRBJ01-02
30f6349aaf50f1ff94ecc9406aff2786,CASSEWWAGGYTF,0.025596154870588427,TCRBV06-01,TCRBJ01-02
30f6349aaf50f1ff94ecc9406aff2786,CASSYGGPYGYTF,0.025495741575923915,TCRBV06-02/06-03,TCRBJ01-02
30f6349aaf50f1ff94ecc9406aff2786,CAWMYRDTWSDGYTF,0.025461496992487075,TCRBV30-01,TCRBJ01-02
30f6349aaf50f1ff94ecc9406aff2786,CASSYSWGSGYTF,0.025441637367016923,TCRBV06-05,TCRBJ01-02
30f6349aaf50f1ff94ecc9406aff2786,CAWRIVYYGYTF,0.02543294900096503,TCRBV30-01,TCRBJ01-02
30f6349aaf50f1ff94ecc9406aff2786,CASSYWRSYGYTF,0.02542017142152094,TCRBV06-02/06-03,TCRBJ01-02
30f6349aaf50f1ff94ecc9406aff2786,CASSYSSQWGAYYGYTF,0.02539381629303615,TCRBV06-X,TCRBJ01-02
30f6349aaf50f1ff94ecc9406aff2786,CASSYNPWDDYGYTF,0.02537363515546447,TCRBV06-06,TCRBJ01-02
30f6349aaf50f1ff94ecc9406aff2786,CASAPPGANVLTF,0.02535801531523167,TCRBV15-01,TCRBJ02-06
30f6349aaf50f1ff94ecc9406aff2786,CASSYPWGVNYGYTF,0.025288394263941565,TCRBV07-09,TCRBJ01-02
30f6349aaf50f1ff94ecc9406aff2786,CASFHGTHYGYTF,0.025281425369593827,TCRBV28-01,TCRBJ01-02
30f6349aaf50f1ff94ecc9406aff2786,CASSYTGPYSSYGYTF,0.025276493627812188,TCRBV06-06,TCRBJ01-02
30f6349aaf50f1ff94ecc9406aff2786,CAWGDYTIYF,0.02523636227739945,TCRBV30-01,TCRBJ01-03
30f6349aaf50f1ff94ecc9406aff2786,CASSSPWGGYGYTF,0.025235198106010413,TCRBV28-01,TCRBJ01-02
30f6349aaf50f1ff94ecc9406aff2786,CASSYWGQSYGYTF,0.02522200733074266,TCRBV06-05,TCRBJ01-02
30f6349aaf50f1ff94ecc9406aff2786,CASTWGAGPAYGYTF,0.025210394927004196,TCRBV19-01,TCRBJ01-02
358214ae259cca018c3ef51c6dc28ca8,CAPF,0.04414168268142047,TCRBV15-01,TCRBJ01-02
358214ae259cca018c3ef51c6dc28ca8,CASSSYYRYYGYTF,0.04015780042725219,TCRBV28-01,TCRBJ01-02
358214ae259cca018c3ef51c6dc28ca8,CASSYSYRYYGYTF,0.03544499912245038,TCRBV06-05,TCRBJ01-02
358214ae259cca018c3ef51c6dc28ca8,CATGYYYGYTF,0.03479014762923331,TCRBV19-01,TCRBJ01-02
358214ae259cca018c3ef51c6dc28ca8,CAWGPWGNYGYTF,0.03376093646739957,TCRBV30-01,TCRBJ01-02
358214ae259cca018c3ef51c6dc28ca8,IWGPYCYYGYTF,0.03371382499499437,TCRBV28-01,TCRBJ01-02
358214ae259cca018c3ef51c6dc28ca8,CAWGGAWGAPNYGYTF,0.03280249031438849,TCRBV30-01,TCRBJ01-02
358214ae259cca018c3ef51c6dc28ca8,CSARGRPPVGNTIYF,0.03269259643784197,TCRBV20-X,TCRBJ01-03
358214ae259cca018c3ef51c6dc28ca8,CAGYWGSYGYTF,0.03249821431391064,TCRBV06-05,TCRBJ01-02
358214ae259cca018c3ef51c6dc28ca8,CASSGWNPFGYTF,0.032120141946714066,TCRBV06-X,TCRBJ01-02
358214ae259cca018c3ef51c6dc28ca8,WTSL,0.03190899767875669,TCRBV10-01,TCRBJ02-07
358214ae259cca018c3ef51c6dc28ca8,CAWSVGGPYHYYF,0.03181942000513018,TCRBV30-01,TCRBJ02-07
358214ae259cca018c3ef51c6dc28ca8,CASSYYYRGTNYGYTF,0.03172266800191402,TCRBV06-02/06-03,TCRBJ01-02
358214ae259cca018c3ef51c6dc28ca8,WANVLTF,0.03160373699896806,TCRBV21-01,TCRBJ02-06
358214ae259cca018c3ef51c6dc28ca8,CASSYWGQPNYGYTF,0.030837492471867078,TCRBV06-05,TCRBJ01-02
358214ae259cca018c3ef51c6dc28ca8,WGDLHTF,0.030794287789802272,TCRBV12-03/12-04,TCRBJ01-02
358214ae259cca018c3ef51c6dc28ca8,CASSYSSGYRYYGYTF,0.03075434321739646,TCRBV06-05,TCRBJ01-02
358214ae259cca018c3ef51c6dc28ca8,SDTF,0.03067060300754852,TCRBV10-03,TCRBJ01-02
358214ae259cca018c3ef51c6dc28ca8,CAWSWGYNGGYTF,0.030607595276762718,TCRBV30-01,TCRBJ01-02
358214ae259cca018c3ef51c6dc28ca8,CASSYWGYGYTF,0.030494760737097927,TCRBV06-05,TCRBJ01-02
358214ae259cca018c3ef51c6dc28ca8,CSAIWGWGYGYTF,0.03041561947314041,TCRBV20-X,TCRBJ01-02
358214ae259cca018c3ef51c6dc28ca8,CASSYGWPNWGYTF,0.030406280065384757,TCRBV06-02/06-03,TCRBJ01-02
358214ae259cca018c3ef51c6dc28ca8,CAWSYGYGYTF,0.030335630439429332,TCRBV30-01,TCRBJ01-02
358214ae259cca018c3ef51c6dc28ca8,CASSFWDRFTEAFF,0.03031557743446562,TCRBV27-01,TCRBJ01-01
358214ae259cca018c3ef51c6dc28ca8,CASSYSYYGYTF,0.030263359061549023,TCRBV06-02/06-03,TCRBJ01-02
358214ae259cca018c3ef51c6dc28ca8,CAWGWGAYGYTF,0.030029724532953654,TCRBV30-01,TCRBJ01-02
358214ae259cca018c3ef51c6dc28ca8,CASSWGGGEIWGGYTF,0.03002327363196139,TCRBV06-05,TCRBJ01-02
358214ae259cca018c3ef51c6dc28ca8,CASGLQGTKGIYGYTF,0.02990267479557808,TCRBV12-05,TCRBJ01-02
358214ae259cca018c3ef51c6dc28ca8,CASSYSSYYGYTF,0.0298697800365139,TCRBV06-05,TCRBJ01-02
358214ae259cca018c3ef51c6dc28ca8,CASNPWGAGYGYTF,0.029817166183840213,TCRBV06-05,TCRBJ01-02
358214ae259cca018c3ef51c6dc28ca8,CASSYYRNYGYTF,0.02979071033998344,TCRBV06-05,TCRBJ01-02
358214ae259cca018c3ef51c6dc28ca8,CSGWGPYGYTF,0.02969018973422221,TCRBV20-01,TCRBJ01-02
358214ae259cca018c3ef51c6dc28ca8,CASSYRGYYGYTF,0.02933977931009988,TCRBV12-03/12-04,TCRBJ01-02
358214ae259cca018c3ef51c6dc28ca8,CASSYGMYYGYTF,0.029326874439739224,TCRBV28-01,TCRBJ01-02
358214ae259cca018c3ef51c6dc28ca8,CASSYYGPNYGYTF,0.029312180727315874,TCRBV06-05,TCRBJ01-02
358214ae259cca018c3ef51c6dc28ca8,CASSAGTGPYYYGYTF,0.02882494970706427,TCRBV09-01,TCRBJ01-02
358214ae259cca018c3ef51c6dc28ca8,CTTF,0.02880925755198875,TCRBV20-01,TCRBJ01-02
358214ae259cca018c3ef51c6dc28ca8,CAWAPWNNYGYTF,0.028789826924351742,TCRBV30-01,TCRBJ01-02
358214ae259cca018c3ef51c6dc28ca8,CASSPKGNPWAFF,0.02868309009306069,TCRBV04-02,TCRBJ01-01
358214ae259cca018c3ef51c6dc28ca8,CASSYYPSYGYTF,0.02857254149346003,TCRBV05-08,TCRBJ01-02
358214ae259cca018c3ef51c6dc28ca8,WFGNTIYF,0.028568521586782886,TCRBV23-01,TCRBJ01-03
358214ae259cca018c3ef51c6dc28ca8,CASSLFYYYGYTF,0.028463762982803606,TCRBV28-01,TCRBJ01-02
358214ae259cca018c3ef51c6dc28ca8,CASSPEVGALFPYGYTF,0.028443527421472523,TCRBV27-01,TCRBJ01-02
358214ae259cca018c3ef51c6dc28ca8,CATYGPGGYYGYTF,0.02841250507130153,TCRBV28-01,TCRBJ01-02
358214ae259cca018c3ef51c6dc28ca8,WNIQYF,0.028376246475072524,TCRBV11-02,TCRBJ02-04
358214ae259cca018c3ef51c6dc28ca8,CASSFWGGTTTNYGYTF,0.02832115053433975,TCRBV28-01,TCRBJ01-02
358214ae259cca018c3ef51c6dc28ca8,CASSYWAGGAANYGYTF,0.028265608372510558,TCRBV06-X,TCRBJ01-02
358214ae259cca018c3ef51c6dc28ca8,CASSYGANWNYGYTF,0.02825841566480493,TCRBV06-06,TCRBJ01-02
358214ae259cca018c3ef51c6dc28ca8,YTF,0.028244634335945453,TCRBV30-01,TCRBJ01-02
358214ae259cca018c3ef51c6dc28ca8,CASNPWGGGNTIYF,0.02814288903948155,TCRBV28-01,TCRBJ01-03
358214ae259cca018c3ef51c6dc28ca8,CASSYSWGSGGYTF,0.028109025957205835,TCRBV06-05,TCRBJ01-02
358214ae259cca018c3ef51c6dc28ca8,CAWGGGYGYTF,0.02810525498167812,TCRBV30-01,TCRBJ01-02
358214ae259cca018c3ef51c6dc28ca8,CASSYSWGNYGYTF,0.028068599887691476,TCRBV06-05,TCRBJ01-02
358214ae259cca018c3ef51c6dc28ca8,CSAYFTGYHYGYTF,0.027964634960328805,TCRBV20-X,TCRBJ01-02
358214ae259cca018c3ef51c6dc28ca8,LRYTF,0.02795203086539109,TCRBV25-01,TCRBJ01-02
358214ae259cca018c3ef51c6dc28ca8,CAWGYWDRTYPNYGYTF,0.027925748658597052,TCRBV30-01,TCRBJ01-02
358214ae259cca018c3ef51c6dc28ca8,CASSGGYTGFYGYTF,0.027921087515660376,TCRBV25-01,TCRBJ01-02
358214ae259cca018c3ef51c6dc28ca8,CAWTWGGYGYTF,0.027885929235765092,TCRBV30-01,TCRBJ01-02
358214ae259cca018c3ef51c6dc28ca8,CASSWGGSNNYGYTF,0.02786616211809669,TCRBV05-04,TCRBJ01-02
358214ae259cca018c3ef51c6dc28ca8,CASSYYRPGGYTF,0.027798141023802486,TCRBV28-01,TCRBJ01-02
358214ae259cca018c3ef51c6dc28ca8,CASSSYWTGGYGYTF,0.027787719178819857,TCRBV28-01,TCRBJ01-02
358214ae259cca018c3ef51c6dc28ca8,CSANDIKAFF,0.027720597368905888,TCRBV20-01,TCRBJ01-01
358214ae259cca018c3ef51c6dc28ca8,CASSSGTGGGWGYGYTF,0.027709935585092126,TCRBV03-01/03-02,TCRBJ01-02
358214ae259cca018c3ef51c6dc28ca8,CASTTGTGGWYNYGYTF,0.02770396717594996,TCRBV06-X,TCRBJ01-02
358214ae259cca018c3ef51c6dc28ca8,CASSHWGHNYGYTF,0.027699903848859755,TCRBV03-01/03-02,TCRBJ01-02
358214ae259cca018c3ef51c6dc28ca8,CASSWGNYYGYTF,0.027682942383057928,TCRBV28-01,TCRBJ01-02
358214ae259cca018c3ef51c6dc28ca8,CAWTR,0.02763552668606654,TCRBV30-01,TCRBJ01-05
358214ae259cca018c3ef51c6dc28ca8,CASNWGYYGYTF,0.027585866619863945,TCRBV12-03/12-04,TCRBJ01-02
358214ae259cca018c3ef51c6dc28ca8,CASSYGWGYGYTF,0.027505972501641055,TCRBV06-05,TCRBJ01-02
358214ae259cca018c3ef51c6dc28ca8,CAWVPGHYYGYTF,0.02748308156583366,TCRBV30-01,TCRBJ01-02
358214ae259cca018c3ef51c6dc28ca8,CASRY,0.027466567548113052,TCRBV27-01,TCRBJ01-02
358214ae259cca018c3ef51c6dc28ca8,EPQHF,0.027442803283659785,TCRBV11-03,TCRBJ01-05
358214ae259cca018c3ef51c6dc28ca8,CASNYRGNNYGYTF,0.027436738100905148,TCRBV05-05,TCRBJ01-02
358214ae259cca018c3ef51c6dc28ca8,CASSYNHYRYSSPTYGYTF,0.027327868114951952,TCRBV06-02/06-03,TCRBJ01-02
358214ae259cca018c3ef51c6dc28ca8,YWRPGANVLTF,0.027311937193346868,TCRBV06-X,TCRBJ02-06
358214ae259cca018c3ef51c6dc28ca8,CASNPWGGFTEAFF,0.02730528746207145,TCRBV12-X,TCRBJ01-01
358214ae259cca018c3ef51c6dc28ca8,CASSYSYRNYGYTF,0.02729129966672266,TCRBV06-05,TCRBJ01-02
358214ae259cca018c3ef51c6dc28ca8,CAWGYGYTF,0.02727964690931285,TCRBV30-01,TCRBJ01-02
358214ae259cca018c3ef51c6dc28ca8,CAWGPPQYF,0.02725056302903581,TCRBV30-01,TCRBJ02-05
358214ae259cca018c3ef51c6dc28ca8,CATWHYNYGYTF,0.027140731872136652,TCRBV24-01,TCRBJ01-02
358214ae259cca018c3ef51c6dc28ca8,CASSSYRGNNYGYTF,0.027029258736542883,TCRBV11-02,TCRBJ01-02
358214ae259cca018c3ef51c6dc28ca8,CASTGTPYIPWHGYTF,0.027025744571298704,TCRBV27-01,TCRBJ01-02
358214ae259cca018c3ef51c6dc28ca8,CATPGAPGANVLTF,0.027018412023878197,TCRBV28-01,TCRBJ02-06
358214ae259cca018c3ef51c6dc28ca8,CASSYSYRHSNYGYTF,0.027006855319308368,TCRBV06-05,TCRBJ01-02
358214ae259cca018c3ef51c6dc28ca8,CASSYSYSNYGYTF,0.027002113088375166,TCRBV06-05,TCRBJ01-02
358214ae259cca018c3ef51c6dc28ca8,CAWSVPWGYGYTF,0.02695498385479844,TCRBV30-01,TCRBJ01-02
358214ae259cca018c3ef51c6dc28ca8,CAWSPSTYYYGYTF,0.026938867428409462,TCRBV30-01,TCRBJ01-02
358214ae259cca018c3ef51c6dc28ca8,CASSYGANYYGYTF,0.026930476907093184,TCRBV06-05,TCRBJ01-02
358214ae259cca018c3ef51c6dc28ca8,CSRYF,0.026910695589336862,TCRBV20-01,TCRBJ02-03
358214ae259cca018c3ef51c6dc28ca8,CASSYGGFYGYTF,0.026884752587448057,TCRBV06-05,TCRBJ01-02
358214ae259cca018c3ef51c6dc28ca8,CASHGYYGYTF,0.026879005330493116,TCRBV28-01,TCRBJ01-02
358214ae259cca018c3ef51c6dc28ca8,CAWSSPGGPNYEQYF,0.026847083512466566,TCRBV30-01,TCRBJ02-07
358214ae259cca018c3ef51c6dc28ca8,CASPYRHYNYGYTF,0.02684183296519957,TCRBV27-01,TCRBJ01-02
358214ae259cca018c3ef51c6dc28ca8,CANYRGGHYGYTF,0.02678995581311968,TCRBV27-01,TCRBJ01-02
358214ae259cca018c3ef51c6dc28ca8,CASSYRYRSNYGYTF,0.026754711279587538,TCRBV06-05,TCRBJ01-02
358214ae259cca018c3ef51c6dc28ca8,CASSYGWGEYGYTF,0.026752599035343567,TCRBV06-05,TCRBJ01-02
358214ae259cca018c3ef51c6dc28ca8,CATSGWGGYGYTF,0.026723511268977596,TCRBV24-01,TCRBJ01-02
359ede9a8de1fd9a9c16192c64b8fc4e,CASGAQGVPGAQGYTF,0.0484933918106242,TCRBV19-01,TCRBJ01-02
359ede9a8de1fd9a9c16192c64b8fc4e,REWFF,0.03466264294133066,TCRBV20-01,TCRBJ02-01
359ede9a8de1fd9a9c16192c64b8fc4e,PHIYF,0.03185644466944725,TCRBV29-01,TCRBJ01-03
359ede9a8de1fd9a9c16192c64b8fc4e,HFWGAPNYGYTF,0.03157899931813814,TCRBV27-01,TCRBJ01-02
359ede9a8de1fd9a9c16192c64b8fc4e,CAWSVHGGFPYYGYTF,0.030670216704933844,TCRBV30-01,TCRBJ01-02
359ede9a8de1fd9a9c16192c64b8fc4e,CASSWDPWGYGYTF,0.0303843783349296,TCRBV12-X,TCRBJ01-02
359ede9a8de1fd9a9c16192c64b8fc4e,CASHRYF,0.029991510914701737,TCRBV21-01,TCRBJ02-07
359ede9a8de1fd9a9c16192c64b8fc4e,CAWGPNF,0.029891749187405253,TCRBV30-01,TCRBJ02-07
359ede9a8de1fd9a9c16192c64b8fc4e,CASSYYRNYGYTF,0.02979071033998344,TCRBV06-05,TCRBJ01-02
359ede9a8de1fd9a9c16192c64b8fc4e,CSVYVGYNYGYTF,0.029716699970574332,TCRBV20-X,TCRBJ01-02
359ede9a8de1fd9a9c16192c64b8fc4e,CARSPHYYYGYTF,0.029650381616429407,TCRBV07-05,TCRBJ01-02
359ede9a8de1fd9a9c16192c64b8fc4e,WADTQYF,0.02934998966588526,TCRBV12-03/12-04,TCRBJ02-03
359ede9a8de1fd9a9c16192c64b8fc4e,CATRRRF,0.028656767907919777,TCRBV24-01,TCRBJ01-04
359ede9a8de1fd9a9c16192c64b8fc4e,CASWADPYYGYTF,0.028606075322913017,TCRBV06-05,TCRBJ01-02
359ede9a8de1fd9a9c16192c64b8fc4e,CASSMVYYHYGYTF,0.028519001061721023,TCRBV19-01,TCRBJ01-02
359ede9a8de1fd9a9c16192c64b8fc4e,CASAPAAGANVLTF,0.02845677015773625,TCRBV06-X,TCRBJ02-06
359ede9a8de1fd9a9c16192c64b8fc4e,CATWFQAGGYTF,0.028349575386048587,TCRBV28-01,TCRBJ01-02
359ede9a8de1fd9a9c16192c64b8fc4e,CASSWGPSSGGYGYTF,0.027944004119455197,TCRBV07-02,TCRBJ01-02
359ede9a8de1fd9a9c16192c64b8fc4e,CAWTPWGVHTIYF,0.02784537918052546,TCRBV30-01,TCRBJ01-03
359ede9a8de1fd9a9c16192c64b8fc4e,GAWNYGYTF,0.027802124907487964,TCRBV20-01,TCRBJ01-02
359ede9a8de1fd9a9c16192c64b8fc4e,CAWMGIYGYTF,0.027649044909913857,TCRBV30-01,TCRBJ01-02
359ede9a8de1fd9a9c16192c64b8fc4e,CASSGGAYAGYGYTF,0.027647998532203167,TCRBV19-01,TCRBJ01-02
359ede9a8de1fd9a9c16192c64b8fc4e,CARIAWWGYGYTF,0.027472796797698488,TCRBV11-02,TCRBJ01-02
359ede9a8de1fd9a9c16192c64b8fc4e,CASIGTGYTFYGYTF,0.027272511469762367,TCRBV28-01,TCRBJ01-02
359ede9a8de1fd9a9c16192c64b8fc4e,CASSYSGGFTANYGYTF,0.0272084166909867,TCRBV06-02/06-03,TCRBJ01-02
359ede9a8de1fd9a9c16192c64b8fc4e,CASINRGWGYGYTF,0.026984798607835335,TCRBV28-01,TCRBJ01-02
359ede9a8de1fd9a9c16192c64b8fc4e,CASSLFKGTGQGITEAFF,0.026941909639580524,TCRBV05-04,TCRBJ01-01
359ede9a8de1fd9a9c16192c64b8fc4e,CASSWGDTGGDMGYTF,0.026934880403194777,TCRBV05-01,TCRBJ01-02
359ede9a8de1fd9a9c16192c64b8fc4e,CASSSGYRYNYGYTF,0.026881702619179507,TCRBV12-X,TCRBJ01-02
359ede9a8de1fd9a9c16192c64b8fc4e,WDWHSGNTIYF,0.026786885226032328,TCRBV02-01,TCRBJ01-03
359ede9a8de1fd9a9c16192c64b8fc4e,CASSPWGGYGYTF,0.026769062071468293,TCRBV27-01,TCRBJ01-02
359ede9a8de1fd9a9c16192c64b8fc4e,CASSTGPQGYPGNTIYF,0.026624376569585422,TCRBV28-01,TCRBJ01-03
359ede9a8de1fd9a9c16192c64b8fc4e,CASSYMRAYGYTF,0.02661029420790312,TCRBV07-09,TCRBJ01-02
359ede9a8de1fd9a9c16192c64b8fc4e,CASSGPSWGSSNYGYTF,0.02659511734267228,TCRBV06-04,TCRBJ01-02
359ede9a8de1fd9a9c16192c64b8fc4e,CASSYNGGFFSGNTIYF,0.026580462447157255,TCRBV06-X,TCRBJ01-03
359ede9a8de1fd9a9c16192c64b8fc4e,CASRIYGYNYGYTF,0.026565960296789495,TCRBV28-01,TCRBJ01-02
359ede9a8de1fd9a9c16192c64b8fc4e,CSAYYFTWFF,0.026518248261268824,TCRBV20-01,TCRBJ02-01
359ede9a8de1fd9a9c16192c64b8fc4e,CASRYPWGEYYGYTF,0.026484874393654653,TCRBV06-05,TCRBJ01-02
359ede9a8de1fd9a9c16192c64b8fc4e,CATHLTPGHNYGYTF,0.026459795959591036,TCRBV06-05,TCRBJ01-02
359ede9a8de1fd9a9c16192c64b8fc4e,CAWSVPGGYYGYTF,0.02635599601375566,TCRBV30-01,TCRBJ01-02
359ede9a8de1fd9a9c16192c64b8fc4e,CASSYSGWGNYGYTF,0.02634118803499185,TCRBV06-02/06-03,TCRBJ01-02
359ede9a8de1fd9a9c16192c64b8fc4e,CASFTATGGGNVGYGYTF,0.026298766250193742,TCRBV19-01,TCRBJ01-02
359ede9a8de1fd9a9c16192c64b8fc4e,CASSHGWGGGYGYTF,0.026181407819073733,TCRBV14-01,TCRBJ01-02
359ede9a8de1fd9a9c16192c64b8fc4e,CASSHHPGGKAKNIQYF,0.026130517971961146,TCRBV06-07,TCRBJ02-04
359ede9a8de1fd9a9c16192c64b8fc4e,CASAGWGYGYTF,0.026097485676050927,TCRBV06-05,TCRBJ01-02
359ede9a8de1fd9a9c16192c64b8fc4e,CASSPWGTGGNSGNTIYF,0.026078707049079893,TCRBV07-08,TCRBJ01-03
359ede9a8de1fd9a9c16192c64b8fc4e,CAWTWALGANVLTF,0.025950132782193002,TCRBV30-01,TCRBJ02-06
359ede9a8de1fd9a9c16192c64b8fc4e,CASSYTGGPYGYTF,0.02588839269128771,TCRBV06-06,TCRBJ01-02
359ede9a8de1fd9a9c16192c64b8fc4e,CAPGAFF,0.025672730889457193,TCRBV25-01,TCRBJ01-01
359ede9a8de1fd9a9c16192c64b8fc4e,CASWNGPPSYEQYF,0.025608905548014187,TCRBV03-01/03-02,TCRBJ02-07
359ede9a8de1fd9a9c16192c64b8fc4e,CASSFYAGNPNYGYTF,0.02560080982401712,TCRBV12-X,TCRBJ01-02
359ede9a8de1fd9a9c16192c64b8fc4e,CASWWGAGAQYF,0.025593537100188458,TCRBV06-X,TCRBJ02-05
359ede9a8de1fd9a9c16192c64b8fc4e,CSAHHPRGYGYTF,0.02559136251247178,TCRBV20-X,TCRBJ01-02
359ede9a8de1fd9a9c16192c64b8fc4e,CASRRFGQIGLAGGSSYNEQFF,0.025425837922061323,unresolved,TCRBJ02-01
359ede9a8de1fd9a9c16192c64b8fc4e,CASSYYPPTGGFF,0.02540533388507603,TCRBV06-02/06-03,TCRBJ02-01
359ede9a8de1fd9a9c16192c64b8fc4e,CASTAWGGIGYYGYTF,0.025386013898225805,TCRBV28-01,TCRBJ01-02
359ede9a8de1fd9a9c16192c64b8fc4e,CASWGWAGVGYTF,0.02538509221943118,TCRBV06-05,TCRBJ01-02
359ede9a8de1fd9a9c16192c64b8fc4e,CAWKGVYYGYTF,0.025352145561995817,TCRBV30-01,TCRBJ01-02
359ede9a8de1fd9a9c16192c64b8fc4e,CAWATGWEGYTF,0.025348279759961238,TCRBV30-01,TCRBJ01-02
359ede9a8de1fd9a9c16192c64b8fc4e,CASMYLPYGYTF,0.0253442157644449,TCRBV02-01,TCRBJ01-02
359ede9a8de1fd9a9c16192c64b8fc4e,CASSFNYNYGYTF,0.025337794178604493,TCRBV05-06,TCRBJ01-02
359ede9a8de1fd9a9c16192c64b8fc4e,CASSYSYSRNYGYTF,0.025285887949491163,TCRBV06-05,TCRBJ01-02
359ede9a8de1fd9a9c16192c64b8fc4e,CASSWYRECYYGYTF,0.025239878568545294,TCRBV06-05,TCRBJ01-02
359ede9a8de1fd9a9c16192c64b8fc4e,NTIYF,0.025188596556331704,TCRBV10-03,TCRBJ01-03
359ede9a8de1fd9a9c16192c64b8fc4e,CASSYGHNYGYTF,0.025079454280241786,TCRBV28-01,TCRBJ01-02
359ede9a8de1fd9a9c16192c64b8fc4e,CASSLYGAYNYGYTF,0.025039675750209253,TCRBV27-01,TCRBJ01-02
359ede9a8de1fd9a9c16192c64b8fc4e,CASSPRTGYYNYGYTF,0.02495036388685244,TCRBV03-01/03-02,TCRBJ01-02
359ede9a8de1fd9a9c16192c64b8fc4e,CSATGAPHHYGYTF,0.02489103712597507,TCRBV20-X,TCRBJ01-02
359ede9a8de1fd9a9c16192c64b8fc4e,CASSLAKKLGGTPVGLEQYF,0.024855175668843474,TCRBV07-08,TCRBJ02-07
359ede9a8de1fd9a9c16192c64b8fc4e,CAWSPWGQGVNYGYTF,0.024820701919399946,TCRBV30-01,TCRBJ01-02
359ede9a8de1fd9a9c16192c64b8fc4e,CASSYWTGFNYGYTF,0.02480546282073709,TCRBV06-05,TCRBJ01-02
359ede9a8de1fd9a9c16192c64b8fc4e,ANVLTF,0.024801557161215553,TCRBV28-01,TCRBJ02-06
359ede9a8de1fd9a9c16192c64b8fc4e,CASRHPWGAGYGYTF,0.024790021016965674,TCRBV27-01,TCRBJ01-02
359ede9a8de1fd9a9c16192c64b8fc4e,CIPWGDYGYTF,0.024770514875494733,TCRBV20-01,TCRBJ01-02
359ede9a8de1fd9a9c16192c64b8fc4e,CASGPGPYYF,0.024764352997721093,TCRBV27-01,TCRBJ02-07
359ede9a8de1fd9a9c16192c64b8fc4e,CASSYHF,0.024719541542809184,TCRBV28-01,TCRBJ01-02
359ede9a8de1fd9a9c16192c64b8fc4e,CASSHRRHYSPLHF,0.024695813777029525,TCRBV03-01/03-02,TCRBJ01-06
359ede9a8de1fd9a9c16192c64b8fc4e,CASSPYGGWDGYTF,0.024693524045327698,TCRBV07-02,TCRBJ01-02
359ede9a8de1fd9a9c16192c64b8fc4e,CASTSYTNPYGYTF,0.024691307724722354,TCRBV06-05,TCRBJ01-02
359ede9a8de1fd9a9c16192c64b8fc4e,CASAPWGAGANVLTF,0.024676597937091715,TCRBV06-X,TCRBJ02-06
359ede9a8de1fd9a9c16192c64b8fc4e,CASSTPWGGYGYTF,0.02466010174806179,TCRBV19-01,TCRBJ01-02
359ede9a8de1fd9a9c16192c64b8fc4e,CASHHQGWTGFYGYTF,0.024639530647286186,TCRBV05-01,TCRBJ01-02
359ede9a8de1fd9a9c16192c64b8fc4e,CASSYSGNNYGYTF,0.02463499020729555,TCRBV06-06,TCRBJ01-02
359ede9a8de1fd9a9c16192c64b8fc4e,CASSHGWAHSANYGYTF,0.024619324076749022,TCRBV14-01,TCRBJ01-02
359ede9a8de1fd9a9c16192c64b8fc4e,CASNPGWGGGQNGYTF,0.024615352534234233,TCRBV23-01,TCRBJ01-02
359ede9a8de1fd9a9c16192c64b8fc4e,CATTGGYNYGYTF,0.0245835569321223,TCRBV19-01,TCRBJ01-02
359ede9a8de1fd9a9c16192c64b8fc4e,CASSHRYYGYTF,0.024582765127845064,TCRBV11-02,TCRBJ01-02
359ede9a8de1fd9a9c16192c64b8fc4e,CSAHKGGYGYTF,0.024526400895283202,TCRBV20-X,TCRBJ01-02
359ede9a8de1fd9a9c16192c64b8fc4e,CASRPGGYNYGYTF,0.024506232049039293,TCRBV27-01,TCRBJ01-02
359ede9a8de1fd9a9c16192c64b8fc4e,CASSWVPGGGFNYGYTF,0.024492519805323076,TCRBV07-02,TCRBJ01-02
359ede9a8de1fd9a9c16192c64b8fc4e,CASYLGFPAYGYTF,0.0244817216604069,TCRBV28-01,TCRBJ01-02
359ede9a8de1fd9a9c16192c64b8fc4e,CASHHTANYGYTF,0.024460557445112087,TCRBV06-X,TCRBJ01-02
359ede9a8de1fd9a9c16192c64b8fc4e,AFF,0.024460446505937563,TCRBV27-01,TCRBJ01-01
359ede9a8de1fd9a9c16192c64b8fc4e,CASSPYWDGWGDTQYF,0.024431340510842878,TCRBV05-01,TCRBJ02-03
359ede9a8de1fd9a9c16192c64b8fc4e,CASSWGGEGYPYGYTF,0.024428064720065795,TCRBV05-04,TCRBJ01-02
359ede9a8de1fd9a9c16192c64b8fc4e,CAWKIRRMIINYGYTF,0.024426640040977197,TCRBV30-01,TCRBJ01-02
359ede9a8de1fd9a9c16192c64b8fc4e,CAWSVWEYGYTF,0.024423671627968876,TCRBV30-01,TCRBJ01-02
359ede9a8de1fd9a9c16192c64b8fc4e,CASHHGGQPSNQPQHF,0.024414769918704293,TCRBV19-01,TCRBJ01-05
3986d76934e41be3ccbabb546222e662,FF,0.04636419028842517,TCRBV12-01,TCRBJ02-02
3986d76934e41be3ccbabb546222e662,CARKMWLLGNTGELFF,0.03357712777659469,TCRBV06-X,TCRBJ02-02
3986d76934e41be3ccbabb546222e662,CASSYYGRGWQYF,0.02867379381406897,TCRBV06-02/06-03,TCRBJ02-07
3986d76934e41be3ccbabb546222e662,CASSFGWDSPWEKYF,0.028218178157035,TCRBV06-05,TCRBJ02-07
3986d76934e41be3ccbabb546222e662,RSYGYTF,0.028065660121399022,TCRBV25-01,TCRBJ01-02
3986d76934e41be3ccbabb546222e662,CASSWWAASEAFF,0.027877520328202697,TCRBV11-02,TCRBJ01-01
3986d76934e41be3ccbabb546222e662,WDNGYTF,0.02759523924818175,TCRBV28-01,TCRBJ01-02
3986d76934e41be3ccbabb546222e662,CASGVWGYYGYTF,0.02739988352766613,TCRBV28-01,TCRBJ01-02
3986d76934e41be3ccbabb546222e662,CASSYIPGWYKRF,0.027315967379650516,TCRBV06-06,TCRBJ01-06
3986d76934e41be3ccbabb546222e662,CASSYSYRNYGYTF,0.02729129966672266,TCRBV06-05,TCRBJ01-02
3986d76934e41be3ccbabb546222e662,CAIAAWGAWGYTF,0.027269850377407773,TCRBV06-04,TCRBJ01-02
3986d76934e41be3ccbabb546222e662,CASSYMGHKVYGYTF,0.026562880775930053,TCRBV06-06,TCRBJ01-02
3986d76934e41be3ccbabb546222e662,RGRIKGKLFF,0.026512024947468706,TCRBV20-01,TCRBJ01-04
3986d76934e41be3ccbabb546222e662,CASSSSWGTGGNGYTF,0.02646568330603242,TCRBV06-06,TCRBJ01-02
3986d76934e41be3ccbabb546222e662,CAWGGGPYGYTF,0.026431091529580116,TCRBV30-01,TCRBJ01-02
3986d76934e41be3ccbabb546222e662,CASSGGWGYGYTF,0.026305762209187716,TCRBV10-01,TCRBJ01-02
3986d76934e41be3ccbabb546222e662,CAISYWTGGGYGYTF,0.026009856816740676,TCRBV10-03,TCRBJ01-02
3986d76934e41be3ccbabb546222e662,CASSYSWTGGSGGYTF,0.025960210895028053,TCRBV06-05,TCRBJ01-02
3986d76934e41be3ccbabb546222e662,CSGRYYGYTF,0.025913092914715653,TCRBV20-01,TCRBJ01-02
3986d76934e41be3ccbabb546222e662,CASSFFGTNANYGYTF,0.025909366487261016,TCRBV05-06,TCRBJ01-02
3986d76934e41be3ccbabb546222e662,CASSYSGAPYYYGYTF,0.0256538460912594,TCRBV06-05,TCRBJ01-02
3986d76934e41be3ccbabb546222e662,CASHRNTGGHMNTEAFF,0.025427093372692347,TCRBV06-X,TCRBJ01-01
3986d76934e41be3ccbabb546222e662,EAPF,0.025421713084066728,TCRBV28-01,TCRBJ01-06
3986d76934e41be3ccbabb546222e662,CASHMRGPGYTIYF,0.025404303793374106,TCRBV05-06,TCRBJ01-03
3986d76934e41be3ccbabb546222e662,CASSHHGPGGHYGYTF,0.025366585911071302,TCRBV11-02,TCRBJ01-02
3986d76934e41be3ccbabb546222e662,CASSWGQGAYYGYTF,0.025365246431374888,TCRBV05-04,TCRBJ01-02
3986d76934e41be3ccbabb546222e662,CASSYPHPRSAHQPQHF,0.02533991392165224,TCRBV06-X,TCRBJ01-05
3986d76934e41be3ccbabb546222e662,CATRAAKAVTLWGPWGPPGYTF,0.025297751741709847,TCRBV23-01,TCRBJ01-02
3986d76934e41be3ccbabb546222e662,CASSYYGYTF,0.02528123736463738,TCRBV06-05,TCRBJ01-02
3986d76934e41be3ccbabb546222e662,CATHFFGQGFGYGYTF,0.025161861262553147,TCRBV06-X,TCRBJ01-02
3986d76934e41be3ccbabb546222e662,CASTHAWANYGYTF,0.024903630794761298,TCRBV28-01,TCRBJ01-02
3986d76934e41be3ccbabb546222e662,CASSHGAGVSYNYGYTF,0.024893895950423937,TCRBV05-01,TCRBJ01-02
3986d76934e41be3ccbabb546222e662,CSVPSGGWRNYGYTF,0.024887828563436493,TCRBV29-01,TCRBJ01-02
3986d76934e41be3ccbabb546222e662,CASSPPPNPQPQHF,0.02480450833697457,TCRBV28-01,TCRBJ01-05
3986d76934e41be3ccbabb546222e662,CATVKRAGANVLTF,0.024714705136953362,TCRBV28-01,TCRBJ02-06
3986d76934e41be3ccbabb546222e662,CASSYSAAHHQPQHF,0.024696777105309757,TCRBV06-05,TCRBJ01-05
3986d76934e41be3ccbabb546222e662,CASSDWFSDWNTEAFF,0.024688560560163515,TCRBV06-04,TCRBJ01-01
3986d76934e41be3ccbabb546222e662,CASSSTGGYNYGYTF,0.024665951552198476,TCRBV06-05,TCRBJ01-02
3986d76934e41be3ccbabb546222e662,CSAPPAGHNPNQPQHF,0.024663023613526132,TCRBV20-X,TCRBJ01-05
3986d76934e41be3ccbabb546222e662,CASSYWGAPGNTIYF,0.024649254515209263,TCRBV14-01,TCRBJ01-03
3986d76934e41be3ccbabb546222e662,CASITPGQPHQPQHF,0.02461905356268135,TCRBV28-01,TCRBJ01-05
3986d76934e41be3ccbabb546222e662,CASSIDGGQGAKGNTIYF,0.024591401996996994,TCRBV19-01,TCRBJ01-03
3986d76934e41be3ccbabb546222e662,CASSFGGAPNYGYTF,0.024569305401221278,TCRBV28-01,TCRBJ01-02
3986d76934e41be3ccbabb546222e662,CAINDLRNYGYTF,0.024548418484487213,TCRBV10-03,TCRBJ01-02
3986d76934e41be3ccbabb546222e662,CASSDPWGGLNYGYTF,0.02454670866046984,TCRBV06-01,TCRBJ01-02
3986d76934e41be3ccbabb546222e662,CSVVHEGPPSYEQYF,0.024527822689934677,TCRBV29-01,TCRBJ02-07
3986d76934e41be3ccbabb546222e662,CASSYTGPYGYTF,0.02451969658354829,TCRBV12-03/12-04,TCRBJ01-02
3986d76934e41be3ccbabb546222e662,CASSYGYGYTF,0.024498182713149633,TCRBV28-01,TCRBJ01-02
3986d76934e41be3ccbabb546222e662,CASSYNPSGGFYGYTF,0.024488441479332965,TCRBV07-09,TCRBJ01-02
3986d76934e41be3ccbabb546222e662,CASNPWTGGRIPYGYTF,0.024461982630442712,TCRBV28-01,TCRBJ01-02
3986d76934e41be3ccbabb546222e662,CASSGGYYGYTF,0.024391706089477903,TCRBV06-05,TCRBJ01-02
3986d76934e41be3ccbabb546222e662,CASSSYSSGYGYTF,0.024322012552115822,TCRBV07-08,TCRBJ01-02
3986d76934e41be3ccbabb546222e662,CASGYTGGSGYTF,0.02425215070049185,TCRBV05-04,TCRBJ01-02
3986d76934e41be3ccbabb546222e662,CASSFNTGGTNNYGYTF,0.02424150383077997,TCRBV27-01,TCRBJ01-02
3986d76934e41be3ccbabb546222e662,CASLGPYYGYTF,0.024184500186741478,TCRBV28-01,TCRBJ01-02
3986d76934e41be3ccbabb546222e662,CASSYIPGTSGWGFF,0.024165391228535407,TCRBV06-02/06-03,TCRBJ02-01
3986d76934e41be3ccbabb546222e662,CAKLPQGYHYGYTF,0.024147826520575216,TCRBV06-05,TCRBJ01-02
3986d76934e41be3ccbabb546222e662,CASSYGGTANYGYTF,0.024135689831169725,TCRBV06-06,TCRBJ01-02
3986d76934e41be3ccbabb546222e662,CASSYHGGGYTF,0.024127964094835128,TCRBV11-02,TCRBJ01-02
3986d76934e41be3ccbabb546222e662,CSYGPGAFSYF,0.02411551030265561,TCRBV20-01,TCRBJ02-03
3986d76934e41be3ccbabb546222e662,CASSAHGWWQPQHF,0.024111403441887634,TCRBV28-01,TCRBJ01-05
3986d76934e41be3ccbabb546222e662,CASSWKEGYTF,0.024095500003062785,TCRBV28-01,TCRBJ01-02
3986d76934e41be3ccbabb546222e662,CATSDWYYGYTF,0.024074977928735447,TCRBV24-01,TCRBJ01-02
3986d76934e41be3ccbabb546222e662,CASSWGEGGGANVLTF,0.024054811527853548,TCRBV07-08,TCRBJ02-06
3986d76934e41be3ccbabb546222e662,CASSYSSAGGNNYGYTF,0.024030278805589275,TCRBV06-X,TCRBJ01-02
3986d76934e41be3ccbabb546222e662,CASTLWGYYGYTF,0.024020642189053032,TCRBV05-05,TCRBJ01-02
3986d76934e41be3ccbabb546222e662,CASALWGGYGYTF,0.024016405786803453,TCRBV28-01,TCRBJ01-02
3986d76934e41be3ccbabb546222e662,NNYGYTF,0.02401037799464843,TCRBV21-01,TCRBJ01-02
3986d76934e41be3ccbabb546222e662,CASSSWGPNYGYTF,0.02400475804153605,TCRBV07-09,TCRBJ01-02
3986d76934e41be3ccbabb546222e662,CSAPKPGVPHGYTF,0.023974104142450898,TCRBV20-X,TCRBJ01-02
3986d76934e41be3ccbabb546222e662,CASSDRGYIYGYTF,0.023931057905425115,TCRBV25-01,TCRBJ01-02
3986d76934e41be3ccbabb546222e662,CASSFLGGITEAFF,0.02390300307432774,TCRBV28-01,TCRBJ01-01
3986d76934e41be3ccbabb546222e662,CAWMGTGVYGYTF,0.023900043897306687,TCRBV30-01,TCRBJ01-02
3986d76934e41be3ccbabb546222e662,CASSYGIFYGYTF,0.02385070146360178,TCRBV06-02/06-03,TCRBJ01-02
3986d76934e41be3ccbabb546222e662,CASKVLPGANVLTF,0.023848205107730794,TCRBV04-01,TCRBJ02-06
3986d76934e41be3ccbabb546222e662,CSPVIHPGANVLTF,0.023843815248071446,TCRBV20-X,TCRBJ02-06
3986d76934e41be3ccbabb546222e662,CASSYHGTARYYGYTF,0.023791990232168936,TCRBV07-09,TCRBJ01-02
3986d76934e41be3ccbabb546222e662,CSARDPNAWFNGYTF,0.02374383534424174,TCRBV20-X,TCRBJ01-02
3986d76934e41be3ccbabb546222e662,CASSFPHPGWTQYF,0.023721200114229766,TCRBV07-09,TCRBJ02-03
3986d76934e41be3ccbabb546222e662,CASSFGGFNYGYTF,0.02371314501020095,TCRBV28-01,TCRBJ01-02
3986d76934e41be3ccbabb546222e662,CASMYHAEAFF,0.02370073048802401,TCRBV02-01,TCRBJ01-01
3986d76934e41be3ccbabb546222e662,CASTHHTGHNQPQHF,0.023692703536666537,TCRBV02-01,TCRBJ01-05
3986d76934e41be3ccbabb546222e662,CASSYHGWGAFF,0.02369116009025916,TCRBV06-02/06-03,TCRBJ01-01
3986d76934e41be3ccbabb546222e662,CSVWGGGDGYTF,0.023686281542269233,TCRBV29-01,TCRBJ01-02
3986d76934e41be3ccbabb546222e662,CASSPAQGAPGNTIYF,0.023681647209476478,TCRBV18-01,TCRBJ01-03
3986d76934e41be3ccbabb546222e662,CASSYYWGAHSGANVLTF,0.023667443067236504,TCRBV06-X,TCRBJ02-06
3986d76934e41be3ccbabb546222e662,CASWPGAGYGYTF,0.023659769265320024,TCRBV19-01,TCRBJ01-02
3986d76934e41be3ccbabb546222e662,CASSHTNSGSHSFGGGTQYF,0.023635547834712594,TCRBV03-01/03-02,TCRBJ02-03
3986d76934e41be3ccbabb546222e662,CASSYPSGGGYTF,0.023627629052562577,TCRBV06-05,TCRBJ01-02
3986d76934e41be3ccbabb546222e662,CASSPRGHHYGYTF,0.023563802098158376,TCRBV03-01/03-02,TCRBJ01-02
3986d76934e41be3ccbabb546222e662,CASNPDPGWGYTF,0.023559589474461205,TCRBV10-02,TCRBJ01-02
3986d76934e41be3ccbabb546222e662,CASRRTWNYNYGYTF,0.02355761026137963,TCRBV02-01,TCRBJ01-02
3986d76934e41be3ccbabb546222e662,CASSAYRGYGYTF,0.023536700987494746,TCRBV09-01,TCRBJ01-02
3986d76934e41be3ccbabb546222e662,CSAGHYRGNYGYTF,0.023533427203339306,TCRBV20-X,TCRBJ01-02
3986d76934e41be3ccbabb546222e662,CASAAAGANVLTF,0.02351339420764132,TCRBV27-01,TCRBJ02-06
3986d76934e41be3ccbabb546222e662,CASSWEAGANVLTF,0.02350204268006123,TCRBV03-01/03-02,TCRBJ02-06
3986d76934e41be3ccbabb546222e662,CASSGGFNYGYTF,0.02350088066981158,TCRBV09-01,TCRBJ01-02
3986d76934e41be3ccbabb546222e662,CASQPGTGAPGANVLTF,0.023450943350226756,TCRBV10-03,TCRBJ02-06
3986d76934e41be3ccbabb546222e662,CASTWGHYGYTF,0.023428524041307318,TCRBV28-01,TCRBJ01-02
3e2b9c716ab1a908428d515c0f58c838,RASSLPTSIPGAWNLPNYGYTF,0.039503733443923245,TCRBV07-03,TCRBJ01-02
3e2b9c716ab1a908428d515c0f58c838,CAWGWGGTGYYGYTF,0.035319875283448474,TCRBV30-01,TCRBJ01-02
3e2b9c716ab1a908428d515c0f58c838,CASSYYYGYTF,0.03404899211087026,TCRBV07-09,TCRBJ01-02
3e2b9c716ab1a908428d515c0f58c838,CASRRDYWWYF,0.03384024184454846,TCRBV03-01/03-02,TCRBJ02-05
3e2b9c716ab1a908428d515c0f58c838,CAWRTPWGWWYF,0.03234681081838061,TCRBV30-01,TCRBJ02-07
3e2b9c716ab1a908428d515c0f58c838,CASSPTGLPFVGYTF,0.03196607927742203,TCRBV27-01,TCRBJ01-02
3e2b9c716ab1a908428d515c0f58c838,CASTYMWAPYGYTF,0.031319132556689826,TCRBV05-04,TCRBJ01-02
3e2b9c716ab1a908428d515c0f58c838,CATGPKGASGANVLTF,0.031284946624282224,TCRBV24-01,TCRBJ02-06
3e2b9c716ab1a908428d515c0f58c838,STQYF,0.03057697942283355,TCRBV11-02,TCRBJ02-03
3e2b9c716ab1a908428d515c0f58c838,CAKKHSGF,0.030515868406410167,TCRBV21-01,TCRBJ02-X
3e2b9c716ab1a908428d515c0f58c838,YNSPLHF,0.030455104486001992,TCRBV11-02,TCRBJ01-06
3e2b9c716ab1a908428d515c0f58c838,CASAYSYYGYTF,0.03045403795525413,TCRBV12-03/12-04,TCRBJ01-02
3e2b9c716ab1a908428d515c0f58c838,CASYRYYGYTF,0.030400947269121348,TCRBV28-01,TCRBJ01-02
3e2b9c716ab1a908428d515c0f58c838,CSAPKHF,0.030397119108556428,TCRBV20-01,TCRBJ01-05
3e2b9c716ab1a908428d515c0f58c838,CAWGGAWGYTF,0.03021737550995328,TCRBV30-01,TCRBJ01-02
3e2b9c716ab1a908428d515c0f58c838,RQHHVQPQHF,0.030205376438540085,TCRBV21-01,TCRBJ01-05
3e2b9c716ab1a908428d515c0f58c838,CASSPYWGPGGGTGNTIYF,0.029954310827333026,TCRBV19-01,TCRBJ01-03
3e2b9c716ab1a908428d515c0f58c838,CAWGWFYGYTF,0.029947304211999464,TCRBV30-01,TCRBJ01-02
3e2b9c716ab1a908428d515c0f58c838,WLGYTF,0.02957536118849323,TCRBV19-01,TCRBJ01-02
3e2b9c716ab1a908428d515c0f58c838,CAWRRHF,0.029567304890380373,TCRBV30-01,TCRBJ02-07
3e2b9c716ab1a908428d515c0f58c838,CAWIGVYGYTF,0.029475927087439572,TCRBV30-01,TCRBJ01-02
3e2b9c716ab1a908428d515c0f58c838,CASSYRGYYGYTF,0.02933977931009988,TCRBV28-01,TCRBJ01-02
3e2b9c716ab1a908428d515c0f58c838,CASGPPGTDGPMGFSGNTIYF,0.02913934605339067,TCRBV12-05,TCRBJ01-03
3e2b9c716ab1a908428d515c0f58c838,CASSWGGFNYGYTF,0.029127187423984232,TCRBV11-02,TCRBJ01-02
3e2b9c716ab1a908428d515c0f58c838,CASSYSAYSAYGYTF,0.029075532792369383,TCRBV06-05,TCRBJ01-02
3e2b9c716ab1a908428d515c0f58c838,CASSYSGGFYSNYGYTF,0.029054342289254794,TCRBV06-X,TCRBJ01-02
3e2b9c716ab1a908428d515c0f58c838,CALYIYGYTF,0.029021019206398265,TCRBV30-01,TCRBJ01-02
3e2b9c716ab1a908428d515c0f58c838,CASSYLWGYYGYTF,0.028977931900604645,TCRBV06-05,TCRBJ01-02
3e2b9c716ab1a908428d515c0f58c838,CASSYGAYYGYTF,0.028941835914216896,TCRBV06-02/06-03,TCRBJ01-02
3e2b9c716ab1a908428d515c0f58c838,CASSYPWGGYTF,0.028779575748846924,TCRBV06-02/06-03,TCRBJ01-02
3e2b9c716ab1a908428d515c0f58c838,CASSYSGGWYGYTF,0.028777456636929124,TCRBV06-05,TCRBJ01-02
3e2b9c716ab1a908428d515c0f58c838,CASSYSSIWVWWYGYTF,0.028763539568135443,TCRBV06-X,TCRBJ01-02
3e2b9c716ab1a908428d515c0f58c838,CAWSVSVWAFF,0.028620483510802045,TCRBV30-01,TCRBJ01-01
3e2b9c716ab1a908428d515c0f58c838,WGGFRGYTF,0.028319531638721532,TCRBV18-01,TCRBJ01-02
3e2b9c716ab1a908428d515c0f58c838,CAWNSLWWHF,0.028249936969529123,TCRBV30-01,TCRBJ01-02
3e2b9c716ab1a908428d515c0f58c838,CASTYLWGGLYYGYTF,0.028179953372412466,TCRBV12-X,TCRBJ01-02
3e2b9c716ab1a908428d515c0f58c838,CSASMYAYGYTF,0.028167718423052195,TCRBV20-01,TCRBJ01-02
3e2b9c716ab1a908428d515c0f58c838,CASSWGWRRNNYGYTF,0.027995260243994218,TCRBV05-08,TCRBJ01-02
3e2b9c716ab1a908428d515c0f58c838,CASSYSSGYYGYTF,0.02796849780020686,TCRBV06-05,TCRBJ01-02
3e2b9c716ab1a908428d515c0f58c838,CASNPYGGTYGYTF,0.027952136133136008,TCRBV05-01,TCRBJ01-02
3e2b9c716ab1a908428d515c0f58c838,TQYF,0.027884071147928093,TCRBV11-02,TCRBJ02-03
3e2b9c716ab1a908428d515c0f58c838,WGETQYF,0.027875008634825074,TCRBV09-01,TCRBJ02-05
3e2b9c716ab1a908428d515c0f58c838,CAWGAPYGYTF,0.027838600061232573,TCRBV30-01,TCRBJ01-02
3e2b9c716ab1a908428d515c0f58c838,CASRYGYYGYTF,0.02778243159683291,TCRBV12-03/12-04,TCRBJ01-02
3e2b9c716ab1a908428d515c0f58c838,CASWGYSHYGYTF,0.02776433498710713,TCRBV12-03/12-04,TCRBJ01-02
3e2b9c716ab1a908428d515c0f58c838,CASSYSWGSPNYGYTF,0.027754052514558706,TCRBV06-05,TCRBJ01-02
3e2b9c716ab1a908428d515c0f58c838,CAWGKGVWYGYTF,0.027733791178502856,TCRBV30-01,TCRBJ01-02
3e2b9c716ab1a908428d515c0f58c838,CASSYSYSSNYGYTF,0.02771690753609716,TCRBV06-05,TCRBJ01-02
3e2b9c716ab1a908428d515c0f58c838,CASSYSTGGWYGYTF,0.027716676234654063,TCRBV06-05,TCRBJ01-02
3e2b9c716ab1a908428d515c0f58c838,CASNSGGGYRHNYGYTF,0.02769600160925695,TCRBV28-01,TCRBJ01-02
3e2b9c716ab1a908428d515c0f58c838,CASSPIGWFTEAFF,0.027687823246538134,TCRBV06-05,TCRBJ01-01
3e2b9c716ab1a908428d515c0f58c838,CASIPWGLPHGYTF,0.027665873959794113,TCRBV28-01,TCRBJ01-02
3e2b9c716ab1a908428d515c0f58c838,CASSYAFGYYGYTF,0.02765953164285492,TCRBV06-05,TCRBJ01-02
3e2b9c716ab1a908428d515c0f58c838,CASSYYSWAYGYTF,0.027633292424149407,TCRBV06-05,TCRBJ01-02
3e2b9c716ab1a908428d515c0f58c838,CASSFWFYYGYTF,0.027550455768446794,TCRBV28-01,TCRBJ01-02
3e2b9c716ab1a908428d515c0f58c838,CASSPHGGGHNYGYTF,0.027519910884385677,TCRBV03-01/03-02,TCRBJ01-02
3e2b9c716ab1a908428d515c0f58c838,CASSHWGTGGGYGYTF,0.02751233163567372,TCRBV05-06,TCRBJ01-02
3e2b9c716ab1a908428d515c0f58c838,CASSFGGWGGGYGYTF,0.027479578558645305,TCRBV27-01,TCRBJ01-02
3e2b9c716ab1a908428d515c0f58c838,CASSKVLLGGGVGYTF,0.027466280959231888,TCRBV04-03,TCRBJ01-02
3e2b9c716ab1a908428d515c0f58c838,CASHYGYGYTF,0.027439007818746017,TCRBV02-01,TCRBJ01-02
3e2b9c716ab1a908428d515c0f58c838,CAWSAPWQGGFNYGYTF,0.02740613462145664,TCRBV30-01,TCRBJ01-02
3e2b9c716ab1a908428d515c0f58c838,CASSYYTGTNYGYTF,0.027359674576852084,TCRBV06-02/06-03,TCRBJ01-02
3e2b9c716ab1a908428d515c0f58c838,CASSHAYYRVHGYTF,0.027354364659141536,TCRBV03-01/03-02,TCRBJ01-02
3e2b9c716ab1a908428d515c0f58c838,CAWTPWFGGYGFF,0.02735001660161614,TCRBV30-01,TCRBJ01-01
3e2b9c716ab1a908428d515c0f58c838,CAWPCGQGGNNNQPQHF,0.027339124036471662,TCRBV30-01,TCRBJ01-05
3e2b9c716ab1a908428d515c0f58c838,CAWSGGNSYNYGYTF,0.027233973219081383,TCRBV30-01,TCRBJ01-02
3e2b9c716ab1a908428d515c0f58c838,CAWGAWASGANVLTF,0.02721706339924927,TCRBV30-01,TCRBJ02-06
3e2b9c716ab1a908428d515c0f58c838,CATISTGGWWHTEAFF,0.027197099535732943,TCRBV24-01,TCRBJ01-01
3e2b9c716ab1a908428d515c0f58c838,CLSRYF,0.027164664000951595,TCRBV28-01,TCRBJ02-03
3e2b9c716ab1a908428d515c0f58c838,CASSWGYTYGYTF,0.02714586138273837,TCRBV12-03/12-04,TCRBJ01-02
3e2b9c716ab1a908428d515c0f58c838,CSWYRGGGYTF,0.027138741076314147,TCRBV20-01,TCRBJ01-02
3e2b9c716ab1a908428d515c0f58c838,CAWGPWGANVLTF,0.027135280734316543,TCRBV30-01,TCRBJ02-06
3e2b9c716ab1a908428d515c0f58c838,CASSNSFFNGTSGGYTF,0.02712526877327539,TCRBV06-X,TCRBJ01-02
3e2b9c716ab1a908428d515c0f58c838,CASSSYRGNNYGYTF,0.027029258736542883,TCRBV11-02,TCRBJ01-02
3e2b9c716ab1a908428d515c0f58c838,CASYGGIYYGYTF,0.02702847498591299,TCRBV19-01,TCRBJ01-02
3e2b9c716ab1a908428d515c0f58c838,CAWSAGWGYGYTF,0.02702751413778966,TCRBV30-01,TCRBJ01-02
3e2b9c716ab1a908428d515c0f58c838,CSAPYGGWQYF,0.02701947441037347,TCRBV20-01,TCRBJ02-07
3e2b9c716ab1a908428d515c0f58c838,CSARYSYYGYTF,0.026999408750533405,TCRBV20-X,TCRBJ01-02
3e2b9c716ab1a908428d515c0f58c838,CASSYSTWGGGYTF,0.02695513549872972,TCRBV06-05,TCRBJ01-02
3e2b9c716ab1a908428d515c0f58c838,CASSYSGGTVGGNYGYTF,0.026886782967582634,TCRBV06-X,TCRBJ01-02
3e2b9c716ab1a908428d515c0f58c838,CASIHRAYFYGYTF,0.026865038210198502,TCRBV06-05,TCRBJ01-02
3e2b9c716ab1a908428d515c0f58c838,CARWWGGFPYEQYF,0.026854433152738996,TCRBV21-01,TCRBJ02-07
3e2b9c716ab1a908428d515c0f58c838,CASSYWSGGVYHGYTF,0.02685110929689054,TCRBV06-05,TCRBJ01-02
3e2b9c716ab1a908428d515c0f58c838,CASSYYASNYGYTF,0.026845428205467817,TCRBV06-06,TCRBJ01-02
3e2b9c716ab1a908428d515c0f58c838,CASSFDPF,0.026837329065551953,TCRBV05-04,TCRBJ02-07
3e2b9c716ab1a908428d515c0f58c838,CASSPGGYYYGYTF,0.026828578687435135,TCRBV05-04,TCRBJ01-02
3e2b9c716ab1a908428d515c0f58c838,CASSYLFPGGVAEAFF,0.02680269712161467,TCRBV03-01/03-02,TCRBJ01-01
3e2b9c716ab1a908428d515c0f58c838,CASSYYRAPNYGYTF,0.02673903084198635,TCRBV11-02,TCRBJ01-02
3e2b9c716ab1a908428d515c0f58c838,CASSGGPYYGYTF,0.02665717751769493,TCRBV02-01,TCRBJ01-02
3e2b9c716ab1a908428d515c0f58c838,CAINPDTF,0.02664877492810345,TCRBV10-03,TCRBJ01-02
3e2b9c716ab1a908428d515c0f58c838,CAIGDWWGCFF,0.026633391292448606,TCRBV28-01,TCRBJ01-01
3e2b9c716ab1a908428d515c0f58c838,CASHTF,0.026603259602899644,TCRBV23-01,TCRBJ01-04
3e2b9c716ab1a908428d515c0f58c838,SHLGTHYGYTF,0.026584318236881475,TCRBV03-01/03-02,TCRBJ01-02
3e2b9c716ab1a908428d515c0f58c838,CASRAEGYWYGYTF,0.02656821544146126,TCRBV02-01,TCRBJ01-02
3e2b9c716ab1a908428d515c0f58c838,CAWWAGAGYGYTF,0.026540194275229266,TCRBV30-01,TCRBJ01-02
3e2b9c716ab1a908428d515c0f58c838,CASSHWGF,0.026532572664583948,TCRBV04-02,TCRBJ02-07
3e2b9c716ab1a908428d515c0f58c838,CASSYVGVYGYTF,0.026530318923484675,TCRBV06-02/06-03,TCRBJ01-02
3e2b9c716ab1a908428d515c0f58c838,CAWGTAEAFF,0.026528838082975577,TCRBV30-01,TCRBJ01-01
3e2b9c716ab1a908428d515c0f58c838,RAFF,0.026517397375804705,TCRBV03-01/03-02,TCRBJ01-01
3ef3b4b76a28614a1c5bc76f930d0f7b,CASSKAQGPDRMDTEAFF,0.037187143298223015,TCRBV21-01,TCRBJ01-01
3ef3b4b76a28614a1c5bc76f930d0f7b,CAWGIGQGFSEAFF,0.035792147635539985,TCRBV30-01,TCRBJ01-01
3ef3b4b76a28614a1c5bc76f930d0f7b,CAWSVARAAAFWFF,0.0355292689295678,TCRBV30-01,TCRBJ02-01
3ef3b4b76a28614a1c5bc76f930d0f7b,CASGGYYYGYTF,0.034216608944666195,TCRBV06-05,TCRBJ01-02
3ef3b4b76a28614a1c5bc76f930d0f7b,CASSYYYGYTF,0.03404898819011768,TCRBV06-02/06-03,TCRBJ01-02
3ef3b4b76a28614a1c5bc76f930d0f7b,CAWSTGGYYYGYTF,0.03119179368750686,TCRBV30-01,TCRBJ01-02
3ef3b4b76a28614a1c5bc76f930d0f7b,CASSSSYYFPYGYTF,0.03092747553487222,TCRBV27-01,TCRBJ01-02
3ef3b4b76a28614a1c5bc76f930d0f7b,CSVPWGGWGYTF,0.030529798680424425,TCRBV29-01,TCRBJ01-02
3ef3b4b76a28614a1c5bc76f930d0f7b,CASSYSYSSYGYTF,0.030367575945983553,TCRBV06-05,TCRBJ01-02
3ef3b4b76a28614a1c5bc76f930d0f7b,CAWSVYAHYYGYTF,0.030143570038872924,TCRBV30-01,TCRBJ01-02
3ef3b4b76a28614a1c5bc76f930d0f7b,CASSYTGWGFNYGYTF,0.030115858609865813,TCRBV06-05,TCRBJ01-02
3ef3b4b76a28614a1c5bc76f930d0f7b,CASSYSSYYGYTF,0.0298697800365139,TCRBV06-02/06-03,TCRBJ01-02
3ef3b4b76a28614a1c5bc76f930d0f7b,CAWNGGGWGGYTF,0.02982865182772554,TCRBV30-01,TCRBJ01-02
3ef3b4b76a28614a1c5bc76f930d0f7b,CASSYSSYSYGYTF,0.02978298814852623,TCRBV06-06,TCRBJ01-02
3ef3b4b76a28614a1c5bc76f930d0f7b,CASSYYGHYGYTF,0.029730118434961657,TCRBV06-05,TCRBJ01-02
3ef3b4b76a28614a1c5bc76f930d0f7b,CAWSVMWWAEAFF,0.02949321505552512,TCRBV30-01,TCRBJ01-01
3ef3b4b76a28614a1c5bc76f930d0f7b,CSARPLPGLGYTGELFF,0.02944914470218504,TCRBV20-X,TCRBJ02-02
3ef3b4b76a28614a1c5bc76f930d0f7b,CASSSWGGSNYGYTF,0.02923686860039865,TCRBV12-X,TCRBJ01-02
3ef3b4b76a28614a1c5bc76f930d0f7b,CAWGGGFGYGYTF,0.02909827398722183,TCRBV30-01,TCRBJ01-02
3ef3b4b76a28614a1c5bc76f930d0f7b,CAWNGGYYGYTF,0.028783309552625543,TCRBV30-01,TCRBJ01-02
3ef3b4b76a28614a1c5bc76f930d0f7b,CASSYSYRSYGYTF,0.028537618082911734,TCRBV06-05,TCRBJ01-02
3ef3b4b76a28614a1c5bc76f930d0f7b,CASCNSGGYGYTF,0.028347271944219612,TCRBV19-01,TCRBJ01-02
3ef3b4b76a28614a1c5bc76f930d0f7b,CASSYYGGYTF,0.02834118831668581,TCRBV06-05,TCRBJ01-02
3ef3b4b76a28614a1c5bc76f930d0f7b,LSYTF,0.028335437450400097,TCRBV10-03,TCRBJ01-02
3ef3b4b76a28614a1c5bc76f930d0f7b,CASSTYGGTYYGYTF,0.028303034525569492,TCRBV07-02,TCRBJ01-02
3ef3b4b76a28614a1c5bc76f930d0f7b,CAWSGGYYGYTF,0.027991781406963925,TCRBV30-01,TCRBJ01-02
3ef3b4b76a28614a1c5bc76f930d0f7b,CASSSWFGGTNYGYTF,0.027893178543707,TCRBV27-01,TCRBJ01-02
3ef3b4b76a28614a1c5bc76f930d0f7b,CASSFFGTGGGNGYTF,0.027792070413241284,TCRBV12-X,TCRBJ01-02
3ef3b4b76a28614a1c5bc76f930d0f7b,CAWMWTEAFF,0.027780816857236563,TCRBV30-01,TCRBJ01-01
3ef3b4b76a28614a1c5bc76f930d0f7b,CASSYYGTGWNYGYTF,0.027725068537071424,TCRBV06-02/06-03,TCRBJ01-02
3ef3b4b76a28614a1c5bc76f930d0f7b,CASSNNYRTGNNYGYTF,0.02770062464180075,TCRBV06-02/06-03,TCRBJ01-02
3ef3b4b76a28614a1c5bc76f930d0f7b,CAWGGYGYTF,0.02758627114136823,TCRBV30-01,TCRBJ01-02
3ef3b4b76a28614a1c5bc76f930d0f7b,CAWYGGAANYGYTF,0.027558840699195473,TCRBV30-01,TCRBJ01-02
3ef3b4b76a28614a1c5bc76f930d0f7b,CASSGAGGWSANYGYTF,0.027466320763069395,TCRBV07-09,TCRBJ01-02
3ef3b4b76a28614a1c5bc76f930d0f7b,CAWSVYGGANYGYTF,0.027461165836545405,TCRBV30-01,TCRBJ01-02
3ef3b4b76a28614a1c5bc76f930d0f7b,CASSYSWGGNGYTF,0.027394624786282656,TCRBV06-05,TCRBJ01-02
3ef3b4b76a28614a1c5bc76f930d0f7b,FLNYGYTF,0.02729616405912259,TCRBV05-04,TCRBJ01-02
3ef3b4b76a28614a1c5bc76f930d0f7b,CASSWGTGGYYGYTF,0.02728767644773559,TCRBV05-04,TCRBJ01-02
3ef3b4b76a28614a1c5bc76f930d0f7b,CASYAGWGGYTF,0.02724975092176116,TCRBV25-01,TCRBJ01-02
3ef3b4b76a28614a1c5bc76f930d0f7b,CASSYFGPNYGYTF,0.027232673680228796,TCRBV06-05,TCRBJ01-02
3ef3b4b76a28614a1c5bc76f930d0f7b,CAWSAAWGGFGYGYTF,0.027183759847000135,TCRBV30-01,TCRBJ01-02
3ef3b4b76a28614a1c5bc76f930d0f7b,CASSHMGHYYGYTF,0.027148065205346922,TCRBV03-01/03-02,TCRBJ01-02
3ef3b4b76a28614a1c5bc76f930d0f7b,CAWSYNTGGYGYTF,0.027073176202955702,TCRBV30-01,TCRBJ01-02
3ef3b4b76a28614a1c5bc76f930d0f7b,CASSYWDPAKGYTF,0.027064318105374997,TCRBV06-02/06-03,TCRBJ01-02
3ef3b4b76a28614a1c5bc76f930d0f7b,CSAAGGSYYYGYTF,0.027002564097955258,TCRBV29-01,TCRBJ01-02
3ef3b4b76a28614a1c5bc76f930d0f7b,CASSYSYSNYGYTF,0.027002097428451867,TCRBV06-05,TCRBJ01-02
3ef3b4b76a28614a1c5bc76f930d0f7b,LFF,0.026945710138376235,TCRBV11-02,TCRBJ01-04
3ef3b4b76a28614a1c5bc76f930d0f7b,CASSYGGFYGYTF,0.02688472451872146,TCRBV12-03/12-04,TCRBJ01-02
3ef3b4b76a28614a1c5bc76f930d0f7b,CASNSWGGNYGYTF,0.02683417537219518,TCRBV06-05,TCRBJ01-02
3ef3b4b76a28614a1c5bc76f930d0f7b,CASKAQGYGYTNYGYTF,0.026821548644054335,TCRBV27-01,TCRBJ01-02
3ef3b4b76a28614a1c5bc76f930d0f7b,CASYGHNYGYTF,0.026811820327064792,TCRBV03-01/03-02,TCRBJ01-02
3ef3b4b76a28614a1c5bc76f930d0f7b,CASSNGWGAFF,0.026746989416491992,TCRBV09-01,TCRBJ01-01
3ef3b4b76a28614a1c5bc76f930d0f7b,NYGYTF,0.026602234742324912,TCRBV04-01,TCRBJ01-02
3ef3b4b76a28614a1c5bc76f930d0f7b,CASSYSKYWGYGYTF,0.026585903895463347,TCRBV06-05,TCRBJ01-02
3ef3b4b76a28614a1c5bc76f930d0f7b,CASSYWGGPGNTIYF,0.026578123019146752,TCRBV06-05,TCRBJ01-03
3ef3b4b76a28614a1c5bc76f930d0f7b,CASSGYNTGNYGYTF,0.026513246420350016,TCRBV06-02/06-03,TCRBJ01-02
3ef3b4b76a28614a1c5bc76f930d0f7b,CASSHCHF,0.026474057387058936,TCRBV03-01/03-02,TCRBJ02-07
3ef3b4b76a28614a1c5bc76f930d0f7b,CASSYWAGGGAYTQYF,0.0264582329710808,TCRBV06-05,TCRBJ02-03
3ef3b4b76a28614a1c5bc76f930d0f7b,CAWYKGLANYGYTF,0.02643693584411268,TCRBV30-01,TCRBJ01-02
3ef3b4b76a28614a1c5bc76f930d0f7b,CASSYEGYYGYTF,0.026408114552369667,TCRBV06-02/06-03,TCRBJ01-02
3ef3b4b76a28614a1c5bc76f930d0f7b,CASSYMGAYGYTF,0.02638003415515353,TCRBV06-02/06-03,TCRBJ01-02
3ef3b4b76a28614a1c5bc76f930d0f7b,CASSWGNGGGNGYTF,0.02631713545935498,TCRBV06-06,TCRBJ01-02
3ef3b4b76a28614a1c5bc76f930d0f7b,CAWSWGGYYEQYF,0.026287039144518645,TCRBV30-01,TCRBJ02-07
3ef3b4b76a28614a1c5bc76f930d0f7b,CASSTGGGYSTNYGYTF,0.026282339049426288,TCRBV19-01,TCRBJ01-02
3ef3b4b76a28614a1c5bc76f930d0f7b,CASPTWKVPDGYTF,0.026276384634412148,TCRBV06-X,TCRBJ01-02
3ef3b4b76a28614a1c5bc76f930d0f7b,CASSWNPYGYTF,0.026275015182640624,TCRBV19-01,TCRBJ01-02
3ef3b4b76a28614a1c5bc76f930d0f7b,CATLPGHGYNYGYTF,0.02625669286752405,TCRBV10-03,TCRBJ01-02
3ef3b4b76a28614a1c5bc76f930d0f7b,CACYGAYGYTF,0.026246717551373352,TCRBV30-01,TCRBJ01-02
3ef3b4b76a28614a1c5bc76f930d0f7b,CASSSWGGYGYTF,0.026211915892900204,TCRBV11-02,TCRBJ01-02
3ef3b4b76a28614a1c5bc76f930d0f7b,CASSHSGWGGGGSGNTIYF,0.02620116478591487,TCRBV07-09,TCRBJ01-03
3ef3b4b76a28614a1c5bc76f930d0f7b,CAWAPWDLKAFF,0.026171237027186902,TCRBV30-01,TCRBJ01-01
3ef3b4b76a28614a1c5bc76f930d0f7b,F,0.026169086064691448,TCRBV29-01,TCRBJ01-02
3ef3b4b76a28614a1c5bc76f930d0f7b,CSAWWDRGYTF,0.026122430085486825,TCRBV20-01,TCRBJ01-02
3ef3b4b76a28614a1c5bc76f930d0f7b,CASCPGGAGANVLTF,0.026104185559451914,TCRBV27-01,TCRBJ02-06
3ef3b4b76a28614a1c5bc76f930d0f7b,SRRSHF,0.026098017423825916,TCRBV07-05,TCRBJ02-07
3ef3b4b76a28614a1c5bc76f930d0f7b,CASSRSWTGGFSGNYGYTF,0.026096361617168305,TCRBV03-01/03-02,TCRBJ01-02
3ef3b4b76a28614a1c5bc76f930d0f7b,CASTFWGGANYGYTF,0.026088171952966612,TCRBV05-05,TCRBJ01-02
3ef3b4b76a28614a1c5bc76f930d0f7b,CASSHPRPHIYGYTF,0.026043009453953443,TCRBV11-02,TCRBJ01-02
3ef3b4b76a28614a1c5bc76f930d0f7b,CASNPWGGPTQYF,0.026016673758260743,TCRBV05-04,TCRBJ02-05
3ef3b4b76a28614a1c5bc76f930d0f7b,CASSSYGPYGYTF,0.025976473797939492,TCRBV28-01,TCRBJ01-02
3ef3b4b76a28614a1c5bc76f930d0f7b,CASTITGVIKAFF,0.025954514364429866,TCRBV28-01,TCRBJ01-01
3ef3b4b76a28614a1c5bc76f930d0f7b,CASSYYGFGYTF,0.025924040525343948,TCRBV06-02/06-03,TCRBJ01-02
3ef3b4b76a28614a1c5bc76f930d0f7b,CASPGPWVPF,0.025891702769454565,TCRBV07-X,TCRBJ01-02
3ef3b4b76a28614a1c5bc76f930d0f7b,CAWKWHQPQHF,0.02583248433813675,TCRBV30-01,TCRBJ01-05
3ef3b4b76a28614a1c5bc76f930d0f7b,CASSYTGGYNGYTF,0.025774891434832838,TCRBV06-05,TCRBJ01-02
3ef3b4b76a28614a1c5bc76f930d0f7b,CASGYNYGYTF,0.02574691484639882,TCRBV07-06,TCRBJ01-02
3ef3b4b76a28614a1c5bc76f930d0f7b,CASFPTGGYYGYTF,0.02574670852014986,TCRBV28-01,TCRBJ01-02
3ef3b4b76a28614a1c5bc76f930d0f7b,CATAHRGWYGYTF,0.025633913330270486,TCRBV28-01,TCRBJ01-02
3ef3b4b76a28614a1c5bc76f930d0f7b,CASSGGYPNYGYTF,0.025614498465950708,TCRBV12-X,TCRBJ01-02
3ef3b4b76a28614a1c5bc76f930d0f7b,CASSWWTGYWPQHF,0.025607489657454213,TCRBV05-04,TCRBJ01-05
3ef3b4b76a28614a1c5bc76f930d0f7b,CAWSGGAYYGYTF,0.02557121860228665,TCRBV30-01,TCRBJ01-02
3ef3b4b76a28614a1c5bc76f930d0f7b,CASRYGLYYGYTF,0.025523825979051295,TCRBV05-06,TCRBJ01-02
3ef3b4b76a28614a1c5bc76f930d0f7b,CASCPYGGGFNSPLHF,0.025520658050491432,TCRBV05-01,TCRBJ01-06
3ef3b4b76a28614a1c5bc76f930d0f7b,CASTINWWGGHGYTF,0.02550907324589112,TCRBV27-01,TCRBJ01-02
40dbe47dc9da1d8eecb5d0e5b4876f74,CRYF,0.03889685145628151,TCRBV29-01,TCRBJ02-05
40dbe47dc9da1d8eecb5d0e5b4876f74,CASSYWGYANYGYTF,0.03476884382488529,TCRBV06-02/06-03,TCRBJ01-02
40dbe47dc9da1d8eecb5d0e5b4876f74,CAYYNYGYTF,0.033400792759311904,TCRBV30-01,TCRBJ01-02
40dbe47dc9da1d8eecb5d0e5b4876f74,CASSYWSGDWNYGYTF,0.031277987351953196,TCRBV06-06,TCRBJ01-02
40dbe47dc9da1d8eecb5d0e5b4876f74,CAWGGAYYGYTF,0.031246137966729072,TCRBV30-01,TCRBJ01-02
40dbe47dc9da1d8eecb5d0e5b4876f74,CASTYSGYYGYTF,0.030934779208910523,TCRBV06-X,TCRBJ01-02
40dbe47dc9da1d8eecb5d0e5b4876f74,CASSYNYRNYGYTF,0.03000253430553679,TCRBV06-05,TCRBJ01-02
40dbe47dc9da1d8eecb5d0e5b4876f74,CASSYSWGSYGYTF,0.029864856187996378,TCRBV06-02/06-03,TCRBJ01-02
40dbe47dc9da1d8eecb5d0e5b4876f74,WRAEAFF,0.02985105253790882,TCRBV09-01,TCRBJ01-01
40dbe47dc9da1d8eecb5d0e5b4876f74,KYGYTF,0.029655566196484042,TCRBV20-01,TCRBJ01-02
40dbe47dc9da1d8eecb5d0e5b4876f74,CASYYGGYTF,0.029378798916831077,TCRBV25-01,TCRBJ01-02
40dbe47dc9da1d8eecb5d0e5b4876f74,CASSAGTGGWGGYGYTF,0.02930937239841638,TCRBV09-01,TCRBJ01-02
40dbe47dc9da1d8eecb5d0e5b4876f74,CASSYSWGAYGYTF,0.02918117003607639,TCRBV06-05,TCRBJ01-02
40dbe47dc9da1d8eecb5d0e5b4876f74,CASCGPRYYPYGYTF,0.029156874467036204,TCRBV03-01/03-02,TCRBJ01-02
40dbe47dc9da1d8eecb5d0e5b4876f74,CASSASGGWYNYGYTF,0.028950100530478178,TCRBV09-01,TCRBJ01-02
40dbe47dc9da1d8eecb5d0e5b4876f74,CASSYYRGYGYTF,0.028780795306422947,TCRBV11-02,TCRBJ01-02
40dbe47dc9da1d8eecb5d0e5b4876f74,CASSYSSWGGNGYTF,0.02870292107508156,TCRBV06-05,TCRBJ01-02
40dbe47dc9da1d8eecb5d0e5b4876f74,CSARAGVYAYGYTF,0.02846915171058653,TCRBV20-X,TCRBJ01-02
40dbe47dc9da1d8eecb5d0e5b4876f74,CAYTIYF,0.028391025675627346,TCRBV21-01,TCRBJ01-03
40dbe47dc9da1d8eecb5d0e5b4876f74,CAWSVSSASSAFF,0.0282059973460347,TCRBV30-01,TCRBJ01-01
40dbe47dc9da1d8eecb5d0e5b4876f74,CSAPYYGYTF,0.02812285381329941,TCRBV20-01,TCRBJ01-02
40dbe47dc9da1d8eecb5d0e5b4876f74,CASSIYYRPNYGYTF,0.027782231963070444,TCRBV19-01,TCRBJ01-02
40dbe47dc9da1d8eecb5d0e5b4876f74,CASSYAAYYGYTF,0.027728272528548686,TCRBV19-01,TCRBJ01-02
40dbe47dc9da1d8eecb5d0e5b4876f74,CASSSPHNHNYGYTF,0.027676634760562945,TCRBV25-01,TCRBJ01-02
40dbe47dc9da1d8eecb5d0e5b4876f74,CASSYSTGYYGYTF,0.02764570721156523,TCRBV06-05,TCRBJ01-02
40dbe47dc9da1d8eecb5d0e5b4876f74,CASSIWGGGPNYGYTF,0.02762415219701468,TCRBV19-01,TCRBJ01-02
40dbe47dc9da1d8eecb5d0e5b4876f74,CASSFWGGNYGYTF,0.02760856070556858,TCRBV27-01,TCRBJ01-02
40dbe47dc9da1d8eecb5d0e5b4876f74,CASSYGNYNGYTF,0.02759150325894189,TCRBV06-02/06-03,TCRBJ01-02
40dbe47dc9da1d8eecb5d0e5b4876f74,CASSWGGWYF,0.027558463723372773,TCRBV06-02/06-03,TCRBJ02-04
40dbe47dc9da1d8eecb5d0e5b4876f74,CSAHF,0.027518328516774607,TCRBV20-01,TCRBJ01-02
40dbe47dc9da1d8eecb5d0e5b4876f74,CAWMWGAHTEAFF,0.0275156600668391,TCRBV30-01,TCRBJ01-01
40dbe47dc9da1d8eecb5d0e5b4876f74,CASSPGWGYYGYTF,0.027491307930811643,TCRBV11-02,TCRBJ01-02
40dbe47dc9da1d8eecb5d0e5b4876f74,CASWGGYGYTF,0.027387837997129176,TCRBV06-05,TCRBJ01-02
40dbe47dc9da1d8eecb5d0e5b4876f74,CRKTGTGVFSWIEAFF,0.02737437564767152,TCRBV20-X,TCRBJ01-01
40dbe47dc9da1d8eecb5d0e5b4876f74,CASSWGTGGYYGYTF,0.02728767644773559,TCRBV05-01,TCRBJ01-02
40dbe47dc9da1d8eecb5d0e5b4876f74,CASRPYTGYSNYGYTF,0.027211037245144818,TCRBV05-01,TCRBJ01-02
40dbe47dc9da1d8eecb5d0e5b4876f74,CAWPGTGYYGYTF,0.027143996140216082,TCRBV30-01,TCRBJ01-02
40dbe47dc9da1d8eecb5d0e5b4876f74,CASSYSYSNYGYTF,0.027002113088375166,TCRBV06-05,TCRBJ01-02
40dbe47dc9da1d8eecb5d0e5b4876f74,CASNNNRGGGGNEQFF,0.026912621729994275,TCRBV19-01,TCRBJ02-01
40dbe47dc9da1d8eecb5d0e5b4876f74,CASSSSYQGYYGYTF,0.026880213620918116,TCRBV12-X,TCRBJ01-02
40dbe47dc9da1d8eecb5d0e5b4876f74,CASSFGPYYGYTF,0.026871192474483833,TCRBV19-01,TCRBJ01-02
40dbe47dc9da1d8eecb5d0e5b4876f74,CAIYSYYGYTF,0.026817426056829102,TCRBV10-03,TCRBJ01-02
40dbe47dc9da1d8eecb5d0e5b4876f74,CASGYAWANYGYTF,0.02675440708158844,TCRBV06-02/06-03,TCRBJ01-02
40dbe47dc9da1d8eecb5d0e5b4876f74,CASSYKGGHIYGYTF,0.02674460005081544,TCRBV06-05,TCRBJ01-02
40dbe47dc9da1d8eecb5d0e5b4876f74,CASTPGGGWNYGYTF,0.026668455633134757,TCRBV06-06,TCRBJ01-02
40dbe47dc9da1d8eecb5d0e5b4876f74,CASSFWGGYDGYTF,0.02666445029581042,TCRBV27-01,TCRBJ01-02
40dbe47dc9da1d8eecb5d0e5b4876f74,CRPGYNNYGYTF,0.02665706307425275,TCRBV20-X,TCRBJ01-02
40dbe47dc9da1d8eecb5d0e5b4876f74,CASSYRYRANYGYTF,0.026626724591959538,TCRBV12-X,TCRBJ01-02
40dbe47dc9da1d8eecb5d0e5b4876f74,CASSYSWSNNYGYTF,0.026625876500117364,TCRBV06-05,TCRBJ01-02
40dbe47dc9da1d8eecb5d0e5b4876f74,CASSYSGPYYGYTF,0.026593886029153947,TCRBV06-02/06-03,TCRBJ01-02
40dbe47dc9da1d8eecb5d0e5b4876f74,CAGFWYGYTF,0.026590695364442078,TCRBV06-05,TCRBJ01-02
40dbe47dc9da1d8eecb5d0e5b4876f74,CAWTWMGWRNTIYF,0.026528480969231445,TCRBV30-01,TCRBJ01-03
40dbe47dc9da1d8eecb5d0e5b4876f74,CASSWGDWDYGYTF,0.026500174580400035,TCRBV25-01,TCRBJ01-02
40dbe47dc9da1d8eecb5d0e5b4876f74,CASSYSYSYGYTF,0.026352733709711966,TCRBV06-05,TCRBJ01-02
40dbe47dc9da1d8eecb5d0e5b4876f74,CAWSVLWGAHIYGYTF,0.026315290493346313,TCRBV30-01,TCRBJ01-02
40dbe47dc9da1d8eecb5d0e5b4876f74,CVPRAWGGYGYTF,0.02629855562098632,TCRBV19-01,TCRBJ01-02
40dbe47dc9da1d8eecb5d0e5b4876f74,CAAGGRVNSGNTIYF,0.026284627211684196,TCRBV19-01,TCRBJ01-03
40dbe47dc9da1d8eecb5d0e5b4876f74,CASKVGFMVYYGYTF,0.02623396847498748,TCRBV19-01,TCRBJ01-02
40dbe47dc9da1d8eecb5d0e5b4876f74,CASSYSWGQPANYGYTF,0.026223584512353078,TCRBV06-X,TCRBJ01-02
40dbe47dc9da1d8eecb5d0e5b4876f74,F,0.026169052647139833,TCRBV07-03,TCRBJ02-01
40dbe47dc9da1d8eecb5d0e5b4876f74,CAWWDRVGYTF,0.026160975931685728,TCRBV30-01,TCRBJ01-02
40dbe47dc9da1d8eecb5d0e5b4876f74,CASSSFWGGANYGYTF,0.026140647568818252,TCRBV07-08,TCRBJ01-02
40dbe47dc9da1d8eecb5d0e5b4876f74,CASSQYPWGPGYGYTF,0.02613847781139892,TCRBV04-02,TCRBJ01-02
40dbe47dc9da1d8eecb5d0e5b4876f74,CAAYVGAGYGYTF,0.026076321288272367,TCRBV25-01,TCRBJ01-02
40dbe47dc9da1d8eecb5d0e5b4876f74,CARRPYAYF,0.0260629310617909,TCRBV23-01,TCRBJ02-04
40dbe47dc9da1d8eecb5d0e5b4876f74,CASSYNYRANYGYTF,0.0260394840329536,TCRBV06-02/06-03,TCRBJ01-02
40dbe47dc9da1d8eecb5d0e5b4876f74,CASSALDRVRKAFF,0.02600515211772679,TCRBV21-01,TCRBJ01-01
40dbe47dc9da1d8eecb5d0e5b4876f74,CASSNTGFGANYGYTF,0.02596843081200276,TCRBV06-X,TCRBJ01-02
40dbe47dc9da1d8eecb5d0e5b4876f74,CASSYSNHRGGYF,0.025907463607851892,TCRBV06-06,TCRBJ02-05
40dbe47dc9da1d8eecb5d0e5b4876f74,CASSYSRSYYGYTF,0.025903286775766303,TCRBV06-05,TCRBJ01-02
40dbe47dc9da1d8eecb5d0e5b4876f74,CASCPSGANVLTF,0.02589965645754058,TCRBV06-05,TCRBJ02-06
40dbe47dc9da1d8eecb5d0e5b4876f74,CAWIPWGSIGYTF,0.025857011025709142,TCRBV30-01,TCRBJ01-02
40dbe47dc9da1d8eecb5d0e5b4876f74,CAWAPPGGFYGYTF,0.025841938775209412,TCRBV30-01,TCRBJ01-02
40dbe47dc9da1d8eecb5d0e5b4876f74,CASSYGGNNYGYTF,0.025771730582153478,TCRBV06-05,TCRBJ01-02
40dbe47dc9da1d8eecb5d0e5b4876f74,CASSWGGYGYTF,0.025745645516943964,TCRBV12-03/12-04,TCRBJ01-02
40dbe47dc9da1d8eecb5d0e5b4876f74,CSAQGYFSPYYGYTF,0.025739018782683334,TCRBV29-01,TCRBJ01-02
40dbe47dc9da1d8eecb5d0e5b4876f74,CAWGWGGDVVYTF,0.02570075287440599,TCRBV30-01,TCRBJ01-02
40dbe47dc9da1d8eecb5d0e5b4876f74,CASSSWGGAGYGYTF,0.02566101329917292,TCRBV07-02,TCRBJ01-02
40dbe47dc9da1d8eecb5d0e5b4876f74,CASSSWGWGDGYTF,0.02565775130733515,TCRBV07-02,TCRBJ01-02
40dbe47dc9da1d8eecb5d0e5b4876f74,CASSYVYGYTF,0.02563957857349874,TCRBV06-02/06-03,TCRBJ01-02
40dbe47dc9da1d8eecb5d0e5b4876f74,CASSYSWGTYGYTF,0.025623964510969065,TCRBV06-02/06-03,TCRBJ01-02
40dbe47dc9da1d8eecb5d0e5b4876f74,CASTWGGHYGYTF,0.025618893310724013,TCRBV06-05,TCRBJ01-02
40dbe47dc9da1d8eecb5d0e5b4876f74,CASSYQGYNYGYTF,0.02557099731010488,TCRBV06-05,TCRBJ01-02
40dbe47dc9da1d8eecb5d0e5b4876f74,CASSAGGTAGANYGYTF,0.025557145756107184,TCRBV07-08,TCRBJ01-02
40dbe47dc9da1d8eecb5d0e5b4876f74,CAWTWASAGAEAFF,0.025453326890915364,TCRBV30-01,TCRBJ01-01
40dbe47dc9da1d8eecb5d0e5b4876f74,CASNNGHYHGFF,0.025426855570938236,TCRBV07-09,TCRBJ02-01
40dbe47dc9da1d8eecb5d0e5b4876f74,CAWRVWGAGGYTF,0.025406217907380117,TCRBV30-01,TCRBJ01-02
40dbe47dc9da1d8eecb5d0e5b4876f74,CAWAPWAGVNTEAFF,0.025395077579860603,TCRBV30-01,TCRBJ01-01
40dbe47dc9da1d8eecb5d0e5b4876f74,CAYGVGYGYTF,0.02538877470556374,TCRBV30-01,TCRBJ01-02
40dbe47dc9da1d8eecb5d0e5b4876f74,CATSTGGYSNYGYTF,0.025382530860878143,TCRBV15-01,TCRBJ01-02
40dbe47dc9da1d8eecb5d0e5b4876f74,CASSHVPGPPSYTF,0.02532615192063605,TCRBV14-01,TCRBJ01-02
40dbe47dc9da1d8eecb5d0e5b4876f74,CASYIWGALGYTF,0.025212155645325023,TCRBV05-04,TCRBJ01-02
40dbe47dc9da1d8eecb5d0e5b4876f74,CASSYNVGGIHPYGYTF,0.02519290850545016,TCRBV06-X,TCRBJ01-02
40dbe47dc9da1d8eecb5d0e5b4876f74,CASWWDTEAFF,0.025170637839129994,TCRBV06-05,TCRBJ01-01
40dbe47dc9da1d8eecb5d0e5b4876f74,CAPSYYGYTF,0.025151611563832877,TCRBV10-03,TCRBJ01-02
40dbe47dc9da1d8eecb5d0e5b4876f74,CSWGGNYGYTF,0.025147234901792985,TCRBV20-01,TCRBJ01-02
40dbe47dc9da1d8eecb5d0e5b4876f74,CASSHGGGHYGYTF,0.025134242268710586,TCRBV04-01,TCRBJ01-02
40dbe47dc9da1d8eecb5d0e5b4876f74,CASSPGTGYYYGYTF,0.02510745521858204,TCRBV06-05,TCRBJ01-02
40dbe47dc9da1d8eecb5d0e5b4876f74,CASSFSGPYNYGYTF,0.02510421364197381,TCRBV12-X,TCRBJ01-02
40dbe47dc9da1d8eecb5d0e5b4876f74,CASSSFGTGGFGYTF,0.025047610233084168,TCRBV05-01,TCRBJ01-02
49ffff2c442accb3f7dbe053e70f9ed9,FF,0.04636419028842517,TCRBV27-01,TCRBJ02-02
49ffff2c442accb3f7dbe053e70f9ed9,GAWYF,0.0375448657381626,TCRBV05-01,TCRBJ02-07
49ffff2c442accb3f7dbe053e70f9ed9,CSPF,0.033390541359368954,TCRBV20-01,TCRBJ02-07
49ffff2c442accb3f7dbe053e70f9ed9,CAWFLSGGMTDTQYF,0.03323208621188053,TCRBV30-01,TCRBJ02-03
49ffff2c442accb3f7dbe053e70f9ed9,CASSFWQGVTEAFF,0.03300584906515573,TCRBV06-02/06-03,TCRBJ01-01
49ffff2c442accb3f7dbe053e70f9ed9,CAWYSGYGYTF,0.03189964736634198,TCRBV30-01,TCRBJ01-02
49ffff2c442accb3f7dbe053e70f9ed9,HRGYFQPQHF,0.03180193633126974,TCRBV11-03,TCRBJ01-05
49ffff2c442accb3f7dbe053e70f9ed9,CASSYGGTYYYGYTF,0.03177478568138666,TCRBV28-01,TCRBJ01-02
49ffff2c442accb3f7dbe053e70f9ed9,CASSWYRYYGYTF,0.03161273882505627,TCRBV12-03/12-04,TCRBJ01-02
49ffff2c442accb3f7dbe053e70f9ed9,CASSYWGNGPYF,0.03154026925932381,TCRBV06-06,TCRBJ02-05
49ffff2c442accb3f7dbe053e70f9ed9,CSAPRLPLIGNEQFF,0.03129226513926307,TCRBV20-X,TCRBJ02-01
49ffff2c442accb3f7dbe053e70f9ed9,CAWYYFWGESYGYTF,0.031212463504207782,TCRBV30-01,TCRBJ01-02
49ffff2c442accb3f7dbe053e70f9ed9,CMPLHF,0.03088992765399303,TCRBV28-01,TCRBJ01-06
49ffff2c442accb3f7dbe053e70f9ed9,CASSHPHPPFF,0.03077780465940595,TCRBV28-01,TCRBJ01-01
49ffff2c442accb3f7dbe053e70f9ed9,CASSYWGYGYTF,0.03049478893232989,TCRBV06-05,TCRBJ01-02
49ffff2c442accb3f7dbe053e70f9ed9,CAWGSYYGYTF,0.030482919210151317,TCRBV30-01,TCRBJ01-02
49ffff2c442accb3f7dbe053e70f9ed9,CRWPPLHF,0.030459724777070263,TCRBV30-01,TCRBJ01-06
49ffff2c442accb3f7dbe053e70f9ed9,CASSFKTGYNYYYGYTF,0.030433341049362583,TCRBV28-01,TCRBJ01-02
49ffff2c442accb3f7dbe053e70f9ed9,WDTQYF,0.0303693889978976,TCRBV28-01,TCRBJ02-03
49ffff2c442accb3f7dbe053e70f9ed9,CASSYHGAYYGYTF,0.03032023154540351,TCRBV04-01,TCRBJ01-02
49ffff2c442accb3f7dbe053e70f9ed9,CASSYSYYGYTF,0.030263359061549023,TCRBV12-03/12-04,TCRBJ01-02
49ffff2c442accb3f7dbe053e70f9ed9,CATHKDGGGWWDYGYTF,0.030177650080216775,TCRBV28-01,TCRBJ01-02
49ffff2c442accb3f7dbe053e70f9ed9,WGGANYGYTF,0.030142688327175482,TCRBV20-01,TCRBJ01-02
49ffff2c442accb3f7dbe053e70f9ed9,CASSYSGYYGYTF,0.029976806455451525,TCRBV02-01,TCRBJ01-02
49ffff2c442accb3f7dbe053e70f9ed9,CASSPWGGNPYGYTF,0.029972617605252407,TCRBV27-01,TCRBJ01-02
49ffff2c442accb3f7dbe053e70f9ed9,FDTIYF,0.02974089045862336,TCRBV19-01,TCRBJ01-03
49ffff2c442accb3f7dbe053e70f9ed9,CASSSYYTGYGYTF,0.029702359743726935,TCRBV09-01,TCRBJ01-02
49ffff2c442accb3f7dbe053e70f9ed9,GHTIYF,0.029609446949610863,TCRBV05-06,TCRBJ01-03
49ffff2c442accb3f7dbe053e70f9ed9,CSARPAPKGIWEKLFF,0.029489328840982692,TCRBV20-X,TCRBJ01-04
49ffff2c442accb3f7dbe053e70f9ed9,CASSHWGGGPYF,0.02938344276371622,TCRBV14-01,TCRBJ02-05
49ffff2c442accb3f7dbe053e70f9ed9,CGWGGHYGYTF,0.029357044191623348,TCRBV30-01,TCRBJ01-02
49ffff2c442accb3f7dbe053e70f9ed9,CASSDPWGGYYGYTF,0.02922627194126235,TCRBV06-01,TCRBJ01-02
49ffff2c442accb3f7dbe053e70f9ed9,CASRYYGYGYTF,0.02890724421849644,TCRBV28-01,TCRBJ01-02
49ffff2c442accb3f7dbe053e70f9ed9,CASSSYWGGDNYGYTF,0.028823661593767147,TCRBV12-X,TCRBJ01-02
49ffff2c442accb3f7dbe053e70f9ed9,CASSYYRGYGYTF,0.028780795306422947,TCRBV06-05,TCRBJ01-02
49ffff2c442accb3f7dbe053e70f9ed9,CAWRPGYYGYTF,0.028750665936082602,TCRBV30-01,TCRBJ01-02
49ffff2c442accb3f7dbe053e70f9ed9,WGGAWNTEAFF,0.028573087449051553,TCRBV07-09,TCRBJ01-01
49ffff2c442accb3f7dbe053e70f9ed9,CASSYRGNWNYGYTF,0.02852935707957257,TCRBV06-06,TCRBJ01-02
49ffff2c442accb3f7dbe053e70f9ed9,CASSAWGYYGYTF,0.028471725263977666,TCRBV09-01,TCRBJ01-02
49ffff2c442accb3f7dbe053e70f9ed9,CASWWSAEAFF,0.028467463608590024,TCRBV06-05,TCRBJ01-01
49ffff2c442accb3f7dbe053e70f9ed9,YLATIYF,0.02835184945375282,TCRBV19-01,TCRBJ01-03
49ffff2c442accb3f7dbe053e70f9ed9,CAINKGKKGWGAFF,0.028330777191385492,TCRBV10-03,TCRBJ01-01
49ffff2c442accb3f7dbe053e70f9ed9,CTSSQDWWSWGSQEWYGYTF,0.028328498201875444,TCRBV01-01,TCRBJ01-02
49ffff2c442accb3f7dbe053e70f9ed9,CASGWGGPYGYTF,0.028319324977662607,TCRBV12-03/12-04,TCRBJ01-02
49ffff2c442accb3f7dbe053e70f9ed9,CASSSGTGVTAGYGYTF,0.02826854882576056,TCRBV02-01,TCRBJ01-02
49ffff2c442accb3f7dbe053e70f9ed9,CASSYYANYGYTF,0.028213142780891737,TCRBV06-05,TCRBJ01-02
49ffff2c442accb3f7dbe053e70f9ed9,CASSFAYVRYYGYTF,0.028165347753818758,TCRBV07-09,TCRBJ01-02
49ffff2c442accb3f7dbe053e70f9ed9,CAWGPYGYTF,0.028157729640211886,TCRBV30-01,TCRBJ01-02
49ffff2c442accb3f7dbe053e70f9ed9,CASSSYWRGNYGYTF,0.028155480477128618,TCRBV05-06,TCRBJ01-02
49ffff2c442accb3f7dbe053e70f9ed9,CAWMWGANVLTF,0.028138026445400765,TCRBV30-01,TCRBJ02-06
49ffff2c442accb3f7dbe053e70f9ed9,CASSYSWGSGGYTF,0.028109025957205835,TCRBV06-06,TCRBJ01-02
49ffff2c442accb3f7dbe053e70f9ed9,CSASIYYYGYTF,0.02802974044448703,TCRBV29-01,TCRBJ01-02
49ffff2c442accb3f7dbe053e70f9ed9,CASSTGIWNAIEAFF,0.028028957748141133,TCRBV05-01,TCRBJ01-01
49ffff2c442accb3f7dbe053e70f9ed9,CAWEWGGVYGYTF,0.027970348387786403,TCRBV30-01,TCRBJ01-02
49ffff2c442accb3f7dbe053e70f9ed9,CSAPEDFYRANGYTF,0.02791073248489186,TCRBV20-X,TCRBJ01-02
49ffff2c442accb3f7dbe053e70f9ed9,CASSYAEYWYYGYTF,0.027899317484963597,TCRBV06-05,TCRBJ01-02
49ffff2c442accb3f7dbe053e70f9ed9,CAYYQPQHF,0.027880956293082886,TCRBV30-01,TCRBJ01-05
49ffff2c442accb3f7dbe053e70f9ed9,CAILGYGYGYTF,0.02782673965364973,TCRBV12-03/12-04,TCRBJ01-02
49ffff2c442accb3f7dbe053e70f9ed9,CATANGGWGAFF,0.027797776976362237,TCRBV10-03,TCRBJ01-01
49ffff2c442accb3f7dbe053e70f9ed9,CASSWGWYF,0.027762190355102398,TCRBV05-01,TCRBJ02-07
49ffff2c442accb3f7dbe053e70f9ed9,CASSYWGSGGYTF,0.027734961256510385,TCRBV06-06,TCRBJ01-02
49ffff2c442accb3f7dbe053e70f9ed9,CASSSYMIYAYGYTF,0.027654436047347596,TCRBV06-02/06-03,TCRBJ01-02
49ffff2c442accb3f7dbe053e70f9ed9,CASSGTGYGWNYGYTF,0.027621736324497662,TCRBV12-X,TCRBJ01-02
49ffff2c442accb3f7dbe053e70f9ed9,CASSFWGGNYGYTF,0.027608514300796857,TCRBV28-01,TCRBJ01-02
49ffff2c442accb3f7dbe053e70f9ed9,CASSINPWGAFF,0.02756168894541472,TCRBV19-01,TCRBJ01-01
49ffff2c442accb3f7dbe053e70f9ed9,CASSYGSYYGYTF,0.02755423427034956,TCRBV06-05,TCRBJ01-02
49ffff2c442accb3f7dbe053e70f9ed9,CASGGYYGYTF,0.027553659317887166,TCRBV07-03,TCRBJ01-02
49ffff2c442accb3f7dbe053e70f9ed9,RGWSFGFNYGYTF,0.027540748317769873,TCRBV10-03,TCRBJ01-02
49ffff2c442accb3f7dbe053e70f9ed9,CASSYWGYDYGYTF,0.027533658232112748,TCRBV06-05,TCRBJ01-02
49ffff2c442accb3f7dbe053e70f9ed9,CASSPWGFNSGANYGYTF,0.027528430390426375,TCRBV28-01,TCRBJ01-02
49ffff2c442accb3f7dbe053e70f9ed9,GGGPNYGYTF,0.027507120484369554,TCRBV02-01,TCRBJ01-02
49ffff2c442accb3f7dbe053e70f9ed9,WAEEMFF,0.02748553823079133,TCRBV19-01,TCRBJ02-01
49ffff2c442accb3f7dbe053e70f9ed9,CARTYYFIWFG,0.027465675947803143,TCRBV06-04,TCRBJ01-01
49ffff2c442accb3f7dbe053e70f9ed9,CASGRWGYYGYTF,0.027409237648440863,TCRBV12-05,TCRBJ01-02
49ffff2c442accb3f7dbe053e70f9ed9,CAWDPWGPGNTIYF,0.027354751608552743,TCRBV30-01,TCRBJ01-03
49ffff2c442accb3f7dbe053e70f9ed9,CAWSGWYGYTF,0.027347283155919257,TCRBV30-01,TCRBJ01-02
49ffff2c442accb3f7dbe053e70f9ed9,CASSHYHTPPANYGYTF,0.027324965727524502,TCRBV06-X,TCRBJ01-02
49ffff2c442accb3f7dbe053e70f9ed9,CASSHTGGPYNYGYTF,0.02726051562335953,TCRBV07-03,TCRBJ01-02
49ffff2c442accb3f7dbe053e70f9ed9,CASSSWGGNSGNTIYF,0.027227174598035985,TCRBV11-03,TCRBJ01-03
49ffff2c442accb3f7dbe053e70f9ed9,CAPPLHF,0.02721731431988741,TCRBV06-06,TCRBJ01-06
49ffff2c442accb3f7dbe053e70f9ed9,CASSYPGYYGYTF,0.02719719100101016,TCRBV05-06,TCRBJ01-02
49ffff2c442accb3f7dbe053e70f9ed9,AYGYTF,0.02716223206475642,TCRBV05-01,TCRBJ01-02
49ffff2c442accb3f7dbe053e70f9ed9,CASSSNWGGNYGYTF,0.027160864981125986,TCRBV07-02,TCRBJ01-02
49ffff2c442accb3f7dbe053e70f9ed9,CATPGGTGYTTNYGYTF,0.02708220673347747,TCRBV07-09,TCRBJ01-02
49ffff2c442accb3f7dbe053e70f9ed9,CSAYGYGYTF,0.027077834780836134,TCRBV29-01,TCRBJ01-02
49ffff2c442accb3f7dbe053e70f9ed9,CASSFSWGGSNYGYTF,0.027057303324243623,TCRBV11-03,TCRBJ01-02
49ffff2c442accb3f7dbe053e70f9ed9,CASSHSWGPYGYTF,0.02704896792033824,TCRBV19-01,TCRBJ01-02
49ffff2c442accb3f7dbe053e70f9ed9,CAWFWYTEAFF,0.026926209979644546,TCRBV30-01,TCRBJ01-01
49ffff2c442accb3f7dbe053e70f9ed9,CAWRAPGYYGYTF,0.026891260623019664,TCRBV30-01,TCRBJ01-02
49ffff2c442accb3f7dbe053e70f9ed9,CASSSSYTGGGYGYTF,0.02687850799790682,TCRBV07-02,TCRBJ01-02
49ffff2c442accb3f7dbe053e70f9ed9,CSAYAGWGTTYGYTF,0.026866266148401086,TCRBV20-X,TCRBJ01-02
49ffff2c442accb3f7dbe053e70f9ed9,CASSWGTGYYGYTF,0.026855582733013077,TCRBV28-01,TCRBJ01-02
49ffff2c442accb3f7dbe053e70f9ed9,CASQGNWGTIGGAFF,0.026840993779897702,TCRBV28-01,TCRBJ01-01
49ffff2c442accb3f7dbe053e70f9ed9,CASSYYRGGYTF,0.026837565684918154,TCRBV06-05,TCRBJ01-02
49ffff2c442accb3f7dbe053e70f9ed9,CSAGHPTHHLHF,0.026817612726703615,TCRBV20-X,TCRBJ01-06
49ffff2c442accb3f7dbe053e70f9ed9,CASSYWWQPFNYGYTF,0.0268022695697304,TCRBV06-02/06-03,TCRBJ01-02
49ffff2c442accb3f7dbe053e70f9ed9,CASSYTGGNNYGYTF,0.026789464744824576,TCRBV05-05,TCRBJ01-02
49ffff2c442accb3f7dbe053e70f9ed9,CASSPWGGYGYTF,0.026769049648680862,TCRBV18-01,TCRBJ01-02
4a8995f8a46a69b43165ea55ac126368,CAWTGGWGYYYGYTF,0.04159003057083194,TCRBV30-01,TCRBJ01-02
4a8995f8a46a69b43165ea55ac126368,CASSPPPHRPPHF,0.04052120885238694,TCRBV28-01,TCRBJ02-07
4a8995f8a46a69b43165ea55ac126368,CANPF,0.03755454839767252,TCRBV07-09,TCRBJ01-02
4a8995f8a46a69b43165ea55ac126368,CASSYSYRSYYGYTF,0.03481946366101035,TCRBV06-05,TCRBJ01-02
4a8995f8a46a69b43165ea55ac126368,CAWNYQGYYNYGYTF,0.034494495301271424,TCRBV30-01,TCRBJ01-02
4a8995f8a46a69b43165ea55ac126368,CAWYWGGYTF,0.034265143642108475,TCRBV30-01,TCRBJ01-02
4a8995f8a46a69b43165ea55ac126368,CASSYYYGYTF,0.03404899211087026,TCRBV06-06,TCRBJ01-02
4a8995f8a46a69b43165ea55ac126368,CARRF,0.03263323574111519,TCRBV03-01/03-02,TCRBJ02-07
4a8995f8a46a69b43165ea55ac126368,CAWWGYLYGYTF,0.032160423103962665,TCRBV30-01,TCRBJ01-02
4a8995f8a46a69b43165ea55ac126368,CASSWGWNNPNYGYTF,0.03203579802498916,TCRBV14-01,TCRBJ01-02
4a8995f8a46a69b43165ea55ac126368,CACAWGAYDYGYTF,0.031317351429918955,TCRBV30-01,TCRBJ01-02
4a8995f8a46a69b43165ea55ac126368,CAGAAGGQGDSGANVLTF,0.03131556316876234,TCRBV06-X,TCRBJ02-06
4a8995f8a46a69b43165ea55ac126368,CAWGGAYYGYTF,0.031246137966729072,TCRBV30-01,TCRBJ01-02
4a8995f8a46a69b43165ea55ac126368,CAISYYYGYTF,0.031170402714554155,TCRBV10-03,TCRBJ01-02
4a8995f8a46a69b43165ea55ac126368,CAWSYVYTIYF,0.031115332381455512,TCRBV30-01,TCRBJ01-03
4a8995f8a46a69b43165ea55ac126368,CATGFLAGVGELFF,0.030998120246123684,TCRBV06-X,TCRBJ02-02
4a8995f8a46a69b43165ea55ac126368,CASSYYNTGYGYTF,0.03080366429196819,TCRBV06-05,TCRBJ01-02
4a8995f8a46a69b43165ea55ac126368,CASSWYGNYGYTF,0.0305690192142593,TCRBV06-05,TCRBJ01-02
4a8995f8a46a69b43165ea55ac126368,CASSPPHPHTQYF,0.030323536804969853,TCRBV03-01/03-02,TCRBJ02-03
4a8995f8a46a69b43165ea55ac126368,CASSYYYGTGGHKNYGYTF,0.03024841532486186,TCRBV06-X,TCRBJ01-02
4a8995f8a46a69b43165ea55ac126368,CASSGGWGAGYGYTF,0.030233842234554702,TCRBV06-X,TCRBJ01-02
4a8995f8a46a69b43165ea55ac126368,CASSYSSYGFYGYTF,0.030110317546269222,TCRBV06-05,TCRBJ01-02
4a8995f8a46a69b43165ea55ac126368,CASSWGAGWSNYGYTF,0.03007634074545322,TCRBV12-X,TCRBJ01-02
4a8995f8a46a69b43165ea55ac126368,CASSHPWGGFYGYTF,0.029975144365493745,TCRBV11-02,TCRBJ01-02
4a8995f8a46a69b43165ea55ac126368,CASQPWGGYNYGYTF,0.02964217520938889,TCRBV19-01,TCRBJ01-02
4a8995f8a46a69b43165ea55ac126368,CAWMGAYYGYTF,0.029608438242499816,TCRBV30-01,TCRBJ01-02
4a8995f8a46a69b43165ea55ac126368,CASSAPWGYYGYTF,0.029538020824403172,TCRBV09-01,TCRBJ01-02
4a8995f8a46a69b43165ea55ac126368,CARYTVYYGYTF,0.029453579532028488,TCRBV10-01,TCRBJ01-02
4a8995f8a46a69b43165ea55ac126368,CASSGGTGSGWFSGNTIYF,0.029385882258319465,TCRBV05-01,TCRBJ01-03
4a8995f8a46a69b43165ea55ac126368,CASSYRGYYGYTF,0.02933977931009988,TCRBV19-01,TCRBJ01-02
4a8995f8a46a69b43165ea55ac126368,CASSYFGNNYGYTF,0.028953351381845516,TCRBV06-02/06-03,TCRBJ01-02
4a8995f8a46a69b43165ea55ac126368,CASSYWYGYTF,0.028941108911787153,TCRBV19-01,TCRBJ01-02
4a8995f8a46a69b43165ea55ac126368,CSAIPKPEYF,0.028931110238534577,TCRBV20-01,TCRBJ02-07
4a8995f8a46a69b43165ea55ac126368,CASSYSSGSYYGYTF,0.028923425095399052,TCRBV06-05,TCRBJ01-02
4a8995f8a46a69b43165ea55ac126368,CASGGIYYYGYTF,0.02887897388920796,TCRBV06-05,TCRBJ01-02
4a8995f8a46a69b43165ea55ac126368,CASRAYVYGYTF,0.028829518621428116,TCRBV28-01,TCRBJ01-02
4a8995f8a46a69b43165ea55ac126368,CAWMYTPMGGYTF,0.02882663835469407,TCRBV30-01,TCRBJ01-02
4a8995f8a46a69b43165ea55ac126368,CSGWGSSYGYTF,0.02876724803833013,TCRBV29-01,TCRBJ01-02
4a8995f8a46a69b43165ea55ac126368,SPLHF,0.028702754903381318,TCRBV27-01,TCRBJ01-06
4a8995f8a46a69b43165ea55ac126368,CASSSSYYYGYTF,0.02866405901865669,TCRBV07-08,TCRBJ01-02
4a8995f8a46a69b43165ea55ac126368,CASSLAEGLAEMGYEQYF,0.028500319913788128,TCRBV07-06,TCRBJ02-07
4a8995f8a46a69b43165ea55ac126368,CATYGTGYNYGYTF,0.028494346303461045,TCRBV19-01,TCRBJ01-02
4a8995f8a46a69b43165ea55ac126368,CASGWGGVYNYGYTF,0.02832321898053903,TCRBV27-01,TCRBJ01-02
4a8995f8a46a69b43165ea55ac126368,CASSYSSGYNYGYTF,0.028321852575767616,TCRBV06-06,TCRBJ01-02
4a8995f8a46a69b43165ea55ac126368,CASTWYF,0.028301467449167034,TCRBV02-01,TCRBJ02-07
4a8995f8a46a69b43165ea55ac126368,CASSKWWGGPIYGYTF,0.02828633703882719,TCRBV21-01,TCRBJ01-02
4a8995f8a46a69b43165ea55ac126368,CASSWNGGWDYGYTF,0.028260798850351217,TCRBV05-06,TCRBJ01-02
4a8995f8a46a69b43165ea55ac126368,CAWIGYYGYTF,0.028161169778200146,TCRBV30-01,TCRBJ01-02
4a8995f8a46a69b43165ea55ac126368,CSAPYYGYTF,0.028122860329746948,TCRBV20-01,TCRBJ01-02
4a8995f8a46a69b43165ea55ac126368,PYLAGGPDNEQFF,0.028081773972093143,TCRBV06-04,TCRBJ02-01
4a8995f8a46a69b43165ea55ac126368,CASSSYFGTGHNYGYTF,0.02805359200298889,TCRBV11-02,TCRBJ01-02
4a8995f8a46a69b43165ea55ac126368,CRGF,0.02805299067959003,TCRBV29-01,TCRBJ01-03
4a8995f8a46a69b43165ea55ac126368,CAWNVPLMNTEAFF,0.027886698357747777,TCRBV30-01,TCRBJ01-01
4a8995f8a46a69b43165ea55ac126368,TIYF,0.02787485196412951,TCRBV05-04,TCRBJ01-03
4a8995f8a46a69b43165ea55ac126368,CASSYRAWGAYGYTF,0.027788881805088084,TCRBV06-05,TCRBJ01-02
4a8995f8a46a69b43165ea55ac126368,HGNHYNSPLHF,0.02778224806251576,TCRBV07-03,TCRBJ01-06
4a8995f8a46a69b43165ea55ac126368,CASSHHHRAFF,0.027775915240194914,TCRBV03-01/03-02,TCRBJ01-01
4a8995f8a46a69b43165ea55ac126368,CASSYSWGGYGYTF,0.02774408565228097,TCRBV06-05,TCRBJ01-02
4a8995f8a46a69b43165ea55ac126368,WWGAGFGPQHF,0.02774033008630498,TCRBV05-04,TCRBJ01-05
4a8995f8a46a69b43165ea55ac126368,CASSYYSGYGYTF,0.027727080228918385,TCRBV06-05,TCRBJ01-02
4a8995f8a46a69b43165ea55ac126368,CASSFLGAVTEAFF,0.0276936582749142,TCRBV27-01,TCRBJ01-01
4a8995f8a46a69b43165ea55ac126368,CASSYSTGYYGYTF,0.027645729643180673,TCRBV06-05,TCRBJ01-02
4a8995f8a46a69b43165ea55ac126368,CASSYSSGFYYGYTF,0.027585737110244625,TCRBV06-05,TCRBJ01-02
4a8995f8a46a69b43165ea55ac126368,CASSYSYNYGYTF,0.02754397791138111,TCRBV06-05,TCRBJ01-02
4a8995f8a46a69b43165ea55ac126368,CSAYWGANYGYTF,0.0275264662096124,TCRBV20-X,TCRBJ01-02
4a8995f8a46a69b43165ea55ac126368,CASSFWGAGGPNYGYTF,0.027509072161856534,TCRBV05-04,TCRBJ01-02
4a8995f8a46a69b43165ea55ac126368,CASSYSHAYYGYTF,0.02748821021565194,TCRBV06-05,TCRBJ01-02
4a8995f8a46a69b43165ea55ac126368,CASSSYGGGANYGYTF,0.027470143784839095,TCRBV28-01,TCRBJ01-02
4a8995f8a46a69b43165ea55ac126368,FYGYTF,0.027441791534006617,TCRBV06-06,TCRBJ01-02
4a8995f8a46a69b43165ea55ac126368,CASSYTSGGFGFGYTF,0.02743894101295189,TCRBV06-05,TCRBJ01-02
4a8995f8a46a69b43165ea55ac126368,CASSFYQWDSYYYGYTF,0.027251909219758043,TCRBV05-05,TCRBJ01-02
4a8995f8a46a69b43165ea55ac126368,SQPQHF,0.027185274648026215,TCRBV30-01,TCRBJ01-05
4a8995f8a46a69b43165ea55ac126368,WRSFGAYWHYEQYF,0.0271675214813802,TCRBV21-01,TCRBJ02-07
4a8995f8a46a69b43165ea55ac126368,CASSSGGFGFSYGYTF,0.027126892090539857,TCRBV05-06,TCRBJ01-02
4a8995f8a46a69b43165ea55ac126368,CASGGWGYGYTF,0.027126083566066963,TCRBV28-01,TCRBJ01-02
4a8995f8a46a69b43165ea55ac126368,CAGGAYYGYTF,0.027119905576691705,TCRBV28-01,TCRBJ01-02
4a8995f8a46a69b43165ea55ac126368,CASSYGPGWGYTF,0.027087969525245635,TCRBV06-05,TCRBJ01-02
4a8995f8a46a69b43165ea55ac126368,CAYGPNYGYTF,0.02707398476439322,TCRBV07-09,TCRBJ01-02
4a8995f8a46a69b43165ea55ac126368,CASSYSYRAYGYTF,0.027064253755948692,TCRBV06-05,TCRBJ01-02
4a8995f8a46a69b43165ea55ac126368,CATIPEGGPPSYEQYF,0.02698609134153933,TCRBV24-01,TCRBJ02-07
4a8995f8a46a69b43165ea55ac126368,CASSYGTYNYGYTF,0.026982523167178078,TCRBV07-09,TCRBJ01-02
4a8995f8a46a69b43165ea55ac126368,CASSYARYYGYTF,0.02698057025547563,TCRBV06-05,TCRBJ01-02
4a8995f8a46a69b43165ea55ac126368,CASSYWPYTF,0.026978678503315867,TCRBV06-05,TCRBJ01-02
4a8995f8a46a69b43165ea55ac126368,CASMWGPYGYTF,0.0269594193916164,TCRBV06-05,TCRBJ01-02
4a8995f8a46a69b43165ea55ac126368,CASSYYAGNYGYTF,0.026932432541545728,TCRBV06-05,TCRBJ01-02
4a8995f8a46a69b43165ea55ac126368,CAWTWGSAEVRWGAFF,0.026908947506400552,TCRBV30-01,TCRBJ01-01
4a8995f8a46a69b43165ea55ac126368,CASSLRAIDRGGTSTDTQYF,0.02680768053359992,TCRBV27-01,TCRBJ02-03
4a8995f8a46a69b43165ea55ac126368,LGWPQHF,0.026784093091509455,TCRBV20-01,TCRBJ01-05
4a8995f8a46a69b43165ea55ac126368,CASSFVRTVKEAFF,0.026751179065170265,TCRBV12-X,TCRBJ01-01
4a8995f8a46a69b43165ea55ac126368,CASSYYAGYYEQYF,0.02673346276101613,TCRBV06-05,TCRBJ02-07
4a8995f8a46a69b43165ea55ac126368,CASSYVSGYNYGYTF,0.02671007673613456,TCRBV06-05,TCRBJ01-02
4a8995f8a46a69b43165ea55ac126368,CSATHHRGGWGNYGYTF,0.026598854826781624,TCRBV20-X,TCRBJ01-02
4a8995f8a46a69b43165ea55ac126368,CAWGPNYGYTF,0.02657883084076776,TCRBV30-01,TCRBJ01-02
4a8995f8a46a69b43165ea55ac126368,CASSPRHHYNSPLHF,0.026575026707870132,TCRBV18-01,TCRBJ01-06
4a8995f8a46a69b43165ea55ac126368,CASSYYRVYGYTF,0.026545218003745315,TCRBV06-05,TCRBJ01-02
4a8995f8a46a69b43165ea55ac126368,CATYHPEWGVGYTF,0.02654064393978482,TCRBV12-X,TCRBJ01-02
4a8995f8a46a69b43165ea55ac126368,CASSPSYNPYGYTF,0.026529290639007084,TCRBV18-01,TCRBJ01-02
4a8995f8a46a69b43165ea55ac126368,CASSHPGHYYGYTF,0.02652338952847922,TCRBV03-01/03-02,TCRBJ01-02
4a8995f8a46a69b43165ea55ac126368,CAWNWGAGAEAFF,0.02648214207914514,TCRBV30-01,TCRBJ01-01
4bd01813fbb4b7bba6a29995705a8815,CASSYYYHYGYTF,0.042483029443869086,TCRBV06-05,TCRBJ01-02
4bd01813fbb4b7bba6a29995705a8815,CAKRF,0.03817000284779989,TCRBV07-09,TCRBJ02-X
4bd01813fbb4b7bba6a29995705a8815,CAWRNWGGPNYGYTF,0.03505543733837643,TCRBV30-01,TCRBJ01-02
4bd01813fbb4b7bba6a29995705a8815,CAWGGGYNYGYTF,0.034692601926786894,TCRBV30-01,TCRBJ01-02
4bd01813fbb4b7bba6a29995705a8815,CASSYYYGYTF,0.03404899211087026,TCRBV06-05,TCRBJ01-02
4bd01813fbb4b7bba6a29995705a8815,CAWGPYF,0.03355075013210159,TCRBV30-01,TCRBJ02-05
4bd01813fbb4b7bba6a29995705a8815,WDWHIQYF,0.033293112611914616,TCRBV28-01,TCRBJ02-04
4bd01813fbb4b7bba6a29995705a8815,CAGYYMGYTF,0.032774569160770525,TCRBV30-01,TCRBJ01-02
4bd01813fbb4b7bba6a29995705a8815,CASSYWGGNYGYTF,0.031199316312825284,TCRBV06-05,TCRBJ01-02
4bd01813fbb4b7bba6a29995705a8815,CAWSWGGYGYTF,0.03114033713642045,TCRBV30-01,TCRBJ01-02
4bd01813fbb4b7bba6a29995705a8815,CASSSGGWFSYSGNTIYF,0.031013162792252538,TCRBV07-08,TCRBJ01-03
4bd01813fbb4b7bba6a29995705a8815,CASNTPNRGWGAFF,0.030889658224448918,TCRBV28-01,TCRBJ01-01
4bd01813fbb4b7bba6a29995705a8815,CASYWAGGGPNYGYTF,0.030570524186369165,TCRBV28-01,TCRBJ01-02
4bd01813fbb4b7bba6a29995705a8815,WLYGYTF,0.03047467981206386,TCRBV30-01,TCRBJ01-02
4bd01813fbb4b7bba6a29995705a8815,CAWGSGYNYGYTF,0.030435476260631925,TCRBV30-01,TCRBJ01-02
4bd01813fbb4b7bba6a29995705a8815,CAWSYGYGYTF,0.030335630439429332,TCRBV30-01,TCRBJ01-02
4bd01813fbb4b7bba6a29995705a8815,CAWSPYSGWTNYGYTF,0.030266261196470048,TCRBV30-01,TCRBJ01-02
4bd01813fbb4b7bba6a29995705a8815,CASTPGWGGYYGYTF,0.03021865759321482,TCRBV06-06,TCRBJ01-02
4bd01813fbb4b7bba6a29995705a8815,CASSEYGGWEGGYYGYTF,0.029996618023554925,TCRBV25-01,TCRBJ01-02
4bd01813fbb4b7bba6a29995705a8815,CASHF,0.029933956902462096,TCRBV05-01,TCRBJ02-07
4bd01813fbb4b7bba6a29995705a8815,CACIFVGGTYGYTF,0.029655003619327807,TCRBV30-01,TCRBJ01-02
4bd01813fbb4b7bba6a29995705a8815,CASSMRGKCVFVYTIYF,0.029421010638439896,TCRBV19-01,TCRBJ01-03
4bd01813fbb4b7bba6a29995705a8815,CARKHF,0.029305864049805504,TCRBV19-01,TCRBJ01-05
4bd01813fbb4b7bba6a29995705a8815,CASTPWGAYSSYGYTF,0.02929539229702494,TCRBV12-X,TCRBJ01-02
4bd01813fbb4b7bba6a29995705a8815,CASSGGTDTLIGGNYGYTF,0.029273124982025462,TCRBV02-01,TCRBJ01-02
4bd01813fbb4b7bba6a29995705a8815,CASPF,0.02924800883384243,TCRBV28-01,TCRBJ02-07
4bd01813fbb4b7bba6a29995705a8815,CASSYSAYWGGYTF,0.029129220263067742,TCRBV06-05,TCRBJ01-02
4bd01813fbb4b7bba6a29995705a8815,CASSTGNPYYFGYGYTF,0.028960824655454853,TCRBV12-X,TCRBJ01-02
4bd01813fbb4b7bba6a29995705a8815,CASSYWGAGHYGYTF,0.028898946308845826,TCRBV06-05,TCRBJ01-02
4bd01813fbb4b7bba6a29995705a8815,CASSYSTGNPWWGYTF,0.028656354787808137,TCRBV06-05,TCRBJ01-02
4bd01813fbb4b7bba6a29995705a8815,CAWGVYTIYF,0.02856129375308707,TCRBV30-01,TCRBJ01-03
4bd01813fbb4b7bba6a29995705a8815,CAWSAPWGTGGYYGYTF,0.028517069003068444,TCRBV30-01,TCRBJ01-02
4bd01813fbb4b7bba6a29995705a8815,CASRWWAAEAFF,0.028488560321215214,TCRBV12-03/12-04,TCRBJ01-01
4bd01813fbb4b7bba6a29995705a8815,CASSYGPPPSYEQYF,0.02844584010311967,TCRBV06-05,TCRBJ02-07
4bd01813fbb4b7bba6a29995705a8815,CAWSHYGYGYTF,0.028439752410279642,TCRBV30-01,TCRBJ01-02
4bd01813fbb4b7bba6a29995705a8815,CASC,0.028362550621164644,TCRBV05-01,TCRBJ02-X
4bd01813fbb4b7bba6a29995705a8815,CAWWSVWGSAGRVGGYTF,0.02835492998958635,TCRBV30-01,TCRBJ01-02
4bd01813fbb4b7bba6a29995705a8815,KIKSVGAFF,0.02833330414088802,TCRBV12-X,TCRBJ01-01
4bd01813fbb4b7bba6a29995705a8815,CAWSAGPYYGYTF,0.02833203899790947,TCRBV30-01,TCRBJ01-02
4bd01813fbb4b7bba6a29995705a8815,GRMWNTEAFF,0.02824549650029105,TCRBV30-01,TCRBJ01-01
4bd01813fbb4b7bba6a29995705a8815,CAWGDPGAFF,0.02823459944500325,TCRBV30-01,TCRBJ01-01
4bd01813fbb4b7bba6a29995705a8815,CASSYSWGGGYGYTF,0.02822547045742643,TCRBV06-05,TCRBJ01-02
4bd01813fbb4b7bba6a29995705a8815,CASSYWGGSYPYEQYF,0.028143069996542404,TCRBV06-02/06-03,TCRBJ02-07
4bd01813fbb4b7bba6a29995705a8815,RNTIYF,0.02812628818438499,TCRBV05-X,TCRBJ01-03
4bd01813fbb4b7bba6a29995705a8815,CASSFPYNTGGGGNTIYF,0.028066648682003394,TCRBV28-01,TCRBJ01-03
4bd01813fbb4b7bba6a29995705a8815,CASSYWGGGQYF,0.027987176040233534,TCRBV06-02/06-03,TCRBJ02-07
4bd01813fbb4b7bba6a29995705a8815,CASSLEAGDRVGRYTGELFF,0.027812121693271512,TCRBV07-03,TCRBJ02-02
4bd01813fbb4b7bba6a29995705a8815,CASSYSGYNYGYTF,0.027810816305484813,TCRBV06-05,TCRBJ01-02
4bd01813fbb4b7bba6a29995705a8815,CGPFVKYF,0.02778584007533,TCRBV27-01,TCRBJ02-05
4bd01813fbb4b7bba6a29995705a8815,HHWRRDRGFEPQHF,0.027770074640171883,TCRBV09-01,TCRBJ01-05
4bd01813fbb4b7bba6a29995705a8815,CASSYYPGYEYF,0.027769685201977073,TCRBV06-05,TCRBJ02-03
4bd01813fbb4b7bba6a29995705a8815,CASSSGYYYGYTF,0.02776496247926525,TCRBV27-01,TCRBJ01-02
4bd01813fbb4b7bba6a29995705a8815,CAWSWGGGGTTYGYTF,0.027760734413839902,TCRBV30-01,TCRBJ01-02
4bd01813fbb4b7bba6a29995705a8815,CASSLWGAVTEAFF,0.027743633865001185,TCRBV05-01,TCRBJ01-01
4bd01813fbb4b7bba6a29995705a8815,CASSYGWGTNYGYTF,0.02770920813344444,TCRBV06-05,TCRBJ01-02
4bd01813fbb4b7bba6a29995705a8815,CASSYGVYYGYTF,0.027699569946501554,TCRBV19-01,TCRBJ01-02
4bd01813fbb4b7bba6a29995705a8815,CSVYFPLGYYGYTF,0.027697040121073532,TCRBV29-01,TCRBJ01-02
4bd01813fbb4b7bba6a29995705a8815,CAWYHTEAFF,0.027682432202987228,TCRBV30-01,TCRBJ01-01
4bd01813fbb4b7bba6a29995705a8815,CASSPHFHF,0.027641227651916726,TCRBV07-09,TCRBJ02-05
4bd01813fbb4b7bba6a29995705a8815,CACVFSPGANVLTF,0.027633696019765213,TCRBV30-01,TCRBJ02-06
4bd01813fbb4b7bba6a29995705a8815,CASTSYWGPNIFYGYTF,0.027629199135100098,TCRBV07-09,TCRBJ01-02
4bd01813fbb4b7bba6a29995705a8815,CSYYGYTF,0.027499735942420844,TCRBV20-01,TCRBJ01-02
4bd01813fbb4b7bba6a29995705a8815,CASSWGGGAGFGYTF,0.02749760479540647,TCRBV27-01,TCRBJ01-02
4bd01813fbb4b7bba6a29995705a8815,CASSYYRAHNNYGYTF,0.02748402310286517,TCRBV12-X,TCRBJ01-02
4bd01813fbb4b7bba6a29995705a8815,CASSLIRGNHEQYF,0.02747636745169563,TCRBV05-01,TCRBJ02-07
4bd01813fbb4b7bba6a29995705a8815,CASSPWDNPYGYTF,0.027408673580767665,TCRBV03-01/03-02,TCRBJ01-02
4bd01813fbb4b7bba6a29995705a8815,RIMAYTF,0.027387525215407174,TCRBV09-01,TCRBJ01-02
4bd01813fbb4b7bba6a29995705a8815,CASSLWGRIREAFF,0.027371754087286496,TCRBV06-05,TCRBJ01-01
4bd01813fbb4b7bba6a29995705a8815,CASSFYTFGHNYGYTF,0.02733570225418896,TCRBV12-X,TCRBJ01-02
4bd01813fbb4b7bba6a29995705a8815,CAWTWEGGGGYTF,0.027311514413585224,TCRBV30-01,TCRBJ01-02
4bd01813fbb4b7bba6a29995705a8815,CASSYYRGNYGYTF,0.027306072681718935,TCRBV06-05,TCRBJ01-02
4bd01813fbb4b7bba6a29995705a8815,CASSYSYRNYGYTF,0.027291309160486985,TCRBV06-05,TCRBJ01-02
4bd01813fbb4b7bba6a29995705a8815,CAWGYGYTF,0.02727965007258729,TCRBV30-01,TCRBJ01-02
4bd01813fbb4b7bba6a29995705a8815,CASSGGWKAFF,0.02727883395960143,TCRBV19-01,TCRBJ01-01
4bd01813fbb4b7bba6a29995705a8815,LRNRDRGRYF,0.02717900790800798,TCRBV21-01,TCRBJ02-07
4bd01813fbb4b7bba6a29995705a8815,CASSYVYNYGYTF,0.027176934014654177,TCRBV06-02/06-03,TCRBJ01-02
4bd01813fbb4b7bba6a29995705a8815,CAWSPNPYYGYTF,0.02717369268249169,TCRBV30-01,TCRBJ01-02
4bd01813fbb4b7bba6a29995705a8815,CASSIPLVGNSPLHF,0.027161520164934255,TCRBV19-01,TCRBJ01-06
4bd01813fbb4b7bba6a29995705a8815,CAWWTGGGGYTF,0.027149275807626085,TCRBV30-01,TCRBJ01-02
4bd01813fbb4b7bba6a29995705a8815,CAIHTTGATEAFF,0.027141695059092856,TCRBV06-05,TCRBJ01-01
4bd01813fbb4b7bba6a29995705a8815,CASTYRRWGYGYTF,0.0271320930043946,TCRBV11-02,TCRBJ01-02
4bd01813fbb4b7bba6a29995705a8815,CSVHWGSYYGYTF,0.027127187821295654,TCRBV29-01,TCRBJ01-02
4bd01813fbb4b7bba6a29995705a8815,CASTPWGGYGYTF,0.027094597659615808,TCRBV05-06,TCRBJ01-02
4bd01813fbb4b7bba6a29995705a8815,CASSYSAGFNYGYTF,0.027019303610984733,TCRBV06-05,TCRBJ01-02
4bd01813fbb4b7bba6a29995705a8815,CASSYYSGVYGYTF,0.026969658074765642,TCRBV05-06,TCRBJ01-02
4bd01813fbb4b7bba6a29995705a8815,CAGWGGYGYTF,0.02693764407556382,TCRBV06-06,TCRBJ01-02
4bd01813fbb4b7bba6a29995705a8815,CASIPWGANVLTF,0.02689661261404368,TCRBV12-03/12-04,TCRBJ02-06
4bd01813fbb4b7bba6a29995705a8815,CASSWWGQWGYEQYF,0.026888061778136584,TCRBV05-05,TCRBJ02-07
4bd01813fbb4b7bba6a29995705a8815,CASGYWGGVGYTF,0.026869225579051758,TCRBV12-05,TCRBJ01-02
4bd01813fbb4b7bba6a29995705a8815,CAWTGAWANVLTF,0.02683394033840469,TCRBV30-01,TCRBJ02-06
4bd01813fbb4b7bba6a29995705a8815,CASTVGGFFEKLFF,0.026788168739527093,TCRBV12-X,TCRBJ01-04
4bd01813fbb4b7bba6a29995705a8815,CASGGFGPNYGYTF,0.026727103500148768,TCRBV25-01,TCRBJ01-02
4bd01813fbb4b7bba6a29995705a8815,CAWSYFYGYTF,0.02662426689714793,TCRBV30-01,TCRBJ01-02
4bd01813fbb4b7bba6a29995705a8815,CASSYRGWNYGYTF,0.02661244338806139,TCRBV06-05,TCRBJ01-02
4bd01813fbb4b7bba6a29995705a8815,CSVGMWGYYGYTF,0.026591636479240066,TCRBV29-01,TCRBJ01-02
4bd01813fbb4b7bba6a29995705a8815,CSARGTGYIYGYTF,0.026559681401370827,TCRBV20-X,TCRBJ01-02
4bd01813fbb4b7bba6a29995705a8815,CAWGDWKGGGYTF,0.026549464715058098,TCRBV30-01,TCRBJ01-02
4bd01813fbb4b7bba6a29995705a8815,CASSYYRRTNYGYTF,0.026497869702218662,TCRBV06-05,TCRBJ01-02
4bd01813fbb4b7bba6a29995705a8815,CASSHWEGNWWEQYF,0.026478564975048482,TCRBV05-06,TCRBJ02-07
54f16ecd46ac8d0a5899ff9a93571bef,FF,0.04636412703904203,TCRBV07-03,TCRBJ01-01
54f16ecd46ac8d0a5899ff9a93571bef,CAPPF,0.035405218285143904,TCRBV24-01,TCRBJ01-05
54f16ecd46ac8d0a5899ff9a93571bef,CASW,0.03331685084917291,TCRBV05-08,TCRBJ02-07
54f16ecd46ac8d0a5899ff9a93571bef,CAWSAFNWGGNNYGYTF,0.03196768396261421,TCRBV30-01,TCRBJ01-02
54f16ecd46ac8d0a5899ff9a93571bef,CASSFWGYYGYTF,0.03036193737534008,TCRBV28-01,TCRBJ01-02
54f16ecd46ac8d0a5899ff9a93571bef,WGYGNTIYF,0.030110810161297644,TCRBV05-01,TCRBJ01-03
54f16ecd46ac8d0a5899ff9a93571bef,CASSPWGYYGYTF,0.030091833592242156,TCRBV05-06,TCRBJ01-02
54f16ecd46ac8d0a5899ff9a93571bef,SWRFF,0.03002868459024755,TCRBV20-01,TCRBJ01-01
54f16ecd46ac8d0a5899ff9a93571bef,CASSYSGYYGYTF,0.029976809921842984,TCRBV06-05,TCRBJ01-02
54f16ecd46ac8d0a5899ff9a93571bef,CASSYYRNYGYTF,0.029790717231049795,TCRBV06-05,TCRBJ01-02
54f16ecd46ac8d0a5899ff9a93571bef,CASSYSPTGGWGANYGYTF,0.029245690432754587,TCRBV06-X,TCRBJ01-02
54f16ecd46ac8d0a5899ff9a93571bef,CASSWGYAYGYTF,0.028947877085074333,TCRBV19-01,TCRBJ01-02
54f16ecd46ac8d0a5899ff9a93571bef,CASRGWHRHYYGYTF,0.02844563254731138,TCRBV06-05,TCRBJ01-02
54f16ecd46ac8d0a5899ff9a93571bef,CASSYKGWGNYGYTF,0.028423050695170437,TCRBV06-05,TCRBJ01-02
54f16ecd46ac8d0a5899ff9a93571bef,CAWVDAWAVAYGYTF,0.028300349565392423,TCRBV30-01,TCRBJ01-02
54f16ecd46ac8d0a5899ff9a93571bef,CASSDWGNMFF,0.028138059044722722,TCRBV25-01,TCRBJ01-01
54f16ecd46ac8d0a5899ff9a93571bef,CASSYWGKPYGYTF,0.027955108081423888,TCRBV06-05,TCRBJ01-02
54f16ecd46ac8d0a5899ff9a93571bef,TQYF,0.027884071147928093,TCRBV07-03,TCRBJ02-03
54f16ecd46ac8d0a5899ff9a93571bef,CASSYSGYNYGYTF,0.027810816305484813,TCRBV06-05,TCRBJ01-02
54f16ecd46ac8d0a5899ff9a93571bef,CSAHGIYYGYTF,0.027511240850212393,TCRBV29-01,TCRBJ01-02
54f16ecd46ac8d0a5899ff9a93571bef,CAWIAPGHPYGYTF,0.027491116704003362,TCRBV30-01,TCRBJ01-02
54f16ecd46ac8d0a5899ff9a93571bef,CAFYPTHYNYGYTF,0.02746090954756485,TCRBV30-01,TCRBJ01-02
54f16ecd46ac8d0a5899ff9a93571bef,CASSYGTYYGYTF,0.02744862313882822,TCRBV06-05,TCRBJ01-02
54f16ecd46ac8d0a5899ff9a93571bef,CAWSVNRVYVYTF,0.02744510053538133,TCRBV30-01,TCRBJ01-02
54f16ecd46ac8d0a5899ff9a93571bef,CASSSHPHPGYTF,0.02739814744688814,TCRBV28-01,TCRBJ01-02
54f16ecd46ac8d0a5899ff9a93571bef,CASWGGYGYTF,0.027387815768871913,TCRBV06-05,TCRBJ01-02
54f16ecd46ac8d0a5899ff9a93571bef,CASIVPGAPWWPQHF,0.027387287059063573,TCRBV21-01,TCRBJ01-05
54f16ecd46ac8d0a5899ff9a93571bef,CAWGPNSWLF,0.027342784013260436,TCRBV30-01,TCRBJ02-07
54f16ecd46ac8d0a5899ff9a93571bef,CAWSAGWGAAFF,0.027265445820190422,TCRBV30-01,TCRBJ01-01
54f16ecd46ac8d0a5899ff9a93571bef,CASISTGGGWTANYGYTF,0.02721358861632278,TCRBV19-01,TCRBJ01-02
54f16ecd46ac8d0a5899ff9a93571bef,CASNPYAGTFYGYTF,0.02715380225629846,TCRBV06-05,TCRBJ01-02
54f16ecd46ac8d0a5899ff9a93571bef,CASSPLWGGPYNYGYTF,0.0270081255853448,TCRBV11-02,TCRBJ01-02
54f16ecd46ac8d0a5899ff9a93571bef,CASSFGWGYGYTF,0.026962782867681997,TCRBV28-01,TCRBJ01-02
54f16ecd46ac8d0a5899ff9a93571bef,WYHGELFF,0.026927496860706085,TCRBV28-01,TCRBJ02-02
54f16ecd46ac8d0a5899ff9a93571bef,CHKYINYGYTF,0.02686843075611679,TCRBV07-X,TCRBJ01-02
54f16ecd46ac8d0a5899ff9a93571bef,CVHF,0.026779533369124635,TCRBV28-01,TCRBJ01-02
54f16ecd46ac8d0a5899ff9a93571bef,CASSPWGGYGYTF,0.026769062071468293,TCRBV09-01,TCRBJ01-02
54f16ecd46ac8d0a5899ff9a93571bef,CASSYYRTYGYTF,0.026736722820882953,TCRBV06-05,TCRBJ01-02
54f16ecd46ac8d0a5899ff9a93571bef,CSGWGSYGYTF,0.02658171783256367,TCRBV29-01,TCRBJ01-02
54f16ecd46ac8d0a5899ff9a93571bef,CASSHGGYYGYTF,0.02657735507655777,TCRBV06-05,TCRBJ01-02
54f16ecd46ac8d0a5899ff9a93571bef,CASSFWGGYGYTF,0.02647794425398934,TCRBV05-04,TCRBJ01-02
54f16ecd46ac8d0a5899ff9a93571bef,CASSLVLGQGGTGANVLTF,0.02641837490339738,TCRBV05-05,TCRBJ02-06
54f16ecd46ac8d0a5899ff9a93571bef,CASKPWTGWVEANGYTF,0.02641548371002591,TCRBV19-01,TCRBJ01-02
54f16ecd46ac8d0a5899ff9a93571bef,CASSHWGKMFF,0.026307531711936793,TCRBV03-01/03-02,TCRBJ02-01
54f16ecd46ac8d0a5899ff9a93571bef,CASSYYHGGYEQYF,0.02623317823371161,TCRBV06-02/06-03,TCRBJ02-07
54f16ecd46ac8d0a5899ff9a93571bef,CAWGAPGWGQPQHF,0.02623297572859676,TCRBV30-01,TCRBJ01-05
54f16ecd46ac8d0a5899ff9a93571bef,F,0.026169052647139833,TCRBV11-02,TCRBJ01-02
54f16ecd46ac8d0a5899ff9a93571bef,CASRFGHYMYTF,0.026117983013825365,TCRBV27-01,TCRBJ01-02
54f16ecd46ac8d0a5899ff9a93571bef,ETQYF,0.02611367916852076,TCRBV05-01,TCRBJ02-05
54f16ecd46ac8d0a5899ff9a93571bef,CAWKPEAFF,0.026100392995643932,TCRBV30-01,TCRBJ01-01
54f16ecd46ac8d0a5899ff9a93571bef,CASYRGYGYTF,0.02601021619558235,TCRBV19-01,TCRBJ01-02
54f16ecd46ac8d0a5899ff9a93571bef,CAWSPGGWNYGYTF,0.02593414792301742,TCRBV30-01,TCRBJ01-02
54f16ecd46ac8d0a5899ff9a93571bef,CAWGPTLHF,0.025917665534151427,TCRBV30-01,TCRBJ01-06
54f16ecd46ac8d0a5899ff9a93571bef,CARDRDTYICMFF,0.02584389849434317,TCRBV23-01,TCRBJ02-01
54f16ecd46ac8d0a5899ff9a93571bef,CARSWFDRLF,0.025830009518153143,TCRBV05-03,TCRBJ02-01
54f16ecd46ac8d0a5899ff9a93571bef,CASSGWGGINYGYTF,0.02582751093409148,TCRBV25-01,TCRBJ01-02
54f16ecd46ac8d0a5899ff9a93571bef,CASSYAYSSYGYTF,0.025823306165387312,TCRBV06-05,TCRBJ01-02
54f16ecd46ac8d0a5899ff9a93571bef,CASSSYYDRVYYGYTF,0.025688284375867083,TCRBV11-02,TCRBJ01-02
54f16ecd46ac8d0a5899ff9a93571bef,CASRPGTSGIPAFYNEQFF,0.025688235146226642,TCRBV11-02,TCRBJ02-01
54f16ecd46ac8d0a5899ff9a93571bef,CASSYIYGYTF,0.025675264099902444,TCRBV06-02/06-03,TCRBJ01-02
54f16ecd46ac8d0a5899ff9a93571bef,CSARF,0.025637446333650483,TCRBV20-01,TCRBJ02-07
54f16ecd46ac8d0a5899ff9a93571bef,CACGPFYGYTF,0.025627902507729203,TCRBV30-01,TCRBJ01-02
54f16ecd46ac8d0a5899ff9a93571bef,CAWSVGDIWYGYTF,0.025624739859812357,TCRBV30-01,TCRBJ01-02
54f16ecd46ac8d0a5899ff9a93571bef,WEGGFKPQHF,0.025601753998469746,TCRBV27-01,TCRBJ01-05
54f16ecd46ac8d0a5899ff9a93571bef,CAWSGGGHWGYGYTF,0.025597472030258746,TCRBV30-01,TCRBJ01-02
54f16ecd46ac8d0a5899ff9a93571bef,CASSLKALGANVLTF,0.02556326365162914,TCRBV05-08,TCRBJ02-06
54f16ecd46ac8d0a5899ff9a93571bef,CAWTGEGGWKGYTF,0.025514541192616123,TCRBV30-01,TCRBJ01-02
54f16ecd46ac8d0a5899ff9a93571bef,CAWGPGHHNQPQHF,0.025435135596442414,TCRBV30-01,TCRBJ01-05
54f16ecd46ac8d0a5899ff9a93571bef,CASSQGYYANYGYTF,0.02543465393874356,TCRBV14-01,TCRBJ01-02
54f16ecd46ac8d0a5899ff9a93571bef,CASSDWGGAFF,0.025431083152438538,TCRBV25-01,TCRBJ01-01
54f16ecd46ac8d0a5899ff9a93571bef,CASSGVRYYYGYTF,0.025399149518633625,TCRBV06-04,TCRBJ01-02
54f16ecd46ac8d0a5899ff9a93571bef,CSVFGYYGYTF,0.025383837313983967,TCRBV29-01,TCRBJ01-02
54f16ecd46ac8d0a5899ff9a93571bef,CAWSKWGVAEAFF,0.025325055806587785,TCRBV30-01,TCRBJ01-01
54f16ecd46ac8d0a5899ff9a93571bef,CASSQGGWGGTSYGYTF,0.02530136749953178,TCRBV03-01/03-02,TCRBJ01-02
54f16ecd46ac8d0a5899ff9a93571bef,CSAYRYRGYTF,0.025284319055152916,TCRBV20-01,TCRBJ01-02
54f16ecd46ac8d0a5899ff9a93571bef,CASSYHRGYGYTF,0.025242684025430954,TCRBV06-05,TCRBJ01-02
54f16ecd46ac8d0a5899ff9a93571bef,CASTAWGWGADYGYTF,0.025228725739369906,TCRBV06-X,TCRBJ01-02
54f16ecd46ac8d0a5899ff9a93571bef,CASSYSPYGYTF,0.025209161616627687,TCRBV06-02/06-03,TCRBJ01-02
54f16ecd46ac8d0a5899ff9a93571bef,CASSQVYPGGRTEAFF,0.025197361720747703,TCRBV03-01/03-02,TCRBJ01-01
54f16ecd46ac8d0a5899ff9a93571bef,CAWILPGGYYGYTF,0.025197112835759452,TCRBV30-01,TCRBJ01-02
54f16ecd46ac8d0a5899ff9a93571bef,CAWGWGTGITTGANVLTF,0.025098493006222536,TCRBV30-01,TCRBJ02-06
54f16ecd46ac8d0a5899ff9a93571bef,CASSYGAQYWGNSNQPQHF,0.02508293615326308,TCRBV06-X,TCRBJ01-05
54f16ecd46ac8d0a5899ff9a93571bef,CASNPLGWGYGYTF,0.025066417108594273,TCRBV06-X,TCRBJ01-02
54f16ecd46ac8d0a5899ff9a93571bef,CASTYWSGGIYGYTF,0.025066093740146584,TCRBV05-06,TCRBJ01-02
54f16ecd46ac8d0a5899ff9a93571bef,CASSLLGGLAGNTIYF,0.025065490712547125,TCRBV02-01,TCRBJ01-03
54f16ecd46ac8d0a5899ff9a93571bef,CASWWIKRAEAFF,0.025048716481711957,TCRBV02-01,TCRBJ01-01
54f16ecd46ac8d0a5899ff9a93571bef,CAWSFPGGGSYEQYF,0.025043355986219915,TCRBV30-01,TCRBJ02-07
54f16ecd46ac8d0a5899ff9a93571bef,CSAPGGGTNIHYGYTF,0.02501915235111702,TCRBV20-X,TCRBJ01-02
54f16ecd46ac8d0a5899ff9a93571bef,CATYTF,0.025006497401996803,TCRBV07-09,TCRBJ01-02
54f16ecd46ac8d0a5899ff9a93571bef,CASSYSYRAKYYTF,0.024965734704297297,TCRBV06-02/06-03,TCRBJ01-02
54f16ecd46ac8d0a5899ff9a93571bef,CASCFEKLFF,0.024948357092900133,TCRBV05-08,TCRBJ01-04
54f16ecd46ac8d0a5899ff9a93571bef,CSAYDPGAFF,0.024918666525387913,TCRBV29-01,TCRBJ01-01
54f16ecd46ac8d0a5899ff9a93571bef,CASSDPWTHGYTF,0.024913677765458504,TCRBV06-01,TCRBJ01-02
54f16ecd46ac8d0a5899ff9a93571bef,CSAYHRAPKGYTF,0.024882076437742234,TCRBV20-X,TCRBJ01-02
54f16ecd46ac8d0a5899ff9a93571bef,CASSYPGYGYTF,0.024833350400432355,TCRBV06-05,TCRBJ01-02
54f16ecd46ac8d0a5899ff9a93571bef,CASTPYYGASSHGYTF,0.02477747613902662,TCRBV06-X,TCRBJ01-02
54f16ecd46ac8d0a5899ff9a93571bef,CASNEPTGWWEAFF,0.024753927279423407,TCRBV07-02,TCRBJ01-01
54f16ecd46ac8d0a5899ff9a93571bef,CAWEEGGTF,0.02472561924973621,TCRBV30-01,TCRBJ01-02
54f16ecd46ac8d0a5899ff9a93571bef,CAWSTGFNYGYTF,0.024725416588132394,TCRBV30-01,TCRBJ01-02
581062cb14756be27b097b27e1bbad8b,CASSYSYGYRNYYGYTF,0.03503611297465837,TCRBV06-X,TCRBJ01-02
581062cb14756be27b097b27e1bbad8b,CASSYHPYYGYTF,0.03444949537166378,TCRBV06-05,TCRBJ01-02
581062cb14756be27b097b27e1bbad8b,CASSWGWGPNYGYTF,0.033745668708643,TCRBV05-05,TCRBJ01-02
581062cb14756be27b097b27e1bbad8b,CASVPWQPWYQPQHF,0.03366937163552705,TCRBV23-01,TCRBJ01-05
581062cb14756be27b097b27e1bbad8b,CASSFWQGVTEAFF,0.03300584906515573,TCRBV05-05,TCRBJ01-01
581062cb14756be27b097b27e1bbad8b,CATYGWGNYGYTF,0.03273204827613382,TCRBV04-01,TCRBJ01-02
581062cb14756be27b097b27e1bbad8b,CASTYPGYYYGYTF,0.0325705570791661,TCRBV06-X,TCRBJ01-02
581062cb14756be27b097b27e1bbad8b,YYGYTF,0.03255509614159671,TCRBV07-09,TCRBJ01-02
581062cb14756be27b097b27e1bbad8b,CASSYWGPSYYGYTF,0.03209622998140788,TCRBV06-02/06-03,TCRBJ01-02
581062cb14756be27b097b27e1bbad8b,CATWGTGYMYGYTF,0.03206950801518918,TCRBV24-01,TCRBJ01-02
581062cb14756be27b097b27e1bbad8b,CASAYAYGYTF,0.032045220203441846,TCRBV06-05,TCRBJ01-02
581062cb14756be27b097b27e1bbad8b,YMACYGYTF,0.03193675124613872,TCRBV28-01,TCRBJ01-02
581062cb14756be27b097b27e1bbad8b,CASRPTGWYSYNYGYTF,0.031679951304099105,TCRBV27-01,TCRBJ01-02
581062cb14756be27b097b27e1bbad8b,CATAYARTYTF,0.031237473452799296,TCRBV19-01,TCRBJ01-02
581062cb14756be27b097b27e1bbad8b,CALHPFF,0.0303809490105659,TCRBV10-02,TCRBJ01-01
581062cb14756be27b097b27e1bbad8b,CSASFSVSAFF,0.03010883278566812,TCRBV20-01,TCRBJ01-01
581062cb14756be27b097b27e1bbad8b,CASSYVGYYGYTF,0.029996224338670097,TCRBV06-06,TCRBJ01-02
581062cb14756be27b097b27e1bbad8b,CASRYSGTYYYGYTF,0.02990789175517267,TCRBV12-X,TCRBJ01-02
581062cb14756be27b097b27e1bbad8b,CASSYSSYYGYTF,0.0298697800365139,TCRBV06-05,TCRBJ01-02
581062cb14756be27b097b27e1bbad8b,CAWMPPAGIHWANYFGYTF,0.029749988748135243,TCRBV30-01,TCRBJ01-02
581062cb14756be27b097b27e1bbad8b,CASRYYNYGYTF,0.029557669206032106,TCRBV06-06,TCRBJ01-02
581062cb14756be27b097b27e1bbad8b,CASSYSWGPFGYTF,0.029477195720097882,TCRBV06-05,TCRBJ01-02
581062cb14756be27b097b27e1bbad8b,CASSYTGYYGYTF,0.0294064821401832,TCRBV06-05,TCRBJ01-02
581062cb14756be27b097b27e1bbad8b,CASSYRGYYGYTF,0.029339816654641023,TCRBV05-06,TCRBJ01-02
581062cb14756be27b097b27e1bbad8b,CAWKDTGHWYTIYF,0.029282001474376484,TCRBV30-01,TCRBJ01-03
581062cb14756be27b097b27e1bbad8b,CASSSWGGSNYGYTF,0.0292368279995433,TCRBV05-01,TCRBJ01-02
581062cb14756be27b097b27e1bbad8b,CASSYWGGGNSGNTIYF,0.029185775139310973,TCRBV06-X,TCRBJ01-03
581062cb14756be27b097b27e1bbad8b,CASSYYSNYGYTF,0.029076777977631404,TCRBV06-05,TCRBJ01-02
581062cb14756be27b097b27e1bbad8b,CASSHPGGWYYGYTF,0.02898461951834109,TCRBV04-03,TCRBJ01-02
581062cb14756be27b097b27e1bbad8b,CASSYSGYTNYGYTF,0.028898046392267757,TCRBV06-05,TCRBJ01-02
581062cb14756be27b097b27e1bbad8b,CAAGPQGPYGYTF,0.02880827529570716,TCRBV05-04,TCRBJ01-02
581062cb14756be27b097b27e1bbad8b,CASSYYTGYGYTF,0.028807107970569748,TCRBV06-02/06-03,TCRBJ01-02
581062cb14756be27b097b27e1bbad8b,CASSYAPWGANYGYTF,0.028712504114357135,TCRBV06-05,TCRBJ01-02
581062cb14756be27b097b27e1bbad8b,CAWIPWGGYTEAFF,0.028504365167149787,TCRBV30-01,TCRBJ01-01
581062cb14756be27b097b27e1bbad8b,CASSSGGGYYFYGYTF,0.028222701096733107,TCRBV07-02,TCRBJ01-02
581062cb14756be27b097b27e1bbad8b,CASYGPHGTGGPYKFYGYTF,0.028140683410449566,TCRBV23-01,TCRBJ01-02
581062cb14756be27b097b27e1bbad8b,CAWYSFWGYTF,0.02813262035525368,TCRBV30-01,TCRBJ01-02
581062cb14756be27b097b27e1bbad8b,CSAPHSFYHYSPLHF,0.028127971305238968,TCRBV29-01,TCRBJ01-06
581062cb14756be27b097b27e1bbad8b,CASSHGGYNYGYTF,0.02774901558220956,TCRBV07-08,TCRBJ01-02
581062cb14756be27b097b27e1bbad8b,CASSWGGPNYGYTF,0.027680152547674638,TCRBV06-06,TCRBJ01-02
581062cb14756be27b097b27e1bbad8b,CAGSHIWGGYGYTF,0.027646146233538324,TCRBV05-06,TCRBJ01-02
581062cb14756be27b097b27e1bbad8b,CASSYSYSIYNYGYTF,0.027538526290093266,TCRBV06-05,TCRBJ01-02
581062cb14756be27b097b27e1bbad8b,CASSWWAGGDGYTF,0.027534657312859003,TCRBV06-05,TCRBJ01-02
581062cb14756be27b097b27e1bbad8b,CASSYGTYYGYTF,0.02744860404494242,TCRBV06-05,TCRBJ01-02
581062cb14756be27b097b27e1bbad8b,CSAYGGHYGYTF,0.02744153064846531,TCRBV20-X,TCRBJ01-02
581062cb14756be27b097b27e1bbad8b,CASGAWGAITEAFF,0.02742458143686074,TCRBV16-01,TCRBJ01-01
581062cb14756be27b097b27e1bbad8b,CASSPHPRPPQHF,0.027350612794416754,TCRBV06-06,TCRBJ01-05
581062cb14756be27b097b27e1bbad8b,CASSYNRNRNYGYTF,0.027282000484038508,TCRBV11-02,TCRBJ01-02
581062cb14756be27b097b27e1bbad8b,CASSYYPGNYGYTF,0.027247990910081392,TCRBV05-08,TCRBJ01-02
581062cb14756be27b097b27e1bbad8b,CASFNGGPWYGYTF,0.027206881706075894,TCRBV07-09,TCRBJ01-02
581062cb14756be27b097b27e1bbad8b,CASSYSWGFYGYTF,0.027186806871552602,TCRBV06-02/06-03,TCRBJ01-02
581062cb14756be27b097b27e1bbad8b,CASSYSGGWMNYGYTF,0.02717558512100164,TCRBV06-02/06-03,TCRBJ01-02
581062cb14756be27b097b27e1bbad8b,CASSPSTGGGWNYGYTF,0.027152830779231772,TCRBV27-01,TCRBJ01-02
581062cb14756be27b097b27e1bbad8b,CASSSWAPHWGFGYGYTF,0.0271190437867018,TCRBV27-01,TCRBJ01-02
581062cb14756be27b097b27e1bbad8b,CASSYYWGPPLHF,0.026915494020132567,TCRBV06-06,TCRBJ01-06
581062cb14756be27b097b27e1bbad8b,WGNQPQHF,0.026912083208774494,TCRBV06-04,TCRBJ01-05
581062cb14756be27b097b27e1bbad8b,CASSSWWGAFF,0.026905248802059273,TCRBV12-03/12-04,TCRBJ01-01
581062cb14756be27b097b27e1bbad8b,CASSPWGGSNYGYTF,0.02689703226889763,TCRBV03-01/03-02,TCRBJ01-02
581062cb14756be27b097b27e1bbad8b,CASSHGPHYGYTF,0.026777952013125352,TCRBV18-01,TCRBJ01-02
581062cb14756be27b097b27e1bbad8b,CSASYSYNYGYTF,0.026765742280985907,TCRBV20-01,TCRBJ01-02
581062cb14756be27b097b27e1bbad8b,CSAYTYRYGYTF,0.02673540913464978,TCRBV20-X,TCRBJ01-02
581062cb14756be27b097b27e1bbad8b,CAWTWGGAGYTF,0.02669504894594261,TCRBV30-01,TCRBJ01-02
581062cb14756be27b097b27e1bbad8b,CASSYAGPYYGYTF,0.02663068579139296,TCRBV06-02/06-03,TCRBJ01-02
581062cb14756be27b097b27e1bbad8b,CATPP,0.026597302366318028,TCRBV10-02,TCRBJ02-07
581062cb14756be27b097b27e1bbad8b,CFPPLHF,0.026567453943217682,TCRBV03-01/03-02,TCRBJ01-06
581062cb14756be27b097b27e1bbad8b,CASSYSTGHYYGYTF,0.026551277893929085,TCRBV06-05,TCRBJ01-02
581062cb14756be27b097b27e1bbad8b,CASSFGGNTNYGYTF,0.02649678421673968,TCRBV05-04,TCRBJ01-02
581062cb14756be27b097b27e1bbad8b,CASSFWGGYGYTF,0.026477965763888285,TCRBV27-01,TCRBJ01-02
581062cb14756be27b097b27e1bbad8b,CASSYLGYYGYTF,0.02647191293448585,TCRBV06-02/06-03,TCRBJ01-02
581062cb14756be27b097b27e1bbad8b,CSASGGPYYGYTF,0.026324762552269433,TCRBV20-X,TCRBJ01-02
581062cb14756be27b097b27e1bbad8b,CAWYGARFF,0.026308759286624274,TCRBV30-01,TCRBJ01-04
581062cb14756be27b097b27e1bbad8b,CASSYYGNDYGYTF,0.02630102832819205,TCRBV06-06,TCRBJ01-02
581062cb14756be27b097b27e1bbad8b,CSALEGHHYYGYTF,0.026296145712322364,TCRBV20-X,TCRBJ01-02
581062cb14756be27b097b27e1bbad8b,CASTGGWGYGYTF,0.02628720391439151,TCRBV19-01,TCRBJ01-02
581062cb14756be27b097b27e1bbad8b,CATHT,0.02627213620540202,TCRBV11-X,TCRBJ02-07
581062cb14756be27b097b27e1bbad8b,CASTYGGYNYGYTF,0.02625322920017799,TCRBV06-05,TCRBJ01-02
581062cb14756be27b097b27e1bbad8b,CASTHGGGYYGYTF,0.026242647426607587,TCRBV19-01,TCRBJ01-02
581062cb14756be27b097b27e1bbad8b,CASSNTYSTGYYGYTF,0.026229329374245866,TCRBV09-01,TCRBJ01-02
581062cb14756be27b097b27e1bbad8b,CAWGPPGYGYTF,0.026191068617259956,TCRBV30-01,TCRBJ01-02
581062cb14756be27b097b27e1bbad8b,CASSGGYNYGYTF,0.026185745325544563,TCRBV02-01,TCRBJ01-02
581062cb14756be27b097b27e1bbad8b,YASSYNSYGYTF,0.026117878403553677,TCRBV06-05,TCRBJ01-02
581062cb14756be27b097b27e1bbad8b,CASSYWGGGYEQYF,0.02611681867900716,TCRBV06-02/06-03,TCRBJ02-07
581062cb14756be27b097b27e1bbad8b,CASSPNPGHPGHF,0.026108844040408443,TCRBV28-01,TCRBJ01-05
581062cb14756be27b097b27e1bbad8b,CASSYGVSYYGYTF,0.026066654773594822,TCRBV06-05,TCRBJ01-02
581062cb14756be27b097b27e1bbad8b,CASSYWGGYTF,0.026047112951640868,TCRBV06-02/06-03,TCRBJ01-02
581062cb14756be27b097b27e1bbad8b,CASYSGWGYGYTF,0.026042607302701675,TCRBV19-01,TCRBJ01-02
581062cb14756be27b097b27e1bbad8b,CAWSPGYYGYTF,0.02603587443481353,TCRBV30-01,TCRBJ01-02
581062cb14756be27b097b27e1bbad8b,CASSYKRYNYGYTF,0.02602733003288055,TCRBV06-05,TCRBJ01-02
581062cb14756be27b097b27e1bbad8b,CSARGLPGHHIHGYTF,0.026027115475679107,TCRBV20-X,TCRBJ01-02
581062cb14756be27b097b27e1bbad8b,CAWGWTEAFF,0.02601736551674564,TCRBV30-01,TCRBJ01-01
581062cb14756be27b097b27e1bbad8b,GGGPQHF,0.02601606357567981,TCRBV11-03,TCRBJ01-05
581062cb14756be27b097b27e1bbad8b,CASSSNWGGYGYTF,0.02597291793825766,TCRBV05-08,TCRBJ01-02
581062cb14756be27b097b27e1bbad8b,CASPPF,0.02596691114998934,TCRBV10-01,TCRBJ01-04
581062cb14756be27b097b27e1bbad8b,CASRGWGPNYGYTF,0.02595359670386553,TCRBV28-01,TCRBJ01-02
581062cb14756be27b097b27e1bbad8b,CASSFPKWGGYGYTF,0.025952871940093086,TCRBV28-01,TCRBJ01-02
581062cb14756be27b097b27e1bbad8b,CASSFSGWGNYGYTF,0.025949923364208986,TCRBV07-09,TCRBJ01-02
5852ab5498fcb4a0b97c12b6c9acda29,RKF,0.03661617983817433,TCRBV07-03,TCRBJ01-06
5852ab5498fcb4a0b97c12b6c9acda29,CASSWGGWNYGYTF,0.03617677020965121,TCRBV28-01,TCRBJ01-02
5852ab5498fcb4a0b97c12b6c9acda29,CGHMIYGYGYTF,0.033719639086101344,TCRBV20-X,TCRBJ01-02
5852ab5498fcb4a0b97c12b6c9acda29,CAWGPGWGYTF,0.03274372025164971,TCRBV30-01,TCRBJ01-02
5852ab5498fcb4a0b97c12b6c9acda29,CASSSSGYYNYGYTF,0.030831251139530984,TCRBV06-05,TCRBJ01-02
5852ab5498fcb4a0b97c12b6c9acda29,CASSYWGYGYTF,0.03049478893232989,TCRBV06-05,TCRBJ01-02
5852ab5498fcb4a0b97c12b6c9acda29,CASSSYWGTGSSYGYTF,0.030273942046523405,TCRBV07-09,TCRBJ01-02
5852ab5498fcb4a0b97c12b6c9acda29,CAWSGGGWNYGYTF,0.030240733757348214,TCRBV30-01,TCRBJ01-02
5852ab5498fcb4a0b97c12b6c9acda29,CASIIDGALPLYRAHGYTF,0.03021988383114386,TCRBV06-X,TCRBJ01-02
5852ab5498fcb4a0b97c12b6c9acda29,CAWKHTYGYTF,0.03014825607624617,TCRBV30-01,TCRBJ01-02
5852ab5498fcb4a0b97c12b6c9acda29,CAWSGWTGSYWGYTF,0.029809083965073587,TCRBV30-01,TCRBJ01-02
5852ab5498fcb4a0b97c12b6c9acda29,CASSSYWNRGGGYTF,0.02939634116057046,TCRBV21-01,TCRBJ01-02
5852ab5498fcb4a0b97c12b6c9acda29,WKRVGEKLFF,0.029386169570610722,TCRBV21-01,TCRBJ01-04
5852ab5498fcb4a0b97c12b6c9acda29,CYNYGYTF,0.028915203014163435,TCRBV28-01,TCRBJ01-02
5852ab5498fcb4a0b97c12b6c9acda29,CAWSGAWGNNYGYTF,0.028846829464098812,TCRBV30-01,TCRBJ01-02
5852ab5498fcb4a0b97c12b6c9acda29,CATCGGGPNYGYTF,0.02852856910114601,TCRBV28-01,TCRBJ01-02
5852ab5498fcb4a0b97c12b6c9acda29,CASGGYYPHGYTF,0.02852183167448564,TCRBV28-01,TCRBJ01-02
5852ab5498fcb4a0b97c12b6c9acda29,CAWIFF,0.0284860281785559,TCRBV30-01,TCRBJ01-01
5852ab5498fcb4a0b97c12b6c9acda29,CATGGGYNYGYTF,0.02848474486980579,TCRBV12-03/12-04,TCRBJ01-02
5852ab5498fcb4a0b97c12b6c9acda29,CASSYWPGPNYGYTF,0.028382463973753467,TCRBV06-05,TCRBJ01-02
5852ab5498fcb4a0b97c12b6c9acda29,CASSFAWTPYYGYTF,0.028358349173639653,TCRBV07-09,TCRBJ01-02
5852ab5498fcb4a0b97c12b6c9acda29,CASSYGYYGYTF,0.02834078125464435,TCRBV28-01,TCRBJ01-02
5852ab5498fcb4a0b97c12b6c9acda29,CAWMRVCGYTF,0.028262989065172068,TCRBV30-01,TCRBJ01-02
5852ab5498fcb4a0b97c12b6c9acda29,CSAPY,0.02826193486048691,TCRBV20-01,TCRBJ01-05
5852ab5498fcb4a0b97c12b6c9acda29,CASSYHNRGHQNNYGYTF,0.028260093367814095,TCRBV06-X,TCRBJ01-02
5852ab5498fcb4a0b97c12b6c9acda29,CASIHGGYYGYTF,0.028241287351823314,TCRBV19-01,TCRBJ01-02
5852ab5498fcb4a0b97c12b6c9acda29,CASSWGTGGGFYYGYTF,0.0281596853632487,TCRBV05-06,TCRBJ01-02
5852ab5498fcb4a0b97c12b6c9acda29,CSAPYYGYTF,0.028122870104421004,TCRBV20-01,TCRBJ01-02
5852ab5498fcb4a0b97c12b6c9acda29,CASSYYYRDRANYGYTF,0.028053461986058226,TCRBV06-X,TCRBJ01-02
5852ab5498fcb4a0b97c12b6c9acda29,CASGGAYNNYGYTF,0.027987077130218474,TCRBV28-01,TCRBJ01-02
5852ab5498fcb4a0b97c12b6c9acda29,CASSYSSGYYGYTF,0.027968488077643947,TCRBV06-05,TCRBJ01-02
5852ab5498fcb4a0b97c12b6c9acda29,CAWRWGF,0.02791472071947231,TCRBV30-01,TCRBJ02-07
5852ab5498fcb4a0b97c12b6c9acda29,CASSYSTGGWGGYGYTF,0.027904975912372697,TCRBV06-X,TCRBJ01-02
5852ab5498fcb4a0b97c12b6c9acda29,CAWGGRYNNYGYTF,0.027870740067997637,TCRBV30-01,TCRBJ01-02
5852ab5498fcb4a0b97c12b6c9acda29,CASSSYQGGYTNYGYTF,0.02782065814006386,TCRBV28-01,TCRBJ01-02
5852ab5498fcb4a0b97c12b6c9acda29,CAWGHPHSPLHF,0.02780763849910674,TCRBV30-01,TCRBJ01-06
5852ab5498fcb4a0b97c12b6c9acda29,CASCSAPGANVLTF,0.0277633648148105,TCRBV05-01,TCRBJ02-06
5852ab5498fcb4a0b97c12b6c9acda29,CASSPAPPHQPQHF,0.027750326192725525,TCRBV12-X,TCRBJ01-05
5852ab5498fcb4a0b97c12b6c9acda29,CASSPPRRHSHAYF,0.027695130058985704,TCRBV28-01,TCRBJ02-07
5852ab5498fcb4a0b97c12b6c9acda29,CATWGFGASFGYGYTF,0.02768919844678754,TCRBV19-01,TCRBJ01-02
5852ab5498fcb4a0b97c12b6c9acda29,CASGGYYGYTF,0.027553659317887166,TCRBV28-01,TCRBJ01-02
5852ab5498fcb4a0b97c12b6c9acda29,CASSYGWGYGYTF,0.027505918292496677,TCRBV06-05,TCRBJ01-02
5852ab5498fcb4a0b97c12b6c9acda29,CASSYFGGYYGYTF,0.027490052231728,TCRBV06-02/06-03,TCRBJ01-02
5852ab5498fcb4a0b97c12b6c9acda29,CASHIAPYGYTF,0.027427495696818596,TCRBV28-01,TCRBJ01-02
5852ab5498fcb4a0b97c12b6c9acda29,CASSHWWHHEAFF,0.027321967014189343,TCRBV14-01,TCRBJ01-01
5852ab5498fcb4a0b97c12b6c9acda29,CASSYWSTGGADYYGYTF,0.02730845380449925,TCRBV06-X,TCRBJ01-02
5852ab5498fcb4a0b97c12b6c9acda29,CASSWGTGGYYGYTF,0.027287679611914993,TCRBV12-X,TCRBJ01-02
5852ab5498fcb4a0b97c12b6c9acda29,CASSYGGGPYSGNTIYF,0.027172715786852618,TCRBV28-01,TCRBJ01-03
5852ab5498fcb4a0b97c12b6c9acda29,CAWWTGEEGYTF,0.02711142407973754,TCRBV30-01,TCRBJ01-02
5852ab5498fcb4a0b97c12b6c9acda29,TPQHF,0.02702844677130234,TCRBV30-01,TCRBJ01-05
5852ab5498fcb4a0b97c12b6c9acda29,CAWGRAHYYGYTF,0.026948864072970785,TCRBV30-01,TCRBJ01-02
5852ab5498fcb4a0b97c12b6c9acda29,CASSSNGGGNNQPQHF,0.026939803337617887,TCRBV07-02,TCRBJ01-05
5852ab5498fcb4a0b97c12b6c9acda29,CASSYSSTGGGYYGYTF,0.026932896478288223,TCRBV06-X,TCRBJ01-02
5852ab5498fcb4a0b97c12b6c9acda29,CAWIWGGNYGYTF,0.02692652232392094,TCRBV30-01,TCRBJ01-02
5852ab5498fcb4a0b97c12b6c9acda29,GGPYGYTF,0.02679127832221741,TCRBV28-01,TCRBJ01-02
5852ab5498fcb4a0b97c12b6c9acda29,CASSYWGGSDYGYTF,0.026789209890045892,TCRBV06-05,TCRBJ01-02
5852ab5498fcb4a0b97c12b6c9acda29,CATWDGWYGYTF,0.026779991637589005,TCRBV06-X,TCRBJ01-02
5852ab5498fcb4a0b97c12b6c9acda29,CAWSVPWGVGANVLTF,0.026708363019376572,TCRBV30-01,TCRBJ02-06
5852ab5498fcb4a0b97c12b6c9acda29,CASLKEAGANVLTF,0.02666723339401256,TCRBV02-01,TCRBJ02-06
5852ab5498fcb4a0b97c12b6c9acda29,CAYAGPYGYTF,0.026638337905234306,TCRBV11-02,TCRBJ01-02
5852ab5498fcb4a0b97c12b6c9acda29,CAWGGMFGYTF,0.026637441545475857,TCRBV30-01,TCRBJ01-02
5852ab5498fcb4a0b97c12b6c9acda29,CASSPGWGFNYGYTF,0.02654889937295771,TCRBV09-01,TCRBJ01-02
5852ab5498fcb4a0b97c12b6c9acda29,CAWSWGPEAFF,0.02649713322789072,TCRBV30-01,TCRBJ01-01
5852ab5498fcb4a0b97c12b6c9acda29,CASSGWGNYGYTF,0.026464940023530253,TCRBV02-01,TCRBJ01-02
5852ab5498fcb4a0b97c12b6c9acda29,CASRWGGWTVNYGYTF,0.02644026198901276,TCRBV19-01,TCRBJ01-02
5852ab5498fcb4a0b97c12b6c9acda29,CASSHPYPQPQHF,0.026430077722651147,TCRBV04-03,TCRBJ01-05
5852ab5498fcb4a0b97c12b6c9acda29,CASRPGGGVWSNYGYTF,0.026395594024996433,TCRBV28-01,TCRBJ01-02
5852ab5498fcb4a0b97c12b6c9acda29,CASSGPLKTPWVGYTF,0.026377124083119007,TCRBV02-01,TCRBJ01-02
5852ab5498fcb4a0b97c12b6c9acda29,CASSYSYSYGYTF,0.026352767355474625,TCRBV06-05,TCRBJ01-02
5852ab5498fcb4a0b97c12b6c9acda29,CASSFSTGTGGGYGYTF,0.026344788362825604,TCRBV11-02,TCRBJ01-02
5852ab5498fcb4a0b97c12b6c9acda29,CASSYNRNNYGYTF,0.026330521339640964,TCRBV06-05,TCRBJ01-02
5852ab5498fcb4a0b97c12b6c9acda29,CATGGYYGYTF,0.026325141442505275,TCRBV07-09,TCRBJ01-02
5852ab5498fcb4a0b97c12b6c9acda29,CASSYYQGYGYTF,0.026282024823612964,TCRBV06-05,TCRBJ01-02
5852ab5498fcb4a0b97c12b6c9acda29,WGDRQPQHF,0.026274737640745404,TCRBV06-09,TCRBJ01-05
5852ab5498fcb4a0b97c12b6c9acda29,FNYGYTF,0.026257134810431088,TCRBV27-01,TCRBJ01-02
5852ab5498fcb4a0b97c12b6c9acda29,CAWAYWNYGYTF,0.02624015721527222,TCRBV30-01,TCRBJ01-02
5852ab5498fcb4a0b97c12b6c9acda29,CASSWGGPSYGYTF,0.026208543160934374,TCRBV06-02/06-03,TCRBJ01-02
5852ab5498fcb4a0b97c12b6c9acda29,CASSYSYSVYGYTF,0.02618832019582475,TCRBV06-05,TCRBJ01-02
5852ab5498fcb4a0b97c12b6c9acda29,F,0.026169089102652747,TCRBV20-01,TCRBJ02-05
5852ab5498fcb4a0b97c12b6c9acda29,CASSYSYNPGSFYGYTF,0.02613478507487902,TCRBV06-X,TCRBJ01-02
5852ab5498fcb4a0b97c12b6c9acda29,AKNIQYF,0.026134668262822108,TCRBV18-01,TCRBJ02-04
5852ab5498fcb4a0b97c12b6c9acda29,CASSDPPHHF,0.02612670196943368,TCRBV28-01,TCRBJ01-05
5852ab5498fcb4a0b97c12b6c9acda29,WRGGAQYF,0.026073722322359667,TCRBV20-01,TCRBJ02-03
5852ab5498fcb4a0b97c12b6c9acda29,CASSYSAGVGAGYTF,0.026048339284741963,TCRBV06-05,TCRBJ01-02
5852ab5498fcb4a0b97c12b6c9acda29,CAWSPGYYGYTF,0.02603587443481353,TCRBV30-01,TCRBJ01-02
5852ab5498fcb4a0b97c12b6c9acda29,CAWGWTEAFF,0.02601736551674564,TCRBV30-01,TCRBJ01-01
5852ab5498fcb4a0b97c12b6c9acda29,CASKKSGGWAAFF,0.025951423978330876,TCRBV06-X,TCRBJ01-01
5852ab5498fcb4a0b97c12b6c9acda29,CAWGPLGPQHF,0.025945414496866184,TCRBV30-01,TCRBJ01-05
5852ab5498fcb4a0b97c12b6c9acda29,CASSYSTGWYGYTF,0.025921754322537065,TCRBV06-06,TCRBJ01-02
5852ab5498fcb4a0b97c12b6c9acda29,CSAYNRTGYYGYTF,0.02591618638112398,TCRBV20-X,TCRBJ01-02
5852ab5498fcb4a0b97c12b6c9acda29,CASNGWGGSYGYTF,0.02588243949584764,TCRBV19-01,TCRBJ01-02
5852ab5498fcb4a0b97c12b6c9acda29,CATSDPWGAFF,0.025882050277531557,TCRBV24-01,TCRBJ01-01
5852ab5498fcb4a0b97c12b6c9acda29,CASWGGWTGGMNTEAFF,0.025867738815747318,TCRBV27-01,TCRBJ01-01
5852ab5498fcb4a0b97c12b6c9acda29,CASSSWGGNYGYTF,0.025852998227827998,TCRBV12-X,TCRBJ01-02
5852ab5498fcb4a0b97c12b6c9acda29,CASSFPPGAHHGYTF,0.025849541372611043,TCRBV28-01,TCRBJ01-02
5852ab5498fcb4a0b97c12b6c9acda29,CASSYYTGGNYGYTF,0.025841890759404722,TCRBV06-05,TCRBJ01-02
5852ab5498fcb4a0b97c12b6c9acda29,CASSSQTGWWGAFF,0.02581027621642499,TCRBV06-05,TCRBJ01-01
5852ab5498fcb4a0b97c12b6c9acda29,CAWRWGGVYGYTF,0.025784358290638347,TCRBV30-01,TCRBJ01-02
5852ab5498fcb4a0b97c12b6c9acda29,CAWSVWGGGYTF,0.0257836156698242,TCRBV30-01,TCRBJ01-02
5a2ccda06ccd65cdc15f510be63cc0b6,CASSYYYYGYTF,0.042345485986577745,TCRBV06-02/06-03,TCRBJ01-02
5a2ccda06ccd65cdc15f510be63cc0b6,CASSYYNNYGYTF,0.03680040647414813,TCRBV06-05,TCRBJ01-02
5a2ccda06ccd65cdc15f510be63cc0b6,CAHF,0.03389636670935392,TCRBV27-01,TCRBJ01-05
5a2ccda06ccd65cdc15f510be63cc0b6,WNYTF,0.0338189501093055,TCRBV20-01,TCRBJ01-02
5a2ccda06ccd65cdc15f510be63cc0b6,CASSNYGGCCGYTF,0.032454939366841636,TCRBV21-01,TCRBJ01-02
5a2ccda06ccd65cdc15f510be63cc0b6,CASSLWDKLTEAFF,0.03197442633595446,TCRBV28-01,TCRBJ01-01
5a2ccda06ccd65cdc15f510be63cc0b6,CAWGPFF,0.03134033458571747,TCRBV30-01,TCRBJ01-04
5a2ccda06ccd65cdc15f510be63cc0b6,CGTWGYYGYTF,0.031138661156195693,TCRBV28-01,TCRBJ01-02
5a2ccda06ccd65cdc15f510be63cc0b6,CATAEALKAYGYTF,0.031049196904391892,TCRBV28-01,TCRBJ01-02
5a2ccda06ccd65cdc15f510be63cc0b6,CASYFGGSYHNYGYTF,0.030607117781122878,TCRBV30-01,TCRBJ01-02
5a2ccda06ccd65cdc15f510be63cc0b6,CAWYLYYGYTF,0.030455389604310386,TCRBV30-01,TCRBJ01-02
5a2ccda06ccd65cdc15f510be63cc0b6,CASSGWGYYGYTF,0.030382251863829552,TCRBV14-01,TCRBJ01-02
5a2ccda06ccd65cdc15f510be63cc0b6,RDSYHQPQHF,0.030042182251902926,TCRBVA-01,TCRBJ01-05
5a2ccda06ccd65cdc15f510be63cc0b6,CASSFYSYYGYTF,0.029995671107139982,TCRBV27-01,TCRBJ01-02
5a2ccda06ccd65cdc15f510be63cc0b6,CASSYTFFSVYYGYTF,0.02981810246545285,TCRBV06-02/06-03,TCRBJ01-02
5a2ccda06ccd65cdc15f510be63cc0b6,CASIPFVGNTEAFF,0.02968880232357444,TCRBV28-01,TCRBJ01-01
5a2ccda06ccd65cdc15f510be63cc0b6,CASSYSWDPYGYTF,0.029455625939605996,TCRBV06-05,TCRBJ01-02
5a2ccda06ccd65cdc15f510be63cc0b6,CASGAQGGAGANVLTF,0.029201022434356357,TCRBV19-01,TCRBJ02-06
5a2ccda06ccd65cdc15f510be63cc0b6,CAWSGWGGYGYTF,0.029166391859485448,TCRBV30-01,TCRBJ01-02
5a2ccda06ccd65cdc15f510be63cc0b6,CASSNPGALGLVPYGYTF,0.02912160203911344,TCRBV19-01,TCRBJ01-02
5a2ccda06ccd65cdc15f510be63cc0b6,CATHPSPGPHYGYTF,0.029002381595142093,TCRBV28-01,TCRBJ01-02
5a2ccda06ccd65cdc15f510be63cc0b6,CASSFTGGYYYGYTF,0.02894986762224911,TCRBV07-02,TCRBJ01-02
5a2ccda06ccd65cdc15f510be63cc0b6,CSARGYIYGYTF,0.028856552662165802,TCRBV20-X,TCRBJ01-02
5a2ccda06ccd65cdc15f510be63cc0b6,CASYHGHYGYTF,0.02881980259385405,TCRBV28-01,TCRBJ01-02
5a2ccda06ccd65cdc15f510be63cc0b6,SPLHF,0.028702754903381318,TCRBV07-X,TCRBJ01-06
5a2ccda06ccd65cdc15f510be63cc0b6,CASSYIYTIYF,0.028628087218356527,TCRBV06-05,TCRBJ01-03
5a2ccda06ccd65cdc15f510be63cc0b6,CASYHGPYGYTF,0.028609202545493383,TCRBV19-01,TCRBJ01-02
5a2ccda06ccd65cdc15f510be63cc0b6,CASHAGGYYGYTF,0.028465676700238262,TCRBV02-01,TCRBJ01-02
5a2ccda06ccd65cdc15f510be63cc0b6,LRDLGYKGYTF,0.028398305422389646,TCRBV28-01,TCRBJ01-02
5a2ccda06ccd65cdc15f510be63cc0b6,CAWRPWGYGYTF,0.02829704206067718,TCRBV30-01,TCRBJ01-02
5a2ccda06ccd65cdc15f510be63cc0b6,CASSPYYGGYTF,0.02824349245741683,TCRBV04-01,TCRBJ01-02
5a2ccda06ccd65cdc15f510be63cc0b6,CASGWTGGWYGYTF,0.028242352259543416,TCRBV28-01,TCRBJ01-02
5a2ccda06ccd65cdc15f510be63cc0b6,CASSFGPYHPYF,0.028239674524356533,TCRBV28-01,TCRBJ02-04
5a2ccda06ccd65cdc15f510be63cc0b6,CSAPHPYHSPLHF,0.02816485504440884,TCRBV20-X,TCRBJ01-06
5a2ccda06ccd65cdc15f510be63cc0b6,CASSDPWGYYGYTF,0.028128328145942762,TCRBV25-01,TCRBJ01-02
5a2ccda06ccd65cdc15f510be63cc0b6,CASSYSWGNYGYTF,0.028068590131335357,TCRBV06-05,TCRBJ01-02
5a2ccda06ccd65cdc15f510be63cc0b6,CASSYYPGGYTF,0.028059844882851945,TCRBV12-03/12-04,TCRBJ01-02
5a2ccda06ccd65cdc15f510be63cc0b6,RAGYGYTF,0.027849800507531584,TCRBV28-01,TCRBJ01-02
5a2ccda06ccd65cdc15f510be63cc0b6,CASMWYRGGNYGYTF,0.027819033182201015,TCRBV06-05,TCRBJ01-02
5a2ccda06ccd65cdc15f510be63cc0b6,CACIGAYGYTF,0.02781227640984314,TCRBV06-05,TCRBJ01-02
5a2ccda06ccd65cdc15f510be63cc0b6,WEQYF,0.027780502935398025,TCRBV11-03,TCRBJ02-07
5a2ccda06ccd65cdc15f510be63cc0b6,RASSLFWLRWRCHF,0.027773291731322293,TCRBV07-03,TCRBJ01-05
5a2ccda06ccd65cdc15f510be63cc0b6,CAIPPEKLFF,0.02776058319325391,TCRBV06-06,TCRBJ01-04
5a2ccda06ccd65cdc15f510be63cc0b6,CASSYSWGGYGYTF,0.02774409529906239,TCRBV06-05,TCRBJ01-02
5a2ccda06ccd65cdc15f510be63cc0b6,CASSYSTGYYGYTF,0.02764570721156523,TCRBV06-05,TCRBJ01-02
5a2ccda06ccd65cdc15f510be63cc0b6,CASSYSAYYGYTF,0.027609895275225525,TCRBV06-05,TCRBJ01-02
5a2ccda06ccd65cdc15f510be63cc0b6,CAWGGYGYTF,0.027586274339189646,TCRBV30-01,TCRBJ01-02
5a2ccda06ccd65cdc15f510be63cc0b6,CASSYYTFYGYTF,0.027575595623827647,TCRBV06-05,TCRBJ01-02
5a2ccda06ccd65cdc15f510be63cc0b6,CASSYSSTGYYGYTF,0.02757426905802453,TCRBV06-05,TCRBJ01-02
5a2ccda06ccd65cdc15f510be63cc0b6,CASSYRQGPYYYGYTF,0.027549082473245154,TCRBV06-05,TCRBJ01-02
5a2ccda06ccd65cdc15f510be63cc0b6,CASSYYTRGNNYGYTF,0.027471618357891515,TCRBV06-05,TCRBJ01-02
5a2ccda06ccd65cdc15f510be63cc0b6,CASSYVGVCAGANVLTF,0.027394813772678703,TCRBV07-07,TCRBJ02-06
5a2ccda06ccd65cdc15f510be63cc0b6,CASSYGRYYGYTF,0.027335321905766066,TCRBV06-05,TCRBJ01-02
5a2ccda06ccd65cdc15f510be63cc0b6,CASSWGGAPFYGYTF,0.027292666801834967,TCRBV28-01,TCRBJ01-02
5a2ccda06ccd65cdc15f510be63cc0b6,WLEFNYGYTF,0.027195464250118845,TCRBV21-01,TCRBJ01-02
5a2ccda06ccd65cdc15f510be63cc0b6,CASSYPWGASYGYTF,0.027187282949864326,TCRBV28-01,TCRBJ01-02
5a2ccda06ccd65cdc15f510be63cc0b6,CASSYYTSYGYTF,0.027165998190567312,TCRBV06-05,TCRBJ01-02
5a2ccda06ccd65cdc15f510be63cc0b6,CTPAPQPQHF,0.027099616546842988,TCRBV03-01/03-02,TCRBJ01-05
5a2ccda06ccd65cdc15f510be63cc0b6,CSAYSGTPAYYGYTF,0.027065162509189902,TCRBV20-X,TCRBJ01-02
5a2ccda06ccd65cdc15f510be63cc0b6,CASSYPYRAFYGYTF,0.027058557067003153,TCRBV07-09,TCRBJ01-02
5a2ccda06ccd65cdc15f510be63cc0b6,CASSYSYSNYGYTF,0.027002097428451867,TCRBV06-05,TCRBJ01-02
5a2ccda06ccd65cdc15f510be63cc0b6,CAWGPGPLHF,0.026949701848334777,TCRBV30-01,TCRBJ01-06
5a2ccda06ccd65cdc15f510be63cc0b6,LFF,0.026945636686297385,TCRBV25-01,TCRBJ02-02
5a2ccda06ccd65cdc15f510be63cc0b6,CASSWTGSGGGYSNYGYTF,0.026808115944680792,TCRBV06-X,TCRBJ01-02
5a2ccda06ccd65cdc15f510be63cc0b6,CASSYFGGGTANYGYTF,0.026788154754190954,TCRBV06-X,TCRBJ01-02
5a2ccda06ccd65cdc15f510be63cc0b6,CASLYRSGGADTQYF,0.026766364905288935,TCRBV12-X,TCRBJ02-03
5a2ccda06ccd65cdc15f510be63cc0b6,CASSPWGGANYGYTF,0.026685890072914827,TCRBV07-09,TCRBJ01-02
5a2ccda06ccd65cdc15f510be63cc0b6,CASRRWGGWYGYTF,0.026590119911847242,TCRBV05-04,TCRBJ01-02
5a2ccda06ccd65cdc15f510be63cc0b6,CASSYPNYYGYTF,0.026556878403925867,TCRBV06-05,TCRBJ01-02
5a2ccda06ccd65cdc15f510be63cc0b6,CASSFSYPYYGYTF,0.026538780652055328,TCRBV27-01,TCRBJ01-02
5a2ccda06ccd65cdc15f510be63cc0b6,CASSYSTGSYYGYTF,0.026496246102582655,TCRBV06-02/06-03,TCRBJ01-02
5a2ccda06ccd65cdc15f510be63cc0b6,CASSSPWGGNYGYTF,0.026428448962293596,TCRBV06-05,TCRBJ01-02
5a2ccda06ccd65cdc15f510be63cc0b6,WTSGYTF,0.026401573189143872,TCRBV02-01,TCRBJ01-02
5a2ccda06ccd65cdc15f510be63cc0b6,CAWMPGHWDNYGYTF,0.02639892889718113,TCRBV30-01,TCRBJ01-02
5a2ccda06ccd65cdc15f510be63cc0b6,CASSYHPAYGYTF,0.026390282360355722,TCRBV06-05,TCRBJ01-02
5a2ccda06ccd65cdc15f510be63cc0b6,CASHPGHHNSPLHF,0.026349869385068683,TCRBV10-02,TCRBJ01-06
5a2ccda06ccd65cdc15f510be63cc0b6,CASSYAPYGYTF,0.026329071213788413,TCRBV28-01,TCRBJ01-02
5a2ccda06ccd65cdc15f510be63cc0b6,CATGGYYGYTF,0.026325152137064732,TCRBV19-01,TCRBJ01-02
5a2ccda06ccd65cdc15f510be63cc0b6,CASSIQGVKAAGANVLTF,0.026321945486422933,TCRBV19-01,TCRBJ02-06
5a2ccda06ccd65cdc15f510be63cc0b6,CASSYYGQNYGYTF,0.026320271273898195,TCRBV06-05,TCRBJ01-02
5a2ccda06ccd65cdc15f510be63cc0b6,CAWAWDRAGANVLTF,0.0262980229500978,TCRBV30-01,TCRBJ02-06
5a2ccda06ccd65cdc15f510be63cc0b6,CASSSANPWHHQPQHF,0.026282937003788788,TCRBV03-01/03-02,TCRBJ01-05
5a2ccda06ccd65cdc15f510be63cc0b6,CASSGGFGTGYGYTF,0.026274054472848484,TCRBV05-01,TCRBJ01-02
5a2ccda06ccd65cdc15f510be63cc0b6,CASSGGWGGYGYTF,0.02621803870103766,TCRBV06-X,TCRBJ01-02
5a2ccda06ccd65cdc15f510be63cc0b6,CASSWGRYYGYTF,0.026183833332170572,TCRBV27-01,TCRBJ01-02
5a2ccda06ccd65cdc15f510be63cc0b6,CASCPGGPNYGYTF,0.02614531997018863,TCRBV12-X,TCRBJ01-02
5a2ccda06ccd65cdc15f510be63cc0b6,CATHGHANYGYTF,0.026098168920848454,TCRBV02-01,TCRBJ01-02
5a2ccda06ccd65cdc15f510be63cc0b6,CASSFSTGGGWGYTF,0.026067597510110764,TCRBV12-X,TCRBJ01-02
5a2ccda06ccd65cdc15f510be63cc0b6,CSAYIIYGYTF,0.026059359145463156,TCRBV20-01,TCRBJ01-02
5a2ccda06ccd65cdc15f510be63cc0b6,CASNPGHPHQPQHF,0.026050766410474265,TCRBV06-05,TCRBJ01-05
5a2ccda06ccd65cdc15f510be63cc0b6,CASSYWGGYTF,0.026047135633000762,TCRBV06-05,TCRBJ01-02
5a2ccda06ccd65cdc15f510be63cc0b6,CASNSWTTRGTGGSYGYTF,0.026022684196758763,TCRBV28-01,TCRBJ01-02
5a2ccda06ccd65cdc15f510be63cc0b6,CASSWWGGGLWGYTF,0.02601492782737448,TCRBV05-04,TCRBJ01-02
5a2ccda06ccd65cdc15f510be63cc0b6,CAWSPGGWFYGYTF,0.0260016814988435,TCRBV30-01,TCRBJ01-02
5a2ccda06ccd65cdc15f510be63cc0b6,CAMYRGHTIYF,0.025957544827508262,TCRBV06-05,TCRBJ01-03
5a2ccda06ccd65cdc15f510be63cc0b6,CAAGGWGAFF,0.02589455620102095,TCRBV19-01,TCRBJ01-01
5a2ccda06ccd65cdc15f510be63cc0b6,CSAYYGYTF,0.02577896877372643,TCRBV20-01,TCRBJ01-02
5a2ccda06ccd65cdc15f510be63cc0b6,CASSEGWGFGYGYTF,0.025765460878669825,TCRBV25-01,TCRBJ01-02
5a2ccda06ccd65cdc15f510be63cc0b6,CASSSGTWGTGGYGYTF,0.02575531279352222,TCRBV05-04,TCRBJ01-02
5a674bb733dc6c9e7957e16e6bea9e5f,CASF,0.037854156182990116,TCRBV12-02,TCRBJ01-03
5a674bb733dc6c9e7957e16e6bea9e5f,CASGLPLVGNTIYF,0.037626477577679375,TCRBV12-05,TCRBJ01-03
5a674bb733dc6c9e7957e16e6bea9e5f,CASRPWIGNTGELFF,0.03558442000753253,TCRBV06-05,TCRBJ02-02
5a674bb733dc6c9e7957e16e6bea9e5f,CASSYRTYSYYGYTF,0.03192531322052645,TCRBV05-06,TCRBJ01-02
5a674bb733dc6c9e7957e16e6bea9e5f,CAWNRGGWNNGYTF,0.031082585988128842,TCRBV30-01,TCRBJ01-02
5a674bb733dc6c9e7957e16e6bea9e5f,VPAYNPF,0.03062924047512738,TCRBV07-03,TCRBJ02-03
5a674bb733dc6c9e7957e16e6bea9e5f,CASSYSYYGYTF,0.030263359061549023,TCRBV06-02/06-03,TCRBJ01-02
5a674bb733dc6c9e7957e16e6bea9e5f,CASSYYRTGYYGYTF,0.030078190854064848,TCRBV06-06,TCRBJ01-02
5a674bb733dc6c9e7957e16e6bea9e5f,CASSFNRGFGANYGYTF,0.030059833756905418,TCRBV11-02,TCRBJ01-02
5a674bb733dc6c9e7957e16e6bea9e5f,CASSYVGYYGYTF,0.029996234744373556,TCRBV06-05,TCRBJ01-02
5a674bb733dc6c9e7957e16e6bea9e5f,CASSLYPGGKIEAFF,0.02961508193661497,TCRBV28-01,TCRBJ01-01
5a674bb733dc6c9e7957e16e6bea9e5f,CASSIWGWGSYGYTF,0.0296144413112519,TCRBV19-01,TCRBJ01-02
5a674bb733dc6c9e7957e16e6bea9e5f,CASSYTGYYGYTF,0.02940653317683606,TCRBV06-06,TCRBJ01-02
5a674bb733dc6c9e7957e16e6bea9e5f,CASSYYSWGNGYTF,0.02927426827686266,TCRBV06-02/06-03,TCRBJ01-02
5a674bb733dc6c9e7957e16e6bea9e5f,CASSFWGGSNYGYTF,0.02923602445219893,TCRBV27-01,TCRBJ01-02
5a674bb733dc6c9e7957e16e6bea9e5f,CASIYGGRIFYYGYTF,0.0289969268348817,TCRBV05-01,TCRBJ01-02
5a674bb733dc6c9e7957e16e6bea9e5f,CSAWGYSHMYGYTF,0.028972483278489322,TCRBV20-X,TCRBJ01-02
5a674bb733dc6c9e7957e16e6bea9e5f,WCV,0.028968237765334543,TCRBV27-01,TCRBJ02-07
5a674bb733dc6c9e7957e16e6bea9e5f,IWKGVGNTIYF,0.028944259942041008,TCRBV27-01,TCRBJ01-03
5a674bb733dc6c9e7957e16e6bea9e5f,CASSAYYYGYTF,0.028775346005374666,TCRBV05-06,TCRBJ01-02
5a674bb733dc6c9e7957e16e6bea9e5f,CASSGGYWGGYGYTF,0.028570753146200795,TCRBV09-01,TCRBJ01-02
5a674bb733dc6c9e7957e16e6bea9e5f,WEGAPNYGYTF,0.02848339564169203,TCRBV03-01/03-02,TCRBJ01-02
5a674bb733dc6c9e7957e16e6bea9e5f,CASSLYHRYHF,0.028433544134746476,TCRBV28-01,TCRBJ01-02
5a674bb733dc6c9e7957e16e6bea9e5f,CASSGGWGTGGVGYGYTF,0.028389391393791843,TCRBV12-X,TCRBJ01-02
5a674bb733dc6c9e7957e16e6bea9e5f,CAPYF,0.028385315951972506,TCRBV10-01,TCRBJ02-05
5a674bb733dc6c9e7957e16e6bea9e5f,CASYAGGYMNYGYTF,0.02828606671952694,TCRBV19-01,TCRBJ01-02
5a674bb733dc6c9e7957e16e6bea9e5f,WMDTLNTEAFF,0.02820272178520014,TCRBV14-01,TCRBJ01-01
5a674bb733dc6c9e7957e16e6bea9e5f,CASSPTHPPWPQHF,0.02817040748267494,TCRBV07-09,TCRBJ01-05
5a674bb733dc6c9e7957e16e6bea9e5f,CASSYAWGSNYGYTF,0.028166507774914196,TCRBV06-06,TCRBJ01-02
5a674bb733dc6c9e7957e16e6bea9e5f,CASSYYPGGTGGGNYPSGNTIYF,0.02805200096103618,TCRBV06-X,TCRBJ01-03
5a674bb733dc6c9e7957e16e6bea9e5f,CASSYVENQPNWWTGFWGGWKTQYF,0.02804304628116324,TCRBV06-09,TCRBJ02-05
5a674bb733dc6c9e7957e16e6bea9e5f,CASSYRGMYYGYTF,0.02802016767504093,TCRBV19-01,TCRBJ01-02
5a674bb733dc6c9e7957e16e6bea9e5f,CASSYSSGYYGYTF,0.02796849780020686,TCRBV06-05,TCRBJ01-02
5a674bb733dc6c9e7957e16e6bea9e5f,CASNNVAPAPTWGGTQYF,0.027894846499019105,TCRBV19-01,TCRBJ02-05
5a674bb733dc6c9e7957e16e6bea9e5f,TQYF,0.02788408084198733,TCRBV27-01,TCRBJ02-07
5a674bb733dc6c9e7957e16e6bea9e5f,HRTGHYGYTF,0.027869223692576422,TCRBV06-04,TCRBJ01-02
5a674bb733dc6c9e7957e16e6bea9e5f,CASSYYGNGGYTF,0.027839900263030296,TCRBV06-05,TCRBJ01-02
5a674bb733dc6c9e7957e16e6bea9e5f,CASSYGVYYGYTF,0.027699569946501554,TCRBV06-05,TCRBJ01-02
5a674bb733dc6c9e7957e16e6bea9e5f,CASGGFGYYGYTF,0.027653854255362174,TCRBV19-01,TCRBJ01-02
5a674bb733dc6c9e7957e16e6bea9e5f,CASSSYGTYYGYTF,0.02764215683020658,TCRBV14-01,TCRBJ01-02
5a674bb733dc6c9e7957e16e6bea9e5f,CASGGGYNYGYTF,0.027634628155337015,TCRBV05-06,TCRBJ01-02
5a674bb733dc6c9e7957e16e6bea9e5f,CSAWGGGGTGASYGYTF,0.027628739557664997,TCRBV20-X,TCRBJ01-02
5a674bb733dc6c9e7957e16e6bea9e5f,CAGKPPS,0.02761616891237516,TCRBV21-01,TCRBJ01-01
5a674bb733dc6c9e7957e16e6bea9e5f,CASSYGSYYGYTF,0.02755420552244958,TCRBV06-06,TCRBJ01-02
5a674bb733dc6c9e7957e16e6bea9e5f,CAWNWGYGYTF,0.02753756538093394,TCRBV30-01,TCRBJ01-02
5a674bb733dc6c9e7957e16e6bea9e5f,CSAIAYTYGYTF,0.027468796671940833,TCRBV20-X,TCRBJ01-02
5a674bb733dc6c9e7957e16e6bea9e5f,CASSYRGHHYGYTF,0.02743562955241717,TCRBV06-02/06-03,TCRBJ01-02
5a674bb733dc6c9e7957e16e6bea9e5f,CATHGHF,0.027333388547475093,TCRBV06-06,TCRBJ01-05
5a674bb733dc6c9e7957e16e6bea9e5f,CAWYGTNGGANYGYTF,0.027273354280688982,TCRBV30-01,TCRBJ01-02
5a674bb733dc6c9e7957e16e6bea9e5f,CASSYGPFYGYTF,0.027071300116850328,TCRBV12-03/12-04,TCRBJ01-02
5a674bb733dc6c9e7957e16e6bea9e5f,CASSYYTGTGGSGGYTF,0.027025920112277224,TCRBV05-06,TCRBJ01-02
5a674bb733dc6c9e7957e16e6bea9e5f,CASSFWGGGLWYGYTF,0.026984792347770188,TCRBV07-06,TCRBJ01-02
5a674bb733dc6c9e7957e16e6bea9e5f,CASSPYYPPYF,0.026941154915054527,TCRBV14-01,TCRBJ02-05
5a674bb733dc6c9e7957e16e6bea9e5f,VYNSPLHF,0.026936297356226404,TCRBV30-01,TCRBJ01-06
5a674bb733dc6c9e7957e16e6bea9e5f,CASSVPYPGVPYF,0.02687357725020941,TCRBV07-02,TCRBJ02-03
5a674bb733dc6c9e7957e16e6bea9e5f,CSVWGGGYGYTF,0.02680739130004056,TCRBV29-01,TCRBJ01-02
5a674bb733dc6c9e7957e16e6bea9e5f,CASSYWTGGTNYGYTF,0.026785048631566753,TCRBV06-05,TCRBJ01-02
5a674bb733dc6c9e7957e16e6bea9e5f,CASMGWGYGYTF,0.02672712210593479,TCRBV02-01,TCRBJ01-02
5a674bb733dc6c9e7957e16e6bea9e5f,CSANRPGPYYYGYTF,0.02664469981150278,TCRBV20-X,TCRBJ01-02
5a674bb733dc6c9e7957e16e6bea9e5f,CASGGYGANYGYTF,0.02663561182627855,TCRBV12-05,TCRBJ01-02
5a674bb733dc6c9e7957e16e6bea9e5f,RASSLSLRGEKRENRVPGGFPLFGYTF,0.026628454842587246,TCRBV07-03,TCRBJ01-02
5a674bb733dc6c9e7957e16e6bea9e5f,CASSHNNNYGYTF,0.02660383378856044,TCRBV03-01/03-02,TCRBJ01-02
5a674bb733dc6c9e7957e16e6bea9e5f,CASMGVPIHGYTF,0.026466815161575768,TCRBV12-05,TCRBJ01-02
5a674bb733dc6c9e7957e16e6bea9e5f,CASSYWGQGPSTYGYTF,0.026458162347001928,TCRBV06-X,TCRBJ01-02
5a674bb733dc6c9e7957e16e6bea9e5f,CATTPHGYYGYTF,0.02643147190865661,TCRBV12-03/12-04,TCRBJ01-02
5a674bb733dc6c9e7957e16e6bea9e5f,CASSHPWIGYTF,0.026420476807189865,TCRBV19-01,TCRBJ01-02
5a674bb733dc6c9e7957e16e6bea9e5f,CASSAAPYYGYTF,0.026367399575367156,TCRBV28-01,TCRBJ01-02
5a674bb733dc6c9e7957e16e6bea9e5f,CASSYGPAWANYGYTF,0.026307731723414877,TCRBV06-05,TCRBJ01-02
5a674bb733dc6c9e7957e16e6bea9e5f,CASSYWAPGGYTF,0.026251152432071694,TCRBV06-05,TCRBJ01-02
5a674bb733dc6c9e7957e16e6bea9e5f,CAWARVPGANVLTF,0.026245911703208846,TCRBV30-01,TCRBJ02-06
5a674bb733dc6c9e7957e16e6bea9e5f,CASSPEGAPPSYEQYF,0.026216819810454192,TCRBV05-01,TCRBJ02-07
5a674bb733dc6c9e7957e16e6bea9e5f,CAWSVGGWYTEAFF,0.026213070660022337,TCRBV30-01,TCRBJ01-01
5a674bb733dc6c9e7957e16e6bea9e5f,CASKVGWVWGYTF,0.026190524383207847,TCRBV10-01,TCRBJ01-02
5a674bb733dc6c9e7957e16e6bea9e5f,CAWTPGPLGPWYF,0.02609960667019358,TCRBV30-01,TCRBJ02-03
5a674bb733dc6c9e7957e16e6bea9e5f,CASYRGYGYTF,0.026010204115542793,TCRBV06-06,TCRBJ01-02
5a674bb733dc6c9e7957e16e6bea9e5f,CASSYHPTGHYGYTF,0.025983304850749456,TCRBV21-01,TCRBJ01-02
5a674bb733dc6c9e7957e16e6bea9e5f,CASSYYRYGGNVHGYTF,0.02597354523107519,TCRBV06-02/06-03,TCRBJ01-02
5a674bb733dc6c9e7957e16e6bea9e5f,CAQHPHGWQPQHF,0.025955444111855415,TCRBV06-05,TCRBJ01-05
5a674bb733dc6c9e7957e16e6bea9e5f,CAWSPWDIHNYTF,0.025917129839535518,TCRBV30-01,TCRBJ01-02
5a674bb733dc6c9e7957e16e6bea9e5f,CASSDPGHWHF,0.02586368985751276,TCRBV19-01,TCRBJ01-05
5a674bb733dc6c9e7957e16e6bea9e5f,CATPFHF,0.025816808379541395,TCRBV02-01,TCRBJ01-06
5a674bb733dc6c9e7957e16e6bea9e5f,YAWRPGNTIYF,0.025794776640464,TCRBV30-01,TCRBJ01-03
5a674bb733dc6c9e7957e16e6bea9e5f,CASSWGGGGNNQPQHF,0.025790551600828396,TCRBV05-08,TCRBJ01-05
5a674bb733dc6c9e7957e16e6bea9e5f,CAWRWGAAGYTF,0.02576511676133214,TCRBV30-01,TCRBJ01-02
5a674bb733dc6c9e7957e16e6bea9e5f,CASSWGGYGYTF,0.025745645516943964,TCRBV25-01,TCRBJ01-02
5a674bb733dc6c9e7957e16e6bea9e5f,CASSYSGYSGYTF,0.025702005123074394,TCRBV06-05,TCRBJ01-02
5a674bb733dc6c9e7957e16e6bea9e5f,CASSYIYGYTF,0.0256752849749253,TCRBV28-01,TCRBJ01-02
5a674bb733dc6c9e7957e16e6bea9e5f,CASSFGGTYNYGYTF,0.02566907687511898,TCRBV07-02,TCRBJ01-02
5a674bb733dc6c9e7957e16e6bea9e5f,CANIPKWQYF,0.02565451802731216,TCRBV06-X,TCRBJ02-07
5a674bb733dc6c9e7957e16e6bea9e5f,CASSGFWTGGYGYTF,0.02563411282141373,TCRBV02-01,TCRBJ01-02
5a674bb733dc6c9e7957e16e6bea9e5f,CTSIRGGVYNYGYTF,0.025607462887148474,TCRBV01-01,TCRBJ01-02
5a674bb733dc6c9e7957e16e6bea9e5f,CASTAPAGANVLTF,0.025575356663964335,TCRBV19-01,TCRBJ02-06
5a674bb733dc6c9e7957e16e6bea9e5f,CAIMHVAHGYTF,0.025564561345395094,TCRBV28-01,TCRBJ01-02
5a674bb733dc6c9e7957e16e6bea9e5f,CAWGLYYGYTF,0.02554649739874744,TCRBV30-01,TCRBJ01-02
5a674bb733dc6c9e7957e16e6bea9e5f,CASSYYSRPYGYTF,0.025520161474976166,TCRBV06-05,TCRBJ01-02
5a674bb733dc6c9e7957e16e6bea9e5f,CASSYWGAAFF,0.02550085717208834,TCRBV06-05,TCRBJ01-01
5a674bb733dc6c9e7957e16e6bea9e5f,CASSYWGGYEQYF,0.02546828492428275,TCRBV06-02/06-03,TCRBJ02-07
5a674bb733dc6c9e7957e16e6bea9e5f,CASSYMHNYGYTF,0.02542883633365009,TCRBV07-09,TCRBJ01-02
5a674bb733dc6c9e7957e16e6bea9e5f,CSAYRGYTLYGYTF,0.025404587138325156,TCRBV20-X,TCRBJ01-02
5dfb29ebe93aeb7d7a8238475165e936,CAWRPWGNYGYTF,0.030714090370997166,TCRBV30-01,TCRBJ01-02
5dfb29ebe93aeb7d7a8238475165e936,CATQQQSWWKFF,0.030528355628786738,TCRBV24-01,TCRBJ02-01
5dfb29ebe93aeb7d7a8238475165e936,WNRDRPKYTF,0.029916333788849774,TCRBV21-01,TCRBJ01-02
5dfb29ebe93aeb7d7a8238475165e936,CASSYGWGPYGYTF,0.029561637678998717,TCRBV06-05,TCRBJ01-02
5dfb29ebe93aeb7d7a8238475165e936,CAWITGYGYGYTF,0.02943994658216309,TCRBV30-01,TCRBJ01-02
5dfb29ebe93aeb7d7a8238475165e936,CASSYRGYYGYTF,0.029339816654641023,TCRBV06-05,TCRBJ01-02
5dfb29ebe93aeb7d7a8238475165e936,CASSYSNGWYYGYTF,0.02930301392241211,TCRBV06-05,TCRBJ01-02
5dfb29ebe93aeb7d7a8238475165e936,CAWIYNYGYTF,0.029037397985478136,TCRBV30-01,TCRBJ01-02
5dfb29ebe93aeb7d7a8238475165e936,CAPWGGWGPFF,0.02900596213731078,TCRBV24-01,TCRBJ01-04
5dfb29ebe93aeb7d7a8238475165e936,CASSYYRGSWNYGYTF,0.028987538586801316,TCRBV14-01,TCRBJ01-02
5dfb29ebe93aeb7d7a8238475165e936,CASSYGAYYGYTF,0.02894180576169021,TCRBV06-05,TCRBJ01-02
5dfb29ebe93aeb7d7a8238475165e936,CASSYWSRGGWRGYTF,0.028412485326505744,TCRBV06-06,TCRBJ01-02
5dfb29ebe93aeb7d7a8238475165e936,CASSYGYYGYTF,0.02834084690942841,TCRBV06-05,TCRBJ01-02
5dfb29ebe93aeb7d7a8238475165e936,CASSHGPYYGYTF,0.027531004295715263,TCRBV07-X,TCRBJ01-02
5dfb29ebe93aeb7d7a8238475165e936,CASSPWGGYYSGNTIYF,0.027530742586048443,TCRBV12-X,TCRBJ01-03
5dfb29ebe93aeb7d7a8238475165e936,CAWWRRGYTF,0.027511421050175903,TCRBV30-01,TCRBJ01-02
5dfb29ebe93aeb7d7a8238475165e936,CAACPGAGANVLTF,0.027465413249504713,TCRBV30-01,TCRBJ02-06
5dfb29ebe93aeb7d7a8238475165e936,CSGYNYGYTF,0.02744586261514402,TCRBV29-01,TCRBJ01-02
5dfb29ebe93aeb7d7a8238475165e936,CASMGTEGWWTEAFF,0.027438412934618454,TCRBV19-01,TCRBJ01-01
5dfb29ebe93aeb7d7a8238475165e936,CASWGGYGYTF,0.027387826882998356,TCRBV05-05,TCRBJ01-02
5dfb29ebe93aeb7d7a8238475165e936,CASGGYNYGYTF,0.02732261488660136,TCRBV19-01,TCRBJ01-02
5dfb29ebe93aeb7d7a8238475165e936,CASSTWGTGGYYGYTF,0.02715830424178936,TCRBV19-01,TCRBJ01-02
5dfb29ebe93aeb7d7a8238475165e936,CASSYGGWGYTF,0.027119344152088276,TCRBV06-02/06-03,TCRBJ01-02
5dfb29ebe93aeb7d7a8238475165e936,CTSSHPGYSHQDHHHNTQYF,0.026883807622655038,TCRBV01-01,TCRBJ02-03
5dfb29ebe93aeb7d7a8238475165e936,CAWSVWAAGANVLTF,0.026879348323697087,TCRBV30-01,TCRBJ02-06
5dfb29ebe93aeb7d7a8238475165e936,CTYTF,0.026599839434856453,TCRBV01-01,TCRBJ01-02
5dfb29ebe93aeb7d7a8238475165e936,CASSIGYGFYYGYTF,0.026519354605954244,TCRBV19-01,TCRBJ01-02
5dfb29ebe93aeb7d7a8238475165e936,CASSYSYTGPYGYTF,0.026413822102986522,TCRBV06-05,TCRBJ01-02
5dfb29ebe93aeb7d7a8238475165e936,CAWSATWMRVAGANVLTF,0.026369249626089653,TCRBV30-01,TCRBJ02-06
5dfb29ebe93aeb7d7a8238475165e936,CASSYSGGYYYEQYF,0.026335755580344157,TCRBV06-05,TCRBJ02-07
5dfb29ebe93aeb7d7a8238475165e936,CASSFWGGSYGYTF,0.026283510564288334,TCRBV05-06,TCRBJ01-02
5dfb29ebe93aeb7d7a8238475165e936,CASSSWGGYGYTF,0.026211915892900204,TCRBV12-03/12-04,TCRBJ01-02
5dfb29ebe93aeb7d7a8238475165e936,CPPPPLRGRRGGGELFF,0.02615708272203937,TCRBV28-01,TCRBJ02-02
5dfb29ebe93aeb7d7a8238475165e936,CASSWGHGYGYTF,0.026123273186584795,TCRBV28-01,TCRBJ01-02
5dfb29ebe93aeb7d7a8238475165e936,CASSWVWVNLAGGVDTQYF,0.026067835091000427,TCRBV28-01,TCRBJ02-03
5dfb29ebe93aeb7d7a8238475165e936,CASSPGHPHYGYTF,0.02597863800723116,TCRBV27-01,TCRBJ01-02
5dfb29ebe93aeb7d7a8238475165e936,CAWNPGWDYGYTF,0.025953780534815153,TCRBV30-01,TCRBJ01-02
5dfb29ebe93aeb7d7a8238475165e936,CSVEGTWIWEWVEKLFF,0.025932988554021392,TCRBV29-01,TCRBJ01-04
5dfb29ebe93aeb7d7a8238475165e936,CAWGGPNPHQPQHF,0.02591714789648188,TCRBV30-01,TCRBJ01-05
5dfb29ebe93aeb7d7a8238475165e936,RQPQHF,0.025905518749960534,TCRBV09-01,TCRBJ01-05
5dfb29ebe93aeb7d7a8238475165e936,CASSPPPRHSPLHF,0.025881906012730424,TCRBV28-01,TCRBJ01-06
5dfb29ebe93aeb7d7a8238475165e936,CASKYGVWYGYTF,0.02573004925223743,TCRBV06-X,TCRBJ01-02
5dfb29ebe93aeb7d7a8238475165e936,CASSHHRGYNYGYTF,0.02571774314535526,TCRBV16-01,TCRBJ01-02
5dfb29ebe93aeb7d7a8238475165e936,CAWIKGWNGYTF,0.02571430389797037,TCRBV30-01,TCRBJ01-02
5dfb29ebe93aeb7d7a8238475165e936,CASIKKGALHF,0.02566447392554614,TCRBV23-01,TCRBJ01-06
5dfb29ebe93aeb7d7a8238475165e936,CASSHKQGAVAGANVLTF,0.025658602158013362,TCRBV03-01/03-02,TCRBJ02-06
5dfb29ebe93aeb7d7a8238475165e936,CASSYYRGGFWFF,0.025646670406287587,TCRBV06-02/06-03,TCRBJ02-01
5dfb29ebe93aeb7d7a8238475165e936,CAWVTVYGYTF,0.025635713271487927,TCRBV30-01,TCRBJ01-02
5dfb29ebe93aeb7d7a8238475165e936,CASSKNPPTHPHF,0.025612564609815876,TCRBV19-01,TCRBJ01-05
5dfb29ebe93aeb7d7a8238475165e936,CAWSHVYGYTF,0.025592010559437505,TCRBV30-01,TCRBJ01-02
5dfb29ebe93aeb7d7a8238475165e936,CASSIPWGYGYTF,0.025537955124053886,TCRBV19-01,TCRBJ01-02
5dfb29ebe93aeb7d7a8238475165e936,CASSGWTGYYGYTF,0.02549514329122409,TCRBV28-01,TCRBJ01-02
5dfb29ebe93aeb7d7a8238475165e936,CASSYGWGYTF,0.025494780476716813,TCRBV06-02/06-03,TCRBJ01-02
5dfb29ebe93aeb7d7a8238475165e936,CAWIWASGGYGYTF,0.025490718778371273,TCRBV30-01,TCRBJ01-02
5dfb29ebe93aeb7d7a8238475165e936,CASSFSGGWGPYTQYF,0.02547775458398891,TCRBV09-01,TCRBJ02-03
5dfb29ebe93aeb7d7a8238475165e936,CASTWKRGWGYTF,0.025474868933885765,TCRBV06-X,TCRBJ01-02
5dfb29ebe93aeb7d7a8238475165e936,CAWSWGAGGYTF,0.025470444888573668,TCRBV30-01,TCRBJ01-02
5dfb29ebe93aeb7d7a8238475165e936,CSAPGAGTANPYGYTF,0.025468889992182605,TCRBV20-X,TCRBJ01-02
5dfb29ebe93aeb7d7a8238475165e936,CASTPQYYYGYTF,0.02545722456112293,TCRBV02-01,TCRBJ01-02
5dfb29ebe93aeb7d7a8238475165e936,CASSFWGQSYYQPQHF,0.02544304876053277,TCRBV07-02,TCRBJ01-05
5dfb29ebe93aeb7d7a8238475165e936,CASSYYDYGYTF,0.025377789251781805,TCRBV07-09,TCRBJ01-02
5dfb29ebe93aeb7d7a8238475165e936,CAWSAPWVGANVLTF,0.02537604969862352,TCRBV30-01,TCRBJ02-06
5dfb29ebe93aeb7d7a8238475165e936,CASSHAPTHGYTF,0.025325657560123258,TCRBV04-01,TCRBJ01-02
5dfb29ebe93aeb7d7a8238475165e936,CAWSVHRYRFF,0.025295153410357957,TCRBV30-01,TCRBJ02-01
5dfb29ebe93aeb7d7a8238475165e936,CASSYHPGWGGNTIYF,0.025241529835718382,TCRBV06-06,TCRBJ01-03
5dfb29ebe93aeb7d7a8238475165e936,CASAWWGSNYGYTF,0.025222004399880198,TCRBV28-01,TCRBJ01-02
5dfb29ebe93aeb7d7a8238475165e936,CAWTWGGVTEAFF,0.02521653598838907,TCRBV30-01,TCRBJ01-01
5dfb29ebe93aeb7d7a8238475165e936,CASSYSPYGYTF,0.02520917772837959,TCRBV06-06,TCRBJ01-02
5dfb29ebe93aeb7d7a8238475165e936,CASSWGAVVNVLTF,0.025132730733235784,TCRBV05-01,TCRBJ02-06
5dfb29ebe93aeb7d7a8238475165e936,CALWAHEAFF,0.025110012879786776,TCRBV30-01,TCRBJ01-01
5dfb29ebe93aeb7d7a8238475165e936,CASMPGAPHYGYTF,0.025054843923174457,TCRBV28-01,TCRBJ01-02
5dfb29ebe93aeb7d7a8238475165e936,CASSYSGTYYGYTF,0.025051540542743545,TCRBV06-05,TCRBJ01-02
5dfb29ebe93aeb7d7a8238475165e936,PLHF,0.025051012099485466,TCRBV10-01,TCRBJ01-06
5dfb29ebe93aeb7d7a8238475165e936,CSAPPPGANVLTF,0.025032584523855872,TCRBV20-X,TCRBJ02-06
5dfb29ebe93aeb7d7a8238475165e936,CAWTWKEAFF,0.02496939129088818,TCRBV30-01,TCRBJ01-01
5dfb29ebe93aeb7d7a8238475165e936,CASMWNGQGNGQPQHF,0.024953822495514543,TCRBV28-01,TCRBJ01-05
5dfb29ebe93aeb7d7a8238475165e936,CSGTGGYNYGYTF,0.024927405354871573,TCRBV29-01,TCRBJ01-02
5dfb29ebe93aeb7d7a8238475165e936,CATVWWPQHF,0.02492600155243782,TCRBV24-01,TCRBJ01-05
5dfb29ebe93aeb7d7a8238475165e936,CASSYRGYGYTF,0.024885473752379907,TCRBV06-02/06-03,TCRBJ01-02
5dfb29ebe93aeb7d7a8238475165e936,CASSYIGMYGYTF,0.02486988367142693,TCRBV06-05,TCRBJ01-02
5dfb29ebe93aeb7d7a8238475165e936,CATLPPGHWTGYTF,0.024862979478532107,TCRBV28-01,TCRBJ01-02
5dfb29ebe93aeb7d7a8238475165e936,CASSSSGGKTCF,0.024849503114533766,TCRBV07-08,TCRBJ02-07
5dfb29ebe93aeb7d7a8238475165e936,CSAHPGWGGGYDTQYF,0.0248489571598325,TCRBV20-X,TCRBJ02-03
5dfb29ebe93aeb7d7a8238475165e936,VRYGYTF,0.02484304484373978,TCRBV07-X,TCRBJ01-02
5dfb29ebe93aeb7d7a8238475165e936,CASSFPGTGVPWGTGELFF,0.02476816656316606,TCRBV04-01,TCRBJ02-02
5dfb29ebe93aeb7d7a8238475165e936,CASSAPAGGGSCGYTF,0.024734583973806037,TCRBV11-03,TCRBJ01-02
5dfb29ebe93aeb7d7a8238475165e936,CASSYWRTGNNYGYTF,0.024727026427078587,TCRBV06-05,TCRBJ01-02
5dfb29ebe93aeb7d7a8238475165e936,CASSYTSGGYHGYTF,0.024726007329666195,TCRBV06-02/06-03,TCRBJ01-02
5dfb29ebe93aeb7d7a8238475165e936,LGVRYF,0.02472025573079768,TCRBV13-01,TCRBJ01-03
5dfb29ebe93aeb7d7a8238475165e936,CAIWGGPGANVLTF,0.024708354265288945,TCRBV10-03,TCRBJ02-06
5dfb29ebe93aeb7d7a8238475165e936,CASSLGTAIKAFF,0.024708236485364538,TCRBV03-01/03-02,TCRBJ01-01
5dfb29ebe93aeb7d7a8238475165e936,CASWWNTEAFF,0.024667633621206435,TCRBV28-01,TCRBJ01-01
5dfb29ebe93aeb7d7a8238475165e936,CASCAPEAFF,0.024662398495192007,TCRBV09-01,TCRBJ01-01
5dfb29ebe93aeb7d7a8238475165e936,CASIPWGGKGVTEAFF,0.024658874607841958,TCRBV28-01,TCRBJ01-01
5dfb29ebe93aeb7d7a8238475165e936,CATSDAAPDRDKDGYTF,0.024627697132354145,TCRBV24-01,TCRBJ01-02
5dfb29ebe93aeb7d7a8238475165e936,QPQHF,0.024621353740319585,TCRBV11-X,TCRBJ01-05
5dfb29ebe93aeb7d7a8238475165e936,CASSPGGAWWGYTF,0.02461132581318859,TCRBV02-01,TCRBJ01-02
5dfb29ebe93aeb7d7a8238475165e936,CASYVGGPVYGYTF,0.024609316985653214,TCRBV28-01,TCRBJ01-02
5dfb29ebe93aeb7d7a8238475165e936,CASSYWNRGGDRGYTF,0.02460360614982807,TCRBV06-05,TCRBJ01-02
6294f74d6f4c03055cf0a6ce6ac6012e,FF,0.04636419028842517,TCRBV30-01,TCRBJ01-01
6294f74d6f4c03055cf0a6ce6ac6012e,YF,0.043498104297022874,TCRBV10-01,TCRBJ02-03
6294f74d6f4c03055cf0a6ce6ac6012e,CASSLPIWGNTEAFF,0.03449759617802412,TCRBV11-02,TCRBJ01-01
6294f74d6f4c03055cf0a6ce6ac6012e,CASSFWGGYYGYTF,0.0329822279021831,TCRBV05-06,TCRBJ01-02
6294f74d6f4c03055cf0a6ce6ac6012e,CASSCYGGPCGYTF,0.03191090341301492,TCRBV28-01,TCRBJ01-02
6294f74d6f4c03055cf0a6ce6ac6012e,CAWGAWGNYGYTF,0.031439566431616,TCRBV30-01,TCRBJ01-02
6294f74d6f4c03055cf0a6ce6ac6012e,CASSMGLPAFGNTGELFF,0.03096771291517261,TCRBV06-X,TCRBJ02-02
6294f74d6f4c03055cf0a6ce6ac6012e,CASSYGPYYGYTF,0.03066664097137178,TCRBV06-02/06-03,TCRBJ01-02
6294f74d6f4c03055cf0a6ce6ac6012e,CASSSYSGPGGGWNGYTF,0.030592859902801896,TCRBV05-01,TCRBJ01-02
6294f74d6f4c03055cf0a6ce6ac6012e,CASSGGWGANYGYTF,0.030561182860808334,TCRBV27-01,TCRBJ01-02
6294f74d6f4c03055cf0a6ce6ac6012e,CSSYNGPYYGYTF,0.030138278401266896,TCRBV29-01,TCRBJ01-02
6294f74d6f4c03055cf0a6ce6ac6012e,CASSYVWGYGYTF,0.030019904629066632,TCRBV06-06,TCRBJ01-02
6294f74d6f4c03055cf0a6ce6ac6012e,CAWSAYVYGYTF,0.02990093715767631,TCRBV30-01,TCRBJ01-02
6294f74d6f4c03055cf0a6ce6ac6012e,WAKGGIRYGYTF,0.02950596901178477,TCRBV19-01,TCRBJ01-02
6294f74d6f4c03055cf0a6ce6ac6012e,CAGGQGAPGANVLTF,0.02942924279799298,TCRBV02-01,TCRBJ02-06
6294f74d6f4c03055cf0a6ce6ac6012e,CASNAAGAPASGANVLTF,0.028911220003773313,TCRBV27-01,TCRBJ02-06
6294f74d6f4c03055cf0a6ce6ac6012e,WGKTGNTIYF,0.028680491356605015,TCRBV06-05,TCRBJ01-03
6294f74d6f4c03055cf0a6ce6ac6012e,CASSCYGGSCGYTF,0.028534230790758223,TCRBV28-01,TCRBJ01-02
6294f74d6f4c03055cf0a6ce6ac6012e,CASSWGGNSNYGYTF,0.027973482666364638,TCRBV28-01,TCRBJ01-02
6294f74d6f4c03055cf0a6ce6ac6012e,CASSYSTGYYGYTF,0.027645729643180673,TCRBV27-01,TCRBJ01-02
6294f74d6f4c03055cf0a6ce6ac6012e,CAWSYAGGYGYTF,0.027556920730495923,TCRBV30-01,TCRBJ01-02
6294f74d6f4c03055cf0a6ce6ac6012e,CAWSWGGGYYEQYF,0.02736269158918952,TCRBV30-01,TCRBJ02-07
6294f74d6f4c03055cf0a6ce6ac6012e,CASSYSWDPAWGYTF,0.02732827371259986,TCRBV06-05,TCRBJ01-02
6294f74d6f4c03055cf0a6ce6ac6012e,CARSPPAGKTKKGLWEKLFF,0.02731115814344377,TCRBV05-03,TCRBJ01-04
6294f74d6f4c03055cf0a6ce6ac6012e,CASNPFPGAGANVLTF,0.027202767793760123,TCRBV06-X,TCRBJ02-06
6294f74d6f4c03055cf0a6ce6ac6012e,CACIWGSWGTVNTEAFF,0.02698758760729431,TCRBV06-X,TCRBJ01-01
6294f74d6f4c03055cf0a6ce6ac6012e,RVYGYTF,0.02698467966683897,TCRBV15-01,TCRBJ01-02
6294f74d6f4c03055cf0a6ce6ac6012e,CASSVGGGPTANANYGYTF,0.02691586088300083,TCRBV09-01,TCRBJ01-02
6294f74d6f4c03055cf0a6ce6ac6012e,CASSHIITGGWKAFF,0.026880821683818102,TCRBV27-01,TCRBJ01-01
6294f74d6f4c03055cf0a6ce6ac6012e,CASSYYRTGYGYTF,0.026875229568450603,TCRBV06-02/06-03,TCRBJ01-02
6294f74d6f4c03055cf0a6ce6ac6012e,CAWSYWGNIYGYTF,0.02685489422525872,TCRBV30-01,TCRBJ01-02
6294f74d6f4c03055cf0a6ce6ac6012e,CAWSSFFSVAFF,0.02670319307715147,TCRBV30-01,TCRBJ01-01
6294f74d6f4c03055cf0a6ce6ac6012e,CAWTTPGGANYEQYF,0.02666836744443767,TCRBV30-01,TCRBJ02-07
6294f74d6f4c03055cf0a6ce6ac6012e,CAWAVRTGANVLTF,0.026635806537204987,TCRBV30-01,TCRBJ02-06
6294f74d6f4c03055cf0a6ce6ac6012e,CAWSGYGGHYF,0.026622947772962098,TCRBV30-01,TCRBJ02-07
6294f74d6f4c03055cf0a6ce6ac6012e,CASRYGWGNYGYTF,0.026608961862739807,TCRBV27-01,TCRBJ01-02
6294f74d6f4c03055cf0a6ce6ac6012e,CAINPGWGYGYTF,0.02657360973822523,TCRBV10-03,TCRBJ01-02
6294f74d6f4c03055cf0a6ce6ac6012e,CASIGAGAAGANVLTF,0.026543887287873765,TCRBV28-01,TCRBJ02-06
6294f74d6f4c03055cf0a6ce6ac6012e,CASRHWTGVHYYGYTF,0.026534809655978254,TCRBV11-02,TCRBJ01-02
6294f74d6f4c03055cf0a6ce6ac6012e,CASAPAGANVLTF,0.026533730396345528,TCRBV10-01,TCRBJ02-06
6294f74d6f4c03055cf0a6ce6ac6012e,CSAFYRGYGYTF,0.026504691107940626,TCRBV20-X,TCRBJ01-02
6294f74d6f4c03055cf0a6ce6ac6012e,CASGYYTGGYYNEQFF,0.02649539744128834,TCRBV27-01,TCRBJ02-01
6294f74d6f4c03055cf0a6ce6ac6012e,WFEETQYF,0.026441122741332233,TCRBV10-01,TCRBJ02-05
6294f74d6f4c03055cf0a6ce6ac6012e,CAWVAVYGYTF,0.0263855780865589,TCRBV30-01,TCRBJ01-02
6294f74d6f4c03055cf0a6ce6ac6012e,CASSFIHGHLYYGYTF,0.026294892766822633,TCRBV07-02,TCRBJ01-02
6294f74d6f4c03055cf0a6ce6ac6012e,CASSSNWGGSSGNTIYF,0.026178212129096462,TCRBV07-02,TCRBJ01-03
6294f74d6f4c03055cf0a6ce6ac6012e,AKNIQYF,0.026134715290991713,TCRBV25-01,TCRBJ02-04
6294f74d6f4c03055cf0a6ce6ac6012e,CAWSWGAAGYTF,0.0261173841634365,TCRBV30-01,TCRBJ01-02
6294f74d6f4c03055cf0a6ce6ac6012e,CAWRGLGQGFKKAFF,0.02606986747733872,TCRBV30-01,TCRBJ01-01
6294f74d6f4c03055cf0a6ce6ac6012e,CASSWAAGAGAFF,0.025987287547271035,TCRBV27-01,TCRBJ01-01
6294f74d6f4c03055cf0a6ce6ac6012e,CAWSVWWMNTEAFF,0.025925131770991247,TCRBV30-01,TCRBJ01-01
6294f74d6f4c03055cf0a6ce6ac6012e,CASSFGPWYGYTF,0.025906770181272396,TCRBV07-09,TCRBJ01-02
6294f74d6f4c03055cf0a6ce6ac6012e,CASNGHYNTNYGYTF,0.02584813654399214,TCRBV19-01,TCRBJ01-02
6294f74d6f4c03055cf0a6ce6ac6012e,CASSYYRDRNYGYTF,0.025814691770473575,TCRBV06-05,TCRBJ01-02
6294f74d6f4c03055cf0a6ce6ac6012e,RGMPQHF,0.02576186133349096,TCRBV28-01,TCRBJ01-05
6294f74d6f4c03055cf0a6ce6ac6012e,CAWMAVYGYTF,0.025702257371055023,TCRBV30-01,TCRBJ01-02
6294f74d6f4c03055cf0a6ce6ac6012e,CAWSPGFGYGYTF,0.025690428192030088,TCRBV30-01,TCRBJ01-02
6294f74d6f4c03055cf0a6ce6ac6012e,CAWAYHRYGYTF,0.025641197225590995,TCRBV30-01,TCRBJ01-02
6294f74d6f4c03055cf0a6ce6ac6012e,CATHHPGYRYTF,0.02558726651192096,TCRBV10-03,TCRBJ01-02
6294f74d6f4c03055cf0a6ce6ac6012e,CATSDPWQGYGAFF,0.025572443911537974,TCRBV24-01,TCRBJ01-01
6294f74d6f4c03055cf0a6ce6ac6012e,CASSYRGWGGYTF,0.025564291110970395,TCRBV06-05,TCRBJ01-02
6294f74d6f4c03055cf0a6ce6ac6012e,CASIYRVIYGYTF,0.025551976125309905,TCRBV06-08,TCRBJ01-02
6294f74d6f4c03055cf0a6ce6ac6012e,CASGHIYGYTF,0.02549688487085143,TCRBV28-01,TCRBJ01-02
6294f74d6f4c03055cf0a6ce6ac6012e,CASSQDWWGAFF,0.025489677912292202,TCRBV03-01/03-02,TCRBJ01-01
6294f74d6f4c03055cf0a6ce6ac6012e,CASSFSNPYNYGYTF,0.025393906277560326,TCRBV07-09,TCRBJ01-02
6294f74d6f4c03055cf0a6ce6ac6012e,CASSYYDYGYTF,0.02537779220027558,TCRBV12-03/12-04,TCRBJ01-02
6294f74d6f4c03055cf0a6ce6ac6012e,CASINHRGGPNYGYTF,0.025357676498000123,TCRBV07-09,TCRBJ01-02
6294f74d6f4c03055cf0a6ce6ac6012e,WGEAFF,0.025264733488715517,TCRBV19-01,TCRBJ01-01
6294f74d6f4c03055cf0a6ce6ac6012e,CASSYVPAYGYTF,0.025238176084423584,TCRBV06-02/06-03,TCRBJ01-02
6294f74d6f4c03055cf0a6ce6ac6012e,CSVGGYFNYGYTF,0.02523143030290074,TCRBV29-01,TCRBJ01-02
6294f74d6f4c03055cf0a6ce6ac6012e,CAPWGFMWEQYF,0.025193849735901552,TCRBV23-01,TCRBJ02-07
6294f74d6f4c03055cf0a6ce6ac6012e,CATAHARRYTF,0.025191198861867135,TCRBV24-01,TCRBJ01-02
6294f74d6f4c03055cf0a6ce6ac6012e,CASSPFGGTTNYGYTF,0.025189681062411498,TCRBV07-02,TCRBJ01-02
6294f74d6f4c03055cf0a6ce6ac6012e,CASSYPPHQPQHF,0.025149432638662778,TCRBV06-02/06-03,TCRBJ01-05
6294f74d6f4c03055cf0a6ce6ac6012e,CSARGNGNGRVYGYTF,0.0251398919601588,TCRBV20-X,TCRBJ01-02
6294f74d6f4c03055cf0a6ce6ac6012e,CSYVRDRVYF,0.025120392030717715,TCRBV20-01,TCRBJ02-07
6294f74d6f4c03055cf0a6ce6ac6012e,CASSSDWKAFF,0.025117507865381104,TCRBV28-01,TCRBJ01-01
6294f74d6f4c03055cf0a6ce6ac6012e,CASAHPGANVLTF,0.02511506329163625,TCRBV28-01,TCRBJ02-06
6294f74d6f4c03055cf0a6ce6ac6012e,CASSYYAGYGYTF,0.02508701618421237,TCRBV06-02/06-03,TCRBJ01-02
6294f74d6f4c03055cf0a6ce6ac6012e,CASTPGGGAYYGYTF,0.02504345785868961,TCRBV19-01,TCRBJ01-02
6294f74d6f4c03055cf0a6ce6ac6012e,CASSFISMWASGGSDTQYF,0.025036151716058896,TCRBV12-01,TCRBJ02-03
6294f74d6f4c03055cf0a6ce6ac6012e,CASRPPGPHQPQHF,0.02502951236376098,TCRBV06-05,TCRBJ01-05
6294f74d6f4c03055cf0a6ce6ac6012e,CSARGSGGWYNYGYTF,0.025015837564366865,TCRBV20-X,TCRBJ01-02
6294f74d6f4c03055cf0a6ce6ac6012e,CASSHYRAFF,0.025014497232639182,TCRBV12-03/12-04,TCRBJ01-01
6294f74d6f4c03055cf0a6ce6ac6012e,CAAHGPEGQPQHF,0.02499310937036157,TCRBV30-01,TCRBJ01-05
6294f74d6f4c03055cf0a6ce6ac6012e,CASSHSYPYGYTF,0.024978996668718816,TCRBV03-01/03-02,TCRBJ01-02
6294f74d6f4c03055cf0a6ce6ac6012e,CASSYSQGPWNYGYTF,0.024952099658469847,TCRBV06-02/06-03,TCRBJ01-02
6294f74d6f4c03055cf0a6ce6ac6012e,CASIPKTGFWVNTIYF,0.024946625924492042,TCRBV07-09,TCRBJ01-03
6294f74d6f4c03055cf0a6ce6ac6012e,CASSPNNRGGYF,0.024940122764882132,TCRBV28-01,TCRBJ02-07
6294f74d6f4c03055cf0a6ce6ac6012e,CAWTGGYGYGYTF,0.024910572048103534,TCRBV30-01,TCRBJ01-02
6294f74d6f4c03055cf0a6ce6ac6012e,CASSYYRGGGNTIYF,0.024880931084883574,TCRBV06-05,TCRBJ01-03
6294f74d6f4c03055cf0a6ce6ac6012e,CASYGVYGYTF,0.02486685120425678,TCRBV09-01,TCRBJ01-02
6294f74d6f4c03055cf0a6ce6ac6012e,CASSIWGKGYGYTF,0.024831499996608802,TCRBV19-01,TCRBJ01-02
6294f74d6f4c03055cf0a6ce6ac6012e,CAWRYGTGLYYGYTF,0.02483021836040683,TCRBV30-01,TCRBJ01-02
6294f74d6f4c03055cf0a6ce6ac6012e,CATWGAGGKMNTEAFF,0.024827347902411555,TCRBV28-01,TCRBJ01-01
6294f74d6f4c03055cf0a6ce6ac6012e,CASSSWPNGYTF,0.024820238814133134,TCRBV06-02,TCRBJ01-02
6294f74d6f4c03055cf0a6ce6ac6012e,CASSFPGGPNYGYTF,0.02480720607152859,TCRBV12-01,TCRBJ01-02
6294f74d6f4c03055cf0a6ce6ac6012e,CASSSTSGTGGNWGYGYTF,0.02479638802202678,TCRBV27-01,TCRBJ01-02
6294f74d6f4c03055cf0a6ce6ac6012e,CAWIRDIYNYGYTF,0.024775297119060263,TCRBV30-01,TCRBJ01-02
6294f74d6f4c03055cf0a6ce6ac6012e,CAWSAEDYWNTEAFF,0.024751282671342256,TCRBV30-01,TCRBJ01-01
6986ad061ac0211e6a51881efb1d9f5d,CASSSAYYNNYGYTF,0.034559427564168334,TCRBV07-02,TCRBJ01-02
6986ad061ac0211e6a51881efb1d9f5d,CASSYWGPHYGYTF,0.033837794264016896,TCRBV06-05,TCRBJ01-02
6986ad061ac0211e6a51881efb1d9f5d,CASSYWDWNYGYTF,0.033209453073491234,TCRBV06-05,TCRBJ01-02
6986ad061ac0211e6a51881efb1d9f5d,WPQHF,0.032980836358706155,TCRBV07-09,TCRBJ01-05
6986ad061ac0211e6a51881efb1d9f5d,TPLHF,0.03124671171432082,TCRBV11-03,TCRBJ01-06
6986ad061ac0211e6a51881efb1d9f5d,CASSYSWDNPVGAFF,0.030357038451236638,TCRBV06-06,TCRBJ01-01
6986ad061ac0211e6a51881efb1d9f5d,CASSRYYPIWHHQPQHF,0.029763320230057098,TCRBV03-01/03-02,TCRBJ01-05
6986ad061ac0211e6a51881efb1d9f5d,CASSWGWGGYYQETQYF,0.029700502843510536,TCRBV05-04,TCRBJ02-05
6986ad061ac0211e6a51881efb1d9f5d,CASSYTYTRVFSYGYTF,0.029692351678803165,TCRBV06-X,TCRBJ01-02
6986ad061ac0211e6a51881efb1d9f5d,CASSRARRTGRWW,0.029557175106612106,TCRBV14-01,TCRBJ02-07
6986ad061ac0211e6a51881efb1d9f5d,CASSFWDKTTEAFF,0.02946221763813603,TCRBV12-X,TCRBJ01-01
6986ad061ac0211e6a51881efb1d9f5d,CAISGGGWGGLLSNNTNAGNTIYF,0.029367246781718287,TCRBV10-03,TCRBJ01-03
6986ad061ac0211e6a51881efb1d9f5d,CASSYRGYYGYTF,0.02933977931009988,TCRBV07-09,TCRBJ01-02
6986ad061ac0211e6a51881efb1d9f5d,CAFF,0.029154795891445994,TCRBV10-03,TCRBJ01-04
6986ad061ac0211e6a51881efb1d9f5d,CASSFYIGYYGYTF,0.02904881584606921,TCRBV05-01,TCRBJ01-02
6986ad061ac0211e6a51881efb1d9f5d,CASSHGGWAPYGYTF,0.028398254439774506,TCRBV05-06,TCRBJ01-02
6986ad061ac0211e6a51881efb1d9f5d,CASSYGYYGYTF,0.028340804233801975,TCRBV12-03/12-04,TCRBJ01-02
6986ad061ac0211e6a51881efb1d9f5d,CANCLPPQHF,0.02822922766244634,TCRBV21-01,TCRBJ01-05
6986ad061ac0211e6a51881efb1d9f5d,CASSYWSGGAYGYTF,0.02765068265639588,TCRBV06-02/06-03,TCRBJ01-02
6986ad061ac0211e6a51881efb1d9f5d,CASNPWGSGANVLTF,0.02754606624786817,TCRBV05-04,TCRBJ02-06
6986ad061ac0211e6a51881efb1d9f5d,CASSFWGSNNYSSGNTIYF,0.027526043394025715,TCRBV07-03,TCRBJ01-03
6986ad061ac0211e6a51881efb1d9f5d,CASYHAPNYGYTF,0.02748914395621612,TCRBV28-01,TCRBJ01-02
6986ad061ac0211e6a51881efb1d9f5d,CSGYHSYGYTF,0.0274580570966902,TCRBV20-01,TCRBJ01-02
6986ad061ac0211e6a51881efb1d9f5d,CASIKHPYHGYTF,0.0274234224940355,TCRBV12-03/12-04,TCRBJ01-02
6986ad061ac0211e6a51881efb1d9f5d,CANGDIYYYGYTF,0.027361365459821187,TCRBV07-09,TCRBJ01-02
6986ad061ac0211e6a51881efb1d9f5d,CASSLGEAVKAFF,0.027313425682076595,TCRBV07-02,TCRBJ01-01
6986ad061ac0211e6a51881efb1d9f5d,CASHHGPQHF,0.027251997704041228,TCRBV19-01,TCRBJ01-05
6986ad061ac0211e6a51881efb1d9f5d,CHWASPLHF,0.027217846152824427,TCRBV07-09,TCRBJ01-06
6986ad061ac0211e6a51881efb1d9f5d,CASSYSYSNYGYTF,0.027002113088375166,TCRBV06-05,TCRBJ01-02
6986ad061ac0211e6a51881efb1d9f5d,CASSPRKDRGWWEQYF,0.02699820151391562,TCRBV19-01,TCRBJ02-07
6986ad061ac0211e6a51881efb1d9f5d,CASKWRWGYGYTF,0.02696580893742885,TCRBV06-05,TCRBJ01-02
6986ad061ac0211e6a51881efb1d9f5d,CAWGGYRGYTF,0.0268743659860283,TCRBV30-01,TCRBJ01-02
6986ad061ac0211e6a51881efb1d9f5d,CATSPWGWGGPYEQYF,0.026862065205164428,TCRBV24-01,TCRBJ02-07
6986ad061ac0211e6a51881efb1d9f5d,CASSYYSSPYGYTF,0.026727619815386173,TCRBV06-05,TCRBJ01-02
6986ad061ac0211e6a51881efb1d9f5d,CASGLKAAGANVLTF,0.026637540452698876,TCRBV28-01,TCRBJ02-06
6986ad061ac0211e6a51881efb1d9f5d,CASSYKSYYGYTF,0.026573367673503084,TCRBV06-09,TCRBJ01-02
6986ad061ac0211e6a51881efb1d9f5d,CASSWGAGANYGYTF,0.026559676778268423,TCRBV06-02/06-03,TCRBJ01-02
6986ad061ac0211e6a51881efb1d9f5d,CAWNWGAWADTQYF,0.026502830275563292,TCRBV30-01,TCRBJ02-03
6986ad061ac0211e6a51881efb1d9f5d,CAWTGLWAVF,0.026492510345980626,TCRBV30-01,TCRBJ01-01
6986ad061ac0211e6a51881efb1d9f5d,CASHYGGGVIRYGYTF,0.026488101890011558,TCRBV12-X,TCRBJ01-02
6986ad061ac0211e6a51881efb1d9f5d,CASSANLLGKIGELFF,0.02645718284064468,TCRBV07-02,TCRBJ02-02
6986ad061ac0211e6a51881efb1d9f5d,CASSFWDNPIEAFF,0.026401637537814424,TCRBV05-05,TCRBJ01-01
6986ad061ac0211e6a51881efb1d9f5d,CASWHGYTF,0.026382019796495248,TCRBV06-04,TCRBJ01-02
6986ad061ac0211e6a51881efb1d9f5d,CAWWAAREAFF,0.02637668935956263,TCRBV30-01,TCRBJ01-01
6986ad061ac0211e6a51881efb1d9f5d,CASSGGWGYGYTF,0.026305762209187716,TCRBV06-02/06-03,TCRBJ01-02
6986ad061ac0211e6a51881efb1d9f5d,CASRGGWWYGYTF,0.02625283912735755,TCRBV28-01,TCRBJ01-02
6986ad061ac0211e6a51881efb1d9f5d,CAGANPYGYTF,0.02624375172234915,TCRBV28-01,TCRBJ01-02
6986ad061ac0211e6a51881efb1d9f5d,CAWNYMAGWFF,0.026049846950033075,TCRBV30-01,TCRBJ01-01
6986ad061ac0211e6a51881efb1d9f5d,CASIPEF,0.026020797386836058,TCRBV10-01,TCRBJ02-07
6986ad061ac0211e6a51881efb1d9f5d,CASCPSGANVLTF,0.02589965645754058,TCRBV06-06,TCRBJ02-06
6986ad061ac0211e6a51881efb1d9f5d,CSMGGYYGYTF,0.025864056280862486,TCRBV29-01,TCRBJ01-02
6986ad061ac0211e6a51881efb1d9f5d,CAWSWGSWDGYTF,0.02581935992749491,TCRBV30-01,TCRBJ01-02
6986ad061ac0211e6a51881efb1d9f5d,CASSYWGRYHSPLHF,0.025807816954768158,TCRBV06-02/06-03,TCRBJ01-06
6986ad061ac0211e6a51881efb1d9f5d,CAGPPLHF,0.025674616982390333,TCRBV06-04,TCRBJ01-06
6986ad061ac0211e6a51881efb1d9f5d,CSGYAVGYGYTF,0.025550913530953363,TCRBV20-X,TCRBJ01-02
6986ad061ac0211e6a51881efb1d9f5d,CASSYPYGYTF,0.025505132290220098,TCRBV28-01,TCRBJ01-02
6986ad061ac0211e6a51881efb1d9f5d,CASSYSYGGGWNEQFF,0.02543341733067038,TCRBV06-05,TCRBJ02-01
6986ad061ac0211e6a51881efb1d9f5d,CASSSWGYGPGNTIYF,0.025335830626307784,TCRBV12-X,TCRBJ01-03
6986ad061ac0211e6a51881efb1d9f5d,CASSLYRGYYGYTF,0.025328353116057477,TCRBV27-01,TCRBJ01-02
6986ad061ac0211e6a51881efb1d9f5d,CASSYEPPSYEQYF,0.025274484777122845,TCRBV06-02/06-03,TCRBJ02-07
6986ad061ac0211e6a51881efb1d9f5d,CASKPQGGHPHSQPQHF,0.02518166176914105,TCRBV06-04,TCRBJ01-05
6986ad061ac0211e6a51881efb1d9f5d,CSEVHPYYGYTF,0.02516984370093907,TCRBV20-X,TCRBJ01-02
6986ad061ac0211e6a51881efb1d9f5d,CASNWGPGNGGTF,0.025081089492220005,TCRBV28-01,TCRBJ01-02
6986ad061ac0211e6a51881efb1d9f5d,CASSYRGSYYGYTF,0.025062598124503555,TCRBV05-01,TCRBJ01-02
6986ad061ac0211e6a51881efb1d9f5d,CATSYGGPNYGYTF,0.025015881177203738,TCRBV24-01,TCRBJ01-02
6986ad061ac0211e6a51881efb1d9f5d,CASSYTSGGPGFNYGYTF,0.025015008934542185,TCRBV06-X,TCRBJ01-02
6986ad061ac0211e6a51881efb1d9f5d,CASSWGHVYGYTF,0.025010050798066848,TCRBV12-03/12-04,TCRBJ01-02
6986ad061ac0211e6a51881efb1d9f5d,CASSYSPGYYGYTF,0.025005131401092767,TCRBV06-05,TCRBJ01-02
6986ad061ac0211e6a51881efb1d9f5d,CASCAGANVLTF,0.02496865702964797,TCRBV06-X,TCRBJ02-06
6986ad061ac0211e6a51881efb1d9f5d,CAWSPGWYGYTF,0.024855190115461303,TCRBV30-01,TCRBJ01-02
6986ad061ac0211e6a51881efb1d9f5d,CASSPAWGGANYGYTF,0.024839800440063852,TCRBV09-01,TCRBJ01-02
6986ad061ac0211e6a51881efb1d9f5d,CAWSVMWFEAFF,0.024836586765062087,TCRBV30-01,TCRBJ01-01
6986ad061ac0211e6a51881efb1d9f5d,CASKRGGWYGYTF,0.0248061058919122,TCRBV27-01,TCRBJ01-02
6986ad061ac0211e6a51881efb1d9f5d,CASSYHPTGPYGYTF,0.024783249356431877,TCRBV06-05,TCRBJ01-02
6986ad061ac0211e6a51881efb1d9f5d,CASSYAPNYGYTF,0.024754466882361856,TCRBV06-05,TCRBJ01-02
6986ad061ac0211e6a51881efb1d9f5d,CASTWWDRAGANVLTF,0.024713317319147995,TCRBV07-09,TCRBJ02-06
6986ad061ac0211e6a51881efb1d9f5d,CAWSKAWYEQYF,0.02468896242561208,TCRBV30-01,TCRBJ02-07
6986ad061ac0211e6a51881efb1d9f5d,CASSFWGGSGYGYTF,0.024619743450846002,TCRBV07-02,TCRBJ01-02
6986ad061ac0211e6a51881efb1d9f5d,CASGTCANYGYTF,0.02461535539638232,TCRBV28-01,TCRBJ01-02
6986ad061ac0211e6a51881efb1d9f5d,CAIHHRDHHWDTQYF,0.024602467570516883,TCRBV10-03,TCRBJ02-03
6986ad061ac0211e6a51881efb1d9f5d,CASPNPEIF,0.02459610477331582,TCRBV07-09,TCRBJ02-01
6986ad061ac0211e6a51881efb1d9f5d,CTVPRGPWIYGYTF,0.024584924782553905,TCRBVA-01,TCRBJ01-02
6986ad061ac0211e6a51881efb1d9f5d,CASSYYGTGFYQPQHF,0.024579746780727604,TCRBV19-01,TCRBJ01-05
6986ad061ac0211e6a51881efb1d9f5d,CASNHWGGGYTF,0.024578302046403308,TCRBV05-01,TCRBJ01-02
6986ad061ac0211e6a51881efb1d9f5d,CASSFFNPGAPGYTF,0.02456686713055585,TCRBV12-X,TCRBJ01-02
6986ad061ac0211e6a51881efb1d9f5d,CASSYWTGALWYGYTF,0.024565914455027524,TCRBV06-05,TCRBJ01-02
6986ad061ac0211e6a51881efb1d9f5d,CAWNTGAFMAFF,0.024564237719311842,TCRBV30-01,TCRBJ01-01
6986ad061ac0211e6a51881efb1d9f5d,CSASWTGGGSYGYTF,0.024557007895941087,TCRBV20-X,TCRBJ01-02
6986ad061ac0211e6a51881efb1d9f5d,CASSYGYGYTF,0.024498189835316132,TCRBV06-05,TCRBJ01-02
6986ad061ac0211e6a51881efb1d9f5d,CATYGRFPYGYTF,0.02446736834300696,TCRBV10-03,TCRBJ01-02
6986ad061ac0211e6a51881efb1d9f5d,CASWGGAEAFF,0.024449050830868006,TCRBV19-01,TCRBJ01-01
6986ad061ac0211e6a51881efb1d9f5d,CSARLPLGYYYGYTF,0.02443220996001241,TCRBV20-X,TCRBJ01-02
6986ad061ac0211e6a51881efb1d9f5d,CASSQDMWWGYGYTF,0.024371509183184353,TCRBV04-03,TCRBJ01-02
6986ad061ac0211e6a51881efb1d9f5d,CASSKGKGWYGYTF,0.024345942290976,TCRBV21-01,TCRBJ01-02
6986ad061ac0211e6a51881efb1d9f5d,CASSYYRGANYGYTF,0.024325745552243292,TCRBV06-05,TCRBJ01-02
6986ad061ac0211e6a51881efb1d9f5d,CATWGGPYGYTF,0.024325216476189016,TCRBV24-01,TCRBJ01-02
6986ad061ac0211e6a51881efb1d9f5d,CASSFYGNYGYTF,0.024314245628679815,TCRBV07-03,TCRBJ01-02
6986ad061ac0211e6a51881efb1d9f5d,CAWKVWTGVDTF,0.024309902184421875,TCRBV30-01,TCRBJ01-02
6bd0a4476c4cf4342e9fcbb87a92d7a4,CASWGYYYGYTF,0.04375713528481778,TCRBV27-01,TCRBJ01-02
6bd0a4476c4cf4342e9fcbb87a92d7a4,CAISPTGAISGNTIYF,0.0354546371520176,TCRBV10-03,TCRBJ01-03
6bd0a4476c4cf4342e9fcbb87a92d7a4,CASNTFGFGGGYGYTF,0.0354140640282998,TCRBV19-01,TCRBJ01-02
6bd0a4476c4cf4342e9fcbb87a92d7a4,CAWGGAYSYYGYTF,0.03532768278742633,TCRBV30-01,TCRBJ01-02
6bd0a4476c4cf4342e9fcbb87a92d7a4,CASSYYYGYTF,0.03404899211087026,TCRBV05-04,TCRBJ01-02
6bd0a4476c4cf4342e9fcbb87a92d7a4,WYTQYF,0.03268188610565034,TCRBV19-01,TCRBJ02-03
6bd0a4476c4cf4342e9fcbb87a92d7a4,CASSPYWGPYGYTF,0.03151093718516412,TCRBV27-01,TCRBJ01-02
6bd0a4476c4cf4342e9fcbb87a92d7a4,PR,0.03125374907070576,TCRBV27-01,TCRBJ01-01
6bd0a4476c4cf4342e9fcbb87a92d7a4,TPLHF,0.03124671171432082,TCRBV05-01,TCRBJ01-06
6bd0a4476c4cf4342e9fcbb87a92d7a4,CASSSNPGTSGGGWGFF,0.0312321258141314,TCRBV05-01,TCRBJ02-01
6bd0a4476c4cf4342e9fcbb87a92d7a4,CASSWTGGWYYGYTF,0.03084520854879392,TCRBV05-04,TCRBJ01-02
6bd0a4476c4cf4342e9fcbb87a92d7a4,CASSYYRSYGYTF,0.03060435552200574,TCRBV06-05,TCRBJ01-02
6bd0a4476c4cf4342e9fcbb87a92d7a4,CSAWGFGYGYTF,0.0303484461283236,TCRBV20-X,TCRBJ01-02
6bd0a4476c4cf4342e9fcbb87a92d7a4,CAWSASWAPYYGYTF,0.03009255903057263,TCRBV30-01,TCRBJ01-02
6bd0a4476c4cf4342e9fcbb87a92d7a4,CASSYSGYYGYTF,0.02997682725380613,TCRBV06-05,TCRBJ01-02
6bd0a4476c4cf4342e9fcbb87a92d7a4,CASSPAPALTGTNYEQYF,0.02990457679998976,TCRBV05-04,TCRBJ02-07
6bd0a4476c4cf4342e9fcbb87a92d7a4,CSAWGYYGYTF,0.02988139072176468,TCRBV29-01,TCRBJ01-02
6bd0a4476c4cf4342e9fcbb87a92d7a4,CASSYYRNYGYTF,0.02979071033998344,TCRBV06-05,TCRBJ01-02
6bd0a4476c4cf4342e9fcbb87a92d7a4,CSAGWGYYGYTF,0.029622527194100315,TCRBV20-X,TCRBJ01-02
6bd0a4476c4cf4342e9fcbb87a92d7a4,CAWSGSYGGYYGYTF,0.029527772666058473,TCRBV30-01,TCRBJ01-02
6bd0a4476c4cf4342e9fcbb87a92d7a4,CASSNYYRGNYGYTF,0.029511055703448155,TCRBV06-05,TCRBJ01-02
6bd0a4476c4cf4342e9fcbb87a92d7a4,CASSYWGPSVYGYTF,0.029502803060876562,TCRBV06-05,TCRBJ01-02
6bd0a4476c4cf4342e9fcbb87a92d7a4,CASSYGNYYGYTF,0.029421391896754565,TCRBV27-01,TCRBJ01-02
6bd0a4476c4cf4342e9fcbb87a92d7a4,CASSQSGSGFWGGYGYTF,0.029405265792041467,TCRBV23-01,TCRBJ01-02
6bd0a4476c4cf4342e9fcbb87a92d7a4,CATWGGFGYGYTF,0.02935394468497219,TCRBV28-01,TCRBJ01-02
6bd0a4476c4cf4342e9fcbb87a92d7a4,CAWGIKAFF,0.029282214948886207,TCRBV10-01,TCRBJ01-01
6bd0a4476c4cf4342e9fcbb87a92d7a4,CATTPAPAGANVLTF,0.029213297166773303,TCRBV19-01,TCRBJ02-06
6bd0a4476c4cf4342e9fcbb87a92d7a4,CASWPSYGYYGYTF,0.029195705444119594,TCRBV19-01,TCRBJ01-02
6bd0a4476c4cf4342e9fcbb87a92d7a4,CASSYPWGSNYGYTF,0.029186163574088608,TCRBV06-05,TCRBJ01-02
6bd0a4476c4cf4342e9fcbb87a92d7a4,CASSPHPWAHTQPQHF,0.02916158891218125,TCRBV05-01,TCRBJ01-05
6bd0a4476c4cf4342e9fcbb87a92d7a4,CASSYTGGWYGYTF,0.02908675478836368,TCRBV06-05,TCRBJ01-02
6bd0a4476c4cf4342e9fcbb87a92d7a4,CASRPPGHPPHF,0.028976551623156876,TCRBV06-05,TCRBJ01-05
6bd0a4476c4cf4342e9fcbb87a92d7a4,CASSLWGGYNYGYTF,0.0289114810587396,TCRBV05-04,TCRBJ01-02
6bd0a4476c4cf4342e9fcbb87a92d7a4,CASSYPGAYYYGYTF,0.02887510603269932,TCRBV11-02,TCRBJ01-02
6bd0a4476c4cf4342e9fcbb87a92d7a4,CARRPGHWWFQPQHF,0.028819927715688302,TCRBV05-03,TCRBJ01-05
6bd0a4476c4cf4342e9fcbb87a92d7a4,CASSYYTGYGYTF,0.02880710130027228,TCRBV06-05,TCRBJ01-02
6bd0a4476c4cf4342e9fcbb87a92d7a4,CASSAYYYGYTF,0.028775346005374666,TCRBV11-01,TCRBJ01-02
6bd0a4476c4cf4342e9fcbb87a92d7a4,CASFTGWGPYGYTF,0.028557885544048207,TCRBV05-06,TCRBJ01-02
6bd0a4476c4cf4342e9fcbb87a92d7a4,CAWYGMGTGANYGYTF,0.028527392954617908,TCRBV30-01,TCRBJ01-02
6bd0a4476c4cf4342e9fcbb87a92d7a4,CASSFMGSYYYGYTF,0.028526786728933034,TCRBV12-X,TCRBJ01-02
6bd0a4476c4cf4342e9fcbb87a92d7a4,CAWFPGGYYGYTF,0.02848205802078097,TCRBV30-01,TCRBJ01-02
6bd0a4476c4cf4342e9fcbb87a92d7a4,CASSLWEGITEAFF,0.028432664872652027,TCRBV28-01,TCRBJ01-01
6bd0a4476c4cf4342e9fcbb87a92d7a4,CASSYAGYYGYTF,0.028347859690441374,TCRBV06-05,TCRBJ01-02
6bd0a4476c4cf4342e9fcbb87a92d7a4,CASCGGNNYGYTF,0.028320819202898927,TCRBV06-X,TCRBJ01-02
6bd0a4476c4cf4342e9fcbb87a92d7a4,CSARVPYFPPFHYF,0.028261987242427008,TCRBV20-X,TCRBJ02-07
6bd0a4476c4cf4342e9fcbb87a92d7a4,CASSYYANYGYTF,0.028213142780891737,TCRBV02-01,TCRBJ01-02
6bd0a4476c4cf4342e9fcbb87a92d7a4,CAWGPGDWAWGYTF,0.028131318285307596,TCRBV30-01,TCRBJ01-02
6bd0a4476c4cf4342e9fcbb87a92d7a4,CASSNKCGFGGNSGNTIYF,0.028124096852203406,TCRBV21-01,TCRBJ01-03
6bd0a4476c4cf4342e9fcbb87a92d7a4,CAWSGFWGNYGYTF,0.028107088304787736,TCRBV30-01,TCRBJ01-02
6bd0a4476c4cf4342e9fcbb87a92d7a4,CASSYWPSYGYTF,0.028079024809478083,TCRBV06-02/06-03,TCRBJ01-02
6bd0a4476c4cf4342e9fcbb87a92d7a4,CASSWSGGWYGYTF,0.028068642165272696,TCRBV05-01,TCRBJ01-02
6bd0a4476c4cf4342e9fcbb87a92d7a4,CATSARDPWWWPYGYTF,0.0280020228771551,TCRBV24-01,TCRBJ01-02
6bd0a4476c4cf4342e9fcbb87a92d7a4,CASSGWGGPYGYTF,0.02794451574352516,TCRBV07-02,TCRBJ01-02
6bd0a4476c4cf4342e9fcbb87a92d7a4,CASHPGHPNYGYTF,0.02792693145686087,TCRBV05-06,TCRBJ01-02
6bd0a4476c4cf4342e9fcbb87a92d7a4,TIYF,0.02787485196412951,TCRBV03-01/03-02,TCRBJ01-03
6bd0a4476c4cf4342e9fcbb87a92d7a4,CASTNHPWGGNNYGYTF,0.02783082105385013,TCRBV27-01,TCRBJ01-02
6bd0a4476c4cf4342e9fcbb87a92d7a4,CATPPG,0.02779227816822546,TCRBV24-01,TCRBJ01-04
6bd0a4476c4cf4342e9fcbb87a92d7a4,CASSWGGPNYGYTF,0.027680152547674638,TCRBV05-01,TCRBJ01-02
6bd0a4476c4cf4342e9fcbb87a92d7a4,CATYTGGPYGYTF,0.02756889949749052,TCRBV27-01,TCRBJ01-02
6bd0a4476c4cf4342e9fcbb87a92d7a4,CASSYGSYYGYTF,0.02755420552244958,TCRBV28-01,TCRBJ01-02
6bd0a4476c4cf4342e9fcbb87a92d7a4,CASGGYYGYTF,0.02755366410910952,TCRBV27-01,TCRBJ01-02
6bd0a4476c4cf4342e9fcbb87a92d7a4,CSARANPNPYPPQHF,0.027533169876386737,TCRBV20-X,TCRBJ01-05
6bd0a4476c4cf4342e9fcbb87a92d7a4,CASHYGYGYTF,0.027439007818746017,TCRBV28-01,TCRBJ01-02
6bd0a4476c4cf4342e9fcbb87a92d7a4,CASRGWGSYYGYTF,0.02737773706087905,TCRBV06-05,TCRBJ01-02
6bd0a4476c4cf4342e9fcbb87a92d7a4,CASTSYPYYGYTF,0.027321959094081086,TCRBV12-03/12-04,TCRBJ01-02
6bd0a4476c4cf4342e9fcbb87a92d7a4,CASSYSWGAPDWTQYF,0.027321388852150765,TCRBV06-05,TCRBJ02-05
6bd0a4476c4cf4342e9fcbb87a92d7a4,CAWMGAEWYYGYTF,0.0272545180432844,TCRBV30-01,TCRBJ01-02
6bd0a4476c4cf4342e9fcbb87a92d7a4,CACAGPNYYGYTF,0.027243915185212103,TCRBV30-01,TCRBJ01-02
6bd0a4476c4cf4342e9fcbb87a92d7a4,RARQRSPQHF,0.027234012695688505,TCRBV07-03,TCRBJ01-05
6bd0a4476c4cf4342e9fcbb87a92d7a4,CASSYTPGPWPGGYTF,0.027215733083995747,TCRBV11-01,TCRBJ01-02
6bd0a4476c4cf4342e9fcbb87a92d7a4,CAWGTGYNYGYTF,0.027194770425893834,TCRBV30-01,TCRBJ01-02
6bd0a4476c4cf4342e9fcbb87a92d7a4,CASSPDWDPWDGYTF,0.027125407191994796,TCRBV18-01,TCRBJ01-02
6bd0a4476c4cf4342e9fcbb87a92d7a4,CATSPYGYNYGYTF,0.027051413529134663,TCRBV24-01,TCRBJ01-02
6bd0a4476c4cf4342e9fcbb87a92d7a4,CASSYLWGAPGYGYTF,0.026977933729742807,TCRBV06-05,TCRBJ01-02
6bd0a4476c4cf4342e9fcbb87a92d7a4,LFF,0.026945710138376235,TCRBV27-01,TCRBJ02-02
6bd0a4476c4cf4342e9fcbb87a92d7a4,CASIPWGANVLTF,0.02689660325378495,TCRBV19-01,TCRBJ02-06
6bd0a4476c4cf4342e9fcbb87a92d7a4,CASSYWAGGYGYTF,0.026889718081657167,TCRBV28-01,TCRBJ01-02
6bd0a4476c4cf4342e9fcbb87a92d7a4,CAWSCAFF,0.02685350791556793,TCRBV30-01,TCRBJ01-01
6bd0a4476c4cf4342e9fcbb87a92d7a4,CASSYYWDRWTYGYTF,0.02678468661005094,TCRBV06-05,TCRBJ01-02
6bd0a4476c4cf4342e9fcbb87a92d7a4,CAWGDYYGYTF,0.026754999960391178,TCRBV30-01,TCRBJ01-02
6bd0a4476c4cf4342e9fcbb87a92d7a4,CASSAYSHRGWYGYTF,0.026650160234760658,TCRBV27-01,TCRBJ01-02
6bd0a4476c4cf4342e9fcbb87a92d7a4,CASMWGYGYTF,0.02661565512131566,TCRBV28-01,TCRBJ01-02
6bd0a4476c4cf4342e9fcbb87a92d7a4,RKNNSPLHF,0.026604800052930627,TCRBV10-01,TCRBJ01-06
6bd0a4476c4cf4342e9fcbb87a92d7a4,CAWSWGAEGYTF,0.026572619907494224,TCRBV30-01,TCRBJ01-02
6bd0a4476c4cf4342e9fcbb87a92d7a4,CARYFRAALYNEQFF,0.02655606791514485,TCRBV21-01,TCRBJ02-01
6bd0a4476c4cf4342e9fcbb87a92d7a4,CASSYHPLTHHGYTF,0.0265443924594059,TCRBV06-05,TCRBJ01-02
6bd0a4476c4cf4342e9fcbb87a92d7a4,CASSYWGAPYAF,0.026520657965291603,TCRBV06-06,TCRBJ01-02
6bd0a4476c4cf4342e9fcbb87a92d7a4,CAWSGYSSYGYTF,0.026417559328815527,TCRBV30-01,TCRBJ01-02
6bd0a4476c4cf4342e9fcbb87a92d7a4,CASPYF,0.026415802554001055,TCRBV06-04,TCRBJ01-02
6bd0a4476c4cf4342e9fcbb87a92d7a4,CASSYEGYYGYTF,0.026408117617327226,TCRBV06-05,TCRBJ01-02
6bd0a4476c4cf4342e9fcbb87a92d7a4,CSAWDGGYYGYTF,0.026390806128812245,TCRBV20-X,TCRBJ01-02
6bd0a4476c4cf4342e9fcbb87a92d7a4,CAWFIYHGYTF,0.02636871862259673,TCRBV30-01,TCRBJ01-02
6bd0a4476c4cf4342e9fcbb87a92d7a4,CASIPDRVYITYNYGYTF,0.026326382039598157,TCRBV10-01,TCRBJ01-02
6bd0a4476c4cf4342e9fcbb87a92d7a4,CAWMWGQGGYGYTF,0.02632161857912162,TCRBV30-01,TCRBJ01-02
6bd0a4476c4cf4342e9fcbb87a92d7a4,CASSGYTGGPYGYTF,0.02630829512247842,TCRBV09-01,TCRBJ01-02
6bd0a4476c4cf4342e9fcbb87a92d7a4,CASVWGYGYTF,0.026305598852823214,TCRBV06-05,TCRBJ01-02
6bd0a4476c4cf4342e9fcbb87a92d7a4,CAWAWGSMYGYTF,0.02628560202767912,TCRBV30-01,TCRBJ01-02
6bd0a4476c4cf4342e9fcbb87a92d7a4,CASSYTAGWGYGYTF,0.026280783209799482,TCRBV06-05,TCRBJ01-02
7264569a42c13f956d404d283ff331d1,WTRRWIWGF,0.04315089242557028,TCRBV04-X,TCRBJ02-04
7264569a42c13f956d404d283ff331d1,CATSFWGGPYGYTF,0.031462518304948395,TCRBV15-01,TCRBJ01-02
7264569a42c13f956d404d283ff331d1,CASSYWGYGYTF,0.030494760737097927,TCRBV06-05,TCRBJ01-02
7264569a42c13f956d404d283ff331d1,CASSYSWGGGYTF,0.02950326897260344,TCRBV06-05,TCRBJ01-02
7264569a42c13f956d404d283ff331d1,YGWGGNTIYF,0.029356133837848564,TCRBV02-01,TCRBJ01-03
7264569a42c13f956d404d283ff331d1,CASSPYTWAYHYGYTF,0.029124089547500356,TCRBV07-09,TCRBJ01-02
7264569a42c13f956d404d283ff331d1,CASSFWGSSGGYGYTF,0.02843264346772414,TCRBV27-01,TCRBJ01-02
7264569a42c13f956d404d283ff331d1,CASSPWGNWDYGYTF,0.02812507763614813,TCRBV03-01/03-02,TCRBJ01-02
7264569a42c13f956d404d283ff331d1,ALHF,0.027548268108671965,TCRBV27-01,TCRBJ01-06
7264569a42c13f956d404d283ff331d1,CASWGGYGYTF,0.027387815768871913,TCRBV04-02,TCRBJ01-02
7264569a42c13f956d404d283ff331d1,CASSYPGYYGYTF,0.0271971878470301,TCRBV06-05,TCRBJ01-02
7264569a42c13f956d404d283ff331d1,CASWGWGDGYTF,0.027160691737975716,TCRBV27-01,TCRBJ01-02
7264569a42c13f956d404d283ff331d1,CASSYYSTGSSNYGYTF,0.02709083330170943,TCRBV06-X,TCRBJ01-02
7264569a42c13f956d404d283ff331d1,CASSYWCYTF,0.026818219412522288,TCRBV06-05,TCRBJ01-02
7264569a42c13f956d404d283ff331d1,CASSFGTYYYGYTF,0.02681034442405614,TCRBV28-01,TCRBJ01-02
7264569a42c13f956d404d283ff331d1,CASSYPYFSYGYTF,0.02680404045505264,TCRBV07-02,TCRBJ01-02
7264569a42c13f956d404d283ff331d1,CAWNGYYGYTF,0.026795095461260927,TCRBV30-01,TCRBJ01-02
7264569a42c13f956d404d283ff331d1,CASYWGAGVIHF,0.026710882498875228,TCRBV28-01,TCRBJ01-06
7264569a42c13f956d404d283ff331d1,CASSWYRGHYGYTF,0.026705284485835697,TCRBV28-01,TCRBJ01-02
7264569a42c13f956d404d283ff331d1,WASWGAEVKTQYF,0.026679628495092346,TCRBV06-05,TCRBJ02-05
7264569a42c13f956d404d283ff331d1,CASSFWGGYGYTF,0.026477965763888285,TCRBV05-04,TCRBJ01-02
7264569a42c13f956d404d283ff331d1,CASSYSGYRGYTF,0.026449823853827697,TCRBV28-01,TCRBJ01-02
7264569a42c13f956d404d283ff331d1,CAPVF,0.02635560904388694,TCRBV05-01,TCRBJ01-04
7264569a42c13f956d404d283ff331d1,RGKPLHF,0.026287766885706016,TCRBV19-01,TCRBJ01-05
7264569a42c13f956d404d283ff331d1,GYRVPFF,0.02628715051663746,TCRBV05-06,TCRBJ02-01
7264569a42c13f956d404d283ff331d1,CAIPQGWPFYGYTF,0.026209436125540723,TCRBV12-X,TCRBJ01-02
7264569a42c13f956d404d283ff331d1,CASSWYYGYTF,0.02617045773912099,TCRBV28-01,TCRBJ01-02
7264569a42c13f956d404d283ff331d1,CASGYYGYTF,0.0261636334773338,TCRBV28-01,TCRBJ01-02
7264569a42c13f956d404d283ff331d1,CASTYYGTNYGYTF,0.026146690432345264,TCRBV06-02/06-03,TCRBJ01-02
7264569a42c13f956d404d283ff331d1,CASSPKEGGGYIYGYTF,0.026124634941764452,TCRBV05-06,TCRBJ01-02
7264569a42c13f956d404d283ff331d1,CAWRPPPPRPGRTQYF,0.026080952219776403,TCRBV30-01,TCRBJ02-05
7264569a42c13f956d404d283ff331d1,CSAYIRGHNYGYTF,0.026065091689701066,TCRBV20-X,TCRBJ01-02
7264569a42c13f956d404d283ff331d1,CASNFGGPNYGYTF,0.026036238697958156,TCRBV19-01,TCRBJ01-02
7264569a42c13f956d404d283ff331d1,CAWMWGNYGYTF,0.025990022978063194,TCRBV30-01,TCRBJ01-02
7264569a42c13f956d404d283ff331d1,CAWSWGKGGYGYTF,0.025972432399614612,TCRBV30-01,TCRBJ01-02
7264569a42c13f956d404d283ff331d1,CAGWPGPGQPQHF,0.025736896426299345,TCRBV28-01,TCRBJ01-05
7264569a42c13f956d404d283ff331d1,CASHPGGQGAYYGYTF,0.025678335888089973,TCRBV06-X,TCRBJ01-02
7264569a42c13f956d404d283ff331d1,CARSHTFYTGYGYTF,0.025499193827203465,TCRBV11-03,TCRBJ01-02
7264569a42c13f956d404d283ff331d1,CASGWAYYGYTF,0.02543195031961354,TCRBV05-06,TCRBJ01-02
7264569a42c13f956d404d283ff331d1,CASSPPRAHQPQHF,0.025370337999806647,TCRBV28-01,TCRBJ01-05
7264569a42c13f956d404d283ff331d1,CAWMWWGNTEAFF,0.025311250198480913,TCRBV30-01,TCRBJ01-01
7264569a42c13f956d404d283ff331d1,CASSSPGHPGGPYGYTF,0.025273637523425926,TCRBV28-01,TCRBJ01-02
7264569a42c13f956d404d283ff331d1,CASSGALPFYGYTF,0.025101323993309697,TCRBV02-01,TCRBJ01-02
7264569a42c13f956d404d283ff331d1,CASYPRGAGPHIYGYTF,0.025096578146004075,TCRBV19-01,TCRBJ01-02
7264569a42c13f956d404d283ff331d1,CASSIGRGIGELFF,0.025092710941601218,TCRBV19-01,TCRBJ02-02
7264569a42c13f956d404d283ff331d1,CARWDRT,0.02508253532765354,TCRBV11-03,TCRBJ02-07
7264569a42c13f956d404d283ff331d1,CAWGPGPGNTIYF,0.025063772015784858,TCRBV30-01,TCRBJ01-03
7264569a42c13f956d404d283ff331d1,CASMWTAGANVLTF,0.02496541260143946,TCRBV19-01,TCRBJ02-06
7264569a42c13f956d404d283ff331d1,CAPRYF,0.024908183291475677,TCRBV06-06,TCRBJ01-03
7264569a42c13f956d404d283ff331d1,CASSYRGYGYTF,0.024885473752379907,TCRBV06-05,TCRBJ01-02
7264569a42c13f956d404d283ff331d1,CASSSYPGGKTEAFF,0.024877015291784963,TCRBV28-01,TCRBJ01-01
7264569a42c13f956d404d283ff331d1,YGPLRGYTF,0.02487121066982753,TCRBV19-01,TCRBJ01-02
7264569a42c13f956d404d283ff331d1,CAWSWGTGGANYGYTF,0.024814497585314607,TCRBV30-01,TCRBJ01-02
7264569a42c13f956d404d283ff331d1,CSAPAPQTGGASGANVLTF,0.02471709879830623,TCRBV20-X,TCRBJ02-06
7264569a42c13f956d404d283ff331d1,CASGSYWSRSNYGYTF,0.024668684791850252,TCRBV12-X,TCRBJ01-02
7264569a42c13f956d404d283ff331d1,CASSPPWRVDWKKLFF,0.024595434120125173,TCRBV28-01,TCRBJ01-04
7264569a42c13f956d404d283ff331d1,CASSYGWGGYEQYF,0.02458212341301475,TCRBV06-05,TCRBJ02-07
7264569a42c13f956d404d283ff331d1,CASSAYYYGGKEQFF,0.024581744680298927,TCRBV06-X,TCRBJ02-01
7264569a42c13f956d404d283ff331d1,CSASPGYNPNYGYTF,0.024541365851926254,TCRBV20-01,TCRBJ01-02
7264569a42c13f956d404d283ff331d1,CAWTPFYTQGVYGYTF,0.024531095832531286,TCRBV30-01,TCRBJ01-02
7264569a42c13f956d404d283ff331d1,CASSYGYGYTF,0.024498182713149633,TCRBV06-05,TCRBJ01-02
7264569a42c13f956d404d283ff331d1,CASAYPNYGYTF,0.024480540183201668,TCRBV19-01,TCRBJ01-02
7264569a42c13f956d404d283ff331d1,CASKVRYNYGYTF,0.02442564579648989,TCRBV06-05,TCRBJ01-02
7264569a42c13f956d404d283ff331d1,CASRAWGAWHF,0.024422596552702035,TCRBV28-01,TCRBJ01-05
7264569a42c13f956d404d283ff331d1,CASSYNPSYGYTF,0.024364914163728286,TCRBV06-05,TCRBJ01-02
7264569a42c13f956d404d283ff331d1,CAWSPGIYYGYTF,0.024355986594871044,TCRBV30-01,TCRBJ01-02
7264569a42c13f956d404d283ff331d1,CASRWGPWGYGYTF,0.024319397380083634,TCRBV12-02,TCRBJ01-02
7264569a42c13f956d404d283ff331d1,CSAWGFF,0.024205237896874097,TCRBV20-01,TCRBJ02-01
7264569a42c13f956d404d283ff331d1,CAWMREEGMRAEAFF,0.024199066769745054,TCRBV30-01,TCRBJ01-01
7264569a42c13f956d404d283ff331d1,CSAITGPKAFF,0.024189584327839842,TCRBV20-01,TCRBJ01-01
7264569a42c13f956d404d283ff331d1,CASSSKGKGAWEKLFF,0.024163597795733596,TCRBV28-01,TCRBJ01-04
7264569a42c13f956d404d283ff331d1,CSAREGQGLPHQPQHF,0.024117004258299348,TCRBV20-X,TCRBJ01-05
7264569a42c13f956d404d283ff331d1,CASSYGGIYGYTF,0.024088386517580957,TCRBV14-01,TCRBJ01-02
7264569a42c13f956d404d283ff331d1,CATSDFFSGWNYGYTF,0.024085158377348783,TCRBV24-01,TCRBJ01-02
7264569a42c13f956d404d283ff331d1,CAWTAGANVLTF,0.02404331205221227,TCRBV30-01,TCRBJ02-06
7264569a42c13f956d404d283ff331d1,CASSGYRGPNYGYTF,0.02402814710447487,TCRBV09-01,TCRBJ01-02
7264569a42c13f956d404d283ff331d1,CASSYGQYYGYTF,0.02402786894855744,TCRBV02-01,TCRBJ01-02
7264569a42c13f956d404d283ff331d1,CASSHPRPRAQPQHF,0.02402734199847065,TCRBV28-01,TCRBJ01-05
7264569a42c13f956d404d283ff331d1,CASSWGQGWGYTF,0.02401754725221859,TCRBV25-01,TCRBJ01-02
7264569a42c13f956d404d283ff331d1,CASSSNPGGWNYGYTF,0.023970034716377705,TCRBV05-08,TCRBJ01-02
7264569a42c13f956d404d283ff331d1,CASIGKVGAFF,0.023962783102289196,TCRBV19-01,TCRBJ01-01
7264569a42c13f956d404d283ff331d1,CSARTGGHIYGYTF,0.023955744071116794,TCRBV20-X,TCRBJ01-02
7264569a42c13f956d404d283ff331d1,CASSVWGGANVLTF,0.02394541637728077,TCRBV09-01,TCRBJ02-06
7264569a42c13f956d404d283ff331d1,CASSSWGMGYGYTF,0.02391532824609424,TCRBV27-01,TCRBJ01-02
7264569a42c13f956d404d283ff331d1,CAWGHPGQYF,0.023910467962201414,TCRBV30-01,TCRBJ02-07
7264569a42c13f956d404d283ff331d1,CASSHPQGGHYGYTF,0.023878467872305534,TCRBV03-01/03-02,TCRBJ01-02
7264569a42c13f956d404d283ff331d1,CASSLVKKYF,0.023870995369856957,TCRBV05-08,TCRBJ02-07
7264569a42c13f956d404d283ff331d1,CAWTHGVIGANVLTF,0.023859505268336197,TCRBV30-01,TCRBJ02-06
7264569a42c13f956d404d283ff331d1,CASSFRGYYGYTF,0.023856160615078045,TCRBV28-01,TCRBJ01-02
7264569a42c13f956d404d283ff331d1,CASSPNTF,0.02380888543741054,TCRBV07-09,TCRBJ01-02
7264569a42c13f956d404d283ff331d1,CASKPWTGGYTF,0.023791986079049112,TCRBV27-01,TCRBJ01-02
7264569a42c13f956d404d283ff331d1,CASIPHSYGGGYTF,0.023781310054317568,TCRBV28-01,TCRBJ01-02
7264569a42c13f956d404d283ff331d1,CACSYAGGYYEQYF,0.023775874531447565,TCRBV30-01,TCRBJ02-07
7264569a42c13f956d404d283ff331d1,CASSGGGFNYGYTF,0.023764453991429832,TCRBV02-01,TCRBJ01-02
7264569a42c13f956d404d283ff331d1,GSWIETQYF,0.0237503478828296,TCRBV20-01,TCRBJ02-05
7264569a42c13f956d404d283ff331d1,CASSPSTGWGSNYGYTF,0.0237466112164568,TCRBV18-01,TCRBJ01-02
7264569a42c13f956d404d283ff331d1,CATPPWQGARWYGYTF,0.02373599511204052,TCRBV02-01,TCRBJ01-02
7264569a42c13f956d404d283ff331d1,CASSHGFNYGYTF,0.023729810219034822,TCRBV06-06,TCRBJ01-02
7264569a42c13f956d404d283ff331d1,CSAPPGW,0.02372602424141065,TCRBV20-01,TCRBJ02-X
747ee69b9cd154537181a8275f379835,CARWHF,0.03449223234705436,TCRBV12-02,TCRBJ02-07
747ee69b9cd154537181a8275f379835,CAWKSF,0.034346917804109874,TCRBV30-01,TCRBJ02-07
747ee69b9cd154537181a8275f379835,CAWS,0.03340907613887536,TCRBV30-01,TCRBJ01-05
747ee69b9cd154537181a8275f379835,WFWPQHF,0.032369678496736935,TCRBV19-01,TCRBJ01-05
747ee69b9cd154537181a8275f379835,GPYF,0.030880384811696443,TCRBV30-01,TCRBJ01-03
747ee69b9cd154537181a8275f379835,CASSYSYYGYTF,0.030263355563056,TCRBV28-01,TCRBJ01-02
747ee69b9cd154537181a8275f379835,CASSYYGNYGYTF,0.030114868004771117,TCRBV06-05,TCRBJ01-02
747ee69b9cd154537181a8275f379835,CASSYNYYGYTF,0.029784881051386956,TCRBV12-03/12-04,TCRBJ01-02
747ee69b9cd154537181a8275f379835,CASSYAFYYGYTF,0.029676589640718797,TCRBV06-02/06-03,TCRBJ01-02
747ee69b9cd154537181a8275f379835,CAWWEGGAFF,0.029096287022165275,TCRBV30-01,TCRBJ01-01
747ee69b9cd154537181a8275f379835,CAWGIPWELFF,0.02837017981313434,TCRBV30-01,TCRBJ02-02
747ee69b9cd154537181a8275f379835,CAPPHQPQHF,0.028221815087806888,TCRBV02-01,TCRBJ01-05
747ee69b9cd154537181a8275f379835,CASSYSWGANYGYTF,0.028187329147001745,TCRBV06-05,TCRBJ01-02
747ee69b9cd154537181a8275f379835,CSAPYYGYTF,0.028122860329746948,TCRBV20-01,TCRBJ01-02
747ee69b9cd154537181a8275f379835,CASSLIPVGYGYTF,0.028054063319268067,TCRBV27-01,TCRBJ01-02
747ee69b9cd154537181a8275f379835,TQYF,0.027884071147928093,TCRBV24-01,TCRBJ02-05
747ee69b9cd154537181a8275f379835,CASSSWGGFRNYGYTF,0.02785772833073093,TCRBV06-05,TCRBJ01-02
747ee69b9cd154537181a8275f379835,CAGPPYF,0.02784912919646199,TCRBV04-01,TCRBJ02-07
747ee69b9cd154537181a8275f379835,CASSWGYYGYTF,0.02781816915485255,TCRBV06-02/06-03,TCRBJ01-02
747ee69b9cd154537181a8275f379835,CAWAAWLGANVLTF,0.027708569019051717,TCRBV30-01,TCRBJ02-06
747ee69b9cd154537181a8275f379835,CASSYSTGYNYGYTF,0.027694614845666418,TCRBV06-05,TCRBJ01-02
747ee69b9cd154537181a8275f379835,CAWNPGYIYGYTF,0.027639121092843798,TCRBV30-01,TCRBJ01-02
747ee69b9cd154537181a8275f379835,CATSWYAARVHYTF,0.027354643769657558,TCRBV19-01,TCRBJ01-02
747ee69b9cd154537181a8275f379835,CAPP,0.02731997280138699,TCRBV24-01,TCRBJ02-X
747ee69b9cd154537181a8275f379835,CAWKPNWGGYTF,0.027094063454330818,TCRBV30-01,TCRBJ01-02
747ee69b9cd154537181a8275f379835,CASSYARYYGYTF,0.02698057025547563,TCRBV06-05,TCRBJ01-02
747ee69b9cd154537181a8275f379835,CASSFGWGYGYTF,0.026962782867681997,TCRBV27-01,TCRBJ01-02
747ee69b9cd154537181a8275f379835,CAWSVPWGYGYTF,0.026954991671475654,TCRBV30-01,TCRBJ01-02
747ee69b9cd154537181a8275f379835,CASSPWGGGYYGYTF,0.026856891256596512,TCRBV07-09,TCRBJ01-02
747ee69b9cd154537181a8275f379835,CASSQGPQGPQHF,0.02668371035537017,TCRBV04-03,TCRBJ01-05
747ee69b9cd154537181a8275f379835,CASSYYPWGSGNTIYF,0.026604381745794332,TCRBV06-06,TCRBJ01-03
747ee69b9cd154537181a8275f379835,CATTWGYYGYTF,0.026588313408815175,TCRBV07-09,TCRBJ01-02
747ee69b9cd154537181a8275f379835,CAWRGYWVGYTF,0.026583294086073673,TCRBV30-01,TCRBJ01-02
747ee69b9cd154537181a8275f379835,CATWYYGYTF,0.026564127647194083,TCRBV19-01,TCRBJ01-02
747ee69b9cd154537181a8275f379835,CANTYSGGPYGYTF,0.02647871862106059,TCRBV28-01,TCRBJ01-02
747ee69b9cd154537181a8275f379835,CASSGWGPYGYTF,0.026458111682014843,TCRBV06-X,TCRBJ01-02
747ee69b9cd154537181a8275f379835,CAWALWAEAFF,0.026383984147609986,TCRBV30-01,TCRBJ01-01
747ee69b9cd154537181a8275f379835,CASHPKWGVGYGYTF,0.026377491460572895,TCRBV12-X,TCRBJ01-02
747ee69b9cd154537181a8275f379835,CASSYHAFFF,0.026302698296699796,TCRBV06-02/06-03,TCRBJ02-07
747ee69b9cd154537181a8275f379835,CASGGPWGANF,0.02629249844424828,TCRBV06-X,TCRBJ01-02
747ee69b9cd154537181a8275f379835,CASSFIHYYGYTF,0.02619355581572393,TCRBV27-01,TCRBJ01-02
747ee69b9cd154537181a8275f379835,CSAVHPGPGHYTF,0.026153984045171018,TCRBV29-01,TCRBJ01-02
747ee69b9cd154537181a8275f379835,CATTPWGTAWIHYGYTF,0.02613953535658187,TCRBV06-X,TCRBJ01-02
747ee69b9cd154537181a8275f379835,WGTEAFF,0.026127325293675098,TCRBV11-03,TCRBJ01-01
747ee69b9cd154537181a8275f379835,CASSWGGGNFGAFF,0.026123559786334113,TCRBV27-01,TCRBJ01-01
747ee69b9cd154537181a8275f379835,CAWSAPGGANYGYTF,0.026076901057051804,TCRBV30-01,TCRBJ01-02
747ee69b9cd154537181a8275f379835,CASSSYYDYGYTF,0.02605654703156451,TCRBV06-02/06-03,TCRBJ01-02
747ee69b9cd154537181a8275f379835,CASSYWGGYTF,0.026047112951640868,TCRBV06-05,TCRBJ01-02
747ee69b9cd154537181a8275f379835,CASSHFNPFGAFF,0.025965700608166588,TCRBV03-01/03-02,TCRBJ01-01
747ee69b9cd154537181a8275f379835,CASSSYGGWKYF,0.02584596941142462,TCRBV07-X,TCRBJ02-03
747ee69b9cd154537181a8275f379835,CAWHWARGYGYTF,0.025808648672211706,TCRBV30-01,TCRBJ01-02
747ee69b9cd154537181a8275f379835,CAWSGTGGYNYGYTF,0.025781262178525798,TCRBV30-01,TCRBJ01-02
747ee69b9cd154537181a8275f379835,CASSLFSGGGWSNYGYTF,0.025780636412604075,TCRBV05-04,TCRBJ01-02
747ee69b9cd154537181a8275f379835,CASSWGGYGYTF,0.025745641031788894,TCRBV09-01,TCRBJ01-02
747ee69b9cd154537181a8275f379835,CASSMWGAPNYGYTF,0.0257217250479178,TCRBV19-01,TCRBJ01-02
747ee69b9cd154537181a8275f379835,CSVWGSHYYGYTF,0.02569950068514009,TCRBV29-01,TCRBJ01-02
747ee69b9cd154537181a8275f379835,CAWTPWGGTHTDTQYF,0.02566613137178196,TCRBV30-01,TCRBJ02-03
747ee69b9cd154537181a8275f379835,CAWSVMWTAAFF,0.025648795945217896,TCRBV30-01,TCRBJ01-01
747ee69b9cd154537181a8275f379835,CASSLWGTGYNYGYTF,0.025603196346161875,TCRBV28-01,TCRBJ01-02
747ee69b9cd154537181a8275f379835,CAWSWGGGYTF,0.02555282801275607,TCRBV30-01,TCRBJ01-02
747ee69b9cd154537181a8275f379835,CASSWWDGYTF,0.025511541830658697,TCRBV28-01,TCRBJ01-02
747ee69b9cd154537181a8275f379835,CASSHGTGAHYYGYTF,0.025461921463915446,TCRBV06-02/06-03,TCRBJ01-02
747ee69b9cd154537181a8275f379835,CASSSSYSGYGYTF,0.02543502773980547,TCRBV06-05,TCRBJ01-02
747ee69b9cd154537181a8275f379835,CASSQGWGNTGGAFF,0.025334419138679908,TCRBV04-02,TCRBJ01-01
747ee69b9cd154537181a8275f379835,CASSPWGGFGYTF,0.025320493820249496,TCRBV05-06,TCRBJ01-02
747ee69b9cd154537181a8275f379835,CASFF,0.02530143511605757,TCRBV27-01,TCRBJ02-07
747ee69b9cd154537181a8275f379835,CAWSSWGSNYGYTF,0.025297556269958152,TCRBV30-01,TCRBJ01-02
747ee69b9cd154537181a8275f379835,CAWSMGEGWVYGYTF,0.025289042184117264,TCRBV30-01,TCRBJ01-02
747ee69b9cd154537181a8275f379835,CASSYYGYTF,0.025281230020721406,TCRBV27-01,TCRBJ01-02
747ee69b9cd154537181a8275f379835,CASSWWGRQGNYGYTF,0.02522347866558462,TCRBV05-06,TCRBJ01-02
747ee69b9cd154537181a8275f379835,CASSPYSGTGYYGYTF,0.025203429399100568,TCRBV05-06,TCRBJ01-02
747ee69b9cd154537181a8275f379835,CAWGGIYGYTF,0.025200369026293183,TCRBV30-01,TCRBJ01-02
747ee69b9cd154537181a8275f379835,CASSGTGGWNYGYTF,0.02516988465037783,TCRBV07-09,TCRBJ01-02
747ee69b9cd154537181a8275f379835,CASGYWGAAFF,0.025120121991427873,TCRBV25-01,TCRBJ01-01
747ee69b9cd154537181a8275f379835,CASLTGKAFF,0.025105806661070713,TCRBV30-01,TCRBJ01-01
747ee69b9cd154537181a8275f379835,CASSSFSFGYTYGYTF,0.02509247181227663,TCRBV03-01/03-02,TCRBJ01-02
747ee69b9cd154537181a8275f379835,CASSYYTNYGYTF,0.025047421011112788,TCRBV12-03/12-04,TCRBJ01-02
747ee69b9cd154537181a8275f379835,CAIKPWGGYAFF,0.025034488807500626,TCRBV19-01,TCRBJ01-01
747ee69b9cd154537181a8275f379835,CASSYGGGWSGNTIYF,0.025029442546210184,TCRBV06-05,TCRBJ01-03
747ee69b9cd154537181a8275f379835,CASSYYPGTGAAFF,0.02500360708805162,TCRBV06-02/06-03,TCRBJ01-01
747ee69b9cd154537181a8275f379835,CATYHRRGYGYTF,0.024970581245083227,TCRBV06-X,TCRBJ01-02
747ee69b9cd154537181a8275f379835,CAWSVSPYYGYTF,0.024953620911792117,TCRBV30-01,TCRBJ01-02
747ee69b9cd154537181a8275f379835,CASCPGFGYGYTF,0.024952955261706426,TCRBV19-01,TCRBJ01-02
747ee69b9cd154537181a8275f379835,CASWEGGGYTF,0.024897103828167712,TCRBV06-X,TCRBJ01-02
747ee69b9cd154537181a8275f379835,CAWSVHGYYGYTF,0.024848815617929187,TCRBV30-01,TCRBJ01-02
747ee69b9cd154537181a8275f379835,CASSPGHHYGYTF,0.02484596905930881,TCRBV28-01,TCRBJ01-02
747ee69b9cd154537181a8275f379835,CAWLAWGTGANVLTF,0.024828835766612115,TCRBV30-01,TCRBJ02-06
747ee69b9cd154537181a8275f379835,CAWKLWTDHLRGYGYTF,0.024771033232402703,TCRBV30-01,TCRBJ01-02
747ee69b9cd154537181a8275f379835,CAWSPHWGYGYTF,0.024739560791330675,TCRBV30-01,TCRBJ01-02
747ee69b9cd154537181a8275f379835,CASSYRTAGYYGYTF,0.024738963981884934,TCRBV06-02/06-03,TCRBJ01-02
747ee69b9cd154537181a8275f379835,CAWTYWGEAFF,0.024736956504184213,TCRBV30-01,TCRBJ01-01
747ee69b9cd154537181a8275f379835,CAWSPWWGGTGKNIQYF,0.024730670502342688,TCRBV30-01,TCRBJ02-04
747ee69b9cd154537181a8275f379835,CASAWGWGPNGYTF,0.024725157873543964,TCRBV09-01,TCRBJ01-02
747ee69b9cd154537181a8275f379835,CASSGTGGWSYGYTF,0.024702358238814667,TCRBV02-01,TCRBJ01-02
747ee69b9cd154537181a8275f379835,CASSYFGSYGYTF,0.024700912223892247,TCRBV06-05,TCRBJ01-02
747ee69b9cd154537181a8275f379835,CASSYWGGGNSYEQYF,0.024696698142597312,TCRBV06-06,TCRBJ02-07
747ee69b9cd154537181a8275f379835,CASSYDGYYGYTF,0.024682306633299032,TCRBV06-02/06-03,TCRBJ01-02
747ee69b9cd154537181a8275f379835,CAWSIWWNTEAFF,0.02464852369825494,TCRBV30-01,TCRBJ01-01
747ee69b9cd154537181a8275f379835,CAISWRVYYGYTF,0.024645180838212804,TCRBV10-03,TCRBJ01-02
78614a8994e834668410c7045075df87,YF,0.043498104297022874,TCRBV09-01,TCRBJ02-05
78614a8994e834668410c7045075df87,CASSYYNNYGYTF,0.03680036844458823,TCRBV06-05,TCRBJ01-02
78614a8994e834668410c7045075df87,CASSYYRTYYGYTF,0.034753020684463384,TCRBV06-05,TCRBJ01-02
78614a8994e834668410c7045075df87,CASSYYYIPRFYGYTF,0.034100915549234286,TCRBV06-06,TCRBJ01-02
78614a8994e834668410c7045075df87,CYHWGGLYGYTF,0.03216305396941922,TCRBV05-08,TCRBJ01-02
78614a8994e834668410c7045075df87,CARMHAWGYGYTF,0.032077022492078895,TCRBV21-01,TCRBJ01-02
78614a8994e834668410c7045075df87,CSAYSGYYGYTF,0.03178488750577964,TCRBV20-X,TCRBJ01-02
78614a8994e834668410c7045075df87,WRAIYGYTF,0.03150456580087143,TCRBV20-01,TCRBJ01-02
78614a8994e834668410c7045075df87,CASSSWGGNNYGYTF,0.0311844997147407,TCRBV06-05,TCRBJ01-02
78614a8994e834668410c7045075df87,CASSYYSYGYTF,0.031029850371889843,TCRBV28-01,TCRBJ01-02
78614a8994e834668410c7045075df87,CASSYSGYYGYTF,0.029976799522669757,TCRBV06-05,TCRBJ01-02
78614a8994e834668410c7045075df87,CASSLYTHPGGGTEAFF,0.029633384829034812,TCRBV05-01,TCRBJ01-01
78614a8994e834668410c7045075df87,WVWYNEQFF,0.029339730083275162,TCRBV19-01,TCRBJ02-01
78614a8994e834668410c7045075df87,CASSYSYGFYGYTF,0.029204146836430987,TCRBV06-05,TCRBJ01-02
78614a8994e834668410c7045075df87,CASSYWDWAYF,0.029108284904302447,TCRBV06-02/06-03,TCRBJ02-07
78614a8994e834668410c7045075df87,CASSYRYYGYTF,0.02901523190828474,TCRBV12-03/12-04,TCRBJ01-02
78614a8994e834668410c7045075df87,RAKLFF,0.02898480740381522,TCRBV24-01,TCRBJ01-04
78614a8994e834668410c7045075df87,CASSYTYYTIYF,0.02889365592531889,TCRBV12-03/12-04,TCRBJ01-03
78614a8994e834668410c7045075df87,CSAYNSYYGYTF,0.02884532834672717,TCRBV20-X,TCRBJ01-02
78614a8994e834668410c7045075df87,CASGAPKQGWKKLFF,0.028742276863514056,TCRBV19-01,TCRBJ01-04
78614a8994e834668410c7045075df87,CASSYSWGGNYGYTF,0.0286819326723081,TCRBV06-05,TCRBJ01-02
78614a8994e834668410c7045075df87,CAWRRAFF,0.02862721206239132,TCRBV05-01,TCRBJ01-01
78614a8994e834668410c7045075df87,CASSQYYYYGYTF,0.028543342667447177,TCRBV02-01,TCRBJ01-02
78614a8994e834668410c7045075df87,CASSYAGYYGYTF,0.028347859690441374,TCRBV06-05,TCRBJ01-02
78614a8994e834668410c7045075df87,CASRPGLAGLPLVSYEQYF,0.02827345460806241,TCRBV06-X,TCRBJ02-07
78614a8994e834668410c7045075df87,CAWWGGYTF,0.028096239847992217,TCRBV30-01,TCRBJ01-02
78614a8994e834668410c7045075df87,CASSGSWGSNNYGYTF,0.02808597467676652,TCRBV06-01,TCRBJ01-02
78614a8994e834668410c7045075df87,CASCKGPGANVLTF,0.02792319067992813,TCRBV02-01,TCRBJ02-06
78614a8994e834668410c7045075df87,CASSYYQGGYTQYF,0.02791489216450958,TCRBV06-06,TCRBJ02-03
78614a8994e834668410c7045075df87,TQYF,0.027884071147928093,TCRBV24-01,TCRBJ02-03
78614a8994e834668410c7045075df87,CAWRNGGGWGSNYGYTF,0.0278493502755351,TCRBV30-01,TCRBJ01-02
78614a8994e834668410c7045075df87,CASWGWGQNYGYTF,0.027774733826650896,TCRBV12-X,TCRBJ01-02
78614a8994e834668410c7045075df87,CAPHNGGGPWQPQHF,0.02776852496508573,TCRBV12-02,TCRBJ01-05
78614a8994e834668410c7045075df87,CASGGYYGYTF,0.02755366410910952,TCRBV12-03/12-04,TCRBJ01-02
78614a8994e834668410c7045075df87,CASSYFNGGPYGYTF,0.027511776669398164,TCRBV28-01,TCRBJ01-02
78614a8994e834668410c7045075df87,RASSRWGQPNYGYTF,0.027496543266725248,TCRBV07-03,TCRBJ01-02
78614a8994e834668410c7045075df87,CASSPPHPHGYTF,0.027486755490148333,TCRBV28-01,TCRBJ01-02
78614a8994e834668410c7045075df87,CASNYGAWGGYTF,0.02735471037598521,TCRBV19-01,TCRBJ01-02
78614a8994e834668410c7045075df87,CASSWGWGGSSGYTF,0.027040603649632882,TCRBV28-01,TCRBJ01-02
78614a8994e834668410c7045075df87,CASSLRPWGYGYTF,0.02701863609316648,TCRBV27-01,TCRBJ01-02
78614a8994e834668410c7045075df87,CAIWVWGYGYTF,0.027013240129403402,TCRBV19-01,TCRBJ01-02
78614a8994e834668410c7045075df87,LFF,0.026945610118572126,TCRBV05-01,TCRBJ02-02
78614a8994e834668410c7045075df87,CASHWGGHGYTF,0.026935559969198625,TCRBV07-09,TCRBJ01-02
78614a8994e834668410c7045075df87,CASGYPYGYTF,0.02686202936900501,TCRBV27-01,TCRBJ01-02
78614a8994e834668410c7045075df87,CASSYGWGKYGYTF,0.026854824129278115,TCRBV28-01,TCRBJ01-02
78614a8994e834668410c7045075df87,CASSHPWGGYTF,0.026722995030928537,TCRBV04-02,TCRBJ01-02
78614a8994e834668410c7045075df87,CASSSYWDSPYGYTF,0.026698693215678245,TCRBV27-01,TCRBJ01-02
78614a8994e834668410c7045075df87,CASNNGGGAGYGYTF,0.02667406470747988,TCRBV28-01,TCRBJ01-02
78614a8994e834668410c7045075df87,CASSNPFGGVNTEAFF,0.02665728422890263,TCRBV07-09,TCRBJ01-01
78614a8994e834668410c7045075df87,CASWGYGYTF,0.026580954415647378,TCRBV28-01,TCRBJ01-02
78614a8994e834668410c7045075df87,CAGYEGIWGYTF,0.02651765894717068,TCRBV06-06,TCRBJ01-02
78614a8994e834668410c7045075df87,CASSVPLWGNTEAFF,0.026491288265245362,TCRBV19-01,TCRBJ01-01
78614a8994e834668410c7045075df87,CASSYYQGNYGYTF,0.026442853534390777,TCRBV07-02,TCRBJ01-02
78614a8994e834668410c7045075df87,CASSFGWGNYGYTF,0.026429224988476736,TCRBV28-01,TCRBJ01-02
78614a8994e834668410c7045075df87,CATSYFWGGQHYGYTF,0.026364140488016597,TCRBV28-01,TCRBJ01-02
78614a8994e834668410c7045075df87,CASSWKGPWGGYTF,0.026209764719627483,TCRBV27-01,TCRBJ01-02
78614a8994e834668410c7045075df87,CASSFWGAVEKLFF,0.02620904060093827,TCRBV05-05,TCRBJ01-04
78614a8994e834668410c7045075df87,F,0.026169089102652747,TCRBV05-01,TCRBJ02-07
78614a8994e834668410c7045075df87,CASGYYGYTF,0.026163631958661268,TCRBV28-01,TCRBJ01-02
78614a8994e834668410c7045075df87,CAGSGYFNYGYTF,0.026161542346529322,TCRBV28-01,TCRBJ01-02
78614a8994e834668410c7045075df87,WETHIAKNIQYF,0.02615525778433511,TCRBV27-01,TCRBJ02-04
78614a8994e834668410c7045075df87,CASSYSGSGGFYGYTF,0.026051244300414413,TCRBV06-05,TCRBJ01-02
78614a8994e834668410c7045075df87,CAWSYSYGYTF,0.026025326558704844,TCRBV30-01,TCRBJ01-02
78614a8994e834668410c7045075df87,CSAGWWDYGYTF,0.026003225785543895,TCRBV20-X,TCRBJ01-02
78614a8994e834668410c7045075df87,CASMRYYGARSYGYTF,0.025961354868906574,TCRBV06-X,TCRBJ01-02
78614a8994e834668410c7045075df87,CSAPGHHYGYTF,0.02589849858946621,TCRBV20-X,TCRBJ01-02
78614a8994e834668410c7045075df87,CAGHPGNYYGYTF,0.025879952503949727,TCRBV30-01,TCRBJ01-02
78614a8994e834668410c7045075df87,CASSWDNREKRYWYF,0.0258539754751691,TCRBV07-02,TCRBJ02-03
78614a8994e834668410c7045075df87,CASSYSYSGNYGYTF,0.025770994301350728,TCRBV06-05,TCRBJ01-02
78614a8994e834668410c7045075df87,CSIHKVAIYGYTF,0.02573851807057379,TCRBV20-X,TCRBJ01-02
78614a8994e834668410c7045075df87,CASSLTWGGWGYGYTF,0.0257347563070551,TCRBV06-X,TCRBJ01-02
78614a8994e834668410c7045075df87,CASSTSGGGFNYGYTF,0.025734007605131413,TCRBV19-01,TCRBJ01-02
78614a8994e834668410c7045075df87,IKGINYGYTF,0.0257316899018856,TCRBV18-01,TCRBJ01-02
78614a8994e834668410c7045075df87,CSAPWHGYTF,0.025711053227812853,TCRBV20-01,TCRBJ01-02
78614a8994e834668410c7045075df87,CASSYMGYNGYTF,0.025677025115288528,TCRBV05-06,TCRBJ01-02
78614a8994e834668410c7045075df87,CASGGMYYGYTF,0.02567679994927094,TCRBV27-01,TCRBJ01-02
78614a8994e834668410c7045075df87,CASTHHSGSGYYGYTF,0.025633372925289923,TCRBV12-X,TCRBJ01-02
78614a8994e834668410c7045075df87,CASSNTGAGGGYGYTF,0.025632857838857413,TCRBV28-01,TCRBJ01-02
78614a8994e834668410c7045075df87,CASTGWWAGGMHTQYF,0.025625476536785645,TCRBV23-01,TCRBJ02-03
78614a8994e834668410c7045075df87,CSAHWGANYGYTF,0.025617570614335422,TCRBV20-X,TCRBJ01-02
78614a8994e834668410c7045075df87,CASSYSASYNYGYTF,0.02559713158424506,TCRBV06-05,TCRBJ01-02
78614a8994e834668410c7045075df87,CASSWGPGANYGYTF,0.025589578979479673,TCRBV27-01,TCRBJ01-02
78614a8994e834668410c7045075df87,CASSFVDQIKAFF,0.025557251148205146,TCRBV07-09,TCRBJ01-01
78614a8994e834668410c7045075df87,CSALTGKAFF,0.02554350179675187,TCRBV20-01,TCRBJ01-01
78614a8994e834668410c7045075df87,CAWGAGVNYGYTF,0.02552448125586657,TCRBV30-01,TCRBJ01-02
78614a8994e834668410c7045075df87,CSGGHNYGYTF,0.025524255909955242,TCRBV20-01,TCRBJ01-02
78614a8994e834668410c7045075df87,CASSYPYGYTF,0.025505150067636057,TCRBV06-02/06-03,TCRBJ01-02
78614a8994e834668410c7045075df87,CASSYGWGYTF,0.02549473456993343,TCRBV07-09,TCRBJ01-02
78614a8994e834668410c7045075df87,CASSHWDTGAFF,0.025485542988359332,TCRBV16-01,TCRBJ01-01
78614a8994e834668410c7045075df87,CASSYSWGSGYTF,0.025441647712032306,TCRBV06-02/06-03,TCRBJ01-02
78614a8994e834668410c7045075df87,CASSFYGPYGYTF,0.025423725947213434,TCRBV28-01,TCRBJ01-02
78614a8994e834668410c7045075df87,CASSYGGYYGYTF,0.025402721840629465,TCRBV06-06,TCRBJ01-02
78614a8994e834668410c7045075df87,CASFGYYGYTF,0.025298560099161642,TCRBV09-01,TCRBJ01-02
78614a8994e834668410c7045075df87,CASSSGFGGNYGYTF,0.025246733628686978,TCRBV28-01,TCRBJ01-02
78614a8994e834668410c7045075df87,CAWSYGPPSYEQYF,0.02523273357824242,TCRBV30-01,TCRBJ02-07
78614a8994e834668410c7045075df87,CASSYPEGQGKGWGQFF,0.02521077430626827,TCRBV06-X,TCRBJ02-01
78614a8994e834668410c7045075df87,CASSHHKGYGYTF,0.025210383208814312,TCRBV06-02/06-03,TCRBJ01-02
78614a8994e834668410c7045075df87,GIWDTQYF,0.025181903189645572,TCRBV05-01,TCRBJ02-03
7dce51f8ac87250725d663d256aa1fe5,CASSYYHTTGSYYGYTF,0.03443890780452597,TCRBV06-X,TCRBJ01-02
7dce51f8ac87250725d663d256aa1fe5,CASRPSPFVGYGYTF,0.032833712592302,TCRBV12-X,TCRBJ01-02
7dce51f8ac87250725d663d256aa1fe5,CASSYYYRGGAFF,0.032722906401434125,TCRBV06-05,TCRBJ01-01
7dce51f8ac87250725d663d256aa1fe5,CASSYWGGANYGYTF,0.03219195151436541,TCRBV06-05,TCRBJ01-02
7dce51f8ac87250725d663d256aa1fe5,CASSFSSFCFF,0.03193610627782887,TCRBV12-03/12-04,TCRBJ02-01
7dce51f8ac87250725d663d256aa1fe5,CAWAGGYNYGYTF,0.03163901410333555,TCRBV30-01,TCRBJ01-02
7dce51f8ac87250725d663d256aa1fe5,CAWYTGAYGYTF,0.03156873301423477,TCRBV30-01,TCRBJ01-02
7dce51f8ac87250725d663d256aa1fe5,CASSYWGGNYGYTF,0.031199337932094496,TCRBV06-05,TCRBJ01-02
7dce51f8ac87250725d663d256aa1fe5,CASSYYRSYGYTF,0.03060435552200574,TCRBV06-05,TCRBJ01-02
7dce51f8ac87250725d663d256aa1fe5,CASSKVYRGLLKNTGELFF,0.030506675471091836,TCRBV21-01,TCRBJ02-02
7dce51f8ac87250725d663d256aa1fe5,CASGGCCWGFF,0.030142738859384274,TCRBV12-05,TCRBJ01-01
7dce51f8ac87250725d663d256aa1fe5,CASSYSWTGYYGYTF,0.030104921921168794,TCRBV06-05,TCRBJ01-02
7dce51f8ac87250725d663d256aa1fe5,CASSYSWGPGYGYTF,0.03000937473539904,TCRBV06-05,TCRBJ01-02
7dce51f8ac87250725d663d256aa1fe5,CASSYSGYYGYTF,0.02997682725380613,TCRBV06-02/06-03,TCRBJ01-02
7dce51f8ac87250725d663d256aa1fe5,CASSYSPYYGYTF,0.029831190975045305,TCRBV06-05,TCRBJ01-02
7dce51f8ac87250725d663d256aa1fe5,WTYGYTF,0.029541286131120153,TCRBV05-02,TCRBJ01-02
7dce51f8ac87250725d663d256aa1fe5,CASSYSGWTGGFSYGYTF,0.0294220471956764,TCRBV06-X,TCRBJ01-02
7dce51f8ac87250725d663d256aa1fe5,CASSYIYYGYTF,0.029272999645669893,TCRBV11-02,TCRBJ01-02
7dce51f8ac87250725d663d256aa1fe5,CASSYPPWYF,0.029143786225026138,TCRBV06-06,TCRBJ02-07
7dce51f8ac87250725d663d256aa1fe5,CAARYIYGYTF,0.02907146274361747,TCRBV28-01,TCRBJ01-02
7dce51f8ac87250725d663d256aa1fe5,CASTYPGPPSYEQYF,0.028833440638622178,TCRBV06-X,TCRBJ02-07
7dce51f8ac87250725d663d256aa1fe5,WNTEAFF,0.028793948721956703,TCRBV20-01,TCRBJ01-01
7dce51f8ac87250725d663d256aa1fe5,CAWGGGVYYGYTF,0.028692704913329026,TCRBV30-01,TCRBJ01-02
7dce51f8ac87250725d663d256aa1fe5,CASSYYPSYGYTF,0.028572551419834957,TCRBV06-02/06-03,TCRBJ01-02
7dce51f8ac87250725d663d256aa1fe5,CASSFWGGANYGYTF,0.028397134489256834,TCRBV28-01,TCRBJ01-02
7dce51f8ac87250725d663d256aa1fe5,WFRYEQYF,0.028208714463027838,TCRBV05-08,TCRBJ02-07
7dce51f8ac87250725d663d256aa1fe5,CAWTPPPTYEQYF,0.02815336032360019,TCRBV30-01,TCRBJ02-07
7dce51f8ac87250725d663d256aa1fe5,CASSYWGANYGYTF,0.02808252719066013,TCRBV06-01,TCRBJ01-02
7dce51f8ac87250725d663d256aa1fe5,CATPYF,0.028073293076761482,TCRBV06-09,TCRBJ02-05
7dce51f8ac87250725d663d256aa1fe5,CAWAQGHHQPQHF,0.027993807028372137,TCRBV30-01,TCRBJ01-05
7dce51f8ac87250725d663d256aa1fe5,CAWSVPGGYNTEAFF,0.027886310562576108,TCRBV30-01,TCRBJ01-01
7dce51f8ac87250725d663d256aa1fe5,CASTYGGTWGNYGYTF,0.027755503290067613,TCRBV06-X,TCRBJ01-02
7dce51f8ac87250725d663d256aa1fe5,CASSHNYNPNYGYTF,0.027716390322961866,TCRBV12-X,TCRBJ01-02
7dce51f8ac87250725d663d256aa1fe5,CASSIWTGLKAFF,0.0276666756676594,TCRBV19-01,TCRBJ01-01
7dce51f8ac87250725d663d256aa1fe5,CASSYSTGYYGYTF,0.02764570721156523,TCRBV06-05,TCRBJ01-02
7dce51f8ac87250725d663d256aa1fe5,CASSYGSYYGYTF,0.02755420552244958,TCRBV06-05,TCRBJ01-02
7dce51f8ac87250725d663d256aa1fe5,CASGGYYGYTF,0.02755365292959195,TCRBV28-01,TCRBJ01-02
7dce51f8ac87250725d663d256aa1fe5,IRGIYGYTF,0.027215385918409944,TCRBV10-03,TCRBJ01-02
7dce51f8ac87250725d663d256aa1fe5,CAWGPPGPTF,0.027204652736037845,TCRBV30-01,TCRBJ01-02
7dce51f8ac87250725d663d256aa1fe5,CSVIHYIYGYTF,0.027059107852954036,TCRBV29-01,TCRBJ01-02
7dce51f8ac87250725d663d256aa1fe5,CASSYRAYYGYTF,0.026997207266359947,TCRBV06-05,TCRBJ01-02
7dce51f8ac87250725d663d256aa1fe5,LFF,0.026945710138376235,TCRBV25-01,TCRBJ02-02
7dce51f8ac87250725d663d256aa1fe5,CAWGPSWGYSYEQYF,0.026925525957984843,TCRBV30-01,TCRBJ02-07
7dce51f8ac87250725d663d256aa1fe5,CASSYGGFYGYTF,0.026884746349950795,TCRBV06-05,TCRBJ01-02
7dce51f8ac87250725d663d256aa1fe5,CASSYYRGGYTF,0.026837565684918154,TCRBV02-01,TCRBJ01-02
7dce51f8ac87250725d663d256aa1fe5,CRYGGNYGYTF,0.026787065473712453,TCRBV20-01,TCRBJ01-02
7dce51f8ac87250725d663d256aa1fe5,CAWSWGGVGYGYTF,0.026719632744737407,TCRBV30-01,TCRBJ01-02
7dce51f8ac87250725d663d256aa1fe5,CAWKWNTEAFF,0.02666967637949936,TCRBV30-01,TCRBJ01-01
7dce51f8ac87250725d663d256aa1fe5,CASSIVGFTGELFF,0.026657409499111377,TCRBV19-01,TCRBJ02-02
7dce51f8ac87250725d663d256aa1fe5,CASSGGPYYGYTF,0.02665720844843701,TCRBV19-01,TCRBJ01-02
7dce51f8ac87250725d663d256aa1fe5,CAWRGGGHYYGYTF,0.026587016070815334,TCRBV30-01,TCRBJ01-02
7dce51f8ac87250725d663d256aa1fe5,CASSGWGNYGYTF,0.0264649308094118,TCRBV06-X,TCRBJ01-02
7dce51f8ac87250725d663d256aa1fe5,CASSFSGAAWWAF,0.026400168281203295,TCRBV05-01,TCRBJ01-01
7dce51f8ac87250725d663d256aa1fe5,WHEKLFF,0.026397616039139104,TCRBV23-01,TCRBJ01-04
7dce51f8ac87250725d663d256aa1fe5,CAWNTGGYYGYTF,0.0263403900653596,TCRBV30-01,TCRBJ01-02
7dce51f8ac87250725d663d256aa1fe5,CASSYYPTAYGYTF,0.026291691228433174,TCRBV06-05,TCRBJ01-02
7dce51f8ac87250725d663d256aa1fe5,CAWSPYSGYGYTF,0.02613680585217851,TCRBV30-01,TCRBJ01-02
7dce51f8ac87250725d663d256aa1fe5,CAF,0.026059802394232955,TCRBV11-03,TCRBJ01-02
7dce51f8ac87250725d663d256aa1fe5,CAWSEGWGYGYTF,0.02603794218521844,TCRBV30-01,TCRBJ01-02
7dce51f8ac87250725d663d256aa1fe5,CSAYRGYGYTF,0.026027395004767036,TCRBV20-01,TCRBJ01-02
7dce51f8ac87250725d663d256aa1fe5,CASRPVWNTEAFF,0.026005515962517874,TCRBV27-01,TCRBJ01-01
7dce51f8ac87250725d663d256aa1fe5,CASSYSMYNYGYTF,0.025868186401670594,TCRBV06-06,TCRBJ01-02
7dce51f8ac87250725d663d256aa1fe5,CASSGYWASNYGYTF,0.025734003121950233,TCRBV12-X,TCRBJ01-02
7dce51f8ac87250725d663d256aa1fe5,CAWSVARVYTF,0.02572454978453135,TCRBV30-01,TCRBJ01-02
7dce51f8ac87250725d663d256aa1fe5,CAPHTF,0.025714692153583234,TCRBV21-01,TCRBJ01-02
7dce51f8ac87250725d663d256aa1fe5,CAIAYWQGGYGYTF,0.02569495957216693,TCRBV28-01,TCRBJ01-02
7dce51f8ac87250725d663d256aa1fe5,CASSYSGNSYSYGYTF,0.02566809599788354,TCRBV06-05,TCRBJ01-02
7dce51f8ac87250725d663d256aa1fe5,RASSSAAPHQPQHF,0.02563895168897613,TCRBV07-03,TCRBJ01-05
7dce51f8ac87250725d663d256aa1fe5,CASYGHGGNWNTIYF,0.025633984789610723,TCRBV28-01,TCRBJ01-03
7dce51f8ac87250725d663d256aa1fe5,CASSYSWGAGGYGYTF,0.025581192052544503,TCRBV06-05,TCRBJ01-02
7dce51f8ac87250725d663d256aa1fe5,CANARANGANVLTF,0.02557168198524492,TCRBV07-09,TCRBJ02-06
7dce51f8ac87250725d663d256aa1fe5,CASSYQGYHQPQHF,0.025550745834937483,TCRBV06-02/06-03,TCRBJ01-05
7dce51f8ac87250725d663d256aa1fe5,CASSWGGSPNYGYTF,0.02553577771924638,TCRBV05-04,TCRBJ01-02
7dce51f8ac87250725d663d256aa1fe5,CASSGWGGNYGYTF,0.025508932487263724,TCRBV19-01,TCRBJ01-02
7dce51f8ac87250725d663d256aa1fe5,CAWSPYTYGYTF,0.025504418240655465,TCRBV30-01,TCRBJ01-02
7dce51f8ac87250725d663d256aa1fe5,CASSYVGWGYGYTF,0.02547866325971024,TCRBV06-06,TCRBJ01-02
7dce51f8ac87250725d663d256aa1fe5,CASSYSWGGHGYTF,0.025454558527374455,TCRBV05-01,TCRBJ01-02
7dce51f8ac87250725d663d256aa1fe5,WIPGRNTEAFF,0.025452791672033907,TCRBV27-01,TCRBJ01-01
7dce51f8ac87250725d663d256aa1fe5,CASSYHHPGTGGGYTF,0.025437703602441856,TCRBV06-05,TCRBJ01-02
7dce51f8ac87250725d663d256aa1fe5,CAWRKRMKYF,0.025288876162213984,TCRBV30-01,TCRBJ02-07
7dce51f8ac87250725d663d256aa1fe5,CASSWGGNGNGYTF,0.025283794642516504,TCRBV05-01,TCRBJ01-02
7dce51f8ac87250725d663d256aa1fe5,CASIWVGWGGAEAFF,0.025280510327036234,TCRBV02-01,TCRBJ01-01
7dce51f8ac87250725d663d256aa1fe5,CASIGGWPNYGYTF,0.025276473068611048,TCRBV28-01,TCRBJ01-02
7dce51f8ac87250725d663d256aa1fe5,CAWSVWPGGTAEGTEAFF,0.02524804647544363,TCRBV30-01,TCRBJ01-01
7dce51f8ac87250725d663d256aa1fe5,NTIYF,0.025188596556331704,TCRBV24-01,TCRBJ01-03
7dce51f8ac87250725d663d256aa1fe5,CAWGTGFGAFF,0.025169350850285287,TCRBV30-01,TCRBJ01-01
7dce51f8ac87250725d663d256aa1fe5,CAWNFKGAWGNTIYF,0.025161229674631413,TCRBV30-01,TCRBJ01-03
7dce51f8ac87250725d663d256aa1fe5,CASSPGTGYYYGYTF,0.02510745375963496,TCRBV05-06,TCRBJ01-02
7dce51f8ac87250725d663d256aa1fe5,CAWSVWAGGATEAFF,0.025060582535403553,TCRBV30-01,TCRBJ01-01
7dce51f8ac87250725d663d256aa1fe5,CAPRAPKFF,0.025028917466126847,TCRBV27-01,TCRBJ02-01
7dce51f8ac87250725d663d256aa1fe5,CASSYHGPTYGYTF,0.02502118214230625,TCRBV06-05,TCRBJ01-02
7dce51f8ac87250725d663d256aa1fe5,CAWSWKGGGYTF,0.02496436071715841,TCRBV30-01,TCRBJ01-02
7dce51f8ac87250725d663d256aa1fe5,CAVWGGPYGYTF,0.024933687916068915,TCRBV28-01,TCRBJ01-02
7dce51f8ac87250725d663d256aa1fe5,CASSYSGGSAYYGYTF,0.02489856971783848,TCRBV06-05,TCRBJ01-02
817574bbc8bdf97bed43b01210c93aa9,YF,0.043498104297022874,TCRBV05-04,TCRBJ01-03
817574bbc8bdf97bed43b01210c93aa9,CSARPRPLLGNTIYF,0.03832226677990845,TCRBV20-X,TCRBJ01-03
817574bbc8bdf97bed43b01210c93aa9,WHRWYLPQHF,0.03754023097380321,TCRBV14-01,TCRBJ01-05
817574bbc8bdf97bed43b01210c93aa9,CAWSWGWGYTF,0.03221106573637273,TCRBV30-01,TCRBJ01-02
817574bbc8bdf97bed43b01210c93aa9,CASSLWDTITEAFF,0.03163980484291265,TCRBV05-05,TCRBJ01-01
817574bbc8bdf97bed43b01210c93aa9,CASSYWGSNYGYTF,0.03065511738279988,TCRBV06-02/06-03,TCRBJ01-02
817574bbc8bdf97bed43b01210c93aa9,CASTYWWGFGYTF,0.03056903687783505,TCRBV06-05,TCRBJ01-02
817574bbc8bdf97bed43b01210c93aa9,CASSQGAKGPKGGNTIYF,0.030568849644435014,TCRBV04-01,TCRBJ01-03
817574bbc8bdf97bed43b01210c93aa9,CASSWWGNYGYTF,0.030565718065512577,TCRBV07-02,TCRBJ01-02
817574bbc8bdf97bed43b01210c93aa9,CASSYVGYYGYTF,0.029996250352935298,TCRBV06-05,TCRBJ01-02
817574bbc8bdf97bed43b01210c93aa9,CAWSWGGPNYGYTF,0.02970993795644535,TCRBV30-01,TCRBJ01-02
817574bbc8bdf97bed43b01210c93aa9,CASSSYGPSWGGYTF,0.029556884463635236,TCRBV05-01,TCRBJ01-02
817574bbc8bdf97bed43b01210c93aa9,CASSVGWDTWAPWYGYTF,0.029455588452132694,TCRBV09-01,TCRBJ01-02
817574bbc8bdf97bed43b01210c93aa9,CAWSVQGHWWW,0.029397592865859933,TCRBV30-01,TCRBJ02-X
817574bbc8bdf97bed43b01210c93aa9,CASSYSYSHYGYTF,0.0290042364403898,TCRBV06-05,TCRBJ01-02
817574bbc8bdf97bed43b01210c93aa9,CASSFYGTGGGWYGYTF,0.028888695894571506,TCRBV05-08,TCRBJ01-02
817574bbc8bdf97bed43b01210c93aa9,CASSYYGTNYGYTF,0.028844768995344588,TCRBV06-02/06-03,TCRBJ01-02
817574bbc8bdf97bed43b01210c93aa9,CARANRRWHF,0.02842499303138784,TCRBV07-02,TCRBJ01-05
817574bbc8bdf97bed43b01210c93aa9,CAPGGYYGYTF,0.028264914233113815,TCRBV24-01,TCRBJ01-02
817574bbc8bdf97bed43b01210c93aa9,CSAPYYGYTF,0.028122860329746948,TCRBV20-01,TCRBJ01-02
817574bbc8bdf97bed43b01210c93aa9,CAWGGGYGYTF,0.02810525498167812,TCRBV30-01,TCRBJ01-02
817574bbc8bdf97bed43b01210c93aa9,CAWGPWDTIYF,0.028006482962807097,TCRBV30-01,TCRBJ01-03
817574bbc8bdf97bed43b01210c93aa9,CASSWGSYNYGYTF,0.027991697076733428,TCRBV05-04,TCRBJ01-02
817574bbc8bdf97bed43b01210c93aa9,CASSYWDGWGPYSNQPQHF,0.027839713133579507,TCRBV07-09,TCRBJ01-05
817574bbc8bdf97bed43b01210c93aa9,CASSSHGGGNSGGYTF,0.027826768677753997,TCRBV05-06,TCRBJ01-02
817574bbc8bdf97bed43b01210c93aa9,CAWSVWGGGYGYTF,0.027695133269066727,TCRBV30-01,TCRBJ01-02
817574bbc8bdf97bed43b01210c93aa9,CASSEWWGTF,0.02763525760436805,TCRBV06-01,TCRBJ02-07
817574bbc8bdf97bed43b01210c93aa9,CASSYGNYNYGYTF,0.027621584238663177,TCRBV06-05,TCRBJ01-02
817574bbc8bdf97bed43b01210c93aa9,CSALFGGYYYGYTF,0.02746358557378224,TCRBV29-01,TCRBJ01-02
817574bbc8bdf97bed43b01210c93aa9,CASSYFGGPYGYTF,0.027357990139643077,TCRBV06-05,TCRBJ01-02
817574bbc8bdf97bed43b01210c93aa9,WVLWGGHQPQHF,0.027357733200454235,TCRBV06-09,TCRBJ01-05
817574bbc8bdf97bed43b01210c93aa9,CASSEWGGYPNYGYTF,0.027330959360268445,TCRBV06-01,TCRBJ01-02
817574bbc8bdf97bed43b01210c93aa9,CASAGPSSWPGYYGYTF,0.02730245388819104,TCRBV06-X,TCRBJ01-02
817574bbc8bdf97bed43b01210c93aa9,CASSYGWGNYGYTF,0.027244063670212232,TCRBV06-02/06-03,TCRBJ01-02
817574bbc8bdf97bed43b01210c93aa9,CASSYWATPYGYTF,0.027140527277878926,TCRBV06-02/06-03,TCRBJ01-02
817574bbc8bdf97bed43b01210c93aa9,CASSYGPFYGYTF,0.02707131110610803,TCRBV06-02/06-03,TCRBJ01-02
817574bbc8bdf97bed43b01210c93aa9,CAPWHPNYGYTF,0.02700600485305877,TCRBV04-02,TCRBJ01-02
817574bbc8bdf97bed43b01210c93aa9,CASSAPWGWDYGYTF,0.026954563320813325,TCRBV07-09,TCRBJ01-02
817574bbc8bdf97bed43b01210c93aa9,CSAAWGHGYGYTF,0.026950442737945675,TCRBV20-X,TCRBJ01-02
817574bbc8bdf97bed43b01210c93aa9,CASSYGGPFYGYTF,0.026655134619473126,TCRBV06-02/06-03,TCRBJ01-02
817574bbc8bdf97bed43b01210c93aa9,CAWKYWDVLTF,0.026578436062177444,TCRBV30-01,TCRBJ02-06
817574bbc8bdf97bed43b01210c93aa9,CASSGYNNYGYTF,0.026490770242540776,TCRBV07-02,TCRBJ01-02
817574bbc8bdf97bed43b01210c93aa9,CAWWTGYAEAFF,0.026450496119147016,TCRBV30-01,TCRBJ01-01
817574bbc8bdf97bed43b01210c93aa9,CASSYRDNYNYGYTF,0.026444078044983235,TCRBV05-08,TCRBJ01-02
817574bbc8bdf97bed43b01210c93aa9,GARGGGAQMWWNYGYTF,0.026378685471678816,TCRBV12-X,TCRBJ01-02
817574bbc8bdf97bed43b01210c93aa9,CACYDASYYGYTF,0.026369953566065443,TCRBV30-01,TCRBJ01-02
817574bbc8bdf97bed43b01210c93aa9,CASSYYGTGGWSYTF,0.026349658357647535,TCRBV06-05,TCRBJ01-02
817574bbc8bdf97bed43b01210c93aa9,CASIGVNFYYGYTF,0.026328061214189624,TCRBV06-X,TCRBJ01-02
817574bbc8bdf97bed43b01210c93aa9,CAWSVPWGANVLTF,0.026310564105834117,TCRBV30-01,TCRBJ02-06
817574bbc8bdf97bed43b01210c93aa9,CASSHACAPHF,0.02625050185601905,TCRBV10-01,TCRBJ01-06
817574bbc8bdf97bed43b01210c93aa9,CASTTRWGWGNYGYTF,0.026231319202518564,TCRBV06-04,TCRBJ01-02
817574bbc8bdf97bed43b01210c93aa9,CASSYAVYYGYTF,0.026122762167110816,TCRBV06-05,TCRBJ01-02
817574bbc8bdf97bed43b01210c93aa9,CAWWRVRFYGYTF,0.026116191050723808,TCRBV30-01,TCRBJ01-02
817574bbc8bdf97bed43b01210c93aa9,CAWSVYRSNHYYGYTF,0.026042988287947405,TCRBV30-01,TCRBJ01-02
817574bbc8bdf97bed43b01210c93aa9,CASSYGGPHNYGYTF,0.025978686270344657,TCRBV06-05,TCRBJ01-02
817574bbc8bdf97bed43b01210c93aa9,CAWSWGEEGYTF,0.025964193160899356,TCRBV30-01,TCRBJ01-02
817574bbc8bdf97bed43b01210c93aa9,CVYPPQHF,0.02595257209556171,TCRBV09-01,TCRBJ01-05
817574bbc8bdf97bed43b01210c93aa9,CASSWSGGNNYGYTF,0.02591064517830318,TCRBV19-01,TCRBJ01-02
817574bbc8bdf97bed43b01210c93aa9,CATGPWPPGYTF,0.025893198602941984,TCRBV27-01,TCRBJ01-02
817574bbc8bdf97bed43b01210c93aa9,CASNPFGNYGYTF,0.025848670850392275,TCRBV06-05,TCRBJ01-02
817574bbc8bdf97bed43b01210c93aa9,CAWKWGGANVLTF,0.02581846041136382,TCRBV30-01,TCRBJ02-06
817574bbc8bdf97bed43b01210c93aa9,CASSYYGGYYEQYF,0.025779064577784408,TCRBV06-02/06-03,TCRBJ02-07
817574bbc8bdf97bed43b01210c93aa9,CASSWGGYGYTF,0.025745641031788894,TCRBV12-03/12-04,TCRBJ01-02
817574bbc8bdf97bed43b01210c93aa9,CASSYWTGGSYGYTF,0.025745084878455858,TCRBV06-05,TCRBJ01-02
817574bbc8bdf97bed43b01210c93aa9,CASSEWGGPWGYTF,0.025743362671360733,TCRBV06-01,TCRBJ01-02
817574bbc8bdf97bed43b01210c93aa9,CASSSWGTGGAYGYTF,0.02563837395588534,TCRBV28-01,TCRBJ01-02
817574bbc8bdf97bed43b01210c93aa9,CASSWRGWYGYTF,0.025633758502365385,TCRBV12-03/12-04,TCRBJ01-02
817574bbc8bdf97bed43b01210c93aa9,CASYWPANYGYTF,0.025607784132615875,TCRBV06-06,TCRBJ01-02
817574bbc8bdf97bed43b01210c93aa9,CASSFYRGYGYTF,0.025582991360729352,TCRBV12-03/12-04,TCRBJ01-02
817574bbc8bdf97bed43b01210c93aa9,CASSYWSYGYTF,0.0255807864451773,TCRBV06-05,TCRBJ01-02
817574bbc8bdf97bed43b01210c93aa9,CASSGDYYFWYF,0.025554006453174107,TCRBV06-05,TCRBJ02-07
817574bbc8bdf97bed43b01210c93aa9,CASGFPGGYYGYTF,0.025475706479539357,TCRBV28-01,TCRBJ01-02
817574bbc8bdf97bed43b01210c93aa9,CASSYWGTGGGYTF,0.02546877903736306,TCRBV06-05,TCRBJ01-02
817574bbc8bdf97bed43b01210c93aa9,CASTPWGVPGWPQHF,0.02546069687518836,TCRBV19-01,TCRBJ01-05
817574bbc8bdf97bed43b01210c93aa9,CASIAWGANVLTF,0.025451956338500427,TCRBV28-01,TCRBJ02-06
817574bbc8bdf97bed43b01210c93aa9,CSAIYRGYGYTF,0.025440226049751016,TCRBV20-X,TCRBJ01-02
817574bbc8bdf97bed43b01210c93aa9,CASSLWGGNNYGYTF,0.025385158579215566,TCRBV07-09,TCRBJ01-02
817574bbc8bdf97bed43b01210c93aa9,CAWNPWGGTEAFF,0.025379694048272197,TCRBV30-01,TCRBJ01-01
817574bbc8bdf97bed43b01210c93aa9,CSVHGLWLAGGPSYNEQFF,0.025345208145360405,TCRBV29-01,TCRBJ02-01
817574bbc8bdf97bed43b01210c93aa9,CACPLPGPGANVLTF,0.025342350367448092,TCRBV30-01,TCRBJ02-06
817574bbc8bdf97bed43b01210c93aa9,CASSPHPVPYF,0.02534048363204343,TCRBV21-01,TCRBJ02-04
817574bbc8bdf97bed43b01210c93aa9,CASSYIPGYGYTF,0.02533282376417264,TCRBV06-05,TCRBJ01-02
817574bbc8bdf97bed43b01210c93aa9,CAWAWGGVNTEAFF,0.025306412763666738,TCRBV30-01,TCRBJ01-01
817574bbc8bdf97bed43b01210c93aa9,CAWSPYRGYGYTF,0.025301914316479795,TCRBV30-01,TCRBJ01-02
817574bbc8bdf97bed43b01210c93aa9,CASKPTGGGWYGYTF,0.025295885266984654,TCRBV06-05,TCRBJ01-02
817574bbc8bdf97bed43b01210c93aa9,CASSYYGYTF,0.025281230020721406,TCRBV06-06,TCRBJ01-02
817574bbc8bdf97bed43b01210c93aa9,CASSYYGYGIQYF,0.025256265380252153,TCRBV06-02/06-03,TCRBJ02-04
817574bbc8bdf97bed43b01210c93aa9,CASNTEEWNTEAFF,0.02525379004492774,TCRBV06-06,TCRBJ01-01
817574bbc8bdf97bed43b01210c93aa9,CASSEWDPWAFF,0.0252128998118742,TCRBV02-01,TCRBJ01-01
817574bbc8bdf97bed43b01210c93aa9,CATVNPWRRGGYGYTF,0.025202883191193473,TCRBV19-01,TCRBJ01-02
817574bbc8bdf97bed43b01210c93aa9,CASSPEGAHNYYYGYTF,0.02519534142943758,TCRBV05-01,TCRBJ01-02
817574bbc8bdf97bed43b01210c93aa9,CAWSRVPMLGLAGGWDNEQFF,0.025173213471817574,TCRBV30-01,TCRBJ02-01
817574bbc8bdf97bed43b01210c93aa9,CSAHHGGRYGYTF,0.025167338596213517,TCRBV20-X,TCRBJ01-02
817574bbc8bdf97bed43b01210c93aa9,CASSPHPGYGYTF,0.025158193297399413,TCRBV18-01,TCRBJ01-02
817574bbc8bdf97bed43b01210c93aa9,CASYNPFDTEAFF,0.025148143783580275,TCRBV02-01,TCRBJ01-01
817574bbc8bdf97bed43b01210c93aa9,CSAVWGGRYYGYTF,0.02513401881875787,TCRBV20-X,TCRBJ01-02
817574bbc8bdf97bed43b01210c93aa9,CASSYGGVGPWGGNTIYF,0.02510717510225797,TCRBV06-X,TCRBJ01-03
817574bbc8bdf97bed43b01210c93aa9,CASTWGVGYGYTF,0.025104438292548308,TCRBV12-03/12-04,TCRBJ01-02
82997f219006d726844eefc71eaa5955,CAWANRGWYWNYGYTF,0.04174076389055729,TCRBV30-01,TCRBJ01-02
82997f219006d726844eefc71eaa5955,CASAPRRHHHPQPQHF,0.040886924378843385,TCRBV21-01,TCRBJ01-05
82997f219006d726844eefc71eaa5955,CAPWYF,0.039284703858356,TCRBV06-04,TCRBJ02-05
82997f219006d726844eefc71eaa5955,CAWGYPGHHF,0.03326048147164263,TCRBV30-01,TCRBJ01-01
82997f219006d726844eefc71eaa5955,CASNCWGNNYGYTF,0.031393575340364854,TCRBV09-01,TCRBJ01-02
82997f219006d726844eefc71eaa5955,CASGYSSYYGYTF,0.030949076944433045,TCRBV05-06,TCRBJ01-02
82997f219006d726844eefc71eaa5955,WGYTF,0.029966100625909316,TCRBV10-03,TCRBJ01-02
82997f219006d726844eefc71eaa5955,CASCPGGGNTGGCQTQYF,0.029552143954999006,TCRBV06-X,TCRBJ02-05
82997f219006d726844eefc71eaa5955,CSAYGGPNYGYTF,0.02944996244769993,TCRBV20-X,TCRBJ01-02
82997f219006d726844eefc71eaa5955,CASSYSYSAYGYTF,0.027424451073289252,TCRBV06-05,TCRBJ01-02
82997f219006d726844eefc71eaa5955,CASSMGVGYYYGYTF,0.027146275373290125,TCRBV19-01,TCRBJ01-02
82997f219006d726844eefc71eaa5955,CASSWGDWYGYTF,0.027142176665031575,TCRBV05-06,TCRBJ01-02
82997f219006d726844eefc71eaa5955,CASSQDTPGPSGSTDTQYF,0.026992958237854112,TCRBV04-03,TCRBJ02-03
82997f219006d726844eefc71eaa5955,CAWAPYNGYTF,0.026780908197397032,TCRBV30-01,TCRBJ01-02
82997f219006d726844eefc71eaa5955,WFEGVYEAFF,0.02671289700915477,TCRBV06-X,TCRBJ01-01
82997f219006d726844eefc71eaa5955,CASSFGASVGAGYTF,0.02669024847913321,TCRBV05-01,TCRBJ01-02
82997f219006d726844eefc71eaa5955,CAWGHWAGYTF,0.026625371365002762,TCRBV30-01,TCRBJ01-02
82997f219006d726844eefc71eaa5955,RAWQYF,0.02654826472493305,TCRBV10-03,TCRBJ02-07
82997f219006d726844eefc71eaa5955,CYGYTF,0.02654059004124513,TCRBV28-01,TCRBJ01-02
82997f219006d726844eefc71eaa5955,CATFKAFF,0.026413486421660397,TCRBV19-01,TCRBJ01-01
82997f219006d726844eefc71eaa5955,CASSLPTHHYQPQHF,0.026404990008160482,TCRBV04-03,TCRBJ01-05
82997f219006d726844eefc71eaa5955,CAWGPPGANVLTF,0.026032682432224428,TCRBV30-01,TCRBJ02-06
82997f219006d726844eefc71eaa5955,CSATPGGVHHVYGYTF,0.025900164732427556,TCRBV20-X,TCRBJ01-02
82997f219006d726844eefc71eaa5955,CASSSSWGWGGYTF,0.025811857397873054,TCRBV07-09,TCRBJ01-02
82997f219006d726844eefc71eaa5955,CASSWGGGWGNQPQHF,0.025760241249125373,TCRBV28-01,TCRBJ01-05
82997f219006d726844eefc71eaa5955,CSYSIRRSYYGYTF,0.02555916312340426,TCRBV29-01,TCRBJ01-02
82997f219006d726844eefc71eaa5955,CAIGPAGPDGYTF,0.02546565770134645,TCRBV10-03,TCRBJ01-02
82997f219006d726844eefc71eaa5955,CACITYF,0.025461026680276628,TCRBV28-01,TCRBJ02-07
82997f219006d726844eefc71eaa5955,GYGYTF,0.02515006978353673,TCRBV07-09,TCRBJ01-02
82997f219006d726844eefc71eaa5955,CAWKWGHGYTF,0.025122967033889027,TCRBV30-01,TCRBJ01-02
82997f219006d726844eefc71eaa5955,CASNPIGAVTWFF,0.025111279402681704,TCRBV06-05,TCRBJ02-01
82997f219006d726844eefc71eaa5955,CAWRPQGWGYGYTF,0.025030411281676188,TCRBV30-01,TCRBJ01-02
82997f219006d726844eefc71eaa5955,CASSGGWGNGYTF,0.024990484885859556,TCRBV06-X,TCRBJ01-02
82997f219006d726844eefc71eaa5955,CASSFRHHYGYTF,0.024848310117545416,TCRBV07-09,TCRBJ01-02
82997f219006d726844eefc71eaa5955,CAWSVWGPNYGYTF,0.024812296643356376,TCRBV30-01,TCRBJ01-02
82997f219006d726844eefc71eaa5955,CSAHTPAPSPLHF,0.02475782994622483,TCRBV20-X,TCRBJ01-06
82997f219006d726844eefc71eaa5955,CASSWVWGQGGYGYTF,0.024748002473791848,TCRBV28-01,TCRBJ01-02
82997f219006d726844eefc71eaa5955,CAWSVWGVNTEAFF,0.0247337759262156,TCRBV30-01,TCRBJ01-01
82997f219006d726844eefc71eaa5955,CASTPGGYNYGYTF,0.02469152446773026,TCRBV27-01,TCRBJ01-02
82997f219006d726844eefc71eaa5955,CASLYGGRINYGYTF,0.024658359972124812,TCRBV28-01,TCRBJ01-02
82997f219006d726844eefc71eaa5955,CASSYSSHYVRSYGYTF,0.024642336961053356,TCRBV06-X,TCRBJ01-02
82997f219006d726844eefc71eaa5955,SEQYF,0.024640963131979485,TCRBV06-06,TCRBJ02-07
82997f219006d726844eefc71eaa5955,CASGYRGNYGYTF,0.024623304833018663,TCRBV28-01,TCRBJ01-02
82997f219006d726844eefc71eaa5955,CASSHEPPPTYEQYF,0.024591753709742977,TCRBV06-05,TCRBJ02-07
82997f219006d726844eefc71eaa5955,CASSAHSRHHQPQHF,0.024575812896191207,TCRBV03-01/03-02,TCRBJ01-05
82997f219006d726844eefc71eaa5955,CASSWGAGYGYTF,0.02453870628662839,TCRBV27-01,TCRBJ01-02
82997f219006d726844eefc71eaa5955,CATMGYPNYGYTF,0.024451436469595345,TCRBV19-01,TCRBJ01-02
82997f219006d726844eefc71eaa5955,CASSYMGGWDYGYTF,0.024434555634298107,TCRBV06-05,TCRBJ01-02
82997f219006d726844eefc71eaa5955,CAWAPGAVLTF,0.024414146676187937,TCRBV30-01,TCRBJ02-06
82997f219006d726844eefc71eaa5955,CASSWGGAAWTSGSSGANVLTF,0.024389633897467473,TCRBV05-01,TCRBJ02-06
82997f219006d726844eefc71eaa5955,CASSSHGGGFGYTF,0.02438016583826032,TCRBV07-02,TCRBJ01-02
82997f219006d726844eefc71eaa5955,CASRPAWGAGANYGYTF,0.024376134103455616,TCRBV06-X,TCRBJ01-02
82997f219006d726844eefc71eaa5955,CASSYGPNYGYTF,0.024348121305458336,TCRBV06-05,TCRBJ01-02
82997f219006d726844eefc71eaa5955,CASSLGWGFGYGYTF,0.02432854955970023,TCRBV07-02,TCRBJ01-02
82997f219006d726844eefc71eaa5955,CAWSWVTGANVLTF,0.024319718427542315,TCRBV30-01,TCRBJ02-06
82997f219006d726844eefc71eaa5955,CASSYYPGSYGYTF,0.024316718845628135,TCRBV06-06,TCRBJ01-02
82997f219006d726844eefc71eaa5955,CATPWVWNGYTF,0.024305836546666928,TCRBV10-01,TCRBJ01-02
82997f219006d726844eefc71eaa5955,CSARMGGWYF,0.024301408357141212,TCRBV20-01,TCRBJ02-07
82997f219006d726844eefc71eaa5955,CAWGPIEQFF,0.024295541122676224,TCRBV30-01,TCRBJ02-01
82997f219006d726844eefc71eaa5955,CASAWDPPPGANVLTF,0.024290709322530753,TCRBV10-01,TCRBJ02-06
82997f219006d726844eefc71eaa5955,CASSYDGGYYGNTIYF,0.024238250041798654,TCRBV06-02/06-03,TCRBJ01-03
82997f219006d726844eefc71eaa5955,CASKYGANVLTF,0.024219177846067554,TCRBV12-03/12-04,TCRBJ02-06
82997f219006d726844eefc71eaa5955,CASSYTWTGAYGYTF,0.024218174229383896,TCRBV05-05,TCRBJ01-02
82997f219006d726844eefc71eaa5955,CASSGNTGGFGYTF,0.024121503503699123,TCRBV09-01,TCRBJ01-02
82997f219006d726844eefc71eaa5955,CASSHPPAYGYTF,0.02407999899302251,TCRBV11-01,TCRBJ01-02
82997f219006d726844eefc71eaa5955,CASGWGPSYGYTF,0.024073798791990928,TCRBV06-05,TCRBJ01-02
82997f219006d726844eefc71eaa5955,CSASGWGGFF,0.02407117884535436,TCRBV20-01,TCRBJ01-01
82997f219006d726844eefc71eaa5955,CASSYKGHYGYTF,0.02405461982597481,TCRBV06-02/06-03,TCRBJ01-02
82997f219006d726844eefc71eaa5955,CASSHGGNIGYGYTF,0.024034723121834068,TCRBV28-01,TCRBJ01-02
82997f219006d726844eefc71eaa5955,CATPPQHF,0.02402336298073677,TCRBV07-X,TCRBJ01-05
82997f219006d726844eefc71eaa5955,CASSPWGLWYGYTF,0.024012527016137434,TCRBV14-01,TCRBJ01-02
82997f219006d726844eefc71eaa5955,CASSYPGPYTF,0.023957121053545357,TCRBV06-05,TCRBJ01-02
82997f219006d726844eefc71eaa5955,CASSYSWGPAYF,0.023930086122382312,TCRBV06-05,TCRBJ02-07
82997f219006d726844eefc71eaa5955,CARRRGF,0.02390557595755866,TCRBV05-03,TCRBJ02-07
82997f219006d726844eefc71eaa5955,CASHGYTF,0.02389046865382109,TCRBV28-01,TCRBJ01-02
82997f219006d726844eefc71eaa5955,CASSLWDGIEAFF,0.023889642334592665,TCRBV11-02,TCRBJ01-01
82997f219006d726844eefc71eaa5955,CACPAGFGANVLTF,0.02388844008643647,TCRBV30-01,TCRBJ02-06
82997f219006d726844eefc71eaa5955,CSAPPWGGANYGYTF,0.023855166815817733,TCRBV20-X,TCRBJ01-02
82997f219006d726844eefc71eaa5955,CSVYGNIGLNYGYTF,0.023836933052577367,TCRBV29-01,TCRBJ01-02
82997f219006d726844eefc71eaa5955,CAIYRGVYGYTF,0.023836250695199956,TCRBV10-03,TCRBJ01-02
82997f219006d726844eefc71eaa5955,CASSPGPYYGYTF,0.023792117594853647,TCRBV18-01,TCRBJ01-02
82997f219006d726844eefc71eaa5955,CASSYVGFGWVKGGGYTF,0.023775919493890758,TCRBV06-X,TCRBJ01-02
82997f219006d726844eefc71eaa5955,CAWIGHIGYTF,0.02377306419753559,TCRBV30-01,TCRBJ01-02
82997f219006d726844eefc71eaa5955,WVWTRGWGVTGGVKGEQFF,0.023765742804593662,TCRBV27-01,TCRBJ02-01
82997f219006d726844eefc71eaa5955,CASSGGGFNYGYTF,0.023764451225809672,TCRBV05-06,TCRBJ01-02
82997f219006d726844eefc71eaa5955,CASSYWDRIGYTIYF,0.02375393929895072,TCRBV06-02/06-03,TCRBJ01-03
82997f219006d726844eefc71eaa5955,CASGGAGWTTF,0.023741381676057022,TCRBV12-05,TCRBJ01-02
82997f219006d726844eefc71eaa5955,CASWGAGHYGYTF,0.023698676957609733,TCRBV10-02,TCRBJ01-02
82997f219006d726844eefc71eaa5955,CASEYIRAYGYTF,0.023691526813614416,TCRBV06-05,TCRBJ01-02
82997f219006d726844eefc71eaa5955,CAWSPGHPYGYTF,0.023687529690031087,TCRBV30-01,TCRBJ01-02
82997f219006d726844eefc71eaa5955,CAWSVWGGADTEAFF,0.023668927155674164,TCRBV30-01,TCRBJ01-01
82997f219006d726844eefc71eaa5955,CASAWWGNTEAFF,0.0236589287029677,TCRBV07-09,TCRBJ01-01
82997f219006d726844eefc71eaa5955,CASTLPRGGWYGYTF,0.023636385523183864,TCRBV28-01,TCRBJ01-02
82997f219006d726844eefc71eaa5955,CAKIPSGPAHNYGYTF,0.02358236449326097,TCRBV05-03,TCRBJ01-02
82997f219006d726844eefc71eaa5955,CASTHPPAGYGYTF,0.023580193342227388,TCRBV28-01,TCRBJ01-02
82997f219006d726844eefc71eaa5955,CASSYPGPYGYTF,0.023575082575099333,TCRBV06-02/06-03,TCRBJ01-02
82997f219006d726844eefc71eaa5955,CASNHNGGASSGANVLTF,0.023558022955393415,TCRBV06-X,TCRBJ02-06
82997f219006d726844eefc71eaa5955,CSARHRAHQPQHF,0.0235509039443963,TCRBV20-X,TCRBJ01-05
857f7af799908727dba5f2d6f2deec9a,CRPPS,0.0328942371063842,TCRBV20-01,TCRBJ02-X
857f7af799908727dba5f2d6f2deec9a,CAWSWYYGYTF,0.03278791158954015,TCRBV30-01,TCRBJ01-02
857f7af799908727dba5f2d6f2deec9a,CAWSLSGGPYNEQFF,0.032644689208515536,TCRBV30-01,TCRBJ02-01
857f7af799908727dba5f2d6f2deec9a,CAGFKYF,0.03233977057756708,TCRBV03-01/03-02,TCRBJ02-05
857f7af799908727dba5f2d6f2deec9a,CASSPYYYGYTF,0.031066219023308073,TCRBV28-01,TCRBJ01-02
857f7af799908727dba5f2d6f2deec9a,CASRPNWWGSNYGYTF,0.03041417637602628,TCRBV07-08,TCRBJ01-02
857f7af799908727dba5f2d6f2deec9a,CASSYWTGPYGYTF,0.030349238951233738,TCRBV06-02/06-03,TCRBJ01-02
857f7af799908727dba5f2d6f2deec9a,HRFYGYTF,0.029743628778907613,TCRBV03-01/03-02,TCRBJ01-02
857f7af799908727dba5f2d6f2deec9a,CASSYVYTFF,0.02909719797878895,TCRBV07-09,TCRBJ01-01
857f7af799908727dba5f2d6f2deec9a,CASSYRYYGYTF,0.029015238625335147,TCRBV12-03/12-04,TCRBJ01-02
857f7af799908727dba5f2d6f2deec9a,RASSHHRHPGGPAQYF,0.028785930660406366,TCRBV07-03,TCRBJ02-07
857f7af799908727dba5f2d6f2deec9a,CSAWWGGTGVGYGYTF,0.028558059169608612,TCRBV20-X,TCRBJ01-02
857f7af799908727dba5f2d6f2deec9a,CASSNFGTGGGYGYTF,0.02837562529093025,TCRBV28-01,TCRBJ01-02
857f7af799908727dba5f2d6f2deec9a,CAPLHF,0.028301667427031277,TCRBV06-06,TCRBJ01-06
857f7af799908727dba5f2d6f2deec9a,CASSFSWGGPYGYTF,0.02829967426634692,TCRBV28-01,TCRBJ01-02
857f7af799908727dba5f2d6f2deec9a,CAWTPWGPNYGYTF,0.02829908749007373,TCRBV30-01,TCRBJ01-02
857f7af799908727dba5f2d6f2deec9a,CAWSWGGGNYGYTF,0.028186605852932797,TCRBV30-01,TCRBJ01-02
857f7af799908727dba5f2d6f2deec9a,CARNF,0.027963687153043672,TCRBV27-01,TCRBJ02-07
857f7af799908727dba5f2d6f2deec9a,CASSHTIFRYGMYKGVYGYTF,0.02779733078294039,TCRBV04-02,TCRBJ01-02
857f7af799908727dba5f2d6f2deec9a,CASSYSAYYGYTF,0.02760993528127876,TCRBV06-05,TCRBJ01-02
857f7af799908727dba5f2d6f2deec9a,CASSYGSYYGYTF,0.02755420552244958,TCRBV06-02/06-03,TCRBJ01-02
857f7af799908727dba5f2d6f2deec9a,AGEGHQPQHF,0.027529675027146185,TCRBV23-01,TCRBJ01-05
857f7af799908727dba5f2d6f2deec9a,CSAWGPHPPQHF,0.02750590075426631,TCRBV20-X,TCRBJ01-05
857f7af799908727dba5f2d6f2deec9a,CASHPDPPHF,0.027450437116838172,TCRBV12-03/12-04,TCRBJ01-05
857f7af799908727dba5f2d6f2deec9a,CASSYSFGGFYGYTF,0.027402285308786505,TCRBV06-05,TCRBJ01-02
857f7af799908727dba5f2d6f2deec9a,CASSQHPWWYF,0.027380190923596708,TCRBV28-01,TCRBJ02-07
857f7af799908727dba5f2d6f2deec9a,CASSYFGGPNYGYTF,0.027377346621192115,TCRBV27-01,TCRBJ01-02
857f7af799908727dba5f2d6f2deec9a,CASSYGTSGWNPFF,0.02736539321581309,TCRBV06-02/06-03,TCRBJ02-01
857f7af799908727dba5f2d6f2deec9a,CASSLVGWVTEAFF,0.027222358459401727,TCRBV07-09,TCRBJ01-01
857f7af799908727dba5f2d6f2deec9a,CASSPGWGAYYGYTF,0.02712909913553686,TCRBV07-02,TCRBJ01-02
857f7af799908727dba5f2d6f2deec9a,CASNGGGAPNNQPQHF,0.02704859301919834,TCRBV19-01,TCRBJ01-05
857f7af799908727dba5f2d6f2deec9a,CASSYIGYYSYTF,0.026930070802236868,TCRBV06-05,TCRBJ01-02
857f7af799908727dba5f2d6f2deec9a,CASSYLYAYGYTF,0.026722762494435177,TCRBV06-05,TCRBJ01-02
857f7af799908727dba5f2d6f2deec9a,GRRNYGYTF,0.02667159502607189,TCRBV10-01,TCRBJ01-02
857f7af799908727dba5f2d6f2deec9a,CASSGGPYYGYTF,0.02665720844843701,TCRBV06-X,TCRBJ01-02
857f7af799908727dba5f2d6f2deec9a,CASSYSSWGGYTF,0.026593847455064844,TCRBV06-02/06-03,TCRBJ01-02
857f7af799908727dba5f2d6f2deec9a,CSGGGYNYGYTF,0.02656916349019801,TCRBV20-X,TCRBJ01-02
857f7af799908727dba5f2d6f2deec9a,CASNPFWTGPNTEAFF,0.02641254990803041,TCRBV07-08,TCRBJ01-01
857f7af799908727dba5f2d6f2deec9a,CASSYYGVNYGYTF,0.026367586257966015,TCRBV06-06,TCRBJ01-02
857f7af799908727dba5f2d6f2deec9a,FYPPQHF,0.026297618493540953,TCRBV10-01,TCRBJ01-05
857f7af799908727dba5f2d6f2deec9a,CASSYSPGGYYGYTF,0.02629706294798589,TCRBV06-06,TCRBJ01-02
857f7af799908727dba5f2d6f2deec9a,CSAGIYWGNYGYTF,0.026227199644298513,TCRBV20-X,TCRBJ01-02
857f7af799908727dba5f2d6f2deec9a,CASSYSGRYYGYTF,0.02621876914878448,TCRBV06-05,TCRBJ01-02
857f7af799908727dba5f2d6f2deec9a,CAWSSPYGGSNYGYTF,0.026213785758025656,TCRBV30-01,TCRBJ01-02
857f7af799908727dba5f2d6f2deec9a,CASSFWGAVEKLFF,0.026209049728363625,TCRBV12-X,TCRBJ01-04
857f7af799908727dba5f2d6f2deec9a,CASSLGEMVKKLFF,0.02618470723915293,TCRBV12-X,TCRBJ01-04
857f7af799908727dba5f2d6f2deec9a,CASTGVHNWGGYGYTF,0.02618149292109504,TCRBV06-06,TCRBJ01-02
857f7af799908727dba5f2d6f2deec9a,CASSPGVWWGWTEAFF,0.026158024086101014,TCRBV28-01,TCRBJ01-01
857f7af799908727dba5f2d6f2deec9a,CSTYHIYGYTF,0.026156683411436194,TCRBV20-01,TCRBJ01-02
857f7af799908727dba5f2d6f2deec9a,CASSPYTGPPSYEQYF,0.026006583369808555,TCRBV18-01,TCRBJ02-07
857f7af799908727dba5f2d6f2deec9a,CASSYSWGGGGYTF,0.02598413000460265,TCRBV06-05,TCRBJ01-02
857f7af799908727dba5f2d6f2deec9a,CAWGHNYGYTF,0.025919278702132755,TCRBV30-01,TCRBJ01-02
857f7af799908727dba5f2d6f2deec9a,CASGPDRDWKKLFF,0.025863548695767413,TCRBV27-01,TCRBJ01-04
857f7af799908727dba5f2d6f2deec9a,CASSYSTYSGYGYTF,0.02581846041136382,TCRBV06-05,TCRBJ01-02
857f7af799908727dba5f2d6f2deec9a,CAWNTAKGWGYTF,0.025816460596481194,TCRBV30-01,TCRBJ01-02
857f7af799908727dba5f2d6f2deec9a,CASSYYGGSYSNQPQHF,0.025791005374631647,TCRBV06-X,TCRBJ01-05
857f7af799908727dba5f2d6f2deec9a,WRTGNGYTF,0.02576966695253767,TCRBV21-01,TCRBJ01-02
857f7af799908727dba5f2d6f2deec9a,CASWGWYTQYF,0.02576593217706665,TCRBV06-05,TCRBJ02-03
857f7af799908727dba5f2d6f2deec9a,CASSYIYGYTF,0.025675293921368723,TCRBV06-02/06-03,TCRBJ01-02
857f7af799908727dba5f2d6f2deec9a,CASSTGYYYGYTF,0.025668745936774783,TCRBV07-02,TCRBJ01-02
857f7af799908727dba5f2d6f2deec9a,CASSPGGGWNSGNTIYF,0.025654243887252223,TCRBV07-09,TCRBJ01-03
857f7af799908727dba5f2d6f2deec9a,CAWSGGVWWLYGYTF,0.025643258284481482,TCRBV30-01,TCRBJ01-02
857f7af799908727dba5f2d6f2deec9a,CASAGAPGANVLTF,0.025623256150804942,TCRBV02-01,TCRBJ02-06
857f7af799908727dba5f2d6f2deec9a,CAWSVWGAGANVLTF,0.025533235664740618,TCRBV30-01,TCRBJ02-06
857f7af799908727dba5f2d6f2deec9a,CASSYFGDYANYGYTF,0.02550310278122463,TCRBV11-02,TCRBJ01-02
857f7af799908727dba5f2d6f2deec9a,CATSPGGGGYYGYTF,0.02539309347779713,TCRBV24-01,TCRBJ01-02
857f7af799908727dba5f2d6f2deec9a,CASSHWGGWYEQYF,0.02537624576109586,TCRBV03-01/03-02,TCRBJ02-07
857f7af799908727dba5f2d6f2deec9a,CASSYSSYTGAYGYTF,0.025331368291063062,TCRBV06-05,TCRBJ01-02
857f7af799908727dba5f2d6f2deec9a,CASIYRIYGYTF,0.025312128090945213,TCRBV19-01,TCRBJ01-02
857f7af799908727dba5f2d6f2deec9a,CASSYHRDSYYGYTF,0.02513611172975989,TCRBV14-01,TCRBJ01-02
857f7af799908727dba5f2d6f2deec9a,CASSFWGGGYGYTF,0.025107436252276502,TCRBV12-X,TCRBJ01-02
857f7af799908727dba5f2d6f2deec9a,CSAPAGYYGYTF,0.02508838362754541,TCRBV20-X,TCRBJ01-02
857f7af799908727dba5f2d6f2deec9a,CASSWDWGNYGYTF,0.025083940431013047,TCRBV05-01,TCRBJ01-02
857f7af799908727dba5f2d6f2deec9a,CASSYGHNYGYTF,0.025079454280241786,TCRBV06-05,TCRBJ01-02
857f7af799908727dba5f2d6f2deec9a,CASSYQHHQPQHF,0.025031131311431584,TCRBV06-05,TCRBJ01-05
857f7af799908727dba5f2d6f2deec9a,CASYNRGPYGYTF,0.025008389578670593,TCRBV07-09,TCRBJ01-02
857f7af799908727dba5f2d6f2deec9a,CATSYAGTYYGYTF,0.024950719152168163,TCRBV15-01,TCRBJ01-02
857f7af799908727dba5f2d6f2deec9a,CASTPYGGANYGYTF,0.024944664365078792,TCRBV11-03,TCRBJ01-02
857f7af799908727dba5f2d6f2deec9a,CASSPWGFNYGYTF,0.024940025650409578,TCRBV28-01,TCRBJ01-02
857f7af799908727dba5f2d6f2deec9a,CASSYYINYGYTF,0.024919040178517107,TCRBV06-05,TCRBJ01-02
857f7af799908727dba5f2d6f2deec9a,CATGHGGFNYGYTF,0.02491483472352143,TCRBV27-01,TCRBJ01-02
857f7af799908727dba5f2d6f2deec9a,CSAWGGNYGYTF,0.02484606292857451,TCRBV20-X,TCRBJ01-02
857f7af799908727dba5f2d6f2deec9a,CASSSYSPYGYTF,0.02483778787559196,TCRBV28-01,TCRBJ01-02
857f7af799908727dba5f2d6f2deec9a,CSAHGWANVLTF,0.024820870716871557,TCRBV20-X,TCRBJ02-06
857f7af799908727dba5f2d6f2deec9a,CATHHHYEQYF,0.024810266060941954,TCRBV06-07,TCRBJ02-07
857f7af799908727dba5f2d6f2deec9a,ANVLTF,0.02480157446071135,TCRBV30-01,TCRBJ02-06
857f7af799908727dba5f2d6f2deec9a,CASSHPQGATWHF,0.02479429673620752,TCRBV28-01,TCRBJ01-05
857f7af799908727dba5f2d6f2deec9a,CASSFWGGTGNGYTF,0.02478257805173298,TCRBV28-01,TCRBJ01-02
857f7af799908727dba5f2d6f2deec9a,CANNVVAGANVLTF,0.024752522926587212,TCRBV02-01,TCRBJ02-06
857f7af799908727dba5f2d6f2deec9a,CSAVRYPPPHF,0.024718915028256103,TCRBV20-01,TCRBJ02-07
857f7af799908727dba5f2d6f2deec9a,CASSYDGYYGYTF,0.024682306633299032,TCRBV06-02/06-03,TCRBJ01-02
857f7af799908727dba5f2d6f2deec9a,SEQYF,0.02464095883440401,TCRBV14-01,TCRBJ02-07
857f7af799908727dba5f2d6f2deec9a,CAKVFRDYGYTF,0.024633824434119603,TCRBV10-01,TCRBJ01-02
857f7af799908727dba5f2d6f2deec9a,CASSLYPGTGGWNYGYTF,0.02462236004444059,TCRBV28-01,TCRBJ01-02
857f7af799908727dba5f2d6f2deec9a,CASSVIGRGIGELFF,0.024612221538525433,TCRBV09-01,TCRBJ01-04
86d5623369ff1117186e427d5940deed,CASSIPLVGYGYTF,0.03510990592622973,TCRBV19-01,TCRBJ01-02
86d5623369ff1117186e427d5940deed,CASSYWGYRGYTF,0.03278675478603545,TCRBV06-02/06-03,TCRBJ01-02
86d5623369ff1117186e427d5940deed,YRGDHF,0.032763387107530725,TCRBV28-01,TCRBJ01-06
86d5623369ff1117186e427d5940deed,CASSPWDRVKAFF,0.03143199683082576,TCRBV02-01,TCRBJ01-01
86d5623369ff1117186e427d5940deed,CASSFYYWGYGYTF,0.031230874251962578,TCRBV07-02,TCRBJ01-02
86d5623369ff1117186e427d5940deed,CASSYYSYGYTF,0.03102987904602716,TCRBV28-01,TCRBJ01-02
86d5623369ff1117186e427d5940deed,WGPHTATQYF,0.030929633589623872,TCRBV23-01,TCRBJ02-03
86d5623369ff1117186e427d5940deed,CASSYYRQYYGYTF,0.030533397776734448,TCRBV06-02/06-03,TCRBJ01-02
86d5623369ff1117186e427d5940deed,CASSGWGYYGYTF,0.030382262399251722,TCRBV04-02,TCRBJ01-02
86d5623369ff1117186e427d5940deed,CASTGGGSYYYGYTF,0.030319681286874883,TCRBV09-01,TCRBJ01-02
86d5623369ff1117186e427d5940deed,CAWTKGGGYYNYGYTF,0.029879840880310597,TCRBV30-01,TCRBJ01-02
86d5623369ff1117186e427d5940deed,CASSPFGGGWNYGYTF,0.029788884261855518,TCRBV18-01,TCRBJ01-02
86d5623369ff1117186e427d5940deed,CASSYRFYYGYTF,0.029587297314621726,TCRBV06-02/06-03,TCRBJ01-02
86d5623369ff1117186e427d5940deed,CASSYYRFYGYTF,0.02957767584338694,TCRBV06-05,TCRBJ01-02
86d5623369ff1117186e427d5940deed,CASSSYWGNYGYTF,0.02953022036244379,TCRBV21-01,TCRBJ01-02
86d5623369ff1117186e427d5940deed,WTIMPGGPHYGYTF,0.029298328158126618,TCRBV28-01,TCRBJ01-02
86d5623369ff1117186e427d5940deed,CASSYWGRSYGYTF,0.029134014667339798,TCRBV28-01,TCRBJ01-02
86d5623369ff1117186e427d5940deed,CAWSGWGAWSAFF,0.028901341758340672,TCRBV30-01,TCRBJ01-01
86d5623369ff1117186e427d5940deed,CASSYSGWSNYGYTF,0.028861017847547212,TCRBV06-05,TCRBJ01-02
86d5623369ff1117186e427d5940deed,CASSYYSGSFYGYTF,0.028820843623565955,TCRBV03-01/03-02,TCRBJ01-02
86d5623369ff1117186e427d5940deed,CASSYNPYGYTF,0.02873927361725359,TCRBV02-01,TCRBJ01-02
86d5623369ff1117186e427d5940deed,CASNWHF,0.028702567130483584,TCRBV28-01,TCRBJ01-05
86d5623369ff1117186e427d5940deed,CAYYYRGRGTQYF,0.02843826856217996,TCRBV30-01,TCRBJ02-05
86d5623369ff1117186e427d5940deed,RNYGYTF,0.028345300289817736,TCRBV14-01,TCRBJ01-02
86d5623369ff1117186e427d5940deed,CASSYSWGGTNYGYTF,0.028207779863747656,TCRBV06-02/06-03,TCRBJ01-02
86d5623369ff1117186e427d5940deed,CASRGWGNNYGYTF,0.028101631009654564,TCRBV27-01,TCRBJ01-02
86d5623369ff1117186e427d5940deed,CASSYWGANYGYTF,0.02808252719066013,TCRBV06-06,TCRBJ01-02
86d5623369ff1117186e427d5940deed,CASSWSWASAFF,0.02773327526648393,TCRBV05-08,TCRBJ01-01
86d5623369ff1117186e427d5940deed,CASSWGGPNYGYTF,0.027680152547674638,TCRBV05-01,TCRBJ01-02
86d5623369ff1117186e427d5940deed,CASSSWGYYGYTF,0.027601615234591016,TCRBV27-01,TCRBJ01-02
86d5623369ff1117186e427d5940deed,CPCHWGGGAYNYGYTF,0.027522045306557236,TCRBV07-08,TCRBJ01-02
86d5623369ff1117186e427d5940deed,CASSYCDPFYNYGYTF,0.02746868202699885,TCRBV06-07,TCRBJ01-02
86d5623369ff1117186e427d5940deed,CASSYGTYYGYTF,0.027448613591883712,TCRBV28-01,TCRBJ01-02
86d5623369ff1117186e427d5940deed,RAKNIQYF,0.02743197658089734,TCRBV03-01/03-02,TCRBJ02-04
86d5623369ff1117186e427d5940deed,CASSFYSHGGGTEAFF,0.02736886303668613,TCRBV05-08,TCRBJ01-01
86d5623369ff1117186e427d5940deed,CASSYSYRNYGYTF,0.027291331312616223,TCRBV06-02/06-03,TCRBJ01-02
86d5623369ff1117186e427d5940deed,CSARWGWGNYGYTF,0.02719130313951444,TCRBV20-X,TCRBJ01-02
86d5623369ff1117186e427d5940deed,CASSVAYQPYYGYTF,0.027078368675051093,TCRBV09-01,TCRBJ01-02
86d5623369ff1117186e427d5940deed,CASYTGSYYGYTF,0.02704326651787272,TCRBV28-01,TCRBJ01-02
86d5623369ff1117186e427d5940deed,CASSTGVWGFTGELFF,0.027010432887883955,TCRBV06-02,TCRBJ02-02
86d5623369ff1117186e427d5940deed,CASTHSGGPYNYGYTF,0.026866887929801908,TCRBV30-01,TCRBJ01-02
86d5623369ff1117186e427d5940deed,CAWSFPPYYGYTF,0.026773902726692465,TCRBV30-01,TCRBJ01-02
86d5623369ff1117186e427d5940deed,CASSPWGGYGYTF,0.026769062071468293,TCRBV05-05,TCRBJ01-02
86d5623369ff1117186e427d5940deed,CASSFYAVYYGYTF,0.026693117818509034,TCRBV28-01,TCRBJ01-02
86d5623369ff1117186e427d5940deed,CASSPPPPHWTIYF,0.026627928031486867,TCRBV28-01,TCRBJ01-03
86d5623369ff1117186e427d5940deed,CASSWGAGANYGYTF,0.02655973225554892,TCRBV02-01,TCRBJ01-02
86d5623369ff1117186e427d5940deed,CAWSWGAEAFF,0.02650266726654998,TCRBV30-01,TCRBJ01-01
86d5623369ff1117186e427d5940deed,CASSPPPHHDYTF,0.026384334775518114,TCRBV09-01,TCRBJ01-02
86d5623369ff1117186e427d5940deed,CSASGTGYPPYYGYTF,0.02633730541545978,TCRBV20-01,TCRBJ01-02
86d5623369ff1117186e427d5940deed,CASSWEGWGYGYTF,0.026286064276666226,TCRBV06-06,TCRBJ01-02
86d5623369ff1117186e427d5940deed,CASSYWTGANRYYGYTF,0.026243966494083285,TCRBV06-X,TCRBJ01-02
86d5623369ff1117186e427d5940deed,CAWSEGGWAGGYTF,0.026220934738376382,TCRBV30-01,TCRBJ01-02
86d5623369ff1117186e427d5940deed,CAWSQGAWWTEAFF,0.026212034562338053,TCRBV30-01,TCRBJ01-01
86d5623369ff1117186e427d5940deed,CASSYTGGYRYF,0.026204284111941683,TCRBV05-06,TCRBJ02-07
86d5623369ff1117186e427d5940deed,CASSPHHGFNYGYTF,0.026197956105006612,TCRBV12-X,TCRBJ01-02
86d5623369ff1117186e427d5940deed,F,0.026169086064691448,TCRBV11-03,TCRBJ02-07
86d5623369ff1117186e427d5940deed,CAWSEPWGAFF,0.026152953256359076,TCRBV30-01,TCRBJ01-01
86d5623369ff1117186e427d5940deed,CASSPSWGGGNYGYTF,0.026114309769829373,TCRBV28-01,TCRBJ01-02
86d5623369ff1117186e427d5940deed,CASSLGGYYNYGYTF,0.02608238298972249,TCRBV05-01,TCRBJ01-02
86d5623369ff1117186e427d5940deed,CASSYYRDYGYTF,0.026076722432435372,TCRBV07-09,TCRBJ01-02
86d5623369ff1117186e427d5940deed,CARSWYF,0.025964185623877048,TCRBV10-01,TCRBJ02-03
86d5623369ff1117186e427d5940deed,CASSPFWDRYNYGYTF,0.025862895457030948,TCRBV27-01,TCRBJ01-02
86d5623369ff1117186e427d5940deed,CAWGPVGPIYF,0.02583796276057688,TCRBV30-01,TCRBJ01-03
86d5623369ff1117186e427d5940deed,WDLQGAWEKLFF,0.025815735063745016,TCRBV06-05,TCRBJ01-04
86d5623369ff1117186e427d5940deed,CATWDVKGYTF,0.025767961100282153,TCRBV27-01,TCRBJ01-02
86d5623369ff1117186e427d5940deed,CASSWGGYGYTF,0.02574563505158332,TCRBV19-01,TCRBJ01-02
86d5623369ff1117186e427d5940deed,CSALHRPHQPQHF,0.025745031057786295,TCRBV20-X,TCRBJ01-05
86d5623369ff1117186e427d5940deed,CSAHHRVHYGYTF,0.025694629801097706,TCRBV20-X,TCRBJ01-02
86d5623369ff1117186e427d5940deed,CAWKWWDYPEAFF,0.025688415655357358,TCRBV30-01,TCRBJ01-01
86d5623369ff1117186e427d5940deed,CAHLGYYGYTF,0.025672891910305983,TCRBV25-01,TCRBJ01-02
86d5623369ff1117186e427d5940deed,CASSSPGQGWIGFF,0.025654519517211583,TCRBV07-09,TCRBJ02-01
86d5623369ff1117186e427d5940deed,CASSSGTGWGTYYGYTF,0.025644327596790105,TCRBV12-X,TCRBJ01-02
86d5623369ff1117186e427d5940deed,CASPHPGYYGYTF,0.025639572617281035,TCRBV07-09,TCRBJ01-02
86d5623369ff1117186e427d5940deed,CASSYGWDSYGYTF,0.025630528166279202,TCRBV04-01,TCRBJ01-02
86d5623369ff1117186e427d5940deed,CSAHHPNYYGYTF,0.025606313276953677,TCRBV20-X,TCRBJ01-02
86d5623369ff1117186e427d5940deed,SDRYTF,0.02556623329713916,TCRBV04-X,TCRBJ01-02
86d5623369ff1117186e427d5940deed,CASSYFPGYGYTF,0.02551934029312865,TCRBV06-02/06-03,TCRBJ01-02
86d5623369ff1117186e427d5940deed,CSAGHPNWGYGYTF,0.02551177299456508,TCRBV20-X,TCRBJ01-02
86d5623369ff1117186e427d5940deed,CASSAHANYPYGYTF,0.025436688485888394,TCRBV09-01,TCRBJ01-02
86d5623369ff1117186e427d5940deed,WGSYNSPLHF,0.02531483842178927,TCRBV23-01,TCRBJ01-06
86d5623369ff1117186e427d5940deed,CASSPGYHYGYTF,0.02530030770698569,TCRBV19-01,TCRBJ01-02
86d5623369ff1117186e427d5940deed,CSVYGGINYGYTF,0.02526171576588064,TCRBV29-01,TCRBJ01-02
86d5623369ff1117186e427d5940deed,CSAAWAGAGAFF,0.025244769616751497,TCRBV20-X,TCRBJ01-01
86d5623369ff1117186e427d5940deed,CSAGGTGGWGWNTEAFF,0.025232182353672902,TCRBV20-01,TCRBJ01-01
86d5623369ff1117186e427d5940deed,CASSIGPRGEKGYTF,0.0252220410356848,TCRBV19-01,TCRBJ01-02
86d5623369ff1117186e427d5940deed,CASSKVAIIGYTF,0.025196596041050706,TCRBV21-01,TCRBJ01-02
86d5623369ff1117186e427d5940deed,CASSPYGGTNYGYTF,0.025130603050284774,TCRBV07-03,TCRBJ01-02
86d5623369ff1117186e427d5940deed,CSAREGPSARKGNTIYF,0.02512797326054935,TCRBV20-X,TCRBJ01-03
86d5623369ff1117186e427d5940deed,CASSNYRGSNYGYTF,0.02508709490499299,TCRBV06-05,TCRBJ01-02
86d5623369ff1117186e427d5940deed,CAWSVIWGYGYTF,0.025085280014849297,TCRBV30-01,TCRBJ01-02
86d5623369ff1117186e427d5940deed,CAISGYTYGYTF,0.025075271991401128,TCRBV10-03,TCRBJ01-02
86d5623369ff1117186e427d5940deed,CASTAYGGSTNYGYTF,0.025066929845275112,TCRBV06-X,TCRBJ01-02
86d5623369ff1117186e427d5940deed,CASSYWQGASYGYTF,0.024998070045397107,TCRBV06-05,TCRBJ01-02
86d5623369ff1117186e427d5940deed,CASSGGPGYYGYTF,0.02499380801940616,TCRBV07-08,TCRBJ01-02
86d5623369ff1117186e427d5940deed,CAWSGGKEWWTEAFF,0.024990174090316074,TCRBV30-01,TCRBJ01-01
86d5623369ff1117186e427d5940deed,CASSHGYYGYTF,0.024988429929128725,TCRBV14-01,TCRBJ01-02
86d5623369ff1117186e427d5940deed,CASSYWGGTGGSSYNSPLHF,0.024959573375702173,TCRBV06-X,TCRBJ01-06
86d5623369ff1117186e427d5940deed,CAWTTPGGYYGYTF,0.0249591672182064,TCRBV30-01,TCRBJ01-02
8b83673f355198d694df11cafe4aa1ac,CARY,0.03496943046760572,TCRBV28-01,TCRBJ01-05
8b83673f355198d694df11cafe4aa1ac,CAWSGWNYGYGYTF,0.03474434810239251,TCRBV30-01,TCRBJ01-02
8b83673f355198d694df11cafe4aa1ac,CASSYSWGYYGYTF,0.03376795246213683,TCRBV06-05,TCRBJ01-02
8b83673f355198d694df11cafe4aa1ac,CAWYTGYGYGYTF,0.032388239052046575,TCRBV30-01,TCRBJ01-02
8b83673f355198d694df11cafe4aa1ac,CASSLPGIGHGYTF,0.032126819031831344,TCRBV07-02,TCRBJ01-02
8b83673f355198d694df11cafe4aa1ac,CAWIRPRGWY,0.031582265966603185,TCRBV30-01,TCRBJ01-01
8b83673f355198d694df11cafe4aa1ac,CAIKGIGPQYF,0.030686394057255456,TCRBV07-09,TCRBJ02-03
8b83673f355198d694df11cafe4aa1ac,CAWSPWGFYGYTF,0.030252856601575312,TCRBV30-01,TCRBJ01-02
8b83673f355198d694df11cafe4aa1ac,CASSHPGGPYYGYTF,0.029050458372654374,TCRBV28-01,TCRBJ01-02
8b83673f355198d694df11cafe4aa1ac,CASSYWGHYGYTF,0.02904273238970144,TCRBV05-06,TCRBJ01-02
8b83673f355198d694df11cafe4aa1ac,CASSYWGGSSYGYTF,0.028964197375463213,TCRBV19-01,TCRBJ01-02
8b83673f355198d694df11cafe4aa1ac,CASSYSSYPTGWYGYTF,0.028576002692392424,TCRBV06-X,TCRBJ01-02
8b83673f355198d694df11cafe4aa1ac,CASSYAGYYGYTF,0.028347892525774753,TCRBV06-02/06-03,TCRBJ01-02
8b83673f355198d694df11cafe4aa1ac,CASSLWYYYGYTF,0.028176349425961054,TCRBV12-03/12-04,TCRBJ01-02
8b83673f355198d694df11cafe4aa1ac,CASSNHHRGNNYGYTF,0.028174552516628044,TCRBV19-01,TCRBJ01-02
8b83673f355198d694df11cafe4aa1ac,CAWSYTGSYYGYTF,0.02813715442715026,TCRBV30-01,TCRBJ01-02
8b83673f355198d694df11cafe4aa1ac,CASNTYTGYSNYGYTF,0.027968160753274796,TCRBV28-01,TCRBJ01-02
8b83673f355198d694df11cafe4aa1ac,CAWGNGYGYTF,0.02790803516068971,TCRBV30-01,TCRBJ01-02
8b83673f355198d694df11cafe4aa1ac,CAWRGGYRYYGYTF,0.027698987232041356,TCRBV30-01,TCRBJ01-02
8b83673f355198d694df11cafe4aa1ac,CAWYGPPLHF,0.02759121700264175,TCRBV30-01,TCRBJ01-06
8b83673f355198d694df11cafe4aa1ac,CAWWVGAGDGYTF,0.027362921606022758,TCRBV30-01,TCRBJ01-02
8b83673f355198d694df11cafe4aa1ac,CATHRGGYYGYTF,0.027292393053016416,TCRBV28-01,TCRBJ01-02
8b83673f355198d694df11cafe4aa1ac,CAWWGDYGYTF,0.027114122029307915,TCRBV30-01,TCRBJ01-02
8b83673f355198d694df11cafe4aa1ac,CASSYTWGSNYGYTF,0.026822547491882554,TCRBV07-09,TCRBJ01-02
8b83673f355198d694df11cafe4aa1ac,WYWEDGGYEQYF,0.026808240349109898,TCRBV11-02,TCRBJ02-07
8b83673f355198d694df11cafe4aa1ac,CASSAWGGGANYGYTF,0.0267255422094853,TCRBV19-01,TCRBJ01-02
8b83673f355198d694df11cafe4aa1ac,CASSPHHF,0.026696140782201568,TCRBV13-01,TCRBJ01-06
8b83673f355198d694df11cafe4aa1ac,CAWAPGEHQPQHF,0.02665607795249164,TCRBV30-01,TCRBJ01-05
8b83673f355198d694df11cafe4aa1ac,TRHTWGGYTF,0.026591991334214103,TCRBV05-01,TCRBJ01-02
8b83673f355198d694df11cafe4aa1ac,CSAHYYGYTF,0.02653910402344449,TCRBV20-01,TCRBJ01-02
8b83673f355198d694df11cafe4aa1ac,CAWYDFGYGYTF,0.026508750008867366,TCRBV30-01,TCRBJ01-02
8b83673f355198d694df11cafe4aa1ac,CSAPAPGANVLTF,0.026257197292598487,TCRBV20-X,TCRBJ02-06
8b83673f355198d694df11cafe4aa1ac,CAWDRDTVKAFF,0.026177150022329163,TCRBV30-01,TCRBJ01-01
8b83673f355198d694df11cafe4aa1ac,CASSYYDNYGYTF,0.026127992615472224,TCRBV06-05,TCRBJ01-02
8b83673f355198d694df11cafe4aa1ac,CASSYVRAYGYTF,0.026006311607187634,TCRBV06-02/06-03,TCRBJ01-02
8b83673f355198d694df11cafe4aa1ac,CASSSYDSYYGYTF,0.026005315167891865,TCRBV05-05,TCRBJ01-02
8b83673f355198d694df11cafe4aa1ac,CAIIPWGLYGYTF,0.0259925051751405,TCRBV07-09,TCRBJ01-02
8b83673f355198d694df11cafe4aa1ac,CAWSWATEAFF,0.025990534487948067,TCRBV30-01,TCRBJ01-01
8b83673f355198d694df11cafe4aa1ac,CASSWWAGGATEAFF,0.025953090421900353,TCRBV05-01,TCRBJ01-01
8b83673f355198d694df11cafe4aa1ac,CAWGFPPLHF,0.02590142042354858,TCRBV30-01,TCRBJ01-06
8b83673f355198d694df11cafe4aa1ac,CAWYEGYGYTF,0.02585829320714994,TCRBV30-01,TCRBJ01-02
8b83673f355198d694df11cafe4aa1ac,CAAHPDKPWRPQHF,0.02580337407749026,TCRBV07-03,TCRBJ01-05
8b83673f355198d694df11cafe4aa1ac,CAWGAWGGLNTEAFF,0.025710003602148524,TCRBV30-01,TCRBJ01-01
8b83673f355198d694df11cafe4aa1ac,CASSPWGGNYGYTF,0.02567200630780607,TCRBV07-09,TCRBJ01-02
8b83673f355198d694df11cafe4aa1ac,CASSYKWGEGGYGYTF,0.02566880258358406,TCRBV06-05,TCRBJ01-02
8b83673f355198d694df11cafe4aa1ac,CASSYSSSQSYYGYTF,0.02565204044113565,TCRBV06-02/06-03,TCRBJ01-02
8b83673f355198d694df11cafe4aa1ac,CAWYGGGYGYTF,0.02564145038164942,TCRBV30-01,TCRBJ01-02
8b83673f355198d694df11cafe4aa1ac,CAWIIEYGYGYTF,0.025600280506400803,TCRBV30-01,TCRBJ01-02
8b83673f355198d694df11cafe4aa1ac,CASSYGGPYGYTF,0.025495741575923915,TCRBV06-05,TCRBJ01-02
8b83673f355198d694df11cafe4aa1ac,CASNHAGFTYGYTF,0.025495400966621586,TCRBV19-01,TCRBJ01-02
8b83673f355198d694df11cafe4aa1ac,CASSFNWYNYGYTF,0.025320743892279913,TCRBV28-01,TCRBJ01-02
8b83673f355198d694df11cafe4aa1ac,CASSYRGWGSNYGYTF,0.025304732370195343,TCRBV06-05,TCRBJ01-02
8b83673f355198d694df11cafe4aa1ac,CAWSAYYGYTF,0.025148149628582788,TCRBV30-01,TCRBJ01-02
8b83673f355198d694df11cafe4aa1ac,LPPEAFF,0.02513796379817604,TCRBV21-01,TCRBJ01-01
8b83673f355198d694df11cafe4aa1ac,CASSFGGHYYGYTF,0.025120704404018666,TCRBV28-01,TCRBJ01-02
8b83673f355198d694df11cafe4aa1ac,CASFPAGANVLTF,0.025098214445736938,TCRBV06-05,TCRBJ02-06
8b83673f355198d694df11cafe4aa1ac,CASSGGTGWNYGYTF,0.025097405033145812,TCRBV19-01,TCRBJ01-02
8b83673f355198d694df11cafe4aa1ac,CAWGKWNGYTF,0.02508292595035198,TCRBV30-01,TCRBJ01-02
8b83673f355198d694df11cafe4aa1ac,CASARAWTAPVAFF,0.025064940134474425,TCRBV28-01,TCRBJ01-01
8b83673f355198d694df11cafe4aa1ac,CARFTGCPYGYTF,0.02504005117126386,TCRBV05-03,TCRBJ01-02
8b83673f355198d694df11cafe4aa1ac,CSAFTPGAHLYGYTF,0.025034763769206037,TCRBV20-X,TCRBJ01-02
8b83673f355198d694df11cafe4aa1ac,CANYKDRGFYTIYF,0.02503354610399165,TCRBV10-01,TCRBJ01-03
8b83673f355198d694df11cafe4aa1ac,CAWSGWAAEAFF,0.02502291980591956,TCRBV30-01,TCRBJ01-01
8b83673f355198d694df11cafe4aa1ac,CSAWWNTEAFF,0.02498202068377246,TCRBV20-01,TCRBJ01-01
8b83673f355198d694df11cafe4aa1ac,CASIPGAHYGYTF,0.0249698875821404,TCRBV28-01,TCRBJ01-02
8b83673f355198d694df11cafe4aa1ac,CASSSHGGPGSYYGYTF,0.024934522615932066,TCRBV05-01,TCRBJ01-02
8b83673f355198d694df11cafe4aa1ac,RTNYGYTF,0.024919941023625315,TCRBV20-01,TCRBJ01-02
8b83673f355198d694df11cafe4aa1ac,CSVKTGYYYGYTF,0.024913446090535942,TCRBV29-01,TCRBJ01-02
8b83673f355198d694df11cafe4aa1ac,CGGGPQHF,0.024909258928196464,TCRBV19-01,TCRBJ01-05
8b83673f355198d694df11cafe4aa1ac,CASSDWWGWLFF,0.024909095335844008,TCRBV06-04,TCRBJ02-02
8b83673f355198d694df11cafe4aa1ac,CAPRYF,0.024908183291475677,TCRBV10-01,TCRBJ02-07
8b83673f355198d694df11cafe4aa1ac,CAWSVWGTEAFF,0.024891332252960214,TCRBV30-01,TCRBJ01-01
8b83673f355198d694df11cafe4aa1ac,CASSYRGYGYTF,0.02488549689442964,TCRBV06-05,TCRBJ01-02
8b83673f355198d694df11cafe4aa1ac,CASWGKGANVLTF,0.02487917700138049,TCRBV25-01,TCRBJ02-06
8b83673f355198d694df11cafe4aa1ac,GRYNSPLHF,0.02484562246809087,TCRBV21-01,TCRBJ01-06
8b83673f355198d694df11cafe4aa1ac,CAWKWTWRDYGYTF,0.024821788302183973,TCRBV30-01,TCRBJ01-02
8b83673f355198d694df11cafe4aa1ac,CASSPAQGAPGANVLTF,0.02479935733783068,TCRBV07-02,TCRBJ02-06
8b83673f355198d694df11cafe4aa1ac,CATEEVRKLLEAFF,0.024732980844002776,TCRBV02-01,TCRBJ01-01
8b83673f355198d694df11cafe4aa1ac,CASSWGTGWVAEAFF,0.024722730396850762,TCRBV11-02,TCRBJ01-01
8b83673f355198d694df11cafe4aa1ac,CAWSYGGGYTF,0.02472210236640231,TCRBV30-01,TCRBJ01-02
8b83673f355198d694df11cafe4aa1ac,CASWGGGASYGYTF,0.024715909123245394,TCRBV06-06,TCRBJ01-02
8b83673f355198d694df11cafe4aa1ac,CAWTALWPGGANVLTF,0.024715189310726325,TCRBV30-01,TCRBJ02-06
8b83673f355198d694df11cafe4aa1ac,CASTMGGYYGYTF,0.024706869129223145,TCRBV19-01,TCRBJ01-02
8b83673f355198d694df11cafe4aa1ac,CASYRPGGYGYTF,0.024704199262993227,TCRBV19-01,TCRBJ01-02
8b83673f355198d694df11cafe4aa1ac,CASRYSGSYYGYTF,0.02468839120449122,TCRBV12-X,TCRBJ01-02
8b83673f355198d694df11cafe4aa1ac,CAWSGGVWGYTF,0.024664663905700643,TCRBV30-01,TCRBJ01-02
8b83673f355198d694df11cafe4aa1ac,QPQHF,0.024621363760219915,TCRBV28-01,TCRBJ01-05
8b83673f355198d694df11cafe4aa1ac,CASSSGWGNYGYTF,0.024611869540433654,TCRBV11-01,TCRBJ01-02
8b83673f355198d694df11cafe4aa1ac,CSARYRVWGYGYTF,0.024589917994771112,TCRBV20-X,TCRBJ01-02
8b83673f355198d694df11cafe4aa1ac,CASSYSAGYYGYTF,0.02458792230669148,TCRBV06-05,TCRBJ01-02
8b83673f355198d694df11cafe4aa1ac,CASSFSQGYYYGYTF,0.024572988251310733,TCRBV28-01,TCRBJ01-02
8b83673f355198d694df11cafe4aa1ac,CASSYFPGGSTEAFF,0.02456987679343056,TCRBV06-02/06-03,TCRBJ01-01
8b83673f355198d694df11cafe4aa1ac,CAWSVGWGAGGTGELFF,0.02456976394244269,TCRBV30-01,TCRBJ02-02
8b83673f355198d694df11cafe4aa1ac,CASSYSGPYGYTF,0.024566745723126386,TCRBV06-02/06-03,TCRBJ01-02
8b83673f355198d694df11cafe4aa1ac,CSASWGHNYGYTF,0.024514827025828162,TCRBV20-01,TCRBJ01-02
8b83673f355198d694df11cafe4aa1ac,CASSFYQGAPNYGYTF,0.024513004035300295,TCRBV12-X,TCRBJ01-02
8b83673f355198d694df11cafe4aa1ac,CASSPYGGYTF,0.024508891033211903,TCRBV07-02,TCRBJ01-02
8fad4729d52975eb939a0281ef07a42c,YF,0.04349813901580405,TCRBV07-03,TCRBJ02-07
8fad4729d52975eb939a0281ef07a42c,HF,0.03464010287003052,TCRBV10-01,TCRBJ02-07
8fad4729d52975eb939a0281ef07a42c,CASSYYYGYTF,0.0340490058335077,TCRBV06-02/06-03,TCRBJ01-02
8fad4729d52975eb939a0281ef07a42c,RGYYGYTF,0.03236532323302487,TCRBV04-X,TCRBJ01-02
8fad4729d52975eb939a0281ef07a42c,CASHHEGYYYGYTF,0.03191826592078686,TCRBV12-X,TCRBJ01-02
8fad4729d52975eb939a0281ef07a42c,CASSYSGSYYNYGYTF,0.03142240987088449,TCRBV06-05,TCRBJ01-02
8fad4729d52975eb939a0281ef07a42c,CAWGGYTGTGANYGYTF,0.030626184304471855,TCRBV30-01,TCRBJ01-02
8fad4729d52975eb939a0281ef07a42c,CASSYSSGGGWSYGYTF,0.030464953125016406,TCRBV06-X,TCRBJ01-02
8fad4729d52975eb939a0281ef07a42c,CASSWGGGPFYGYTF,0.02992416215830321,TCRBV28-01,TCRBJ01-02
8fad4729d52975eb939a0281ef07a42c,CASMDPGAWWAFF,0.029859111253497952,TCRBV19-01,TCRBJ01-01
8fad4729d52975eb939a0281ef07a42c,CASSLWGKFAEAFF,0.02950759222269849,TCRBV27-01,TCRBJ01-01
8fad4729d52975eb939a0281ef07a42c,CASSYTGYYGYTF,0.029406522969498614,TCRBV06-05,TCRBJ01-02
8fad4729d52975eb939a0281ef07a42c,CAWGTWAEAFF,0.0291610101126405,TCRBV30-01,TCRBJ01-01
8fad4729d52975eb939a0281ef07a42c,CASMFWRF,0.028953735139731856,TCRBV19-01,TCRBJ02-07
8fad4729d52975eb939a0281ef07a42c,CAWGAYNYGYTF,0.028945833068935476,TCRBV30-01,TCRBJ01-02
8fad4729d52975eb939a0281ef07a42c,CNNKNF,0.028802300742380944,TCRBV07-X,TCRBJ02-07
8fad4729d52975eb939a0281ef07a42c,CASSYYRGYGYTF,0.02878078530984553,TCRBV06-05,TCRBJ01-02
8fad4729d52975eb939a0281ef07a42c,CSGIYAFF,0.028617121467514536,TCRBV20-01,TCRBJ01-01
8fad4729d52975eb939a0281ef07a42c,CASCPAGGANVLTF,0.02857810409675297,TCRBV05-01,TCRBJ02-06
8fad4729d52975eb939a0281ef07a42c,CANNWGGYGYTF,0.02851284368682641,TCRBV02-01,TCRBJ01-02
8fad4729d52975eb939a0281ef07a42c,CASSSYWPYGYTF,0.028465310760115305,TCRBV28-01,TCRBJ01-02
8fad4729d52975eb939a0281ef07a42c,CAWRYTYGYTF,0.028304123004780274,TCRBV30-01,TCRBJ01-02
8fad4729d52975eb939a0281ef07a42c,CASSFMERIREFF,0.028099059013761245,TCRBV07-09,TCRBJ02-01
8fad4729d52975eb939a0281ef07a42c,CASSLWGVAKEAFF,0.028018498935169812,TCRBV27-01,TCRBJ01-01
8fad4729d52975eb939a0281ef07a42c,CASSYKGPYYGYTF,0.02784419812390201,TCRBV06-05,TCRBJ01-02
8fad4729d52975eb939a0281ef07a42c,CASSYTTGGYYGYTF,0.027730875835599342,TCRBV07-09,TCRBJ01-02
8fad4729d52975eb939a0281ef07a42c,CASNFNTGICPGGGNF,0.027646641343087235,TCRBV07-09,TCRBJ02-04
8fad4729d52975eb939a0281ef07a42c,CASSFWGGNYGYTF,0.027608514300796857,TCRBV27-01,TCRBJ01-02
8fad4729d52975eb939a0281ef07a42c,WGRGPEQPQHF,0.02759865740512421,TCRBV06-05,TCRBJ01-05
8fad4729d52975eb939a0281ef07a42c,CSVWFYYGYTF,0.027525842359394374,TCRBV29-01,TCRBJ01-02
8fad4729d52975eb939a0281ef07a42c,CASSWTGGWWGYTF,0.027414519775946073,TCRBV06-05,TCRBJ01-02
8fad4729d52975eb939a0281ef07a42c,CAWSVFPGGSTEAFF,0.02738984337561974,TCRBV30-01,TCRBJ01-01
8fad4729d52975eb939a0281ef07a42c,CASSYYYPGSGAEVGGAFF,0.02733618720588784,TCRBV06-X,TCRBJ01-01
8fad4729d52975eb939a0281ef07a42c,CSYGSHYGYTF,0.027308460137541665,TCRBV20-01,TCRBJ01-02
8fad4729d52975eb939a0281ef07a42c,CASSSSGGNWWEQYF,0.027168334357194082,TCRBV12-X,TCRBJ02-07
8fad4729d52975eb939a0281ef07a42c,CSAGTTVEAGELFF,0.0271017271378214,TCRBV20-X,TCRBJ02-02
8fad4729d52975eb939a0281ef07a42c,CASNNNDHRGF,0.027014217717587226,TCRBV07-02,TCRBJ01-01
8fad4729d52975eb939a0281ef07a42c,CASSFLDRVTEAFF,0.026922254444220497,TCRBV28-01,TCRBJ01-01
8fad4729d52975eb939a0281ef07a42c,CASTRAVYYYGYTF,0.026921337865054035,TCRBV06-05,TCRBJ01-02
8fad4729d52975eb939a0281ef07a42c,WRDTQYF,0.02688589875145542,TCRBV02-01,TCRBJ02-03
8fad4729d52975eb939a0281ef07a42c,CASSFGPYYGYTF,0.026871192474483833,TCRBV27-01,TCRBJ01-02
8fad4729d52975eb939a0281ef07a42c,CAWNRAFF,0.02685865007226562,TCRBV30-01,TCRBJ01-01
8fad4729d52975eb939a0281ef07a42c,CASSKWGHVTHYGYTF,0.026770981459475453,TCRBV21-01,TCRBJ01-02
8fad4729d52975eb939a0281ef07a42c,CASSWGGAYYGYTF,0.026741424377648447,TCRBV27-01,TCRBJ01-02
8fad4729d52975eb939a0281ef07a42c,CAWSSGYHYGYTF,0.026727520582875832,TCRBV30-01,TCRBJ01-02
8fad4729d52975eb939a0281ef07a42c,CASSSTYYNYGYTF,0.02664712223757038,TCRBV06-02/06-03,TCRBJ01-02
8fad4729d52975eb939a0281ef07a42c,CASMWGYGYTF,0.02661565512131566,TCRBV06-05,TCRBJ01-02
8fad4729d52975eb939a0281ef07a42c,CASGGQGAPGANVLTF,0.02656384405218923,TCRBV07-07,TCRBJ02-06
8fad4729d52975eb939a0281ef07a42c,WWERDSPLHF,0.026467721294252573,TCRBV05-03,TCRBJ01-06
8fad4729d52975eb939a0281ef07a42c,CAWSAWGAEAFF,0.026446774310993196,TCRBV30-01,TCRBJ01-01
8fad4729d52975eb939a0281ef07a42c,CSAPAGAPGANVLTF,0.02644375426551466,TCRBV20-X,TCRBJ02-06
8fad4729d52975eb939a0281ef07a42c,CAWSVYRVWVGYTF,0.026431442766522862,TCRBV30-01,TCRBJ01-02
8fad4729d52975eb939a0281ef07a42c,CASSYGYNYGYTF,0.026419886540608437,TCRBV06-02/06-03,TCRBJ01-02
8fad4729d52975eb939a0281ef07a42c,CASTQKGLGAWFTEAFF,0.026407611904012532,TCRBV06-X,TCRBJ01-01
8fad4729d52975eb939a0281ef07a42c,CAWWGGGVFGYTF,0.02629012111778094,TCRBV30-01,TCRBJ01-02
8fad4729d52975eb939a0281ef07a42c,GMWQPQHF,0.02616230619026994,TCRBV06-04,TCRBJ01-05
8fad4729d52975eb939a0281ef07a42c,CASYWGGYTF,0.026160037501186645,TCRBV19-01,TCRBJ01-02
8fad4729d52975eb939a0281ef07a42c,CASSAGQGFFGTNWGGNTIYF,0.026159703439983497,TCRBV09-01,TCRBJ01-03
8fad4729d52975eb939a0281ef07a42c,CASSGHPYYGYTF,0.026127169082104797,TCRBV25-01,TCRBJ01-02
8fad4729d52975eb939a0281ef07a42c,CASRHPHPYGYTF,0.026107546737373487,TCRBV27-01,TCRBJ01-02
8fad4729d52975eb939a0281ef07a42c,CASTNVYGAGYGYTF,0.026090002936865482,TCRBV07-09,TCRBJ01-02
8fad4729d52975eb939a0281ef07a42c,CAWGDGPWGYTF,0.026072028664887205,TCRBV30-01,TCRBJ01-02
8fad4729d52975eb939a0281ef07a42c,CAWANWANYGYTF,0.025939790403711794,TCRBV30-01,TCRBJ01-02
8fad4729d52975eb939a0281ef07a42c,CASSSSSGGWNYGYTF,0.025926998280975253,TCRBV11-02,TCRBJ01-02
8fad4729d52975eb939a0281ef07a42c,CSAGHPYF,0.0257602756543183,TCRBV20-01,TCRBJ02-07
8fad4729d52975eb939a0281ef07a42c,CASGYNYGYTF,0.0257468894293102,TCRBV06-X,TCRBJ01-02
8fad4729d52975eb939a0281ef07a42c,CARHRPQHF,0.02570605481533463,TCRBV05-03,TCRBJ01-05
8fad4729d52975eb939a0281ef07a42c,CAPGAFF,0.025672686161618146,TCRBV09-01,TCRBJ01-01
8fad4729d52975eb939a0281ef07a42c,CASSPWGGNYGYTF,0.025672000344253692,TCRBV28-01,TCRBJ01-02
8fad4729d52975eb939a0281ef07a42c,CASTWGGLPAGANVLTF,0.025601862543532583,TCRBV05-01,TCRBJ02-06
8fad4729d52975eb939a0281ef07a42c,CASSWGAFYNYGYTF,0.02550152224337814,TCRBV28-01,TCRBJ01-02
8fad4729d52975eb939a0281ef07a42c,CSAHWDGYTF,0.025498019329413382,TCRBV20-01,TCRBJ01-02
8fad4729d52975eb939a0281ef07a42c,CASSFWGGPGYTF,0.025481271067888247,TCRBV28-01,TCRBJ01-02
8fad4729d52975eb939a0281ef07a42c,CASSTTNGSYRVGYGYGYTF,0.025469774688784114,TCRBV07-09,TCRBJ01-02
8fad4729d52975eb939a0281ef07a42c,CAAGAPGANVLTF,0.025447314440384776,TCRBV27-01,TCRBJ02-06
8fad4729d52975eb939a0281ef07a42c,CASSSNRGGGFGYTF,0.025434427887732987,TCRBV06-05,TCRBJ01-02
8fad4729d52975eb939a0281ef07a42c,CASHHFYGYTF,0.025402609690905357,TCRBV19-01,TCRBJ01-02
8fad4729d52975eb939a0281ef07a42c,CSAWHTEAFF,0.025393344248160983,TCRBV20-01,TCRBJ01-01
8fad4729d52975eb939a0281ef07a42c,CSVFGGNTFYGYTF,0.025387037368547867,TCRBV29-01,TCRBJ01-02
8fad4729d52975eb939a0281ef07a42c,CASSYGHVYGYTF,0.02536632655648904,TCRBV06-05,TCRBJ01-02
8fad4729d52975eb939a0281ef07a42c,CASSPYAEGWNYGYTF,0.025348067709719375,TCRBV27-01,TCRBJ01-02
8fad4729d52975eb939a0281ef07a42c,CASSYGGPFSGNTIYF,0.02532158091557666,TCRBV06-05,TCRBJ01-03
8fad4729d52975eb939a0281ef07a42c,CASSYSWAGYGYTF,0.025297269678696235,TCRBV06-05,TCRBJ01-02
8fad4729d52975eb939a0281ef07a42c,CASSFTGGHHYGYTF,0.02516853335316614,TCRBV07-08,TCRBJ01-02
8fad4729d52975eb939a0281ef07a42c,GYGYTF,0.02515006978353673,TCRBV28-01,TCRBJ01-02
8fad4729d52975eb939a0281ef07a42c,WWIEKETQYF,0.025148884648196226,TCRBV21-01,TCRBJ02-05
8fad4729d52975eb939a0281ef07a42c,CASGYSTGANYGYTF,0.025143471127555463,TCRBV28-01,TCRBJ01-02
8fad4729d52975eb939a0281ef07a42c,CASSWTGYPNYGYTF,0.025137876157872822,TCRBV05-01,TCRBJ01-02
8fad4729d52975eb939a0281ef07a42c,CASSWGQGAYNYGYTF,0.025118535385266084,TCRBV12-X,TCRBJ01-02
8fad4729d52975eb939a0281ef07a42c,CAWLGGYNYGYTF,0.025105711835748886,TCRBV30-01,TCRBJ01-02
8fad4729d52975eb939a0281ef07a42c,CAWMTEAFF,0.025088963865316304,TCRBV30-01,TCRBJ01-01
8fad4729d52975eb939a0281ef07a42c,CASSGWWAYGYTF,0.02508484854171734,TCRBV05-04,TCRBJ01-02
8fad4729d52975eb939a0281ef07a42c,WTEAFF,0.025081733695155588,TCRBV28-01,TCRBJ01-01
8fad4729d52975eb939a0281ef07a42c,CASSFWGGDNYGYTF,0.025080421986727153,TCRBV28-01,TCRBJ01-02
8fad4729d52975eb939a0281ef07a42c,CASSYGHNYGYTF,0.025079445536071922,TCRBV06-05,TCRBJ01-02
8fad4729d52975eb939a0281ef07a42c,CASSGYPGGFYGYTF,0.025075728075601898,TCRBV09-01,TCRBJ01-02
8fad4729d52975eb939a0281ef07a42c,CAKMDRGPYF,0.025071294347249563,TCRBV04-03,TCRBJ02-03
8fad4729d52975eb939a0281ef07a42c,CASRYF,0.025025265474735714,TCRBV23-01,TCRBJ02-05
8fad4729d52975eb939a0281ef07a42c,CATPPASGANVLTF,0.02501567765126551,TCRBV07-09,TCRBJ02-06
8fad4729d52975eb939a0281ef07a42c,CASTPTHTGYYGYTF,0.02501047956418548,TCRBV19-01,TCRBJ01-02
90bbfead56eb7124bc695611eff215fa,CASYYPGGWYGYTF,0.03640384195643686,TCRBV18-01,TCRBJ01-02
90bbfead56eb7124bc695611eff215fa,CASSWGGPYNYGYTF,0.03414919168036533,TCRBV12-X,TCRBJ01-02
90bbfead56eb7124bc695611eff215fa,CASSYYYGYTF,0.03404899211087026,TCRBV07-X,TCRBJ01-02
90bbfead56eb7124bc695611eff215fa,CASSYSTYYYGYTF,0.033343748325053345,TCRBV06-05,TCRBJ01-02
90bbfead56eb7124bc695611eff215fa,CAWSHS,0.03300837740766938,TCRBV30-01,TCRBJ01-02
90bbfead56eb7124bc695611eff215fa,CATPHPF,0.03168891925963977,TCRBV27-01,TCRBJ02-07
90bbfead56eb7124bc695611eff215fa,WWWAGHHEQYF,0.03154048773835887,TCRBV07-06,TCRBJ02-07
90bbfead56eb7124bc695611eff215fa,CASWYYGYTF,0.030574709163202696,TCRBV02-01,TCRBJ01-02
90bbfead56eb7124bc695611eff215fa,CASSGGWGANYGYTF,0.030561182860808334,TCRBV06-X,TCRBJ01-02
90bbfead56eb7124bc695611eff215fa,CAWSPTGGWGNYGYTF,0.030327540036246447,TCRBV30-01,TCRBJ01-02
90bbfead56eb7124bc695611eff215fa,WLDREAFF,0.029629239074097445,TCRBV06-06,TCRBJ01-01
90bbfead56eb7124bc695611eff215fa,CAWWGFYGYTF,0.02956126833787103,TCRBV30-01,TCRBJ01-02
90bbfead56eb7124bc695611eff215fa,CAWGYGTAYYGYTF,0.029502217694716604,TCRBV30-01,TCRBJ01-02
90bbfead56eb7124bc695611eff215fa,CASSYRGYYGYTF,0.02933977931009988,TCRBV06-05,TCRBJ01-02
90bbfead56eb7124bc695611eff215fa,CASSYPYYGYTF,0.028907292741297295,TCRBV06-02/06-03,TCRBJ01-02
90bbfead56eb7124bc695611eff215fa,CATPHF,0.028844892552654804,TCRBV24-01,TCRBJ01-05
90bbfead56eb7124bc695611eff215fa,CASSDPAKFF,0.028738395162897456,TCRBV21-01,TCRBJ01-04
90bbfead56eb7124bc695611eff215fa,CASSWGGNANYGYTF,0.028601737844710744,TCRBV19-01,TCRBJ01-02
90bbfead56eb7124bc695611eff215fa,CASSLGWWGGYGYTF,0.028587022669397243,TCRBV28-01,TCRBJ01-02
90bbfead56eb7124bc695611eff215fa,CASSYFGGWPYGYTF,0.028185560945244707,TCRBV06-05,TCRBJ01-02
90bbfead56eb7124bc695611eff215fa,CAGYNYGYTF,0.02808786210137485,TCRBV20-01,TCRBJ01-02
90bbfead56eb7124bc695611eff215fa,CASSYYKPGGGYYGYTF,0.028071631021764267,TCRBV06-X,TCRBJ01-02
90bbfead56eb7124bc695611eff215fa,CAWGPPETF,0.028001459939750686,TCRBV30-01,TCRBJ01-02
90bbfead56eb7124bc695611eff215fa,CTLYAPGYGYTF,0.027980569273069345,TCRBV29-01,TCRBJ01-02
90bbfead56eb7124bc695611eff215fa,CASSHHKPGQGGWNGYTF,0.027879541149126268,TCRBV23-01,TCRBJ01-02
90bbfead56eb7124bc695611eff215fa,CASSTWGDPWYGYTF,0.027827994166767105,TCRBV05-01,TCRBJ01-02
90bbfead56eb7124bc695611eff215fa,CASSIDPVKAFF,0.027822049422287366,TCRBV19-01,TCRBJ01-01
90bbfead56eb7124bc695611eff215fa,CASRAYGAYYGYTF,0.027660589666302873,TCRBV25-01,TCRBJ01-02
90bbfead56eb7124bc695611eff215fa,CASSYSTGYYGYTF,0.027645729643180673,TCRBV06-06,TCRBJ01-02
90bbfead56eb7124bc695611eff215fa,CASRKF,0.027551920157654092,TCRBV02-01,TCRBJ02-07
90bbfead56eb7124bc695611eff215fa,CAWRDRGRGRGF,0.02745227826451146,TCRBV30-01,TCRBJ01-02
90bbfead56eb7124bc695611eff215fa,CAWSWGTGEWGTEAFF,0.027437022799722245,TCRBV30-01,TCRBJ01-01
90bbfead56eb7124bc695611eff215fa,CASSFWHHQPQHF,0.027432604724758163,TCRBV03-01/03-02,TCRBJ01-05
90bbfead56eb7124bc695611eff215fa,CASSYGRYYGYTF,0.027335321905766066,TCRBV06-05,TCRBJ01-02
90bbfead56eb7124bc695611eff215fa,CSAWDTWDYGYTF,0.027294337835145614,TCRBV20-X,TCRBJ01-02
90bbfead56eb7124bc695611eff215fa,CASSYGWGNYGYTF,0.027244063670212232,TCRBV06-05,TCRBJ01-02
90bbfead56eb7124bc695611eff215fa,CASNSPPPPHQPQHF,0.027134099060475567,TCRBV09-01,TCRBJ01-05
90bbfead56eb7124bc695611eff215fa,CASSSGNRFTGGGVNYGYTF,0.027112433421923227,TCRBV02-01,TCRBJ01-02
90bbfead56eb7124bc695611eff215fa,CASAPGGPNFNYGYTF,0.02700844198616787,TCRBV06-X,TCRBJ01-02
90bbfead56eb7124bc695611eff215fa,CAWGPGPEAFF,0.027003177983874718,TCRBV30-01,TCRBJ01-01
90bbfead56eb7124bc695611eff215fa,WGPLANYGYTF,0.026987210402988706,TCRBV19-01,TCRBJ01-02
90bbfead56eb7124bc695611eff215fa,CAAGPQGKDGNTIYF,0.026832127065533687,TCRBV06-X,TCRBJ01-03
90bbfead56eb7124bc695611eff215fa,CASSYTPGGGGSNGYTF,0.02680065737010301,TCRBV06-X,TCRBJ01-02
90bbfead56eb7124bc695611eff215fa,CAWSPDWGGWGYTF,0.026799834982509856,TCRBV30-01,TCRBJ01-02
90bbfead56eb7124bc695611eff215fa,WGPETQYF,0.02676710865701989,TCRBV28-01,TCRBJ02-05
90bbfead56eb7124bc695611eff215fa,CASNWGGYGYTF,0.02674470865384273,TCRBV06-X,TCRBJ01-02
90bbfead56eb7124bc695611eff215fa,CASNFGGYYGYTF,0.02669493899037192,TCRBV12-03/12-04,TCRBJ01-02
90bbfead56eb7124bc695611eff215fa,CASTPYWGGPPYETQYF,0.02665106164936221,TCRBV19-01,TCRBJ02-05
90bbfead56eb7124bc695611eff215fa,CAWKMWYGYTF,0.026648972824766335,TCRBV30-01,TCRBJ01-02
90bbfead56eb7124bc695611eff215fa,CAWGGQGGWGPQHF,0.02663340519919828,TCRBV30-01,TCRBJ01-05
90bbfead56eb7124bc695611eff215fa,CAWIRMWTVGGYTF,0.026597749885640752,TCRBV30-01,TCRBJ01-02
90bbfead56eb7124bc695611eff215fa,CASSYSGPYYGYTF,0.026593886029153947,TCRBV06-05,TCRBJ01-02
90bbfead56eb7124bc695611eff215fa,CATWHWDYGYTF,0.026565306755828258,TCRBV19-01,TCRBJ01-02
90bbfead56eb7124bc695611eff215fa,CAWGRGWGYTF,0.02651519412132381,TCRBV30-01,TCRBJ01-02
90bbfead56eb7124bc695611eff215fa,CARRKGRIYTYGYTF,0.02650725649680503,TCRBV05-03,TCRBJ01-02
90bbfead56eb7124bc695611eff215fa,WGDYNSPLHF,0.026457233503901455,TCRBV20-01,TCRBJ01-06
90bbfead56eb7124bc695611eff215fa,CASSHTTGGYNYGYTF,0.02645341560109473,TCRBV04-02,TCRBJ01-02
90bbfead56eb7124bc695611eff215fa,CASSYYQGNYGYTF,0.026442853534390777,TCRBV06-05,TCRBJ01-02
90bbfead56eb7124bc695611eff215fa,CAGYTGGVSTYGYTF,0.02641115975833229,TCRBV06-06,TCRBJ01-02
90bbfead56eb7124bc695611eff215fa,CASSYEGYYGYTF,0.026408114552369667,TCRBV06-02/06-03,TCRBJ01-02
90bbfead56eb7124bc695611eff215fa,YSYQPQHF,0.026266069704945747,TCRBV28-01,TCRBJ01-05
90bbfead56eb7124bc695611eff215fa,CSARDWGSGGSWWYF,0.02616026071712241,TCRBV20-X,TCRBJ02-07
90bbfead56eb7124bc695611eff215fa,CSVAPYYGYTF,0.026143507971404484,TCRBV20-01,TCRBJ01-02
90bbfead56eb7124bc695611eff215fa,CASSYTGSNYYGYTF,0.026118430265237438,TCRBV11-02,TCRBJ01-02
90bbfead56eb7124bc695611eff215fa,ETQYF,0.02611368220022237,TCRBV12-01,TCRBJ02-05
90bbfead56eb7124bc695611eff215fa,CASSPHAHYGYTF,0.02611311679379744,TCRBV06-05,TCRBJ01-02
90bbfead56eb7124bc695611eff215fa,CASSGYSGVYYGYTF,0.026040941311900857,TCRBV02-01,TCRBJ01-02
90bbfead56eb7124bc695611eff215fa,CAKYF,0.02601728395477066,TCRBV09-01,TCRBJ02-05
90bbfead56eb7124bc695611eff215fa,CASSYSVGYYGYTF,0.026007477186367506,TCRBV06-06,TCRBJ01-02
90bbfead56eb7124bc695611eff215fa,CASSSWWGPDYGYTF,0.025951582180524232,TCRBV06-02/06-03,TCRBJ01-02
90bbfead56eb7124bc695611eff215fa,CARSCLGGYYYGYTF,0.02588249509892933,TCRBV05-03,TCRBJ01-02
90bbfead56eb7124bc695611eff215fa,CASMDSWGWFRQFF,0.025871022289018036,TCRBV06-X,TCRBJ02-01
90bbfead56eb7124bc695611eff215fa,CASSYSSGYNGYTF,0.02586557909433112,TCRBV06-05,TCRBJ01-02
90bbfead56eb7124bc695611eff215fa,CSAPWGGYGYTF,0.025861007912596334,TCRBV20-X,TCRBJ01-02
90bbfead56eb7124bc695611eff215fa,CASSSWGGNYGYTF,0.025852998227827998,TCRBV11-02,TCRBJ01-02
90bbfead56eb7124bc695611eff215fa,CASSFKPF,0.02585016126186297,TCRBV05-08,TCRBJ01-02
90bbfead56eb7124bc695611eff215fa,CASSYPANPYGYTF,0.025817707839641005,TCRBV06-06,TCRBJ01-02
90bbfead56eb7124bc695611eff215fa,CAWSTPWGGNYGYTF,0.025793569417529527,TCRBV30-01,TCRBJ01-02
90bbfead56eb7124bc695611eff215fa,CASSNWGAGYGYTF,0.025773304974856262,TCRBV12-X,TCRBJ01-02
90bbfead56eb7124bc695611eff215fa,CASRAH,0.025705671165067466,TCRBV25-01,TCRBJ02-07
90bbfead56eb7124bc695611eff215fa,CASSSYTGTGGWGYTF,0.02567664934261032,TCRBV05-06,TCRBJ01-02
90bbfead56eb7124bc695611eff215fa,CAAHGGQGGYQPQHF,0.025673625462171605,TCRBV06-05,TCRBJ01-05
90bbfead56eb7124bc695611eff215fa,CASSYPGGYYGYTF,0.025640565835202342,TCRBV11-03,TCRBJ01-02
90bbfead56eb7124bc695611eff215fa,CASSFPWGGCGGGYTF,0.02558066610133896,TCRBV07-06,TCRBJ01-02
90bbfead56eb7124bc695611eff215fa,CATQSWGAHPYGYTF,0.025576787164996496,TCRBV06-X,TCRBJ01-02
90bbfead56eb7124bc695611eff215fa,CASTWDPFGYTF,0.02556503055023463,TCRBV02-01,TCRBJ01-02
90bbfead56eb7124bc695611eff215fa,CAWSVWVGGYTF,0.025539882011099427,TCRBV30-01,TCRBJ01-02
90bbfead56eb7124bc695611eff215fa,CAWSVHGGYYGYTF,0.025511082472539807,TCRBV30-01,TCRBJ01-02
90bbfead56eb7124bc695611eff215fa,CASSFTDRVKAFF,0.025501874782448315,TCRBV07-02,TCRBJ01-01
90bbfead56eb7124bc695611eff215fa,CASSYKYINYGYTF,0.02549762833553273,TCRBV05-06,TCRBJ01-02
90bbfead56eb7124bc695611eff215fa,CASSYGGPYGYTF,0.02549573269040756,TCRBV06-02/06-03,TCRBJ01-02
90bbfead56eb7124bc695611eff215fa,CASSWGGHYGYTF,0.025490082112838104,TCRBV02-01,TCRBJ01-02
90bbfead56eb7124bc695611eff215fa,CATGGTGGAGGNTIYF,0.025475206316542036,TCRBV10-03,TCRBJ01-03
90bbfead56eb7124bc695611eff215fa,CSARRGAYYYGYTF,0.025470054306475934,TCRBV20-X,TCRBJ01-02
90bbfead56eb7124bc695611eff215fa,CASHGQGTPHQPQHF,0.025455633484416384,TCRBV19-01,TCRBJ01-05
90bbfead56eb7124bc695611eff215fa,CAGFF,0.025419384381786956,TCRBV30-01,TCRBJ01-02
90bbfead56eb7124bc695611eff215fa,CASANPYGYTF,0.025410794935940957,TCRBV06-05,TCRBJ01-02
90bbfead56eb7124bc695611eff215fa,CASSYYSGTANYGYTF,0.025408294518340858,TCRBV06-02/06-03,TCRBJ01-02
97e5a462deeac8944f166c2cfcd65e66,CAYRAWGYGYTF,0.03180780051357453,TCRBV06-05,TCRBJ01-02
97e5a462deeac8944f166c2cfcd65e66,CASSYNSYYGYTF,0.03038258373132806,TCRBV06-02/06-03,TCRBJ01-02
97e5a462deeac8944f166c2cfcd65e66,CASSYWGAYGYTF,0.02957331526875922,TCRBV06-02/06-03,TCRBJ01-02
97e5a462deeac8944f166c2cfcd65e66,CASSYNRHNNYGYTF,0.029447332111455407,TCRBV06-05,TCRBJ01-02
97e5a462deeac8944f166c2cfcd65e66,CASSYGGWSYSYTF,0.028875889926700912,TCRBV06-05,TCRBJ01-02
97e5a462deeac8944f166c2cfcd65e66,CASYGGRWNYGYTF,0.028310985949553134,TCRBV18-01,TCRBJ01-02
97e5a462deeac8944f166c2cfcd65e66,CSAIPWGYGYTF,0.028007852440002715,TCRBV20-X,TCRBJ01-02
97e5a462deeac8944f166c2cfcd65e66,CASSYHPWPGYTF,0.027978933622856944,TCRBV06-05,TCRBJ01-02
97e5a462deeac8944f166c2cfcd65e66,CASSAYWGNYGYTF,0.027755776726074956,TCRBV09-01,TCRBJ01-02
97e5a462deeac8944f166c2cfcd65e66,CASSYSGGSWYGYTF,0.027752029272175675,TCRBV06-05,TCRBJ01-02
97e5a462deeac8944f166c2cfcd65e66,CASSYSTGYYGYTF,0.02764570721156523,TCRBV06-05,TCRBJ01-02
97e5a462deeac8944f166c2cfcd65e66,CASSWGGNPNYGYTF,0.027580290246797954,TCRBV27-01,TCRBJ01-02
97e5a462deeac8944f166c2cfcd65e66,CAPTPYYGYTF,0.027575934467444625,TCRBV27-01,TCRBJ01-02
97e5a462deeac8944f166c2cfcd65e66,CASSYGSYYGYTF,0.02755423427034956,TCRBV06-02/06-03,TCRBJ01-02
97e5a462deeac8944f166c2cfcd65e66,CASSYTHTYGYTF,0.02755336226368228,TCRBV06-05,TCRBJ01-02
97e5a462deeac8944f166c2cfcd65e66,CAWAGVYGYTF,0.02751955994845523,TCRBV30-01,TCRBJ01-02
97e5a462deeac8944f166c2cfcd65e66,CASSHTGYPPFYGYTF,0.02712317212823975,TCRBV07-09,TCRBJ01-02
97e5a462deeac8944f166c2cfcd65e66,CASSYFEGPYYGYTF,0.026950445864104132,TCRBV06-05,TCRBJ01-02
97e5a462deeac8944f166c2cfcd65e66,CASGYYGLNYGYTF,0.026771537423716536,TCRBV05-01,TCRBJ01-02
97e5a462deeac8944f166c2cfcd65e66,CASSPWGGYGYTF,0.026769038778746455,TCRBV05-06,TCRBJ01-02
97e5a462deeac8944f166c2cfcd65e66,CAWRWSGYYGYTF,0.02667405232756983,TCRBV30-01,TCRBJ01-02
97e5a462deeac8944f166c2cfcd65e66,CATSNYYQGQGYYGYTF,0.026576782988778205,TCRBV15-01,TCRBJ01-02
97e5a462deeac8944f166c2cfcd65e66,CASWGGGYGYTF,0.026568161488457736,TCRBV27-01,TCRBJ01-02
97e5a462deeac8944f166c2cfcd65e66,CASSLDWEAWKNYGYTF,0.026495191429672927,TCRBV05-01,TCRBJ01-02
97e5a462deeac8944f166c2cfcd65e66,CASGPAAGGGYYNGYTF,0.02646569866332303,TCRBV12-05,TCRBJ01-02
97e5a462deeac8944f166c2cfcd65e66,CATWWGGYTF,0.02645466514919808,TCRBV12-03/12-04,TCRBJ01-02
97e5a462deeac8944f166c2cfcd65e66,CASRDGYIYGYTF,0.02640158084969189,TCRBV19-01,TCRBJ01-02
97e5a462deeac8944f166c2cfcd65e66,CSAWTGWEGGYTF,0.026342126673053474,TCRBV20-X,TCRBJ01-02
97e5a462deeac8944f166c2cfcd65e66,CASSGGWGGYGYTF,0.02621801739660892,TCRBV07-02,TCRBJ01-02
97e5a462deeac8944f166c2cfcd65e66,CASSPFPGGWNYGYTF,0.02609537848300152,TCRBV03-01/03-02,TCRBJ01-02
97e5a462deeac8944f166c2cfcd65e66,CASGYYQTGNYGYTF,0.026055999467625296,TCRBV06-05,TCRBJ01-02
97e5a462deeac8944f166c2cfcd65e66,CASSAGPYYGYTF,0.02603225927865899,TCRBV05-05,TCRBJ01-02
97e5a462deeac8944f166c2cfcd65e66,CASTPKTGGGYIYGYTF,0.025950830351803796,TCRBV19-01,TCRBJ01-02
97e5a462deeac8944f166c2cfcd65e66,CASSYYPGYGYTF,0.025915528838970817,TCRBV06-06,TCRBJ01-02
97e5a462deeac8944f166c2cfcd65e66,CAEGPYYGYTF,0.02586803770618199,TCRBV02-01,TCRBJ01-02
97e5a462deeac8944f166c2cfcd65e66,CASTPVKGHNWWANVLTF,0.025851207451603315,TCRBV21-01,TCRBJ02-06
97e5a462deeac8944f166c2cfcd65e66,CASSPFGGPNYGYTF,0.025794547473568113,TCRBV28-01,TCRBJ01-02
97e5a462deeac8944f166c2cfcd65e66,CASSSSWTGGGNSGNTIYF,0.025788898312523675,TCRBV06-X,TCRBJ01-03
97e5a462deeac8944f166c2cfcd65e66,CASSYSGYRGCSGNTIYF,0.02576175661589824,TCRBV06-07,TCRBJ01-03
97e5a462deeac8944f166c2cfcd65e66,CASSFAFAFF,0.02574094399697041,TCRBV27-01,TCRBJ01-01
97e5a462deeac8944f166c2cfcd65e66,CASSPNWGGGFF,0.02573843586501433,TCRBV12-03/12-04,TCRBJ02-01
97e5a462deeac8944f166c2cfcd65e66,CASSYYRGAYGYTF,0.025666721638592474,TCRBV06-05,TCRBJ01-02
97e5a462deeac8944f166c2cfcd65e66,CSALKPEAFF,0.025623913913182143,TCRBV20-01,TCRBJ01-01
97e5a462deeac8944f166c2cfcd65e66,RGRYTQYF,0.02559653098281403,TCRBV19-01,TCRBJ02-03
97e5a462deeac8944f166c2cfcd65e66,CASSWWTGGNYGYTF,0.025583342024731812,TCRBV05-08,TCRBJ01-02
97e5a462deeac8944f166c2cfcd65e66,CASSFYRGYGYTF,0.02558300027585787,TCRBV07-09,TCRBJ01-02
97e5a462deeac8944f166c2cfcd65e66,CASAYTGPNYGYTF,0.02554402552022112,TCRBV27-01,TCRBJ01-02
97e5a462deeac8944f166c2cfcd65e66,CASSYRGPYYGYTF,0.025467057078909207,TCRBV06-02/06-03,TCRBJ01-02
97e5a462deeac8944f166c2cfcd65e66,CARRN,0.025433640418120466,TCRBV05-05,TCRBJ01-06
97e5a462deeac8944f166c2cfcd65e66,CASSYAGGWGYTF,0.025419072821019705,TCRBV27-01,TCRBJ01-02
97e5a462deeac8944f166c2cfcd65e66,CASSYSGTGAGANYGYTF,0.025409450230576617,TCRBV06-X,TCRBJ01-02
97e5a462deeac8944f166c2cfcd65e66,CASSYGGYYGYTF,0.025402721840629465,TCRBV06-02/06-03,TCRBJ01-02
97e5a462deeac8944f166c2cfcd65e66,CASSDYWDYGYTF,0.025307844785783726,TCRBV19-01,TCRBJ01-02
97e5a462deeac8944f166c2cfcd65e66,CASNPWAAVGYTF,0.02528850886089084,TCRBV02-01,TCRBJ01-02
97e5a462deeac8944f166c2cfcd65e66,CASSSHSGGYYGYTF,0.02521309318148762,TCRBV12-X,TCRBJ01-02
97e5a462deeac8944f166c2cfcd65e66,CSAGGNWGAFF,0.025192246883396868,TCRBV20-01,TCRBJ01-01
97e5a462deeac8944f166c2cfcd65e66,CAWSWAGVYGYTF,0.02519162333474347,TCRBV30-01,TCRBJ01-02
97e5a462deeac8944f166c2cfcd65e66,CASSYMEGYYGYTF,0.025172028736650566,TCRBV06-02/06-03,TCRBJ01-02
97e5a462deeac8944f166c2cfcd65e66,CASNPWGQGPINYGYTF,0.025150742017653036,TCRBV19-01,TCRBJ01-02
97e5a462deeac8944f166c2cfcd65e66,CASSYGGGWSGNTIYF,0.025029442546210184,TCRBV06-05,TCRBJ01-03
97e5a462deeac8944f166c2cfcd65e66,CASSYYGSGYTF,0.024965566397794372,TCRBV06-05,TCRBJ01-02
97e5a462deeac8944f166c2cfcd65e66,CASSYSYRGHTNYGYTF,0.024958479666267408,TCRBV06-X,TCRBJ01-02
97e5a462deeac8944f166c2cfcd65e66,CASHWTGGVGANYGYTF,0.02494440631449529,TCRBV05-01,TCRBJ01-02
97e5a462deeac8944f166c2cfcd65e66,CASSWGSGGANYGYTF,0.024925422089892662,TCRBV05-01,TCRBJ01-02
97e5a462deeac8944f166c2cfcd65e66,CAWSVWGTEAFF,0.024891349613477297,TCRBV30-01,TCRBJ01-01
97e5a462deeac8944f166c2cfcd65e66,CASSHGVYYGYTF,0.02486091161938411,TCRBV07-08,TCRBJ01-02
97e5a462deeac8944f166c2cfcd65e66,CAWSWGEYWEKLFF,0.024850522839011232,TCRBV30-01,TCRBJ01-04
97e5a462deeac8944f166c2cfcd65e66,CSAIHYRGYGYTF,0.02484790283595479,TCRBV20-X,TCRBJ01-02
97e5a462deeac8944f166c2cfcd65e66,CASSHNPYRAFF,0.024822948315832382,TCRBV04-01,TCRBJ01-01
97e5a462deeac8944f166c2cfcd65e66,CASRPTYTQNYYGYTF,0.024720911019560483,TCRBV06-04,TCRBJ01-02
97e5a462deeac8944f166c2cfcd65e66,CASSYGGPFNYGYTF,0.024678650853543805,TCRBV06-05,TCRBJ01-02
97e5a462deeac8944f166c2cfcd65e66,WAFLINYGYTF,0.024672099605122563,TCRBV28-01,TCRBJ01-02
97e5a462deeac8944f166c2cfcd65e66,RDRWAYGYTF,0.0246588230004454,TCRBV07-02,TCRBJ01-02
97e5a462deeac8944f166c2cfcd65e66,CASSYANPNYGYTF,0.024655520346030888,TCRBV06-05,TCRBJ01-02
97e5a462deeac8944f166c2cfcd65e66,QPQHF,0.024621375211539443,TCRBV27-01,TCRBJ01-05
97e5a462deeac8944f166c2cfcd65e66,CASSFGHGYGYTF,0.024613311905220685,TCRBV06-06,TCRBJ01-02
97e5a462deeac8944f166c2cfcd65e66,CASSYNHPTGGWGYTF,0.024602284487180076,TCRBV06-06,TCRBJ01-02
97e5a462deeac8944f166c2cfcd65e66,CASGAYYGYTF,0.024589577744521234,TCRBV06-05,TCRBJ01-02
97e5a462deeac8944f166c2cfcd65e66,CASHWGAPGNTIYF,0.024551343152102383,TCRBV06-05,TCRBJ01-03
97e5a462deeac8944f166c2cfcd65e66,CSAYTTGVHYGYTF,0.024528793891743658,TCRBV20-X,TCRBJ01-02
97e5a462deeac8944f166c2cfcd65e66,CFPQPQHF,0.02450457780692033,TCRBV12-03/12-04,TCRBJ01-05
97e5a462deeac8944f166c2cfcd65e66,CASSYFPGGTEAFF,0.024461206022410652,TCRBV12-X,TCRBJ01-01
97e5a462deeac8944f166c2cfcd65e66,CASAWAF,0.024444216272263036,TCRBV06-07,TCRBJ01-02
97e5a462deeac8944f166c2cfcd65e66,CASSYLGYFSYGYTF,0.02444083363063917,TCRBV06-06,TCRBJ01-02
97e5a462deeac8944f166c2cfcd65e66,CAWSPQGYYGYTF,0.02443529873741925,TCRBV30-01,TCRBJ01-02
97e5a462deeac8944f166c2cfcd65e66,CASSHAHGYTF,0.024372851356624033,TCRBV04-01,TCRBJ01-02
97e5a462deeac8944f166c2cfcd65e66,CASSYGPNYGYTF,0.024348121305458336,TCRBV06-05,TCRBJ01-02
97e5a462deeac8944f166c2cfcd65e66,CASSWWDTDPHLHF,0.024294191797630187,TCRBV06-05,TCRBJ01-06
97e5a462deeac8944f166c2cfcd65e66,CASSWDPYGYTF,0.024293441576257357,TCRBV07-X,TCRBJ01-02
97e5a462deeac8944f166c2cfcd65e66,CASSHSWGEGYGYTF,0.024285436383338205,TCRBV28-01,TCRBJ01-02
97e5a462deeac8944f166c2cfcd65e66,CASSPHYYGYTF,0.02428197066597301,TCRBV12-03/12-04,TCRBJ01-02
97e5a462deeac8944f166c2cfcd65e66,CASGIWGYGYTF,0.024259320515419118,TCRBV27-01,TCRBJ01-02
97e5a462deeac8944f166c2cfcd65e66,CASSHVPGYGYTF,0.02423230043144683,TCRBV03-01/03-02,TCRBJ01-02
97e5a462deeac8944f166c2cfcd65e66,CATKNPWGYTF,0.024184043030882015,TCRBV19-01,TCRBJ01-02
97e5a462deeac8944f166c2cfcd65e66,CASSPGVGWGNYGYTF,0.024183001450314556,TCRBV03-01/03-02,TCRBJ01-02
97e5a462deeac8944f166c2cfcd65e66,CASSGGWGRFF,0.024157445452599825,TCRBV19-01,TCRBJ02-01
97e5a462deeac8944f166c2cfcd65e66,CTWAANYGYTF,0.024143655310617584,TCRBV07-09,TCRBJ01-02
97e5a462deeac8944f166c2cfcd65e66,CASSYSTGRYYGYTF,0.02414083136508658,TCRBV06-05,TCRBJ01-02
97e5a462deeac8944f166c2cfcd65e66,CASSYHGGGYTF,0.024127969708593242,TCRBV06-05,TCRBJ01-02
994fee84cd7e69012413310f088c50ba,RPLHF,0.035367395969122695,TCRBV10-02,TCRBJ01-06
994fee84cd7e69012413310f088c50ba,WANYGYTF,0.03369768887527748,TCRBV21-01,TCRBJ01-02
994fee84cd7e69012413310f088c50ba,CASIGGIIGANVLTF,0.03364080608507401,TCRBV06-05,TCRBJ02-06
994fee84cd7e69012413310f088c50ba,CASSYGGWYGYTF,0.03178755103125423,TCRBV06-05,TCRBJ01-02
994fee84cd7e69012413310f088c50ba,CATTYMYGYTF,0.03171327898541254,TCRBV24-01,TCRBJ01-02
994fee84cd7e69012413310f088c50ba,CASSFWRGFSTDTQYF,0.029410868203350555,TCRBV05-04,TCRBJ02-03
994fee84cd7e69012413310f088c50ba,CASSYKGSYYYGYTF,0.02935662297975739,TCRBV06-02/06-03,TCRBJ01-02
994fee84cd7e69012413310f088c50ba,CAWWGGGVEGYTF,0.02915049072779518,TCRBV30-01,TCRBJ01-02
994fee84cd7e69012413310f088c50ba,CASSPNWGGWGYTF,0.029044006468064883,TCRBV06-05,TCRBJ01-02
994fee84cd7e69012413310f088c50ba,CASSYWRGNYGYTF,0.02865860296108204,TCRBV06-02/06-03,TCRBJ01-02
994fee84cd7e69012413310f088c50ba,CAIRYYRGYGYTF,0.028538070852992106,TCRBV10-03,TCRBJ01-02
994fee84cd7e69012413310f088c50ba,CASSFNNYNYGYTF,0.02845170828113364,TCRBV05-08,TCRBJ01-02
994fee84cd7e69012413310f088c50ba,CCKAHVYGYTF,0.028435286271307265,TCRBV20-01,TCRBJ01-02
994fee84cd7e69012413310f088c50ba,CASSAYYSYGYTF,0.028288986300703742,TCRBV09-01,TCRBJ01-02
994fee84cd7e69012413310f088c50ba,CAWGDPGAFF,0.028234614163578968,TCRBV30-01,TCRBJ01-01
994fee84cd7e69012413310f088c50ba,CASWSVWGAFF,0.027623526195762922,TCRBV06-05,TCRBJ01-01
994fee84cd7e69012413310f088c50ba,CAWSGWGGVYGYTF,0.027607866242076593,TCRBV30-01,TCRBJ01-02
994fee84cd7e69012413310f088c50ba,CASSFTFGTGGGYGYTF,0.02759772164976802,TCRBV07-09,TCRBJ01-02
994fee84cd7e69012413310f088c50ba,CAWSTWGAGGVTEAFF,0.027503121879217933,TCRBV30-01,TCRBJ01-01
994fee84cd7e69012413310f088c50ba,CASWGGYGYTF,0.027387826882998356,TCRBV05-01,TCRBJ01-02
994fee84cd7e69012413310f088c50ba,CATAPTAAPGNTIYF,0.027328229350072158,TCRBV19-01,TCRBJ01-03
994fee84cd7e69012413310f088c50ba,CASSYPYGGYTF,0.027266984016616327,TCRBV06-02/06-03,TCRBJ01-02
994fee84cd7e69012413310f088c50ba,CASSYYFGGNYGYTF,0.026953725398508797,TCRBV06-02/06-03,TCRBJ01-02
994fee84cd7e69012413310f088c50ba,CASSSNSYYYGYTF,0.026829261870376153,TCRBV06-02/06-03,TCRBJ01-02
994fee84cd7e69012413310f088c50ba,CASSWGGGPYGYTF,0.026728556339850017,TCRBV06-05,TCRBJ01-02
994fee84cd7e69012413310f088c50ba,CASSEYWGSWAYGYTF,0.02665898238490153,TCRBV02-01,TCRBJ01-02
994fee84cd7e69012413310f088c50ba,CASSYRVYYGYTF,0.026585689486833056,TCRBV06-05,TCRBJ01-02
994fee84cd7e69012413310f088c50ba,CASSHKDPRPHKDLF,0.026404991540462813,TCRBV04-03,TCRBJ02-01
994fee84cd7e69012413310f088c50ba,CASSYSYFMFF,0.026257624003950916,TCRBV06-06,TCRBJ01-04
994fee84cd7e69012413310f088c50ba,FNYGYTF,0.026257134810431088,TCRBV21-X,TCRBJ01-02
994fee84cd7e69012413310f088c50ba,CAISIWGYGYTF,0.026226289346450833,TCRBV10-03,TCRBJ01-02
994fee84cd7e69012413310f088c50ba,CASSWYYGYTF,0.026170472929705698,TCRBV06-02,TCRBJ01-02
994fee84cd7e69012413310f088c50ba,CASSYWTGGGYGYTF,0.026113476045293283,TCRBV06-02/06-03,TCRBJ01-02
994fee84cd7e69012413310f088c50ba,CASREKDWWWNTEAFF,0.02605834257531444,TCRBV06-X,TCRBJ01-01
994fee84cd7e69012413310f088c50ba,CASSWWAATEAFF,0.02604360513270338,TCRBV07-02,TCRBJ01-01
994fee84cd7e69012413310f088c50ba,CAWGPPGANVLTF,0.026032685454773975,TCRBV30-01,TCRBJ02-06
994fee84cd7e69012413310f088c50ba,CASRWNKYNYGYTF,0.02603259628970592,TCRBV05-01,TCRBJ01-02
994fee84cd7e69012413310f088c50ba,CASSGWGTGPYGYTF,0.025966948838972635,TCRBV05-01,TCRBJ01-02
994fee84cd7e69012413310f088c50ba,GGEPYYGYTF,0.025941111220939693,TCRBV29-01,TCRBJ01-02
994fee84cd7e69012413310f088c50ba,CRGAGYNYGYTF,0.025915127099239987,TCRBV20-X,TCRBJ01-02
994fee84cd7e69012413310f088c50ba,CASVIPGQGAWGAFF,0.025844243635972316,TCRBV02-01,TCRBJ01-01
994fee84cd7e69012413310f088c50ba,CASSCPSPIWHHQPQHF,0.025611474275151418,TCRBV03-01/03-02,TCRBJ01-05
994fee84cd7e69012413310f088c50ba,CAAWGGAYLYGYTF,0.025610354237626802,TCRBV19-01,TCRBJ01-02
994fee84cd7e69012413310f088c50ba,CAWSKPQGWMKKLFF,0.025582665960608684,TCRBV30-01,TCRBJ01-04
994fee84cd7e69012413310f088c50ba,CAWGATF,0.025553843190008616,TCRBV30-01,TCRBJ01-02
994fee84cd7e69012413310f088c50ba,CASSEGYWGYGYTF,0.025528462192179843,TCRBV06-01,TCRBJ01-02
994fee84cd7e69012413310f088c50ba,CASSTFGGPNYGYTF,0.025521196141447836,TCRBV06-05,TCRBJ01-02
994fee84cd7e69012413310f088c50ba,CASTWEGGAFF,0.025519827959389795,TCRBV19-01,TCRBJ01-01
994fee84cd7e69012413310f088c50ba,CSVYRGYGYTF,0.025516785010996374,TCRBV29-01,TCRBJ01-02
994fee84cd7e69012413310f088c50ba,CASSYPGGGYYGYTF,0.025479204928329866,TCRBV06-05,TCRBJ01-02
994fee84cd7e69012413310f088c50ba,CASSGFWGGPLYGYTF,0.025478636620559256,TCRBV06-06,TCRBJ01-02
994fee84cd7e69012413310f088c50ba,CAWSIWGEGYGYTF,0.02546788697772084,TCRBV30-01,TCRBJ01-02
994fee84cd7e69012413310f088c50ba,CGRRYYGYTF,0.025435859577178754,TCRBV21-01,TCRBJ01-02
994fee84cd7e69012413310f088c50ba,CASSPWGGTPNYGYTF,0.025434893289005046,TCRBV07-03,TCRBJ01-02
994fee84cd7e69012413310f088c50ba,CASVYRGAYGYTF,0.02539792344407915,TCRBV02-01,TCRBJ01-02
994fee84cd7e69012413310f088c50ba,CASSLYRGYYGYTF,0.025328353116057477,TCRBV27-01,TCRBJ01-02
994fee84cd7e69012413310f088c50ba,CAPRGHPYCYGYTF,0.02523882861679576,TCRBV06-04,TCRBJ01-02
994fee84cd7e69012413310f088c50ba,CASSYGPNFYGYTF,0.025235830036381315,TCRBV06-05,TCRBJ01-02
994fee84cd7e69012413310f088c50ba,CASSFWGGLTEAFF,0.025214625540265115,TCRBV05-04,TCRBJ01-01
994fee84cd7e69012413310f088c50ba,CSAWGGNF,0.025142419239102046,TCRBV20-01,TCRBJ02-05
994fee84cd7e69012413310f088c50ba,CASSYHYGYTF,0.0251033748665527,TCRBV06-02/06-03,TCRBJ01-02
994fee84cd7e69012413310f088c50ba,CATHRDWKYGYTF,0.025095208809271654,TCRBV06-05,TCRBJ01-02
994fee84cd7e69012413310f088c50ba,CATMGGAWANVLTF,0.02509157218098697,TCRBV02-01,TCRBJ02-06
994fee84cd7e69012413310f088c50ba,CASSYYASGGYTF,0.024988088662505268,TCRBV06-02/06-03,TCRBJ01-02
994fee84cd7e69012413310f088c50ba,CASAPGAYYGYTF,0.024969475456564097,TCRBV28-01,TCRBJ01-02
994fee84cd7e69012413310f088c50ba,CASSYNSGGAGYGYTF,0.02496107476377543,TCRBV06-05,TCRBJ01-02
994fee84cd7e69012413310f088c50ba,CASSPWGFNYGYTF,0.024940008256811613,TCRBV07-02,TCRBJ01-02
994fee84cd7e69012413310f088c50ba,CASSYGAHYGYTF,0.024919005419856168,TCRBV06-02/06-03,TCRBJ01-02
994fee84cd7e69012413310f088c50ba,CASSYSTGGYYGYTF,0.024916294389858585,TCRBV06-05,TCRBJ01-02
994fee84cd7e69012413310f088c50ba,CASSEAKGWYEQFF,0.024913463466082312,TCRBV06-01,TCRBJ02-01
994fee84cd7e69012413310f088c50ba,CATSDIAAGEQYF,0.024882080776297708,TCRBV24-01,TCRBJ02-07
994fee84cd7e69012413310f088c50ba,CASSYSGTGYYGYTF,0.02485562640717479,TCRBV06-05,TCRBJ01-02
994fee84cd7e69012413310f088c50ba,CASSHRPYYGYTF,0.024798860025347678,TCRBV12-03/12-04,TCRBJ01-02
994fee84cd7e69012413310f088c50ba,CASSFGGPANYGYTF,0.02476603008982614,TCRBV27-01,TCRBJ01-02
994fee84cd7e69012413310f088c50ba,CASYRHYGYTF,0.024764750307390514,TCRBV28-01,TCRBJ01-02
994fee84cd7e69012413310f088c50ba,CASHKTGYNYGYTF,0.024750439562568463,TCRBV10-01,TCRBJ01-02
994fee84cd7e69012413310f088c50ba,CASSIGGGRRIHPHPQHF,0.024713110445980502,TCRBV19-01,TCRBJ01-05
994fee84cd7e69012413310f088c50ba,CAWSEGHIYGYTF,0.024705494665924265,TCRBV30-01,TCRBJ01-02
994fee84cd7e69012413310f088c50ba,CAWAWGAGTEAFF,0.024697408815868037,TCRBV30-01,TCRBJ01-01
994fee84cd7e69012413310f088c50ba,CKGEGWGYGYTF,0.024684697236221274,TCRBV20-X,TCRBJ01-02
994fee84cd7e69012413310f088c50ba,CAWTPGANVLTF,0.0246598580355711,TCRBV30-01,TCRBJ02-06
994fee84cd7e69012413310f088c50ba,CATWGTGGEGANVLTF,0.024622772311474566,TCRBV06-06,TCRBJ02-06
994fee84cd7e69012413310f088c50ba,CASSYPWREGRCYTF,0.02459351377686244,TCRBV06-02/06-03,TCRBJ01-02
994fee84cd7e69012413310f088c50ba,CASSIKTGGWFEAFF,0.024574747009197147,TCRBV05-06,TCRBJ01-01
994fee84cd7e69012413310f088c50ba,CASRWGGYGYTF,0.024569239691947697,TCRBV28-01,TCRBJ01-02
994fee84cd7e69012413310f088c50ba,CASYPTGPYGYTF,0.02456660431991643,TCRBV06-05,TCRBJ01-02
994fee84cd7e69012413310f088c50ba,CAWSVVKAGANVLTF,0.02454940618197871,TCRBV30-01,TCRBJ02-06
994fee84cd7e69012413310f088c50ba,CASSRWWGPDWGGYTF,0.024500185545894677,TCRBV03-01/03-02,TCRBJ01-02
994fee84cd7e69012413310f088c50ba,CASSYGNSYGYTF,0.024497628614783655,TCRBV05-06,TCRBJ01-02
994fee84cd7e69012413310f088c50ba,CAWSGVVGYHVGYTF,0.024489895303820033,TCRBV30-01,TCRBJ01-02
994fee84cd7e69012413310f088c50ba,CASSVEYRPYYGYTF,0.024488122532032346,TCRBV09-01,TCRBJ01-02
994fee84cd7e69012413310f088c50ba,CASSAGTWGRGHVSVNYGYTF,0.02446567967112186,TCRBV06-X,TCRBJ01-02
994fee84cd7e69012413310f088c50ba,CASSIKEAGANVLTF,0.024461220245784895,TCRBV19-01,TCRBJ02-06
994fee84cd7e69012413310f088c50ba,CASSYFPGGTEAFF,0.024461206022410652,TCRBV27-01,TCRBJ01-01
994fee84cd7e69012413310f088c50ba,CAWINIYHFGYTF,0.02444868689163351,TCRBV30-01,TCRBJ01-02
994fee84cd7e69012413310f088c50ba,CSAIAPTVAHIYGYTF,0.024448314428042028,TCRBV20-X,TCRBJ01-02
994fee84cd7e69012413310f088c50ba,CASKWAEAFF,0.024433704573852244,TCRBV06-05,TCRBJ01-01
994fee84cd7e69012413310f088c50ba,CASSHYTGPAGAHGYTF,0.024419466741581863,TCRBV11-02,TCRBJ01-02
994fee84cd7e69012413310f088c50ba,CASSPQKPQGPQETQYF,0.02440448627181567,TCRBV09-01,TCRBJ02-05
994fee84cd7e69012413310f088c50ba,CSVIIGPFYYGYTF,0.024393386946240245,TCRBV29-01,TCRBJ01-02
9dacbe6078f658f1cdf368d3bd32a8bc,CSAYYYGYTF,0.03530455149428811,TCRBV20-01,TCRBJ01-02
9dacbe6078f658f1cdf368d3bd32a8bc,CASGYYNYGYTF,0.034708791954304395,TCRBV27-01,TCRBJ01-02
9dacbe6078f658f1cdf368d3bd32a8bc,CASSFWQGVTEAFF,0.03300584906515573,TCRBV07-02,TCRBJ01-01
9dacbe6078f658f1cdf368d3bd32a8bc,CASSFFFHYYF,0.032965039093800136,TCRBV28-01,TCRBJ02-07
9dacbe6078f658f1cdf368d3bd32a8bc,CAWTHTGWGPYGYTF,0.032824327568334324,TCRBV30-01,TCRBJ01-02
9dacbe6078f658f1cdf368d3bd32a8bc,CAWGPWGGYTF,0.032377089160406256,TCRBV30-01,TCRBJ01-02
9dacbe6078f658f1cdf368d3bd32a8bc,CAWDPWDTEAFF,0.032083400307792116,TCRBV30-01,TCRBJ01-01
9dacbe6078f658f1cdf368d3bd32a8bc,CASSYWGGTNYGYTF,0.031731702593611216,TCRBV06-05,TCRBJ01-02
9dacbe6078f658f1cdf368d3bd32a8bc,CASSAPYYYGYTF,0.03172743218462173,TCRBV09-01,TCRBJ01-02
9dacbe6078f658f1cdf368d3bd32a8bc,CASRYWGAPNYGYTF,0.03147266943029708,TCRBV05-06,TCRBJ01-02
9dacbe6078f658f1cdf368d3bd32a8bc,CASSYYNYGYTF,0.031400162485521896,TCRBV28-01,TCRBJ01-02
9dacbe6078f658f1cdf368d3bd32a8bc,CASSYSSWPYYGYTF,0.031219212170733434,TCRBV06-05,TCRBJ01-02
9dacbe6078f658f1cdf368d3bd32a8bc,CASSYWDGYYGYTF,0.03120619197124638,TCRBV06-02/06-03,TCRBJ01-02
9dacbe6078f658f1cdf368d3bd32a8bc,CASSPYYYGYTF,0.03106622440580626,TCRBV02-01,TCRBJ01-02
9dacbe6078f658f1cdf368d3bd32a8bc,CARWGYYGYTF,0.030920996887053735,TCRBV30-01,TCRBJ01-02
9dacbe6078f658f1cdf368d3bd32a8bc,CASNWGFYQYRGYGYTF,0.030816311823217236,TCRBV10-01,TCRBJ01-02
9dacbe6078f658f1cdf368d3bd32a8bc,CAWYDSYYGYTF,0.03038497890035555,TCRBV30-01,TCRBJ01-02
9dacbe6078f658f1cdf368d3bd32a8bc,CAWIPWGGAQGGNYGYTF,0.030379391627612412,TCRBV30-01,TCRBJ01-02
9dacbe6078f658f1cdf368d3bd32a8bc,CASSIPLWGYGYTF,0.030257699012364903,TCRBV19-01,TCRBJ01-02
9dacbe6078f658f1cdf368d3bd32a8bc,CAWSPPGYYYGYTF,0.030216586024408885,TCRBV30-01,TCRBJ01-02
9dacbe6078f658f1cdf368d3bd32a8bc,CAWIGAWGYTF,0.030145035547787698,TCRBV30-01,TCRBJ01-02
9dacbe6078f658f1cdf368d3bd32a8bc,CASSYWGAGGGYYGYTF,0.030093942107433123,TCRBV06-X,TCRBJ01-02
9dacbe6078f658f1cdf368d3bd32a8bc,CAISLLQGNHEGYTF,0.02997385669713597,TCRBV10-03,TCRBJ01-02
9dacbe6078f658f1cdf368d3bd32a8bc,CASSWGGAYANYGYTF,0.029968668439451365,TCRBV12-X,TCRBJ01-02
9dacbe6078f658f1cdf368d3bd32a8bc,CASSYTTGPWGGGYTF,0.02993915664711904,TCRBV27-01,TCRBJ01-02
9dacbe6078f658f1cdf368d3bd32a8bc,CASSSWGGPNNYGYTF,0.029833619920687345,TCRBV06-05,TCRBJ01-02
9dacbe6078f658f1cdf368d3bd32a8bc,CSGGYNYGYTF,0.02957756121850151,TCRBV29-01,TCRBJ01-02
9dacbe6078f658f1cdf368d3bd32a8bc,CASSYWGAYGYTF,0.02957334092743796,TCRBV07-02,TCRBJ01-02
9dacbe6078f658f1cdf368d3bd32a8bc,CAWGPPLHF,0.029556624596966993,TCRBV30-01,TCRBJ01-06
9dacbe6078f658f1cdf368d3bd32a8bc,CASSYYPYGYTF,0.029411752978774977,TCRBV06-05,TCRBJ01-02
9dacbe6078f658f1cdf368d3bd32a8bc,CASSYTGYYGYTF,0.029406522969498614,TCRBV13-01,TCRBJ01-02
9dacbe6078f658f1cdf368d3bd32a8bc,RGGNPNYGYTF,0.029338825342450747,TCRBV02-01,TCRBJ01-02
9dacbe6078f658f1cdf368d3bd32a8bc,CASSWAWDPYGYTF,0.029301162585715437,TCRBV05-06,TCRBJ01-02
9dacbe6078f658f1cdf368d3bd32a8bc,CASPF,0.02924800883384243,TCRBV05-01,TCRBJ02-07
9dacbe6078f658f1cdf368d3bd32a8bc,CASSYWGGPYSNQPQHF,0.029234551055769928,TCRBV06-02/06-03,TCRBJ01-05
9dacbe6078f658f1cdf368d3bd32a8bc,CAWGPYNGYTF,0.029090810078819966,TCRBV30-01,TCRBJ01-02
9dacbe6078f658f1cdf368d3bd32a8bc,CASSYYSNYGYTF,0.02907676956404389,TCRBV06-02/06-03,TCRBJ01-02
9dacbe6078f658f1cdf368d3bd32a8bc,CAWSVGAVWYF,0.029070182449842386,TCRBV30-01,TCRBJ02-07
9dacbe6078f658f1cdf368d3bd32a8bc,CASYRTGGWYGYTF,0.029062143589693105,TCRBV02-01,TCRBJ01-02
9dacbe6078f658f1cdf368d3bd32a8bc,CASYWGNYGYTF,0.02902480691562737,TCRBV28-01,TCRBJ01-02
9dacbe6078f658f1cdf368d3bd32a8bc,CASTYHAAGYYGYTF,0.02896263836706697,TCRBV06-X,TCRBJ01-02
9dacbe6078f658f1cdf368d3bd32a8bc,CASSYWGRSNYGYTF,0.028860922623355423,TCRBV06-05,TCRBJ01-02
9dacbe6078f658f1cdf368d3bd32a8bc,CASSYPWGGYTF,0.028779575748846924,TCRBV05-06,TCRBJ01-02
9dacbe6078f658f1cdf368d3bd32a8bc,CSASPSYYYGYTF,0.028762597121134652,TCRBV20-01,TCRBJ01-02
9dacbe6078f658f1cdf368d3bd32a8bc,CASSWGHYYGYTF,0.028726533589945282,TCRBV11-02,TCRBJ01-02
9dacbe6078f658f1cdf368d3bd32a8bc,CASSYHGGGHNYGYTF,0.028614997397258708,TCRBV12-X,TCRBJ01-02
9dacbe6078f658f1cdf368d3bd32a8bc,CSANYRGYYGYTF,0.028612123021661308,TCRBV20-X,TCRBJ01-02
9dacbe6078f658f1cdf368d3bd32a8bc,CASSYWNNYGYTF,0.028470981696527925,TCRBV06-05,TCRBJ01-02
9dacbe6078f658f1cdf368d3bd32a8bc,CASSFRGYYYGYTF,0.028428260726645595,TCRBV25-01,TCRBJ01-02
9dacbe6078f658f1cdf368d3bd32a8bc,CAWIPWGGILPQNLHF,0.02838370500213231,TCRBV30-01,TCRBJ01-06
9dacbe6078f658f1cdf368d3bd32a8bc,CASSWWGSNYGYTF,0.028369021506516476,TCRBV12-X,TCRBJ01-02
9dacbe6078f658f1cdf368d3bd32a8bc,CASGWTGGWYGYTF,0.028242352259543416,TCRBV12-05,TCRBJ01-02
9dacbe6078f658f1cdf368d3bd32a8bc,CAWAGVWAAEAFF,0.02820350919303266,TCRBV30-01,TCRBJ01-01
9dacbe6078f658f1cdf368d3bd32a8bc,CASSWGGGYSNYGYTF,0.028193712222792343,TCRBV25-01,TCRBJ01-02
9dacbe6078f658f1cdf368d3bd32a8bc,HGYTF,0.028172954813325917,TCRBV24-01,TCRBJ01-02
9dacbe6078f658f1cdf368d3bd32a8bc,CAAHGGGWGYGYTF,0.02802572488503875,TCRBV06-05,TCRBJ01-02
9dacbe6078f658f1cdf368d3bd32a8bc,CASSYSSGWYGYTF,0.027914667345282678,TCRBV06-05,TCRBJ01-02
9dacbe6078f658f1cdf368d3bd32a8bc,CASSHAPGYHYGYTF,0.027910113112875067,TCRBV13-01,TCRBJ01-02
9dacbe6078f658f1cdf368d3bd32a8bc,CAGGGFYYGYTF,0.027825465846929135,TCRBV30-01,TCRBJ01-02
9dacbe6078f658f1cdf368d3bd32a8bc,CAWSPWGGYEQYF,0.027820488869318018,TCRBV30-01,TCRBJ02-07
9dacbe6078f658f1cdf368d3bd32a8bc,CASSWGYYGYTF,0.027818194946336236,TCRBV05-08,TCRBJ01-02
9dacbe6078f658f1cdf368d3bd32a8bc,CAAYWGPRPGYTF,0.027816794180007046,TCRBV23-01,TCRBJ01-02
9dacbe6078f658f1cdf368d3bd32a8bc,CAWWGGGYTF,0.027780623674158893,TCRBV30-01,TCRBJ01-02
9dacbe6078f658f1cdf368d3bd32a8bc,CASSLWWGGGNYGYTF,0.027738960456560748,TCRBV07-07,TCRBJ01-02
9dacbe6078f658f1cdf368d3bd32a8bc,WGVWTPYTAPYGYTF,0.02771930097361941,TCRBV06-X,TCRBJ01-02
9dacbe6078f658f1cdf368d3bd32a8bc,CASSYKGYYGYTF,0.027685409986670587,TCRBV06-05,TCRBJ01-02
9dacbe6078f658f1cdf368d3bd32a8bc,CASSWGGPNYGYTF,0.027680152547674638,TCRBV27-01,TCRBJ01-02
9dacbe6078f658f1cdf368d3bd32a8bc,CAWGGPEAFF,0.0276465516138567,TCRBV30-01,TCRBJ01-01
9dacbe6078f658f1cdf368d3bd32a8bc,CAWSWGAGEGGFF,0.027496316939934574,TCRBV30-01,TCRBJ02-01
9dacbe6078f658f1cdf368d3bd32a8bc,CASSVWGGSYYGYTF,0.02748453610239146,TCRBV09-01,TCRBJ01-02
9dacbe6078f658f1cdf368d3bd32a8bc,KTQYF,0.02741550353048668,TCRBV15-01,TCRBJ02-05
9dacbe6078f658f1cdf368d3bd32a8bc,CASHWGQGHQPQHF,0.027404380680440283,TCRBV19-01,TCRBJ01-05
9dacbe6078f658f1cdf368d3bd32a8bc,CAWSWGWGDGYTF,0.02738385783086986,TCRBV30-01,TCRBJ01-02
9dacbe6078f658f1cdf368d3bd32a8bc,CASSNRGYGANYGYTF,0.027379687753213238,TCRBV11-02,TCRBJ01-02
9dacbe6078f658f1cdf368d3bd32a8bc,CASSHVWKGPHYGYTF,0.02735847071738433,TCRBV04-03,TCRBJ01-02
9dacbe6078f658f1cdf368d3bd32a8bc,CAWLHGGYYGYTF,0.027322866753012088,TCRBV30-01,TCRBJ01-02
9dacbe6078f658f1cdf368d3bd32a8bc,CARHIVRIYGYTF,0.02729616089398697,TCRBV28-01,TCRBJ01-02
9dacbe6078f658f1cdf368d3bd32a8bc,CASSYSYRNYGYTF,0.02729129966672266,TCRBV06-02/06-03,TCRBJ01-02
9dacbe6078f658f1cdf368d3bd32a8bc,CAWGYGYTF,0.02727964690931285,TCRBV30-01,TCRBJ01-02
9dacbe6078f658f1cdf368d3bd32a8bc,CSAWGGYGYTF,0.02727096822681682,TCRBV20-01,TCRBJ01-02
9dacbe6078f658f1cdf368d3bd32a8bc,CSAHPYTGPNAGGYTF,0.027264958926666336,TCRBV20-X,TCRBJ01-02
9dacbe6078f658f1cdf368d3bd32a8bc,CSAYRPYTGGAVYSYTF,0.02715690270648354,TCRBV20-X,TCRBJ01-02
9dacbe6078f658f1cdf368d3bd32a8bc,CASSWGKGWYGYTF,0.027134566374243788,TCRBV05-06,TCRBJ01-02
9dacbe6078f658f1cdf368d3bd32a8bc,CASSPTGYYNYGYTF,0.02709734426490555,TCRBV18-01,TCRBJ01-02
9dacbe6078f658f1cdf368d3bd32a8bc,CASSYGPFYGYTF,0.02707131110610803,TCRBV28-01,TCRBJ01-02
9dacbe6078f658f1cdf368d3bd32a8bc,CASSSYTGGYYGYTF,0.02705888188816846,TCRBV05-04,TCRBJ01-02
9dacbe6078f658f1cdf368d3bd32a8bc,CAWSAPIVNTEAFF,0.027029221116007824,TCRBV30-01,TCRBJ01-01
9dacbe6078f658f1cdf368d3bd32a8bc,CASSPPTHHQPQHF,0.02700165112434978,TCRBV28-01,TCRBJ01-05
9dacbe6078f658f1cdf368d3bd32a8bc,CASTFGGYYGYTF,0.026980855046539343,TCRBV06-06,TCRBJ01-02
9dacbe6078f658f1cdf368d3bd32a8bc,CASRSTGYYNYGYTF,0.02698057025547563,TCRBV27-01,TCRBJ01-02
9dacbe6078f658f1cdf368d3bd32a8bc,CAWAFGNPYGYTF,0.02693845651331894,TCRBV30-01,TCRBJ01-02
9dacbe6078f658f1cdf368d3bd32a8bc,CARAAPWGQHQPQHF,0.02692573053803446,TCRBV18-01,TCRBJ01-05
9dacbe6078f658f1cdf368d3bd32a8bc,CASSYGGFYGYTF,0.026884746349950795,TCRBV06-05,TCRBJ01-02
9dacbe6078f658f1cdf368d3bd32a8bc,CASSFGPYYGYTF,0.02687122052947256,TCRBV27-01,TCRBJ01-02
9dacbe6078f658f1cdf368d3bd32a8bc,CASYHPGGYTF,0.026846740919618358,TCRBV19-01,TCRBJ01-02
9dacbe6078f658f1cdf368d3bd32a8bc,CAWWKWNTEAFF,0.026836435534398604,TCRBV30-01,TCRBJ01-01
9dacbe6078f658f1cdf368d3bd32a8bc,CASSSYYWGFF,0.026813294753738975,TCRBV06-05,TCRBJ02-01
9db0b000498016bae06ab67b14e018a6,CASKF,0.037442078342051766,TCRBV14-01,TCRBJ02-X
9db0b000498016bae06ab67b14e018a6,CASSYYNNYGYTF,0.03680036844458823,TCRBV12-03/12-04,TCRBJ01-02
9db0b000498016bae06ab67b14e018a6,CAWVPYPWGYTF,0.035531570863709235,TCRBV30-01,TCRBJ01-02
9db0b000498016bae06ab67b14e018a6,CAWMDFWAFF,0.03358042953261551,TCRBV30-01,TCRBJ01-01
9db0b000498016bae06ab67b14e018a6,WWDTQYF,0.03337729484837668,TCRBV28-01,TCRBJ02-03
9db0b000498016bae06ab67b14e018a6,IYF,0.03337645449027785,TCRBV27-01,TCRBJ01-03
9db0b000498016bae06ab67b14e018a6,CASSFWQGVTEAFF,0.03300584906515573,TCRBV28-01,TCRBJ01-01
9db0b000498016bae06ab67b14e018a6,CARPF,0.03284006537182473,TCRBV27-01,TCRBJ01-05
9db0b000498016bae06ab67b14e018a6,CAWSVPYYYGYTF,0.03193008472440848,TCRBV30-01,TCRBJ01-02
9db0b000498016bae06ab67b14e018a6,CAWSAYRGPWNYGYTF,0.03191286634229704,TCRBV30-01,TCRBJ01-02
9db0b000498016bae06ab67b14e018a6,CAWPPYF,0.031503330955096914,TCRBV30-01,TCRBJ02-07
9db0b000498016bae06ab67b14e018a6,CSANNGFSGGYGYTF,0.03108237955449682,TCRBV20-X,TCRBJ01-02
9db0b000498016bae06ab67b14e018a6,CASGWAGPWANYGYTF,0.030871089128651094,TCRBV06-X,TCRBJ01-02
9db0b000498016bae06ab67b14e018a6,CARVF,0.030747095003033433,TCRBV10-01,TCRBJ01-02
9db0b000498016bae06ab67b14e018a6,CASSYWSDYYGYTF,0.03025642581752485,TCRBV06-02/06-03,TCRBJ01-02
9db0b000498016bae06ab67b14e018a6,CAWGGPWPQHF,0.0302564135755187,TCRBV30-01,TCRBJ01-05
9db0b000498016bae06ab67b14e018a6,CASSPWGYYGYTF,0.03009187708327127,TCRBV18-01,TCRBJ01-02
9db0b000498016bae06ab67b14e018a6,CASSHPHHPPPDTQYF,0.030085700227536837,TCRBV23-01,TCRBJ02-03
9db0b000498016bae06ab67b14e018a6,CASSYWGGGYTF,0.030049377154389635,TCRBV06-05,TCRBJ01-02
9db0b000498016bae06ab67b14e018a6,CAWNYGYGYTF,0.029998511943290323,TCRBV30-01,TCRBJ01-02
9db0b000498016bae06ab67b14e018a6,CASSFYRYYGYTF,0.029841589519448264,TCRBV12-03/12-04,TCRBJ01-02
9db0b000498016bae06ab67b14e018a6,CAWSVPGGANYGYTF,0.029643197032221562,TCRBV30-01,TCRBJ01-02
9db0b000498016bae06ab67b14e018a6,CAWSVWGWGDYGYTF,0.029533621500929173,TCRBV30-01,TCRBJ01-02
9db0b000498016bae06ab67b14e018a6,CASSYYNANYGYTF,0.029485153163905556,TCRBV06-05,TCRBJ01-02
9db0b000498016bae06ab67b14e018a6,CASSYTGYYGYTF,0.029406522969498614,TCRBV06-02/06-03,TCRBJ01-02
9db0b000498016bae06ab67b14e018a6,CASSGYSYYGYTF,0.029373319685061832,TCRBV09-01,TCRBJ01-02
9db0b000498016bae06ab67b14e018a6,CASRWGGYYGYTF,0.029265311086271718,TCRBV28-01,TCRBJ01-02
9db0b000498016bae06ab67b14e018a6,CAWWGDWYTEAFF,0.02923315892302218,TCRBV30-01,TCRBJ01-01
9db0b000498016bae06ab67b14e018a6,CASYYTGNYGYTF,0.0292160323267647,TCRBV02-01,TCRBJ01-02
9db0b000498016bae06ab67b14e018a6,CAWGGPYGYTF,0.02914809211495462,TCRBV30-01,TCRBJ01-02
9db0b000498016bae06ab67b14e018a6,CASSWTGGPYYGYTF,0.029120725730238224,TCRBV07-09,TCRBJ01-02
9db0b000498016bae06ab67b14e018a6,CASAPRQRHQPQHF,0.028965271965205572,TCRBV02-01,TCRBJ01-05
9db0b000498016bae06ab67b14e018a6,CSASSGWGYNYGYTF,0.0289587914850004,TCRBV20-X,TCRBJ01-02
9db0b000498016bae06ab67b14e018a6,CASSYWYGYTF,0.028941108911787153,TCRBV05-08,TCRBJ01-02
9db0b000498016bae06ab67b14e018a6,CAWSPYPYGYTF,0.02889427807784466,TCRBV30-01,TCRBJ01-02
9db0b000498016bae06ab67b14e018a6,CASWGGFGYGYTF,0.028870080576000153,TCRBV03-01/03-02,TCRBJ01-02
9db0b000498016bae06ab67b14e018a6,CAWTGAWAFF,0.02886421388187785,TCRBV30-01,TCRBJ01-01
9db0b000498016bae06ab67b14e018a6,CAWRPGYYGYTF,0.028750665936082602,TCRBV30-01,TCRBJ01-02
9db0b000498016bae06ab67b14e018a6,CAGYHGAYGYTF,0.028747490423470995,TCRBV07-09,TCRBJ01-02
9db0b000498016bae06ab67b14e018a6,SPLHF,0.028702754903381318,TCRBV01-01,TCRBJ01-06
9db0b000498016bae06ab67b14e018a6,CASSHWPGHNYGYTF,0.028683189729677618,TCRBV05-01,TCRBJ01-02
9db0b000498016bae06ab67b14e018a6,CASSYFTGYYGYTF,0.02859667577660718,TCRBV06-02/06-03,TCRBJ01-02
9db0b000498016bae06ab67b14e018a6,CASSYSNYYGYTF,0.02855509610051082,TCRBV06-02/06-03,TCRBJ01-02
9db0b000498016bae06ab67b14e018a6,CASSFWGDPYGYTF,0.02847642946561309,TCRBV05-06,TCRBJ01-02
9db0b000498016bae06ab67b14e018a6,CASSFSSWGSYYGYTF,0.028458029171634223,TCRBV12-X,TCRBJ01-02
9db0b000498016bae06ab67b14e018a6,CASSYNSFYYGYTF,0.028337867972255616,TCRBV06-02/06-03,TCRBJ01-02
9db0b000498016bae06ab67b14e018a6,CATPHPGGAYYGYTF,0.0283295630207533,TCRBV02-01,TCRBJ01-02
9db0b000498016bae06ab67b14e018a6,CAWRMGYFYGYTF,0.028280072828727743,TCRBV30-01,TCRBJ01-02
9db0b000498016bae06ab67b14e018a6,CAWSGGGYYGYTF,0.02826484547492356,TCRBV30-01,TCRBJ01-02
9db0b000498016bae06ab67b14e018a6,CASSFHFPIWHHQPQHF,0.02824249784903531,TCRBV03-01/03-02,TCRBJ01-05
9db0b000498016bae06ab67b14e018a6,CASSYISYYGYTF,0.02823531085135146,TCRBV06-05,TCRBJ01-02
9db0b000498016bae06ab67b14e018a6,CAGCYGHPGYCNQPQHF,0.028228433017241244,TCRBV11-02,TCRBJ01-05
9db0b000498016bae06ab67b14e018a6,CATYGPHTFYGYTF,0.028045462195101328,TCRBV19-01,TCRBJ01-02
9db0b000498016bae06ab67b14e018a6,CASSPGGGYYYGYTF,0.02803649005126152,TCRBV12-X,TCRBJ01-02
9db0b000498016bae06ab67b14e018a6,CAWSWGGYYTF,0.028024320464187954,TCRBV30-01,TCRBJ01-02
9db0b000498016bae06ab67b14e018a6,TIYF,0.02787485196412951,TCRBV09-01,TCRBJ01-03
9db0b000498016bae06ab67b14e018a6,CASSYAHWGNTEAFF,0.027857187580960698,TCRBV06-05,TCRBJ01-01
9db0b000498016bae06ab67b14e018a6,CASSFNWGGYGYTF,0.027851251303171426,TCRBV06-05,TCRBJ01-02
9db0b000498016bae06ab67b14e018a6,LRNTIYF,0.0278228281184294,TCRBV12-X,TCRBJ01-03
9db0b000498016bae06ab67b14e018a6,CASSLWDPWDF,0.027807400016712086,TCRBV07-09,TCRBJ01-03
9db0b000498016bae06ab67b14e018a6,CAWSGPPPSYEQYF,0.027798912626386705,TCRBV30-01,TCRBJ02-07
9db0b000498016bae06ab67b14e018a6,CAGWYGPYEQYF,0.027768747031748142,TCRBV09-01,TCRBJ02-07
9db0b000498016bae06ab67b14e018a6,CASSPWGWGYGYTF,0.027727501223907994,TCRBV03-01/03-02,TCRBJ01-02
9db0b000498016bae06ab67b14e018a6,CASSWGPWGYGYTF,0.0276957640570019,TCRBV07-02,TCRBJ01-02
9db0b000498016bae06ab67b14e018a6,WGGPHLGHEQYF,0.02768121935873599,TCRBV11-02,TCRBJ02-07
9db0b000498016bae06ab67b14e018a6,CASSYAPYNYGYTF,0.027642288199240878,TCRBV06-05,TCRBJ01-02
9db0b000498016bae06ab67b14e018a6,CASSFWGGNYGYTF,0.02760856070556858,TCRBV12-X,TCRBJ01-02
9db0b000498016bae06ab67b14e018a6,CASSSWGYYGYTF,0.027601599236848292,TCRBV05-01,TCRBJ01-02
9db0b000498016bae06ab67b14e018a6,CASSPRYNYGHWHGYTF,0.02757882279398808,TCRBV27-01,TCRBJ01-02
9db0b000498016bae06ab67b14e018a6,CASRYSYYGYTF,0.027561152181687674,TCRBV06-05,TCRBJ01-02
9db0b000498016bae06ab67b14e018a6,CASGGYYGYTF,0.02755366410910952,TCRBV06-05,TCRBJ01-02
9db0b000498016bae06ab67b14e018a6,CATPWAPGANVLTF,0.02751084537112736,TCRBV12-X,TCRBJ02-06
9db0b000498016bae06ab67b14e018a6,CASSYGGYVNYGYTF,0.027508252568484718,TCRBV06-05,TCRBJ01-02
9db0b000498016bae06ab67b14e018a6,LQYF,0.027488350434111287,TCRBV29-01,TCRBJ02-07
9db0b000498016bae06ab67b14e018a6,CAWSWGYGYTF,0.027477530161601944,TCRBV30-01,TCRBJ01-02
9db0b000498016bae06ab67b14e018a6,WGAFF,0.02747671785238763,TCRBV24-01,TCRBJ01-01
9db0b000498016bae06ab67b14e018a6,CASSHAW,0.027471287129600615,TCRBV11-03,TCRBJ02-06
9db0b000498016bae06ab67b14e018a6,CASWWGPPNYGYTF,0.027466758608981543,TCRBV07-09,TCRBJ01-02
9db0b000498016bae06ab67b14e018a6,CARWGSYYGYTF,0.027437778299327153,TCRBV05-03,TCRBJ01-02
9db0b000498016bae06ab67b14e018a6,CASTPHGGFPNYGYTF,0.02739831739701057,TCRBV06-X,TCRBJ01-02
9db0b000498016bae06ab67b14e018a6,CASSYGWNYGYTF,0.027397886964576845,TCRBV06-05,TCRBJ01-02
9db0b000498016bae06ab67b14e018a6,CASCPGGANVLTF,0.027381808431224702,TCRBV19-01,TCRBJ02-06
9db0b000498016bae06ab67b14e018a6,CAWTWVTEAFF,0.027324420771155742,TCRBV30-01,TCRBJ01-01
9db0b000498016bae06ab67b14e018a6,CSARYYSYGYTF,0.027282334239442197,TCRBV20-X,TCRBJ01-02
9db0b000498016bae06ab67b14e018a6,CSARYRGYYGYTF,0.027209475295913492,TCRBV20-X,TCRBJ01-02
9db0b000498016bae06ab67b14e018a6,CSVSAYIHSWGYGYTF,0.02710364613844441,TCRBV29-01,TCRBJ01-02
9db0b000498016bae06ab67b14e018a6,CASSYYRASYGYTF,0.027094630654983867,TCRBV06-02/06-03,TCRBJ01-02
9db0b000498016bae06ab67b14e018a6,CASSAYGAYYGYTF,0.027070716122537242,TCRBV12-X,TCRBJ01-02
9db0b000498016bae06ab67b14e018a6,CASSGWGFGYGYTF,0.027037696427377484,TCRBV27-01,TCRBJ01-02
9db0b000498016bae06ab67b14e018a6,CASSYRAYYGYTF,0.026997207266359947,TCRBV06-06,TCRBJ01-02
9db0b000498016bae06ab67b14e018a6,CASSYTGSYYGYTF,0.02697842033374215,TCRBV19-01,TCRBJ01-02
9db0b000498016bae06ab67b14e018a6,CAWIGKWGGYTF,0.026958337411667324,TCRBV30-01,TCRBJ01-02
9db0b000498016bae06ab67b14e018a6,CASSWAGYNYGYTF,0.02695329706741183,TCRBV07-09,TCRBJ01-02
9db0b000498016bae06ab67b14e018a6,LFF,0.026945610118572126,TCRBV27-01,TCRBJ01-04
9db0b000498016bae06ab67b14e018a6,CAWAGYSYGYTF,0.026941784632027378,TCRBV30-01,TCRBJ01-02
9db0b000498016bae06ab67b14e018a6,WRILLWGNTIYF,0.026927196999581085,TCRBV23-01,TCRBJ01-03
9db0b000498016bae06ab67b14e018a6,CASSYGGFYGYTF,0.026884746349950795,TCRBV28-01,TCRBJ01-02
9e0cfc750077f80246b8015d7849134c,YF,0.043498104297022874,TCRBV10-01,TCRBJ02-03
9e0cfc750077f80246b8015d7849134c,CSVEDLRGKKIGEQFF,0.03534697306609154,TCRBV29-01,TCRBJ02-01
9e0cfc750077f80246b8015d7849134c,SIYF,0.03530640292234612,TCRBV20-01,TCRBJ01-03
9e0cfc750077f80246b8015d7849134c,CASSYGWGAWYGYTF,0.03493125107873674,TCRBV06-05,TCRBJ01-02
9e0cfc750077f80246b8015d7849134c,CAWSGYTFGPNYGYTF,0.03422694735836374,TCRBV30-01,TCRBJ01-02
9e0cfc750077f80246b8015d7849134c,CASSYYYGYTF,0.0340490058335077,TCRBV06-05,TCRBJ01-02
9e0cfc750077f80246b8015d7849134c,CAGWGPYNGYGYTF,0.033141570357521806,TCRBV30-01,TCRBJ01-02
9e0cfc750077f80246b8015d7849134c,CASSLGIFGAGKDSGANVLTF,0.03184133728172818,unresolved,TCRBJ02-06
9e0cfc750077f80246b8015d7849134c,CASSWWGNSYGYTF,0.0306259489544162,TCRBV05-06,TCRBJ01-02
9e0cfc750077f80246b8015d7849134c,CSGYNWGYGYTF,0.030572195284071003,TCRBV29-01,TCRBJ01-02
9e0cfc750077f80246b8015d7849134c,WRRGAHNYGYTF,0.030512001545751108,TCRBV20-X,TCRBJ01-02
9e0cfc750077f80246b8015d7849134c,CAYYPASYGYTF,0.030401906578482848,TCRBV02-01,TCRBJ01-02
9e0cfc750077f80246b8015d7849134c,CASSYSYYGYTF,0.030263355563056,TCRBV06-02/06-03,TCRBJ01-02
9e0cfc750077f80246b8015d7849134c,CAWVYTF,0.030143986508225532,TCRBV30-01,TCRBJ01-02
9e0cfc750077f80246b8015d7849134c,CASKPRPFGYGYTF,0.030034139903697573,TCRBV06-05,TCRBJ01-02
9e0cfc750077f80246b8015d7849134c,CASFPYNWVGPNYGYTF,0.029989215157999356,TCRBV06-X,TCRBJ01-02
9e0cfc750077f80246b8015d7849134c,CASSYSSGTGWNYYGYTF,0.029903181408933763,TCRBV06-X,TCRBJ01-02
9e0cfc750077f80246b8015d7849134c,CASSYFRVGKNTEAFF,0.029886204884451147,TCRBV06-02/06-03,TCRBJ01-01
9e0cfc750077f80246b8015d7849134c,CASIPPNGGWFGYGYTF,0.02981920431401512,TCRBV21-01,TCRBJ01-02
9e0cfc750077f80246b8015d7849134c,CASSYTYQQGYYNYGYTF,0.029713128891338106,TCRBV06-X,TCRBJ01-02
9e0cfc750077f80246b8015d7849134c,CASSYYPNYGYTF,0.02949223577819934,TCRBV06-05,TCRBJ01-02
9e0cfc750077f80246b8015d7849134c,CAWSWWDGYTF,0.029464876535564496,TCRBV30-01,TCRBJ01-02
9e0cfc750077f80246b8015d7849134c,CAWSYWAGGNYGYTF,0.02933060583204271,TCRBV30-01,TCRBJ01-02
9e0cfc750077f80246b8015d7849134c,CASSYPKRGWWELFF,0.029200677739221605,TCRBV06-02/06-03,TCRBJ02-02
9e0cfc750077f80246b8015d7849134c,CAWRPWGPGPNYGYTF,0.029190100559054896,TCRBV30-01,TCRBJ01-02
9e0cfc750077f80246b8015d7849134c,CAWYGSYGYTF,0.02916411517356987,TCRBV30-01,TCRBJ01-02
9e0cfc750077f80246b8015d7849134c,HTQYF,0.029125906435213282,TCRBV27-01,TCRBJ02-03
9e0cfc750077f80246b8015d7849134c,CSGPWGYCWGYNQPQHF,0.02905671492075334,TCRBV20-X,TCRBJ01-05
9e0cfc750077f80246b8015d7849134c,CYYGYTF,0.02902960480909518,TCRBV07-02,TCRBJ01-02
9e0cfc750077f80246b8015d7849134c,CAWSKYWGNNYGYTF,0.029015856600426125,TCRBV30-01,TCRBJ01-02
9e0cfc750077f80246b8015d7849134c,CASSPPGPFPHPQHF,0.02899091768077309,TCRBV12-X,TCRBJ01-05
9e0cfc750077f80246b8015d7849134c,CASSYGPGWYGYTF,0.02898407264413224,TCRBV06-05,TCRBJ01-02
9e0cfc750077f80246b8015d7849134c,CATSLDAPTFRAHGYTF,0.028975186502614294,TCRBV15-01,TCRBJ01-02
9e0cfc750077f80246b8015d7849134c,CASSHYQGYHYGYTF,0.028900580613493387,TCRBV05-06,TCRBJ01-02
9e0cfc750077f80246b8015d7849134c,CASSWGWGVPNYGYTF,0.028847408892302133,TCRBV28-01,TCRBJ01-02
9e0cfc750077f80246b8015d7849134c,CASKLPFYGYTF,0.02872398092093638,TCRBV19-01,TCRBJ01-02
9e0cfc750077f80246b8015d7849134c,CASGWGGYF,0.02870534064079538,TCRBV28-01,TCRBJ02-07
9e0cfc750077f80246b8015d7849134c,SPLHF,0.02870271003718232,TCRBV07-04,TCRBJ01-06
9e0cfc750077f80246b8015d7849134c,CSAWWEGYTF,0.028370600429453392,TCRBV20-01,TCRBJ01-02
9e0cfc750077f80246b8015d7849134c,CAVYRQYYYGYTF,0.028363199452104786,TCRBV28-01,TCRBJ01-02
9e0cfc750077f80246b8015d7849134c,CASSSWGYSAYGYTF,0.028357925448990302,TCRBV19-01,TCRBJ01-02
9e0cfc750077f80246b8015d7849134c,CASTYGWGAAAYGYTF,0.02821541112537407,TCRBV06-X,TCRBJ01-02
9e0cfc750077f80246b8015d7849134c,CASWGAGYYGYTF,0.02801767109420492,TCRBV27-01,TCRBJ01-02
9e0cfc750077f80246b8015d7849134c,CASSYSWWDRGYWNTEAFF,0.027984246177645916,TCRBV06-02/06-03,TCRBJ01-01
9e0cfc750077f80246b8015d7849134c,CASSGTGFSGGYGYTF,0.027915348277984666,TCRBV06-01,TCRBJ01-02
9e0cfc750077f80246b8015d7849134c,WSAQHF,0.02787999185521176,TCRBV20-01,TCRBJ01-05
9e0cfc750077f80246b8015d7849134c,CASSGAWAGPYYGYTF,0.02787329660970223,TCRBV06-01,TCRBJ01-02
9e0cfc750077f80246b8015d7849134c,CASNHHMGGVKYGYTF,0.027864757391052913,TCRBV28-01,TCRBJ01-02
9e0cfc750077f80246b8015d7849134c,CASSYYYPGGNTEAFF,0.027816254202079085,TCRBV06-02/06-03,TCRBJ01-01
9e0cfc750077f80246b8015d7849134c,CASSEAPWAPEAFF,0.027791355361106905,TCRBV06-01,TCRBJ01-01
9e0cfc750077f80246b8015d7849134c,CAWGVWGALNTEAFF,0.0277615387921079,TCRBV30-01,TCRBJ01-01
9e0cfc750077f80246b8015d7849134c,CASSYSYSSNYGYTF,0.027716920386232313,TCRBV06-05,TCRBJ01-02
9e0cfc750077f80246b8015d7849134c,CASSWGHDFWYGYTF,0.027690435702315427,TCRBV05-06,TCRBJ01-02
9e0cfc750077f80246b8015d7849134c,CASGQQGAPGANVLTF,0.027671141593477614,TCRBV28-01,TCRBJ02-06
9e0cfc750077f80246b8015d7849134c,CAWWGAVAFF,0.027605709353096093,TCRBV30-01,TCRBJ01-01
9e0cfc750077f80246b8015d7849134c,CAWSWAGGASYYGYTF,0.027592915392303335,TCRBV30-01,TCRBJ01-02
9e0cfc750077f80246b8015d7849134c,CASGGYYGYTF,0.02755365292959195,TCRBV28-01,TCRBJ01-02
9e0cfc750077f80246b8015d7849134c,CASSYRWDSYYGYTF,0.027494745453129115,TCRBV06-05,TCRBJ01-02
9e0cfc750077f80246b8015d7849134c,CIPPWYGYTF,0.027476291001212617,TCRBV20-01,TCRBJ01-02
9e0cfc750077f80246b8015d7849134c,CASSYWGARYGYTF,0.027430667860234067,TCRBV13-01,TCRBJ01-02
9e0cfc750077f80246b8015d7849134c,CASSYYGYYNSPLHF,0.02741401758168511,TCRBV06-05,TCRBJ01-06
9e0cfc750077f80246b8015d7849134c,CASWGGYGYTF,0.027387826882998356,TCRBV05-01,TCRBJ01-02
9e0cfc750077f80246b8015d7849134c,CASSYFGGPYGYTF,0.02735799965595437,TCRBV06-05,TCRBJ01-02
9e0cfc750077f80246b8015d7849134c,CASSAYRGPYYGYTF,0.027323638206939577,TCRBV07-02,TCRBJ01-02
9e0cfc750077f80246b8015d7849134c,CASGGYNYGYTF,0.02732262755907126,TCRBV02-01,TCRBJ01-02
9e0cfc750077f80246b8015d7849134c,CAIIAPQYF,0.02713709031851065,TCRBV11-03,TCRBJ02-05
9e0cfc750077f80246b8015d7849134c,CASSYYYSGGGYNEQFF,0.027072474422059154,TCRBV06-X,TCRBJ02-01
9e0cfc750077f80246b8015d7849134c,CASSYYYGGNTYEQYF,0.0270717396905412,TCRBV06-02/06-03,TCRBJ02-07
9e0cfc750077f80246b8015d7849134c,CAWSAGWGYGYTF,0.027027501598392567,TCRBV30-01,TCRBJ01-02
9e0cfc750077f80246b8015d7849134c,CAWSPHTF,0.027026619152527395,TCRBV30-01,TCRBJ01-02
9e0cfc750077f80246b8015d7849134c,CASSYSPGWYGYTF,0.027011382180004515,TCRBV06-05,TCRBJ01-02
9e0cfc750077f80246b8015d7849134c,WADKVRQYF,0.026993930415820735,TCRBV20-01,TCRBJ02-07
9e0cfc750077f80246b8015d7849134c,CAWSPPLHF,0.02699276255397334,TCRBV30-01,TCRBJ01-06
9e0cfc750077f80246b8015d7849134c,CASSYSWGGGHGYTF,0.026918263564695875,TCRBV06-05,TCRBJ01-02
9e0cfc750077f80246b8015d7849134c,CASSFIGAVTEAFF,0.0268851268398589,TCRBV27-01,TCRBJ01-01
9e0cfc750077f80246b8015d7849134c,CASSPWGGGYYGYTF,0.026856891256596512,TCRBV07-08,TCRBJ01-02
9e0cfc750077f80246b8015d7849134c,CASSEFDWWGNYGYTF,0.02681828163746346,TCRBV02-01,TCRBJ01-02
9e0cfc750077f80246b8015d7849134c,CASAYGYGYTF,0.026802701785853617,TCRBV12-03/12-04,TCRBJ01-02
9e0cfc750077f80246b8015d7849134c,CAWSPTGGPYYGYTF,0.026796427543449287,TCRBV30-01,TCRBJ01-02
9e0cfc750077f80246b8015d7849134c,CASSPWGGYGYTF,0.026769038778746455,TCRBV07-02,TCRBJ01-02
9e0cfc750077f80246b8015d7849134c,CASSYSWEWDYGYTF,0.026718564774050938,TCRBV06-05,TCRBJ01-02
9e0cfc750077f80246b8015d7849134c,CASWGGAYYGNTIYF,0.026670685199509932,TCRBV25-01,TCRBJ01-03
9e0cfc750077f80246b8015d7849134c,CSASWGGWGGYTF,0.026656705828203328,TCRBV20-X,TCRBJ01-02
9e0cfc750077f80246b8015d7849134c,CASSLWGGTPYTGTQPNYGYTF,0.026643665669318153,TCRBV28-01,TCRBJ01-02
9e0cfc750077f80246b8015d7849134c,CASSPKKWGYYGYTF,0.02663463520188374,TCRBV03-01/03-02,TCRBJ01-02
9e0cfc750077f80246b8015d7849134c,CAWSVVRWRYTF,0.0265789788842096,TCRBV30-01,TCRBJ01-02
9e0cfc750077f80246b8015d7849134c,CAWGGWGQGQPNYGYTF,0.02657232697381273,TCRBV30-01,TCRBJ01-02
9e0cfc750077f80246b8015d7849134c,CAWMGAYGYTF,0.02653860356934732,TCRBV30-01,TCRBJ01-02
9e0cfc750077f80246b8015d7849134c,CASSSYTGGAYNYGYTF,0.02653542397546676,TCRBV19-01,TCRBJ01-02
9e0cfc750077f80246b8015d7849134c,CASRGYWGPQYF,0.026481991487106605,TCRBV09-01,TCRBJ02-03
9e0cfc750077f80246b8015d7849134c,CASSFWGGYGYTF,0.026477965763888285,TCRBV12-03/12-04,TCRBJ01-02
9e0cfc750077f80246b8015d7849134c,CASTDVRAWTANYGYTF,0.026469980614096045,TCRBV28-01,TCRBJ01-02
9e0cfc750077f80246b8015d7849134c,CTYMGDYGYTF,0.026466515683682443,TCRBV29-01,TCRBJ01-02
9e0cfc750077f80246b8015d7849134c,CASNPSAGASGGWYF,0.02646281471620141,TCRBV05-01,TCRBJ02-03
9e0cfc750077f80246b8015d7849134c,CATWGGYGGYTF,0.026437758137258852,TCRBV12-03/12-04,TCRBJ01-02
9e0cfc750077f80246b8015d7849134c,CALYWPGGAYNEQFF,0.02642585572336292,TCRBV30-01,TCRBJ02-01
9e0cfc750077f80246b8015d7849134c,CASWDPYGYTF,0.026416210311848116,TCRBV19-01,TCRBJ01-02
9e0cfc750077f80246b8015d7849134c,CASSYEGYYGYTF,0.026408117617327226,TCRBV06-05,TCRBJ01-02
a00bc951f59ffedeed6c177436a9a7c5,YF,0.04349809437737597,TCRBV27-01,TCRBJ02-07
a00bc951f59ffedeed6c177436a9a7c5,CAWSKIF,0.0348681907619488,TCRBV30-01,TCRBJ01-02
a00bc951f59ffedeed6c177436a9a7c5,CAWMWAGAYGYTF,0.03437303853233343,TCRBV30-01,TCRBJ01-02
a00bc951f59ffedeed6c177436a9a7c5,CASSYYSSYGYTF,0.031220221708065387,TCRBV06-06,TCRBJ01-02
a00bc951f59ffedeed6c177436a9a7c5,WGPRQYF,0.029220948801110393,TCRBV23-01,TCRBJ02-03
a00bc951f59ffedeed6c177436a9a7c5,CACPKYGSWYYGYTF,0.029184807451867044,TCRBV30-01,TCRBJ01-02
a00bc951f59ffedeed6c177436a9a7c5,CASSYGAYYGYTF,0.028941866066774062,TCRBV06-05,TCRBJ01-02
a00bc951f59ffedeed6c177436a9a7c5,CAWSVWWRPEAFF,0.02887641141986173,TCRBV30-01,TCRBJ01-01
a00bc951f59ffedeed6c177436a9a7c5,CASGWYYGYTF,0.028802409117373147,TCRBV12-03/12-04,TCRBJ01-02
a00bc951f59ffedeed6c177436a9a7c5,CASSYYRGYGYTF,0.02878078530984553,TCRBV06-05,TCRBJ01-02
a00bc951f59ffedeed6c177436a9a7c5,CASGVTDWVTEAFF,0.028649787120414705,TCRBV12-05,TCRBJ01-01
a00bc951f59ffedeed6c177436a9a7c5,SEFF,0.028575400427772027,TCRBV24-01,TCRBJ02-01
a00bc951f59ffedeed6c177436a9a7c5,CAWIWAPGVHEQYF,0.02853429853277671,TCRBV30-01,TCRBJ02-07
a00bc951f59ffedeed6c177436a9a7c5,CASSFGWGPYGYTF,0.0285034639731128,TCRBV28-01,TCRBJ01-02
a00bc951f59ffedeed6c177436a9a7c5,CASSYYGGYTF,0.02834118831668581,TCRBV06-05,TCRBJ01-02
a00bc951f59ffedeed6c177436a9a7c5,CASSSYGYYGYTF,0.028329658183653888,TCRBV07-08,TCRBJ01-02
a00bc951f59ffedeed6c177436a9a7c5,CAWSGGGYYGYTF,0.02826484547492356,TCRBV30-01,TCRBJ01-02
a00bc951f59ffedeed6c177436a9a7c5,CASSQGAVYRNYYYYGYTF,0.028189035408698486,TCRBV04-02,TCRBJ01-02
a00bc951f59ffedeed6c177436a9a7c5,CASGYRGNNYGYTF,0.028025845035198643,TCRBV21-01,TCRBJ01-02
a00bc951f59ffedeed6c177436a9a7c5,CASTRVGYIYGYTF,0.027884098614437778,TCRBV07-02,TCRBJ01-02
a00bc951f59ffedeed6c177436a9a7c5,TQYF,0.02788408084198733,TCRBV20-01,TCRBJ02-03
a00bc951f59ffedeed6c177436a9a7c5,CACIRVRAYGYTF,0.027846060085008863,TCRBV06-05,TCRBJ01-02
a00bc951f59ffedeed6c177436a9a7c5,CASSWGYYGYTF,0.02781816915485255,TCRBV12-03/12-04,TCRBJ01-02
a00bc951f59ffedeed6c177436a9a7c5,CATPPAYWGGYTF,0.027814540846993776,TCRBV19-01,TCRBJ01-02
a00bc951f59ffedeed6c177436a9a7c5,CASSYSTGYNYGYTF,0.027694582745456237,TCRBV06-06,TCRBJ01-02
a00bc951f59ffedeed6c177436a9a7c5,WPRGAPGANVLTF,0.027662186394311426,TCRBV06-X,TCRBJ02-06
a00bc951f59ffedeed6c177436a9a7c5,CASNPWGAGANVLTF,0.02755292147930641,TCRBV06-02,TCRBJ02-06
a00bc951f59ffedeed6c177436a9a7c5,CASSSSTGGGWNYGYTF,0.027552902314923758,TCRBV07-09,TCRBJ01-02
a00bc951f59ffedeed6c177436a9a7c5,CASSWWVYAFF,0.027235337562879346,TCRBV12-03/12-04,TCRBJ01-01
a00bc951f59ffedeed6c177436a9a7c5,CASSHRGWYYGYTF,0.027177956758944292,TCRBV06-05,TCRBJ01-02
a00bc951f59ffedeed6c177436a9a7c5,CASYGWGYTF,0.027141227625978915,TCRBV30-01,TCRBJ01-02
a00bc951f59ffedeed6c177436a9a7c5,CASGGVPYYGYTF,0.02700182807915322,TCRBV10-02,TCRBJ01-02
a00bc951f59ffedeed6c177436a9a7c5,CASSFGWGYGYTF,0.02696278755900744,TCRBV27-01,TCRBJ01-02
a00bc951f59ffedeed6c177436a9a7c5,CASSYSAYAGGGYTF,0.02688235749197461,TCRBV06-02/06-03,TCRBJ01-02
a00bc951f59ffedeed6c177436a9a7c5,RYTQYF,0.026820419149435695,TCRBV21-01,TCRBJ02-03
a00bc951f59ffedeed6c177436a9a7c5,CASSYWWEYGYTF,0.026740057725479806,TCRBV21-01,TCRBJ01-02
a00bc951f59ffedeed6c177436a9a7c5,CAWNNPLEAFF,0.026737878358304677,TCRBV30-01,TCRBJ01-01
a00bc951f59ffedeed6c177436a9a7c5,CASSYYPGAPWPQHF,0.02673602331780212,TCRBV27-01,TCRBJ01-05
a00bc951f59ffedeed6c177436a9a7c5,CAWSWGGTGGEYF,0.026726782552322668,TCRBV30-01,TCRBJ02-07
a00bc951f59ffedeed6c177436a9a7c5,CASAAAPGRHQPQHF,0.02669907579139016,TCRBV05-01,TCRBJ01-05
a00bc951f59ffedeed6c177436a9a7c5,CAWSVAHFWTEAFF,0.026677368795732397,TCRBV30-01,TCRBJ01-01
a00bc951f59ffedeed6c177436a9a7c5,CAWKPLHF,0.026605466887866042,TCRBV30-01,TCRBJ01-06
a00bc951f59ffedeed6c177436a9a7c5,CAWSAWGAEAFF,0.02644681421221368,TCRBV30-01,TCRBJ01-01
a00bc951f59ffedeed6c177436a9a7c5,CASHPVGHYGYTF,0.026296502835319355,TCRBV27-01,TCRBJ01-02
a00bc951f59ffedeed6c177436a9a7c5,CASSYRKNNNYGYTF,0.02629098321777734,TCRBV06-05,TCRBJ01-02
a00bc951f59ffedeed6c177436a9a7c5,CASSYPSGGPYF,0.026230128637271272,TCRBV06-02/06-03,TCRBJ02-07
a00bc951f59ffedeed6c177436a9a7c5,CAWSWGGTGGANYGYTF,0.02622472303633417,TCRBV30-01,TCRBJ01-02
a00bc951f59ffedeed6c177436a9a7c5,CAWSVWGGGGYTF,0.02600771725367873,TCRBV30-01,TCRBJ01-02
a00bc951f59ffedeed6c177436a9a7c5,CASSWGWGRGYTF,0.026004593527482606,TCRBV05-06,TCRBJ01-02
a00bc951f59ffedeed6c177436a9a7c5,CASGTGAFIGGGYTF,0.025992654567006265,TCRBV06-05,TCRBJ01-02
a00bc951f59ffedeed6c177436a9a7c5,CAWSVWGVTEAFF,0.025885690217246425,TCRBV30-01,TCRBJ01-01
a00bc951f59ffedeed6c177436a9a7c5,CASSIFKGWGYGYTF,0.0258572677573184,TCRBV19-01,TCRBJ01-02
a00bc951f59ffedeed6c177436a9a7c5,CAWGGTGGFGYTF,0.02578561749972557,TCRBV30-01,TCRBJ01-02
a00bc951f59ffedeed6c177436a9a7c5,CASGYNYGYTF,0.025746902885412894,TCRBV06-X,TCRBJ01-02
a00bc951f59ffedeed6c177436a9a7c5,CASSYWQGAYGYTF,0.025694056815013057,TCRBV06-05,TCRBJ01-02
a00bc951f59ffedeed6c177436a9a7c5,AGGPTHNQPQHF,0.025666104541786434,TCRBV06-X,TCRBJ01-05
a00bc951f59ffedeed6c177436a9a7c5,CASSKGVWGAVGELFF,0.025662739084469553,TCRBV21-01,TCRBJ02-02
a00bc951f59ffedeed6c177436a9a7c5,CAWIWGAAGGTEAFF,0.025620227977290837,TCRBV30-01,TCRBJ01-01
a00bc951f59ffedeed6c177436a9a7c5,CASSYRPPWQPQHF,0.025558309545837255,TCRBV23-01,TCRBJ01-05
a00bc951f59ffedeed6c177436a9a7c5,CGAPYGYTF,0.025513963225609827,TCRBV20-01,TCRBJ01-02
a00bc951f59ffedeed6c177436a9a7c5,CASSYWTGSYGYTF,0.025443421203788397,TCRBV06-02/06-03,TCRBJ01-02
a00bc951f59ffedeed6c177436a9a7c5,CASSYGGYYGYTF,0.025402733645891632,TCRBV06-05,TCRBJ01-02
a00bc951f59ffedeed6c177436a9a7c5,CASSWGTGGSYGYTF,0.025398965087369888,TCRBV06-06,TCRBJ01-02
a00bc951f59ffedeed6c177436a9a7c5,CASGPGGIWANVLTF,0.025312591312489623,TCRBV12-05,TCRBJ02-06
a00bc951f59ffedeed6c177436a9a7c5,CASSYGGGGPWYF,0.02528202170682551,TCRBV06-05,TCRBJ02-03
a00bc951f59ffedeed6c177436a9a7c5,CASSYYGYTF,0.02528123736463738,TCRBV06-05,TCRBJ01-02
a00bc951f59ffedeed6c177436a9a7c5,CASSHPMPHPRNQPQHF,0.02525918854641614,TCRBV23-01,TCRBJ01-05
a00bc951f59ffedeed6c177436a9a7c5,WEPGAAKGYTF,0.02518996061183786,TCRBV06-05,TCRBJ01-02
a00bc951f59ffedeed6c177436a9a7c5,CSAPKAKGGYTF,0.025187640882199786,TCRBV20-X,TCRBJ01-02
a00bc951f59ffedeed6c177436a9a7c5,CASWWVDTIYF,0.02516368739877122,TCRBV11-03,TCRBJ01-03
a00bc951f59ffedeed6c177436a9a7c5,CASSNWGGHYGYTF,0.025151732864199083,TCRBV06-05,TCRBJ01-02
a00bc951f59ffedeed6c177436a9a7c5,CSAGWGYGYTF,0.025146895905847698,TCRBV20-01,TCRBJ01-02
a00bc951f59ffedeed6c177436a9a7c5,CASSYSIWGKLGAFF,0.02514609957512707,TCRBV06-06,TCRBJ01-01
a00bc951f59ffedeed6c177436a9a7c5,CASSYNPGAYGYTF,0.025142667597787296,TCRBV10-02,TCRBJ01-02
a00bc951f59ffedeed6c177436a9a7c5,CASSGPGYHYGYTF,0.02513885190337334,TCRBV25-01,TCRBJ01-02
a00bc951f59ffedeed6c177436a9a7c5,CASSPGHPYYGYTF,0.02510446892686931,TCRBV19-01,TCRBJ01-02
a00bc951f59ffedeed6c177436a9a7c5,CSARTGGAYYYGYTF,0.02509123829017364,TCRBV20-X,TCRBJ01-02
a00bc951f59ffedeed6c177436a9a7c5,CASRYF,0.025025265474735714,TCRBV12-02,TCRBJ01-03
a00bc951f59ffedeed6c177436a9a7c5,CAWSVWGAAGYTF,0.024954437408182532,TCRBV30-01,TCRBJ01-02
a00bc951f59ffedeed6c177436a9a7c5,CAWSGIWVGANVLTF,0.0249481048047905,TCRBV30-01,TCRBJ02-06
a00bc951f59ffedeed6c177436a9a7c5,CASNPWVGPGHYGYTF,0.02493553849399174,TCRBV27-01,TCRBJ01-02
a00bc951f59ffedeed6c177436a9a7c5,CAWRRGYYGYTF,0.024933367665189207,TCRBV30-01,TCRBJ01-02
a00bc951f59ffedeed6c177436a9a7c5,CASSYSTGGYYGYTF,0.024916326248584822,TCRBV06-05,TCRBJ01-02
a00bc951f59ffedeed6c177436a9a7c5,CASSVAGGWGNYGYTF,0.024914038313732508,TCRBV09-01,TCRBJ01-02
a00bc951f59ffedeed6c177436a9a7c5,CASSPYWGGTDYGYTF,0.024892514241776582,TCRBV27-01,TCRBJ01-02
a00bc951f59ffedeed6c177436a9a7c5,CAWSVWGTEAFF,0.024891349613477297,TCRBV30-01,TCRBJ01-01
a00bc951f59ffedeed6c177436a9a7c5,CASSWAPRHQPQHF,0.024875090873582518,TCRBV19-01,TCRBJ01-05
a00bc951f59ffedeed6c177436a9a7c5,CASFWGRGPYYEQYF,0.02486363122848579,TCRBV02-01,TCRBJ02-07
a00bc951f59ffedeed6c177436a9a7c5,CAWGRTEIWGYGYTF,0.024847406018992865,TCRBV30-01,TCRBJ01-02
a00bc951f59ffedeed6c177436a9a7c5,CSAPPGQGAWDKITEAFF,0.024846399416628348,TCRBV20-X,TCRBJ01-01
a00bc951f59ffedeed6c177436a9a7c5,CAWGIPNYGYTF,0.024838215207412997,TCRBV30-01,TCRBJ01-02
a00bc951f59ffedeed6c177436a9a7c5,CASSYPGYGYTF,0.02483334751358227,TCRBV06-02/06-03,TCRBJ01-02
a00bc951f59ffedeed6c177436a9a7c5,CAWSHVANYGYTF,0.024799365986829417,TCRBV30-01,TCRBJ01-02
a00bc951f59ffedeed6c177436a9a7c5,CAWHPGHTFSQPQHF,0.024781679165039417,TCRBV30-01,TCRBJ01-05
a00bc951f59ffedeed6c177436a9a7c5,CASSYSWGNGYTF,0.0247491763905458,TCRBV06-05,TCRBJ01-02
a00bc951f59ffedeed6c177436a9a7c5,CAWSVLWGGEGYTF,0.024744682424632857,TCRBV30-01,TCRBJ01-02
a00bc951f59ffedeed6c177436a9a7c5,CASSYLGPKWYYGYTF,0.02473008108979854,TCRBV06-02/06-03,TCRBJ01-02
a00bc951f59ffedeed6c177436a9a7c5,CAWSVHIYGYTF,0.024709658499079187,TCRBV30-01,TCRBJ01-02
a00bc951f59ffedeed6c177436a9a7c5,CASSHWNANYGYTF,0.024693796792479263,TCRBV12-X,TCRBJ01-02
a00bc951f59ffedeed6c177436a9a7c5,CASWPGGANVLTF,0.024677759944827602,TCRBV12-03/12-04,TCRBJ02-06
accd1964564e6cc21d3d26ffaf94365b,FF,0.046364095414381246,TCRBV07-03,TCRBJ02-02
accd1964564e6cc21d3d26ffaf94365b,CASSYYYYGYTF,0.042345505323447295,TCRBV28-01,TCRBJ01-02
accd1964564e6cc21d3d26ffaf94365b,CASSYWGSYYGYTF,0.03627186423459636,TCRBV05-01,TCRBJ01-02
accd1964564e6cc21d3d26ffaf94365b,CAPPF,0.03540528342437857,TCRBV11-03,TCRBJ02-X
accd1964564e6cc21d3d26ffaf94365b,CSAYYYGYTF,0.03530447638350133,TCRBV20-01,TCRBJ01-02
accd1964564e6cc21d3d26ffaf94365b,WSNYGYTF,0.034349820040321936,TCRBV06-07,TCRBJ01-02
accd1964564e6cc21d3d26ffaf94365b,CAWRYTGYYGYTF,0.03410035995091905,TCRBV30-01,TCRBJ01-02
accd1964564e6cc21d3d26ffaf94365b,CASYQPYYGYTF,0.03142032375753961,TCRBV18-01,TCRBJ01-02
accd1964564e6cc21d3d26ffaf94365b,CAYYVAPFYGYTF,0.03115167027619178,TCRBV06-05,TCRBJ01-02
accd1964564e6cc21d3d26ffaf94365b,CASSGGGFYGSYGYTF,0.031054892658748397,TCRBV04-01,TCRBJ01-02
accd1964564e6cc21d3d26ffaf94365b,CASSYGPYYGYTF,0.030666648058650485,TCRBV06-02/06-03,TCRBJ01-02
accd1964564e6cc21d3d26ffaf94365b,EHF,0.030477150700485595,TCRBV25-01,TCRBJ01-05
accd1964564e6cc21d3d26ffaf94365b,CAWSYGYGYTF,0.030335630439429332,TCRBV30-01,TCRBJ01-02
accd1964564e6cc21d3d26ffaf94365b,CAWGWAYGYTF,0.030135809742978897,TCRBV30-01,TCRBJ01-02
accd1964564e6cc21d3d26ffaf94365b,CASSPWGGPNYGYTF,0.030079959341032192,TCRBV05-05,TCRBJ01-02
accd1964564e6cc21d3d26ffaf94365b,RWSAHPGF,0.0298930887492399,TCRBV03-01/03-02,TCRBJ02-07
accd1964564e6cc21d3d26ffaf94365b,CASSYNTGGGWGYTF,0.0297777681990271,TCRBV12-X,TCRBJ01-02
accd1964564e6cc21d3d26ffaf94365b,CSASGGFGWTGGAGYTF,0.02934312692209512,TCRBV20-01,TCRBJ01-02
accd1964564e6cc21d3d26ffaf94365b,CASSYYSNYGYTF,0.02907676956404389,TCRBV06-02/06-03,TCRBJ01-02
accd1964564e6cc21d3d26ffaf94365b,KQYF,0.028998662179874277,TCRBV05-06,TCRBJ02-07
accd1964564e6cc21d3d26ffaf94365b,CASSIGYIYGYTF,0.02898053330159159,TCRBV19-01,TCRBJ01-02
accd1964564e6cc21d3d26ffaf94365b,CASSYWGSGGNGYTF,0.028924943549433434,TCRBV05-05,TCRBJ01-02
accd1964564e6cc21d3d26ffaf94365b,CAWSGGGWYGYTF,0.028878315281762146,TCRBV30-01,TCRBJ01-02
accd1964564e6cc21d3d26ffaf94365b,CAWSVPWGHHYGYTF,0.028526573644400845,TCRBV30-01,TCRBJ01-02
accd1964564e6cc21d3d26ffaf94365b,CASSYYGYGYTF,0.02805400156014541,TCRBV06-05,TCRBJ01-02
accd1964564e6cc21d3d26ffaf94365b,CATFPGPYYGYTF,0.028042778219781173,TCRBV23-01,TCRBJ01-02
accd1964564e6cc21d3d26ffaf94365b,CAWRRWGRRREKLFF,0.027932271644299025,TCRBV30-01,TCRBJ01-04
accd1964564e6cc21d3d26ffaf94365b,CASSSWGTGWYGYTF,0.027919796572575276,TCRBV05-06,TCRBJ01-02
accd1964564e6cc21d3d26ffaf94365b,TQYF,0.02788408084198733,TCRBV27-01,TCRBJ02-05
accd1964564e6cc21d3d26ffaf94365b,CAGHHGGAPYPNQPQHF,0.027853967506163646,TCRBV09-01,TCRBJ01-05
accd1964564e6cc21d3d26ffaf94365b,CASGYRPYGYTF,0.02781793058472961,TCRBV12-05,TCRBJ01-02
accd1964564e6cc21d3d26ffaf94365b,CASSLWGHHYYGYTF,0.027790719237405576,TCRBV19-01,TCRBJ01-02
accd1964564e6cc21d3d26ffaf94365b,CAIYGYGYTF,0.02774388628619459,TCRBV10-03,TCRBJ01-02
accd1964564e6cc21d3d26ffaf94365b,CASSWGGPNYGYTF,0.027680154151871812,TCRBV05-01,TCRBJ01-02
accd1964564e6cc21d3d26ffaf94365b,CASNWNRGWNQPQHF,0.02748988650910875,TCRBV06-05,TCRBJ01-05
accd1964564e6cc21d3d26ffaf94365b,CASSFWGPGYGYTF,0.027456054822721676,TCRBV05-05,TCRBJ01-02
accd1964564e6cc21d3d26ffaf94365b,CAPCPGHVLYNYGYTF,0.0274030017526908,TCRBV10-03,TCRBJ01-02
accd1964564e6cc21d3d26ffaf94365b,CASSYYPWGQGTNYGYTF,0.027386153462458714,TCRBV06-X,TCRBJ01-02
accd1964564e6cc21d3d26ffaf94365b,CASHHGGPRYGYTF,0.02735799806990227,TCRBV19-01,TCRBJ01-02
accd1964564e6cc21d3d26ffaf94365b,CAWSGYPNYGYTF,0.027250875870410227,TCRBV30-01,TCRBJ01-02
accd1964564e6cc21d3d26ffaf94365b,CASSYPGYYGYTF,0.02719719100101016,TCRBV06-06,TCRBJ01-02
accd1964564e6cc21d3d26ffaf94365b,CASCGTGGPSGNQPQHF,0.027076066721883157,TCRBV06-X,TCRBJ01-05
accd1964564e6cc21d3d26ffaf94365b,CASSWGSYYGYTF,0.02706243790785132,TCRBV19-01,TCRBJ01-02
accd1964564e6cc21d3d26ffaf94365b,CAWSWNRYYGYTF,0.0269193955045515,TCRBV30-01,TCRBJ01-02
accd1964564e6cc21d3d26ffaf94365b,CASRAPWYF,0.02691631049178486,TCRBV05-01,TCRBJ02-04
accd1964564e6cc21d3d26ffaf94365b,CASSWGPTPGGSGAWGYGYTF,0.026898394240963477,unresolved,TCRBJ01-02
accd1964564e6cc21d3d26ffaf94365b,CASSWGHWGAHGYTF,0.026854386422845673,TCRBV28-01,TCRBJ01-02
accd1964564e6cc21d3d26ffaf94365b,CASCTPGAGANVLTF,0.026824134520765278,TCRBV19-01,TCRBJ02-06
accd1964564e6cc21d3d26ffaf94365b,CASSYPGQWPWPQHF,0.02680827767054811,TCRBV06-02/06-03,TCRBJ01-05
accd1964564e6cc21d3d26ffaf94365b,CASSYSWRGYGYTF,0.026788603842420336,TCRBV06-05,TCRBJ01-02
accd1964564e6cc21d3d26ffaf94365b,CSARGYNSYYGYTF,0.02673307505364501,TCRBV20-X,TCRBJ01-02
accd1964564e6cc21d3d26ffaf94365b,CSAPWGGNFGYGYTF,0.026728962590518487,TCRBV20-X,TCRBJ01-02
accd1964564e6cc21d3d26ffaf94365b,CASSIWDSYYYGYTF,0.026679865309979584,TCRBV19-01,TCRBJ01-02
accd1964564e6cc21d3d26ffaf94365b,CAWAYGGYYEQYF,0.026616271261319085,TCRBV30-01,TCRBJ02-07
accd1964564e6cc21d3d26ffaf94365b,CASSYYRGPNYGYTF,0.026606158437562987,TCRBV06-02/06-03,TCRBJ01-02
accd1964564e6cc21d3d26ffaf94365b,CAWSGGTGYYGYTF,0.02650893612681692,TCRBV30-01,TCRBJ01-02
accd1964564e6cc21d3d26ffaf94365b,CAWGAWGNTEAFF,0.026480095328029477,TCRBV30-01,TCRBJ01-01
accd1964564e6cc21d3d26ffaf94365b,CASSWWTGGGGYTF,0.026394864911408574,TCRBV05-04,TCRBJ01-02
accd1964564e6cc21d3d26ffaf94365b,CSAPHPSPSPQHF,0.02635101477272487,TCRBV20-X,TCRBJ01-05
accd1964564e6cc21d3d26ffaf94365b,CASSYMSSGTYYGYTF,0.026311352034227103,TCRBV06-05,TCRBJ01-02
accd1964564e6cc21d3d26ffaf94365b,CAWSVGHWGGYTF,0.02628322378251624,TCRBV30-01,TCRBJ01-02
accd1964564e6cc21d3d26ffaf94365b,CAWRGGGYVRYGYTF,0.02624370907284661,TCRBV30-01,TCRBJ01-02
accd1964564e6cc21d3d26ffaf94365b,CASSFWGAVEKLFF,0.026209049728363625,TCRBV07-09,TCRBJ01-04
accd1964564e6cc21d3d26ffaf94365b,CASSWYYGYTF,0.02617045773912099,TCRBV28-01,TCRBJ01-02
accd1964564e6cc21d3d26ffaf94365b,CASGYYGYTF,0.026163660813453973,TCRBV28-01,TCRBJ01-02
accd1964564e6cc21d3d26ffaf94365b,CASTWGGGYGYGYTF,0.026111899618788847,TCRBV02-01,TCRBJ01-02
accd1964564e6cc21d3d26ffaf94365b,CAWSHYVYGYTF,0.02607511637814484,TCRBV30-01,TCRBJ01-02
accd1964564e6cc21d3d26ffaf94365b,CASSGKWGWHGYTF,0.026036704236500126,TCRBV06-02,TCRBJ01-02
accd1964564e6cc21d3d26ffaf94365b,CASGWKAFF,0.026025551677653653,TCRBV07-02,TCRBJ01-01
accd1964564e6cc21d3d26ffaf94365b,CASTYRGGWGGYTF,0.02601563162316421,TCRBV28-01,TCRBJ01-02
accd1964564e6cc21d3d26ffaf94365b,CASSGGWSANYGYTF,0.025934855614602903,TCRBV11-02,TCRBJ01-02
accd1964564e6cc21d3d26ffaf94365b,CAWNYNRNYGYTF,0.025907266558548196,TCRBV30-01,TCRBJ01-02
accd1964564e6cc21d3d26ffaf94365b,CAWSGWAFYYGYTF,0.02589194931310395,TCRBV30-01,TCRBJ01-02
accd1964564e6cc21d3d26ffaf94365b,CASSHKGWDWGYTF,0.02587726591248499,TCRBV12-X,TCRBJ01-02
accd1964564e6cc21d3d26ffaf94365b,CAWSGGWANYGYTF,0.025875855109923362,TCRBV30-01,TCRBJ01-02
accd1964564e6cc21d3d26ffaf94365b,CASYPPYTF,0.02586375893693805,TCRBV19-01,TCRBJ01-02
accd1964564e6cc21d3d26ffaf94365b,CSATKTLGPHYGYTF,0.0258435713642453,TCRBV20-X,TCRBJ01-02
accd1964564e6cc21d3d26ffaf94365b,CASSYFWGSNYGYTF,0.025840585362992698,TCRBV06-02/06-03,TCRBJ01-02
accd1964564e6cc21d3d26ffaf94365b,CASSHWGVHKAFF,0.025827953343297825,TCRBV23-01,TCRBJ01-01
accd1964564e6cc21d3d26ffaf94365b,CAWWKGPLTF,0.025823145725573975,TCRBV30-01,TCRBJ01-02
accd1964564e6cc21d3d26ffaf94365b,CAWNTGYRYGYTF,0.025763515926456846,TCRBV30-01,TCRBJ01-02
accd1964564e6cc21d3d26ffaf94365b,CASSYYPGGTEAFF,0.02564880190352183,TCRBV06-02/06-03,TCRBJ01-01
accd1964564e6cc21d3d26ffaf94365b,CAWSVIWYEAFF,0.025632639004608472,TCRBV30-01,TCRBJ01-01
accd1964564e6cc21d3d26ffaf94365b,CAWIGAYGYTF,0.025584306374871694,TCRBV30-01,TCRBJ01-02
accd1964564e6cc21d3d26ffaf94365b,CASGLPLFGYTF,0.02555751388809482,TCRBV12-05,TCRBJ01-02
accd1964564e6cc21d3d26ffaf94365b,CAWSAPAAYYGYTF,0.02554169332500038,TCRBV30-01,TCRBJ01-02
accd1964564e6cc21d3d26ffaf94365b,CAWSNGFAYGYTF,0.02551907645315955,TCRBV30-01,TCRBJ01-02
accd1964564e6cc21d3d26ffaf94365b,CSVYRGYGYTF,0.02551679093943683,TCRBV29-01,TCRBJ01-02
accd1964564e6cc21d3d26ffaf94365b,CASSPYYTGTAYGYTF,0.025512226437383084,TCRBV27-01,TCRBJ01-02
accd1964564e6cc21d3d26ffaf94365b,CASSYRYYQPQHF,0.025489196729304563,TCRBV06-06,TCRBJ01-05
accd1964564e6cc21d3d26ffaf94365b,CAWSTHPMYKVGYGYTF,0.025428628058465443,TCRBV30-01,TCRBJ01-02
accd1964564e6cc21d3d26ffaf94365b,CATSRGGWYTNYGYTF,0.02540979414972128,TCRBV15-01,TCRBJ01-02
accd1964564e6cc21d3d26ffaf94365b,CASTHWGPANYGYTF,0.025391965041007283,TCRBV07-02,TCRBJ01-02
accd1964564e6cc21d3d26ffaf94365b,CASNWGGNYGYTF,0.02536692337061581,TCRBV28-01,TCRBJ01-02
accd1964564e6cc21d3d26ffaf94365b,CASWIWGYGYTF,0.025340162708376485,TCRBV27-01,TCRBJ01-02
accd1964564e6cc21d3d26ffaf94365b,CASSYHGQYRNYGYTF,0.025336416438241152,TCRBV06-02/06-03,TCRBJ01-02
accd1964564e6cc21d3d26ffaf94365b,CASSYYSGGSSGNTIYF,0.02533487392664265,TCRBV27-01,TCRBJ01-03
ad353e882c71c87fc1d9c60e6bad2388,YF,0.043498104297022874,TCRBV07-03,TCRBJ02-05
ad353e882c71c87fc1d9c60e6bad2388,CASSYYRYYGYTF,0.04024269049217529,TCRBV06-05,TCRBJ01-02
ad353e882c71c87fc1d9c60e6bad2388,CASSSFWGNWNYGYTF,0.03862985417991122,TCRBV27-01,TCRBJ01-02
ad353e882c71c87fc1d9c60e6bad2388,CASSYWGYYGYTF,0.038597221645437454,TCRBV06-02/06-03,TCRBJ01-02
ad353e882c71c87fc1d9c60e6bad2388,CAWIGMWGIF,0.03476829173798392,TCRBV30-01,TCRBJ01-01
ad353e882c71c87fc1d9c60e6bad2388,CASSYYYGYTF,0.03404899211087026,TCRBV07-02,TCRBJ01-02
ad353e882c71c87fc1d9c60e6bad2388,CASYNNWGYNQPQHF,0.033583712256829525,TCRBV06-05,TCRBJ01-05
ad353e882c71c87fc1d9c60e6bad2388,CASSGLPVVGYGYTF,0.033442715013615745,TCRBV06-X,TCRBJ01-02
ad353e882c71c87fc1d9c60e6bad2388,CASSLWGGYWGGYYGYTF,0.03326833635200415,TCRBV28-01,TCRBJ01-02
ad353e882c71c87fc1d9c60e6bad2388,CASSQGLPRLAGLNYEQYF,0.03313842103744054,TCRBV04-01,TCRBJ02-07
ad353e882c71c87fc1d9c60e6bad2388,CAWMGVWAFF,0.033136732861136685,TCRBV30-01,TCRBJ01-01
ad353e882c71c87fc1d9c60e6bad2388,CAWWGGGYGYTF,0.03222636315406849,TCRBV30-01,TCRBJ01-02
ad353e882c71c87fc1d9c60e6bad2388,CASSYNYNYGYTF,0.03190438570499799,TCRBV06-05,TCRBJ01-02
ad353e882c71c87fc1d9c60e6bad2388,CAWWGGFYGYTF,0.03162123937957229,TCRBV30-01,TCRBJ01-02
ad353e882c71c87fc1d9c60e6bad2388,TGYYGYTF,0.031438711564580786,TCRBV21-01,TCRBJ01-02
ad353e882c71c87fc1d9c60e6bad2388,CAWSWGGYGYTF,0.031140340733038407,TCRBV30-01,TCRBJ01-02
ad353e882c71c87fc1d9c60e6bad2388,CASSSWGYNYGYTF,0.030923742158580503,TCRBV27-01,TCRBJ01-02
ad353e882c71c87fc1d9c60e6bad2388,CASSYRPYYGYTF,0.030733626246314334,TCRBV28-01,TCRBJ01-02
ad353e882c71c87fc1d9c60e6bad2388,CASSQALWGGWGWYGYTF,0.03072867635163318,TCRBV04-03,TCRBJ01-02
ad353e882c71c87fc1d9c60e6bad2388,CAGGYTPNYGYTF,0.030660815764747714,TCRBV02-01,TCRBJ01-02
ad353e882c71c87fc1d9c60e6bad2388,CAWPAYYGYTF,0.03029920943528111,TCRBV30-01,TCRBJ01-02
ad353e882c71c87fc1d9c60e6bad2388,CAWSSGYWGGYTF,0.03029297209041165,TCRBV30-01,TCRBJ01-02
ad353e882c71c87fc1d9c60e6bad2388,CASWHGHSWGYGYTF,0.030269504769340025,TCRBV05-01,TCRBJ01-02
ad353e882c71c87fc1d9c60e6bad2388,CSYYSGSYGYTF,0.03025935354364554,TCRBV29-01,TCRBJ01-02
ad353e882c71c87fc1d9c60e6bad2388,CASSLPLIGNTEAFF,0.03006002665855961,TCRBV05-01,TCRBJ01-01
ad353e882c71c87fc1d9c60e6bad2388,CASSYSGYYGYTF,0.029976809921842984,TCRBV06-05,TCRBJ01-02
ad353e882c71c87fc1d9c60e6bad2388,CASNPWGNSGANVLTF,0.029949501617606355,TCRBV06-02,TCRBJ02-06
ad353e882c71c87fc1d9c60e6bad2388,CASSYWGGVYGYTF,0.029931232751874745,TCRBV12-X,TCRBJ01-02
ad353e882c71c87fc1d9c60e6bad2388,CAWSIWGWGYTF,0.029897918568699205,TCRBV30-01,TCRBJ01-02
ad353e882c71c87fc1d9c60e6bad2388,CAWGWNYGYTF,0.029896502734395425,TCRBV30-01,TCRBJ01-02
ad353e882c71c87fc1d9c60e6bad2388,CAWMGGYYGYTF,0.029870199748519986,TCRBV30-01,TCRBJ01-02
ad353e882c71c87fc1d9c60e6bad2388,CAWGYYQPQHF,0.029779374905233347,TCRBV30-01,TCRBJ01-05
ad353e882c71c87fc1d9c60e6bad2388,CASSQEFRRDRFWAGLYEQYF,0.029777980010792248,TCRBV04-01,TCRBJ02-07
ad353e882c71c87fc1d9c60e6bad2388,CAWSPWGYGYTF,0.029662364249809958,TCRBV30-01,TCRBJ01-02
ad353e882c71c87fc1d9c60e6bad2388,CASSYYQGWNYGYTF,0.02961371505703596,TCRBV06-05,TCRBJ01-02
ad353e882c71c87fc1d9c60e6bad2388,CASSYGGWSTYGYTF,0.029573619753138533,TCRBV06-02/06-03,TCRBJ01-02
ad353e882c71c87fc1d9c60e6bad2388,CASSYRGYYGYTF,0.02933977931009988,TCRBV06-05,TCRBJ01-02
ad353e882c71c87fc1d9c60e6bad2388,CASSYIYYGYTF,0.029272999645669893,TCRBV06-02/06-03,TCRBJ01-02
ad353e882c71c87fc1d9c60e6bad2388,CASSFYVYYGYTF,0.029231902168245553,TCRBV07-02,TCRBJ01-02
ad353e882c71c87fc1d9c60e6bad2388,CASSYYVPYGYTF,0.029108904801710765,TCRBV06-02/06-03,TCRBJ01-02
ad353e882c71c87fc1d9c60e6bad2388,CASSYGAYYGYTF,0.028941835914216896,TCRBV06-02/06-03,TCRBJ01-02
ad353e882c71c87fc1d9c60e6bad2388,CASSYWYGYTF,0.028941108911787153,TCRBV06-02/06-03,TCRBJ01-02
ad353e882c71c87fc1d9c60e6bad2388,CASSYNRYYGYTF,0.028917834101209794,TCRBV06-05,TCRBJ01-02
ad353e882c71c87fc1d9c60e6bad2388,CASSGGWFSNYGYTF,0.02890357344676751,TCRBV19-01,TCRBJ01-02
ad353e882c71c87fc1d9c60e6bad2388,CSVVHPVWPYPYGYTF,0.028839162705329872,TCRBV20-X,TCRBJ01-02
ad353e882c71c87fc1d9c60e6bad2388,CAWTGAWGYGYTF,0.02881364891843224,TCRBV30-01,TCRBJ01-02
ad353e882c71c87fc1d9c60e6bad2388,CATSDFVRVCAYTF,0.028713990212179064,TCRBV24-01,TCRBJ01-02
ad353e882c71c87fc1d9c60e6bad2388,CAWIPWDRVGAFF,0.028577184093394426,TCRBV30-01,TCRBJ01-01
ad353e882c71c87fc1d9c60e6bad2388,CASGGWGANYGYTF,0.02845510418973712,TCRBV03-01/03-02,TCRBJ01-02
ad353e882c71c87fc1d9c60e6bad2388,CASSYYSSGGYTF,0.02839757687281077,TCRBV06-05,TCRBJ01-02
ad353e882c71c87fc1d9c60e6bad2388,CASSYWPGPNYGYTF,0.028382462330042203,TCRBV06-05,TCRBJ01-02
ad353e882c71c87fc1d9c60e6bad2388,CASSYYRGHNYGYTF,0.02837059714336494,TCRBV06-05,TCRBJ01-02
ad353e882c71c87fc1d9c60e6bad2388,CATWWGWGAEAFF,0.028319302015413106,TCRBV06-05,TCRBJ01-01
ad353e882c71c87fc1d9c60e6bad2388,CAWAPGPRWYF,0.02828514273794857,TCRBV30-01,TCRBJ02-03
ad353e882c71c87fc1d9c60e6bad2388,CASSFWGQGAYNYGYTF,0.028259824928833964,TCRBV05-01,TCRBJ01-02
ad353e882c71c87fc1d9c60e6bad2388,CAGGGYNYGYTF,0.02824321435625349,TCRBV30-01,TCRBJ01-02
ad353e882c71c87fc1d9c60e6bad2388,IYGYTF,0.028238693131532287,TCRBV10-01,TCRBJ01-02
ad353e882c71c87fc1d9c60e6bad2388,CAWSPHGYYGYTF,0.02817819704549537,TCRBV30-01,TCRBJ01-02
ad353e882c71c87fc1d9c60e6bad2388,CAWSWGGGAFF,0.02812928300159097,TCRBV30-01,TCRBJ01-01
ad353e882c71c87fc1d9c60e6bad2388,CAWSVHSHIHF,0.028117007521575272,TCRBV30-01,TCRBJ01-06
ad353e882c71c87fc1d9c60e6bad2388,CASSYVRYYGYTF,0.02808892301824351,TCRBV06-05,TCRBJ01-02
ad353e882c71c87fc1d9c60e6bad2388,CVWGPTVYYGYTF,0.028076123018433576,TCRBV02-01,TCRBJ01-02
ad353e882c71c87fc1d9c60e6bad2388,CASWGGYHTIYF,0.028055402549559242,TCRBV28-01,TCRBJ01-03
ad353e882c71c87fc1d9c60e6bad2388,CAWWDYGYTF,0.028010395231861454,TCRBV30-01,TCRBJ01-02
ad353e882c71c87fc1d9c60e6bad2388,CASSYWTGGYGYTF,0.02793292871769135,TCRBV05-06,TCRBJ01-02
ad353e882c71c87fc1d9c60e6bad2388,GGAIHYGYTF,0.027896957441807115,TCRBV29-01,TCRBJ01-02
ad353e882c71c87fc1d9c60e6bad2388,CASRYWGTGYGYTF,0.027874902034052625,TCRBV06-X,TCRBJ01-02
ad353e882c71c87fc1d9c60e6bad2388,CASSYASYYGYTF,0.02786629775055596,TCRBV06-05,TCRBJ01-02
ad353e882c71c87fc1d9c60e6bad2388,CASSYRGYTNYGYTF,0.027853883579224428,TCRBV06-05,TCRBJ01-02
ad353e882c71c87fc1d9c60e6bad2388,CASCKPGANVLTF,0.027840287431290228,TCRBV12-03/12-04,TCRBJ02-06
ad353e882c71c87fc1d9c60e6bad2388,CASSANYGGPYYGYTF,0.02783972281265907,TCRBV07-02,TCRBJ01-02
ad353e882c71c87fc1d9c60e6bad2388,CAWSVPGGFTDTQYF,0.027807161536304192,TCRBV30-01,TCRBJ02-03
ad353e882c71c87fc1d9c60e6bad2388,CASSPTVGVAGTGPTGAFF,0.027716065864849364,TCRBV18-01,TCRBJ01-01
ad353e882c71c87fc1d9c60e6bad2388,CASSYFSWGYGYTF,0.027702506173821514,TCRBV06-05,TCRBJ01-02
ad353e882c71c87fc1d9c60e6bad2388,CAWSVWEGAGGYTF,0.02769625200431732,TCRBV30-01,TCRBJ01-02
ad353e882c71c87fc1d9c60e6bad2388,CASSYSTGYYGYTF,0.027645729643180673,TCRBV06-05,TCRBJ01-02
ad353e882c71c87fc1d9c60e6bad2388,WCNTIYF,0.02763592550826638,TCRBV20-01,TCRBJ01-03
ad353e882c71c87fc1d9c60e6bad2388,CASSHPWGGNYGYTF,0.027628299202979125,TCRBV04-03,TCRBJ01-02
ad353e882c71c87fc1d9c60e6bad2388,CASSYSAYYGYTF,0.02760993528127876,TCRBV06-05,TCRBJ01-02
ad353e882c71c87fc1d9c60e6bad2388,CASSSWGYYGYTF,0.027601599236848292,TCRBV11-02,TCRBJ01-02
ad353e882c71c87fc1d9c60e6bad2388,CAWGGYGYTF,0.02758627114136823,TCRBV30-01,TCRBJ01-02
ad353e882c71c87fc1d9c60e6bad2388,CASSYHPYGYTF,0.027582785730178517,TCRBV06-02/06-03,TCRBJ01-02
ad353e882c71c87fc1d9c60e6bad2388,CASGYRSAYYGYTF,0.027570976885520425,TCRBV06-05,TCRBJ01-02
ad353e882c71c87fc1d9c60e6bad2388,CATFPKAFF,0.027565667064598516,TCRBV04-X,TCRBJ01-01
ad353e882c71c87fc1d9c60e6bad2388,CASSSNGGAGGSYGYTF,0.027564700442164903,TCRBV05-04,TCRBJ01-02
ad353e882c71c87fc1d9c60e6bad2388,CASSYGSYYGYTF,0.02755420552244958,TCRBV06-02/06-03,TCRBJ01-02
ad353e882c71c87fc1d9c60e6bad2388,CASSYSSGSWYGYTF,0.02755153369208776,TCRBV06-05,TCRBJ01-02
ad353e882c71c87fc1d9c60e6bad2388,CASSGGSWFNYGYTF,0.02754345585129695,TCRBV19-01,TCRBJ01-02
ad353e882c71c87fc1d9c60e6bad2388,CASSYHGPYGYTF,0.027542753400301195,TCRBV27-01,TCRBJ01-02
ad353e882c71c87fc1d9c60e6bad2388,CASSWAPQQHQPQHF,0.027528414433900347,TCRBV06-02/06-03,TCRBJ01-05
ad353e882c71c87fc1d9c60e6bad2388,CASTYRYYGYTF,0.02751360427182657,TCRBV09-01,TCRBJ01-02
ad353e882c71c87fc1d9c60e6bad2388,YQYF,0.027492904725118346,TCRBV10-01,TCRBJ02-05
ad353e882c71c87fc1d9c60e6bad2388,CAWMYGAFF,0.02743534486764921,TCRBV30-01,TCRBJ01-01
ad353e882c71c87fc1d9c60e6bad2388,CAWSTPWDPYGYTF,0.02741401758168511,TCRBV30-01,TCRBJ01-02
ad353e882c71c87fc1d9c60e6bad2388,CASSYWGDSYGYTF,0.02731235364554791,TCRBV07-02,TCRBJ01-02
ad353e882c71c87fc1d9c60e6bad2388,CASMWGGYGYTF,0.02724415844828318,TCRBV12-03/12-04,TCRBJ01-02
ad353e882c71c87fc1d9c60e6bad2388,WLKGEQYF,0.027236362443524034,TCRBV27-01,TCRBJ02-07
b46b64de0de5fa37274448cb45757598,FF,0.04636419028842517,TCRBV05-06,TCRBJ02-02
b46b64de0de5fa37274448cb45757598,SGWYF,0.03588992273458261,TCRBV29-01,TCRBJ02-07
b46b64de0de5fa37274448cb45757598,CASSYYSGYYGYTF,0.03526100699561572,TCRBV06-05,TCRBJ01-02
b46b64de0de5fa37274448cb45757598,CAWSYGAWYGYTF,0.0340464750773365,TCRBV30-01,TCRBJ01-02
b46b64de0de5fa37274448cb45757598,CASSWGWGNYGYTF,0.03380192057885144,TCRBV19-01,TCRBJ01-02
b46b64de0de5fa37274448cb45757598,IYF,0.03337645449027785,TCRBV27-01,TCRBJ01-03
b46b64de0de5fa37274448cb45757598,GPGPYTWYYGYTF,0.03300457259910316,TCRBV03-01/03-02,TCRBJ01-02
b46b64de0de5fa37274448cb45757598,CASSHYGGWYGYTF,0.03272648549584386,TCRBV03-01/03-02,TCRBJ01-02
b46b64de0de5fa37274448cb45757598,CASTWGGYYGYTF,0.03196468492457402,TCRBV28-01,TCRBJ01-02
b46b64de0de5fa37274448cb45757598,CASSWWGGHYGYTF,0.031452809760261755,TCRBV13-01,TCRBJ01-02
b46b64de0de5fa37274448cb45757598,CAWSSWGGYGYTF,0.03130955902285982,TCRBV30-01,TCRBJ01-02
b46b64de0de5fa37274448cb45757598,CASSYSYGTYYGYTF,0.031132729391126265,TCRBV06-05,TCRBJ01-02
b46b64de0de5fa37274448cb45757598,CASSPYYYGYTF,0.03106622440580626,TCRBV28-01,TCRBJ01-02
b46b64de0de5fa37274448cb45757598,GPQHF,0.031036399493967852,TCRBV04-01,TCRBJ01-05
b46b64de0de5fa37274448cb45757598,CAWSGWGTFPYGYTF,0.031031316370024556,TCRBV30-01,TCRBJ01-02
b46b64de0de5fa37274448cb45757598,CASSLLPWGYGYTF,0.030904608757544513,TCRBV28-01,TCRBJ01-02
b46b64de0de5fa37274448cb45757598,CASSGYSSSYYGYTF,0.030853083332449727,TCRBV11-02,TCRBJ01-02
b46b64de0de5fa37274448cb45757598,CASSYWGSNYGYTF,0.03065511738279988,TCRBV06-05,TCRBJ01-02
b46b64de0de5fa37274448cb45757598,CASSSGGWGGYGYTF,0.03059053017173319,TCRBV05-05,TCRBJ01-02
b46b64de0de5fa37274448cb45757598,CASSGGWGANYGYTF,0.030561182860808334,TCRBV07-02,TCRBJ01-02
b46b64de0de5fa37274448cb45757598,CASSYSGHNYIYYGYTF,0.03043409205029296,TCRBV06-X,TCRBJ01-02
b46b64de0de5fa37274448cb45757598,CASSYSYSSYGYTF,0.030367575945983553,TCRBV06-05,TCRBJ01-02
b46b64de0de5fa37274448cb45757598,CASSWGSWGGNGYTF,0.030347851524307332,TCRBV12-X,TCRBJ01-02
b46b64de0de5fa37274448cb45757598,CASSSYYRGYGYTF,0.03011839881184575,TCRBV27-01,TCRBJ01-02
b46b64de0de5fa37274448cb45757598,CASSYYGNYGYTF,0.030114868004771117,TCRBV06-06,TCRBJ01-02
b46b64de0de5fa37274448cb45757598,CASSYWGGGYTF,0.030049377154389635,TCRBV06-02/06-03,TCRBJ01-02
b46b64de0de5fa37274448cb45757598,CAWGHGYGYTF,0.03001532469190541,TCRBV30-01,TCRBJ01-02
b46b64de0de5fa37274448cb45757598,CASSYVGYYGYTF,0.029996250352935298,TCRBV06-02/06-03,TCRBJ01-02
b46b64de0de5fa37274448cb45757598,CASYRPWYGYTF,0.029883331157073055,TCRBV02-01,TCRBJ01-02
b46b64de0de5fa37274448cb45757598,CASRTGGWGYNYGYTF,0.029795343207958222,TCRBV02-01,TCRBJ01-02
b46b64de0de5fa37274448cb45757598,CASYHRGYYGYTF,0.02977000277603719,TCRBV06-X,TCRBJ01-02
b46b64de0de5fa37274448cb45757598,CYKPAAYGYTF,0.029768993931701106,TCRBV29-01,TCRBJ01-02
b46b64de0de5fa37274448cb45757598,CASSVGYWGPNYGYTF,0.029575850450499316,TCRBV11-02,TCRBJ01-02
b46b64de0de5fa37274448cb45757598,CAGGYNYGYTF,0.02957527223260792,TCRBV07-09,TCRBJ01-02
b46b64de0de5fa37274448cb45757598,CAWMFYNPQGWGRNYGYTF,0.02955488423124724,TCRBV30-01,TCRBJ01-02
b46b64de0de5fa37274448cb45757598,CAWYRYGYTF,0.029444753103986504,TCRBV30-01,TCRBJ01-02
b46b64de0de5fa37274448cb45757598,CASSYWRGWNGYTF,0.029435369000964762,TCRBV06-02/06-03,TCRBJ01-02
b46b64de0de5fa37274448cb45757598,CASSYYPYGYTF,0.029411752978774977,TCRBV06-02/06-03,TCRBJ01-02
b46b64de0de5fa37274448cb45757598,CASGLLAGVGELFF,0.029325937846018318,TCRBV27-01,TCRBJ02-02
b46b64de0de5fa37274448cb45757598,CASSFYGWGPYGYTF,0.029286799932418176,TCRBV27-01,TCRBJ01-02
b46b64de0de5fa37274448cb45757598,CASGSPYWGNYGYTF,0.02921264468692942,TCRBV12-05,TCRBJ01-02
b46b64de0de5fa37274448cb45757598,CASSFSFGYYRGYGYTF,0.029188843910721563,TCRBV28-01,TCRBJ01-02
b46b64de0de5fa37274448cb45757598,CAHHWARYGYTF,0.029173977555839156,TCRBV30-01,TCRBJ01-02
b46b64de0de5fa37274448cb45757598,CASSFYRGYYGYTF,0.029134611492744423,TCRBV05-04,TCRBJ01-02
b46b64de0de5fa37274448cb45757598,HTQYF,0.029125945201176843,TCRBV09-01,TCRBJ02-03
b46b64de0de5fa37274448cb45757598,CTWGPLHF,0.02909320243550589,TCRBV20-01,TCRBJ01-06
b46b64de0de5fa37274448cb45757598,CAYRGWGHYGYTF,0.029032780308696396,TCRBV30-01,TCRBJ01-02
b46b64de0de5fa37274448cb45757598,CASSYWGFYGYTF,0.02898246227515603,TCRBV06-02/06-03,TCRBJ01-02
b46b64de0de5fa37274448cb45757598,CASGGIYYYGYTF,0.02887897388920796,TCRBV11-02,TCRBJ01-02
b46b64de0de5fa37274448cb45757598,CASGPYYGYTF,0.028834705808209064,TCRBV28-01,TCRBJ01-02
b46b64de0de5fa37274448cb45757598,CASSSYRGYYGYTF,0.02873713908498593,TCRBV19-01,TCRBJ01-02
b46b64de0de5fa37274448cb45757598,CASSYYGTYGYTF,0.028603594319858188,TCRBV06-05,TCRBJ01-02
b46b64de0de5fa37274448cb45757598,CSANRGGSNNRGNQPQHF,0.028591103043056867,TCRBV20-X,TCRBJ01-05
b46b64de0de5fa37274448cb45757598,LPWGPYGYTF,0.02840050762724981,TCRBV28-01,TCRBJ01-02
b46b64de0de5fa37274448cb45757598,CASYNRGLWGYGYTF,0.028385343897803957,TCRBV19-01,TCRBJ01-02
b46b64de0de5fa37274448cb45757598,CASSYAGYYGYTF,0.028347859690441374,TCRBV06-05,TCRBJ01-02
b46b64de0de5fa37274448cb45757598,CASTWYF,0.028301467449167034,TCRBV02-01,TCRBJ01-02
b46b64de0de5fa37274448cb45757598,CFF,0.02830002010929199,TCRBV27-01,TCRBJ01-02
b46b64de0de5fa37274448cb45757598,YTF,0.028244634335945453,TCRBV27-01,TCRBJ01-02
b46b64de0de5fa37274448cb45757598,CASSYTTGYYGYTF,0.028195871257740666,TCRBV06-05,TCRBJ01-02
b46b64de0de5fa37274448cb45757598,CASSYYPGGYTF,0.028059825376053595,TCRBV06-05,TCRBJ01-02
b46b64de0de5fa37274448cb45757598,CASSLIPVGYGYTF,0.028054063319268067,TCRBV04-01,TCRBJ01-02
b46b64de0de5fa37274448cb45757598,CASRGGTFYWGGYGYTF,0.027979749004764114,TCRBV28-01,TCRBJ01-02
b46b64de0de5fa37274448cb45757598,TQYF,0.027884071147928093,TCRBV09-01,TCRBJ02-05
b46b64de0de5fa37274448cb45757598,CSAVWGAPYYGYTF,0.027875121696683106,TCRBV20-X,TCRBJ01-02
b46b64de0de5fa37274448cb45757598,TIYF,0.02787485196412951,TCRBV20-01,TCRBJ01-03
b46b64de0de5fa37274448cb45757598,RYRAFRPQHF,0.027859654128393585,TCRBV28-01,TCRBJ01-05
b46b64de0de5fa37274448cb45757598,CASTWPQGPYYGYTF,0.027858441813192955,TCRBV07-09,TCRBJ01-02
b46b64de0de5fa37274448cb45757598,CASNFPPRQHQPQHF,0.027844451433860103,TCRBV10-01,TCRBJ01-05
b46b64de0de5fa37274448cb45757598,CASSYGGPNYYGYTF,0.027812856604432886,TCRBV06-02/06-03,TCRBJ01-02
b46b64de0de5fa37274448cb45757598,CAISAAADKVPWWAFF,0.027736608769066442,TCRBV10-03,TCRBJ01-01
b46b64de0de5fa37274448cb45757598,CASSYSYSSNYGYTF,0.02771690753609716,TCRBV06-02/06-03,TCRBJ01-02
b46b64de0de5fa37274448cb45757598,CASSYYQGHNYGYTF,0.027700480160686495,TCRBV06-05,TCRBJ01-02
b46b64de0de5fa37274448cb45757598,CASSWGGPNYGYTF,0.02768014933928057,TCRBV07-02,TCRBJ01-02
b46b64de0de5fa37274448cb45757598,KKGGYTF,0.02763078289263667,TCRBV28-01,TCRBJ01-02
b46b64de0de5fa37274448cb45757598,CASSYSAYYGYTF,0.02760993528127876,TCRBV28-01,TCRBJ01-02
b46b64de0de5fa37274448cb45757598,CASHAPYGYTF,0.02760655736854887,TCRBV28-01,TCRBJ01-02
b46b64de0de5fa37274448cb45757598,CASSYSTWGPSYGYTF,0.02759893733793053,TCRBV06-05,TCRBJ01-02
b46b64de0de5fa37274448cb45757598,CASSYSYNYGYTF,0.02754397791138111,TCRBV06-02/06-03,TCRBJ01-02
b46b64de0de5fa37274448cb45757598,CSANWGWYGYTF,0.02753511058155436,TCRBV20-X,TCRBJ01-02
b46b64de0de5fa37274448cb45757598,CASSYWGGRHIYGYTF,0.0274945175469751,TCRBV06-05,TCRBJ01-02
b46b64de0de5fa37274448cb45757598,CASSYYRDKKYYGYTF,0.02748908977930018,TCRBV06-02/06-03,TCRBJ01-02
b46b64de0de5fa37274448cb45757598,CASSPPGHPPHTF,0.027481477360892997,TCRBV14-01,TCRBJ01-02
b46b64de0de5fa37274448cb45757598,CAWIDPGIF,0.027371598578659114,TCRBV30-01,TCRBJ02-01
b46b64de0de5fa37274448cb45757598,CASSYATGGWYGYTF,0.027370510042309018,TCRBV06-05,TCRBJ01-02
b46b64de0de5fa37274448cb45757598,CASSYWGGGSYGYTF,0.02727361519351812,TCRBV06-05,TCRBJ01-02
b46b64de0de5fa37274448cb45757598,CAWRPGWYGYTF,0.027249652964886035,TCRBV30-01,TCRBJ01-02
b46b64de0de5fa37274448cb45757598,CAWSYSPYGYTF,0.02718991571465451,TCRBV30-01,TCRBJ01-02
b46b64de0de5fa37274448cb45757598,CASSGWGYSYF,0.027173051393924213,TCRBV02-01,TCRBJ02-03
b46b64de0de5fa37274448cb45757598,CSVWWGGNYGYTF,0.027160559443929748,TCRBV29-01,TCRBJ01-02
b46b64de0de5fa37274448cb45757598,CASWGPYGYTF,0.02715922078941709,TCRBV09-01,TCRBJ01-02
b46b64de0de5fa37274448cb45757598,CASAGGGFPYYGYTF,0.02715602717628883,TCRBV06-05,TCRBJ01-02
b46b64de0de5fa37274448cb45757598,RRWDPNYYGYTF,0.027151745976862318,TCRBV07-09,TCRBJ01-02
b46b64de0de5fa37274448cb45757598,CASFYYGYTF,0.02713297722467796,TCRBV02-01,TCRBJ01-02
b46b64de0de5fa37274448cb45757598,CASSYWGDYGYTF,0.027113026152349153,TCRBV06-05,TCRBJ01-02
b46b64de0de5fa37274448cb45757598,CASSYRYTGTYGYTF,0.0270657762090745,TCRBV06-05,TCRBJ01-02
b46b64de0de5fa37274448cb45757598,CASNDDWWGYTF,0.027040018730983714,TCRBV19-01,TCRBJ01-02
b46b64de0de5fa37274448cb45757598,CASSYYGGPSGNTIYF,0.02701625917048184,TCRBV06-05,TCRBJ01-03
b46b64de0de5fa37274448cb45757598,CASSYRYNYGYTF,0.02697628153032486,TCRBV06-05,TCRBJ01-02
b46b64de0de5fa37274448cb45757598,CAWSAWGGAFF,0.02695052558126395,TCRBV30-01,TCRBJ01-01
b5d4d6bd7d71525638c1baa54c0ddf88,CASIPLWGNTEAFF,0.03519901871041638,TCRBV06-05,TCRBJ01-01
b5d4d6bd7d71525638c1baa54c0ddf88,CASSLFPWGYGYTF,0.03367934484647083,TCRBV05-04,TCRBJ01-02
b5d4d6bd7d71525638c1baa54c0ddf88,CASSFWEDVKKLFF,0.033303553888515997,TCRBV07-06,TCRBJ01-04
b5d4d6bd7d71525638c1baa54c0ddf88,CASSYYYYTGPSDNYGYTF,0.032439501538446436,TCRBV06-02/06-03,TCRBJ01-02
b5d4d6bd7d71525638c1baa54c0ddf88,CASSWGPYYGYTF,0.03174805871223524,TCRBV19-01,TCRBJ01-02
b5d4d6bd7d71525638c1baa54c0ddf88,CASSYSTGWWYGYTF,0.03159382034728606,TCRBV06-05,TCRBJ01-02
b5d4d6bd7d71525638c1baa54c0ddf88,CSAYYNYGYTF,0.03158887500219415,TCRBV20-01,TCRBJ01-02
b5d4d6bd7d71525638c1baa54c0ddf88,CASSYYNSYGYTF,0.0311959204659617,TCRBV06-05,TCRBJ01-02
b5d4d6bd7d71525638c1baa54c0ddf88,CASSFYGYYGYTF,0.031082187482657057,TCRBV07-02,TCRBJ01-02
b5d4d6bd7d71525638c1baa54c0ddf88,CASSSYYYGYTF,0.03062205796938844,TCRBV07-02,TCRBJ01-02
b5d4d6bd7d71525638c1baa54c0ddf88,CASWGTGGYNYGYTF,0.030616014532812708,TCRBV02-01,TCRBJ01-02
b5d4d6bd7d71525638c1baa54c0ddf88,CASSYWGYGYTF,0.03049478893232989,TCRBV06-05,TCRBJ01-02
b5d4d6bd7d71525638c1baa54c0ddf88,CASGGPYPYGYTF,0.030414209772164753,TCRBV06-X,TCRBJ01-02
b5d4d6bd7d71525638c1baa54c0ddf88,CASSYSYYGYTF,0.030263355563056,TCRBV06-05,TCRBJ01-02
b5d4d6bd7d71525638c1baa54c0ddf88,CASSYSGYYGYTF,0.029976799522669757,TCRBV06-02/06-03,TCRBJ01-02
b5d4d6bd7d71525638c1baa54c0ddf88,CGGWGFYGYTF,0.02967080945645106,TCRBV27-01,TCRBJ01-02
b5d4d6bd7d71525638c1baa54c0ddf88,CAWMYF,0.02929335838043941,TCRBV30-01,TCRBJ02-03
b5d4d6bd7d71525638c1baa54c0ddf88,CSAF,0.029042802983653613,TCRBV20-01,TCRBJ01-02
b5d4d6bd7d71525638c1baa54c0ddf88,CASSYAWGGAYGYTF,0.02873980103513349,TCRBV06-02/06-03,TCRBJ01-02
b5d4d6bd7d71525638c1baa54c0ddf88,CASSYPLVGHGYTF,0.028731152235232527,TCRBV06-02/06-03,TCRBJ01-02
b5d4d6bd7d71525638c1baa54c0ddf88,FPEYF,0.028586848872928165,TCRBV05-01,TCRBJ02-05
b5d4d6bd7d71525638c1baa54c0ddf88,CASSWGTGGFGGGNTIYF,0.02847255953282352,TCRBV06-X,TCRBJ01-03
b5d4d6bd7d71525638c1baa54c0ddf88,CASSHPGWGNYGYTF,0.028247844268969324,TCRBV04-02,TCRBJ01-02
b5d4d6bd7d71525638c1baa54c0ddf88,CASSYSWGGGYGYTF,0.02822548680626582,TCRBV06-05,TCRBJ01-02
b5d4d6bd7d71525638c1baa54c0ddf88,CASTYWTGGGYGYTF,0.02798922728346158,TCRBV12-X,TCRBJ01-02
b5d4d6bd7d71525638c1baa54c0ddf88,CASMGGAWWGYTF,0.027970186335086453,TCRBV12-03/12-04,TCRBJ01-02
b5d4d6bd7d71525638c1baa54c0ddf88,TQYF,0.027884071147928093,TCRBV20-01,TCRBJ02-05
b5d4d6bd7d71525638c1baa54c0ddf88,CASSYSWGVYNYGYTF,0.02769753932646065,TCRBV06-05,TCRBJ01-02
b5d4d6bd7d71525638c1baa54c0ddf88,CASSWGGPNYGYTF,0.02768014933928057,TCRBV28-01,TCRBJ01-02
b5d4d6bd7d71525638c1baa54c0ddf88,CASSYSRGHYYQPQHF,0.027623418928389494,TCRBV06-02/06-03,TCRBJ01-05
b5d4d6bd7d71525638c1baa54c0ddf88,CASRHGWGPHYGYTF,0.027431392976216246,TCRBV27-01,TCRBJ01-02
b5d4d6bd7d71525638c1baa54c0ddf88,CASSRAYYYGYTF,0.027399032151730722,TCRBV27-01,TCRBJ01-02
b5d4d6bd7d71525638c1baa54c0ddf88,CASAYRGGWGYTF,0.02738412135860376,TCRBV05-05,TCRBJ01-02
b5d4d6bd7d71525638c1baa54c0ddf88,CASGGYNYGYTF,0.02732262755907126,TCRBV03-01/03-02,TCRBJ01-02
b5d4d6bd7d71525638c1baa54c0ddf88,CAWGAGTWVGAFF,0.027156521627019196,TCRBV30-01,TCRBJ01-01
b5d4d6bd7d71525638c1baa54c0ddf88,CASSYVRGHIYGYTF,0.027092863100985774,TCRBV06-05,TCRBJ01-02
b5d4d6bd7d71525638c1baa54c0ddf88,CASSPQGGQGAPGANVLTF,0.027090030534900444,TCRBV09-01,TCRBJ02-06
b5d4d6bd7d71525638c1baa54c0ddf88,CASSSYRGNNYGYTF,0.02702931203238803,TCRBV27-01,TCRBJ01-02
b5d4d6bd7d71525638c1baa54c0ddf88,CAIYYGYTF,0.027001397438899292,TCRBV02-01,TCRBJ01-02
b5d4d6bd7d71525638c1baa54c0ddf88,CASSFWGQGAYYGYTF,0.026967657582802614,TCRBV07-02,TCRBJ01-02
b5d4d6bd7d71525638c1baa54c0ddf88,CASSYYAGNYGYTF,0.026932432541545728,TCRBV06-05,TCRBJ01-02
b5d4d6bd7d71525638c1baa54c0ddf88,CSAFHGYYGYTF,0.02688225770083259,TCRBV20-X,TCRBJ01-02
b5d4d6bd7d71525638c1baa54c0ddf88,CASSHPGGYTNYGYTF,0.02684285123171774,TCRBV23-01,TCRBJ01-02
b5d4d6bd7d71525638c1baa54c0ddf88,CASSYYHRATARAFF,0.02673944345219482,TCRBV06-05,TCRBJ01-01
b5d4d6bd7d71525638c1baa54c0ddf88,CASSLLGGILGNTIYF,0.026737819416965406,TCRBV04-03,TCRBJ01-03
b5d4d6bd7d71525638c1baa54c0ddf88,CASSVFPDWGYTF,0.026736784861926793,TCRBV09-01,TCRBJ01-02
b5d4d6bd7d71525638c1baa54c0ddf88,CASSYKGGGWYGYTF,0.02671284277040404,TCRBV06-05,TCRBJ01-02
b5d4d6bd7d71525638c1baa54c0ddf88,CSAPGGWHNYGYTF,0.02656686356546553,TCRBV20-X,TCRBJ01-02
b5d4d6bd7d71525638c1baa54c0ddf88,CASSYRGTYYGYTF,0.02652533795427719,TCRBV06-02/06-03,TCRBJ01-02
b5d4d6bd7d71525638c1baa54c0ddf88,CASWGSWDYGYTF,0.026497911215978213,TCRBV19-01,TCRBJ01-02
b5d4d6bd7d71525638c1baa54c0ddf88,CASSYSNWGYGYTF,0.026493580288100286,TCRBV06-05,TCRBJ01-02
b5d4d6bd7d71525638c1baa54c0ddf88,CASSWYRGNYGYTF,0.02641982674808595,TCRBV06-02/06-03,TCRBJ01-02
b5d4d6bd7d71525638c1baa54c0ddf88,CASSGGSWGTNYGYTF,0.02636379777109035,TCRBV05-06,TCRBJ01-02
b5d4d6bd7d71525638c1baa54c0ddf88,CAWSKWGAAEAFF,0.02633278454694718,TCRBV30-01,TCRBJ01-01
b5d4d6bd7d71525638c1baa54c0ddf88,CAWSASWWTEAFF,0.02631554554323685,TCRBV30-01,TCRBJ01-01
b5d4d6bd7d71525638c1baa54c0ddf88,GFQPQHF,0.026294009177579843,TCRBV21-01,TCRBJ01-05
b5d4d6bd7d71525638c1baa54c0ddf88,CASSKKEGDTVRGQVTNTEAFF,0.02627050471792239,TCRBV21-01,TCRBJ01-01
b5d4d6bd7d71525638c1baa54c0ddf88,CSAHYTGGYGYTF,0.02624412033871721,TCRBV20-X,TCRBJ01-02
b5d4d6bd7d71525638c1baa54c0ddf88,CASSSWGAWDNYGYTF,0.0262366697828887,TCRBV19-01,TCRBJ01-02
b5d4d6bd7d71525638c1baa54c0ddf88,CASSGGWGGYGYTF,0.026218055440243495,TCRBV06-02/06-03,TCRBJ01-02
b5d4d6bd7d71525638c1baa54c0ddf88,CASRGWGAYYQPQHF,0.026198906503805602,TCRBV06-05,TCRBJ01-05
b5d4d6bd7d71525638c1baa54c0ddf88,CSAPPARAHQPQHF,0.026196449221442264,TCRBV20-X,TCRBJ01-05
b5d4d6bd7d71525638c1baa54c0ddf88,CASSYWAGNYGYTF,0.026181720874264007,TCRBV06-02/06-03,TCRBJ01-02
b5d4d6bd7d71525638c1baa54c0ddf88,WGGGGANYGYTF,0.0261501055092712,TCRBV19-01,TCRBJ01-02
b5d4d6bd7d71525638c1baa54c0ddf88,CASYYAGYTF,0.02614313769523477,TCRBV02-01,TCRBJ01-02
b5d4d6bd7d71525638c1baa54c0ddf88,CASSYHRDYYGYTF,0.026072658287333163,TCRBV06-02/06-03,TCRBJ01-02
b5d4d6bd7d71525638c1baa54c0ddf88,CASSYTYYGYTF,0.02607103431534652,TCRBV06-02/06-03,TCRBJ01-02
b5d4d6bd7d71525638c1baa54c0ddf88,CASSYFPHRNYYGYTF,0.02605925930204293,TCRBV06-02/06-03,TCRBJ01-02
b5d4d6bd7d71525638c1baa54c0ddf88,CASSYRPYGYTF,0.026047692088384148,TCRBV12-03/12-04,TCRBJ01-02
b5d4d6bd7d71525638c1baa54c0ddf88,CASSYWGGYTF,0.026047131096727245,TCRBV06-05,TCRBJ01-02
b5d4d6bd7d71525638c1baa54c0ddf88,CASSWGGGSPWGYTF,0.02598068775818278,TCRBV07-02,TCRBJ01-02
b5d4d6bd7d71525638c1baa54c0ddf88,CASSPWGGVPYGYTF,0.025955218076273455,TCRBV05-05,TCRBJ01-02
b5d4d6bd7d71525638c1baa54c0ddf88,CASCPGGGGANVLTF,0.02594896217183117,TCRBV06-05,TCRBJ02-06
b5d4d6bd7d71525638c1baa54c0ddf88,CASCPSGANVLTF,0.02589965495378313,TCRBV02-01,TCRBJ02-06
b5d4d6bd7d71525638c1baa54c0ddf88,CASSFGGYYGYTF,0.02587800815390079,TCRBV11-02,TCRBJ01-02
b5d4d6bd7d71525638c1baa54c0ddf88,CGAWFPEAFF,0.025877335027207383,TCRBV29-01,TCRBJ01-01
b5d4d6bd7d71525638c1baa54c0ddf88,CAIHGGAHYGYTF,0.025874590108890004,TCRBV28-01,TCRBJ01-02
b5d4d6bd7d71525638c1baa54c0ddf88,CASSLATAIKAFF,0.025860272151967716,TCRBV07-09,TCRBJ01-01
b5d4d6bd7d71525638c1baa54c0ddf88,CASSSYGTGPFWGAFF,0.025835014892734695,TCRBV07-09,TCRBJ01-01
b5d4d6bd7d71525638c1baa54c0ddf88,CAIRVDSYYYGYTF,0.02583237334126635,TCRBV10-03,TCRBJ01-02
b5d4d6bd7d71525638c1baa54c0ddf88,EGHGYTF,0.025828847182372446,TCRBV27-01,TCRBJ01-02
b5d4d6bd7d71525638c1baa54c0ddf88,CASSYGGGYTYKAFF,0.025777585641265935,TCRBV06-05,TCRBJ01-01
b5d4d6bd7d71525638c1baa54c0ddf88,CASSYYGYNYEQYF,0.025713579667176367,TCRBV06-02/06-03,TCRBJ02-07
b5d4d6bd7d71525638c1baa54c0ddf88,CASSYGGNYYGYTF,0.025704203791555157,TCRBV27-01,TCRBJ01-02
b5d4d6bd7d71525638c1baa54c0ddf88,CASSHGTGGWSNYGYTF,0.025701882731431553,TCRBV04-01,TCRBJ01-02
b5d4d6bd7d71525638c1baa54c0ddf88,CASSYGGVNYNYGYTF,0.025643851017696364,TCRBV06-05,TCRBJ01-02
b5d4d6bd7d71525638c1baa54c0ddf88,CASSSSGDWWAQYF,0.025573283095706955,TCRBV07-03,TCRBJ02-05
b5d4d6bd7d71525638c1baa54c0ddf88,CASSYWIGWHTEAFF,0.0255384831867904,TCRBV06-07,TCRBJ01-01
b5d4d6bd7d71525638c1baa54c0ddf88,CASSPGGGWNYGYTF,0.025520699555736708,TCRBV12-X,TCRBJ01-02
b5d4d6bd7d71525638c1baa54c0ddf88,CASMYNYGYTF,0.025507591614051858,TCRBV06-05,TCRBJ01-02
b5d4d6bd7d71525638c1baa54c0ddf88,CSKYGAFF,0.025498436988417257,TCRBV20-01,TCRBJ01-01
b5d4d6bd7d71525638c1baa54c0ddf88,CAWGPGYTF,0.02549218168714927,TCRBV30-01,TCRBJ01-02
b5d4d6bd7d71525638c1baa54c0ddf88,CSVGYTYGYTF,0.02544631520967096,TCRBV29-01,TCRBJ01-02
b5d4d6bd7d71525638c1baa54c0ddf88,CASSYRWGGGYTQYF,0.02544490216164367,TCRBV06-05,TCRBJ02-03
b5d4d6bd7d71525638c1baa54c0ddf88,CASHRGHVYGYTF,0.02543321345109128,TCRBV19-01,TCRBJ01-02
b5d4d6bd7d71525638c1baa54c0ddf88,CASSYGGYYGYTF,0.025402721840629465,TCRBV12-03/12-04,TCRBJ01-02
b5d4d6bd7d71525638c1baa54c0ddf88,CASSYSFYSPNYGYTF,0.025401618072221993,TCRBV06-05,TCRBJ01-02
b5d4d6bd7d71525638c1baa54c0ddf88,CASSWGTGGSYGYTF,0.025398953283813416,TCRBV05-08,TCRBJ01-02
b5d4d6bd7d71525638c1baa54c0ddf88,CASGPPGPRHQPQHF,0.025387621384030615,TCRBV03-01/03-02,TCRBJ01-05
b62bf12cac789714f60a6afccf5a0525,CASSYTYTGSTYYGYTF,0.03549729773154262,TCRBV06-X,TCRBJ01-02
b62bf12cac789714f60a6afccf5a0525,CASSYYYGYTF,0.03404899211087026,TCRBV06-02/06-03,TCRBJ01-02
b62bf12cac789714f60a6afccf5a0525,CASSYWGNPSYGYTF,0.033554770352307875,TCRBV06-02/06-03,TCRBJ01-02
b62bf12cac789714f60a6afccf5a0525,GLHHQPQHF,0.03350340839453359,TCRBV19-01,TCRBJ01-05
b62bf12cac789714f60a6afccf5a0525,CASWYYGYTF,0.030574709163202696,TCRBV12-03/12-04,TCRBJ01-02
b62bf12cac789714f60a6afccf5a0525,CASSYVHYYGYTF,0.030439305581984634,TCRBV06-06,TCRBJ01-02
b62bf12cac789714f60a6afccf5a0525,CSATPYYYGYTF,0.03015785515837763,TCRBV20-X,TCRBJ01-02
b62bf12cac789714f60a6afccf5a0525,CAWSYGYYGYTF,0.02967491794317777,TCRBV30-01,TCRBJ01-02
b62bf12cac789714f60a6afccf5a0525,CASSYRGYYGYTF,0.02933977931009988,TCRBV06-02/06-03,TCRBJ01-02
b62bf12cac789714f60a6afccf5a0525,CASSQKKTTSWFEKLFF,0.029210923965912145,TCRBV05-08,TCRBJ01-04
b62bf12cac789714f60a6afccf5a0525,CASSGGNWGAFF,0.02829578176740138,TCRBV02-01,TCRBJ01-01
b62bf12cac789714f60a6afccf5a0525,CSANPWGYGYTF,0.028123803600995513,TCRBV20-X,TCRBJ01-02
b62bf12cac789714f60a6afccf5a0525,CSAPYYGYTF,0.028122870104421004,TCRBV20-01,TCRBJ01-02
b62bf12cac789714f60a6afccf5a0525,CAWSGYYGYTF,0.027864457079023366,TCRBV30-01,TCRBJ01-02
b62bf12cac789714f60a6afccf5a0525,RRRYGYTF,0.027720794965925444,TCRBV02-01,TCRBJ01-02
b62bf12cac789714f60a6afccf5a0525,CASSPWSNNPYGYTF,0.02769850084314015,TCRBV11-02,TCRBJ01-02
b62bf12cac789714f60a6afccf5a0525,CSYYGYTF,0.027499723190128954,TCRBV20-01,TCRBJ01-02
b62bf12cac789714f60a6afccf5a0525,CASTVGGWYNYGYTF,0.027413064072881126,TCRBV28-01,TCRBJ01-02
b62bf12cac789714f60a6afccf5a0525,CASSYFGGPNYGYTF,0.027377346621192115,TCRBV06-05,TCRBJ01-02
b62bf12cac789714f60a6afccf5a0525,WLRGGPQHF,0.027304092260582394,TCRBV24-01,TCRBJ01-05
b62bf12cac789714f60a6afccf5a0525,CAGPHRYYGYTF,0.02716417413149601,TCRBV27-01,TCRBJ01-02
b62bf12cac789714f60a6afccf5a0525,CASSYYTYGYTF,0.027062670179134427,TCRBV06-02/06-03,TCRBJ01-02
b62bf12cac789714f60a6afccf5a0525,CASSYSAGFNYGYTF,0.02701933024935242,TCRBV06-05,TCRBJ01-02
b62bf12cac789714f60a6afccf5a0525,CATLMKAFF,0.026907547558889224,TCRBV07-03,TCRBJ01-01
b62bf12cac789714f60a6afccf5a0525,CASSWGTGWYGYTF,0.02689953004901453,TCRBV11-01,TCRBJ01-02
b62bf12cac789714f60a6afccf5a0525,CAWRSLGRAIGELFF,0.02679442866717564,TCRBV30-01,TCRBJ02-02
b62bf12cac789714f60a6afccf5a0525,CSAHKPAFF,0.026674587763785257,TCRBV20-01,TCRBJ01-01
b62bf12cac789714f60a6afccf5a0525,CASSDWGPNNNWNTEAFF,0.026630746048071696,TCRBV25-01,TCRBJ01-01
b62bf12cac789714f60a6afccf5a0525,CASSLYGYYGYTF,0.02655315436048047,TCRBV07-02,TCRBJ01-02
b62bf12cac789714f60a6afccf5a0525,CSAHYYGYTF,0.026539082465232636,TCRBV20-01,TCRBJ01-02
b62bf12cac789714f60a6afccf5a0525,CAPPPLHF,0.02653544553078776,TCRBV10-03,TCRBJ01-06
b62bf12cac789714f60a6afccf5a0525,CAWSEGYLYGYTF,0.026524054378505735,TCRBV30-01,TCRBJ01-02
b62bf12cac789714f60a6afccf5a0525,CASSHWSYYGYTF,0.02644434198181092,TCRBV03-01/03-02,TCRBJ01-02
b62bf12cac789714f60a6afccf5a0525,CAATMLKRVLEKLFF,0.026406362985739066,TCRBV27-01,TCRBJ01-04
b62bf12cac789714f60a6afccf5a0525,CASSYVGAYYGYTF,0.02638270875769172,TCRBV06-05,TCRBJ01-02
b62bf12cac789714f60a6afccf5a0525,CASSYRGNNYGYTF,0.026308203512075357,TCRBV06-05,TCRBJ01-02
b62bf12cac789714f60a6afccf5a0525,YAPRRSNYGYTF,0.026296800441421665,TCRBV20-X,TCRBJ01-02
b62bf12cac789714f60a6afccf5a0525,CASSCKTGGCTEAFF,0.026286073430191376,TCRBV05-08,TCRBJ01-01
b62bf12cac789714f60a6afccf5a0525,CRNCFQPQHF,0.02624388119446641,TCRBV20-01,TCRBJ01-05
b62bf12cac789714f60a6afccf5a0525,WSGVNYGYTF,0.026230428557321366,TCRBV05-01,TCRBJ01-02
b62bf12cac789714f60a6afccf5a0525,CASSYSGRYYGYTF,0.02621876610521112,TCRBV06-02/06-03,TCRBJ01-02
b62bf12cac789714f60a6afccf5a0525,CASSYWSSYGYTF,0.026212731375481992,TCRBV06-05,TCRBJ01-02
b62bf12cac789714f60a6afccf5a0525,CASSLWGGPNYGYTF,0.026184195050226705,TCRBV03-01/03-02,TCRBJ01-02
b62bf12cac789714f60a6afccf5a0525,CASGYYGYTF,0.0261636334773338,TCRBV19-01,TCRBJ01-02
b62bf12cac789714f60a6afccf5a0525,CAWIGPKAFF,0.026136095832017113,TCRBV30-01,TCRBJ01-01
b62bf12cac789714f60a6afccf5a0525,CASSHSGPYYGYTF,0.026095479975923395,TCRBV04-03,TCRBJ01-02
b62bf12cac789714f60a6afccf5a0525,CAWKIKGGGYGYTF,0.026077671578578154,TCRBV30-01,TCRBJ01-02
b62bf12cac789714f60a6afccf5a0525,CASSFGNNRWFGTGYTF,0.026070129292598623,TCRBV28-01,TCRBJ01-02
b62bf12cac789714f60a6afccf5a0525,CAWQPQGWYGYTF,0.02604825611610935,TCRBV30-01,TCRBJ01-02
b62bf12cac789714f60a6afccf5a0525,CASSGWGGLYYGYTF,0.026037969393525928,TCRBV25-01,TCRBJ01-02
b62bf12cac789714f60a6afccf5a0525,CASSFGTGGWNGYTF,0.026032065839258725,TCRBV05-04,TCRBJ01-02
b62bf12cac789714f60a6afccf5a0525,CASSIGEGIGELFF,0.026021788360873908,TCRBV19-01,TCRBJ02-02
b62bf12cac789714f60a6afccf5a0525,CASTPQAQPPQPQHF,0.025950901164426176,TCRBV07-02,TCRBJ01-05
b62bf12cac789714f60a6afccf5a0525,CAWNTGGMNTGELFF,0.025917647476854017,TCRBV30-01,TCRBJ02-02
b62bf12cac789714f60a6afccf5a0525,CASSFGGYYGYTF,0.025877987118433626,TCRBV07-X,TCRBJ01-02
b62bf12cac789714f60a6afccf5a0525,CASSFRYHYGYTF,0.025875973800757943,TCRBV07-09,TCRBJ01-02
b62bf12cac789714f60a6afccf5a0525,CATHHPPEAFF,0.02587594375239529,TCRBV28-01,TCRBJ01-01
b62bf12cac789714f60a6afccf5a0525,CAWSKAWGGYTF,0.02587107937036593,TCRBV30-01,TCRBJ01-02
b62bf12cac789714f60a6afccf5a0525,CAWNSVEWHF,0.025755925995954606,TCRBV30-01,TCRBJ02-04
b62bf12cac789714f60a6afccf5a0525,CASSWGGYGYTF,0.025745645516943964,TCRBV28-01,TCRBJ01-02
b62bf12cac789714f60a6afccf5a0525,CSASFGGTGGSNYGYTF,0.025692272281816513,TCRBV20-01,TCRBJ01-02
b62bf12cac789714f60a6afccf5a0525,CSAYTGPYGYTF,0.025648261192927846,TCRBV20-X,TCRBJ01-02
b62bf12cac789714f60a6afccf5a0525,CAWRAAWGGVYGYTF,0.02559869113074789,TCRBV30-01,TCRBJ01-02
b62bf12cac789714f60a6afccf5a0525,CASSYGGGFGYTF,0.025565190913305072,TCRBV06-06,TCRBJ01-02
b62bf12cac789714f60a6afccf5a0525,CASSFGWDPYGYTF,0.02555612006074921,TCRBV12-X,TCRBJ01-02
b62bf12cac789714f60a6afccf5a0525,CASSSGRNWWGQYF,0.025369976915132108,TCRBV07-02,TCRBJ02-03
b62bf12cac789714f60a6afccf5a0525,WGGRVRSYGYTF,0.025347564097319496,TCRBV06-07,TCRBJ01-02
b62bf12cac789714f60a6afccf5a0525,CASGAWPGYGYTF,0.025345969389012266,TCRBV27-01,TCRBJ01-02
b62bf12cac789714f60a6afccf5a0525,CAWGKWNTEAFF,0.025327774842797524,TCRBV30-01,TCRBJ01-01
b62bf12cac789714f60a6afccf5a0525,CAWSPEAFF,0.02532234293913098,TCRBV30-01,TCRBJ01-01
b62bf12cac789714f60a6afccf5a0525,CSARYGGYYTF,0.02531952444611553,TCRBV20-01,TCRBJ01-02
b62bf12cac789714f60a6afccf5a0525,CASSPFGGPTNYGYTF,0.025311359014362073,TCRBV06-06,TCRBJ01-02
b62bf12cac789714f60a6afccf5a0525,CASSNWGGTNYGYTF,0.025242958281371384,TCRBV03-01/03-02,TCRBJ01-02
b62bf12cac789714f60a6afccf5a0525,CASSYNSNSYGYTF,0.025237944402725723,TCRBV05-01,TCRBJ01-02
b62bf12cac789714f60a6afccf5a0525,CASTYGPGTGGWSYGYTF,0.02522786532227761,TCRBV28-01,TCRBJ01-02
b62bf12cac789714f60a6afccf5a0525,CAWGVTEAFF,0.025165950875676225,TCRBV30-01,TCRBJ01-01
b62bf12cac789714f60a6afccf5a0525,CASSWSGGSNYGYTF,0.025133872774082966,TCRBV27-01,TCRBJ01-02
b62bf12cac789714f60a6afccf5a0525,CAPWDGWTQYF,0.02512224589029846,TCRBV06-05,TCRBJ02-05
b62bf12cac789714f60a6afccf5a0525,CAWRPRPQHF,0.02505286097047753,TCRBV30-01,TCRBJ01-05
b62bf12cac789714f60a6afccf5a0525,CASSYPPQGAHQPQHF,0.025040243249272957,TCRBV06-02/06-03,TCRBJ01-05
b62bf12cac789714f60a6afccf5a0525,CASPWS,0.02501446234424446,TCRBV10-01,TCRBJ02-04
b62bf12cac789714f60a6afccf5a0525,CATAPGPEWAFF,0.025002639363367357,TCRBV24-01,TCRBJ01-01
b62bf12cac789714f60a6afccf5a0525,CASSYSGAYNYGYTF,0.024985718799994353,TCRBV06-05,TCRBJ01-02
b62bf12cac789714f60a6afccf5a0525,CAWKIYYGYTF,0.024983038447407853,TCRBV30-01,TCRBJ01-02
b62bf12cac789714f60a6afccf5a0525,CARSLWKGAAPYGYTF,0.024962190344842487,TCRBV05-03,TCRBJ01-02
b62bf12cac789714f60a6afccf5a0525,CAWHIAGGHIDTQYF,0.024935121124087755,TCRBV30-01,TCRBJ02-03
b62bf12cac789714f60a6afccf5a0525,CASSSTGGGNSGYGYTF,0.02493034504212773,TCRBV12-X,TCRBJ01-02
b62bf12cac789714f60a6afccf5a0525,CASSYSGRYNYGYTF,0.02488775913101129,TCRBV06-05,TCRBJ01-02
b62bf12cac789714f60a6afccf5a0525,CASSYHVMYF,0.024886037845816684,TCRBV06-02/06-03,TCRBJ02-03
b62bf12cac789714f60a6afccf5a0525,CASSYPGYGYTF,0.024833350400432355,TCRBV07-02,TCRBJ01-02
b62bf12cac789714f60a6afccf5a0525,CASSFWGAGYGYTF,0.0247982920919651,TCRBV27-01,TCRBJ01-02
b62bf12cac789714f60a6afccf5a0525,CAWRHVYGYTF,0.024797232656209277,TCRBV30-01,TCRBJ01-02
b62bf12cac789714f60a6afccf5a0525,CAWSVEGFWGYTF,0.024758067406587016,TCRBV30-01,TCRBJ01-02
b62bf12cac789714f60a6afccf5a0525,CAWIKQKWGMGYYTF,0.024753912890168643,TCRBV30-01,TCRBJ01-02
b62bf12cac789714f60a6afccf5a0525,CASSYGGQGAYHFYGYTF,0.02474276366870893,TCRBV06-X,TCRBJ01-02
b62bf12cac789714f60a6afccf5a0525,CASTPPWGVFGYGYTF,0.024737103176977717,TCRBV19-01,TCRBJ01-02
b62bf12cac789714f60a6afccf5a0525,CASSYSYGATYGYTF,0.0247136060824332,TCRBV06-02/06-03,TCRBJ01-02
b62bf12cac789714f60a6afccf5a0525,CASSPYNNYGYTF,0.024713320192398316,TCRBV06-05,TCRBJ01-02
b62bf12cac789714f60a6afccf5a0525,CASSYSGNSNYGYTF,0.024700633656513565,TCRBV06-02/06-03,TCRBJ01-02
bf4226ec7e3a867fb933290565cd7e67,CATSDKGSGGEKWTFPFGHGYTF,0.06932770087331994,TCRBV24-01,TCRBJ01-02
bf4226ec7e3a867fb933290565cd7e67,CASSPRGQPLIGYGYTF,0.043098385318618586,TCRBV18-01,TCRBJ01-02
bf4226ec7e3a867fb933290565cd7e67,CAWNNNRNRNAFF,0.041979442097245634,TCRBV30-01,TCRBJ01-01
bf4226ec7e3a867fb933290565cd7e67,CAYWHHHYNSPLHF,0.037600573270700884,TCRBV10-01,TCRBJ01-06
bf4226ec7e3a867fb933290565cd7e67,CASWGGYYGYTF,0.03405061533985395,TCRBV19-01,TCRBJ01-02
bf4226ec7e3a867fb933290565cd7e67,CAWKPWGWGYTF,0.033745213927310815,TCRBV30-01,TCRBJ01-02
bf4226ec7e3a867fb933290565cd7e67,CAWYAGYGYTF,0.03342844897169083,TCRBV30-01,TCRBJ01-02
bf4226ec7e3a867fb933290565cd7e67,CAWNWGGYGYTF,0.03341618133236839,TCRBV30-01,TCRBJ01-02
bf4226ec7e3a867fb933290565cd7e67,CATTWGGYYGYTF,0.032772103464771475,TCRBV06-05,TCRBJ01-02
bf4226ec7e3a867fb933290565cd7e67,CASNVGGYYNYGYTF,0.03177654245679223,TCRBV19-01,TCRBJ01-02
bf4226ec7e3a867fb933290565cd7e67,CASSYNNNYGYTF,0.03174707480663641,TCRBV06-02/06-03,TCRBJ01-02
bf4226ec7e3a867fb933290565cd7e67,CASMWGGWGYTF,0.031259649000539576,TCRBV12-03/12-04,TCRBJ01-02
bf4226ec7e3a867fb933290565cd7e67,CASSYWGRPYGYTF,0.03102314491244017,TCRBV06-05,TCRBJ01-02
bf4226ec7e3a867fb933290565cd7e67,CASSYGGWANYGYTF,0.030935447485542857,TCRBV06-05,TCRBJ01-02
bf4226ec7e3a867fb933290565cd7e67,CASSSSGYNYYGYTF,0.03086701286683572,TCRBV19-01,TCRBJ01-02
bf4226ec7e3a867fb933290565cd7e67,CAWLWGPWGGYTF,0.030750932086922367,TCRBV30-01,TCRBJ01-02
bf4226ec7e3a867fb933290565cd7e67,CASSYYHTYGYTF,0.030611339446321217,TCRBV06-05,TCRBJ01-02
bf4226ec7e3a867fb933290565cd7e67,CAYIYPGVGGYTF,0.029858847084797895,TCRBV30-01,TCRBJ01-02
bf4226ec7e3a867fb933290565cd7e67,CASIYRGWGYGYTF,0.02967548946810387,TCRBV28-01,TCRBJ01-02
bf4226ec7e3a867fb933290565cd7e67,CASSYSWGGGYTF,0.02950326897260344,TCRBV06-05,TCRBJ01-02
bf4226ec7e3a867fb933290565cd7e67,CASSYTGYYGYTF,0.029406522969498614,TCRBV28-01,TCRBJ01-02
bf4226ec7e3a867fb933290565cd7e67,CASSYRGYYGYTF,0.02933977931009988,TCRBV05-06,TCRBJ01-02
bf4226ec7e3a867fb933290565cd7e67,CAWIWGYGYTF,0.029218475247595938,TCRBV30-01,TCRBJ01-02
bf4226ec7e3a867fb933290565cd7e67,CAWGGPYGYTF,0.029148108982168335,TCRBV30-01,TCRBJ01-02
bf4226ec7e3a867fb933290565cd7e67,CASTWGGNPYGYTF,0.029138926185060345,TCRBV06-05,TCRBJ01-02
bf4226ec7e3a867fb933290565cd7e67,CASWRVRR,0.029125845758153412,TCRBV21-01,TCRBJ01-01
bf4226ec7e3a867fb933290565cd7e67,CASSYQGWGTWGCANYGYTF,0.02906902333485087,TCRBV06-07,TCRBJ01-02
bf4226ec7e3a867fb933290565cd7e67,WSGYTF,0.028989449556755476,TCRBV05-05,TCRBJ01-02
bf4226ec7e3a867fb933290565cd7e67,CASSLWGYTPYGYTF,0.02894675453428652,TCRBV13-01,TCRBJ01-02
bf4226ec7e3a867fb933290565cd7e67,CASSPWGWEWGYTF,0.02894432862849093,TCRBV14-01,TCRBJ01-02
bf4226ec7e3a867fb933290565cd7e67,CASSYGAYYGYTF,0.028941866066774062,TCRBV12-03/12-04,TCRBJ01-02
bf4226ec7e3a867fb933290565cd7e67,CASSFLCHHHNQPQHF,0.028656796113118093,TCRBV07-04,TCRBJ01-05
bf4226ec7e3a867fb933290565cd7e67,CASSWGGGGFNYGYTF,0.028528172642001515,TCRBV05-04,TCRBJ01-02
bf4226ec7e3a867fb933290565cd7e67,CASSAIGWGAGANYGYTF,0.028482971752756617,TCRBV09-01,TCRBJ01-02
bf4226ec7e3a867fb933290565cd7e67,CASSFWGGANYGYTF,0.028397134489256834,TCRBV28-01,TCRBJ01-02
bf4226ec7e3a867fb933290565cd7e67,CARYYGYTF,0.028275197047402206,TCRBV24-01,TCRBJ01-02
bf4226ec7e3a867fb933290565cd7e67,CASRPDRGLIARLTEKLFF,0.028230342818474804,TCRBV28-01,TCRBJ01-04
bf4226ec7e3a867fb933290565cd7e67,CASSTYFYRGYGYTF,0.02819771685360006,TCRBV05-04,TCRBJ01-02
bf4226ec7e3a867fb933290565cd7e67,CAWSGYYQSYGYTF,0.02819141944465494,TCRBV30-01,TCRBJ01-02
bf4226ec7e3a867fb933290565cd7e67,CAWGPYGYTF,0.028157754106324245,TCRBV30-01,TCRBJ01-02
bf4226ec7e3a867fb933290565cd7e67,CSAPYYGYTF,0.02812285381329941,TCRBV20-01,TCRBJ01-02
bf4226ec7e3a867fb933290565cd7e67,CASSFWTGVTEAFF,0.028111953849523946,TCRBV19-01,TCRBJ01-01
bf4226ec7e3a867fb933290565cd7e67,CAWTDGWRHGYTF,0.028109626818630395,TCRBV30-01,TCRBJ01-02
bf4226ec7e3a867fb933290565cd7e67,CAWIWVNGYTF,0.02802930524970797,TCRBV30-01,TCRBJ01-02
bf4226ec7e3a867fb933290565cd7e67,CAWSGGYYGYTF,0.027991781406963925,TCRBV30-01,TCRBJ01-02
bf4226ec7e3a867fb933290565cd7e67,CASSYWSGGGYGYTF,0.027977082483605805,TCRBV06-05,TCRBJ01-02
bf4226ec7e3a867fb933290565cd7e67,CASSVWTGGFNGGYGYTF,0.02795455577789978,TCRBV07-02,TCRBJ01-02
bf4226ec7e3a867fb933290565cd7e67,CASSYYGTPYF,0.02786337533594316,TCRBV06-05,TCRBJ01-02
bf4226ec7e3a867fb933290565cd7e67,CAWYRPGGTDTQYF,0.027849714979045627,TCRBV30-01,TCRBJ02-03
bf4226ec7e3a867fb933290565cd7e67,CASSYRHHYGYTF,0.02780563079720733,TCRBV06-02/06-03,TCRBJ01-02
bf4226ec7e3a867fb933290565cd7e67,CASSLWGWVTEAFF,0.027792867620811484,TCRBV05-06,TCRBJ01-01
bf4226ec7e3a867fb933290565cd7e67,CAWNPGHWNTEAFF,0.02776645725325965,TCRBV30-01,TCRBJ01-01
bf4226ec7e3a867fb933290565cd7e67,CASSGGYTPNYGYTF,0.027731562055454524,TCRBV19-01,TCRBJ01-02
bf4226ec7e3a867fb933290565cd7e67,CASSYGVYYGYTF,0.02769956352534068,TCRBV06-05,TCRBJ01-02
bf4226ec7e3a867fb933290565cd7e67,CASSYSGGPYSGNTIYF,0.027671759020727785,TCRBV06-X,TCRBJ01-03
bf4226ec7e3a867fb933290565cd7e67,CAWTGGWGYGYTF,0.027661827283018563,TCRBV30-01,TCRBJ01-02
bf4226ec7e3a867fb933290565cd7e67,CASSYRNTGYYGYTF,0.02763783160323303,TCRBV06-02/06-03,TCRBJ01-02
bf4226ec7e3a867fb933290565cd7e67,CAWHRGHTIYF,0.02761680115415119,TCRBV30-01,TCRBJ01-03
bf4226ec7e3a867fb933290565cd7e67,CASSYSPWGANYGYTF,0.027597600083813418,TCRBV06-05,TCRBJ01-02
bf4226ec7e3a867fb933290565cd7e67,CASSYHPYGYTF,0.027582785730178517,TCRBV12-03/12-04,TCRBJ01-02
bf4226ec7e3a867fb933290565cd7e67,CASSTYNWGNYGYTF,0.027572750775677324,TCRBV28-01,TCRBJ01-02
bf4226ec7e3a867fb933290565cd7e67,CASSGGYAYYGYTF,0.027474529511919085,TCRBV27-01,TCRBJ01-02
bf4226ec7e3a867fb933290565cd7e67,CAWSAYGGNYGYTF,0.02745768782722697,TCRBV30-01,TCRBJ01-02
bf4226ec7e3a867fb933290565cd7e67,CASCGGGTPTNNQPQHF,0.027416182166295638,TCRBV28-01,TCRBJ01-05
bf4226ec7e3a867fb933290565cd7e67,CAWSVWGAEAFF,0.027405043161644937,TCRBV30-01,TCRBJ01-01
bf4226ec7e3a867fb933290565cd7e67,CASSYDWGPYGYTF,0.027375326261624627,TCRBV06-02/06-03,TCRBJ01-02
bf4226ec7e3a867fb933290565cd7e67,CASHTGGWGGGYTF,0.02733488451143831,TCRBV18-01,TCRBJ01-02
bf4226ec7e3a867fb933290565cd7e67,CSAYYGVSYGYTF,0.027333852858282517,TCRBV20-X,TCRBJ01-02
bf4226ec7e3a867fb933290565cd7e67,KIYGYTF,0.0273170696451946,TCRBV30-01,TCRBJ01-02
bf4226ec7e3a867fb933290565cd7e67,CAWGYGYTF,0.027279656399137236,TCRBV30-01,TCRBJ01-02
bf4226ec7e3a867fb933290565cd7e67,CASSYKGWGGYTF,0.027241443183486064,TCRBV06-05,TCRBJ01-02
bf4226ec7e3a867fb933290565cd7e67,CASSYASGGWYGYTF,0.027241318404515026,TCRBV06-05,TCRBJ01-02
bf4226ec7e3a867fb933290565cd7e67,CAGGWYDYGYTF,0.02722895698447514,TCRBV30-01,TCRBJ01-02
bf4226ec7e3a867fb933290565cd7e67,CASNNGWGPLSGAFF,0.027219951489758403,TCRBV19-01,TCRBJ01-01
bf4226ec7e3a867fb933290565cd7e67,CAWTWGAAEAFF,0.027200026572913732,TCRBV30-01,TCRBJ01-01
bf4226ec7e3a867fb933290565cd7e67,WGAEKLFF,0.027198086745733988,TCRBV24-01,TCRBJ01-04
bf4226ec7e3a867fb933290565cd7e67,CASFWGPWGYTF,0.02718256981633683,TCRBV06-05,TCRBJ01-02
bf4226ec7e3a867fb933290565cd7e67,CAAHRARYTF,0.02717064708669087,TCRBV30-01,TCRBJ01-02
bf4226ec7e3a867fb933290565cd7e67,CASSRTGGYTFTYGGYGYTF,0.027162307665802868,TCRBV28-01,TCRBJ01-02
bf4226ec7e3a867fb933290565cd7e67,CASSFWGPNYGYTF,0.02711685168909154,TCRBV07-02,TCRBJ01-02
bf4226ec7e3a867fb933290565cd7e67,CASSYFYSAGPWGYTF,0.02706857491483968,TCRBV06-02/06-03,TCRBJ01-02
bf4226ec7e3a867fb933290565cd7e67,CASSEWWAFF,0.02706619529068196,TCRBV06-01,TCRBJ01-01
bf4226ec7e3a867fb933290565cd7e67,CAWWDGGTIEAFF,0.027020880019519078,TCRBV30-01,TCRBJ01-01
bf4226ec7e3a867fb933290565cd7e67,CATSDFYYGGYHYEQYF,0.02693169525738984,TCRBV24-01,TCRBJ02-07
bf4226ec7e3a867fb933290565cd7e67,CSAYMGYGYTF,0.026911717956867125,TCRBV29-01,TCRBJ01-02
bf4226ec7e3a867fb933290565cd7e67,CASTFVAGNHEQYF,0.026893452146711204,TCRBV27-01,TCRBJ02-07
bf4226ec7e3a867fb933290565cd7e67,CAWGNGYYGYTF,0.026888139756302935,TCRBV30-01,TCRBJ01-02
bf4226ec7e3a867fb933290565cd7e67,CASSFGPYYGYTF,0.02687122832253004,TCRBV19-01,TCRBJ01-02
bf4226ec7e3a867fb933290565cd7e67,CASSLWGGGPNYGYTF,0.026844559325806205,TCRBV28-01,TCRBJ01-02
bf4226ec7e3a867fb933290565cd7e67,CASRSLWGWGNYGYTF,0.026808700650379012,TCRBV06-X,TCRBJ01-02
bf4226ec7e3a867fb933290565cd7e67,CASSGWGAPYGYTF,0.026753798695681057,TCRBV05-04,TCRBJ01-02
bf4226ec7e3a867fb933290565cd7e67,CASFHPGPYF,0.026730137960240815,TCRBV11-01,TCRBJ02-05
bf4226ec7e3a867fb933290565cd7e67,CATSDPPGSNNWWDQYF,0.026727374835775874,TCRBV24-01,TCRBJ02-05
bf4226ec7e3a867fb933290565cd7e67,CASNGGWGYGYTF,0.02672022797428331,TCRBV06-04,TCRBJ01-02
bf4226ec7e3a867fb933290565cd7e67,CSAAHPGTGYFPGGGYTF,0.026672503335419512,TCRBV20-X,TCRBJ01-02
bf4226ec7e3a867fb933290565cd7e67,CASSMWGFGYGYTF,0.02664814723408292,TCRBV19-01,TCRBJ01-02
bf4226ec7e3a867fb933290565cd7e67,CAWYELWGYTF,0.026596999909130434,TCRBV02-01,TCRBJ01-02
bf4226ec7e3a867fb933290565cd7e67,CAWYPLYGYTF,0.02657422338961539,TCRBV30-01,TCRBJ01-02
bf4226ec7e3a867fb933290565cd7e67,RVPLHF,0.026568907590873957,TCRBV21-01,TCRBJ01-06
bf4226ec7e3a867fb933290565cd7e67,CEKYF,0.02650517248444438,TCRBV11-03,TCRBJ02-07
c0a2249287938dc073869ede80786a20,CSAKF,0.03521829597998263,TCRBV20-01,TCRBJ01-02
c0a2249287938dc073869ede80786a20,WGNYGYTF,0.034942730221635215,TCRBV24-01,TCRBJ01-02
c0a2249287938dc073869ede80786a20,CNPF,0.0348058108542116,TCRBV29-01,TCRBJ02-07
c0a2249287938dc073869ede80786a20,CASSFWDRVTEAFF,0.0340302676436661,TCRBV07-08,TCRBJ01-01
c0a2249287938dc073869ede80786a20,CASGYIYGYTF,0.03179604750553302,TCRBV27-01,TCRBJ01-02
c0a2249287938dc073869ede80786a20,CAWGGGYAYGYTF,0.03174647018654167,TCRBV30-01,TCRBJ01-02
c0a2249287938dc073869ede80786a20,CASSPSRHHPTHRAPAFF,0.031172172152607223,TCRBV23-01,TCRBJ01-01
c0a2249287938dc073869ede80786a20,GPYF,0.030880408000786206,TCRBV20-01,TCRBJ02-07
c0a2249287938dc073869ede80786a20,CASSYWGYGYTF,0.030494760737097927,TCRBV06-05,TCRBJ01-02
c0a2249287938dc073869ede80786a20,CASGWGYYGYTF,0.03041603606771309,TCRBV14-01,TCRBJ01-02
c0a2249287938dc073869ede80786a20,CASSYSYSSYGYTF,0.03036764088407701,TCRBV06-05,TCRBJ01-02
c0a2249287938dc073869ede80786a20,CAWSWEAAAFF,0.030230141050595762,TCRBV30-01,TCRBJ01-01
c0a2249287938dc073869ede80786a20,WEEAFF,0.03020381031627694,TCRBV23-01,TCRBJ01-01
c0a2249287938dc073869ede80786a20,CASSNPWGAGNGYTF,0.029741227575316106,TCRBV07-02,TCRBJ01-02
c0a2249287938dc073869ede80786a20,CSYYRGRVYGYTF,0.02970563922535257,TCRBV20-X,TCRBJ01-02
c0a2249287938dc073869ede80786a20,CASSFWGAPYGYTF,0.02966974895920234,TCRBV05-04,TCRBJ01-02
c0a2249287938dc073869ede80786a20,CASSLGLRIGVAGGPTYEQYF,0.029650848072604274,TCRBV13-01,TCRBJ02-07
c0a2249287938dc073869ede80786a20,CASPF,0.02924800883384243,TCRBV27-01,TCRBJ02-07
c0a2249287938dc073869ede80786a20,CASSYGWGTYGYTF,0.02874299901911112,TCRBV06-05,TCRBJ01-02
c0a2249287938dc073869ede80786a20,CATSDWWGGDYGYTF,0.028655487088481518,TCRBV24-01,TCRBJ01-02
c0a2249287938dc073869ede80786a20,CASSYHAGYYGYTF,0.02853899293916676,TCRBV21-01,TCRBJ01-02
c0a2249287938dc073869ede80786a20,CASGLVEGIGELFF,0.028520401470827017,TCRBV12-05,TCRBJ02-02
c0a2249287938dc073869ede80786a20,CASNAWGAYYGYTF,0.028449215562251554,TCRBV05-06,TCRBJ01-02
c0a2249287938dc073869ede80786a20,CAWGPGFGYGYTF,0.028446199211085474,TCRBV30-01,TCRBJ01-02
c0a2249287938dc073869ede80786a20,CASSHPIVGYGYTF,0.028398451792326845,TCRBV03-01/03-02,TCRBJ01-02
c0a2249287938dc073869ede80786a20,WMNTEAFF,0.02837527690771856,TCRBV19-01,TCRBJ01-01
c0a2249287938dc073869ede80786a20,CASSYNTGWNYGYTF,0.028328020768740116,TCRBV06-05,TCRBJ01-02
c0a2249287938dc073869ede80786a20,CAWSHYYGYTF,0.028306934551030918,TCRBV30-01,TCRBJ01-02
c0a2249287938dc073869ede80786a20,HCDF,0.02824326016096809,TCRBV03-01/03-02,TCRBJ02-07
c0a2249287938dc073869ede80786a20,CAIGGYYYGYTF,0.028156421548794552,TCRBV06-05,TCRBJ01-02
c0a2249287938dc073869ede80786a20,CAWSLPGGLNTEAFF,0.028086915119494446,TCRBV30-01,TCRBJ01-01
c0a2249287938dc073869ede80786a20,WGGANVLTF,0.028086718242274978,TCRBV03-01/03-02,TCRBJ02-06
c0a2249287938dc073869ede80786a20,SYNSPLHF,0.028046885518096098,TCRBV04-01,TCRBJ01-06
c0a2249287938dc073869ede80786a20,CASSLWDRVTEAFF,0.028008751397592863,TCRBV05-06,TCRBJ01-01
c0a2249287938dc073869ede80786a20,CASSYSSGYYGYTF,0.027968488077643947,TCRBV06-05,TCRBJ01-02
c0a2249287938dc073869ede80786a20,CASSGWGIWGNYGYTF,0.0279562483544836,TCRBV12-X,TCRBJ01-02
c0a2249287938dc073869ede80786a20,CASSLVWGWWYGYTF,0.027951115861981533,TCRBV05-05,TCRBJ01-02
c0a2249287938dc073869ede80786a20,CASYGPYGYTF,0.027887344694674125,TCRBV28-01,TCRBJ01-02
c0a2249287938dc073869ede80786a20,TQYF,0.027884071147928093,TCRBV09-01,TCRBJ02-05
c0a2249287938dc073869ede80786a20,CASSYSYRGWYYEQYF,0.027664437355761975,TCRBV06-05,TCRBJ02-07
c0a2249287938dc073869ede80786a20,CASGGYYGYTF,0.027553659317887166,TCRBV06-05,TCRBJ01-02
c0a2249287938dc073869ede80786a20,CSYYGYTF,0.027499735942420844,TCRBV20-01,TCRBJ01-02
c0a2249287938dc073869ede80786a20,CAWSWEGGAFF,0.027470045058073187,TCRBV30-01,TCRBJ01-01
c0a2249287938dc073869ede80786a20,CATSDLDGILANEKLFF,0.02740103038439848,TCRBV24-01,TCRBJ01-04
c0a2249287938dc073869ede80786a20,CASWGGYGYTF,0.027387815768871913,TCRBV09-01,TCRBJ01-02
c0a2249287938dc073869ede80786a20,CASSYWSGGYGYTF,0.027307399372841174,TCRBV06-05,TCRBJ01-02
c0a2249287938dc073869ede80786a20,CAWTYRGGYGYTF,0.027253865419600277,TCRBV30-01,TCRBJ01-02
c0a2249287938dc073869ede80786a20,CASNYFAGPNYGYTF,0.027202013852395783,TCRBV19-01,TCRBJ01-02
c0a2249287938dc073869ede80786a20,CSASTGGSGYGPYYGYTF,0.027157168835307846,TCRBV20-01,TCRBJ01-02
c0a2249287938dc073869ede80786a20,CASYYGYTF,0.027137719766597606,TCRBV23-01,TCRBJ01-02
c0a2249287938dc073869ede80786a20,CAWWEGYGYTF,0.02713638063281483,TCRBV30-01,TCRBJ01-02
c0a2249287938dc073869ede80786a20,CASSYQWGGPYGYTF,0.02710789009778672,TCRBV06-05,TCRBJ01-02
c0a2249287938dc073869ede80786a20,CAWGPTGWPLYGYTF,0.027095257574398783,TCRBV30-01,TCRBJ01-02
c0a2249287938dc073869ede80786a20,CASSYGGGSSWNGNTIYF,0.02707549518864269,TCRBV06-X,TCRBJ01-03
c0a2249287938dc073869ede80786a20,CASSYGPFYGYTF,0.02707131110610803,TCRBV06-05,TCRBJ01-02
c0a2249287938dc073869ede80786a20,CASGLGQGFTEAFF,0.02702808311888357,TCRBV10-02,TCRBJ01-01
c0a2249287938dc073869ede80786a20,CASSEWGDILGAFF,0.027021976976822817,TCRBV25-01,TCRBJ01-01
c0a2249287938dc073869ede80786a20,CAWKVGRAIGELFF,0.026960279376893267,TCRBV30-01,TCRBJ02-02
c0a2249287938dc073869ede80786a20,CASPWYWGGSGNTIYF,0.026937762814979935,TCRBV25-01,TCRBJ01-03
c0a2249287938dc073869ede80786a20,CASTHAF,0.02692810283997323,TCRBV02-01,TCRBJ02-X
c0a2249287938dc073869ede80786a20,CAWRWGGYGYTF,0.026908799236588628,TCRBV30-01,TCRBJ01-02
c0a2249287938dc073869ede80786a20,CAWKGIRVKYTF,0.02690243842945329,TCRBV30-01,TCRBJ01-02
c0a2249287938dc073869ede80786a20,CASSYSGSYNYGYTF,0.0266882062125523,TCRBV06-05,TCRBJ01-02
c0a2249287938dc073869ede80786a20,CASSSWGSGPNYGYTF,0.026687421242257932,TCRBV27-01,TCRBJ01-02
c0a2249287938dc073869ede80786a20,CAWNPWGGGNQPQHF,0.0266851191018885,TCRBV30-01,TCRBJ01-05
c0a2249287938dc073869ede80786a20,CASSHNSYTAGTGYGYTF,0.02668198280453856,TCRBV03-01/03-02,TCRBJ01-02
c0a2249287938dc073869ede80786a20,CAWYRVGYTF,0.026666436647210932,TCRBV30-01,TCRBJ01-02
c0a2249287938dc073869ede80786a20,CARSVGYRWKGYGYTF,0.026638093721565167,TCRBV06-04,TCRBJ01-02
c0a2249287938dc073869ede80786a20,CASSYYRAWDYGYTF,0.026630914458466815,TCRBV12-X,TCRBJ01-02
c0a2249287938dc073869ede80786a20,CASPTGGWGNYGYTF,0.026585007709416363,TCRBV30-01,TCRBJ01-02
c0a2249287938dc073869ede80786a20,CASSDPWGPHF,0.026577578672072288,TCRBV07-06,TCRBJ02-03
c0a2249287938dc073869ede80786a20,CAWRGWYGYTF,0.02656252784001423,TCRBV30-01,TCRBJ01-02
c0a2249287938dc073869ede80786a20,CSAAWGWHGYTF,0.026561556904480418,TCRBV20-X,TCRBJ01-02
c0a2249287938dc073869ede80786a20,CAWRWMGGYTF,0.026549457012770963,TCRBV30-01,TCRBJ01-02
c0a2249287938dc073869ede80786a20,CASAPAGANVLTF,0.026533731935915156,TCRBV27-01,TCRBJ02-06
c0a2249287938dc073869ede80786a20,RAFF,0.02651741430093479,TCRBV29-01,TCRBJ01-01
c0a2249287938dc073869ede80786a20,CASSYTGGGYYTQYF,0.026452058663030326,TCRBV05-06,TCRBJ02-03
c0a2249287938dc073869ede80786a20,CASSYGYNYGYTF,0.026419871209179865,TCRBV06-05,TCRBJ01-02
c0a2249287938dc073869ede80786a20,CASSWGGHPNYGYTF,0.026405046703404458,TCRBV27-01,TCRBJ01-02
c0a2249287938dc073869ede80786a20,CAWRHYYGYTF,0.026357984483659874,TCRBV30-01,TCRBJ01-02
c0a2249287938dc073869ede80786a20,CASSYAHREPYYGYTF,0.026339509574439538,TCRBV06-05,TCRBJ01-02
c0a2249287938dc073869ede80786a20,CAYMYRGDYGYTF,0.026337398652946334,TCRBV30-01,TCRBJ01-02
c0a2249287938dc073869ede80786a20,CAWSVVGWTWGYTF,0.026327558520422033,TCRBV30-01,TCRBJ01-02
c0a2249287938dc073869ede80786a20,CAWMWTGAGYTF,0.026319909254340388,TCRBV30-01,TCRBJ01-02
c0a2249287938dc073869ede80786a20,CASSYYQGYGYTF,0.026282024823612964,TCRBV06-05,TCRBJ01-02
c0a2249287938dc073869ede80786a20,CASWGLYGGNYGYTF,0.026273805913817113,TCRBV25-01,TCRBJ01-02
c0a2249287938dc073869ede80786a20,CASSYYPQYGYTF,0.026222707820783085,TCRBV06-05,TCRBJ01-02
c0a2249287938dc073869ede80786a20,CAWSSGWNYGYTF,0.02619487096158792,TCRBV30-01,TCRBJ01-02
c0a2249287938dc073869ede80786a20,F,0.026169089102652747,TCRBV27-01,TCRBJ02-02
c0a2249287938dc073869ede80786a20,CASSPYHDYYGYTF,0.02616185061485047,TCRBV05-04,TCRBJ01-02
c0a2249287938dc073869ede80786a20,CYTF,0.026119085236686875,TCRBV29-01,TCRBJ01-02
c0a2249287938dc073869ede80786a20,CASSYNWGGGNTIYF,0.026112349800371457,TCRBV06-05,TCRBJ01-03
c0a2249287938dc073869ede80786a20,CASSYYGGYGNTIYF,0.026088237072664316,TCRBV06-05,TCRBJ01-03
c0a2249287938dc073869ede80786a20,CASSPFGGGANYGYTF,0.02608496311081121,TCRBV28-01,TCRBJ01-02
c0a2249287938dc073869ede80786a20,CASSYSNPYGYTF,0.02604590330696375,TCRBV02-01,TCRBJ01-02
c0a2249287938dc073869ede80786a20,CASSGGWPGGYGYTF,0.026020836662547044,TCRBV06-05,TCRBJ01-02
c0a2249287938dc073869ede80786a20,CASSGAPGAPGANVLTF,0.026003657537577562,TCRBV25-01,TCRBJ02-06
c9c4a4f9cebdbd354a93523aaf1ac566,FF,0.04636419028842517,TCRBV09-01,TCRBJ01-01
c9c4a4f9cebdbd354a93523aaf1ac566,CAHYYYGYTF,0.04172633296743626,TCRBV19-01,TCRBJ01-02
c9c4a4f9cebdbd354a93523aaf1ac566,CASSWGHWWGRNYGYTF,0.03603713602080274,TCRBV05-04,TCRBJ01-02
c9c4a4f9cebdbd354a93523aaf1ac566,CASSNWWNRGPFNYGYTF,0.035478295566299195,TCRBV21-01,TCRBJ01-02
c9c4a4f9cebdbd354a93523aaf1ac566,CAWWGGPNYGYTF,0.03542881030671437,TCRBV30-01,TCRBJ01-02
c9c4a4f9cebdbd354a93523aaf1ac566,GWGKYF,0.03480121568390238,TCRBV21-01,TCRBJ02-07
c9c4a4f9cebdbd354a93523aaf1ac566,CAWTGTAYYYYGYTF,0.03438959143591364,TCRBV30-01,TCRBJ01-02
c9c4a4f9cebdbd354a93523aaf1ac566,CAWGPYTYGYTF,0.032600919374791246,TCRBV30-01,TCRBJ01-02
c9c4a4f9cebdbd354a93523aaf1ac566,WVNYGYTF,0.03252918860334839,TCRBV28-01,TCRBJ01-02
c9c4a4f9cebdbd354a93523aaf1ac566,CASWYF,0.03249225147542734,TCRBV28-01,TCRBJ02-07
c9c4a4f9cebdbd354a93523aaf1ac566,CASSYSWGPYGYTF,0.032372053315479855,TCRBV06-06,TCRBJ01-02
c9c4a4f9cebdbd354a93523aaf1ac566,CSAYDSYYYGYTF,0.032089827483954725,TCRBV20-X,TCRBJ01-02
c9c4a4f9cebdbd354a93523aaf1ac566,CATSFGGGWNNYGYTF,0.032044861531162296,TCRBV15-01,TCRBJ01-02
c9c4a4f9cebdbd354a93523aaf1ac566,CAWWTGGYYGYTF,0.031990187268046436,TCRBV30-01,TCRBJ01-02
c9c4a4f9cebdbd354a93523aaf1ac566,CAWSGWGPHYGYTF,0.031407450868888596,TCRBV30-01,TCRBJ01-02
c9c4a4f9cebdbd354a93523aaf1ac566,CAWGWGNYGYTF,0.03133672848319778,TCRBV30-01,TCRBJ01-02
c9c4a4f9cebdbd354a93523aaf1ac566,WRQPQHF,0.031146189365686517,TCRBV07-09,TCRBJ01-05
c9c4a4f9cebdbd354a93523aaf1ac566,CASSPYYYGYTF,0.031066219023308073,TCRBV11-02,TCRBJ01-02
c9c4a4f9cebdbd354a93523aaf1ac566,CSYHRNHF,0.030885583157016644,TCRBV29-01,TCRBJ02-07
c9c4a4f9cebdbd354a93523aaf1ac566,CSGTGPYYNYGYTF,0.03075288811224604,TCRBV29-01,TCRBJ01-02
c9c4a4f9cebdbd354a93523aaf1ac566,CAWAGAWGGNYGYTF,0.030630911141422603,TCRBV30-01,TCRBJ01-02
c9c4a4f9cebdbd354a93523aaf1ac566,CASSSYYYGYTF,0.03062205796938844,TCRBV05-06,TCRBJ01-02
c9c4a4f9cebdbd354a93523aaf1ac566,CASSYSGYYGYTF,0.029976809921842984,TCRBV06-06,TCRBJ01-02
c9c4a4f9cebdbd354a93523aaf1ac566,CASSYYRGYYQPQHF,0.029879410670578487,TCRBV19-01,TCRBJ01-05
c9c4a4f9cebdbd354a93523aaf1ac566,WRLKGWWRETQYF,0.029838164357882464,TCRBV07-03,TCRBJ02-05
c9c4a4f9cebdbd354a93523aaf1ac566,CAWIPWGQGTPYYGYTF,0.029724326425092606,TCRBV30-01,TCRBJ01-02
c9c4a4f9cebdbd354a93523aaf1ac566,CAWTYGGFYGYTF,0.029646998307195506,TCRBV30-01,TCRBJ01-02
c9c4a4f9cebdbd354a93523aaf1ac566,CASSGWGSNTYYGYTF,0.029427121560675108,TCRBV06-04,TCRBJ01-02
c9c4a4f9cebdbd354a93523aaf1ac566,CASSYSTWGPNYGYTF,0.029348624463703402,TCRBV06-05,TCRBJ01-02
c9c4a4f9cebdbd354a93523aaf1ac566,CASSMPWVGNTIYF,0.0292429001265095,TCRBV19-01,TCRBJ01-03
c9c4a4f9cebdbd354a93523aaf1ac566,CASSYRGWYGYTF,0.029206962286571516,TCRBV06-05,TCRBJ01-02
c9c4a4f9cebdbd354a93523aaf1ac566,CAWKDWKGYTF,0.02916786361179356,TCRBV30-01,TCRBJ01-02
c9c4a4f9cebdbd354a93523aaf1ac566,CAWIWGIGYTF,0.02914035780841454,TCRBV30-01,TCRBJ01-02
c9c4a4f9cebdbd354a93523aaf1ac566,CASSSSWGGPYGYTF,0.02910502560008134,TCRBV03-01/03-02,TCRBJ01-02
c9c4a4f9cebdbd354a93523aaf1ac566,CAWWGFAYGYTF,0.029018792156482225,TCRBV30-01,TCRBJ01-02
c9c4a4f9cebdbd354a93523aaf1ac566,WTHGGYTF,0.02894808819635851,TCRBV07-09,TCRBJ01-02
c9c4a4f9cebdbd354a93523aaf1ac566,CASSYWYGYTF,0.028941108911787153,TCRBV06-05,TCRBJ01-02
c9c4a4f9cebdbd354a93523aaf1ac566,CASSYGGWNYGYTF,0.02888902196697161,TCRBV06-05,TCRBJ01-02
c9c4a4f9cebdbd354a93523aaf1ac566,CASSYSGHPYHGYTF,0.028861562468957856,TCRBV06-05,TCRBJ01-02
c9c4a4f9cebdbd354a93523aaf1ac566,CASIPLGWVWGYGYTF,0.028804213202282786,TCRBV06-04,TCRBJ01-02
c9c4a4f9cebdbd354a93523aaf1ac566,CASSYYGANYGYTF,0.028714468970997668,TCRBV06-09,TCRBJ01-02
c9c4a4f9cebdbd354a93523aaf1ac566,CASSFWGGRNNYGYTF,0.028688201884892295,TCRBV28-01,TCRBJ01-02
c9c4a4f9cebdbd354a93523aaf1ac566,RGRPPQHF,0.028622482028669387,TCRBV30-01,TCRBJ01-05
c9c4a4f9cebdbd354a93523aaf1ac566,CASINVRGYYYGYTF,0.028573004727856552,TCRBV05-06,TCRBJ01-02
c9c4a4f9cebdbd354a93523aaf1ac566,CASSPPHRHQPQHF,0.028558816519748807,TCRBV28-01,TCRBJ01-05
c9c4a4f9cebdbd354a93523aaf1ac566,CASSYSSWGAWGYTF,0.02851159882874225,TCRBV06-05,TCRBJ01-02
c9c4a4f9cebdbd354a93523aaf1ac566,CASWPGYYGYTF,0.02850748324780058,TCRBV19-01,TCRBJ01-02
c9c4a4f9cebdbd354a93523aaf1ac566,CSVYGGRYYGYTF,0.02848940661694991,TCRBV29-01,TCRBJ01-02
c9c4a4f9cebdbd354a93523aaf1ac566,CAWSVLPYYYGYTF,0.028369072438182878,TCRBV30-01,TCRBJ01-02
c9c4a4f9cebdbd354a93523aaf1ac566,CSYWDYGYTF,0.02829791725087844,TCRBV20-01,TCRBJ01-02
c9c4a4f9cebdbd354a93523aaf1ac566,CASSPGGWGYYGYTF,0.028288797878946073,TCRBV18-01,TCRBJ01-02
c9c4a4f9cebdbd354a93523aaf1ac566,CASSWGQGYYYGYTF,0.028260805397833034,TCRBV28-01,TCRBJ01-02
c9c4a4f9cebdbd354a93523aaf1ac566,CASSYPAYYGYTF,0.028013285556605264,TCRBV14-01,TCRBJ01-02
c9c4a4f9cebdbd354a93523aaf1ac566,CASSYSSGYYGYTF,0.02796849780020686,TCRBV06-05,TCRBJ01-02
c9c4a4f9cebdbd354a93523aaf1ac566,CASSYWTGGYGYTF,0.02793292871769135,TCRBV06-02/06-03,TCRBJ01-02
c9c4a4f9cebdbd354a93523aaf1ac566,CAWSGGGYNYGYTF,0.027896273712108607,TCRBV30-01,TCRBJ01-02
c9c4a4f9cebdbd354a93523aaf1ac566,CACIPGPPYF,0.027888286756803004,TCRBV30-01,TCRBJ01-03
c9c4a4f9cebdbd354a93523aaf1ac566,CAWSLPGGLSYEQYF,0.027843733459224886,TCRBV30-01,TCRBJ02-07
c9c4a4f9cebdbd354a93523aaf1ac566,WAEAFF,0.027833338556601712,TCRBV19-01,TCRBJ01-01
c9c4a4f9cebdbd354a93523aaf1ac566,CASSWGYYGYTF,0.02781816915485255,TCRBV12-03/12-04,TCRBJ01-02
c9c4a4f9cebdbd354a93523aaf1ac566,CASTPYFGPNYGYTF,0.027746339872117862,TCRBV28-01,TCRBJ01-02
c9c4a4f9cebdbd354a93523aaf1ac566,CAWVGGYNYGYTF,0.02773695274953823,TCRBV30-01,TCRBJ01-02
c9c4a4f9cebdbd354a93523aaf1ac566,CASGWRGYNYGYTF,0.027669842634392865,TCRBV03-01/03-02,TCRBJ01-02
c9c4a4f9cebdbd354a93523aaf1ac566,CPGPYYGYTF,0.02766857420189218,TCRBV06-05,TCRBJ01-02
c9c4a4f9cebdbd354a93523aaf1ac566,CVRYYTF,0.02764501985135082,TCRBV19-01,TCRBJ01-02
c9c4a4f9cebdbd354a93523aaf1ac566,CSASYGYYGYTF,0.02754240537421127,TCRBV20-X,TCRBJ01-02
c9c4a4f9cebdbd354a93523aaf1ac566,CASSGWWGGGYTF,0.027516790897467672,TCRBV12-03/12-04,TCRBJ01-02
c9c4a4f9cebdbd354a93523aaf1ac566,WGFTFPPQHF,0.027492133408033158,TCRBV19-01,TCRBJ01-05
c9c4a4f9cebdbd354a93523aaf1ac566,CAWIRMYGYTF,0.027487067779788012,TCRBV30-01,TCRBJ01-02
c9c4a4f9cebdbd354a93523aaf1ac566,CASTTIGQGFIFYYNYGYTF,0.027465070949324894,TCRBV07-09,TCRBJ01-02
c9c4a4f9cebdbd354a93523aaf1ac566,CAWSVWGAEAFF,0.027405043161644937,TCRBV30-01,TCRBJ01-01
c9c4a4f9cebdbd354a93523aaf1ac566,CSVAQGGGWYNYGYTF,0.027391885419898374,TCRBV29-01,TCRBJ01-02
c9c4a4f9cebdbd354a93523aaf1ac566,CASSYPSSSYYGYTF,0.02734538385291079,TCRBV06-02/06-03,TCRBJ01-02
c9c4a4f9cebdbd354a93523aaf1ac566,CASSFWEGGWYGYTF,0.0273374107159594,TCRBV12-X,TCRBJ01-02
c9c4a4f9cebdbd354a93523aaf1ac566,CASSGGGFFNYGYTF,0.02732957610085171,TCRBV03-01/03-02,TCRBJ01-02
c9c4a4f9cebdbd354a93523aaf1ac566,CASSYYRDRAYYGYTF,0.027303530296000533,TCRBV12-X,TCRBJ01-02
c9c4a4f9cebdbd354a93523aaf1ac566,CASSYWHRGPYGYTF,0.027211682560722428,TCRBV05-05,TCRBJ01-02
c9c4a4f9cebdbd354a93523aaf1ac566,YFRGKRNTIYF,0.027183523413035843,TCRBV06-05,TCRBJ01-03
c9c4a4f9cebdbd354a93523aaf1ac566,CASSRGYYNYGYTF,0.027168466688052614,TCRBV06-02/06-03,TCRBJ01-02
c9c4a4f9cebdbd354a93523aaf1ac566,CASIDIAAFF,0.027052524242210177,TCRBV21-01,TCRBJ01-01
c9c4a4f9cebdbd354a93523aaf1ac566,CATWWTGEGYTF,0.027025634858750047,TCRBV02-01,TCRBJ01-02
c9c4a4f9cebdbd354a93523aaf1ac566,CSARPGWYFNYGYTF,0.026986980326530782,TCRBV20-X,TCRBJ01-02
c9c4a4f9cebdbd354a93523aaf1ac566,CASSWGPGGGYGYTF,0.026984286852169866,TCRBV05-06,TCRBJ01-02
c9c4a4f9cebdbd354a93523aaf1ac566,CAWYGTAYGYTF,0.026982106910050332,TCRBV30-01,TCRBJ01-02
c9c4a4f9cebdbd354a93523aaf1ac566,CSARGDWWGNYGYTF,0.02696622182215537,TCRBV20-X,TCRBJ01-02
c9c4a4f9cebdbd354a93523aaf1ac566,CAWEGPWDPEAFF,0.026928488612032547,TCRBV30-01,TCRBJ01-01
c9c4a4f9cebdbd354a93523aaf1ac566,CAWVWKGAEGYTF,0.026927578073652855,TCRBV30-01,TCRBJ01-02
c9c4a4f9cebdbd354a93523aaf1ac566,CASSFPHHYGYTF,0.026889031842173287,TCRBV28-01,TCRBJ01-02
c9c4a4f9cebdbd354a93523aaf1ac566,CASSYYRGGYTF,0.026837565684918154,TCRBV05-06,TCRBJ01-02
c9c4a4f9cebdbd354a93523aaf1ac566,CASSYWGARAYGYTF,0.026819106131188552,TCRBV06-05,TCRBJ01-02
c9c4a4f9cebdbd354a93523aaf1ac566,YWAEAFF,0.026758635114452523,TCRBV07-02,TCRBJ01-01
c9c4a4f9cebdbd354a93523aaf1ac566,CASTGPAPYYGYTF,0.026730778387326064,TCRBV05-01,TCRBJ01-02
c9c4a4f9cebdbd354a93523aaf1ac566,CASSFPWGANYGYTF,0.026678620893819463,TCRBV13-01,TCRBJ01-02
c9c4a4f9cebdbd354a93523aaf1ac566,CASSYEPYYGYTF,0.026594506307980232,TCRBV06-05,TCRBJ01-02
c9c4a4f9cebdbd354a93523aaf1ac566,CASSWWVAEAFF,0.026511400386769628,TCRBV12-03/12-04,TCRBJ01-01
c9c4a4f9cebdbd354a93523aaf1ac566,CASRGGWGANYGYTF,0.026501098739098426,TCRBV28-01,TCRBJ01-02
c9c4a4f9cebdbd354a93523aaf1ac566,CATSRWGYNYGYTF,0.026481167855593155,TCRBV15-01,TCRBJ01-02
c9c4a4f9cebdbd354a93523aaf1ac566,CASSPYRYYGYTF,0.02646294677525788,TCRBV03-01/03-02,TCRBJ01-02
c9c4a4f9cebdbd354a93523aaf1ac566,CAWSYGEWEYYGYTF,0.026451352590823134,TCRBV30-01,TCRBJ01-02
ca7495c72b6d9e0a83e05bbfddbaf513,FF,0.04636412703904203,TCRBV10-01,TCRBJ02-01
ca7495c72b6d9e0a83e05bbfddbaf513,YF,0.043498104297022874,TCRBV03-01/03-02,TCRBJ02-03
ca7495c72b6d9e0a83e05bbfddbaf513,CASSYYWGPTGGTPNYGYTF,0.03738179606532259,TCRBV06-X,TCRBJ01-02
ca7495c72b6d9e0a83e05bbfddbaf513,CAWGGYYGYTF,0.03568364833260477,TCRBV30-01,TCRBJ01-02
ca7495c72b6d9e0a83e05bbfddbaf513,CASSYWGGPANYGYTF,0.03545768051369827,TCRBV06-02/06-03,TCRBJ01-02
ca7495c72b6d9e0a83e05bbfddbaf513,CASSYYYGYTF,0.03404899211087026,TCRBV28-01,TCRBJ01-02
ca7495c72b6d9e0a83e05bbfddbaf513,CASSIWGWGNYGYTF,0.033802163910821595,TCRBV19-01,TCRBJ01-02
ca7495c72b6d9e0a83e05bbfddbaf513,RASSSHHTGYYGYTF,0.03265749097329608,TCRBV07-03,TCRBJ01-02
ca7495c72b6d9e0a83e05bbfddbaf513,CASSPWGHHHRPQHF,0.03240078478039688,TCRBV19-01,TCRBJ01-05
ca7495c72b6d9e0a83e05bbfddbaf513,CASSYAGWNNYGYTF,0.03171570057817487,TCRBV06-05,TCRBJ01-02
ca7495c72b6d9e0a83e05bbfddbaf513,CAWSYIWGYTF,0.03171009622659445,TCRBV30-01,TCRBJ01-02
ca7495c72b6d9e0a83e05bbfddbaf513,CSAYYNYGYTF,0.03158888411902923,TCRBV29-01,TCRBJ01-02
ca7495c72b6d9e0a83e05bbfddbaf513,CASSFSWGNPYGYTF,0.03138206826578021,TCRBV11-02,TCRBJ01-02
ca7495c72b6d9e0a83e05bbfddbaf513,CAWSDTGGVWWAFF,0.03132870892314955,TCRBV30-01,TCRBJ01-01
ca7495c72b6d9e0a83e05bbfddbaf513,CASSYTYGWNYGYTF,0.031223542587664948,TCRBV06-05,TCRBJ01-02
ca7495c72b6d9e0a83e05bbfddbaf513,CSYYGSNYGYTF,0.030900601391935963,TCRBV20-X,TCRBJ01-02
ca7495c72b6d9e0a83e05bbfddbaf513,CAGGGLNYYYGYTF,0.030587111894082746,TCRBV07-09,TCRBJ01-02
ca7495c72b6d9e0a83e05bbfddbaf513,CAWSAWEKLRAFF,0.030578465338729925,TCRBV30-01,TCRBJ01-01
ca7495c72b6d9e0a83e05bbfddbaf513,CASSWWGNYGYTF,0.03056572513020275,TCRBV05-04,TCRBJ01-02
ca7495c72b6d9e0a83e05bbfddbaf513,CASSYYYPSNYGYTF,0.030475276822921348,TCRBV06-05,TCRBJ01-02
ca7495c72b6d9e0a83e05bbfddbaf513,CASSYSYYGYTF,0.030263376554019988,TCRBV06-02/06-03,TCRBJ01-02
ca7495c72b6d9e0a83e05bbfddbaf513,CASSYWGGGYTF,0.030049377154389635,TCRBV06-05,TCRBJ01-02
ca7495c72b6d9e0a83e05bbfddbaf513,CASTFGWGPYGYTF,0.03004036207767135,TCRBV05-04,TCRBJ01-02
ca7495c72b6d9e0a83e05bbfddbaf513,CASSWFGYNYGYTF,0.029911930014222918,TCRBV12-X,TCRBJ01-02
ca7495c72b6d9e0a83e05bbfddbaf513,CASSYFPGGRWDTEAFF,0.029868239414281725,TCRBV06-X,TCRBJ01-01
ca7495c72b6d9e0a83e05bbfddbaf513,CASSPFYPHHQPQHF,0.029821235681312355,TCRBV28-01,TCRBJ01-05
ca7495c72b6d9e0a83e05bbfddbaf513,CAWGQYYYGYTF,0.02975205855983593,TCRBV28-01,TCRBJ01-02
ca7495c72b6d9e0a83e05bbfddbaf513,CAPRHF,0.029617158066205025,TCRBV07-07,TCRBJ01-05
ca7495c72b6d9e0a83e05bbfddbaf513,CASSQYWGGPNYGYTF,0.02960958053301672,TCRBV04-01,TCRBJ01-02
ca7495c72b6d9e0a83e05bbfddbaf513,CASSYYRFYGYTF,0.02957767584338694,TCRBV06-05,TCRBJ01-02
ca7495c72b6d9e0a83e05bbfddbaf513,CAWSPNFGFGYTF,0.029388090722796634,TCRBV30-01,TCRBJ01-02
ca7495c72b6d9e0a83e05bbfddbaf513,CASSYNGYTNYGYTF,0.029377119692097588,TCRBV19-01,TCRBJ01-02
ca7495c72b6d9e0a83e05bbfddbaf513,CASRYTGYYGYTF,0.029253291054027925,TCRBV28-01,TCRBJ01-02
ca7495c72b6d9e0a83e05bbfddbaf513,CASSFWGGSNYGYTF,0.029236076893582798,TCRBV12-X,TCRBJ01-02
ca7495c72b6d9e0a83e05bbfddbaf513,CASSYSTGGWTANYGYTF,0.029227093831328706,TCRBV06-X,TCRBJ01-02
ca7495c72b6d9e0a83e05bbfddbaf513,CASSYGAYYGYTF,0.02894180576169021,TCRBV06-02/06-03,TCRBJ01-02
ca7495c72b6d9e0a83e05bbfddbaf513,CASSYWYGYTF,0.028941108911787153,TCRBV06-02/06-03,TCRBJ01-02
ca7495c72b6d9e0a83e05bbfddbaf513,CASSLWDGIGELFF,0.02892077007938178,TCRBV07-02,TCRBJ02-02
ca7495c72b6d9e0a83e05bbfddbaf513,CASSYMSSFYYGYTF,0.028842765434971013,TCRBV06-05,TCRBJ01-02
ca7495c72b6d9e0a83e05bbfddbaf513,CASSYSSWGGNYGYTF,0.028834774242400378,TCRBV06-05,TCRBJ01-02
ca7495c72b6d9e0a83e05bbfddbaf513,CASSPWGNYYGYTF,0.028781645027817767,TCRBV06-05,TCRBJ01-02
ca7495c72b6d9e0a83e05bbfddbaf513,CASSYYRGYGYTF,0.02878078530984553,TCRBV06-06,TCRBJ01-02
ca7495c72b6d9e0a83e05bbfddbaf513,CASSSYRGYYGYTF,0.02873713908498593,TCRBV12-X,TCRBJ01-02
ca7495c72b6d9e0a83e05bbfddbaf513,CASSSSYGGWGGYTF,0.028713679355566204,TCRBV05-04,TCRBJ01-02
ca7495c72b6d9e0a83e05bbfddbaf513,CAWKPGGGWYF,0.028633197785765695,TCRBV30-01,TCRBJ02-03
ca7495c72b6d9e0a83e05bbfddbaf513,WDTEAFF,0.028430544214258426,TCRBV21-01,TCRBJ01-01
ca7495c72b6d9e0a83e05bbfddbaf513,CASSRGPKGLPLCGYTF,0.028402779081654575,TCRBV21-01,TCRBJ01-02
ca7495c72b6d9e0a83e05bbfddbaf513,CASSHTFGNSGGYGYTF,0.028328234054055098,TCRBV13-01,TCRBJ01-02
ca7495c72b6d9e0a83e05bbfddbaf513,LANTIYF,0.028259112922799524,TCRBV10-01,TCRBJ01-03
ca7495c72b6d9e0a83e05bbfddbaf513,CASSYSGGTGGGTNYGYTF,0.028204345633031733,TCRBV06-X,TCRBJ01-02
ca7495c72b6d9e0a83e05bbfddbaf513,CASSFWTGVTEAFF,0.028111953849523946,TCRBV28-01,TCRBJ01-01
ca7495c72b6d9e0a83e05bbfddbaf513,CASSAPGGYYYGYTF,0.02804878176626709,TCRBV09-01,TCRBJ01-02
ca7495c72b6d9e0a83e05bbfddbaf513,GPYSPLHF,0.028007060601655854,TCRBV03-01/03-02,TCRBJ01-06
ca7495c72b6d9e0a83e05bbfddbaf513,CSAPPPGPHQPQHF,0.027970828069122624,TCRBV20-X,TCRBJ01-05
ca7495c72b6d9e0a83e05bbfddbaf513,CAAHSGGYYGYTF,0.027913282885784242,TCRBV10-01,TCRBJ01-02
ca7495c72b6d9e0a83e05bbfddbaf513,CAWTWGAAAAYTF,0.02790212877572389,TCRBV30-01,TCRBJ01-02
ca7495c72b6d9e0a83e05bbfddbaf513,TIYF,0.027874853579286957,TCRBV05-01,TCRBJ01-03
ca7495c72b6d9e0a83e05bbfddbaf513,WAEAFF,0.027833338556601712,TCRBV06-06,TCRBJ01-01
ca7495c72b6d9e0a83e05bbfddbaf513,CASTAGYYYGYTF,0.027766259340049247,TCRBV06-05,TCRBJ01-02
ca7495c72b6d9e0a83e05bbfddbaf513,CASSYAWAWGYTF,0.02774273352732339,TCRBV06-05,TCRBJ01-02
ca7495c72b6d9e0a83e05bbfddbaf513,CASIYTWGDYGYTF,0.02771122834296168,TCRBV06-05,TCRBJ01-02
ca7495c72b6d9e0a83e05bbfddbaf513,CASSYKGYYGYTF,0.02768541640464389,TCRBV06-02/06-03,TCRBJ01-02
ca7495c72b6d9e0a83e05bbfddbaf513,CASAGSGYYYGYTF,0.0276685677877121,TCRBV28-01,TCRBJ01-02
ca7495c72b6d9e0a83e05bbfddbaf513,CASSYSGSYYGYTF,0.027661724680623955,TCRBV06-05,TCRBJ01-02
ca7495c72b6d9e0a83e05bbfddbaf513,CASSHWGGAHTIYF,0.02765383181734194,TCRBV27-01,TCRBJ01-03
ca7495c72b6d9e0a83e05bbfddbaf513,CASSYSWRQGWYGYTF,0.02764047952524389,TCRBV06-05,TCRBJ01-02
ca7495c72b6d9e0a83e05bbfddbaf513,RASSPNYRANNYGYTF,0.02762904060406558,TCRBV04-03,TCRBJ01-02
ca7495c72b6d9e0a83e05bbfddbaf513,CATHEYWGYGYTF,0.02761892847088107,TCRBV19-01,TCRBJ01-02
ca7495c72b6d9e0a83e05bbfddbaf513,CASSVYVYGYTF,0.027587764563160536,TCRBV09-01,TCRBJ01-02
ca7495c72b6d9e0a83e05bbfddbaf513,CAWGPFGQFF,0.02758737281215658,TCRBV30-01,TCRBJ02-01
ca7495c72b6d9e0a83e05bbfddbaf513,CASSYGSYYGYTF,0.02755420552244958,TCRBV11-01,TCRBJ01-02
ca7495c72b6d9e0a83e05bbfddbaf513,CASSYSYNYGYTF,0.02754396673568227,TCRBV06-02/06-03,TCRBJ01-02
ca7495c72b6d9e0a83e05bbfddbaf513,CASSYYQGHYGYTF,0.027508992433833004,TCRBV06-05,TCRBJ01-02
ca7495c72b6d9e0a83e05bbfddbaf513,CASSWGFYYGYTF,0.02748413143739386,TCRBV06-05,TCRBJ01-02
ca7495c72b6d9e0a83e05bbfddbaf513,KQPQHF,0.02745918562681337,TCRBV20-01,TCRBJ01-05
ca7495c72b6d9e0a83e05bbfddbaf513,CASNNPWGYGYTF,0.02744671222308723,TCRBV12-03/12-04,TCRBJ01-02
ca7495c72b6d9e0a83e05bbfddbaf513,CASSPPHGPYHQPQHF,0.027385645422756226,TCRBV09-01,TCRBJ01-05
ca7495c72b6d9e0a83e05bbfddbaf513,CASSWGGGTNYGYTF,0.027354166428921897,TCRBV06-05,TCRBJ01-02
ca7495c72b6d9e0a83e05bbfddbaf513,CASSYYGIYGYTF,0.027341442970391358,TCRBV06-05,TCRBJ01-02
ca7495c72b6d9e0a83e05bbfddbaf513,CASTMGYTGYYGYTF,0.027334158705425247,TCRBV19-01,TCRBJ01-02
ca7495c72b6d9e0a83e05bbfddbaf513,CASFGGYYGYTF,0.02732198760648125,TCRBV10-02,TCRBJ01-02
ca7495c72b6d9e0a83e05bbfddbaf513,CASSYYRGNYGYTF,0.027306094845495205,TCRBV06-05,TCRBJ01-02
ca7495c72b6d9e0a83e05bbfddbaf513,CASSPLWWF,0.027253231772881636,TCRBV12-03/12-04,TCRBJ02-07
ca7495c72b6d9e0a83e05bbfddbaf513,CASGLADVIITEAFF,0.02717489494124207,TCRBV12-05,TCRBJ01-01
ca7495c72b6d9e0a83e05bbfddbaf513,CASSYWGDYGYTF,0.027113026152349153,TCRBV11-02,TCRBJ01-02
ca7495c72b6d9e0a83e05bbfddbaf513,CASTPWAGGFFNYGYTF,0.02703851493494654,TCRBV02-01,TCRBJ01-02
ca7495c72b6d9e0a83e05bbfddbaf513,FLDYGYTF,0.027026322920319975,TCRBV28-01,TCRBJ01-02
ca7495c72b6d9e0a83e05bbfddbaf513,CASCNGGSWYF,0.027022674350762107,TCRBV19-01,TCRBJ02-03
ca7495c72b6d9e0a83e05bbfddbaf513,CASYEGYYGYTF,0.02702007770101992,TCRBV19-01,TCRBJ01-02
ca7495c72b6d9e0a83e05bbfddbaf513,CASGFWGAGYGYTF,0.02700379814771358,TCRBV12-05,TCRBJ01-02
ca7495c72b6d9e0a83e05bbfddbaf513,CSAHRPVGPYYGYTF,0.02699871822355331,TCRBV20-X,TCRBJ01-02
ca7495c72b6d9e0a83e05bbfddbaf513,CASSYARYYGYTF,0.026980567125919733,TCRBV12-03/12-04,TCRBJ01-02
ca7495c72b6d9e0a83e05bbfddbaf513,CASSYIGAWAYGYTF,0.026910333477375745,TCRBV06-02/06-03,TCRBJ01-02
ca7495c72b6d9e0a83e05bbfddbaf513,CSAPNWGGSNYGYTF,0.026904621475930767,TCRBV20-X,TCRBJ01-02
ca7495c72b6d9e0a83e05bbfddbaf513,CASSYYVGSYGYTF,0.026901909468418993,TCRBV06-05,TCRBJ01-02
ca7495c72b6d9e0a83e05bbfddbaf513,CSDWGKPYF,0.02689109997010764,TCRBV20-01,TCRBJ02-07
ca7495c72b6d9e0a83e05bbfddbaf513,CASSYYGPYSNQPQHF,0.02688826296225397,TCRBV06-05,TCRBJ01-05
ca7495c72b6d9e0a83e05bbfddbaf513,CSGWGNYGYTF,0.02686074553030813,TCRBV29-01,TCRBJ01-02
ca7495c72b6d9e0a83e05bbfddbaf513,CASHPGGAYYGYTF,0.0268380202488663,TCRBV06-05,TCRBJ01-02
ca7495c72b6d9e0a83e05bbfddbaf513,CASWDAYYGYTF,0.0268263891923226,TCRBV12-03/12-04,TCRBJ01-02
d1d186dc8295f9ed083e2cd68754c4a8,CASSYYFWHSYYRYGYTF,0.04606460655646206,TCRBV06-07,TCRBJ01-02
d1d186dc8295f9ed083e2cd68754c4a8,WYGYTF,0.04031396476724699,TCRBV25-01,TCRBJ01-02
d1d186dc8295f9ed083e2cd68754c4a8,CAWVYYYGYTF,0.0344377106812067,TCRBV30-01,TCRBJ01-02
d1d186dc8295f9ed083e2cd68754c4a8,CAWWGYGYTF,0.03365179260065265,TCRBV30-01,TCRBJ01-02
d1d186dc8295f9ed083e2cd68754c4a8,CASSPWGGNSFNYGYTF,0.03316856819675828,TCRBV19-01,TCRBJ01-02
d1d186dc8295f9ed083e2cd68754c4a8,HRGHTIYF,0.03251354227305001,TCRBV03-01/03-02,TCRBJ01-03
d1d186dc8295f9ed083e2cd68754c4a8,CAWSVPWGGYGYTF,0.03167083225592575,TCRBV30-01,TCRBJ01-02
d1d186dc8295f9ed083e2cd68754c4a8,CASSSPWWGNNYGYTF,0.031234033908650777,TCRBV07-02,TCRBJ01-02
d1d186dc8295f9ed083e2cd68754c4a8,CSAPWGYYGYTF,0.030817971005463476,TCRBV20-X,TCRBJ01-02
d1d186dc8295f9ed083e2cd68754c4a8,CASSYMYNYGYTF,0.030265689144926167,TCRBV06-05,TCRBJ01-02
d1d186dc8295f9ed083e2cd68754c4a8,CSVYGGPYFYGYTF,0.03009419959269331,TCRBV29-01,TCRBJ01-02
d1d186dc8295f9ed083e2cd68754c4a8,CASSYSPYYGYTF,0.029831190975045305,TCRBV06-02/06-03,TCRBJ01-02
d1d186dc8295f9ed083e2cd68754c4a8,CASGYRGYNYGYTF,0.029771789854683678,TCRBV06-08,TCRBJ01-02
d1d186dc8295f9ed083e2cd68754c4a8,CASSYWGAYGYTF,0.02957334092743796,TCRBV06-06,TCRBJ01-02
d1d186dc8295f9ed083e2cd68754c4a8,CSVVYYYRGANYGYTF,0.02948633177938145,TCRBV29-01,TCRBJ01-02
d1d186dc8295f9ed083e2cd68754c4a8,CASSYWGDPYGYTF,0.029387108029737093,TCRBV06-05,TCRBJ01-02
d1d186dc8295f9ed083e2cd68754c4a8,CASSFWGGSNYGYTF,0.02923604306042147,TCRBV07-02,TCRBJ01-02
d1d186dc8295f9ed083e2cd68754c4a8,CASSSYGWYGYTF,0.029147166119449012,TCRBV28-01,TCRBJ01-02
d1d186dc8295f9ed083e2cd68754c4a8,CASSWGTGANPYYGYTF,0.028725349523266636,TCRBV19-01,TCRBJ01-02
d1d186dc8295f9ed083e2cd68754c4a8,CASWGSYYGYTF,0.028578709726164553,TCRBV09-01,TCRBJ01-02
d1d186dc8295f9ed083e2cd68754c4a8,CASSYAWGVYYGYTF,0.028539432510138026,TCRBV06-02/06-03,TCRBJ01-02
d1d186dc8295f9ed083e2cd68754c4a8,CASSLWEGIGELFF,0.02845192082282323,TCRBV07-09,TCRBJ02-02
d1d186dc8295f9ed083e2cd68754c4a8,CASSYGPPPSYEQYF,0.02844582363038276,TCRBV04-01,TCRBJ02-07
d1d186dc8295f9ed083e2cd68754c4a8,CAWSGYYGYTF,0.02786445546445106,TCRBV30-01,TCRBJ01-02
d1d186dc8295f9ed083e2cd68754c4a8,CASGGYYGYTF,0.02755365292959195,TCRBV25-01,TCRBJ01-02
d1d186dc8295f9ed083e2cd68754c4a8,KTQYF,0.02741550353048668,TCRBV10-01,TCRBJ02-05
d1d186dc8295f9ed083e2cd68754c4a8,TPKWAGYGYTF,0.02732970127272965,TCRBV21-01,TCRBJ01-02
d1d186dc8295f9ed083e2cd68754c4a8,CASSYYSGTNYGYTF,0.02730154847120816,TCRBV06-05,TCRBJ01-02
d1d186dc8295f9ed083e2cd68754c4a8,CAWSVWAEAFF,0.027280516823215646,TCRBV30-01,TCRBJ01-01
d1d186dc8295f9ed083e2cd68754c4a8,CSAWGGYGYTF,0.02727096822681682,TCRBV20-01,TCRBJ01-02
d1d186dc8295f9ed083e2cd68754c4a8,CAWSYYYTGTGGLDYGYTF,0.027251095493460626,TCRBV30-01,TCRBJ01-02
d1d186dc8295f9ed083e2cd68754c4a8,CASSWGGGSNYGYTF,0.027234156391008138,TCRBV05-01,TCRBJ01-02
d1d186dc8295f9ed083e2cd68754c4a8,CASSYYPGTYGYTF,0.02722147456454624,TCRBV06-05,TCRBJ01-02
d1d186dc8295f9ed083e2cd68754c4a8,CAWGTGYSYGYTF,0.02721599977321011,TCRBV30-01,TCRBJ01-02
d1d186dc8295f9ed083e2cd68754c4a8,CASSYWGDYGYTF,0.027113032441333673,TCRBV06-02/06-03,TCRBJ01-02
d1d186dc8295f9ed083e2cd68754c4a8,CASKWSF,0.02697513787793374,TCRBV02-01,TCRBJ01-02
d1d186dc8295f9ed083e2cd68754c4a8,CSAYGGPYPNYGYTF,0.026968633567111964,TCRBV20-X,TCRBJ01-02
d1d186dc8295f9ed083e2cd68754c4a8,CASSHEGYYYGYTF,0.026947026057539916,TCRBV04-01,TCRBJ01-02
d1d186dc8295f9ed083e2cd68754c4a8,CASSYWQPYGYTF,0.026906760997382248,TCRBV05-01,TCRBJ01-02
d1d186dc8295f9ed083e2cd68754c4a8,CAWYTGLGYGYTF,0.02686085147590295,TCRBV30-01,TCRBJ01-02
d1d186dc8295f9ed083e2cd68754c4a8,CASSDGGWWNYGYTF,0.02672924479871592,TCRBV25-01,TCRBJ01-02
d1d186dc8295f9ed083e2cd68754c4a8,CAWSWWQGDYYGYTF,0.02671267075678878,TCRBV30-01,TCRBJ01-02
d1d186dc8295f9ed083e2cd68754c4a8,CASYPIYSSWYHGYTF,0.02665667335152065,TCRBV27-01,TCRBJ01-02
d1d186dc8295f9ed083e2cd68754c4a8,WGKELFF,0.026611904533212726,TCRBV11-03,TCRBJ02-02
d1d186dc8295f9ed083e2cd68754c4a8,CAWKWKTEAFF,0.026611194310942554,TCRBV30-01,TCRBJ01-01
d1d186dc8295f9ed083e2cd68754c4a8,CAWGYRNYGYTF,0.02655668887682741,TCRBV30-01,TCRBJ01-02
d1d186dc8295f9ed083e2cd68754c4a8,CASSWGEWSTWYF,0.02652073029047981,TCRBV06-02/06-03,TCRBJ02-07
d1d186dc8295f9ed083e2cd68754c4a8,CAWSWGAEAFF,0.02650266726654998,TCRBV30-01,TCRBJ01-01
d1d186dc8295f9ed083e2cd68754c4a8,CASSFWGGYGYTF,0.026477928889786218,TCRBV12-03/12-04,TCRBJ01-02
d1d186dc8295f9ed083e2cd68754c4a8,CAGYRAPYGYTF,0.02646741873473155,TCRBV30-01,TCRBJ01-02
d1d186dc8295f9ed083e2cd68754c4a8,CAWSVSWGAGGTEAFF,0.02640923328486828,TCRBV30-01,TCRBJ01-01
d1d186dc8295f9ed083e2cd68754c4a8,CAHVIHTIYF,0.02639107261138229,TCRBV27-01,TCRBJ01-03
d1d186dc8295f9ed083e2cd68754c4a8,CASSHPGPGHGYTF,0.026211112605837226,TCRBV07-09,TCRBJ01-02
d1d186dc8295f9ed083e2cd68754c4a8,CASSWYYGYTF,0.02617046077723725,TCRBV19-01,TCRBJ01-02
d1d186dc8295f9ed083e2cd68754c4a8,F,0.026169089102652747,TCRBV10-01,TCRBJ01-02
d1d186dc8295f9ed083e2cd68754c4a8,CASGGYFYGYTF,0.02614167636820284,TCRBV06-05,TCRBJ01-02
d1d186dc8295f9ed083e2cd68754c4a8,CASSWANPYGYTF,0.026139705295989243,TCRBV28-01,TCRBJ01-02
d1d186dc8295f9ed083e2cd68754c4a8,CAAAHTF,0.026131353742844445,TCRBV19-01,TCRBJ01-02
d1d186dc8295f9ed083e2cd68754c4a8,CASSFGGGFNYGYTF,0.02608488437104737,TCRBV27-01,TCRBJ01-02
d1d186dc8295f9ed083e2cd68754c4a8,CMEGVWDGYTF,0.025962105487122005,TCRBV20-01,TCRBJ01-02
d1d186dc8295f9ed083e2cd68754c4a8,CASGIWGGGYGYTF,0.02591661070756468,TCRBV27-01,TCRBJ01-02
d1d186dc8295f9ed083e2cd68754c4a8,CASSYSSGGYSGNTIYF,0.025901057996434985,TCRBV06-X,TCRBJ01-03
d1d186dc8295f9ed083e2cd68754c4a8,CASSFGGYYGYTF,0.025877987118433626,TCRBV07-09,TCRBJ01-02
d1d186dc8295f9ed083e2cd68754c4a8,CASSGGPVGTVFANYGYTF,0.02581066588271793,TCRBV09-01,TCRBJ01-02
d1d186dc8295f9ed083e2cd68754c4a8,CASSYSYFNPAGGFYGYTF,0.02577703480343303,TCRBV06-X,TCRBJ01-02
d1d186dc8295f9ed083e2cd68754c4a8,CASSNRGNWGYGYTF,0.025732679122382217,TCRBV05-06,TCRBJ01-02
d1d186dc8295f9ed083e2cd68754c4a8,CASSPWGGNYGYTF,0.025672000344253692,TCRBV04-01,TCRBJ01-02
d1d186dc8295f9ed083e2cd68754c4a8,CASSHPAGGGSGNNYGYTF,0.025627899530940714,TCRBV04-01,TCRBJ01-02
d1d186dc8295f9ed083e2cd68754c4a8,CSAIPPEAFF,0.02561025606928052,TCRBV20-01,TCRBJ01-01
d1d186dc8295f9ed083e2cd68754c4a8,CAWFRWRGYTF,0.025589066236145763,TCRBV30-01,TCRBJ01-02
d1d186dc8295f9ed083e2cd68754c4a8,CAGGGPHYGYTF,0.025566898543783686,TCRBV06-05,TCRBJ01-02
d1d186dc8295f9ed083e2cd68754c4a8,CASSSSPYRWGTGYNYGYTF,0.025537569466975982,TCRBV14-01,TCRBJ01-02
d1d186dc8295f9ed083e2cd68754c4a8,CASAWPGANVLTF,0.025501839232074816,TCRBV06-05,TCRBJ02-06
d1d186dc8295f9ed083e2cd68754c4a8,CASSYGGNFYGYTF,0.025492699943676256,TCRBV06-06,TCRBJ01-02
d1d186dc8295f9ed083e2cd68754c4a8,CAWIHGGIWNTEAFF,0.02547901697100825,TCRBV30-01,TCRBJ01-01
d1d186dc8295f9ed083e2cd68754c4a8,CASSLFGGSANYGYTF,0.02542652324292289,TCRBV28-01,TCRBJ01-02
d1d186dc8295f9ed083e2cd68754c4a8,CAWMGVFYGYTF,0.025426449392827285,TCRBV30-01,TCRBJ01-02
d1d186dc8295f9ed083e2cd68754c4a8,CASNNWGGNQPQHF,0.025405187780768737,TCRBV05-06,TCRBJ01-05
d1d186dc8295f9ed083e2cd68754c4a8,CASLYNRYYGYTF,0.025358139058276344,TCRBV02-01,TCRBJ01-02
d1d186dc8295f9ed083e2cd68754c4a8,CASHGAAGYYGYTF,0.025334661985631796,TCRBV28-01,TCRBJ01-02
d1d186dc8295f9ed083e2cd68754c4a8,CASSHNFGRTYGYGYTF,0.025313229542364857,TCRBV03-01/03-02,TCRBJ01-02
d1d186dc8295f9ed083e2cd68754c4a8,CASHWGRGNYGYTF,0.0253043589641838,TCRBV11-02,TCRBJ01-02
d1d186dc8295f9ed083e2cd68754c4a8,CASSYAPGYYGYTF,0.02530220242896437,TCRBV06-05,TCRBJ01-02
d1d186dc8295f9ed083e2cd68754c4a8,CASSPSTGGFFGNTIYF,0.025287110225021423,TCRBV19-01,TCRBJ01-03
d1d186dc8295f9ed083e2cd68754c4a8,CASSAYSTGGYYGYTF,0.02518339858385421,TCRBV09-01,TCRBJ01-02
d1d186dc8295f9ed083e2cd68754c4a8,CSTYGGYPNYGYTF,0.025159277990119373,TCRBV20-X,TCRBJ01-02
d1d186dc8295f9ed083e2cd68754c4a8,CAWSTPGGVKNTEAFF,0.025110978816730935,TCRBV30-01,TCRBJ01-01
d1d186dc8295f9ed083e2cd68754c4a8,CASSYTVGPYGYTF,0.025094924451346548,TCRBV06-02/06-03,TCRBJ01-02
d1d186dc8295f9ed083e2cd68754c4a8,CAWIGFYGYTF,0.025079328947424186,TCRBV30-01,TCRBJ01-02
d1d186dc8295f9ed083e2cd68754c4a8,CASSSWGAPSYGYTF,0.025041912351195433,TCRBV27-01,TCRBJ01-02
d1d186dc8295f9ed083e2cd68754c4a8,CASSHFYGNYGYTF,0.025022263987679674,TCRBV12-X,TCRBJ01-02
d1d186dc8295f9ed083e2cd68754c4a8,CAWSVGWGGYTF,0.025010315324114102,TCRBV30-01,TCRBJ01-02
d1d186dc8295f9ed083e2cd68754c4a8,CSAAPAGANVLTF,0.02500457920859815,TCRBV20-X,TCRBJ02-06
d1d186dc8295f9ed083e2cd68754c4a8,CASGHPYGYTF,0.024957909621375396,TCRBV19-01,TCRBJ01-02
d1d186dc8295f9ed083e2cd68754c4a8,CASSYYINYGYTF,0.024919051764747922,TCRBV06-06,TCRBJ01-02
d1d186dc8295f9ed083e2cd68754c4a8,CASNTGGPYYGYTF,0.024911854830143337,TCRBV28-01,TCRBJ01-02
d1d186dc8295f9ed083e2cd68754c4a8,CASSYGNPYGYTF,0.024896387555313905,TCRBV06-05,TCRBJ01-02
d1d186dc8295f9ed083e2cd68754c4a8,CASSYRGYGYTF,0.024885473752379907,TCRBV06-05,TCRBJ01-02
d56ab398ffa2374c8c42eff5392ef9b0,FF,0.04636419028842517,TCRBV05-01,TCRBJ01-01
d56ab398ffa2374c8c42eff5392ef9b0,CASSFYGQAGGGYTF,0.0350400427268466,TCRBV06-06,TCRBJ01-02
d56ab398ffa2374c8c42eff5392ef9b0,CASSYYYGYTF,0.0340490058335077,TCRBV11-03,TCRBJ01-02
d56ab398ffa2374c8c42eff5392ef9b0,CASYYNYGYTF,0.032745526898201004,TCRBV06-05,TCRBJ01-02
d56ab398ffa2374c8c42eff5392ef9b0,CASSFWGGPYGYTF,0.03249732600507241,TCRBV28-01,TCRBJ01-02
d56ab398ffa2374c8c42eff5392ef9b0,CASSYTYTGTGAYGYTF,0.03131799515579581,TCRBV06-X,TCRBJ01-02
d56ab398ffa2374c8c42eff5392ef9b0,CASSSPGQGAWYGPNFNYGYTF,0.031154149314159444,unresolved,TCRBJ01-02
d56ab398ffa2374c8c42eff5392ef9b0,CAWGWGGYGYTF,0.030263754393783687,TCRBV30-01,TCRBJ01-02
d56ab398ffa2374c8c42eff5392ef9b0,CAISEFYWDPEWDTEAFF,0.030161247879102165,TCRBV10-03,TCRBJ01-01
d56ab398ffa2374c8c42eff5392ef9b0,CAWSWGGGYGYTF,0.030114888895941053,TCRBV30-01,TCRBJ01-02
d56ab398ffa2374c8c42eff5392ef9b0,CASSPKGDRGQDGYTF,0.030024488715167705,TCRBV05-01,TCRBJ01-02
d56ab398ffa2374c8c42eff5392ef9b0,CASSSTGGWGDWYGYTF,0.029808328951572264,TCRBV07-02,TCRBJ01-02
d56ab398ffa2374c8c42eff5392ef9b0,CAWIGGFWGNYGYTF,0.029760337481542876,TCRBV30-01,TCRBJ01-02
d56ab398ffa2374c8c42eff5392ef9b0,CASSNWGGAGYGYTF,0.029690488516522114,TCRBV06-05,TCRBJ01-02
d56ab398ffa2374c8c42eff5392ef9b0,CASSYWGPGGYTF,0.029549595360221868,TCRBV06-05,TCRBJ01-02
d56ab398ffa2374c8c42eff5392ef9b0,CAWGTGWGYGYTF,0.029410715071762593,TCRBV30-01,TCRBJ01-02
d56ab398ffa2374c8c42eff5392ef9b0,CAAHGAGYPNYGYTF,0.029052223726849957,TCRBV25-01,TCRBJ01-02
d56ab398ffa2374c8c42eff5392ef9b0,CACPFHTGAYYGYTF,0.029012508268671564,TCRBV30-01,TCRBJ01-02
d56ab398ffa2374c8c42eff5392ef9b0,CASSYPYYGYTF,0.028907292741297295,TCRBV06-02/06-03,TCRBJ01-02
d56ab398ffa2374c8c42eff5392ef9b0,CASSYSWGYGYTF,0.02879358368725334,TCRBV06-05,TCRBJ01-02
d56ab398ffa2374c8c42eff5392ef9b0,CAWVRVYGYTF,0.028767642725472137,TCRBV30-01,TCRBJ01-02
d56ab398ffa2374c8c42eff5392ef9b0,CATGDRVISAGNTIYF,0.02867209227577391,TCRBV18-01,TCRBJ01-03
d56ab398ffa2374c8c42eff5392ef9b0,CAQHPQPQHF,0.028536122669236056,TCRBV09-01,TCRBJ01-05
d56ab398ffa2374c8c42eff5392ef9b0,CASSYAGYYGYTF,0.028347859690441374,TCRBV06-02/06-03,TCRBJ01-02
d56ab398ffa2374c8c42eff5392ef9b0,CAWSPIGAFF,0.02833333695985333,TCRBV30-01,TCRBJ01-01
d56ab398ffa2374c8c42eff5392ef9b0,CASSKAVVYITVYTF,0.028178877691174924,TCRBV06-02,TCRBJ01-02
d56ab398ffa2374c8c42eff5392ef9b0,CASSPFGGFTSNYGYTF,0.02811677460656693,TCRBV18-01,TCRBJ01-02
d56ab398ffa2374c8c42eff5392ef9b0,CASSYFGTYYGYTF,0.02809515262188983,TCRBV06-02/06-03,TCRBJ01-02
d56ab398ffa2374c8c42eff5392ef9b0,CASSYYTGSTNYGYTF,0.027996820586077692,TCRBV05-01,TCRBJ01-02
d56ab398ffa2374c8c42eff5392ef9b0,CASRWWDRGYYGYTF,0.027996807609911682,TCRBV28-01,TCRBJ01-02
d56ab398ffa2374c8c42eff5392ef9b0,CASRYWGGNYGYTF,0.02789285207541863,TCRBV05-04,TCRBJ01-02
d56ab398ffa2374c8c42eff5392ef9b0,CAWWDWPNYGYTF,0.027765943968984727,TCRBV30-01,TCRBJ01-02
d56ab398ffa2374c8c42eff5392ef9b0,CASSYSTGGWYGYTF,0.02771669229719369,TCRBV06-02/06-03,TCRBJ01-02
d56ab398ffa2374c8c42eff5392ef9b0,CATHPGPWYF,0.027678197098484753,TCRBV19-01,TCRBJ02-07
d56ab398ffa2374c8c42eff5392ef9b0,CAWSDWGGYGYTF,0.02752528234187274,TCRBV30-01,TCRBJ01-02
d56ab398ffa2374c8c42eff5392ef9b0,CASSYWTGYRGIYGYTF,0.027486855868585087,TCRBV06-02/06-03,TCRBJ01-02
d56ab398ffa2374c8c42eff5392ef9b0,CASSYWTYYGYTF,0.027427169755363245,TCRBV12-03/12-04,TCRBJ01-02
d56ab398ffa2374c8c42eff5392ef9b0,CASSFDPVKAFF,0.02739333367782688,TCRBV12-03/12-04,TCRBJ01-01
d56ab398ffa2374c8c42eff5392ef9b0,CASSYYRGNYGYTF,0.027306072681718935,TCRBV06-06,TCRBJ01-02
d56ab398ffa2374c8c42eff5392ef9b0,CAWMGPQGPQHF,0.027302111979047805,TCRBV30-01,TCRBJ01-05
d56ab398ffa2374c8c42eff5392ef9b0,CASSYSYRNYGYTF,0.02729129966672266,TCRBV06-05,TCRBJ01-02
d56ab398ffa2374c8c42eff5392ef9b0,CASTWTGWGYGYTF,0.027269142060240288,TCRBV19-01,TCRBJ01-02
d56ab398ffa2374c8c42eff5392ef9b0,CASSYPVYRTTYYGYTF,0.027235787621412048,TCRBV06-02/06-03,TCRBJ01-02
d56ab398ffa2374c8c42eff5392ef9b0,CSAMKGWETHRRWYF,0.027222307950372757,TCRBV20-X,TCRBJ02-07
d56ab398ffa2374c8c42eff5392ef9b0,CAWGTVKGAFF,0.027199258511436356,TCRBV30-01,TCRBJ01-01
d56ab398ffa2374c8c42eff5392ef9b0,CASSYYHGYTF,0.027178922806013896,TCRBV05-08,TCRBJ01-02
d56ab398ffa2374c8c42eff5392ef9b0,CASSHRDTWWWPQHF,0.027159159370337162,TCRBV12-X,TCRBJ01-05
d56ab398ffa2374c8c42eff5392ef9b0,CATWGAPGANVLTF,0.027081341396718465,TCRBV07-09,TCRBJ02-06
d56ab398ffa2374c8c42eff5392ef9b0,CASSYYTGGGYTF,0.027061342492383206,TCRBV12-03/12-04,TCRBJ01-02
d56ab398ffa2374c8c42eff5392ef9b0,CAWTWTGGVYGYTF,0.027019104607516383,TCRBV30-01,TCRBJ01-02
d56ab398ffa2374c8c42eff5392ef9b0,CASSYSYSNYGYTF,0.027002113088375166,TCRBV06-05,TCRBJ01-02
d56ab398ffa2374c8c42eff5392ef9b0,CAWSGGGTGYNYGYTF,0.02697471703823538,TCRBV30-01,TCRBJ01-02
d56ab398ffa2374c8c42eff5392ef9b0,CSAYSWF,0.026969165367888417,TCRBV20-01,TCRBJ01-02
d56ab398ffa2374c8c42eff5392ef9b0,CASSPWGGSNYGYTF,0.026897005747770437,TCRBV28-01,TCRBJ01-02
d56ab398ffa2374c8c42eff5392ef9b0,CASTSSGGWGNYGYTF,0.026868340365936782,TCRBV28-01,TCRBJ01-02
d56ab398ffa2374c8c42eff5392ef9b0,GKCSPLHF,0.0268304975562961,TCRBV19-01,TCRBJ01-06
d56ab398ffa2374c8c42eff5392ef9b0,CASSPWGGYGYTF,0.026769049648680862,TCRBV05-05,TCRBJ01-02
d56ab398ffa2374c8c42eff5392ef9b0,CAWMHRGWGYTF,0.026767009281930154,TCRBV30-01,TCRBJ01-02
d56ab398ffa2374c8c42eff5392ef9b0,CASSYWSGGFNGYTF,0.026714462230674432,TCRBV06-05,TCRBJ01-02
d56ab398ffa2374c8c42eff5392ef9b0,CASRHF,0.026658640580018357,TCRBV04-03,TCRBJ01-03
d56ab398ffa2374c8c42eff5392ef9b0,CASVHWGGWTEAFF,0.026655354212128737,TCRBV05-06,TCRBJ01-01
d56ab398ffa2374c8c42eff5392ef9b0,CAWSYNTGGPSYGYTF,0.026620620152676352,TCRBV30-01,TCRBJ01-02
d56ab398ffa2374c8c42eff5392ef9b0,CASGYSWGGSSGNTIYF,0.026608068008206347,TCRBV06-X,TCRBJ01-03
d56ab398ffa2374c8c42eff5392ef9b0,CASSYRVYYGYTF,0.026585689486833056,TCRBV06-07,TCRBJ01-02
d56ab398ffa2374c8c42eff5392ef9b0,CAWGARGYYGYTF,0.02658262779169693,TCRBV30-01,TCRBJ01-02
d56ab398ffa2374c8c42eff5392ef9b0,RGPYYGYTF,0.026530429758856743,TCRBV20-01,TCRBJ01-02
d56ab398ffa2374c8c42eff5392ef9b0,CASSIYHSPYSHYGYTF,0.026525037832227826,TCRBV19-01,TCRBJ01-02
d56ab398ffa2374c8c42eff5392ef9b0,CAWGGPSGYGYTF,0.026484656167234166,TCRBV30-01,TCRBJ01-02
d56ab398ffa2374c8c42eff5392ef9b0,CASSPQDRPLFGNTIYF,0.026434930841810134,TCRBV04-03,TCRBJ01-03
d56ab398ffa2374c8c42eff5392ef9b0,CAWSWAAAVVAFF,0.026427803313134636,TCRBV30-01,TCRBJ01-01
d56ab398ffa2374c8c42eff5392ef9b0,CATWWGDGYTF,0.02639702626944807,TCRBV09-01,TCRBJ01-02
d56ab398ffa2374c8c42eff5392ef9b0,CASGYFYGYTF,0.026381658481620492,TCRBV19-01,TCRBJ01-02
d56ab398ffa2374c8c42eff5392ef9b0,CSARWGYNYGYTF,0.02634987244344919,TCRBV20-X,TCRBJ01-02
d56ab398ffa2374c8c42eff5392ef9b0,CASSYYRGFGYTF,0.026328501269894954,TCRBV05-01,TCRBJ01-02
d56ab398ffa2374c8c42eff5392ef9b0,CASSSSGGGPWGGNTIYF,0.026316678788002045,TCRBV03-01/03-02,TCRBJ01-03
d56ab398ffa2374c8c42eff5392ef9b0,CASSYNYANYGYTF,0.026292637306110478,TCRBV06-05,TCRBJ01-02
d56ab398ffa2374c8c42eff5392ef9b0,CASSQAYPQGPQPQHF,0.02626993448293284,TCRBV04-01,TCRBJ01-05
d56ab398ffa2374c8c42eff5392ef9b0,CASWGWAEAFF,0.02625049423812541,TCRBV27-01,TCRBJ01-01
d56ab398ffa2374c8c42eff5392ef9b0,CSVHDPPPSYEQYF,0.026225812898463333,TCRBV20-X,TCRBJ02-07
d56ab398ffa2374c8c42eff5392ef9b0,CSAWMGGYGYTF,0.026197916569143442,TCRBV20-X,TCRBJ01-02
d56ab398ffa2374c8c42eff5392ef9b0,CAAKPAGANVLTF,0.026196760931102944,TCRBV14-01,TCRBJ02-06
d56ab398ffa2374c8c42eff5392ef9b0,CAWYRHWGRAGYTF,0.026183211735608707,TCRBV30-01,TCRBJ01-02
d56ab398ffa2374c8c42eff5392ef9b0,CASGYYGYTF,0.0261636334773338,TCRBV06-05,TCRBJ01-02
d56ab398ffa2374c8c42eff5392ef9b0,CSVYGYGYTF,0.026148608893244076,TCRBV29-01,TCRBJ01-02
d56ab398ffa2374c8c42eff5392ef9b0,CAWGTWPYGYTF,0.02613356236605677,TCRBV28-01,TCRBJ01-02
d56ab398ffa2374c8c42eff5392ef9b0,CASSYWGPDYGYTF,0.02611660340388408,TCRBV06-06,TCRBJ01-02
d56ab398ffa2374c8c42eff5392ef9b0,CASSGWGHSNYGYTF,0.026108113541963872,TCRBV06-X,TCRBJ01-02
d56ab398ffa2374c8c42eff5392ef9b0,CASSFIYSYGYTF,0.026104259809960454,TCRBV05-08,TCRBJ01-02
d56ab398ffa2374c8c42eff5392ef9b0,CASSYRVGYYGYTF,0.026098664322087343,TCRBV06-05,TCRBJ01-02
d56ab398ffa2374c8c42eff5392ef9b0,CASSVAGNPFSGANVLTF,0.026042622421060452,TCRBV09-01,TCRBJ02-06
d56ab398ffa2374c8c42eff5392ef9b0,CASYRGYGYTF,0.02601021619558235,TCRBV19-01,TCRBJ01-02
d56ab398ffa2374c8c42eff5392ef9b0,CASSYYPGTANYGYTF,0.025990880026719225,TCRBV05-01,TCRBJ01-02
d56ab398ffa2374c8c42eff5392ef9b0,CAWIYPHNYGYTF,0.025954292857264197,TCRBV30-01,TCRBJ01-02
d56ab398ffa2374c8c42eff5392ef9b0,CASGGGTYNNYGYTF,0.025941987785726546,TCRBV07-06,TCRBJ01-02
d56ab398ffa2374c8c42eff5392ef9b0,FRGAGYGYTF,0.025923739499930206,TCRBV11-03,TCRBJ01-02
d56ab398ffa2374c8c42eff5392ef9b0,CASSYKRGYYGYTF,0.025905133706010636,TCRBV07-07,TCRBJ01-02
d56ab398ffa2374c8c42eff5392ef9b0,CASSYSRSYYGYTF,0.02590328376784114,TCRBV06-05,TCRBJ01-02
d56ab398ffa2374c8c42eff5392ef9b0,CASCPSGANVLTF,0.02589965645754058,TCRBV06-02,TCRBJ02-06
d56ab398ffa2374c8c42eff5392ef9b0,CASSPTGGWYYGYTF,0.025873720267813944,TCRBV12-X,TCRBJ01-02
d56ab398ffa2374c8c42eff5392ef9b0,CASTTGGWGNYGYTF,0.025859344221701105,TCRBV06-05,TCRBJ01-02
d72ad9d98e4439d76850cdf30a720289,CAWRGTGYYNYGYTF,0.03358752346838455,TCRBV30-01,TCRBJ01-02
d72ad9d98e4439d76850cdf30a720289,CATYWRRYF,0.03324041730052825,TCRBV28-01,TCRBJ02-07
d72ad9d98e4439d76850cdf30a720289,CAWAPHGYYGYTF,0.03197533956747368,TCRBV30-01,TCRBJ01-02
d72ad9d98e4439d76850cdf30a720289,HIQYF,0.030297934548322237,TCRBV20-01,TCRBJ02-04
d72ad9d98e4439d76850cdf30a720289,CASSYSGYYGYTF,0.02997682725380613,TCRBV06-02/06-03,TCRBJ01-02
d72ad9d98e4439d76850cdf30a720289,CASSYWAPNYGYTF,0.029805769283475315,TCRBV06-06,TCRBJ01-02
d72ad9d98e4439d76850cdf30a720289,CASSYSWGPNYGYTF,0.02977534366107127,TCRBV06-06,TCRBJ01-02
d72ad9d98e4439d76850cdf30a720289,CASSYTGYYGYTF,0.0294064821401832,TCRBV06-05,TCRBJ01-02
d72ad9d98e4439d76850cdf30a720289,CASSYGGWGANYGYTF,0.029389199266017026,TCRBV06-06,TCRBJ01-02
d72ad9d98e4439d76850cdf30a720289,CASSYRRGWNNYGYTF,0.028992719796742224,TCRBV06-05,TCRBJ01-02
d72ad9d98e4439d76850cdf30a720289,CASSPWEGFKAFF,0.02871570746290726,TCRBV06-02,TCRBJ01-01
d72ad9d98e4439d76850cdf30a720289,CASSYSYRSYGYTF,0.02853759494886128,TCRBV06-05,TCRBJ01-02
d72ad9d98e4439d76850cdf30a720289,FRAPYGYTF,0.028402193519694505,TCRBV07-05,TCRBJ01-02
d72ad9d98e4439d76850cdf30a720289,CAWGPYGYTF,0.028157716591627066,TCRBV30-01,TCRBJ01-02
d72ad9d98e4439d76850cdf30a720289,CASSYTTGPYNYGYTF,0.027992211170625215,TCRBV06-06,TCRBJ01-02
d72ad9d98e4439d76850cdf30a720289,CARPPHHQPQHF,0.02788721219441855,TCRBV06-05,TCRBJ01-05
d72ad9d98e4439d76850cdf30a720289,CASRHSYWHRGGGYTF,0.027842189471323418,TCRBV12-02,TCRBJ01-02
d72ad9d98e4439d76850cdf30a720289,CASSHWPGYYGYTF,0.027729956616116387,TCRBV03-01/03-02,TCRBJ01-02
d72ad9d98e4439d76850cdf30a720289,CASSYSTGYYGYTF,0.02764570721156523,TCRBV06-02/06-03,TCRBJ01-02
d72ad9d98e4439d76850cdf30a720289,CPYGGNYGYTF,0.027548622593905336,TCRBV20-01,TCRBJ01-02
d72ad9d98e4439d76850cdf30a720289,CSAYYPSPFRYF,0.027477182936376326,TCRBV20-X,TCRBJ02-07
d72ad9d98e4439d76850cdf30a720289,CASSYWPRGYGYTF,0.027375800787104394,TCRBV06-02/06-03,TCRBJ01-02
d72ad9d98e4439d76850cdf30a720289,CASSYWAAYGGYTF,0.0273424447836106,TCRBV06-02/06-03,TCRBJ01-02
d72ad9d98e4439d76850cdf30a720289,CAWKGQGIWWGYGYTF,0.027280646521779812,TCRBV30-01,TCRBJ01-02
d72ad9d98e4439d76850cdf30a720289,CASSYWGSGYGYTF,0.02725911212207683,TCRBV06-02/06-03,TCRBJ01-02
d72ad9d98e4439d76850cdf30a720289,CASSYSNRGNYYYGYTF,0.027225616484200296,TCRBV06-X,TCRBJ01-02
d72ad9d98e4439d76850cdf30a720289,CAKHWGPRGYTF,0.027101145648558884,TCRBV10-03,TCRBJ01-02
d72ad9d98e4439d76850cdf30a720289,CASSPFWGNTGELFF,0.02704975068000698,TCRBV07-02,TCRBJ02-02
d72ad9d98e4439d76850cdf30a720289,CASSYSYSNYGYTF,0.027002097428451867,TCRBV06-05,TCRBJ01-02
d72ad9d98e4439d76850cdf30a720289,CASSWWAEAFF,0.0269761063028238,TCRBV12-03/12-04,TCRBJ01-01
d72ad9d98e4439d76850cdf30a720289,CAWMWDGWSDYGYTF,0.026883767080333684,TCRBV30-01,TCRBJ01-02
d72ad9d98e4439d76850cdf30a720289,CASIFLGGGANYGYTF,0.026703523044381984,TCRBV06-X,TCRBJ01-02
d72ad9d98e4439d76850cdf30a720289,CASSYADPWYGYTF,0.026695945642321053,TCRBV06-02/06-03,TCRBJ01-02
d72ad9d98e4439d76850cdf30a720289,CAAHRFVYGYTF,0.026674236479308496,TCRBV10-01,TCRBJ01-02
d72ad9d98e4439d76850cdf30a720289,CASKWEGWGGYTF,0.026603506562996874,TCRBV02-01,TCRBJ01-02
d72ad9d98e4439d76850cdf30a720289,CARRWCYTF,0.026593392284923436,TCRBV05-03,TCRBJ01-02
d72ad9d98e4439d76850cdf30a720289,CAWGPNYGYTF,0.026578818503850476,TCRBV30-01,TCRBJ01-02
d72ad9d98e4439d76850cdf30a720289,CASSYYGTANYGYTF,0.026452089362237863,TCRBV06-02/06-03,TCRBJ01-02
d72ad9d98e4439d76850cdf30a720289,CAWTYGGSAYGYTF,0.026425371147917084,TCRBV30-01,TCRBJ01-02
d72ad9d98e4439d76850cdf30a720289,CAWTHPHGGYTF,0.026299237882414953,TCRBV30-01,TCRBJ01-02
d72ad9d98e4439d76850cdf30a720289,CAWNVAGGYGYGYTF,0.026217848483520153,TCRBV30-01,TCRBJ01-02
d72ad9d98e4439d76850cdf30a720289,CASSYYRSGGYTF,0.02616688515192642,TCRBV28-01,TCRBJ01-02
d72ad9d98e4439d76850cdf30a720289,CASSSNWGGFGYTF,0.026032135356382158,TCRBV07-09,TCRBJ01-02
d72ad9d98e4439d76850cdf30a720289,CASYRAYGGYTF,0.02601816755608832,TCRBV07-09,TCRBJ01-02
d72ad9d98e4439d76850cdf30a720289,CASRGGWGSTNYGYTF,0.026008750020670896,TCRBV06-X,TCRBJ01-02
d72ad9d98e4439d76850cdf30a720289,CASHPAGAHQPQHF,0.026004788277890364,TCRBV28-01,TCRBJ01-05
d72ad9d98e4439d76850cdf30a720289,CAWSPGGWNYGYTF,0.02593414792301742,TCRBV30-01,TCRBJ01-02
d72ad9d98e4439d76850cdf30a720289,CAWSGYNYGYTF,0.02592469677253957,TCRBV30-01,TCRBJ01-02
d72ad9d98e4439d76850cdf30a720289,CAWRGGYLPNYGYTF,0.025900803849245944,TCRBV30-01,TCRBJ01-02
d72ad9d98e4439d76850cdf30a720289,CAWRNRGYYGYTF,0.02586900649476837,TCRBV30-01,TCRBJ01-02
d72ad9d98e4439d76850cdf30a720289,CAWRGIPWRAEKEKLFF,0.02582457772271455,TCRBV30-01,TCRBJ01-04
d72ad9d98e4439d76850cdf30a720289,CASSYNRGYYGYTF,0.025804896409583392,TCRBV06-02/06-03,TCRBJ01-02
d72ad9d98e4439d76850cdf30a720289,CSAPKPAWGGYTF,0.025790545610467133,TCRBV20-X,TCRBJ01-02
d72ad9d98e4439d76850cdf30a720289,CASSWGGYGYTF,0.025745645516943964,TCRBV28-01,TCRBJ01-02
d72ad9d98e4439d76850cdf30a720289,CASSFGGHPNYGYTF,0.025699185781573552,TCRBV12-X,TCRBJ01-02
d72ad9d98e4439d76850cdf30a720289,CASIPNGHGYGYTF,0.025644720781034608,TCRBV19-01,TCRBJ01-02
d72ad9d98e4439d76850cdf30a720289,CAWRWRTEAFF,0.02558921188395957,TCRBV30-01,TCRBJ01-01
d72ad9d98e4439d76850cdf30a720289,CAWSVLRAFF,0.025571534949382146,TCRBV30-01,TCRBJ01-01
d72ad9d98e4439d76850cdf30a720289,CASSSGWGSNYGYTF,0.02554213541732632,TCRBV06-06,TCRBJ01-02
d72ad9d98e4439d76850cdf30a720289,CAWGQGWGYTF,0.025527456893103245,TCRBV30-01,TCRBJ01-02
d72ad9d98e4439d76850cdf30a720289,CASSYGAGWGYTF,0.02552118724729264,TCRBV06-02/06-03,TCRBJ01-02
d72ad9d98e4439d76850cdf30a720289,CASSYQGGWSAHYGYTF,0.025518865975987903,TCRBV06-X,TCRBJ01-02
d72ad9d98e4439d76850cdf30a720289,CASRGFYYGYTF,0.02551720889786942,TCRBV12-03/12-04,TCRBJ01-02
d72ad9d98e4439d76850cdf30a720289,CASSYPYGYTF,0.025505132290220098,TCRBV06-02/06-03,TCRBJ01-02
d72ad9d98e4439d76850cdf30a720289,CAWSVGVWGGGYTF,0.025477215905139683,TCRBV30-01,TCRBJ01-02
d72ad9d98e4439d76850cdf30a720289,CASSYWGGYEQYF,0.02546828492428275,TCRBV06-05,TCRBJ02-07
d72ad9d98e4439d76850cdf30a720289,CASSYGGYYGYTF,0.025402757256432,TCRBV07-09,TCRBJ01-02
d72ad9d98e4439d76850cdf30a720289,CAWSVRFHLHF,0.025373641051512203,TCRBV30-01,TCRBJ01-06
d72ad9d98e4439d76850cdf30a720289,CAWKPGANVLTF,0.025358589841484203,TCRBV30-01,TCRBJ02-06
d72ad9d98e4439d76850cdf30a720289,CASSGPYYGYTF,0.025317585806289296,TCRBV06-05,TCRBJ01-02
d72ad9d98e4439d76850cdf30a720289,CAWGTVEAFF,0.025305737946929686,TCRBV30-01,TCRBJ01-01
d72ad9d98e4439d76850cdf30a720289,CAWSPNMGYYGYTF,0.025232554722176316,TCRBV30-01,TCRBJ01-02
d72ad9d98e4439d76850cdf30a720289,NTIYF,0.025188611191738507,TCRBV10-01,TCRBJ01-03
d72ad9d98e4439d76850cdf30a720289,CATSHTWGGPWEPQHF,0.025177025469781778,TCRBV24-01,TCRBJ01-05
d72ad9d98e4439d76850cdf30a720289,CASSFDPEAFF,0.025130287636588665,TCRBV07-09,TCRBJ01-01
d72ad9d98e4439d76850cdf30a720289,CASSYYRSGYGYTF,0.025119373194569534,TCRBV06-05,TCRBJ01-02
d72ad9d98e4439d76850cdf30a720289,CAWNPGYGYTF,0.025101363375540232,TCRBV30-01,TCRBJ01-02
d72ad9d98e4439d76850cdf30a720289,CASSNYRGSNYGYTF,0.02508709490499299,TCRBV19-01,TCRBJ01-02
d72ad9d98e4439d76850cdf30a720289,CASSYGFAYGYTF,0.025060477682489004,TCRBV06-05,TCRBJ01-02
d72ad9d98e4439d76850cdf30a720289,CASSVWGGANYGYTF,0.025042068061959116,TCRBV02-01,TCRBJ01-02
d72ad9d98e4439d76850cdf30a720289,CATWKGAGANVLTF,0.02503108330882005,TCRBV06-05,TCRBJ02-06
d72ad9d98e4439d76850cdf30a720289,CAISDYWYGYTF,0.024997292833815174,TCRBV10-03,TCRBJ01-02
d72ad9d98e4439d76850cdf30a720289,CASSGGTANYGYTSFF,0.024986565361764683,TCRBV28-01,TCRBJ01-02
d72ad9d98e4439d76850cdf30a720289,CASTAGEFIRAFF,0.024977588583718784,TCRBV12-03/12-04,TCRBJ01-01
d72ad9d98e4439d76850cdf30a720289,CAIYGFYGYTF,0.02496376442676673,TCRBV19-01,TCRBJ01-02
d72ad9d98e4439d76850cdf30a720289,CASSYSGGYSGNTIYF,0.024918384116761762,TCRBV06-05,TCRBJ01-03
d72ad9d98e4439d76850cdf30a720289,CASSLYQGPYYGYTF,0.024915109852668267,TCRBV05-08,TCRBJ01-02
d72ad9d98e4439d76850cdf30a720289,CASSPYGGGYTF,0.02489557001589029,TCRBV05-05,TCRBJ01-02
d72ad9d98e4439d76850cdf30a720289,CASAHTGPHTEAFF,0.0248874900821465,TCRBV12-X,TCRBJ01-01
d72ad9d98e4439d76850cdf30a720289,CATAHRGPWDPQHF,0.024858958072754202,TCRBV27-01,TCRBJ01-05
d72ad9d98e4439d76850cdf30a720289,CASSYYGSSYGYTF,0.024855591734712655,TCRBV06-02/06-03,TCRBJ01-02
d72ad9d98e4439d76850cdf30a720289,CASSYPGYGYTF,0.02483334751358227,TCRBV06-02/06-03,TCRBJ01-02
d72ad9d98e4439d76850cdf30a720289,CASSYTARAYYGYTF,0.024776897161106586,TCRBV06-05,TCRBJ01-02
d72ad9d98e4439d76850cdf30a720289,CASGGSYYGYTF,0.024769967732449633,TCRBV06-X,TCRBJ01-02
d72ad9d98e4439d76850cdf30a720289,CASSHWGGPADYGYTF,0.024764858273048043,TCRBV02-01,TCRBJ01-02
d72ad9d98e4439d76850cdf30a720289,CASSYAPNYGYTF,0.024754466882361856,TCRBV06-05,TCRBJ01-02
d72ad9d98e4439d76850cdf30a720289,CASSPWGDPNYGYTF,0.024753445243826562,TCRBV04-03,TCRBJ01-02
dad0388b714064d6eb426b8c16bc555b,CASSSYWGGPYGYTF,0.038565384653406684,TCRBV12-X,TCRBJ01-02
dad0388b714064d6eb426b8c16bc555b,CASYYYGYTF,0.038079581568066644,TCRBV28-01,TCRBJ01-02
dad0388b714064d6eb426b8c16bc555b,CASPGIIKVFKNYGYTF,0.035154469479718696,TCRBV06-04,TCRBJ01-02
dad0388b714064d6eb426b8c16bc555b,CASSSAGGNWGFSYGYTF,0.032215607208434985,TCRBV12-X,TCRBJ01-02
dad0388b714064d6eb426b8c16bc555b,CASTPSSGGWGPYYGYTF,0.03209688363144433,TCRBV19-01,TCRBJ01-02
dad0388b714064d6eb426b8c16bc555b,CASSYGGWYGYTF,0.03178755103125423,TCRBV06-05,TCRBJ01-02
dad0388b714064d6eb426b8c16bc555b,CASGAYTGYYGYTF,0.03166629744399213,TCRBV05-04,TCRBJ01-02
dad0388b714064d6eb426b8c16bc555b,CASSYWDRGWYGYTF,0.031196361815752388,TCRBV06-05,TCRBJ01-02
dad0388b714064d6eb426b8c16bc555b,CAWKWRP,0.03099125137609748,TCRBV30-01,TCRBJ02-07
dad0388b714064d6eb426b8c16bc555b,CASTGWWGYGYTF,0.030975904231987778,TCRBV12-03/12-04,TCRBJ01-02
dad0388b714064d6eb426b8c16bc555b,WEGYTF,0.03090951467209805,TCRBV03-01/03-02,TCRBJ01-02
dad0388b714064d6eb426b8c16bc555b,CASWEGGWYYGYTF,0.030904619468327142,TCRBV06-X,TCRBJ01-02
dad0388b714064d6eb426b8c16bc555b,CSAYYGNYGYTF,0.030724991063467724,TCRBV20-X,TCRBJ01-02
dad0388b714064d6eb426b8c16bc555b,CASSYGPYYGYTF,0.03066664097137178,TCRBV06-05,TCRBJ01-02
dad0388b714064d6eb426b8c16bc555b,CASSYYEYYGYTF,0.0299048275274995,TCRBV06-05,TCRBJ01-02
dad0388b714064d6eb426b8c16bc555b,CASSYSSYYGYTF,0.0298697800365139,TCRBV06-05,TCRBJ01-02
dad0388b714064d6eb426b8c16bc555b,CASSSYYQGPYGYTF,0.02986144225196781,TCRBV07-02,TCRBJ01-02
dad0388b714064d6eb426b8c16bc555b,RARPYGYTF,0.02939912355398271,TCRBV07-03,TCRBJ01-02
dad0388b714064d6eb426b8c16bc555b,CSAGQPGPRGMTGANVLTF,0.02917463257440811,TCRBV20-X,TCRBJ02-06
dad0388b714064d6eb426b8c16bc555b,CASSPWDPWYTF,0.029137980238157966,TCRBV14-01,TCRBJ01-02
dad0388b714064d6eb426b8c16bc555b,CASSVYTGGWNYGYTF,0.02903218214650615,TCRBV05-04,TCRBJ01-02
dad0388b714064d6eb426b8c16bc555b,CASSNFGANANYGYTF,0.02876489334744635,TCRBV06-05,TCRBJ01-02
dad0388b714064d6eb426b8c16bc555b,CASSYQWSGWSSGGYTF,0.028479140536414115,TCRBV06-X,TCRBJ01-02
dad0388b714064d6eb426b8c16bc555b,CFGYNNYGYTF,0.028386634366760647,TCRBV20-01,TCRBJ01-02
dad0388b714064d6eb426b8c16bc555b,CASGYGWGYGYTF,0.028277457133428125,TCRBV06-05,TCRBJ01-02
dad0388b714064d6eb426b8c16bc555b,WDGYTF,0.028252635286454875,TCRBV20-01,TCRBJ01-02
dad0388b714064d6eb426b8c16bc555b,CASSQDWWGQFF,0.028190833214923237,TCRBV04-01,TCRBJ02-01
dad0388b714064d6eb426b8c16bc555b,CASYGPYGYTF,0.027887341462953304,TCRBV06-05,TCRBJ01-02
dad0388b714064d6eb426b8c16bc555b,GGFGFNWGYTF,0.027841497365812654,TCRBV18-01,TCRBJ01-02
dad0388b714064d6eb426b8c16bc555b,CASSWPNWTGGYYGYTF,0.027841156965736875,TCRBV13-01,TCRBJ01-02
dad0388b714064d6eb426b8c16bc555b,CASSYSWGGYGYTF,0.02774408565228097,TCRBV06-05,TCRBJ01-02
dad0388b714064d6eb426b8c16bc555b,CASYRGGWGGYTF,0.027697829864809696,TCRBV06-05,TCRBJ01-02
dad0388b714064d6eb426b8c16bc555b,CASSYSTGYYGYTF,0.027645729643180673,TCRBV06-05,TCRBJ01-02
dad0388b714064d6eb426b8c16bc555b,CASGYVYF,0.027621856392836437,TCRBV05-08,TCRBJ01-03
dad0388b714064d6eb426b8c16bc555b,CASTPWWGDYGYTF,0.02744472188961802,TCRBV05-08,TCRBJ01-02
dad0388b714064d6eb426b8c16bc555b,CASWAPGANVLTF,0.027328882120041826,TCRBV06-05,TCRBJ02-06
dad0388b714064d6eb426b8c16bc555b,KKRPQHF,0.027205476156522655,TCRBV07-05,TCRBJ01-05
dad0388b714064d6eb426b8c16bc555b,CASSYVPGHHYGYTF,0.02719493914974699,TCRBV06-02/06-03,TCRBJ01-02
dad0388b714064d6eb426b8c16bc555b,CARS,0.027193996201447142,TCRBV10-01,TCRBJ01-01
dad0388b714064d6eb426b8c16bc555b,CASYIYGYTF,0.027133896088245627,TCRBV10-01,TCRBJ01-02
dad0388b714064d6eb426b8c16bc555b,CASSYGTYNYGYTF,0.026982523167178078,TCRBV28-01,TCRBJ01-02
dad0388b714064d6eb426b8c16bc555b,CASSLWEGIAEAFF,0.026843136166230835,TCRBV07-09,TCRBJ01-01
dad0388b714064d6eb426b8c16bc555b,CASSYYQGNSYGYTF,0.026785862808926215,TCRBV12-X,TCRBJ01-02
dad0388b714064d6eb426b8c16bc555b,CASSYVFFYGYTF,0.026738739226475915,TCRBV06-06,TCRBJ01-02
dad0388b714064d6eb426b8c16bc555b,CASSYMGRSNYYGYTF,0.026710879399742475,TCRBV07-09,TCRBJ01-02
dad0388b714064d6eb426b8c16bc555b,CASGGYTNYGYTF,0.02669857705001935,TCRBV07-09,TCRBJ01-02
dad0388b714064d6eb426b8c16bc555b,CSAHWGGNYGYTF,0.026639317752738798,TCRBV20-X,TCRBJ01-02
dad0388b714064d6eb426b8c16bc555b,CASSNPDPDPEAEAFF,0.026413153810010765,TCRBV19-01,TCRBJ01-01
dad0388b714064d6eb426b8c16bc555b,CASTPGWYYGYTF,0.02638971878454038,TCRBV06-02,TCRBJ01-02
dad0388b714064d6eb426b8c16bc555b,CASSYWDPSYGYTF,0.02638451698133021,TCRBV06-06,TCRBJ01-02
dad0388b714064d6eb426b8c16bc555b,CSAHFPGGHYGYTF,0.026383336493132688,TCRBV20-X,TCRBJ01-02
dad0388b714064d6eb426b8c16bc555b,CASSFWSGHYYGYTF,0.026357635726075964,TCRBV05-01,TCRBJ01-02
dad0388b714064d6eb426b8c16bc555b,CASFDWKNYGYTF,0.026344127884666165,TCRBV19-01,TCRBJ01-02
dad0388b714064d6eb426b8c16bc555b,CASSYYRGFGYTF,0.026328501269894954,TCRBV06-05,TCRBJ01-02
dad0388b714064d6eb426b8c16bc555b,CATSHGFGYGYTF,0.026300622300252385,TCRBV05-01,TCRBJ01-02
dad0388b714064d6eb426b8c16bc555b,CASSAFWGGNYGYTF,0.026263400510738732,TCRBV09-01,TCRBJ01-02
dad0388b714064d6eb426b8c16bc555b,F,0.026169089102652747,TCRBV10-01,TCRBJ01-02
dad0388b714064d6eb426b8c16bc555b,CASSFDKVKAFF,0.026151227267009462,TCRBV02-01,TCRBJ01-01
dad0388b714064d6eb426b8c16bc555b,LKSKNIQYF,0.026116477574858302,TCRBV19-01,TCRBJ02-04
dad0388b714064d6eb426b8c16bc555b,SRSQYF,0.025965786535226996,TCRBV07-09,TCRBJ02-07
dad0388b714064d6eb426b8c16bc555b,CASPGPYYGYTF,0.02576129885528673,TCRBV05-06,TCRBJ01-02
dad0388b714064d6eb426b8c16bc555b,CASSYSSGTYYGYTF,0.025760571840003365,TCRBV06-05,TCRBJ01-02
dad0388b714064d6eb426b8c16bc555b,CASSYPNPPPPLHF,0.025746804207485447,TCRBV06-05,TCRBJ01-06
dad0388b714064d6eb426b8c16bc555b,CASSWGGYGYTF,0.025745641031788894,TCRBV06-02/06-03,TCRBJ01-02
dad0388b714064d6eb426b8c16bc555b,CATHYSEGYYGYTF,0.02572665322190994,TCRBV19-01,TCRBJ01-02
dad0388b714064d6eb426b8c16bc555b,CASTRAYTHF,0.02570437993177929,TCRBV07-08,TCRBJ01-06
dad0388b714064d6eb426b8c16bc555b,CASSYSGGSYYGYTF,0.025699827532151578,TCRBV06-05,TCRBJ01-02
dad0388b714064d6eb426b8c16bc555b,CSYRWVYGYTF,0.025693838964192993,TCRBV20-01,TCRBJ01-02
dad0388b714064d6eb426b8c16bc555b,CASGGMYYGYTF,0.025676811878548145,TCRBV06-05,TCRBJ01-02
dad0388b714064d6eb426b8c16bc555b,CASGAPGANVLTF,0.025659990996070255,TCRBV19-01,TCRBJ02-06
dad0388b714064d6eb426b8c16bc555b,CASSASYGYNYGYTF,0.025625943853676354,TCRBV25-01,TCRBJ01-02
dad0388b714064d6eb426b8c16bc555b,CAAAWGGYGYTF,0.02560036376913975,TCRBV12-03/12-04,TCRBJ01-02
dad0388b714064d6eb426b8c16bc555b,CASSYSTGAYYGYTF,0.025582037459456846,TCRBV06-05,TCRBJ01-02
dad0388b714064d6eb426b8c16bc555b,CASPVVPGAINLNRAEAFF,0.02556807464605561,TCRBV27-01,TCRBJ01-01
dad0388b714064d6eb426b8c16bc555b,REKLFF,0.02556335125136327,TCRBV05-08,TCRBJ01-04
dad0388b714064d6eb426b8c16bc555b,CASSYGGWDGYTF,0.02554265762994139,TCRBV06-05,TCRBJ01-02
dad0388b714064d6eb426b8c16bc555b,CASSYPYGYTF,0.025505150067636057,TCRBV06-02/06-03,TCRBJ01-02
dad0388b714064d6eb426b8c16bc555b,CASWWASAGYTF,0.025430907358855826,TCRBV06-05,TCRBJ01-02
dad0388b714064d6eb426b8c16bc555b,CASSPYRAYYGYTF,0.02527885363864594,TCRBV06-05,TCRBJ01-02
dad0388b714064d6eb426b8c16bc555b,CASSTPTGYYYGYTF,0.025233337593101254,TCRBV21-01,TCRBJ01-02
dad0388b714064d6eb426b8c16bc555b,CASGFKPQHF,0.025222813330509845,TCRBV12-05,TCRBJ01-05
dad0388b714064d6eb426b8c16bc555b,CASSHAGGYYGYTF,0.025205221862089074,TCRBV14-01,TCRBJ01-02
dad0388b714064d6eb426b8c16bc555b,CASSPGPKILKANGYTF,0.025190493374086496,TCRBV19-01,TCRBJ01-02
dad0388b714064d6eb426b8c16bc555b,CATPSHF,0.025070058925779255,TCRBV19-01,TCRBJ01-05
dad0388b714064d6eb426b8c16bc555b,CASSYSGTYYGYTF,0.025051547821652132,TCRBV28-01,TCRBJ01-02
dad0388b714064d6eb426b8c16bc555b,CASSYYPGTTEAFF,0.025043874084689145,TCRBV06-02/06-03,TCRBJ01-01
dad0388b714064d6eb426b8c16bc555b,CASSYTGGGYYGYTF,0.025035662870878942,TCRBV07-02,TCRBJ01-02
dad0388b714064d6eb426b8c16bc555b,CASRYF,0.025025282926267496,TCRBV09-01,TCRBJ02-05
dad0388b714064d6eb426b8c16bc555b,CSAFWGPHGYTF,0.025018332337716182,TCRBV20-X,TCRBJ01-02
dad0388b714064d6eb426b8c16bc555b,CASSYFGSNYGYTF,0.025012764499666083,TCRBV06-02/06-03,TCRBJ01-02
dad0388b714064d6eb426b8c16bc555b,CASSYNSAGYYGYTF,0.02498723478974418,TCRBV06-06,TCRBJ01-02
dad0388b714064d6eb426b8c16bc555b,CASSGWGYGYTF,0.02494535734524804,TCRBV09-01,TCRBJ01-02
dad0388b714064d6eb426b8c16bc555b,CASSPHGPYYGYTF,0.02494074459613374,TCRBV04-01,TCRBJ01-02
dad0388b714064d6eb426b8c16bc555b,CAIHNGHKLYGGYTF,0.024923759105284996,TCRBV28-01,TCRBJ01-02
dad0388b714064d6eb426b8c16bc555b,CASTPGHYYGYTF,0.02492204698148623,TCRBV28-01,TCRBJ01-02
dad0388b714064d6eb426b8c16bc555b,CASSYGGPTYYGYTF,0.024911640546046845,TCRBV06-06,TCRBJ01-02
dad0388b714064d6eb426b8c16bc555b,CASSYGGSGNFNYGYTF,0.02490750868911842,TCRBV06-X,TCRBJ01-02
dad0388b714064d6eb426b8c16bc555b,CASSPHPGYTF,0.024896639333785903,TCRBV07-02,TCRBJ01-02
dad0388b714064d6eb426b8c16bc555b,CASSYRGYGYTF,0.024885473752379907,TCRBV06-05,TCRBJ01-02
dd609fd1b764c018a4442b973c62ba6b,WAPPYGYTF,0.033530213677770294,TCRBV12-02,TCRBJ01-02
dd609fd1b764c018a4442b973c62ba6b,CASHSWGPYYGYTF,0.033136146602144693,TCRBV06-05,TCRBJ01-02
dd609fd1b764c018a4442b973c62ba6b,CASSYSNYNYGYTF,0.03131533173267988,TCRBV06-05,TCRBJ01-02
dd609fd1b764c018a4442b973c62ba6b,CASSYNWGSYGYTF,0.030845513239459374,TCRBV06-02/06-03,TCRBJ01-02
dd609fd1b764c018a4442b973c62ba6b,CASSATYYIYRYTF,0.03053250149276108,TCRBV06-X,TCRBJ01-02
dd609fd1b764c018a4442b973c62ba6b,CASSYSWPPWGPNYGYTF,0.030267790217453978,TCRBV06-X,TCRBJ01-02
dd609fd1b764c018a4442b973c62ba6b,CASSYSSYYGYTF,0.0298697800365139,TCRBV05-08,TCRBJ01-02
dd609fd1b764c018a4442b973c62ba6b,CASHPGWGYGYTF,0.028831679839208015,TCRBV06-05,TCRBJ01-02
dd609fd1b764c018a4442b973c62ba6b,CAWGDIGAFF,0.028659336350569057,TCRBV30-01,TCRBJ01-01
dd609fd1b764c018a4442b973c62ba6b,CVKYF,0.028543936012320196,TCRBV05-06,TCRBJ02-07
dd609fd1b764c018a4442b973c62ba6b,WWPAKNIQYF,0.028334715389723302,TCRBV11-02,TCRBJ02-04
dd609fd1b764c018a4442b973c62ba6b,CASIPIWGSGYTF,0.028204469794147112,TCRBV19-01,TCRBJ01-02
dd609fd1b764c018a4442b973c62ba6b,CAWGPYGYTF,0.028157716591627066,TCRBV30-01,TCRBJ01-02
dd609fd1b764c018a4442b973c62ba6b,CAWWRTEAFF,0.028136898531447862,TCRBV30-01,TCRBJ01-01
dd609fd1b764c018a4442b973c62ba6b,CASSYSYRRYGYTF,0.027870775596391093,TCRBV06-05,TCRBJ01-02
dd609fd1b764c018a4442b973c62ba6b,CTSSQYEARPPSYEQYF,0.027847752735181544,TCRBV01-01,TCRBJ02-07
dd609fd1b764c018a4442b973c62ba6b,CASSYYAYATIYF,0.027763784736090546,TCRBV06-02/06-03,TCRBJ01-03
dd609fd1b764c018a4442b973c62ba6b,CASSYFGPYGYTF,0.027736507504576954,TCRBV06-06,TCRBJ01-02
dd609fd1b764c018a4442b973c62ba6b,CASSYSGSYYGYTF,0.027661724680623955,TCRBV06-02/06-03,TCRBJ01-02
dd609fd1b764c018a4442b973c62ba6b,CATQPAPGAGANVLTF,0.027641604125670405,TCRBV27-01,TCRBJ02-06
dd609fd1b764c018a4442b973c62ba6b,CASSPYSGYYGYTF,0.027505197639617496,TCRBV28-01,TCRBJ01-02
dd609fd1b764c018a4442b973c62ba6b,CASTGYPGYYGYTF,0.0274560739216441,TCRBV28-01,TCRBJ01-02
dd609fd1b764c018a4442b973c62ba6b,CATHPGF,0.027365521720073015,TCRBV21-01,TCRBJ01-05
dd609fd1b764c018a4442b973c62ba6b,CASSPEGAWWAFF,0.027317733242567834,TCRBV18-01,TCRBJ01-01
dd609fd1b764c018a4442b973c62ba6b,CAWWTGAAEAFF,0.02725891614325204,TCRBV30-01,TCRBJ01-01
dd609fd1b764c018a4442b973c62ba6b,CAWKWGAEAFF,0.02725825393461333,TCRBV30-01,TCRBJ01-01
dd609fd1b764c018a4442b973c62ba6b,CASSWGGGSNYGYTF,0.027234156391008138,TCRBV05-04,TCRBJ01-02
dd609fd1b764c018a4442b973c62ba6b,CAWGPQGAWGYTF,0.02716950330145497,TCRBV30-01,TCRBJ01-02
dd609fd1b764c018a4442b973c62ba6b,CAWSVWGGPYGYTF,0.026981174266370502,TCRBV30-01,TCRBJ01-02
dd609fd1b764c018a4442b973c62ba6b,CASSGNGGWNGYTF,0.026970275925916415,TCRBV09-01,TCRBJ01-02
dd609fd1b764c018a4442b973c62ba6b,CASSSYSSGNRFKGNYGYTF,0.02693544280145689,TCRBV28-01,TCRBJ01-02
dd609fd1b764c018a4442b973c62ba6b,CSVHTPPGWGAHDYGYTF,0.026878020028235396,TCRBV29-01,TCRBJ01-02
dd609fd1b764c018a4442b973c62ba6b,CSVYYRFF,0.026855956590567952,TCRBV20-01,TCRBJ02-01
dd609fd1b764c018a4442b973c62ba6b,CASNSGFNANYGYTF,0.026841987104048833,TCRBV19-01,TCRBJ01-02
dd609fd1b764c018a4442b973c62ba6b,CASSQDWRKFF,0.026754383801267885,TCRBV03-01/03-02,TCRBJ02-01
dd609fd1b764c018a4442b973c62ba6b,CAWGIYEAFF,0.026689305518359793,TCRBV02-01,TCRBJ01-01
dd609fd1b764c018a4442b973c62ba6b,CAWAGIAPKTYEQYF,0.026591437453901204,TCRBV30-01,TCRBJ02-07
dd609fd1b764c018a4442b973c62ba6b,CAWSWGGGAGANVLTF,0.0264629897713681,TCRBV30-01,TCRBJ02-06
dd609fd1b764c018a4442b973c62ba6b,CASHTGGYNYGYTF,0.02639576098863826,TCRBV06-05,TCRBJ01-02
dd609fd1b764c018a4442b973c62ba6b,CACVWGTGANVLTF,0.026382575557162117,TCRBV30-01,TCRBJ02-06
dd609fd1b764c018a4442b973c62ba6b,CAWSWDSYYGYTF,0.026338755982559303,TCRBV30-01,TCRBJ01-02
dd609fd1b764c018a4442b973c62ba6b,CASILEGSGVYYYYGYTF,0.026248140412016733,TCRBV12-X,TCRBJ01-02
dd609fd1b764c018a4442b973c62ba6b,CASSLWGGPNYGYTF,0.026184192010558913,TCRBV05-06,TCRBJ01-02
dd609fd1b764c018a4442b973c62ba6b,CASSFGGWYGYTF,0.02614697576437704,TCRBV07-02,TCRBJ01-02
dd609fd1b764c018a4442b973c62ba6b,CAWSWRAEAFF,0.026086004920232792,TCRBV30-01,TCRBJ01-01
dd609fd1b764c018a4442b973c62ba6b,CAWTRVYGYTF,0.02606649286231541,TCRBV30-01,TCRBJ01-02
dd609fd1b764c018a4442b973c62ba6b,CASSPPWYF,0.026054925548774963,TCRBV28-01,TCRBJ02-03
dd609fd1b764c018a4442b973c62ba6b,CAWRPWGVGNYGYTF,0.02605111272859872,TCRBV30-01,TCRBJ01-02
dd609fd1b764c018a4442b973c62ba6b,CAWGVGHGYGYTF,0.026024679918842424,TCRBV30-01,TCRBJ01-02
dd609fd1b764c018a4442b973c62ba6b,CAWGAGWRPQHF,0.02600778217791329,TCRBV30-01,TCRBJ01-05
dd609fd1b764c018a4442b973c62ba6b,CASSPLHYNSPLHF,0.026004267436955036,TCRBV03-01/03-02,TCRBJ01-06
dd609fd1b764c018a4442b973c62ba6b,CASSGTTGTPKIKTEAFF,0.02599772835052266,TCRBV06-01,TCRBJ01-01
dd609fd1b764c018a4442b973c62ba6b,CAWRPYFVGYGYTF,0.025949689842497653,TCRBV30-01,TCRBJ01-02
dd609fd1b764c018a4442b973c62ba6b,CASSFGHYYGYTF,0.025882956458713774,TCRBV27-01,TCRBJ01-02
dd609fd1b764c018a4442b973c62ba6b,CAWPPAFF,0.025862012483990827,TCRBV30-01,TCRBJ01-01
dd609fd1b764c018a4442b973c62ba6b,CAWSGGHWYGYTF,0.025847350112557666,TCRBV30-01,TCRBJ01-02
dd609fd1b764c018a4442b973c62ba6b,CASSFGWGGANYGYTF,0.025842373922399388,TCRBV07-02,TCRBJ01-02
dd609fd1b764c018a4442b973c62ba6b,CAWSYPGGPHNEQFF,0.025802280329865205,TCRBV30-01,TCRBJ02-01
dd609fd1b764c018a4442b973c62ba6b,CASSHHWGGAAKIYGYTF,0.025793478054261035,TCRBV05-08,TCRBJ01-02
dd609fd1b764c018a4442b973c62ba6b,CSAPYGHYGYTF,0.025719665316705494,TCRBV20-X,TCRBJ01-02
dd609fd1b764c018a4442b973c62ba6b,CAWSPYQTGSYYGYTF,0.025703194739700782,TCRBV30-01,TCRBJ01-02
dd609fd1b764c018a4442b973c62ba6b,CASSYGWGQGWIF,0.025702954423865745,TCRBV06-05,TCRBJ01-01
dd609fd1b764c018a4442b973c62ba6b,CASSYYGGASSGNTIYF,0.025693491301883337,TCRBV11-X,TCRBJ01-03
dd609fd1b764c018a4442b973c62ba6b,CASSFAWAFF,0.02565729832623651,TCRBV27-01,TCRBJ01-01
dd609fd1b764c018a4442b973c62ba6b,CAWGPPLFF,0.02559371250198087,TCRBV30-01,TCRBJ02-01
dd609fd1b764c018a4442b973c62ba6b,CASSAPAAGANVLTF,0.025580832502841544,TCRBV11-03,TCRBJ02-06
dd609fd1b764c018a4442b973c62ba6b,CASSPQPGPPHQPQHF,0.025578598056332703,TCRBV07-02,TCRBJ01-05
dd609fd1b764c018a4442b973c62ba6b,CAPWDARHYFYEGYF,0.02556901764489404,TCRBV24-01,TCRBJ02-07
dd609fd1b764c018a4442b973c62ba6b,CAWSGGWGYTF,0.02553619301411228,TCRBV30-01,TCRBJ01-02
dd609fd1b764c018a4442b973c62ba6b,CASSYYPGTGGGNYGYTF,0.025516091392722384,TCRBV06-X,TCRBJ01-02
dd609fd1b764c018a4442b973c62ba6b,CASGDYYYGYTF,0.025506739713692297,TCRBV19-01,TCRBJ01-02
dd609fd1b764c018a4442b973c62ba6b,CASSYSGGWSSGNTIYF,0.025466705008582096,TCRBV06-X,TCRBJ01-03
dd609fd1b764c018a4442b973c62ba6b,CATRYPHF,0.025446532494755366,TCRBV15-01,TCRBJ01-05
dd609fd1b764c018a4442b973c62ba6b,CASSYSSYTGNYGYTF,0.025433539954662045,TCRBV06-05,TCRBJ01-02
dd609fd1b764c018a4442b973c62ba6b,CAKKRGNTIYF,0.025429365153285297,TCRBV23-01,TCRBJ01-03
dd609fd1b764c018a4442b973c62ba6b,CASMHGYTF,0.02541882327977001,TCRBV27-01,TCRBJ01-02
dd609fd1b764c018a4442b973c62ba6b,CASSPARGHHYGYTF,0.025390776178742136,TCRBV27-01,TCRBJ01-02
dd609fd1b764c018a4442b973c62ba6b,CAWGGTGWGTEAFF,0.025376882605771544,TCRBV30-01,TCRBJ01-01
dd609fd1b764c018a4442b973c62ba6b,CASSYSSGGGFNGYTF,0.025349463738899257,TCRBV06-05,TCRBJ01-02
dd609fd1b764c018a4442b973c62ba6b,CASSSTGTGGTSWGGYTF,0.025294349567510158,TCRBV28-01,TCRBJ01-02
dd609fd1b764c018a4442b973c62ba6b,CASSYSNKYNYGYTF,0.025249754009146832,TCRBV06-05,TCRBJ01-02
dd609fd1b764c018a4442b973c62ba6b,CAWSHLWATEAFF,0.025236407730995933,TCRBV30-01,TCRBJ01-01
dd609fd1b764c018a4442b973c62ba6b,CAWGPDIFYGYTF,0.02522834316537874,TCRBV30-01,TCRBJ01-02
dd609fd1b764c018a4442b973c62ba6b,CASSYASHHYGYTF,0.0252091381813701,TCRBV06-05,TCRBJ01-02
dd609fd1b764c018a4442b973c62ba6b,CAWIWGEAFF,0.025195805496886152,TCRBV30-01,TCRBJ01-01
dd609fd1b764c018a4442b973c62ba6b,CASRHHQPQHF,0.025190967600266644,TCRBV11-03,TCRBJ01-05
dd609fd1b764c018a4442b973c62ba6b,WMWMGDTGELFF,0.025189953293751524,TCRBV04-01,TCRBJ02-02
dd609fd1b764c018a4442b973c62ba6b,CASSYSWEYSYGYTF,0.025186547681140325,TCRBV06-05,TCRBJ01-02
dd609fd1b764c018a4442b973c62ba6b,CASIKPYGGNYGYTF,0.025151664175969916,TCRBV02-01,TCRBJ01-02
dd609fd1b764c018a4442b973c62ba6b,CASSSGGPNYSGNTIYF,0.025147056636128824,TCRBV09-01,TCRBJ01-03
dd609fd1b764c018a4442b973c62ba6b,CAWHRDRGIWGYTF,0.02513876572077325,TCRBV30-01,TCRBJ01-02
dd609fd1b764c018a4442b973c62ba6b,CASSHPGSNHPYGYTF,0.025135720300140902,TCRBV03-01/03-02,TCRBJ01-02
dd609fd1b764c018a4442b973c62ba6b,CASSWSGGSNYGYTF,0.025133833342162484,TCRBV11-02,TCRBJ01-02
dd609fd1b764c018a4442b973c62ba6b,CASSFAGGPYYGYTF,0.025127270957849796,TCRBV28-01,TCRBJ01-02
dd609fd1b764c018a4442b973c62ba6b,CASRHYGQYNYGYTF,0.02512508386738115,TCRBV19-01,TCRBJ01-02
dd609fd1b764c018a4442b973c62ba6b,CSAKAF,0.02509726211248322,TCRBV20-01,TCRBJ01-01
dd609fd1b764c018a4442b973c62ba6b,CASSYSGTYYGYTF,0.025051555100562777,TCRBV06-05,TCRBJ01-02
dd609fd1b764c018a4442b973c62ba6b,CSGWGGGYGYTF,0.025014889730346764,TCRBV29-01,TCRBJ01-02
dd609fd1b764c018a4442b973c62ba6b,CASSYYGPYEQYF,0.02501346513767371,TCRBV06-02/06-03,TCRBJ02-07
e0b4b25ba4a3baa84dc9263a5bb6d48e,CASKF,0.037442078342051766,TCRBV07-02,TCRBJ02-07
e0b4b25ba4a3baa84dc9263a5bb6d48e,CSAWGWGTPKYYGYTF,0.03053993718640329,TCRBV20-X,TCRBJ01-02
e0b4b25ba4a3baa84dc9263a5bb6d48e,CASSYWGNYGYTF,0.030370147246248907,TCRBV06-02/06-03,TCRBJ01-02
e0b4b25ba4a3baa84dc9263a5bb6d48e,CASIYHRGAYYGYTF,0.029788989344541397,TCRBV28-01,TCRBJ01-02
e0b4b25ba4a3baa84dc9263a5bb6d48e,CARPPPPLHF,0.029131543194592723,TCRBV05-01,TCRBJ01-06
e0b4b25ba4a3baa84dc9263a5bb6d48e,CASSYYGTNYGYTF,0.028844785692248392,TCRBV06-02/06-03,TCRBJ01-02
e0b4b25ba4a3baa84dc9263a5bb6d48e,CASSYYGVYGYTF,0.02859719734304646,TCRBV06-05,TCRBJ01-02
e0b4b25ba4a3baa84dc9263a5bb6d48e,CASSYGYYGYTF,0.02834084690942841,TCRBV06-02/06-03,TCRBJ01-02
e0b4b25ba4a3baa84dc9263a5bb6d48e,YTF,0.028244634335945453,TCRBV27-01,TCRBJ01-02
e0b4b25ba4a3baa84dc9263a5bb6d48e,CASSYWPGGGYTF,0.027974934857273457,TCRBV06-02/06-03,TCRBJ01-02
e0b4b25ba4a3baa84dc9263a5bb6d48e,CASGGWQGGFGYTF,0.02792755604575234,TCRBV25-01,TCRBJ01-02
e0b4b25ba4a3baa84dc9263a5bb6d48e,CASVYLAGGADTQYF,0.027618744385263124,TCRBV10-02,TCRBJ02-03
e0b4b25ba4a3baa84dc9263a5bb6d48e,CASSFWGPGGYGYTF,0.027614054605959965,TCRBV28-01,TCRBJ01-02
e0b4b25ba4a3baa84dc9263a5bb6d48e,CASSYGWGSSGGYTF,0.02753983841468494,TCRBV06-06,TCRBJ01-02
e0b4b25ba4a3baa84dc9263a5bb6d48e,CASSIWWKEAGANVLTF,0.027482171921077703,TCRBV19-01,TCRBJ02-06
e0b4b25ba4a3baa84dc9263a5bb6d48e,CAWSYPGYGYTF,0.027182546173856577,TCRBV30-01,TCRBJ01-02
e0b4b25ba4a3baa84dc9263a5bb6d48e,CASSPGHNYNYGYTF,0.026763085805372826,TCRBV09-01,TCRBJ01-02
e0b4b25ba4a3baa84dc9263a5bb6d48e,CASSYFPGGNTEAFF,0.026596098729997807,TCRBV06-05,TCRBJ01-01
e0b4b25ba4a3baa84dc9263a5bb6d48e,CAWSWGAEAFF,0.02650266726654998,TCRBV30-01,TCRBJ01-01
e0b4b25ba4a3baa84dc9263a5bb6d48e,CASSYGYNYGYTF,0.026419871209179865,TCRBV06-05,TCRBJ01-02
e0b4b25ba4a3baa84dc9263a5bb6d48e,CASSFWGAAIHPYGYTF,0.026393227540751886,TCRBV27-01,TCRBJ01-02
e0b4b25ba4a3baa84dc9263a5bb6d48e,CASSYKYYGYTF,0.02625440707147336,TCRBV06-02/06-03,TCRBJ01-02
e0b4b25ba4a3baa84dc9263a5bb6d48e,CAWSWAGGYGYTF,0.026217547181720723,TCRBV30-01,TCRBJ01-02
e0b4b25ba4a3baa84dc9263a5bb6d48e,CADWYGYTF,0.026207762791917246,TCRBV21-01,TCRBJ01-02
e0b4b25ba4a3baa84dc9263a5bb6d48e,CAWSYGDYYGYTF,0.026120513493748394,TCRBV30-01,TCRBJ01-02
e0b4b25ba4a3baa84dc9263a5bb6d48e,CATYGGGPYGYTF,0.02611590452964848,TCRBV19-01,TCRBJ01-02
e0b4b25ba4a3baa84dc9263a5bb6d48e,CASSYSWPSYGYTF,0.026082610103087902,TCRBV06-05,TCRBJ01-02
e0b4b25ba4a3baa84dc9263a5bb6d48e,CAWSYRAYAFF,0.026062111037169662,TCRBV30-01,TCRBJ01-01
e0b4b25ba4a3baa84dc9263a5bb6d48e,CASAGYHYGYTF,0.025935135684974946,TCRBV02-01,TCRBJ01-02
e0b4b25ba4a3baa84dc9263a5bb6d48e,CACVIGPYVPKGYTF,0.02591534828103841,TCRBV06-05,TCRBJ01-02
e0b4b25ba4a3baa84dc9263a5bb6d48e,CASSYWNRQGGGYTF,0.025690666901892922,TCRBV06-05,TCRBJ01-02
e0b4b25ba4a3baa84dc9263a5bb6d48e,CASWDWNTEAFF,0.025659928407372634,TCRBV02-01,TCRBJ01-01
e0b4b25ba4a3baa84dc9263a5bb6d48e,CAWDAPEAFF,0.025647934984466294,TCRBV25-01,TCRBJ01-01
e0b4b25ba4a3baa84dc9263a5bb6d48e,CASASGGPYYGYTF,0.025568393925334807,TCRBV07-02,TCRBJ01-02
e0b4b25ba4a3baa84dc9263a5bb6d48e,CASSIWGAVEAFF,0.025532185693143215,TCRBV19-01,TCRBJ01-01
e0b4b25ba4a3baa84dc9263a5bb6d48e,CASTYGPYGYTF,0.025522783796507315,TCRBV12-03/12-04,TCRBJ01-02
e0b4b25ba4a3baa84dc9263a5bb6d48e,CASSPTWGFGYGYTF,0.025509065837523454,TCRBV07-06,TCRBJ01-02
e0b4b25ba4a3baa84dc9263a5bb6d48e,CASSSWGGSYGYTF,0.025502320647480908,TCRBV28-01,TCRBJ01-02
e0b4b25ba4a3baa84dc9263a5bb6d48e,CASSYGWGLYGYTF,0.02549828295737089,TCRBV12-X,TCRBJ01-02
e0b4b25ba4a3baa84dc9263a5bb6d48e,CASSYGGPYGYTF,0.025495726766731664,TCRBV06-06,TCRBJ01-02
e0b4b25ba4a3baa84dc9263a5bb6d48e,CSAYYYTQYF,0.025377575486872122,TCRBV20-01,TCRBJ02-03
e0b4b25ba4a3baa84dc9263a5bb6d48e,CASSFWGSGGYGYTF,0.025363899653263158,TCRBV05-04,TCRBJ01-02
e0b4b25ba4a3baa84dc9263a5bb6d48e,CASSLWGGHIGFYTF,0.025336612202456334,TCRBV28-01,TCRBJ01-02
e0b4b25ba4a3baa84dc9263a5bb6d48e,CASIPKGWGMAFF,0.02525918854641614,TCRBV27-01,TCRBJ01-01
e0b4b25ba4a3baa84dc9263a5bb6d48e,CAIKGHTYGYTF,0.02523225272211373,TCRBV06-05,TCRBJ01-02
e0b4b25ba4a3baa84dc9263a5bb6d48e,CAWGPKSYYGYTF,0.025215779996659735,TCRBV30-01,TCRBJ01-02
e0b4b25ba4a3baa84dc9263a5bb6d48e,CASSYSPYGYTF,0.025209182122495483,TCRBV19-01,TCRBJ01-02
e0b4b25ba4a3baa84dc9263a5bb6d48e,CASSFWAFF,0.02520639200908534,TCRBV05-08,TCRBJ01-01
e0b4b25ba4a3baa84dc9263a5bb6d48e,CASSYGFHYGYTF,0.02515623453378937,TCRBV06-06,TCRBJ01-02
e0b4b25ba4a3baa84dc9263a5bb6d48e,CASTGWGYGYTF,0.02503654890961549,TCRBV19-01,TCRBJ01-02
e0b4b25ba4a3baa84dc9263a5bb6d48e,CAWVGASAFF,0.025033455908863942,TCRBV30-01,TCRBJ01-01
e0b4b25ba4a3baa84dc9263a5bb6d48e,CASSHGWGANYGYTF,0.025006231462078702,TCRBV11-02,TCRBJ01-02
e0b4b25ba4a3baa84dc9263a5bb6d48e,CASSHRGGYFPYF,0.025005388610600292,TCRBV05-01,TCRBJ02-05
e0b4b25ba4a3baa84dc9263a5bb6d48e,RVNRAFF,0.02496073386117702,TCRBV06-06,TCRBJ01-01
e0b4b25ba4a3baa84dc9263a5bb6d48e,CASSYYATGYAPTF,0.024949924524728453,TCRBV06-05,TCRBJ01-02
e0b4b25ba4a3baa84dc9263a5bb6d48e,CASSYKPAYGYTF,0.02493520807558972,TCRBV06-05,TCRBJ01-02
e0b4b25ba4a3baa84dc9263a5bb6d48e,CSAWAKVGANVLTF,0.02491751953128127,TCRBV20-X,TCRBJ02-06
e0b4b25ba4a3baa84dc9263a5bb6d48e,CSTSHYRGYGYTF,0.0248760422207225,TCRBV20-X,TCRBJ01-02
e0b4b25ba4a3baa84dc9263a5bb6d48e,CASSWKPGANVLTF,0.02485335834958312,TCRBV18-01,TCRBJ02-06
e0b4b25ba4a3baa84dc9263a5bb6d48e,CASAGYGFYGYTF,0.024828829993935188,TCRBV06-X,TCRBJ01-02
e0b4b25ba4a3baa84dc9263a5bb6d48e,CASSYTGWGYGYTF,0.02481460143524479,TCRBV28-01,TCRBJ01-02
e0b4b25ba4a3baa84dc9263a5bb6d48e,CAAWTAGANVLTF,0.024807260865465572,TCRBV19-01,TCRBJ02-06
e0b4b25ba4a3baa84dc9263a5bb6d48e,ANVLTF,0.024801557161215553,TCRBV02-01,TCRBJ02-06
e0b4b25ba4a3baa84dc9263a5bb6d48e,CSVEDPPSYTEAFF,0.02479902867805711,TCRBV29-01,TCRBJ01-01
e0b4b25ba4a3baa84dc9263a5bb6d48e,CASSSTYGGFNYGYTF,0.024773213326899395,TCRBV27-01,TCRBJ01-02
e0b4b25ba4a3baa84dc9263a5bb6d48e,CASANGNGGPNYGYTF,0.0246572819947501,TCRBV03-01/03-02,TCRBJ01-02
e0b4b25ba4a3baa84dc9263a5bb6d48e,CSARGWGYGYTF,0.024639746947271626,TCRBV20-X,TCRBJ01-02
e0b4b25ba4a3baa84dc9263a5bb6d48e,CASSPYRGIYYGYTF,0.024630655349620573,TCRBV03-01/03-02,TCRBJ01-02
e0b4b25ba4a3baa84dc9263a5bb6d48e,CASSYFRQGKNTEAFF,0.024626029171258657,TCRBV06-05,TCRBJ01-01
e0b4b25ba4a3baa84dc9263a5bb6d48e,CASSAYRGPNYGYTF,0.024583288230411116,TCRBV05-01,TCRBJ01-02
e0b4b25ba4a3baa84dc9263a5bb6d48e,CASPWGGAGNFYGYTF,0.02457538424989148,TCRBV10-01,TCRBJ01-02
e0b4b25ba4a3baa84dc9263a5bb6d48e,CASSPQHQPQHF,0.02457184676738226,TCRBV28-01,TCRBJ01-05
e0b4b25ba4a3baa84dc9263a5bb6d48e,CASSYSGPYGYTF,0.024566725726664688,TCRBV06-05,TCRBJ01-02
e0b4b25ba4a3baa84dc9263a5bb6d48e,CASSAPGQGAPGANVLTF,0.024562124105829034,TCRBV05-04,TCRBJ02-06
e0b4b25ba4a3baa84dc9263a5bb6d48e,CSAYTGAWYGYTF,0.02455101341416843,TCRBV29-01,TCRBJ01-02
e0b4b25ba4a3baa84dc9263a5bb6d48e,CASSIVKWVEQFF,0.024546638728569888,TCRBV19-01,TCRBJ02-01
e0b4b25ba4a3baa84dc9263a5bb6d48e,CASIRDVKAFF,0.024511399228868296,TCRBV28-01,TCRBJ01-01
e0b4b25ba4a3baa84dc9263a5bb6d48e,CASSYGPYGYTF,0.024499481829713954,TCRBV06-02/06-03,TCRBJ01-02
e0b4b25ba4a3baa84dc9263a5bb6d48e,CASNGYTTGTGAPGANVLTF,0.02446935876013878,TCRBV02-01,TCRBJ02-06
e0b4b25ba4a3baa84dc9263a5bb6d48e,CASSLGAWWYTF,0.024464975498642468,TCRBV07-02,TCRBJ01-02
e0b4b25ba4a3baa84dc9263a5bb6d48e,CSPIHGGWGAFF,0.02445366734663674,TCRBV20-X,TCRBJ01-01
e0b4b25ba4a3baa84dc9263a5bb6d48e,CASSFIEGVTEAFF,0.024447771380352187,TCRBV07-02,TCRBJ01-01
e0b4b25ba4a3baa84dc9263a5bb6d48e,CASSKAPEPKARPAPCGYTF,0.024346880985402393,TCRBV21-01,TCRBJ01-02
e0b4b25ba4a3baa84dc9263a5bb6d48e,CASSYSARGHHYGYTF,0.024329665874383188,TCRBV06-02/06-03,TCRBJ01-02
e0b4b25ba4a3baa84dc9263a5bb6d48e,CASSIWWGTPHGYTF,0.02426670409269542,TCRBV19-01,TCRBJ01-02
e0b4b25ba4a3baa84dc9263a5bb6d48e,CASSHVWGGYTEAFF,0.02423290364379976,TCRBV14-01,TCRBJ01-01
e0b4b25ba4a3baa84dc9263a5bb6d48e,CAWSVWDTEAFF,0.024192634749948587,TCRBV30-01,TCRBJ01-01
e0b4b25ba4a3baa84dc9263a5bb6d48e,CASSFHDRAYYYGYTF,0.024189632163667756,TCRBV28-01,TCRBJ01-02
e0b4b25ba4a3baa84dc9263a5bb6d48e,CASSVAWGANVLTF,0.024124984070829022,TCRBV09-01,TCRBJ02-06
e0b4b25ba4a3baa84dc9263a5bb6d48e,CASSWWGLYGYTF,0.02409098937277445,TCRBV28-01,TCRBJ01-02
e0b4b25ba4a3baa84dc9263a5bb6d48e,CAWGPGGGHNQPQHF,0.024083361646156928,TCRBV07-09,TCRBJ01-05
e0b4b25ba4a3baa84dc9263a5bb6d48e,CAWSEGVPWYGYTF,0.02407757656965668,TCRBV30-01,TCRBJ01-02
e0b4b25ba4a3baa84dc9263a5bb6d48e,CAWKVWAARLAFF,0.02405632700464363,TCRBV30-01,TCRBJ01-01
e0b4b25ba4a3baa84dc9263a5bb6d48e,CASSHKRGHAYTF,0.02403899204181511,TCRBV04-01,TCRBJ01-02
e0b4b25ba4a3baa84dc9263a5bb6d48e,CASSEGGSYGPWGYF,0.024024731176002134,TCRBV06-01,TCRBJ02-03
e0b4b25ba4a3baa84dc9263a5bb6d48e,CASSAHPRDRWRWREQFF,0.024013643156562917,TCRBV19-01,TCRBJ02-01
e1269a8bba52b074de30178070ba4c3c,FF,0.04636412703904203,TCRBV29-01,TCRBJ01-01
e1269a8bba52b074de30178070ba4c3c,YF,0.04349813901580405,TCRBV03-01/03-02,TCRBJ02-05
e1269a8bba52b074de30178070ba4c3c,CASSYYYYGYTF,0.042345505323447295,TCRBV02-01,TCRBJ01-02
e1269a8bba52b074de30178070ba4c3c,CAWYRGYYGYTF,0.0366894515840612,TCRBV30-01,TCRBJ01-02
e1269a8bba52b074de30178070ba4c3c,CASSYYYGYTF,0.03404898819011768,TCRBV28-01,TCRBJ01-02
e1269a8bba52b074de30178070ba4c3c,CAWSYRPYYGYTF,0.033098635409254486,TCRBV30-01,TCRBJ01-02
e1269a8bba52b074de30178070ba4c3c,CAYWGYGYTF,0.03273676641081515,TCRBV30-01,TCRBJ01-02
e1269a8bba52b074de30178070ba4c3c,CASSWWGWGGYTF,0.032543187007664835,TCRBV05-04,TCRBJ01-02
e1269a8bba52b074de30178070ba4c3c,CAWGYYGYTF,0.03236988199268974,TCRBV30-01,TCRBJ01-02
e1269a8bba52b074de30178070ba4c3c,CAWYRGYGYTF,0.03173565852841754,TCRBV30-01,TCRBJ01-02
e1269a8bba52b074de30178070ba4c3c,WAHAQPQHF,0.031081329456131186,TCRBV12-05,TCRBJ01-05
e1269a8bba52b074de30178070ba4c3c,CASSPYYYGYTF,0.031066251318310745,TCRBV19-01,TCRBJ01-02
e1269a8bba52b074de30178070ba4c3c,CASSHGGVYYNYGYTF,0.030965909997991297,TCRBV14-01,TCRBJ01-02
e1269a8bba52b074de30178070ba4c3c,CASSYGGWANYGYTF,0.030935468927805247,TCRBV06-05,TCRBJ01-02
e1269a8bba52b074de30178070ba4c3c,CAWGPYTGPHGYGYTF,0.03071490309054016,TCRBV30-01,TCRBJ01-02
e1269a8bba52b074de30178070ba4c3c,CASSGGWTGGWNPSGNTIYF,0.0306673514789529,TCRBV25-X,TCRBJ01-03
e1269a8bba52b074de30178070ba4c3c,CASSYGPYYGYTF,0.030666648058650485,TCRBV06-05,TCRBJ01-02
e1269a8bba52b074de30178070ba4c3c,CASSGGWGANYGYTF,0.030561182860808334,TCRBV25-01,TCRBJ01-02
e1269a8bba52b074de30178070ba4c3c,CSAYVGVYGYTF,0.030448931076744123,TCRBV20-X,TCRBJ01-02
e1269a8bba52b074de30178070ba4c3c,CAWYSGVGYYGYTF,0.030146462786314734,TCRBV30-01,TCRBJ01-02
e1269a8bba52b074de30178070ba4c3c,CAWNPGPGWIF,0.02989981336438241,TCRBV30-01,TCRBJ01-01
e1269a8bba52b074de30178070ba4c3c,CASSYSSYYGYTF,0.029869745492570453,TCRBV06-05,TCRBJ01-02
e1269a8bba52b074de30178070ba4c3c,CAWVKGYGYGYTF,0.029849260847823085,TCRBV30-01,TCRBJ01-02
e1269a8bba52b074de30178070ba4c3c,CASSLWDAVREAFF,0.02976136325272692,TCRBV05-05,TCRBJ01-01
e1269a8bba52b074de30178070ba4c3c,CASSYYGHYGYTF,0.02973012187370145,TCRBV06-02/06-03,TCRBJ01-02
e1269a8bba52b074de30178070ba4c3c,CASSWDDWYF,0.029652725973657784,TCRBV05-01,TCRBJ02-07
e1269a8bba52b074de30178070ba4c3c,CASSTIIKKRGRGAKNIQYF,0.029574230441644547,unresolved,TCRBJ02-04
e1269a8bba52b074de30178070ba4c3c,CSAMWGYYGYTF,0.02944577854836122,TCRBV20-X,TCRBJ01-02
e1269a8bba52b074de30178070ba4c3c,CASGLWGGVKKYF,0.029437371607808877,TCRBV02-01,TCRBJ02-07
e1269a8bba52b074de30178070ba4c3c,CASSYWGPPNYGYTF,0.029395456834728727,TCRBV06-02/06-03,TCRBJ01-02
e1269a8bba52b074de30178070ba4c3c,CASSYPGGWYGYTF,0.02939160521633511,TCRBV06-02/06-03,TCRBJ01-02
e1269a8bba52b074de30178070ba4c3c,CSAPGGGGWNYGYTF,0.02935981108783266,TCRBV20-X,TCRBJ01-02
e1269a8bba52b074de30178070ba4c3c,CAWAYGYTF,0.029301900055146473,TCRBV30-01,TCRBJ01-02
e1269a8bba52b074de30178070ba4c3c,CATHHHFYGYTF,0.029299274067912905,TCRBV06-05,TCRBJ01-02
e1269a8bba52b074de30178070ba4c3c,CASSYYWDSNYGYTF,0.0291337482914672,TCRBV06-05,TCRBJ01-02
e1269a8bba52b074de30178070ba4c3c,CASWFYGTSWPYGYTF,0.029044188003432034,TCRBV07-02,TCRBJ01-02
e1269a8bba52b074de30178070ba4c3c,CASSYRGWGWGYTF,0.028984055869008003,TCRBV06-05,TCRBJ01-02
e1269a8bba52b074de30178070ba4c3c,CHVIHTGCVYRVTVIIF,0.028912187257353304,TCRBV04-01,TCRBJ01-03
e1269a8bba52b074de30178070ba4c3c,LF,0.02884935765732803,TCRBV27-01,TCRBJ01-01
e1269a8bba52b074de30178070ba4c3c,CASNPWGGGNYGYTF,0.028812237873059757,TCRBV23-01,TCRBJ01-02
e1269a8bba52b074de30178070ba4c3c,CASWDGGWYGYTF,0.028768663607305036,TCRBV05-04,TCRBJ01-02
e1269a8bba52b074de30178070ba4c3c,CAWGPPYTF,0.028715355027718003,TCRBV30-01,TCRBJ01-02
e1269a8bba52b074de30178070ba4c3c,CSAYTGTGYTNYGYTF,0.028688773238186867,TCRBV20-X,TCRBJ01-02
e1269a8bba52b074de30178070ba4c3c,CAWTTGGAWWETQYF,0.02864383949135394,TCRBV30-01,TCRBJ02-05
e1269a8bba52b074de30178070ba4c3c,CAPHLVQGNHEQYF,0.028563470186241256,TCRBV24-01,TCRBJ02-07
e1269a8bba52b074de30178070ba4c3c,CASSYSSYKPYYGYTF,0.02841750751537031,TCRBV06-05,TCRBJ01-02
e1269a8bba52b074de30178070ba4c3c,RGGPNYGYTF,0.028409232553261145,TCRBV23-01,TCRBJ01-02
e1269a8bba52b074de30178070ba4c3c,CRDLKYF,0.028351494786051187,TCRBV20-01,TCRBJ02-03
e1269a8bba52b074de30178070ba4c3c,CASSYYGGYTF,0.028341175185563616,TCRBV12-03/12-04,TCRBJ01-02
e1269a8bba52b074de30178070ba4c3c,CASSYGYYGYTF,0.028340804233801975,TCRBV06-02/06-03,TCRBJ01-02
e1269a8bba52b074de30178070ba4c3c,CASSPPAKDGGWWNYGYTF,0.028327768109691995,TCRBV18-01,TCRBJ01-02
e1269a8bba52b074de30178070ba4c3c,KDTIYF,0.028276449899512838,TCRBV06-04,TCRBJ01-03
e1269a8bba52b074de30178070ba4c3c,CSVYTTGGYYGYTF,0.028269518127101757,TCRBV20-X,TCRBJ01-02
e1269a8bba52b074de30178070ba4c3c,CAWGSGYGYGYTF,0.02817569168874375,TCRBV30-01,TCRBJ01-02
e1269a8bba52b074de30178070ba4c3c,CASSLFPGTKHGYTF,0.02817139309850068,TCRBV27-01,TCRBJ01-02
e1269a8bba52b074de30178070ba4c3c,CAWGGGYGYTF,0.028105245212949503,TCRBV30-01,TCRBJ01-02
e1269a8bba52b074de30178070ba4c3c,CASHHPPRYGYTF,0.028040823883823576,TCRBV19-01,TCRBJ01-02
e1269a8bba52b074de30178070ba4c3c,CATHPFWTGHYGYTF,0.028021721248230186,TCRBV28-01,TCRBJ01-02
e1269a8bba52b074de30178070ba4c3c,CSAPGGGWSSYGYTF,0.027999000664888835,TCRBV20-X,TCRBJ01-02
e1269a8bba52b074de30178070ba4c3c,CAWSGGYYGYTF,0.027991781406963925,TCRBV30-01,TCRBJ01-02
e1269a8bba52b074de30178070ba4c3c,CASSYYPGAHSYF,0.027919257887905113,TCRBV06-05,TCRBJ02-07
e1269a8bba52b074de30178070ba4c3c,TQYF,0.027884071147928093,TCRBV05-01,TCRBJ02-05
e1269a8bba52b074de30178070ba4c3c,CASSFIDRVTEAFF,0.027809738196746668,TCRBV07-03,TCRBJ01-01
e1269a8bba52b074de30178070ba4c3c,FQPQHF,0.027780757292315127,TCRBV19-01,TCRBJ01-05
e1269a8bba52b074de30178070ba4c3c,CASSSYRGWYGYTF,0.027776195309963874,TCRBV05-07,TCRBJ01-02
e1269a8bba52b074de30178070ba4c3c,CASSYSWGGYGYTF,0.02774409529906239,TCRBV06-02/06-03,TCRBJ01-02
e1269a8bba52b074de30178070ba4c3c,CASSMWHF,0.027684787450130425,TCRBV18-01,TCRBJ01-06
e1269a8bba52b074de30178070ba4c3c,CASSYSTGYYGYTF,0.027645748870293696,TCRBV06-05,TCRBJ01-02
e1269a8bba52b074de30178070ba4c3c,CASSFWGGNYGYTF,0.027608514300796857,TCRBV06-06,TCRBJ01-02
e1269a8bba52b074de30178070ba4c3c,CSAWGGGWDYGYTF,0.02758127178807759,TCRBV20-X,TCRBJ01-02
e1269a8bba52b074de30178070ba4c3c,CAWSTGGPYYGYTF,0.027577668706839777,TCRBV30-01,TCRBJ01-02
e1269a8bba52b074de30178070ba4c3c,CASSYGSYYGYTF,0.02755420552244958,TCRBV07-09,TCRBJ01-02
e1269a8bba52b074de30178070ba4c3c,CASGGYYGYTF,0.027553659317887166,TCRBV07-06,TCRBJ01-02
e1269a8bba52b074de30178070ba4c3c,WPPYSPLHF,0.027544113616647173,TCRBV09-01,TCRBJ01-06
e1269a8bba52b074de30178070ba4c3c,CASSYSYNYGYTF,0.02754397791138111,TCRBV06-02/06-03,TCRBJ01-02
e1269a8bba52b074de30178070ba4c3c,WAWTPYGGEGGYTF,0.0275353404107052,TCRBV30-01,TCRBJ01-02
e1269a8bba52b074de30178070ba4c3c,CASSHGPYYGYTF,0.02753098993353671,TCRBV07-08,TCRBJ01-02
e1269a8bba52b074de30178070ba4c3c,CACQGGYSYYGYTF,0.027516921687562455,TCRBV12-X,TCRBJ01-02
e1269a8bba52b074de30178070ba4c3c,CASGGGGPYYGYTF,0.027403384604900716,TCRBV28-01,TCRBJ01-02
e1269a8bba52b074de30178070ba4c3c,CAWSGGWGIYGYTF,0.02737176678190623,TCRBV30-01,TCRBJ01-02
e1269a8bba52b074de30178070ba4c3c,CASYSTGGYYGYTF,0.027356429508117484,TCRBV19-01,TCRBJ01-02
e1269a8bba52b074de30178070ba4c3c,CASSHGRHWYF,0.02733642017585366,TCRBV04-01,TCRBJ02-07
e1269a8bba52b074de30178070ba4c3c,CASSLFRQGGPDGTQYF,0.027323680978105242,TCRBV07-02,TCRBJ02-05
e1269a8bba52b074de30178070ba4c3c,CASSYWGDSYGYTF,0.02731235364554791,TCRBV06-02/06-03,TCRBJ01-02
e1269a8bba52b074de30178070ba4c3c,CASSFGYNNYGYTF,0.02729744280309672,TCRBV07-02,TCRBJ01-02
e1269a8bba52b074de30178070ba4c3c,CASRRWYF,0.027293475404969045,TCRBV30-01,TCRBJ02-03
e1269a8bba52b074de30178070ba4c3c,CASSGSTGGWNYGYTF,0.027279242013127994,TCRBV05-01,TCRBJ01-02
e1269a8bba52b074de30178070ba4c3c,CSVVYIYGYTF,0.027255243374111206,TCRBV29-01,TCRBJ01-02
e1269a8bba52b074de30178070ba4c3c,CASSWGGGSNYGYTF,0.027234123230484346,TCRBV11-02,TCRBJ01-02
e1269a8bba52b074de30178070ba4c3c,CATHPQGAPQPQHF,0.02722977638352044,TCRBV06-05,TCRBJ01-05
e1269a8bba52b074de30178070ba4c3c,CASSGPTFWTGGYYGYTF,0.02721076271442167,TCRBV09-01,TCRBJ01-02
e1269a8bba52b074de30178070ba4c3c,CASSYPGYYGYTF,0.027197178385092072,TCRBV06-05,TCRBJ01-02
e1269a8bba52b074de30178070ba4c3c,CASSYKRWYYGYTF,0.027169361513157585,TCRBV06-05,TCRBJ01-02
e1269a8bba52b074de30178070ba4c3c,CAWNPHYGYTF,0.027155038301082103,TCRBV30-01,TCRBJ01-02
e1269a8bba52b074de30178070ba4c3c,CAWSVWGEGGYTF,0.027154339181135217,TCRBV30-01,TCRBJ01-02
e1269a8bba52b074de30178070ba4c3c,CASWIPGIGNTIYF,0.027120223250520124,TCRBV19-01,TCRBJ01-03
e1269a8bba52b074de30178070ba4c3c,CASSYYTGTAYGYTF,0.02710075432882884,TCRBV06-02/06-03,TCRBJ01-02
e1269a8bba52b074de30178070ba4c3c,WRSEKLFF,0.02707616407212059,TCRBV21-01,TCRBJ01-04
e6b9e45ed66bdd4562feb7688dd73c12,FF,0.04636412703904203,TCRBV27-01,TCRBJ01-01
e6b9e45ed66bdd4562feb7688dd73c12,WRQFF,0.03873330540753958,TCRBV24-01,TCRBJ02-01
e6b9e45ed66bdd4562feb7688dd73c12,CASSYYQRYYYGYTF,0.035000905235936186,TCRBV06-05,TCRBJ01-02
e6b9e45ed66bdd4562feb7688dd73c12,CSAQSPIPFVGYGYTF,0.032480787882259235,TCRBV20-X,TCRBJ01-02
e6b9e45ed66bdd4562feb7688dd73c12,CAWYAQPYYGYTF,0.032371644431384426,TCRBV30-01,TCRBJ01-02
e6b9e45ed66bdd4562feb7688dd73c12,CASSLPLVGNTEAFF,0.031933907951910465,TCRBV11-03,TCRBJ01-01
e6b9e45ed66bdd4562feb7688dd73c12,CASSPYYYGYTF,0.03106622440580626,TCRBV09-01,TCRBJ01-02
e6b9e45ed66bdd4562feb7688dd73c12,CASSSWGYNYGYTF,0.030923781455006127,TCRBV27-01,TCRBJ01-02
e6b9e45ed66bdd4562feb7688dd73c12,CSAPWGYYGYTF,0.030817990588602982,TCRBV20-X,TCRBJ01-02
e6b9e45ed66bdd4562feb7688dd73c12,CASSYNPWNYGYTF,0.029708291928217497,TCRBV27-01,TCRBJ01-02
e6b9e45ed66bdd4562feb7688dd73c12,CASSYHSAYYGYTF,0.029690926392399907,TCRBV28-01,TCRBJ01-02
e6b9e45ed66bdd4562feb7688dd73c12,CAWSGWTGGFYYGYTF,0.02950169548251582,TCRBV30-01,TCRBJ01-02
e6b9e45ed66bdd4562feb7688dd73c12,CSHYWTGYGYTF,0.028845423520995218,TCRBV20-X,TCRBJ01-02
e6b9e45ed66bdd4562feb7688dd73c12,CASRPGYYYGYTF,0.028738937538835305,TCRBV06-05,TCRBJ01-02
e6b9e45ed66bdd4562feb7688dd73c12,CAWRTYRGWYGYTF,0.028420377724479067,TCRBV30-01,TCRBJ01-02
e6b9e45ed66bdd4562feb7688dd73c12,CASSYAGYYGYTF,0.028347859690441374,TCRBV06-05,TCRBJ01-02
e6b9e45ed66bdd4562feb7688dd73c12,CASSYGYYGYTF,0.02834078125464435,TCRBV06-06,TCRBJ01-02
e6b9e45ed66bdd4562feb7688dd73c12,CSARDPWGWYGYTF,0.028154107252309074,TCRBV20-X,TCRBJ01-02
e6b9e45ed66bdd4562feb7688dd73c12,CASMWGVWDF,0.028102848717823356,TCRBV03-01/03-02,TCRBJ02-05
e6b9e45ed66bdd4562feb7688dd73c12,WWPGGDTEAFF,0.027968893187213028,TCRBV19-01,TCRBJ01-01
e6b9e45ed66bdd4562feb7688dd73c12,CASSWGYYGYTF,0.027818194946336236,TCRBV06-02/06-03,TCRBJ01-02
e6b9e45ed66bdd4562feb7688dd73c12,CASGNHNYFNYGYTF,0.027804712393039773,TCRBV06-05,TCRBJ01-02
e6b9e45ed66bdd4562feb7688dd73c12,CASSYSWRWYGYTF,0.02775358126962963,TCRBV06-02/06-03,TCRBJ01-02
e6b9e45ed66bdd4562feb7688dd73c12,CAWNSGWGGGYTF,0.02771578799029034,TCRBV30-01,TCRBJ01-02
e6b9e45ed66bdd4562feb7688dd73c12,CAWSVYGWANYGYTF,0.0276246773442456,TCRBV30-01,TCRBJ01-02
e6b9e45ed66bdd4562feb7688dd73c12,CASSFNYNPNYGYTF,0.027580947268231105,TCRBV06-06,TCRBJ01-02
e6b9e45ed66bdd4562feb7688dd73c12,CASSYAAGFNYGYTF,0.027509987455651447,TCRBV06-05,TCRBJ01-02
e6b9e45ed66bdd4562feb7688dd73c12,CASSYGTYYGYTF,0.02744862313882822,TCRBV06-05,TCRBJ01-02
e6b9e45ed66bdd4562feb7688dd73c12,SYSPLHF,0.027405170258139783,TCRBV05-04,TCRBJ01-06
e6b9e45ed66bdd4562feb7688dd73c12,CASSYTQGYYYGYTF,0.027397335830058857,TCRBV06-05,TCRBJ01-02
e6b9e45ed66bdd4562feb7688dd73c12,CAWWDRASAFF,0.02721971001504236,TCRBV30-01,TCRBJ01-01
e6b9e45ed66bdd4562feb7688dd73c12,CASSGYRGYNYGYTF,0.026973626639421617,TCRBV09-01,TCRBJ01-02
e6b9e45ed66bdd4562feb7688dd73c12,CASTWGHAFF,0.026964121491402655,TCRBV06-05,TCRBJ01-01
e6b9e45ed66bdd4562feb7688dd73c12,CASSQYTGPYYGYTF,0.026813640042265437,TCRBV03-01/03-02,TCRBJ01-02
e6b9e45ed66bdd4562feb7688dd73c12,CASSYSNRYYGYTF,0.02667779905290631,TCRBV06-02/06-03,TCRBJ01-02
e6b9e45ed66bdd4562feb7688dd73c12,CAWSAWGVHTEAFF,0.02666782748824917,TCRBV30-01,TCRBJ01-01
e6b9e45ed66bdd4562feb7688dd73c12,CASIPHPNYGYTF,0.026666602182990454,TCRBV12-03/12-04,TCRBJ01-02
e6b9e45ed66bdd4562feb7688dd73c12,CASSYHGGQYYGYTF,0.026638551181359413,TCRBV06-06,TCRBJ01-02
e6b9e45ed66bdd4562feb7688dd73c12,CASNHHF,0.026476263461591973,TCRBV02-01,TCRBJ01-06
e6b9e45ed66bdd4562feb7688dd73c12,CASSYWKPSYGYTF,0.02641952472120233,TCRBV06-02/06-03,TCRBJ01-02
e6b9e45ed66bdd4562feb7688dd73c12,CASSYTGNNNYGYTF,0.026355512684660697,TCRBV06-05,TCRBJ01-02
e6b9e45ed66bdd4562feb7688dd73c12,CASRPWGGPNYGYTF,0.02633463987627191,TCRBV28-01,TCRBJ01-02
e6b9e45ed66bdd4562feb7688dd73c12,CASSHGHIYGYTF,0.02632702069426978,TCRBV27-01,TCRBJ01-02
e6b9e45ed66bdd4562feb7688dd73c12,CASSPQPPFHQPQHF,0.026326840402667966,TCRBV16-01,TCRBJ01-05
e6b9e45ed66bdd4562feb7688dd73c12,CASSSAPAAGGNNTIYF,0.026313453288852272,TCRBV07-03,TCRBJ01-03
e6b9e45ed66bdd4562feb7688dd73c12,CAWTPTGYYGYTF,0.026244985540725872,TCRBV30-01,TCRBJ01-02
e6b9e45ed66bdd4562feb7688dd73c12,CSVEGGYIYGYTF,0.0262261736586253,TCRBV29-01,TCRBJ01-02
e6b9e45ed66bdd4562feb7688dd73c12,CASSSWGGYGYTF,0.026211915892900204,TCRBV05-01,TCRBJ01-02
e6b9e45ed66bdd4562feb7688dd73c12,CASSFRPYYGGYTF,0.026135124894660872,TCRBV28-01,TCRBJ01-02
e6b9e45ed66bdd4562feb7688dd73c12,CASSPWGDYNYGYTF,0.026079495789569546,TCRBV18-01,TCRBJ01-02
e6b9e45ed66bdd4562feb7688dd73c12,CASSYTSGTGYYGYTF,0.026055016300814207,TCRBV05-05,TCRBJ01-02
e6b9e45ed66bdd4562feb7688dd73c12,CASSFHGGHSYGYTF,0.026014588018444567,TCRBV28-01,TCRBJ01-02
e6b9e45ed66bdd4562feb7688dd73c12,CASSYSNPYNRPNNYGYTF,0.025911286051274244,TCRBV06-X,TCRBJ01-02
e6b9e45ed66bdd4562feb7688dd73c12,CAWRGYNQYYGYTF,0.025906460326211633,TCRBV30-01,TCRBJ01-02
e6b9e45ed66bdd4562feb7688dd73c12,CAWSVGGAWHYTF,0.025840825431078764,TCRBV30-01,TCRBJ01-02
e6b9e45ed66bdd4562feb7688dd73c12,CASSTPHFGFHYGYTF,0.025815666109187316,TCRBV19-01,TCRBJ01-02
e6b9e45ed66bdd4562feb7688dd73c12,CASSYSSGTYYGYTF,0.025760571840003365,TCRBV06-05,TCRBJ01-02
e6b9e45ed66bdd4562feb7688dd73c12,CASSWGGYGYTF,0.025745645516943964,TCRBV12-03/12-04,TCRBJ01-02
e6b9e45ed66bdd4562feb7688dd73c12,CASSPTAGGSVFGNYGYTF,0.02569682934759139,TCRBV11-02,TCRBJ01-02
e6b9e45ed66bdd4562feb7688dd73c12,CAWHKPGIYGYTF,0.025682821938030977,TCRBV30-01,TCRBJ01-02
e6b9e45ed66bdd4562feb7688dd73c12,CATRWGGNYYGYTF,0.025663736157010394,TCRBV06-05,TCRBJ01-02
e6b9e45ed66bdd4562feb7688dd73c12,CASSYGNNYGYTF,0.025649239842551082,TCRBV06-05,TCRBJ01-02
e6b9e45ed66bdd4562feb7688dd73c12,CASSYSNPGYYNQPQHF,0.025613171527817957,TCRBV06-02/06-03,TCRBJ01-05
e6b9e45ed66bdd4562feb7688dd73c12,TPYGYTF,0.025530926672472063,TCRBV06-04,TCRBJ01-02
e6b9e45ed66bdd4562feb7688dd73c12,CASSYGTSYYGYTF,0.02552988717329207,TCRBV13-01,TCRBJ01-02
e6b9e45ed66bdd4562feb7688dd73c12,CASSSPGTGGFTGGYTF,0.025527304174050348,TCRBV27-01,TCRBJ01-02
e6b9e45ed66bdd4562feb7688dd73c12,CSAWDAPKAFF,0.02544707941078881,TCRBV20-01,TCRBJ01-01
e6b9e45ed66bdd4562feb7688dd73c12,CASSWGHMIYF,0.02543496864046728,TCRBV28-01,TCRBJ01-03
e6b9e45ed66bdd4562feb7688dd73c12,CASSHGGSYYGYTF,0.02542220779393173,TCRBV11-01,TCRBJ01-02
e6b9e45ed66bdd4562feb7688dd73c12,CASSPWAHF,0.02540985023996885,TCRBV04-01,TCRBJ01-06
e6b9e45ed66bdd4562feb7688dd73c12,CASSYGGYYGYTF,0.025402757256432,TCRBV06-02/06-03,TCRBJ01-02
e6b9e45ed66bdd4562feb7688dd73c12,CASSHYRGPNYGYTF,0.025366490126407747,TCRBV14-01,TCRBJ01-02
e6b9e45ed66bdd4562feb7688dd73c12,CASTPGGPYYGYTF,0.025337243662483914,TCRBV05-04,TCRBJ01-02
e6b9e45ed66bdd4562feb7688dd73c12,CASSLYRGYYGYTF,0.025328353116057477,TCRBV06-05,TCRBJ01-02
e6b9e45ed66bdd4562feb7688dd73c12,CASTYAGPNYGYTF,0.025308388798445047,TCRBV28-01,TCRBJ01-02
e6b9e45ed66bdd4562feb7688dd73c12,CASSPRPRHQPQHF,0.025250695841330602,TCRBV11-02,TCRBJ01-05
e6b9e45ed66bdd4562feb7688dd73c12,CAWTGGWGYTF,0.02524567606530443,TCRBV30-01,TCRBJ01-02
e6b9e45ed66bdd4562feb7688dd73c12,CSGPLHF,0.02523475239177112,TCRBV20-01,TCRBJ01-06
e6b9e45ed66bdd4562feb7688dd73c12,CASSSYYGSGTGAGYTF,0.025204151348424353,TCRBV27-01,TCRBJ01-02
e6b9e45ed66bdd4562feb7688dd73c12,CSAYRAGYGYTF,0.02520026213943207,TCRBV20-X,TCRBJ01-02
e6b9e45ed66bdd4562feb7688dd73c12,CASSYAGPNYGYTF,0.02519228201334586,TCRBV06-05,TCRBJ01-02
e6b9e45ed66bdd4562feb7688dd73c12,CASSQGSGGWGGYGYTF,0.025146136103521583,TCRBV03-01/03-02,TCRBJ01-02
e6b9e45ed66bdd4562feb7688dd73c12,CASSWGPGYGYTF,0.02514161428120206,TCRBV12-03/12-04,TCRBJ01-02
e6b9e45ed66bdd4562feb7688dd73c12,CGWNGNYGYTF,0.025136714951956494,TCRBV30-01,TCRBJ01-02
e6b9e45ed66bdd4562feb7688dd73c12,CASYHTGGTYGYTF,0.02512628689018864,TCRBV07-09,TCRBJ01-02
e6b9e45ed66bdd4562feb7688dd73c12,CASSHHGTGHYGYTF,0.02511087084010925,TCRBV03-01/03-02,TCRBJ01-02
e6b9e45ed66bdd4562feb7688dd73c12,CASNNGGYYGYTF,0.025087129892083854,TCRBV06-X,TCRBJ01-02
e6b9e45ed66bdd4562feb7688dd73c12,CASTDPWGWGTDTQYF,0.02506923437322794,TCRBV28-01,TCRBJ02-03
e6b9e45ed66bdd4562feb7688dd73c12,CAWRVWGEGYTF,0.02503512893453806,TCRBV30-01,TCRBJ01-02
e6b9e45ed66bdd4562feb7688dd73c12,CASEYMGFYGYTF,0.025010895256141554,TCRBV02-01,TCRBJ01-02
e6b9e45ed66bdd4562feb7688dd73c12,CASSYHPNYGYTF,0.024988611455778662,TCRBV06-05,TCRBJ01-02
e6b9e45ed66bdd4562feb7688dd73c12,CASSLLDRIAEAFF,0.02497928265007004,TCRBV03-01/03-02,TCRBJ01-01
e6b9e45ed66bdd4562feb7688dd73c12,CASSFGGYNYGYTF,0.024967406221992325,TCRBV11-02,TCRBJ01-02
e6b9e45ed66bdd4562feb7688dd73c12,CASTGPYYGYTF,0.024966747468492898,TCRBV07-09,TCRBJ01-02
e6b9e45ed66bdd4562feb7688dd73c12,CASSNWGGSYGYTF,0.024948145402709277,TCRBV25-01,TCRBJ01-02
e6b9e45ed66bdd4562feb7688dd73c12,CASGWGGNYGYTF,0.024943085658131567,TCRBV07-09,TCRBJ01-02
e6b9e45ed66bdd4562feb7688dd73c12,CASSGGVPYYGYTF,0.02492318838461746,TCRBV10-02,TCRBJ01-02
e6b9e45ed66bdd4562feb7688dd73c12,CASSHWAGGAYGYTF,0.024922519180157383,TCRBV19-01,TCRBJ01-02
e6b9e45ed66bdd4562feb7688dd73c12,CASSFYRTYYGYTF,0.02492036683605558,TCRBV05-06,TCRBJ01-02
e6b9e45ed66bdd4562feb7688dd73c12,CASFGGPNYGYTF,0.02491974694820312,TCRBV19-01,TCRBJ01-02
e78873a8f6e657f26b7b8a840d68b356,CAWNWGGYGYTF,0.03341618133236839,TCRBV30-01,TCRBJ01-02
e78873a8f6e657f26b7b8a840d68b356,CAWSWGGYGYTF,0.031140340733038407,TCRBV30-01,TCRBJ01-02
e78873a8f6e657f26b7b8a840d68b356,CAWSPWGNYGYTF,0.030301051808795155,TCRBV30-01,TCRBJ01-02
e78873a8f6e657f26b7b8a840d68b356,CAWIAAYAYGYTF,0.029994046155088706,TCRBV30-01,TCRBJ01-02
e78873a8f6e657f26b7b8a840d68b356,SPQYF,0.02968493404637158,TCRBV11-X,TCRBJ02-03
e78873a8f6e657f26b7b8a840d68b356,CAWRGWQGYYGYTF,0.029666258844246195,TCRBV30-01,TCRBJ01-02
e78873a8f6e657f26b7b8a840d68b356,CASSFGGWSNYGYTF,0.029439454390949325,TCRBV28-01,TCRBJ01-02
e78873a8f6e657f26b7b8a840d68b356,CASGPPYYYGYTF,0.02940054206063577,TCRBV12-05,TCRBJ01-02
e78873a8f6e657f26b7b8a840d68b356,CATGGPYYGYTF,0.029058778304475192,TCRBV12-03/12-04,TCRBJ01-02
e78873a8f6e657f26b7b8a840d68b356,CASSNYWGWGNQPQHF,0.029003437416020076,TCRBV21-01,TCRBJ01-05
e78873a8f6e657f26b7b8a840d68b356,CSAYYRGNYGYTF,0.028759466946862478,TCRBV20-X,TCRBJ01-02
e78873a8f6e657f26b7b8a840d68b356,CAWNLAGGPNTGELFF,0.028688876215827247,TCRBV30-01,TCRBJ02-02
e78873a8f6e657f26b7b8a840d68b356,CASSFFGGTTNYGYTF,0.028577779775741576,TCRBV05-01,TCRBJ01-02
e78873a8f6e657f26b7b8a840d68b356,CAYYDYGYTF,0.028339300778470994,TCRBV30-01,TCRBJ01-02
e78873a8f6e657f26b7b8a840d68b356,CASSYFSDWYYGYTF,0.028331714106228874,TCRBV06-02/06-03,TCRBJ01-02
e78873a8f6e657f26b7b8a840d68b356,CARKSF,0.028304821357723255,TCRBV28-01,TCRBJ02-X
e78873a8f6e657f26b7b8a840d68b356,CASSYTTGYYGYTF,0.028195871257740666,TCRBV06-05,TCRBJ01-02
e78873a8f6e657f26b7b8a840d68b356,CASSTYGYYGYTF,0.02814303902183022,TCRBV27-01,TCRBJ01-02
e78873a8f6e657f26b7b8a840d68b356,CAGYNYGYTF,0.028087863728518167,TCRBV06-05,TCRBJ01-02
e78873a8f6e657f26b7b8a840d68b356,CAWSYIPYGYTF,0.028075901817610244,TCRBV30-01,TCRBJ01-02
e78873a8f6e657f26b7b8a840d68b356,CACLYGGAYGYTF,0.027927680641532636,TCRBV30-01,TCRBJ01-02
e78873a8f6e657f26b7b8a840d68b356,CASSYYGGNSGNTIYF,0.02791711295538476,TCRBV06-05,TCRBJ01-03
e78873a8f6e657f26b7b8a840d68b356,CARVYIAGYTF,0.02777005050128657,TCRBV07-X,TCRBJ01-02
e78873a8f6e657f26b7b8a840d68b356,CASSYGVYYGYTF,0.027699569946501554,TCRBV06-02/06-03,TCRBJ01-02
e78873a8f6e657f26b7b8a840d68b356,CSAPTGYYYGYTF,0.027669148276860133,TCRBV20-X,TCRBJ01-02
e78873a8f6e657f26b7b8a840d68b356,CAVYIGAYGYTF,0.02764769087563212,TCRBV28-01,TCRBJ01-02
e78873a8f6e657f26b7b8a840d68b356,CASSFWVAFF,0.02760048581608873,TCRBV05-08,TCRBJ01-01
e78873a8f6e657f26b7b8a840d68b356,CASSQGPQGPQETQYF,0.02759325124409573,TCRBV04-02,TCRBJ02-05
e78873a8f6e657f26b7b8a840d68b356,CASSYHPYGYTF,0.027582785730178517,TCRBV28-01,TCRBJ01-02
e78873a8f6e657f26b7b8a840d68b356,CASSYGSYYGYTF,0.02755417996878517,TCRBV06-05,TCRBJ01-02
e78873a8f6e657f26b7b8a840d68b356,CKVYYGYTF,0.02750380581110535,TCRBV12-05,TCRBJ01-02
e78873a8f6e657f26b7b8a840d68b356,CASSHHGVGYNYGYTF,0.02746805944939096,TCRBV03-01/03-02,TCRBJ01-02
e78873a8f6e657f26b7b8a840d68b356,CSARDGGYIYGYTF,0.027458135089564795,TCRBV20-X,TCRBJ01-02
e78873a8f6e657f26b7b8a840d68b356,WGENLYGYTF,0.027426614868568955,TCRBV06-08,TCRBJ01-02
e78873a8f6e657f26b7b8a840d68b356,CASSNRGSSYYNYGYTF,0.027405540429944756,TCRBV06-X,TCRBJ01-02
e78873a8f6e657f26b7b8a840d68b356,CASWGGYGYTF,0.027387826882998356,TCRBV28-01,TCRBJ01-02
e78873a8f6e657f26b7b8a840d68b356,CASFYGYHPNYGYTF,0.02738003219379881,TCRBV25-01,TCRBJ01-02
e78873a8f6e657f26b7b8a840d68b356,CASSLWGGYYGYTF,0.027361470151973988,TCRBV28-01,TCRBJ01-02
e78873a8f6e657f26b7b8a840d68b356,CAS,0.027350260785438143,TCRBV03-01/03-02,TCRBJ01-06
e78873a8f6e657f26b7b8a840d68b356,CAWWTGYGYTF,0.027324970480097435,TCRBV30-01,TCRBJ01-02
e78873a8f6e657f26b7b8a840d68b356,CASSWGTGGYYGYTF,0.02728767644773559,TCRBV06-05,TCRBJ01-02
e78873a8f6e657f26b7b8a840d68b356,CAWSVGYNYGYTF,0.02723688832133411,TCRBV30-01,TCRBJ01-02
e78873a8f6e657f26b7b8a840d68b356,CSAVYSGVYYGYTF,0.027235792358908727,TCRBV20-X,TCRBJ01-02
e78873a8f6e657f26b7b8a840d68b356,CATQYRPYYGYTF,0.027189893642542384,TCRBV24-01,TCRBJ01-02
e78873a8f6e657f26b7b8a840d68b356,CASSPYTYYGYTF,0.02715371565648487,TCRBV19-01,TCRBJ01-02
e78873a8f6e657f26b7b8a840d68b356,CSTYRHGVHNYGYTF,0.027127013213927915,TCRBV29-01,TCRBJ01-02
e78873a8f6e657f26b7b8a840d68b356,CASSYGGWGYTF,0.027119344152088276,TCRBV06-05,TCRBJ01-02
e78873a8f6e657f26b7b8a840d68b356,CSAQHRDSHQPQHF,0.027105448956326893,TCRBV20-X,TCRBJ01-05
e78873a8f6e657f26b7b8a840d68b356,CASPHF,0.0270462558833299,TCRBV10-01,TCRBJ02-05
e78873a8f6e657f26b7b8a840d68b356,CASSYSWGGFGYGYTF,0.027038179375290114,TCRBV11-02,TCRBJ01-02
e78873a8f6e657f26b7b8a840d68b356,CAWSVPWGYGYTF,0.026954991671475654,TCRBV30-01,TCRBJ01-02
e78873a8f6e657f26b7b8a840d68b356,CASSGGSFSGNYGYTF,0.026873106513470732,TCRBV19-01,TCRBJ01-02
e78873a8f6e657f26b7b8a840d68b356,CASSYGWGYGNTIYF,0.026847047695742535,TCRBV06-05,TCRBJ01-03
e78873a8f6e657f26b7b8a840d68b356,CASYSPYGYTF,0.0268319231770668,TCRBV07-02,TCRBJ01-02
e78873a8f6e657f26b7b8a840d68b356,CASSYNWGYNQPQHF,0.026811835879677323,TCRBV06-02/06-03,TCRBJ01-05
e78873a8f6e657f26b7b8a840d68b356,CASNWGGYGYTF,0.02674469624204647,TCRBV11-02,TCRBJ01-02
e78873a8f6e657f26b7b8a840d68b356,CASTPTHPGWGNYGYTF,0.026654362966279547,TCRBV27-01,TCRBJ01-02
e78873a8f6e657f26b7b8a840d68b356,CASWGYGYTF,0.026580954415647378,TCRBV30-01,TCRBJ01-02
e78873a8f6e657f26b7b8a840d68b356,CAWTPPWGAYTEAFF,0.026547968971671408,TCRBV30-01,TCRBJ01-01
e78873a8f6e657f26b7b8a840d68b356,CASSEYDWWGYEQYF,0.02644852695057763,TCRBV25-01,TCRBJ02-07
e78873a8f6e657f26b7b8a840d68b356,CAWVWTGGAFF,0.026361736970973784,TCRBV30-01,TCRBJ01-01
e78873a8f6e657f26b7b8a840d68b356,CASSYSGGFSSNYGYTF,0.026356051077111135,TCRBV06-X,TCRBJ01-02
e78873a8f6e657f26b7b8a840d68b356,CAWNRRF,0.02635360851312437,TCRBV30-01,TCRBJ01-02
e78873a8f6e657f26b7b8a840d68b356,CAWSGFRGGHNYGYTF,0.02621639374435564,TCRBV30-01,TCRBJ01-02
e78873a8f6e657f26b7b8a840d68b356,CASSWGRYYGYTF,0.026183818134039364,TCRBV27-01,TCRBJ01-02
e78873a8f6e657f26b7b8a840d68b356,KGKEAFF,0.026115402746140656,TCRBV28-01,TCRBJ01-01
e78873a8f6e657f26b7b8a840d68b356,CASSPWWGGQGYGYTF,0.026088586904445633,TCRBV27-01,TCRBJ01-02
e78873a8f6e657f26b7b8a840d68b356,CAWSWEGGYTF,0.026068709770015897,TCRBV30-01,TCRBJ01-02
e78873a8f6e657f26b7b8a840d68b356,CAWWDLRVWGYTF,0.026005121923360967,TCRBV30-01,TCRBJ01-02
e78873a8f6e657f26b7b8a840d68b356,CASWGVKPGANVLTF,0.025963267630485398,TCRBV06-X,TCRBJ02-06
e78873a8f6e657f26b7b8a840d68b356,CASSSSWDFPWDYGYTF,0.025958094898758423,TCRBV27-01,TCRBJ01-02
e78873a8f6e657f26b7b8a840d68b356,CATSHWGHYGYTF,0.025949365928671548,TCRBV24-01,TCRBJ01-02
e78873a8f6e657f26b7b8a840d68b356,CSARVYGYGYTF,0.025942885466143657,TCRBV20-X,TCRBJ01-02
e78873a8f6e657f26b7b8a840d68b356,CASSLFGGGSNYGYTF,0.0259387316887085,TCRBV07-09,TCRBJ01-02
e78873a8f6e657f26b7b8a840d68b356,CASSLGRGIGELFF,0.025766065339086732,TCRBV27-01,TCRBJ02-02
e78873a8f6e657f26b7b8a840d68b356,CAWSPVGGYNYGYTF,0.025765522221795574,TCRBV30-01,TCRBJ01-02
e78873a8f6e657f26b7b8a840d68b356,CATYHGYLNYGYTF,0.025757976588296247,TCRBV19-01,TCRBJ01-02
e78873a8f6e657f26b7b8a840d68b356,CASSWGGYGYTF,0.025745645516943964,TCRBV28-01,TCRBJ01-02
e78873a8f6e657f26b7b8a840d68b356,CASSHPGGSHYGYTF,0.02569560121999294,TCRBV07-09,TCRBJ01-02
e78873a8f6e657f26b7b8a840d68b356,CAWDAYYGYTF,0.025687711527553673,TCRBV30-01,TCRBJ01-02
e78873a8f6e657f26b7b8a840d68b356,CAWSEGWATAGAFF,0.025651816978191057,TCRBV30-01,TCRBJ01-01
e78873a8f6e657f26b7b8a840d68b356,CAARWGAHGYTF,0.025646251872582845,TCRBV19-01,TCRBJ01-02
e78873a8f6e657f26b7b8a840d68b356,KAGHLF,0.02560908700168453,TCRBV20-01,TCRBJ02-01
e78873a8f6e657f26b7b8a840d68b356,CASSYNWGNGYTF,0.02558543421909156,TCRBV11-02,TCRBJ01-02
e78873a8f6e657f26b7b8a840d68b356,CAWSVWGAGVLF,0.025575931528847337,TCRBV30-01,TCRBJ02-01
e78873a8f6e657f26b7b8a840d68b356,CASKNWGGWDGYTF,0.0255559092860605,TCRBV12-X,TCRBJ01-02
e78873a8f6e657f26b7b8a840d68b356,CANQGPWGYGYTF,0.02554885524781769,TCRBV28-01,TCRBJ01-02
e78873a8f6e657f26b7b8a840d68b356,CAWRFYYGYTF,0.02552726117564257,TCRBV30-01,TCRBJ01-02
e78873a8f6e657f26b7b8a840d68b356,CASSSYGTGWGYGYTF,0.025523425704893854,TCRBV28-01,TCRBJ01-02
e78873a8f6e657f26b7b8a840d68b356,NSPLHF,0.025506690822860195,TCRBV27-01,TCRBJ01-06
e78873a8f6e657f26b7b8a840d68b356,CASNPYF,0.02549812300301258,TCRBV02-01,TCRBJ02-07
e78873a8f6e657f26b7b8a840d68b356,CASNHFW,0.02548433801710183,TCRBV12-03/12-04,TCRBJ02-X
e78873a8f6e657f26b7b8a840d68b356,CASYAYGYTF,0.02546127810399072,TCRBV06-X,TCRBJ01-02
e78873a8f6e657f26b7b8a840d68b356,CSAPAGWGNYGYTF,0.025421327659893744,TCRBV20-X,TCRBJ01-02
e78873a8f6e657f26b7b8a840d68b356,CAWSSS,0.02541177214182753,TCRBV30-01,TCRBJ01-02
e78873a8f6e657f26b7b8a840d68b356,CASSYSYRSNYGYTF,0.025402627398724474,TCRBV06-05,TCRBJ01-02
e78873a8f6e657f26b7b8a840d68b356,CAWMGAPTGGPNYGYTF,0.025350588863322896,TCRBV30-01,TCRBJ01-02
e78873a8f6e657f26b7b8a840d68b356,CASSYPHKYYTF,0.02533680649621682,TCRBV06-02/06-03,TCRBJ01-02
f1856e176dfb24a26b2cc0023fa2c87f,WPFF,0.05450690369118553,TCRBV05-07,TCRBJ01-01
f1856e176dfb24a26b2cc0023fa2c87f,FF,0.04636419028842517,TCRBV20-01,TCRBJ02-01
f1856e176dfb24a26b2cc0023fa2c87f,YF,0.043498104297022874,TCRBV27-01,TCRBJ02-07
f1856e176dfb24a26b2cc0023fa2c87f,CASSLPVVGHGYTF,0.0401332522593056,TCRBV05-04,TCRBJ01-02
f1856e176dfb24a26b2cc0023fa2c87f,CRPHF,0.03650871759566871,TCRBV20-01,TCRBJ02-05
f1856e176dfb24a26b2cc0023fa2c87f,CASSFWGAITEAFF,0.03570100603662742,TCRBV28-01,TCRBJ01-01
f1856e176dfb24a26b2cc0023fa2c87f,CSAWYPGGYYGYTF,0.03546322566405363,TCRBV20-X,TCRBJ01-02
f1856e176dfb24a26b2cc0023fa2c87f,CASSYYYNNGYTF,0.03470777749285835,TCRBV06-05,TCRBJ01-02
f1856e176dfb24a26b2cc0023fa2c87f,CSAYVGYYGYTF,0.03278601006738799,TCRBV20-X,TCRBJ01-02
f1856e176dfb24a26b2cc0023fa2c87f,WGAPNYGYTF,0.03240676316847131,TCRBV05-06,TCRBJ01-02
f1856e176dfb24a26b2cc0023fa2c87f,CASSYSAYYYGYTF,0.03209028291289803,TCRBV06-02/06-03,TCRBJ01-02
f1856e176dfb24a26b2cc0023fa2c87f,CSPKYF,0.031956644566330746,TCRBV29-01,TCRBJ02-07
f1856e176dfb24a26b2cc0023fa2c87f,CASSGPYWGSYGYTF,0.03174121595725452,TCRBV12-X,TCRBJ01-02
f1856e176dfb24a26b2cc0023fa2c87f,CASIYRGYYGYTF,0.031403407608319424,TCRBV12-03/12-04,TCRBJ01-02
f1856e176dfb24a26b2cc0023fa2c87f,CASILNTGATEAFF,0.03136794279892904,TCRBV06-X,TCRBJ01-01
f1856e176dfb24a26b2cc0023fa2c87f,CASSYYRNNYGYTF,0.03131828447496708,TCRBV06-05,TCRBJ01-02
f1856e176dfb24a26b2cc0023fa2c87f,CASSYSSSYYGYTF,0.03119596009712452,TCRBV06-05,TCRBJ01-02
f1856e176dfb24a26b2cc0023fa2c87f,CASSLVVDLSANSGTFGSGANVLTF,0.031035990806820894,TCRBV07-X,TCRBJ02-06
f1856e176dfb24a26b2cc0023fa2c87f,CASSPNPNPNSPLHF,0.030902991470608897,TCRBV18-01,TCRBJ01-06
f1856e176dfb24a26b2cc0023fa2c87f,CASSHIWPTGGFATF,0.030631181925096403,TCRBV05-04,TCRBJ01-02
f1856e176dfb24a26b2cc0023fa2c87f,CASSGGWGANYGYTF,0.030561212881437972,TCRBV05-04,TCRBJ01-02
f1856e176dfb24a26b2cc0023fa2c87f,CASSANWGGPNYGYTF,0.03051246878824521,TCRBV06-04,TCRBJ01-02
f1856e176dfb24a26b2cc0023fa2c87f,GHNYGYTF,0.030360945948165668,TCRBV05-08,TCRBJ01-02
f1856e176dfb24a26b2cc0023fa2c87f,CASSYSYYGYTF,0.030263355563056,TCRBV06-02/06-03,TCRBJ01-02
f1856e176dfb24a26b2cc0023fa2c87f,CASTSVWGPYYGYTF,0.030257985838146075,TCRBV19-01,TCRBJ01-02
f1856e176dfb24a26b2cc0023fa2c87f,CASSWYGGEYYGYTF,0.030234619923442126,TCRBV06-02/06-03,TCRBJ01-02
f1856e176dfb24a26b2cc0023fa2c87f,CSAPTEERSWFAQYF,0.030099012176210305,TCRBV20-X,TCRBJ02-05
f1856e176dfb24a26b2cc0023fa2c87f,CASSYGWYGYTF,0.029984447325355407,TCRBV12-03/12-04,TCRBJ01-02
f1856e176dfb24a26b2cc0023fa2c87f,CASSYSGYYGYTF,0.029976799522669757,TCRBV06-05,TCRBJ01-02
f1856e176dfb24a26b2cc0023fa2c87f,CASSYSSYYGYTF,0.0298697800365139,TCRBV06-05,TCRBJ01-02
f1856e176dfb24a26b2cc0023fa2c87f,CASSYNYYGYTF,0.029784881051386956,TCRBV06-02/06-03,TCRBJ01-02
f1856e176dfb24a26b2cc0023fa2c87f,CASGGPYYGYTF,0.029641227139213834,TCRBV19-01,TCRBJ01-02
f1856e176dfb24a26b2cc0023fa2c87f,CASTPGLWERVRAFF,0.029618372633169226,TCRBV12-X,TCRBJ01-01
f1856e176dfb24a26b2cc0023fa2c87f,CASSVFDTLKAFF,0.029587488987762464,TCRBV10-01,TCRBJ01-01
f1856e176dfb24a26b2cc0023fa2c87f,CASSWYWGPPYEQYF,0.029348515793539066,TCRBV12-X,TCRBJ02-07
f1856e176dfb24a26b2cc0023fa2c87f,CASSYRGYYGYTF,0.02933977931009988,TCRBV28-01,TCRBJ01-02
f1856e176dfb24a26b2cc0023fa2c87f,CASSYSNWGGGYTF,0.029311795753754234,TCRBV06-02/06-03,TCRBJ01-02
f1856e176dfb24a26b2cc0023fa2c87f,CASSFWGGSNYGYTF,0.02923604306042147,TCRBV12-X,TCRBJ01-02
f1856e176dfb24a26b2cc0023fa2c87f,CASSYYRAYGYTF,0.029233109869699556,TCRBV06-05,TCRBJ01-02
f1856e176dfb24a26b2cc0023fa2c87f,CASSLWDTVTEAFF,0.0292194744508473,TCRBV07-02,TCRBJ01-01
f1856e176dfb24a26b2cc0023fa2c87f,CSAWEGVKEAFF,0.029194580329212624,TCRBV20-X,TCRBJ01-01
f1856e176dfb24a26b2cc0023fa2c87f,CASSIWGIVAEAFF,0.029176557196030295,TCRBV19-01,TCRBJ01-01
f1856e176dfb24a26b2cc0023fa2c87f,CSVYRVYYGYTF,0.029164138800262737,TCRBV29-01,TCRBJ01-02
f1856e176dfb24a26b2cc0023fa2c87f,CASSYSPSWGGGYTF,0.028904578932240813,TCRBV06-05,TCRBJ01-02
f1856e176dfb24a26b2cc0023fa2c87f,CAYYRASGYGYTF,0.02864406503489893,TCRBV23-01,TCRBJ01-02
f1856e176dfb24a26b2cc0023fa2c87f,CRCKAFF,0.02857655202141566,TCRBV20-01,TCRBJ01-01
f1856e176dfb24a26b2cc0023fa2c87f,CASSPAWGYYGYTF,0.02855478856690609,TCRBV14-01,TCRBJ01-02
f1856e176dfb24a26b2cc0023fa2c87f,CASSYYTGNYGYTF,0.028423534621125315,TCRBV09-01,TCRBJ01-02
f1856e176dfb24a26b2cc0023fa2c87f,CASSYYRGHNYGYTF,0.02837059714336494,TCRBV06-02/06-03,TCRBJ01-02
f1856e176dfb24a26b2cc0023fa2c87f,CASSSYGYYGYTF,0.028329690998519157,TCRBV06-02/06-03,TCRBJ01-02
f1856e176dfb24a26b2cc0023fa2c87f,CASSFNGGFGYTF,0.02825526675461543,TCRBV11-02,TCRBJ01-02
f1856e176dfb24a26b2cc0023fa2c87f,CASSYRGYNFNYGYTF,0.028217539084978573,TCRBV06-02/06-03,TCRBJ01-02
f1856e176dfb24a26b2cc0023fa2c87f,CASTMTPQLAGGNYNEQFF,0.028191086321015517,TCRBV10-01,TCRBJ02-01
f1856e176dfb24a26b2cc0023fa2c87f,CASSFWGNF,0.028144620404696043,TCRBV13-01,TCRBJ02-07
f1856e176dfb24a26b2cc0023fa2c87f,RNTIYF,0.02812628818438499,TCRBV06-06,TCRBJ01-03
f1856e176dfb24a26b2cc0023fa2c87f,CASSYWGGDYGYTF,0.028102679407738397,TCRBV06-05,TCRBJ01-02
f1856e176dfb24a26b2cc0023fa2c87f,CASSYWGANYGYTF,0.02808252719066013,TCRBV06-05,TCRBJ01-02
f1856e176dfb24a26b2cc0023fa2c87f,CASYVWFIGAGYGYTF,0.02808075235925487,TCRBV02-01,TCRBJ01-02
f1856e176dfb24a26b2cc0023fa2c87f,CASSFWTGGYYGYTF,0.02801867262246545,TCRBV28-01,TCRBJ01-02
f1856e176dfb24a26b2cc0023fa2c87f,CAIRF,0.028010017125455415,TCRBV24-01,TCRBJ01-06
f1856e176dfb24a26b2cc0023fa2c87f,CAWWRTGVWDGYTF,0.02799092352055492,TCRBV30-01,TCRBJ01-02
f1856e176dfb24a26b2cc0023fa2c87f,CASSYSSGYYGYTF,0.02796849780020686,TCRBV06-06,TCRBJ01-02
f1856e176dfb24a26b2cc0023fa2c87f,CASSYYSGNYGYTF,0.027956295326927807,TCRBV06-05,TCRBJ01-02
f1856e176dfb24a26b2cc0023fa2c87f,CASSAHRYYYGYTF,0.027900301971239428,TCRBV19-01,TCRBJ01-02
f1856e176dfb24a26b2cc0023fa2c87f,CASSGWGAWYGYTF,0.02788820757714954,TCRBV06-04,TCRBJ01-02
f1856e176dfb24a26b2cc0023fa2c87f,YRPGAFF,0.027776407778515116,TCRBV19-01,TCRBJ01-01
f1856e176dfb24a26b2cc0023fa2c87f,CATYYTF,0.027776053665140157,TCRBV19-01,TCRBJ01-02
f1856e176dfb24a26b2cc0023fa2c87f,CASSYPGPPSYEQYF,0.027753048916961315,TCRBV06-02/06-03,TCRBJ02-07
f1856e176dfb24a26b2cc0023fa2c87f,CASSSSSWGSYYGYTF,0.027743950597683295,TCRBV28-01,TCRBJ01-02
f1856e176dfb24a26b2cc0023fa2c87f,CASSLWGAVTEAFF,0.02774359367074955,TCRBV27-01,TCRBJ01-01
f1856e176dfb24a26b2cc0023fa2c87f,CASSYSYSSNYGYTF,0.02771690753609716,TCRBV06-05,TCRBJ01-02
f1856e176dfb24a26b2cc0023fa2c87f,CASSYIWGRPYGYTF,0.027690087468026342,TCRBV06-05,TCRBJ01-02
f1856e176dfb24a26b2cc0023fa2c87f,CASWGWDYGYTF,0.027677135212664607,TCRBV12-03/12-04,TCRBJ01-02
f1856e176dfb24a26b2cc0023fa2c87f,CASSYWGGPSLYGYTF,0.027671144800857316,TCRBV06-05,TCRBJ01-02
f1856e176dfb24a26b2cc0023fa2c87f,CASSYSAYYGYTF,0.02760993528127876,TCRBV27-01,TCRBJ01-02
f1856e176dfb24a26b2cc0023fa2c87f,WNQPQHF,0.027575213630450256,TCRBV28-01,TCRBJ01-05
f1856e176dfb24a26b2cc0023fa2c87f,CASSYGGYNGYTF,0.02756806858486366,TCRBV28-01,TCRBJ01-02
f1856e176dfb24a26b2cc0023fa2c87f,CASSPYWGQTSYNTYGYTF,0.027550227413587532,TCRBV06-X,TCRBJ01-02
f1856e176dfb24a26b2cc0023fa2c87f,CASSWGGGSTNYGYTF,0.02752574024711213,TCRBV07-02,TCRBJ01-02
f1856e176dfb24a26b2cc0023fa2c87f,CASSYDGGWNYGYTF,0.027475080562777768,TCRBV06-02/06-03,TCRBJ01-02
f1856e176dfb24a26b2cc0023fa2c87f,CACTIVGAWVAFF,0.027449641498105967,TCRBV12-03/12-04,TCRBJ01-01
f1856e176dfb24a26b2cc0023fa2c87f,CASSYFFPGGNTEAFF,0.02742368480203036,TCRBV06-02/06-03,TCRBJ01-01
f1856e176dfb24a26b2cc0023fa2c87f,CASSYYSPWDGYTF,0.0274087387260354,TCRBV06-05,TCRBJ01-02
f1856e176dfb24a26b2cc0023fa2c87f,CAISEPPPSYEQYF,0.02737662924205217,TCRBV10-03,TCRBJ02-07
f1856e176dfb24a26b2cc0023fa2c87f,CASSYGRYYGYTF,0.027335321905766066,TCRBV06-05,TCRBJ01-02
f1856e176dfb24a26b2cc0023fa2c87f,CASSLPFFGNTEAFF,0.027273292610738395,TCRBV06-05,TCRBJ01-01
f1856e176dfb24a26b2cc0023fa2c87f,CASSYTDPWAPTYGYTF,0.027217797230084915,TCRBV06-02/06-03,TCRBJ01-02
f1856e176dfb24a26b2cc0023fa2c87f,CASGGGGWNYGYTF,0.027205353115140583,TCRBV06-05,TCRBJ01-02
f1856e176dfb24a26b2cc0023fa2c87f,CASSYPGYYGYTF,0.02719719100101016,TCRBV28-01,TCRBJ01-02
f1856e176dfb24a26b2cc0023fa2c87f,SQPQHF,0.027185274648026215,TCRBV05-04,TCRBJ01-05
f1856e176dfb24a26b2cc0023fa2c87f,AYGYTF,0.02716223206475642,TCRBV07-03,TCRBJ01-02
f1856e176dfb24a26b2cc0023fa2c87f,CASSYWGDYGYTF,0.027113026152349153,TCRBV19-01,TCRBJ01-02
f1856e176dfb24a26b2cc0023fa2c87f,CASSYYSQGYYGYTF,0.027108716959122457,TCRBV06-05,TCRBJ01-02
f1856e176dfb24a26b2cc0023fa2c87f,CASSYSPGWYGYTF,0.027011382180004515,TCRBV06-02/06-03,TCRBJ01-02
f1856e176dfb24a26b2cc0023fa2c87f,CASSYARYYGYTF,0.02698057025547563,TCRBV06-05,TCRBJ01-02
f1856e176dfb24a26b2cc0023fa2c87f,CASSYWGSANYGYTF,0.026927954467535094,TCRBV06-05,TCRBJ01-02
f1856e176dfb24a26b2cc0023fa2c87f,CAVYGGVYGYTF,0.026915461236878862,TCRBV27-01,TCRBJ01-02
f1856e176dfb24a26b2cc0023fa2c87f,CASSHRYRPYSNYGYTF,0.026903402756123122,TCRBV03-01/03-02,TCRBJ01-02
f1856e176dfb24a26b2cc0023fa2c87f,CASSYSGPWGGNTIYF,0.026896068164260448,TCRBV06-05,TCRBJ01-03
f1856e176dfb24a26b2cc0023fa2c87f,YSGYTF,0.02684338996283652,TCRBV25-01,TCRBJ01-02
f8a2fec010d574614a8a5722eaa038ca,FF,0.04636419028842517,TCRBV10-01,TCRBJ02-01
f8a2fec010d574614a8a5722eaa038ca,SRYF,0.04541203527942981,TCRBV28-01,TCRBJ02-03
f8a2fec010d574614a8a5722eaa038ca,CACYWGWGFYGYTF,0.03986578955030044,TCRBV30-01,TCRBJ01-02
f8a2fec010d574614a8a5722eaa038ca,CASSYWGYYGYTF,0.038597221645437454,TCRBV06-05,TCRBJ01-02
f8a2fec010d574614a8a5722eaa038ca,CAWGGGYNYGYTF,0.034692601926786894,TCRBV30-01,TCRBJ01-02
f8a2fec010d574614a8a5722eaa038ca,CAYWGGNYGYTF,0.03267265227398949,TCRBV28-01,TCRBJ01-02
f8a2fec010d574614a8a5722eaa038ca,CAWGGPWGYTF,0.03265332610228705,TCRBV30-01,TCRBJ01-02
f8a2fec010d574614a8a5722eaa038ca,CASSYTRFYIYGYTF,0.03192704119904408,TCRBV06-02/06-03,TCRBJ01-02
f8a2fec010d574614a8a5722eaa038ca,CAWNPEAFF,0.031718019837313746,TCRBV30-01,TCRBJ01-01
f8a2fec010d574614a8a5722eaa038ca,CASSYYNYGYTF,0.031400162485521896,TCRBV06-02/06-03,TCRBJ01-02
f8a2fec010d574614a8a5722eaa038ca,CASSFAGKWYEQYF,0.031377790849495685,TCRBV28-01,TCRBJ02-07
f8a2fec010d574614a8a5722eaa038ca,CASSYSYYGYTF,0.030263355563056,TCRBV06-02/06-03,TCRBJ01-02
f8a2fec010d574614a8a5722eaa038ca,CAWSVSPYYYGYTF,0.030157264172391222,TCRBV30-01,TCRBJ01-02
f8a2fec010d574614a8a5722eaa038ca,CASSYYGNYGYTF,0.030114868004771117,TCRBV06-05,TCRBJ01-02
f8a2fec010d574614a8a5722eaa038ca,CAPHPPFF,0.030050617583936855,TCRBV28-01,TCRBJ01-01
f8a2fec010d574614a8a5722eaa038ca,WGYTF,0.02996605557845216,TCRBV27-01,TCRBJ01-02
f8a2fec010d574614a8a5722eaa038ca,CATSHGNYNFNYGYTF,0.029162638542106437,TCRBV19-01,TCRBJ01-02
f8a2fec010d574614a8a5722eaa038ca,CAWSVGGWYSYGYTF,0.029141268417070088,TCRBV30-01,TCRBJ01-02
f8a2fec010d574614a8a5722eaa038ca,CASSYYSNYGYTF,0.02907676956404389,TCRBV06-02/06-03,TCRBJ01-02
f8a2fec010d574614a8a5722eaa038ca,CASSYNPYGYTF,0.02873927361725359,TCRBV19-01,TCRBJ01-02
f8a2fec010d574614a8a5722eaa038ca,CASSPSHHTSGGGGYTF,0.02871685124375857,TCRBV18-01,TCRBJ01-02
f8a2fec010d574614a8a5722eaa038ca,CAWSVPGGTNTGELFF,0.028601282438251562,TCRBV30-01,TCRBJ02-02
f8a2fec010d574614a8a5722eaa038ca,CASSYGPYYTF,0.028409967974156312,TCRBV06-05,TCRBJ01-02
f8a2fec010d574614a8a5722eaa038ca,CASSYSSSGAYYGYTF,0.028291657105346847,TCRBV06-02/06-03,TCRBJ01-02
f8a2fec010d574614a8a5722eaa038ca,CSVGFGYTYGYTF,0.027862810262494722,TCRBV29-01,TCRBJ01-02
f8a2fec010d574614a8a5722eaa038ca,CAWGWDRFYHGYTF,0.027594657066848126,TCRBV30-01,TCRBJ01-02
f8a2fec010d574614a8a5722eaa038ca,CASYGYGYTF,0.02750533156487076,TCRBV19-01,TCRBJ01-02
f8a2fec010d574614a8a5722eaa038ca,CASLFRAGGPNYNEQFF,0.027487287659255715,TCRBV28-01,TCRBJ02-01
f8a2fec010d574614a8a5722eaa038ca,CASSYYPSNYGYTF,0.027466841402425637,TCRBV12-X,TCRBJ01-02
f8a2fec010d574614a8a5722eaa038ca,CAWSIWDRGWANVLTF,0.027262296969931574,TCRBV30-01,TCRBJ02-06
f8a2fec010d574614a8a5722eaa038ca,CASSYSNGYYGYTF,0.027183386282252475,TCRBV06-05,TCRBJ01-02
f8a2fec010d574614a8a5722eaa038ca,CASWWGRGPYGYTF,0.027160693312908605,TCRBV06-05,TCRBJ01-02
f8a2fec010d574614a8a5722eaa038ca,CSAWGEGAWGYTF,0.027081930325347753,TCRBV20-X,TCRBJ01-02
f8a2fec010d574614a8a5722eaa038ca,CASSSYRGNNYGYTF,0.027029258736542883,TCRBV11-02,TCRBJ01-02
f8a2fec010d574614a8a5722eaa038ca,CARRFYRVWGYGYTF,0.026990121739231092,TCRBV12-X,TCRBJ01-02
f8a2fec010d574614a8a5722eaa038ca,CAWSVWAGANVLTF,0.026854968994500784,TCRBV30-01,TCRBJ02-06
f8a2fec010d574614a8a5722eaa038ca,CASSYSWGSPYGYTF,0.026770161510360165,TCRBV06-02/06-03,TCRBJ01-02
f8a2fec010d574614a8a5722eaa038ca,CAGAPGPHIIHPLHF,0.026764585572477628,TCRBV06-05,TCRBJ01-06
f8a2fec010d574614a8a5722eaa038ca,CAWNPWGGRVASYGYTF,0.026671625973084423,TCRBV30-01,TCRBJ01-02
f8a2fec010d574614a8a5722eaa038ca,LGSTHF,0.026623221169356618,TCRBV28-01,TCRBJ01-02
f8a2fec010d574614a8a5722eaa038ca,CAWWTEGYTF,0.02656961363217606,TCRBV30-01,TCRBJ01-02
f8a2fec010d574614a8a5722eaa038ca,CASSSSWGGGYGYTF,0.026557342211561766,TCRBV06-02/06-03,TCRBJ01-02
f8a2fec010d574614a8a5722eaa038ca,CAWHPPGPYGYTF,0.02651960080837552,TCRBV30-01,TCRBJ01-02
f8a2fec010d574614a8a5722eaa038ca,CSARHRDKWMWYGYTF,0.026514652566483703,TCRBV20-X,TCRBJ01-02
f8a2fec010d574614a8a5722eaa038ca,CASSYGGNTNYGYTF,0.026508699249647192,TCRBV06-05,TCRBJ01-02
f8a2fec010d574614a8a5722eaa038ca,CASSYNGGWGYTF,0.026500714309874926,TCRBV06-05,TCRBJ01-02
f8a2fec010d574614a8a5722eaa038ca,CAWRGGWYGYTF,0.026488357032230906,TCRBV30-01,TCRBJ01-02
f8a2fec010d574614a8a5722eaa038ca,CAWSKWAEYTF,0.02634259447550816,TCRBV30-01,TCRBJ01-02
f8a2fec010d574614a8a5722eaa038ca,CASSHGGGWFYGYTF,0.026315496671215265,TCRBV04-01,TCRBJ01-02
f8a2fec010d574614a8a5722eaa038ca,CASYYGQNNYGYTF,0.02630836535733097,TCRBV28-01,TCRBJ01-02
f8a2fec010d574614a8a5722eaa038ca,WASSFWGGRPQGYGYTF,0.026256907742309273,TCRBV07-02,TCRBJ01-02
f8a2fec010d574614a8a5722eaa038ca,CAWSWWDTEAFF,0.02624363900595314,TCRBV30-01,TCRBJ01-01
f8a2fec010d574614a8a5722eaa038ca,CASWGQGAYNYGYTF,0.026220252931735574,TCRBV28-01,TCRBJ01-02
f8a2fec010d574614a8a5722eaa038ca,CASSYRGAHTYGYTF,0.026205966355813393,TCRBV06-05,TCRBJ01-02
f8a2fec010d574614a8a5722eaa038ca,SAPTGANPWGYTF,0.026203482573391133,TCRBV06-04,TCRBJ01-02
f8a2fec010d574614a8a5722eaa038ca,CASSYSYSPGGYTF,0.02617182340697433,TCRBV06-06,TCRBJ01-02
f8a2fec010d574614a8a5722eaa038ca,CATSEWGAWGYGYTF,0.02607435652549863,TCRBV24-01,TCRBJ01-02
f8a2fec010d574614a8a5722eaa038ca,CASSYTYYGYTF,0.02607103431534652,TCRBV28-01,TCRBJ01-02
f8a2fec010d574614a8a5722eaa038ca,CASSYVGTAPWYGYTF,0.02607016258720814,TCRBV06-05,TCRBJ01-02
f8a2fec010d574614a8a5722eaa038ca,CSHYHQGAPPGTQYF,0.026055550231541103,TCRBV29-01,TCRBJ02-03
f8a2fec010d574614a8a5722eaa038ca,CTHRGAYGYTF,0.026051103654704238,TCRBV06-08,TCRBJ01-02
f8a2fec010d574614a8a5722eaa038ca,CASSYVNTYPYGYTF,0.025937373342157604,TCRBV06-02/06-03,TCRBJ01-02
f8a2fec010d574614a8a5722eaa038ca,CASSYNRGGMWGYTF,0.025920103381724388,TCRBV11-02,TCRBJ01-02
f8a2fec010d574614a8a5722eaa038ca,CAGIKKKHF,0.025880437862345874,TCRBV30-01,TCRBJ01-05
f8a2fec010d574614a8a5722eaa038ca,CASKRF,0.025868243476927597,TCRBV06-04,TCRBJ02-07
f8a2fec010d574614a8a5722eaa038ca,CAWRPRDRDFWRF,0.02586316125568225,TCRBV30-01,TCRBJ01-02
f8a2fec010d574614a8a5722eaa038ca,CAWGPGGPQPQHF,0.025846428636658654,TCRBV30-01,TCRBJ01-05
f8a2fec010d574614a8a5722eaa038ca,CASHGGHPTYSGNTIYF,0.02579779493845593,TCRBV28-01,TCRBJ01-03
f8a2fec010d574614a8a5722eaa038ca,CAWRWGAAGYTF,0.02576511676133214,TCRBV30-01,TCRBJ01-02
f8a2fec010d574614a8a5722eaa038ca,CASSYGYTNYGYTF,0.025756925097678872,TCRBV06-05,TCRBJ01-02
f8a2fec010d574614a8a5722eaa038ca,CASSWGGYGYTF,0.025745641031788894,TCRBV28-01,TCRBJ01-02
f8a2fec010d574614a8a5722eaa038ca,CASSFLGKLKSAFF,0.025737086235742297,TCRBV05-05,TCRBJ01-01
f8a2fec010d574614a8a5722eaa038ca,CASSYYKGSNYGYTF,0.025724007519231172,TCRBV06-05,TCRBJ01-02
f8a2fec010d574614a8a5722eaa038ca,CASSYRGWSGYYGYTF,0.025717638602361502,TCRBV12-X,TCRBJ01-02
f8a2fec010d574614a8a5722eaa038ca,CASSDWFWDSNYGYTF,0.02571380813371554,TCRBV06-01,TCRBJ01-02
f8a2fec010d574614a8a5722eaa038ca,CAWKLRGIYYGYTF,0.025663368025686122,TCRBV30-01,TCRBJ01-02
f8a2fec010d574614a8a5722eaa038ca,WVGYTF,0.02564806010504246,TCRBV28-01,TCRBJ01-02
f8a2fec010d574614a8a5722eaa038ca,CASSSSHGHPGYGYTF,0.025643779531576105,TCRBV07-02,TCRBJ01-02
f8a2fec010d574614a8a5722eaa038ca,CAWWKRGANVLTF,0.02560594594768002,TCRBV30-01,TCRBJ02-06
f8a2fec010d574614a8a5722eaa038ca,CASAPAHTYGYTF,0.02554310864011219,TCRBV09-01,TCRBJ01-02
f8a2fec010d574614a8a5722eaa038ca,CASSYGWGYTF,0.02549473456993343,TCRBV28-01,TCRBJ01-02
f8a2fec010d574614a8a5722eaa038ca,CASYVPGAVPFNYGYTF,0.02549089941652872,TCRBV06-X,TCRBJ01-02
f8a2fec010d574614a8a5722eaa038ca,CASGYSTGFYGYTF,0.025475380928572926,TCRBV12-05,TCRBJ01-02
f8a2fec010d574614a8a5722eaa038ca,CASSPWEGHHGYTF,0.02545546491876636,TCRBV09-01,TCRBJ01-02
f8a2fec010d574614a8a5722eaa038ca,CAWRKAIEAFF,0.025448652227717476,TCRBV30-01,TCRBJ01-01
f8a2fec010d574614a8a5722eaa038ca,CASSYGGYYGYTF,0.025402721840629465,TCRBV06-05,TCRBJ01-02
f8a2fec010d574614a8a5722eaa038ca,CASSWGTGGSYGYTF,0.025398965087369888,TCRBV11-02,TCRBJ01-02
f8a2fec010d574614a8a5722eaa038ca,CASSSHGGGHGGYTF,0.025397678531159932,TCRBV28-01,TCRBJ01-02
f8a2fec010d574614a8a5722eaa038ca,CASSYYPARYGYTF,0.025369973967522705,TCRBV06-02/06-03,TCRBJ01-02
f8a2fec010d574614a8a5722eaa038ca,CASSWDRWTFDWYGYTF,0.025356031087453535,TCRBV05-04,TCRBJ01-02
f8a2fec010d574614a8a5722eaa038ca,CASSWGGWGYTF,0.025301864338108732,TCRBV28-01,TCRBJ01-02
f8a2fec010d574614a8a5722eaa038ca,CASSYYGYTF,0.025281230020721406,TCRBV28-01,TCRBJ01-02
f8a2fec010d574614a8a5722eaa038ca,CASSYTNRWGGSGYTF,0.02526966005918471,TCRBV06-05,TCRBJ01-02
f8a2fec010d574614a8a5722eaa038ca,CAWWGGRKGYTF,0.02524748319003097,TCRBV30-01,TCRBJ01-02
f8a2fec010d574614a8a5722eaa038ca,CASSSTGGPYYGYTF,0.025242673759222164,TCRBV12-X,TCRBJ01-02
f8a2fec010d574614a8a5722eaa038ca,CASSYYPGTGGPNYGYTF,0.025234586717051682,TCRBV06-X,TCRBJ01-02
f8a2fec010d574614a8a5722eaa038ca,CAWSYTHRAFF,0.025223818667201196,TCRBV30-01,TCRBJ01-01
f8a2fec010d574614a8a5722eaa038ca,CASSPWGGWDGYTF,0.02520962593204425,TCRBV27-01,TCRBJ01-02
f8a2fec010d574614a8a5722eaa038ca,CASSYYTGRNYGYTF,0.0251912779011162,TCRBV06-02/06-03,TCRBJ01-02
f8a2fec010d574614a8a5722eaa038ca,CASSDWWSYPYEQYF,0.025187712593121685,TCRBV25-01,TCRBJ02-07
f8ac66d82d5debe259b1d522d4100b72,CAWSVNGGPNTGELFF,0.03270832790624958,TCRBV30-01,TCRBJ02-02
f8ac66d82d5debe259b1d522d4100b72,CAWNGGWYGYTF,0.030029144660762917,TCRBV30-01,TCRBJ01-02
f8ac66d82d5debe259b1d522d4100b72,CASSCYYYTF,0.029975397399494536,TCRBV06-07,TCRBJ01-02
f8ac66d82d5debe259b1d522d4100b72,CASWNPPQGAPPGHQPQHF,0.029944893998785773,TCRBV06-X,TCRBJ01-05
f8ac66d82d5debe259b1d522d4100b72,CAWGGPAGGPYYGYTF,0.029420203884408073,TCRBV30-01,TCRBJ01-02
f8ac66d82d5debe259b1d522d4100b72,CASPF,0.02924800883384243,TCRBV11-03,TCRBJ01-02
f8ac66d82d5debe259b1d522d4100b72,RWEKLFF,0.029168015516935503,TCRBV09-01,TCRBJ01-04
f8ac66d82d5debe259b1d522d4100b72,FWGFLRRKFF,0.028935782568118035,TCRBV27-01,TCRBJ02-01
f8ac66d82d5debe259b1d522d4100b72,CASSYYANYGYTF,0.028213142780891737,TCRBV06-02/06-03,TCRBJ01-02
f8ac66d82d5debe259b1d522d4100b72,CASSYHYTGYGYTF,0.028124228816215683,TCRBV06-07,TCRBJ01-02
f8ac66d82d5debe259b1d522d4100b72,CAWGGGYGYTF,0.028105245212949503,TCRBV30-01,TCRBJ01-02
f8ac66d82d5debe259b1d522d4100b72,CSATHAKGIYEQYF,0.028010344925573052,TCRBV20-X,TCRBJ02-07
f8ac66d82d5debe259b1d522d4100b72,TQYF,0.02788408084198733,TCRBV20-01,TCRBJ02-05
f8ac66d82d5debe259b1d522d4100b72,CASSPYAGYYGYTF,0.027697455857427205,TCRBV12-X,TCRBJ01-02
f8ac66d82d5debe259b1d522d4100b72,WASSWGWGGDGYTF,0.027695544162421964,TCRBV06-06,TCRBJ01-02
f8ac66d82d5debe259b1d522d4100b72,CASSFRAAWWAFF,0.027584107897719538,TCRBV28-01,TCRBJ01-01
f8ac66d82d5debe259b1d522d4100b72,CASSSFGGGGTNYGYTF,0.027298555421024637,TCRBV05-04,TCRBJ01-02
f8ac66d82d5debe259b1d522d4100b72,CASSDPWGGSYGYTF,0.02727011758205604,TCRBV02-01,TCRBJ01-02
f8ac66d82d5debe259b1d522d4100b72,CASNPFANYGYTF,0.027194779887017552,TCRBV07-09,TCRBJ01-02
f8ac66d82d5debe259b1d522d4100b72,CASSLLDKVTEAFF,0.027171293046691917,TCRBV28-01,TCRBJ01-01
f8ac66d82d5debe259b1d522d4100b72,WIRREWYTEAFF,0.027168701419331153,TCRBV07-09,TCRBJ01-01
f8ac66d82d5debe259b1d522d4100b72,CAYGPNYGYTF,0.02707394708333869,TCRBV28-01,TCRBJ01-02
f8ac66d82d5debe259b1d522d4100b72,CASSSGGGFNYGYTF,0.02703592934854698,TCRBV05-05,TCRBJ01-02
f8ac66d82d5debe259b1d522d4100b72,CASSWSWGYGYTF,0.026707919887598505,TCRBV27-01,TCRBJ01-02
f8ac66d82d5debe259b1d522d4100b72,CASSYRVYYGYTF,0.026585689486833056,TCRBV28-01,TCRBJ01-02
f8ac66d82d5debe259b1d522d4100b72,KTGHGPQHF,0.026577547831202884,TCRBV20-01,TCRBJ01-05
f8ac66d82d5debe259b1d522d4100b72,CAWAGWPGYTF,0.02653947821512125,TCRBV30-01,TCRBJ01-02
f8ac66d82d5debe259b1d522d4100b72,CASSYSNWGYGYTF,0.026493609496879747,TCRBV06-05,TCRBJ01-02
f8ac66d82d5debe259b1d522d4100b72,CASSYEGYYGYTF,0.026408117617327226,TCRBV06-02/06-03,TCRBJ01-02
f8ac66d82d5debe259b1d522d4100b72,CASRGWGGFYGYTF,0.026395505182376492,TCRBV11-02,TCRBJ01-02
f8ac66d82d5debe259b1d522d4100b72,CASSNNNRGHYGYTF,0.02639100522473797,TCRBV05-06,TCRBJ01-02
f8ac66d82d5debe259b1d522d4100b72,CASSLSYFGGWNYGYTF,0.026379016130205157,TCRBV27-01,TCRBJ01-02
f8ac66d82d5debe259b1d522d4100b72,CATSGGWGYGYTF,0.026348282132187623,TCRBV19-01,TCRBJ01-02
f8ac66d82d5debe259b1d522d4100b72,CAWGTVDWGTIYF,0.026306151520390595,TCRBV30-01,TCRBJ01-03
f8ac66d82d5debe259b1d522d4100b72,CASNWGGGNVWF,0.026294535665100902,TCRBV25-01,TCRBJ02-06
f8ac66d82d5debe259b1d522d4100b72,CASSYYGSYGYTF,0.026222756525122095,TCRBV06-05,TCRBJ01-02
f8ac66d82d5debe259b1d522d4100b72,CAWIKQGWIAPLHF,0.026184228486595056,TCRBV30-01,TCRBJ01-06
f8ac66d82d5debe259b1d522d4100b72,CASSYSYGTFYGYTF,0.02618172239395828,TCRBV06-02/06-03,TCRBJ01-02
f8ac66d82d5debe259b1d522d4100b72,F,0.026169089102652747,TCRBV07-03,TCRBJ02-07
f8ac66d82d5debe259b1d522d4100b72,CAIRAGKELRKGVKLFF,0.02593350499397933,TCRBV10-03,TCRBJ01-04
f8ac66d82d5debe259b1d522d4100b72,CASSPFGGPNYGYTF,0.025794557958284788,TCRBV02-01,TCRBJ01-02
f8ac66d82d5debe259b1d522d4100b72,CAWSVWGGGYTF,0.025783639625009323,TCRBV30-01,TCRBJ01-02
f8ac66d82d5debe259b1d522d4100b72,CASSWGGYGYTF,0.025745641031788894,TCRBV28-01,TCRBJ01-02
f8ac66d82d5debe259b1d522d4100b72,CASSPWGGNYGYTF,0.02567197350828471,TCRBV05-01,TCRBJ01-02
f8ac66d82d5debe259b1d522d4100b72,WDTWTQYF,0.0256018476743194,TCRBV09-01,TCRBJ02-05
f8ac66d82d5debe259b1d522d4100b72,CASHRGYYGYTF,0.025524903784672218,TCRBV19-01,TCRBJ01-02
f8ac66d82d5debe259b1d522d4100b72,CASSYPYGYTF,0.02550514266037794,TCRBV06-02/06-03,TCRBJ01-02
f8ac66d82d5debe259b1d522d4100b72,CASNTGGWGTGNYGYTF,0.025488882854707483,TCRBV28-01,TCRBJ01-02
f8ac66d82d5debe259b1d522d4100b72,CASSIVGAVTEAFF,0.025463669708081327,TCRBV19-01,TCRBJ01-01
f8ac66d82d5debe259b1d522d4100b72,CASSYFTNPFYGYTF,0.025432449655515183,TCRBV06-05,TCRBJ01-02
f8ac66d82d5debe259b1d522d4100b72,CASCPGTGANVLTF,0.025424169004697527,TCRBV18-01,TCRBJ02-06
f8ac66d82d5debe259b1d522d4100b72,CAWGTYYYPSSYNSPLHF,0.025388799778337686,TCRBV30-01,TCRBJ01-06
f8ac66d82d5debe259b1d522d4100b72,CSACPAGALNTEAFF,0.025365331896668633,TCRBV20-X,TCRBJ01-01
f8ac66d82d5debe259b1d522d4100b72,CASSYAARYYGYTF,0.025347304932163268,TCRBV06-02/06-03,TCRBJ01-02
f8ac66d82d5debe259b1d522d4100b72,CAWSSHRGFYYGYTF,0.025294277560864237,TCRBV30-01,TCRBJ01-02
f8ac66d82d5debe259b1d522d4100b72,CASSEWGAWGYTF,0.02528081435846457,TCRBV25-01,TCRBJ01-02
f8ac66d82d5debe259b1d522d4100b72,CASSLYEGPPSYEQYF,0.025256529508229635,TCRBV05-06,TCRBJ02-07
f8ac66d82d5debe259b1d522d4100b72,CASSPNWGGNYGYTF,0.025253100455956995,TCRBV05-05,TCRBJ01-02
f8ac66d82d5debe259b1d522d4100b72,CASSYWGQSYGYTF,0.025222005865311384,TCRBV06-05,TCRBJ01-02
f8ac66d82d5debe259b1d522d4100b72,CASSYSPYGYTF,0.025209182122495483,TCRBV06-02/06-03,TCRBJ01-02
f8ac66d82d5debe259b1d522d4100b72,CASSEGTGWWAFF,0.02520219202774292,TCRBV10-02,TCRBJ01-01
f8ac66d82d5debe259b1d522d4100b72,CASGYRWSNYGYTF,0.025187747716911093,TCRBV05-06,TCRBJ01-02
f8ac66d82d5debe259b1d522d4100b72,CASSYFWAYGYTF,0.025145934467428754,TCRBV06-05,TCRBJ01-02
f8ac66d82d5debe259b1d522d4100b72,CASYIGVGYGYTF,0.025130245289673128,TCRBV28-01,TCRBJ01-02
f8ac66d82d5debe259b1d522d4100b72,CAWSVLAGYWYF,0.025123555350176068,TCRBV30-01,TCRBJ02-05
f8ac66d82d5debe259b1d522d4100b72,CAWSGGFNYGYTF,0.025106846844815317,TCRBV30-01,TCRBJ01-02
f8ac66d82d5debe259b1d522d4100b72,CATTGAPGANVLTF,0.025061348557163507,TCRBV06-06,TCRBJ02-06
f8ac66d82d5debe259b1d522d4100b72,CASIVPGANVLTF,0.025059105896234415,TCRBV25-01,TCRBJ02-06
f8ac66d82d5debe259b1d522d4100b72,SGWRQPQHF,0.025028056416202125,TCRBV28-01,TCRBJ01-05
f8ac66d82d5debe259b1d522d4100b72,CASSSGGGYVGYGYTF,0.02499798869130581,TCRBV06-06,TCRBJ01-02
f8ac66d82d5debe259b1d522d4100b72,CASSYWAPGQGNYGYTF,0.024976166060920197,TCRBV06-02/06-03,TCRBJ01-02
f8ac66d82d5debe259b1d522d4100b72,CATTGPYHHHEQFF,0.02496285043193907,TCRBV19-01,TCRBJ02-01
f8ac66d82d5debe259b1d522d4100b72,CATYGAVYYGYTF,0.024950094178516482,TCRBV06-05,TCRBJ01-02
f8ac66d82d5debe259b1d522d4100b72,RMRMTKNIQYF,0.02494744219785867,TCRBV06-X,TCRBJ02-04
f8ac66d82d5debe259b1d522d4100b72,CASSTYYYGYTF,0.02493423423564392,TCRBV19-01,TCRBJ01-02
f8ac66d82d5debe259b1d522d4100b72,CSAYRGAYGYTF,0.02490016304572483,TCRBV20-X,TCRBJ01-02
f8ac66d82d5debe259b1d522d4100b72,CSVGWGGGYGYTF,0.024899809929067873,TCRBV29-01,TCRBJ01-02
f8ac66d82d5debe259b1d522d4100b72,CASTPQGAPPSYEQYF,0.02489879257516301,TCRBV02-01,TCRBJ02-07
f8ac66d82d5debe259b1d522d4100b72,CATSGSYSGGSNYGYTF,0.024832078774626547,TCRBV24-01,TCRBJ01-02
f8ac66d82d5debe259b1d522d4100b72,CASTPAQGAGGANVLTF,0.024717775558661424,TCRBV05-01,TCRBJ02-06
f8ac66d82d5debe259b1d522d4100b72,GYNQPQHF,0.024712413698074965,TCRBV12-X,TCRBJ01-05
f8ac66d82d5debe259b1d522d4100b72,CASSVGNNHNYGYTF,0.024683645400530543,TCRBV09-01,TCRBJ01-02
f8ac66d82d5debe259b1d522d4100b72,CASSWFSGGYGYTF,0.024667695284854546,TCRBV06-05,TCRBJ01-02
f8ac66d82d5debe259b1d522d4100b72,CAAPGYGYTF,0.024656775991957407,TCRBV20-01,TCRBJ01-02
f8ac66d82d5debe259b1d522d4100b72,CAWVVWNTEAFF,0.024653791784771856,TCRBV30-01,TCRBJ01-01
f8ac66d82d5debe259b1d522d4100b72,CASSYYYRGGGNQPQHF,0.02464921295838473,TCRBV06-08,TCRBJ01-05
f8ac66d82d5debe259b1d522d4100b72,CASIDRGYAYGYTF,0.024616561820685105,TCRBV02-01,TCRBJ01-02
f8ac66d82d5debe259b1d522d4100b72,CASSWGQGWYF,0.024592021071899423,TCRBV03-01/03-02,TCRBJ02-05
f8ac66d82d5debe259b1d522d4100b72,CASSYWGNRGGYGYTF,0.02458796519231107,TCRBV07-09,TCRBJ01-02
f8ac66d82d5debe259b1d522d4100b72,CARPYNYGYTF,0.02458299523446773,TCRBV11-03,TCRBJ01-02
f8ac66d82d5debe259b1d522d4100b72,CASSYYGQSYGYTF,0.02455943378946997,TCRBV06-05,TCRBJ01-02
f8ac66d82d5debe259b1d522d4100b72,CASHPGGGGYFTDTQYF,0.02455250797520918,TCRBV28-01,TCRBJ02-03
f8ac66d82d5debe259b1d522d4100b72,CAWAFWTEAFF,0.02452583191471925,TCRBV30-01,TCRBJ01-01
f8ac66d82d5debe259b1d522d4100b72,CARFF,0.024521089484674206,TCRBV11-03,TCRBJ02-01
f8ac66d82d5debe259b1d522d4100b72,CASTYPGTGPYGYTF,0.024510425848229905,TCRBV19-01,TCRBJ01-02
f8ac66d82d5debe259b1d522d4100b72,CASSYGYGYTF,0.024498189835316132,TCRBV06-02/06-03,TCRBJ01-02
fa79a77c6e9a880f3488c802f8f93b2d,CAWGPGYGYTF,0.031391360590869465,TCRBV30-01,TCRBJ01-02
fa79a77c6e9a880f3488c802f8f93b2d,CASSNWGGSSNYGYTF,0.030421211441655157,TCRBV19-01,TCRBJ01-02
fa79a77c6e9a880f3488c802f8f93b2d,CASSYYGNYGYTF,0.030114868004771117,TCRBV06-05,TCRBJ01-02
fa79a77c6e9a880f3488c802f8f93b2d,CASSFGWGYYGYTF,0.02960444655525823,TCRBV12-X,TCRBJ01-02
fa79a77c6e9a880f3488c802f8f93b2d,CAWGGAYF,0.028296121008735475,TCRBV30-01,TCRBJ02-03
fa79a77c6e9a880f3488c802f8f93b2d,CSGGNYNYGYTF,0.02778487883361079,TCRBV20-X,TCRBJ01-02
fa79a77c6e9a880f3488c802f8f93b2d,CASSPNTNPFSGANVLTF,0.027747996081379123,TCRBV07-02,TCRBJ02-06
fa79a77c6e9a880f3488c802f8f93b2d,CAWWWAGNTIYF,0.02771039647465526,TCRBV30-01,TCRBJ01-03
fa79a77c6e9a880f3488c802f8f93b2d,CASSYSGSYYGYTF,0.027661724680623955,TCRBV06-05,TCRBJ01-02
fa79a77c6e9a880f3488c802f8f93b2d,CASSYSTGYYGYTF,0.027645748870293696,TCRBV06-05,TCRBJ01-02
fa79a77c6e9a880f3488c802f8f93b2d,CATHANF,0.027639114685297502,TCRBV19-01,TCRBJ02-03
fa79a77c6e9a880f3488c802f8f93b2d,CASSIYGYLYGYTF,0.027590358251054724,TCRBV19-01,TCRBJ01-02
fa79a77c6e9a880f3488c802f8f93b2d,CAWSRVWAFF,0.027512326851435204,TCRBV30-01,TCRBJ01-01
fa79a77c6e9a880f3488c802f8f93b2d,CASSYYPGNYGYTF,0.027248031986293934,TCRBV06-05,TCRBJ01-02
fa79a77c6e9a880f3488c802f8f93b2d,CASSYGPFYGYTF,0.027071300116850328,TCRBV06-05,TCRBJ01-02
fa79a77c6e9a880f3488c802f8f93b2d,CASSYSGGYYTF,0.027037544331881786,TCRBV06-06,TCRBJ01-02
fa79a77c6e9a880f3488c802f8f93b2d,CSAHYTF,0.02651444333226804,TCRBV20-01,TCRBJ01-02
fa79a77c6e9a880f3488c802f8f93b2d,CAWSGAGITFNYGYTF,0.026506665882283308,TCRBV30-01,TCRBJ01-02
fa79a77c6e9a880f3488c802f8f93b2d,CASSYSFWGFNYGYTF,0.026503728380446612,TCRBV06-02/06-03,TCRBJ01-02
fa79a77c6e9a880f3488c802f8f93b2d,CASGLYGYNYGYTF,0.026136981842984654,TCRBV12-05,TCRBJ01-02
fa79a77c6e9a880f3488c802f8f93b2d,CAWSWTAEAFF,0.026089294154069194,TCRBV30-01,TCRBJ01-01
fa79a77c6e9a880f3488c802f8f93b2d,CASSYWGGYTF,0.026047131096727245,TCRBV06-05,TCRBJ01-02
fa79a77c6e9a880f3488c802f8f93b2d,CASSFGGSFNYGYTF,0.025947782574003486,TCRBV12-X,TCRBJ01-02
fa79a77c6e9a880f3488c802f8f93b2d,CASSYNAGANYGYTF,0.02591459446489867,TCRBV06-06,TCRBJ01-02
fa79a77c6e9a880f3488c802f8f93b2d,CASSYSASYYGYTF,0.025888573066405962,TCRBV06-05,TCRBJ01-02
fa79a77c6e9a880f3488c802f8f93b2d,CSAHSHVHYGYTF,0.02585978716171709,TCRBV20-X,TCRBJ01-02
fa79a77c6e9a880f3488c802f8f93b2d,CASSWGAGPNYGYTF,0.02582432730507209,TCRBV19-01,TCRBJ01-02
fa79a77c6e9a880f3488c802f8f93b2d,CAWGVTAEAFF,0.025747258727057618,TCRBV30-01,TCRBJ01-01
fa79a77c6e9a880f3488c802f8f93b2d,CASSYYHGGRMNYGYTF,0.025630665112573645,TCRBV06-X,TCRBJ01-02
fa79a77c6e9a880f3488c802f8f93b2d,CASSYPPPSYEQYF,0.025586495239270243,TCRBV12-X,TCRBJ02-07
fa79a77c6e9a880f3488c802f8f93b2d,CASSYQSPYYGYTF,0.025521350307284113,TCRBV06-05,TCRBJ01-02
fa79a77c6e9a880f3488c802f8f93b2d,CASSYPYGYTF,0.025505150067636057,TCRBV07-09,TCRBJ01-02
fa79a77c6e9a880f3488c802f8f93b2d,CASCANSGANVLTF,0.025502762076154182,TCRBV06-06,TCRBJ02-06
fa79a77c6e9a880f3488c802f8f93b2d,CASSYSYKAYGYTF,0.02544358525785926,TCRBV06-05,TCRBJ01-02
fa79a77c6e9a880f3488c802f8f93b2d,CASWAGGFGYGYTF,0.025439971872964116,TCRBV02-01,TCRBJ01-02
fa79a77c6e9a880f3488c802f8f93b2d,CASGAWANVLTF,0.025419419820214065,TCRBV12-05,TCRBJ02-06
fa79a77c6e9a880f3488c802f8f93b2d,CASNPFGTMNTEAFF,0.025378151919019425,TCRBV27-01,TCRBJ01-01
fa79a77c6e9a880f3488c802f8f93b2d,CSAYRGWIYGYTF,0.02532515438139649,TCRBV20-X,TCRBJ01-02
fa79a77c6e9a880f3488c802f8f93b2d,CASSMGREPWWYF,0.02531731958555574,TCRBV13-01,TCRBJ02-07
fa79a77c6e9a880f3488c802f8f93b2d,CASSIHIYYGYTF,0.025303077075724722,TCRBV19-01,TCRBJ01-02
fa79a77c6e9a880f3488c802f8f93b2d,CASSYYGYTF,0.02528125645882864,TCRBV06-06,TCRBJ01-02
fa79a77c6e9a880f3488c802f8f93b2d,CAWSVWGGMNTEAFF,0.02513660102513453,TCRBV30-01,TCRBJ01-01
fa79a77c6e9a880f3488c802f8f93b2d,CASSPEGGGLPLYGYTF,0.02513361719789121,TCRBV05-04,TCRBJ01-02
fa79a77c6e9a880f3488c802f8f93b2d,CASSYAWGHLRGYGYTF,0.025084936001903053,TCRBV06-X,TCRBJ01-02
fa79a77c6e9a880f3488c802f8f93b2d,CASHGAPGANVLTF,0.025069079954662937,TCRBV06-06,TCRBJ02-06
fa79a77c6e9a880f3488c802f8f93b2d,CASAWGKGAFF,0.025041008665294403,TCRBV12-05,TCRBJ01-01
fa79a77c6e9a880f3488c802f8f93b2d,CSANPFTGGNYGYTF,0.025037522278024887,TCRBV20-X,TCRBJ01-02
fa79a77c6e9a880f3488c802f8f93b2d,CASSYNGPYGYTF,0.025014911535950902,TCRBV06-05,TCRBJ01-02
fa79a77c6e9a880f3488c802f8f93b2d,CASSYAYNYGYTF,0.024966637194231544,TCRBV06-05,TCRBJ01-02
fa79a77c6e9a880f3488c802f8f93b2d,CASSWGGGGNYGYTF,0.02495185458416568,TCRBV02-01,TCRBJ01-02
fa79a77c6e9a880f3488c802f8f93b2d,CSAPQGWYYGYTF,0.024946321459740566,TCRBV20-X,TCRBJ01-02
fa79a77c6e9a880f3488c802f8f93b2d,CAWGHGYTF,0.02492956408683758,TCRBV30-01,TCRBJ01-02
fa79a77c6e9a880f3488c802f8f93b2d,CASSWGGAGPYSGYTF,0.024909714965502528,TCRBV12-X,TCRBJ01-02
fa79a77c6e9a880f3488c802f8f93b2d,CASSPYGGGYTF,0.024895562781144916,TCRBV18-01,TCRBJ01-02
fa79a77c6e9a880f3488c802f8f93b2d,CAWGKGILYGYTF,0.024873101544915868,TCRBV30-01,TCRBJ01-02
fa79a77c6e9a880f3488c802f8f93b2d,CASSHAPYGYTF,0.024856088711173802,TCRBV05-06,TCRBJ01-02
fa79a77c6e9a880f3488c802f8f93b2d,CASSYPGSYYGYTF,0.02485232695571497,TCRBV06-02/06-03,TCRBJ01-02
fa79a77c6e9a880f3488c802f8f93b2d,CASSWDGYYGYTF,0.024805912680479544,TCRBV05-01,TCRBJ01-02
fa79a77c6e9a880f3488c802f8f93b2d,CASAFRKAFF,0.02476251480160106,TCRBV02-01,TCRBJ01-01
fa79a77c6e9a880f3488c802f8f93b2d,CAWSVWGVNTEAFF,0.024733781677353094,TCRBV30-01,TCRBJ01-01
fa79a77c6e9a880f3488c802f8f93b2d,CTRVRDRGKGGKNIQYF,0.02467906116987293,TCRBV20-X,TCRBJ02-04
fa79a77c6e9a880f3488c802f8f93b2d,CASSPHPYYNSPLHF,0.024647834456911703,TCRBV27-01,TCRBJ01-06
fa79a77c6e9a880f3488c802f8f93b2d,CASSWGYWGAEAFF,0.02464429970353093,TCRBV06-05,TCRBJ01-01
fa79a77c6e9a880f3488c802f8f93b2d,CASSYGPYGYTF,0.024499476131687653,TCRBV06-05,TCRBJ01-02
fa79a77c6e9a880f3488c802f8f93b2d,CASSYGYGYTF,0.024498189835316132,TCRBV06-05,TCRBJ01-02
fa79a77c6e9a880f3488c802f8f93b2d,CASSYGNSYGYTF,0.024497628614783655,TCRBV06-05,TCRBJ01-02
fa79a77c6e9a880f3488c802f8f93b2d,CATAPGGANVLTF,0.024418239916880528,TCRBV19-01,TCRBJ02-06
fa79a77c6e9a880f3488c802f8f93b2d,CASRYYSGNYGYTF,0.024394476371949178,TCRBV06-05,TCRBJ01-02
fa79a77c6e9a880f3488c802f8f93b2d,CASSWGGGNTF,0.02439208480431031,TCRBV12-03/12-04,TCRBJ01-02
fa79a77c6e9a880f3488c802f8f93b2d,CASSGGYYGYTF,0.024391721691848403,TCRBV19-01,TCRBJ01-02
fa79a77c6e9a880f3488c802f8f93b2d,CSARMPWGAHYGYTF,0.024389554473947778,TCRBV20-X,TCRBJ01-02
fa79a77c6e9a880f3488c802f8f93b2d,CASPPPPEAKAPHTIYF,0.024355213267940278,TCRBV18-01,TCRBJ01-03
fa79a77c6e9a880f3488c802f8f93b2d,CAWIPQGGYGYTF,0.024347600250259276,TCRBV30-01,TCRBJ01-02
fa79a77c6e9a880f3488c802f8f93b2d,CSARDAVYYYGYTF,0.02434243276427358,TCRBV20-X,TCRBJ01-02
fa79a77c6e9a880f3488c802f8f93b2d,CASNKNKNTEAFF,0.02433934694027469,TCRBV06-05,TCRBJ01-01
fa79a77c6e9a880f3488c802f8f93b2d,CASTPSHHPSYGYTF,0.024335534068179045,TCRBV03-01/03-02,TCRBJ01-02
fa79a77c6e9a880f3488c802f8f93b2d,CASSIPGVGNTIYF,0.02429985662753983,TCRBV19-01,TCRBJ01-03
fa79a77c6e9a880f3488c802f8f93b2d,DNPWDTEAFF,0.024266366792198294,TCRBV29-01,TCRBJ01-01
fa79a77c6e9a880f3488c802f8f93b2d,CASGPGAYYGYTF,0.024226180345380335,TCRBV12-05,TCRBJ01-02
fa79a77c6e9a880f3488c802f8f93b2d,CASRPGHHYGYTF,0.024212367430499517,TCRBV27-01,TCRBJ01-02
fa79a77c6e9a880f3488c802f8f93b2d,CASSWYRAIYF,0.024205166098023808,TCRBV06-06,TCRBJ02-07
fa79a77c6e9a880f3488c802f8f93b2d,CASNPFSSGANVLTF,0.02420377873161017,TCRBV19-01,TCRBJ02-06
fa79a77c6e9a880f3488c802f8f93b2d,CASSFWQAPYMYGYTF,0.0241767831190258,TCRBV07-09,TCRBJ01-02
fa79a77c6e9a880f3488c802f8f93b2d,CASSGYYGGPQYF,0.024169577347115983,TCRBV27-01,TCRBJ02-03
fa79a77c6e9a880f3488c802f8f93b2d,CSAGPFYGGFYGYTF,0.024167156677881926,TCRBV20-X,TCRBJ01-02
fa79a77c6e9a880f3488c802f8f93b2d,CASRYRYGYTF,0.024162144591950842,TCRBV28-01,TCRBJ01-02
fa79a77c6e9a880f3488c802f8f93b2d,CASSKGGYTHRHYGYTF,0.02415635510988205,TCRBV21-01,TCRBJ01-02
fa79a77c6e9a880f3488c802f8f93b2d,CASSSFGSSNNYGYTF,0.024097005364822805,TCRBV05-08,TCRBJ01-02
fa79a77c6e9a880f3488c802f8f93b2d,CASSYWDAGWGTEAFF,0.024054975245236244,TCRBV06-05,TCRBJ01-01
fa79a77c6e9a880f3488c802f8f93b2d,CASSYKGHYGYTF,0.024054628921285747,TCRBV06-06,TCRBJ01-02
fa79a77c6e9a880f3488c802f8f93b2d,CASRGPYYGYTF,0.024049700453997777,TCRBV27-01,TCRBJ01-02
fa79a77c6e9a880f3488c802f8f93b2d,CASNPWPGQPNSNQPQHF,0.02400050971161555,TCRBV28-01,TCRBJ01-05
fa79a77c6e9a880f3488c802f8f93b2d,CASSYRPNYGYTF,0.02399600805037335,TCRBV06-02/06-03,TCRBJ01-02
fa79a77c6e9a880f3488c802f8f93b2d,CASSFGYYGYTF,0.023990525359289788,TCRBV12-03/12-04,TCRBJ01-02
fa79a77c6e9a880f3488c802f8f93b2d,CSARGKGAIYYGYTF,0.023988105435866932,TCRBV20-X,TCRBJ01-02
fa79a77c6e9a880f3488c802f8f93b2d,CASSHGYRYGYTF,0.02395976095030501,TCRBV14-01,TCRBJ01-02
fa79a77c6e9a880f3488c802f8f93b2d,CARIWAPGEAFF,0.0239553838106224,TCRBV12-03/12-04,TCRBJ01-01
fa79a77c6e9a880f3488c802f8f93b2d,CASSLAKATGWWGNTF,0.023933955383920128,TCRBV07-09,TCRBJ01-02
fa9481033af09287257151924ffe7f83,FF,0.04636419028842517,TCRBV07-03,TCRBJ02-01
fa9481033af09287257151924ffe7f83,YF,0.043498104297022874,TCRBV05-03,TCRBJ02-07
fa9481033af09287257151924ffe7f83,CASRPRGIPLIGNTEAFF,0.039971504958833254,TCRBV06-X,TCRBJ01-01
fa9481033af09287257151924ffe7f83,CASSYQVPSLDGRNYEQYF,0.03947217373829066,TCRBV06-06,TCRBJ02-07
fa9481033af09287257151924ffe7f83,CASCNGTGGVFNEKLFF,0.0354417530464004,TCRBV07-06,TCRBJ01-04
fa9481033af09287257151924ffe7f83,CAWGGGYNYGYTF,0.034692601926786894,TCRBV30-01,TCRBJ01-02
fa9481033af09287257151924ffe7f83,CATHYYYSYTF,0.03433734684574498,TCRBV19-01,TCRBJ01-02
fa9481033af09287257151924ffe7f83,CAISGGRQVPFWGNYGYTF,0.03348397626451834,TCRBV10-03,TCRBJ01-02
fa9481033af09287257151924ffe7f83,CAISYYTYYGYTF,0.03278741068122144,TCRBV10-03,TCRBJ01-02
fa9481033af09287257151924ffe7f83,CASTYGPYYGYTF,0.03248604989616624,TCRBV03-01/03-02,TCRBJ01-02
fa9481033af09287257151924ffe7f83,CASYSFYYGNYGYTF,0.03192264221634113,TCRBV28-01,TCRBJ01-02
fa9481033af09287257151924ffe7f83,CASSHRRRH,0.03188500037479926,TCRBV03-01/03-02,TCRBJ01-02
fa9481033af09287257151924ffe7f83,CASSYGGWYGYTF,0.03178755103125423,TCRBV19-01,TCRBJ01-02
fa9481033af09287257151924ffe7f83,CASSPWVGYYYGYTF,0.031588785657345145,TCRBV03-01/03-02,TCRBJ01-02
fa9481033af09287257151924ffe7f83,CASSLPRVGNTGELFF,0.03108119662562215,TCRBV11-01,TCRBJ02-02
fa9481033af09287257151924ffe7f83,CASSYGPGWWHF,0.030906049390072018,TCRBV06-02/06-03,TCRBJ01-05
fa9481033af09287257151924ffe7f83,CASTPAWGWGYGYTF,0.030697439529201297,TCRBV19-01,TCRBJ01-02
fa9481033af09287257151924ffe7f83,CASSHTGYYNYGYTF,0.030691564327169327,TCRBV03-01/03-02,TCRBJ01-02
fa9481033af09287257151924ffe7f83,CASSYGPYYGYTF,0.03066664097137178,TCRBV06-05,TCRBJ01-02
fa9481033af09287257151924ffe7f83,CASSYWAGNYGGYTF,0.030444050225357077,TCRBV05-06,TCRBJ01-02
fa9481033af09287257151924ffe7f83,CASTYTGTGYYGYTF,0.030385205432406276,TCRBV28-01,TCRBJ01-02
fa9481033af09287257151924ffe7f83,CASSKAFWGWGNYGYTF,0.030226251610826545,TCRBV21-01,TCRBJ01-02
fa9481033af09287257151924ffe7f83,CASSYWGPGYGYTF,0.030160614984847154,TCRBV06-02/06-03,TCRBJ01-02
fa9481033af09287257151924ffe7f83,CASSYYGNYGYTF,0.030114868004771117,TCRBV06-05,TCRBJ01-02
fa9481033af09287257151924ffe7f83,CASSFSYSPYYGYTF,0.030002981845157567,TCRBV05-05,TCRBJ01-02
fa9481033af09287257151924ffe7f83,CASSYGWYGYTF,0.029984447325355407,TCRBV06-05,TCRBJ01-02
fa9481033af09287257151924ffe7f83,CASSYSGYYGYTF,0.029976799522669757,TCRBV06-05,TCRBJ01-02
fa9481033af09287257151924ffe7f83,CASSDWGGWYGYTF,0.02996154423477581,TCRBV06-04,TCRBJ01-02
fa9481033af09287257151924ffe7f83,CASSFYWGPSNYGYTF,0.029708181967060255,TCRBV05-05,TCRBJ01-02
fa9481033af09287257151924ffe7f83,CASSYFGGHNYGYTF,0.029632671835688566,TCRBV06-06,TCRBJ01-02
fa9481033af09287257151924ffe7f83,WRANVLTF,0.029462338647003886,TCRBV20-01,TCRBJ02-06
fa9481033af09287257151924ffe7f83,CATRYGYYGYTF,0.029439684306267172,TCRBV24-01,TCRBJ01-02
fa9481033af09287257151924ffe7f83,CASSYRYNPYGYTF,0.029371990814786076,TCRBV07-09,TCRBJ01-02
fa9481033af09287257151924ffe7f83,CASSYRGYYGYTF,0.02933977931009988,TCRBV05-06,TCRBJ01-02
fa9481033af09287257151924ffe7f83,CASSFWTGGYNYGYTF,0.02931033391643408,TCRBV19-01,TCRBJ01-02
fa9481033af09287257151924ffe7f83,CASSYGWNTNYGYTF,0.029289080822835496,TCRBV06-02/06-03,TCRBJ01-02
fa9481033af09287257151924ffe7f83,CASSYAYYGYTF,0.02928723542344876,TCRBV06-02/06-03,TCRBJ01-02
fa9481033af09287257151924ffe7f83,CASFYGPGPWGNTIYF,0.029254738283161878,TCRBV12-X,TCRBJ01-03
fa9481033af09287257151924ffe7f83,CAWIPWGGAGGYTF,0.029150406385136943,TCRBV30-01,TCRBJ01-02
fa9481033af09287257151924ffe7f83,CASIPWIGNTGELFF,0.02909023095853123,TCRBV07-09,TCRBJ02-02
fa9481033af09287257151924ffe7f83,CATYGPGNYYGYTF,0.028899949965353503,TCRBV02-01,TCRBJ01-02
fa9481033af09287257151924ffe7f83,CASAPSWGPYYGYTF,0.028855570511557214,TCRBV27-01,TCRBJ01-02
fa9481033af09287257151924ffe7f83,CSAWVGPYWGYTF,0.02883946319435356,TCRBV20-X,TCRBJ01-02
fa9481033af09287257151924ffe7f83,CASSWNFGGPNYGYTF,0.028774737998109343,TCRBV05-06,TCRBJ01-02
fa9481033af09287257151924ffe7f83,CASSLPIYYYYTF,0.02877462805840048,TCRBV28-01,TCRBJ01-02
fa9481033af09287257151924ffe7f83,CASSNNPARSWWEQYF,0.02876953130123042,TCRBV21-01,TCRBJ02-07
fa9481033af09287257151924ffe7f83,CAWSAYTGPYGYTF,0.02874153475882503,TCRBV30-01,TCRBJ01-02
fa9481033af09287257151924ffe7f83,CASIPGYYYGYTF,0.028678664905427892,TCRBV06-05,TCRBJ01-02
fa9481033af09287257151924ffe7f83,CASTYRGPYYGYTF,0.028667189073532818,TCRBV06-X,TCRBJ01-02
fa9481033af09287257151924ffe7f83,CASSYYSGNSYGYTF,0.02862468784699093,TCRBV06-05,TCRBJ01-02
fa9481033af09287257151924ffe7f83,CAWTHWGANVLTF,0.028603677127004935,TCRBV30-01,TCRBJ02-06
fa9481033af09287257151924ffe7f83,CASSFWFYSCF,0.0285392061137419,TCRBV07-X,TCRBJ02-07
fa9481033af09287257151924ffe7f83,CASCPFGGGWGYTF,0.02846531405685278,TCRBV05-04,TCRBJ01-02
fa9481033af09287257151924ffe7f83,CASSFWTGGGYYGYTF,0.02843115010098861,TCRBV05-05,TCRBJ01-02
fa9481033af09287257151924ffe7f83,CAWAGGGWGQNYGYTF,0.02839156497579093,TCRBV30-01,TCRBJ01-02
fa9481033af09287257151924ffe7f83,CAAKYKYRMYF,0.02836620068799437,TCRBV12-03/12-04,TCRBJ02-07
fa9481033af09287257151924ffe7f83,CAWRYTYGYTF,0.028304123004780274,TCRBV30-01,TCRBJ01-02
fa9481033af09287257151924ffe7f83,WTNGYTF,0.028246731713851586,TCRBV24-01,TCRBJ01-02
fa9481033af09287257151924ffe7f83,CASSPYVYYGYTF,0.02817831946260565,TCRBV07-02,TCRBJ01-02
fa9481033af09287257151924ffe7f83,WKDTQYF,0.028126291442994954,TCRBV12-03/12-04,TCRBJ02-03
fa9481033af09287257151924ffe7f83,TYTIYF,0.0280591150124525,TCRBV10-02,TCRBJ01-03
fa9481033af09287257151924ffe7f83,CASNPWGNYGYTF,0.028020933899220977,TCRBV28-01,TCRBJ01-02
fa9481033af09287257151924ffe7f83,WKEQFF,0.02799901201989755,TCRBV19-01,TCRBJ02-01
fa9481033af09287257151924ffe7f83,GGPQHF,0.02799086838317136,TCRBV23-01,TCRBJ01-05
fa9481033af09287257151924ffe7f83,CAACGGTGYGYTF,0.02797887364537739,TCRBV06-05,TCRBJ01-02
fa9481033af09287257151924ffe7f83,CASSYYPGNNYGYTF,0.027948171853718343,TCRBV06-06,TCRBJ01-02
fa9481033af09287257151924ffe7f83,CASSYIRVYGYTF,0.02791361605569125,TCRBV06-02/06-03,TCRBJ01-02
fa9481033af09287257151924ffe7f83,CATHPKGHGHYGYTF,0.02790777643786377,TCRBV19-01,TCRBJ01-02
fa9481033af09287257151924ffe7f83,WGETQYF,0.027874971486026086,TCRBV09-01,TCRBJ02-05
fa9481033af09287257151924ffe7f83,CASNYYGGNYGYTF,0.02783695150307118,TCRBV21-01,TCRBJ01-02
fa9481033af09287257151924ffe7f83,CAWSWGGIGYGYTF,0.02782902297302127,TCRBV30-01,TCRBJ01-02
fa9481033af09287257151924ffe7f83,CARIKHIYF,0.027822241272994628,TCRBV05-03,TCRBJ01-03
fa9481033af09287257151924ffe7f83,CVTGPYYGYTF,0.027817343839638967,TCRBV06-05,TCRBJ01-02
fa9481033af09287257151924ffe7f83,CASSYNYPGGNTEAFF,0.027760853460396084,TCRBV06-02/06-03,TCRBJ01-01
fa9481033af09287257151924ffe7f83,CASSWGLHWWYF,0.027754572018829537,TCRBV19-01,TCRBJ02-05
fa9481033af09287257151924ffe7f83,CASSYSTGGWYGYTF,0.027716676234654063,TCRBV06-05,TCRBJ01-02
fa9481033af09287257151924ffe7f83,CASNWFGGYGYTF,0.027682998535510532,TCRBV05-06,TCRBJ01-02
fa9481033af09287257151924ffe7f83,CASSYGSGYFYGYTF,0.027632046438898005,TCRBV12-X,TCRBJ01-02
fa9481033af09287257151924ffe7f83,CAWSPHPGSPHHSPLHF,0.02761361607913081,TCRBV30-01,TCRBJ01-06
fa9481033af09287257151924ffe7f83,CASGGYYGYTF,0.02755366410910952,TCRBV27-01,TCRBJ01-02
fa9481033af09287257151924ffe7f83,CASSYGIYYGYTF,0.027511562978388197,TCRBV06-02/06-03,TCRBJ01-02
fa9481033af09287257151924ffe7f83,GPHGYTF,0.02749481079719021,TCRBV06-04,TCRBJ01-02
fa9481033af09287257151924ffe7f83,CASSYPGPYYGYTF,0.027398552469896503,TCRBV06-02/06-03,TCRBJ01-02
fa9481033af09287257151924ffe7f83,CASWGGYGYTF,0.027387826882998356,TCRBV25-01,TCRBJ01-02
fa9481033af09287257151924ffe7f83,CASSHRAGHHYGYTF,0.027354451880880468,TCRBV05-06,TCRBJ01-02
fa9481033af09287257151924ffe7f83,CAWSGGYSSMWGYTF,0.027325379204375208,TCRBV30-01,TCRBJ01-02
fa9481033af09287257151924ffe7f83,CASSYYRGNYGYTF,0.027306088512985917,TCRBV05-01,TCRBJ01-02
fa9481033af09287257151924ffe7f83,CASSWGTGGYYGYTF,0.02728767644773559,TCRBV27-01,TCRBJ01-02
fa9481033af09287257151924ffe7f83,CASGLLGGFTEAFF,0.027269001347575,TCRBV12-05,TCRBJ01-01
fa9481033af09287257151924ffe7f83,CASSYYTGPYYEQYF,0.027191791907844806,TCRBV05-01,TCRBJ02-07
fa9481033af09287257151924ffe7f83,CASSYWGAGNYGYTF,0.02716591785385316,TCRBV06-05,TCRBJ01-02
fa9481033af09287257151924ffe7f83,CVRPHPNWGYGYTF,0.027164369448191693,TCRBV07-05,TCRBJ01-02
fa9481033af09287257151924ffe7f83,CVRSLPIVGTEAFF,0.02716237854196969,TCRBV07-05,TCRBJ01-01
fa9481033af09287257151924ffe7f83,CSAHEWGIHYGYTF,0.02716068071344796,TCRBV20-X,TCRBJ01-02
fa9481033af09287257151924ffe7f83,CASSYGGWGPSGNTIYF,0.02715678617750055,TCRBV06-X,TCRBJ01-03
fa9481033af09287257151924ffe7f83,CASIPYKWYGYTF,0.027150903670263047,TCRBV12-03/12-04,TCRBJ01-02
fa9481033af09287257151924ffe7f83,CASGVGQAFGELFF,0.027104334559065323,TCRBV12-05,TCRBJ02-02
fa9481033af09287257151924ffe7f83,CAYMIDRAYYGYTF,0.0270849709656215,TCRBV30-01,TCRBJ01-02
fa9481033af09287257151924ffe7f83,WAGFGYTF,0.02703955143216245,TCRBV15-01,TCRBJ01-02
fdc539151615ea15edea02b235b10061,CASSFWWGGYYGYTF,0.04051383558123884,TCRBV28-01,TCRBJ01-02
fdc539151615ea15edea02b235b10061,AQYF,0.03497542307875766,TCRBV12-02,TCRBJ02-07
fdc539151615ea15edea02b235b10061,HF,0.03464004506758951,TCRBV20-01,TCRBJ01-06
fdc539151615ea15edea02b235b10061,WVAIYF,0.03380893505745027,TCRBV14-01,TCRBJ01-03
fdc539151615ea15edea02b235b10061,CASSWYYYGYTF,0.03360632058681982,TCRBV28-01,TCRBJ01-02
fdc539151615ea15edea02b235b10061,CASSSWYIAGGPYNEQFF,0.03354772367695979,TCRBV27-01,TCRBJ02-01
fdc539151615ea15edea02b235b10061,CASKGNQGQPGNYGYTF,0.031877575387228005,TCRBV06-X,TCRBJ01-02
fdc539151615ea15edea02b235b10061,CASSYYRGWNYGYTF,0.03139987968572229,TCRBV11-03,TCRBJ01-02
fdc539151615ea15edea02b235b10061,RWDYTF,0.03111109913725268,TCRBV27-01,TCRBJ01-02
fdc539151615ea15edea02b235b10061,CASAHPHAYGYTF,0.03070920916840628,TCRBV07-09,TCRBJ01-02
fdc539151615ea15edea02b235b10061,YNSPLHF,0.030455104486001992,TCRBV21-01,TCRBJ01-06
fdc539151615ea15edea02b235b10061,CASRF,0.030354162971031693,TCRBV11-03,TCRBJ02-07
fdc539151615ea15edea02b235b10061,CASSYSGYYGYTF,0.029976799522669757,TCRBV06-06,TCRBJ01-02
fdc539151615ea15edea02b235b10061,CASSYSYWAGGNYGYTF,0.02930001318649408,TCRBV06-X,TCRBJ01-02
fdc539151615ea15edea02b235b10061,CASSYVWGGYGYTF,0.02921412884551026,TCRBV06-05,TCRBJ01-02
fdc539151615ea15edea02b235b10061,CASSYWGTGPFNYGYTF,0.02919739319533583,TCRBV06-X,TCRBJ01-02
fdc539151615ea15edea02b235b10061,CASGLPPVGNGYTF,0.02913753509698146,TCRBV12-05,TCRBJ01-02
fdc539151615ea15edea02b235b10061,CASGWGSYYGYTF,0.029094887806263073,TCRBV28-01,TCRBJ01-02
fdc539151615ea15edea02b235b10061,CSAQHPGHQPQHF,0.02906027506131622,TCRBV20-X,TCRBJ01-05
fdc539151615ea15edea02b235b10061,WGGYTF,0.028785644043573314,TCRBV30-01,TCRBJ01-02
fdc539151615ea15edea02b235b10061,CARAYSYGYTF,0.028556000532482678,TCRBV27-01,TCRBJ01-02
fdc539151615ea15edea02b235b10061,CAWSHPYSPYGYTF,0.028300002079463614,TCRBV30-01,TCRBJ01-02
fdc539151615ea15edea02b235b10061,CVTTGTGYYYGYTF,0.028241030536595206,TCRBV28-01,TCRBJ01-02
fdc539151615ea15edea02b235b10061,CASWGGWAYGYTF,0.027939467901470873,TCRBV07-09,TCRBJ01-02
fdc539151615ea15edea02b235b10061,PKPPYF,0.02789177895828518,TCRBV04-X,TCRBJ02-05
fdc539151615ea15edea02b235b10061,CAWKDPWVKKLFF,0.027868529319507757,TCRBV30-01,TCRBJ01-04
fdc539151615ea15edea02b235b10061,CASSPPPPPHTRGQPQHF,0.02778069611766009,TCRBV18-01,TCRBJ01-05
fdc539151615ea15edea02b235b10061,CAWGDPEAFF,0.027743231925030545,TCRBV30-01,TCRBJ01-01
fdc539151615ea15edea02b235b10061,CASWKPPHGYTF,0.02769242248438523,TCRBV12-03/12-04,TCRBJ01-02
fdc539151615ea15edea02b235b10061,CASRPPGIGFHHPHQPQHF,0.02761705725608778,TCRBV06-X,TCRBJ01-05
fdc539151615ea15edea02b235b10061,CASSHRGLPFYGYNEQFF,0.0275463648223056,TCRBV03-01/03-02,TCRBJ02-01
fdc539151615ea15edea02b235b10061,CASSSNAGRNNYNYGYTF,0.02751726780572775,TCRBV12-X,TCRBJ01-02
fdc539151615ea15edea02b235b10061,CASSGVGYYYGYTF,0.02746400586505166,TCRBV02-01,TCRBJ01-02
fdc539151615ea15edea02b235b10061,CAWSNYGNYGYTF,0.0273938672652956,TCRBV30-01,TCRBJ01-02
fdc539151615ea15edea02b235b10061,CASSGALYSGAWGWGGYTF,0.027337757809465495,TCRBV28-01,TCRBJ01-02
fdc539151615ea15edea02b235b10061,CASFGGYYGYTF,0.02732198760648125,TCRBV28-01,TCRBJ01-02
fdc539151615ea15edea02b235b10061,CASSYYSGTNYGYTF,0.02730157696290625,TCRBV06-05,TCRBJ01-02
fdc539151615ea15edea02b235b10061,CASSYHTSTGSYYGYTF,0.027158389281025427,TCRBV05-01,TCRBJ01-02
fdc539151615ea15edea02b235b10061,CASSH,0.02714257643574789,TCRBV12-01,TCRBJ02-07
fdc539151615ea15edea02b235b10061,CASSFWNNNYGYTF,0.02704744795494562,TCRBV28-01,TCRBJ01-02
fdc539151615ea15edea02b235b10061,CASSCGQGCNQPQHF,0.027011119006661987,TCRBV07-08,TCRBJ01-05
fdc539151615ea15edea02b235b10061,CASSLPRIGYGYTF,0.026960538941325916,TCRBV05-08,TCRBJ01-02
fdc539151615ea15edea02b235b10061,CASSPWGGYGYTF,0.026769062071468293,TCRBV09-01,TCRBJ01-02
fdc539151615ea15edea02b235b10061,CATWGWNYGYTF,0.02671716515979733,TCRBV24-01,TCRBJ01-02
fdc539151615ea15edea02b235b10061,CASSWGPPYHYGYTF,0.026691663755288753,TCRBV05-01,TCRBJ01-02
fdc539151615ea15edea02b235b10061,CASSWGFGPYGYTF,0.02660819614100077,TCRBV05-04,TCRBJ01-02
fdc539151615ea15edea02b235b10061,CASSEAHKGWWGQYF,0.0265655348768399,TCRBV06-01,TCRBJ02-04
fdc539151615ea15edea02b235b10061,CASSYPSYYGYTF,0.02655238095716196,TCRBV06-05,TCRBJ01-02
fdc539151615ea15edea02b235b10061,CSFHAPGGYYGYTF,0.02655088197288578,TCRBV20-X,TCRBJ01-02
fdc539151615ea15edea02b235b10061,CASSNPWAAYGYTF,0.026490293731840347,TCRBV19-01,TCRBJ01-02
fdc539151615ea15edea02b235b10061,CASSYLGRGLYIYYGYTF,0.02641237364475655,TCRBV06-X,TCRBJ01-02
fdc539151615ea15edea02b235b10061,CASSAYQGYYGYTF,0.02640387604725602,TCRBV28-01,TCRBJ01-02
fdc539151615ea15edea02b235b10061,CASSEGAWGAFF,0.026398853831240212,TCRBV06-X,TCRBJ01-01
fdc539151615ea15edea02b235b10061,CASSFKDIKRFF,0.026390415598740807,TCRBV28-01,TCRBJ02-01
fdc539151615ea15edea02b235b10061,CAGTWGGPAYGYTF,0.026377707297148514,TCRBV28-01,TCRBJ01-02
fdc539151615ea15edea02b235b10061,CASSHRHRGAHHFGYTF,0.026371797669419342,TCRBV03-01/03-02,TCRBJ01-02
fdc539151615ea15edea02b235b10061,CASSYSYSYGYTF,0.026352733709711966,TCRBV06-05,TCRBJ01-02
fdc539151615ea15edea02b235b10061,CTVYHF,0.026323654939870402,TCRBVA-01,TCRBJ01-02
fdc539151615ea15edea02b235b10061,CASIWDRGVYF,0.026248202873357773,TCRBV06-04,TCRBJ01-05
fdc539151615ea15edea02b235b10061,CAWTSPGGLSNYGYTF,0.026194206538825742,TCRBV30-01,TCRBJ01-02
fdc539151615ea15edea02b235b10061,CASSWGTGGFNTYGYTF,0.02619001968436872,TCRBV28-01,TCRBJ01-02
fdc539151615ea15edea02b235b10061,F,0.026169089102652747,TCRBV30-01,TCRBJ02-07
fdc539151615ea15edea02b235b10061,CASGYYGYTF,0.0261636334773338,TCRBV06-05,TCRBJ01-02
fdc539151615ea15edea02b235b10061,CARGGPKVWYF,0.026136622276790596,TCRBV28-01,TCRBJ02-07
fdc539151615ea15edea02b235b10061,CAWSPPWGGYYEQYF,0.02611720072080116,TCRBV30-01,TCRBJ02-07
fdc539151615ea15edea02b235b10061,ETQYF,0.02611368220022237,TCRBV30-01,TCRBJ02-05
fdc539151615ea15edea02b235b10061,CASSYSGFRYYGYTF,0.026063761702735576,TCRBV06-02/06-03,TCRBJ01-02
fdc539151615ea15edea02b235b10061,CSHMYRGAFF,0.026061281960313838,TCRBV20-01,TCRBJ01-01
fdc539151615ea15edea02b235b10061,CAPVKPEAFF,0.026018375999631096,TCRBV02-01,TCRBJ01-01
fdc539151615ea15edea02b235b10061,CARPSNNYRDRGRRGNGYTF,0.026000445228081807,TCRBV06-09,TCRBJ01-02
fdc539151615ea15edea02b235b10061,CASSFYGNANYGYTF,0.02599566974511407,TCRBV05-01,TCRBJ01-02
fdc539151615ea15edea02b235b10061,CASSYNHHKGVRAFF,0.02597273095959755,TCRBV06-05,TCRBJ01-01
fdc539151615ea15edea02b235b10061,CASSWDPKKYRFF,0.025957915559213885,TCRBV05-05,TCRBJ02-01
fdc539151615ea15edea02b235b10061,CAWSHTGYYGYTF,0.025870374874942547,TCRBV30-01,TCRBJ01-02
fdc539151615ea15edea02b235b10061,CASSWTWGIGYGYTF,0.025861682127471898,TCRBV05-06,TCRBJ01-02
fdc539151615ea15edea02b235b10061,CASSYSGAYYGYTF,0.02585597511635235,TCRBV06-05,TCRBJ01-02
fdc539151615ea15edea02b235b10061,CASTPNQHHNQPQHF,0.025832029853892675,TCRBV28-01,TCRBJ01-05
fdc539151615ea15edea02b235b10061,CASANPWGSGGYTF,0.0257928205475718,TCRBV12-05,TCRBJ01-02
fdc539151615ea15edea02b235b10061,CASSYGAPPSYEQYF,0.025780190301430098,TCRBV06-05,TCRBJ02-07
fdc539151615ea15edea02b235b10061,CASSYWTGGSYGYTF,0.02574512673905236,TCRBV06-05,TCRBJ01-02
fdc539151615ea15edea02b235b10061,CASNYDGGNPWGYTF,0.02569914697855046,TCRBV28-01,TCRBJ01-02
fdc539151615ea15edea02b235b10061,CASSPWGGNYGYTF,0.02567197350828471,TCRBV12-X,TCRBJ01-02
fdc539151615ea15edea02b235b10061,CASSSPWPHQPQHF,0.025671208694650453,TCRBV28-01,TCRBJ01-05
fdc539151615ea15edea02b235b10061,CASSYYRGAYGYTF,0.025666727600950914,TCRBV06-05,TCRBJ01-02
fdc539151615ea15edea02b235b10061,CASSFRGGWNYGYTF,0.02563148829389934,TCRBV05-04,TCRBJ01-02
fdc539151615ea15edea02b235b10061,CACIRGGYYGYTF,0.02559292766238168,TCRBV30-01,TCRBJ01-02
fdc539151615ea15edea02b235b10061,CASWGGWVGANVLTF,0.025579401781494367,TCRBV11-02,TCRBJ02-06
fdc539151615ea15edea02b235b10061,CAPPRQAPGHQPQHF,0.025567908325364427,TCRBV10-01,TCRBJ01-05
fdc539151615ea15edea02b235b10061,GPEPQHF,0.025501264507733434,TCRBV21-01,TCRBJ01-05
fdc539151615ea15edea02b235b10061,CSARAGHHHF,0.025468838213208233,TCRBV20-01,TCRBJ01-06
fdc539151615ea15edea02b235b10061,CASPPYF,0.025439199013392873,TCRBV07-02,TCRBJ02-03
fdc539151615ea15edea02b235b10061,CASIPYGVFYGYTF,0.02543779226078271,TCRBV07-09,TCRBJ01-02
fdc539151615ea15edea02b235b10061,CSYGPLYGYTF,0.025416596709628887,TCRBV20-01,TCRBJ01-02
fdc539151615ea15edea02b235b10061,CAWMWGAGADTQYF,0.025339707827942752,TCRBV30-01,TCRBJ02-03
fdc539151615ea15edea02b235b10061,CASTGWGVTPNYGYTF,0.02527693712311656,TCRBV21-01,TCRBJ01-02
fdc539151615ea15edea02b235b10061,CASSWNSGGYGYTF,0.025261508824018734,TCRBV05-06,TCRBJ01-02
fdc539151615ea15edea02b235b10061,CASSHPGTGGGWYGYTF,0.02523274823863047,TCRBV04-01,TCRBJ01-02
ff79aff0790269e90204eeea35eb2cb6,CASSYSYSYYGYTF,0.0384607570277647,TCRBV06-05,TCRBJ01-02
ff79aff0790269e90204eeea35eb2cb6,CSKYF,0.03730070079117535,TCRBV29-01,TCRBJ02-07
ff79aff0790269e90204eeea35eb2cb6,CASSPWAYNTYYGYTF,0.03258494283273688,TCRBV14-01,TCRBJ01-02
ff79aff0790269e90204eeea35eb2cb6,CASSYYGFYGYTF,0.03239953093052723,TCRBV07-02,TCRBJ01-02
ff79aff0790269e90204eeea35eb2cb6,CASSYYEGYYGYTF,0.03145619452785306,TCRBV06-05,TCRBJ01-02
ff79aff0790269e90204eeea35eb2cb6,CAWGGGFNYGYTF,0.031124492542976844,TCRBV30-01,TCRBJ01-02
ff79aff0790269e90204eeea35eb2cb6,CASSGWGWPYGYTF,0.03096823878515809,TCRBV05-01,TCRBJ01-02
ff79aff0790269e90204eeea35eb2cb6,CAWTPGQFFTEAFF,0.0308337731745076,TCRBV30-01,TCRBJ01-01
ff79aff0790269e90204eeea35eb2cb6,CASSYWGYGYTF,0.030494760737097927,TCRBV06-05,TCRBJ01-02
ff79aff0790269e90204eeea35eb2cb6,CAGWWNYGYTF,0.030321798258018406,TCRBV12-05,TCRBJ01-02
ff79aff0790269e90204eeea35eb2cb6,CASSYSYYGYTF,0.030263376554019988,TCRBV19-01,TCRBJ01-02
ff79aff0790269e90204eeea35eb2cb6,IRNTIYF,0.03015723279291806,TCRBV07-09,TCRBJ01-03
ff79aff0790269e90204eeea35eb2cb6,CASSSYYSGTGGGYGYTF,0.02964355193505409,TCRBV11-02,TCRBJ01-02
ff79aff0790269e90204eeea35eb2cb6,CASSSPWGGGGNYGYTF,0.02944794367837756,TCRBV05-04,TCRBJ01-02
ff79aff0790269e90204eeea35eb2cb6,CASSYSSYNYGYTF,0.0292902535319154,TCRBV06-05,TCRBJ01-02
ff79aff0790269e90204eeea35eb2cb6,CASSSWGSGGAGYGYTF,0.02874176271277113,TCRBV28-01,TCRBJ01-02
ff79aff0790269e90204eeea35eb2cb6,CASYHGYGYTF,0.028618370797149066,TCRBV03-01/03-02,TCRBJ01-02
ff79aff0790269e90204eeea35eb2cb6,CASWGWGGNGYTF,0.028308408466975365,TCRBV06-05,TCRBJ01-02
ff79aff0790269e90204eeea35eb2cb6,CASHPYYGYTF,0.02811202061804142,TCRBV03-01/03-02,TCRBJ01-02
ff79aff0790269e90204eeea35eb2cb6,CSAPNPGQGWGPW,0.028058637111756254,TCRBV20-X,TCRBJ01-02
ff79aff0790269e90204eeea35eb2cb6,SYNSPLHF,0.02804692938875484,TCRBV28-01,TCRBJ01-06
ff79aff0790269e90204eeea35eb2cb6,CARNF,0.02796359480425837,TCRBV05-03,TCRBJ01-01
ff79aff0790269e90204eeea35eb2cb6,CARWRWPEAFF,0.027867521701034893,TCRBV19-01,TCRBJ01-01
ff79aff0790269e90204eeea35eb2cb6,CATPPG,0.02779227816822546,TCRBV21-01,TCRBJ01-02
ff79aff0790269e90204eeea35eb2cb6,CASANPFPGYTF,0.027778997768301904,TCRBV06-X,TCRBJ01-02
ff79aff0790269e90204eeea35eb2cb6,CASSYSTGYYGYTF,0.027645748870293696,TCRBV06-05,TCRBJ01-02
ff79aff0790269e90204eeea35eb2cb6,CASSYSSTGYYGYTF,0.027574285040376012,TCRBV06-05,TCRBJ01-02
ff79aff0790269e90204eeea35eb2cb6,CASGGYYGYTF,0.02755366410910952,TCRBV28-01,TCRBJ01-02
ff79aff0790269e90204eeea35eb2cb6,CSAPTGGHHHF,0.027538157565284486,TCRBV20-01,TCRBJ01-02
ff79aff0790269e90204eeea35eb2cb6,CATSEGPYYPYGYTF,0.02747303567662015,TCRBV24-01,TCRBJ01-02
ff79aff0790269e90204eeea35eb2cb6,CASWGGYGYTF,0.027387826882998356,TCRBV27-01,TCRBJ01-02
ff79aff0790269e90204eeea35eb2cb6,CANPWGGPWCSYNEQFF,0.027384213435139984,TCRBV10-01,TCRBJ02-01
ff79aff0790269e90204eeea35eb2cb6,CASSYTGYSSYGYTF,0.02737827035309726,TCRBV06-02/06-03,TCRBJ01-02
ff79aff0790269e90204eeea35eb2cb6,CASYFGYGYTF,0.02721133228978558,TCRBV28-01,TCRBJ01-02
ff79aff0790269e90204eeea35eb2cb6,CAWSYGVGYGYTF,0.02699977985716051,TCRBV30-01,TCRBJ01-02
ff79aff0790269e90204eeea35eb2cb6,CASWAGHHYGYTF,0.02691670858899114,TCRBV06-X,TCRBJ01-02
ff79aff0790269e90204eeea35eb2cb6,CASSYPNHRPGHQPQHF,0.026816999832018663,TCRBV06-02/06-03,TCRBJ01-05
ff79aff0790269e90204eeea35eb2cb6,CASSPYYGLYGYTF,0.02680410420282673,TCRBV27-01,TCRBJ01-02
ff79aff0790269e90204eeea35eb2cb6,CASSPWGGGWGYTF,0.02676241202357162,TCRBV27-01,TCRBJ01-02
ff79aff0790269e90204eeea35eb2cb6,CASSIVGFTGELFF,0.026657497652564453,TCRBV19-01,TCRBJ02-02
ff79aff0790269e90204eeea35eb2cb6,CASSYTYSPTYGYTF,0.026637868085426484,TCRBV07-02,TCRBJ01-02
ff79aff0790269e90204eeea35eb2cb6,CASSLWGGTGYYGYTF,0.02661750049435147,TCRBV13-01,TCRBJ01-02
ff79aff0790269e90204eeea35eb2cb6,NYGYTF,0.026602234742324912,TCRBV11-X,TCRBJ01-02
ff79aff0790269e90204eeea35eb2cb6,CAWMWEAEAFF,0.0265824766438442,TCRBV30-01,TCRBJ01-01
ff79aff0790269e90204eeea35eb2cb6,CAWGTAEAFF,0.026528838082975577,TCRBV30-01,TCRBJ01-01
ff79aff0790269e90204eeea35eb2cb6,CASREPTGLPFYGYTF,0.026509229918894466,TCRBV28-01,TCRBJ01-02
ff79aff0790269e90204eeea35eb2cb6,CSAGGWQGYYGYTF,0.02646462060257812,TCRBV20-X,TCRBJ01-02
ff79aff0790269e90204eeea35eb2cb6,CASSGWGPYGYTF,0.026458145458662412,TCRBV25-01,TCRBJ01-02
ff79aff0790269e90204eeea35eb2cb6,CAWWGRAGYTF,0.0263847359361524,TCRBV30-01,TCRBJ01-02
ff79aff0790269e90204eeea35eb2cb6,CASSYSGGGWPGNTIYF,0.026307791269102557,TCRBV06-X,TCRBJ01-03
ff79aff0790269e90204eeea35eb2cb6,CGIYRGVNYGYTF,0.026284508222469364,TCRBV28-01,TCRBJ01-02
ff79aff0790269e90204eeea35eb2cb6,CASSYTSSGGGSYGYTF,0.026215275352904143,TCRBV06-X,TCRBJ01-02
ff79aff0790269e90204eeea35eb2cb6,CASNYAGGPNYGYTF,0.02620601959309434,TCRBV06-X,TCRBJ01-02
ff79aff0790269e90204eeea35eb2cb6,CASRHYF,0.026198172032668395,TCRBV03-01/03-02,TCRBJ02-07
ff79aff0790269e90204eeea35eb2cb6,CASSGGTGGWAGYGYTF,0.026173093433971586,TCRBV07-02,TCRBJ01-02
ff79aff0790269e90204eeea35eb2cb6,CASSPYGHTPNYGYTF,0.02609757960224158,TCRBV13-01,TCRBJ01-02
ff79aff0790269e90204eeea35eb2cb6,CAWSAPGGANYGYTF,0.02607685564390084,TCRBV30-01,TCRBJ01-02
ff79aff0790269e90204eeea35eb2cb6,CASSYYGRYGYTF,0.02606202631280979,TCRBV28-01,TCRBJ01-02
ff79aff0790269e90204eeea35eb2cb6,CAWYWQGGGYTF,0.026040802232060747,TCRBV30-01,TCRBJ01-02
ff79aff0790269e90204eeea35eb2cb6,CASSYGGPWAYTF,0.026011928596437826,TCRBV05-01,TCRBJ01-02
ff79aff0790269e90204eeea35eb2cb6,CAWILWGAEKAFF,0.026005360459780972,TCRBV30-01,TCRBJ01-01
ff79aff0790269e90204eeea35eb2cb6,IGVYGYTF,0.026002063410901857,TCRBV20-01,TCRBJ01-02
ff79aff0790269e90204eeea35eb2cb6,CASNPWGEPGANVLTF,0.02588835661641086,TCRBV09-01,TCRBJ02-06
ff79aff0790269e90204eeea35eb2cb6,CASSFGGYYGYTF,0.025877987118433626,TCRBV11-02,TCRBJ01-02
ff79aff0790269e90204eeea35eb2cb6,CASSYGGGPWNTQYF,0.02585136956216648,TCRBV06-02/06-03,TCRBJ02-03
ff79aff0790269e90204eeea35eb2cb6,CASNPSWGPNYGYTF,0.025850414925317512,TCRBV19-01,TCRBJ01-02
ff79aff0790269e90204eeea35eb2cb6,CASSFGGWWGYTF,0.02582318621029515,TCRBV12-03/12-04,TCRBJ01-02
ff79aff0790269e90204eeea35eb2cb6,CAWGAGWGGYGYTF,0.025817878740508685,TCRBV30-01,TCRBJ01-02
ff79aff0790269e90204eeea35eb2cb6,CSVLTPEAFF,0.025745691863590884,TCRBV29-01,TCRBJ01-01
ff79aff0790269e90204eeea35eb2cb6,CASNYGGPNYGYTF,0.02573225473926588,TCRBV19-01,TCRBJ01-02
ff79aff0790269e90204eeea35eb2cb6,CASSPNPGPGPDTQYF,0.02568067873986503,TCRBV18-01,TCRBJ02-03
ff79aff0790269e90204eeea35eb2cb6,CASSSTGGGWNGYTF,0.025678580453594342,TCRBV07-02,TCRBJ01-02
ff79aff0790269e90204eeea35eb2cb6,CAWSSPGGANYGYTF,0.025677746852434333,TCRBV30-01,TCRBJ01-02
ff79aff0790269e90204eeea35eb2cb6,CASTPFWGANYGYTF,0.025677473961893744,TCRBV27-01,TCRBJ01-02
ff79aff0790269e90204eeea35eb2cb6,CASSIPQGGWVGAFF,0.025669342225080445,TCRBV19-01,TCRBJ01-01
ff79aff0790269e90204eeea35eb2cb6,CASSIGYIGYGYTF,0.02565229072188384,TCRBV19-01,TCRBJ01-02
ff79aff0790269e90204eeea35eb2cb6,CASIPRGFYYGYTF,0.025652007666451832,TCRBV05-06,TCRBJ01-02
ff79aff0790269e90204eeea35eb2cb6,CASSYSMGYYGYTF,0.0256514147496672,TCRBV06-05,TCRBJ01-02
ff79aff0790269e90204eeea35eb2cb6,CASSPGGGWGSYGYTF,0.025585582818777423,TCRBV04-03,TCRBJ01-02
ff79aff0790269e90204eeea35eb2cb6,CASSHPWAHSPLHF,0.025558168522650335,TCRBV04-01,TCRBJ01-06
ff79aff0790269e90204eeea35eb2cb6,CASSTFGGPNYGYTF,0.025521188729651628,TCRBV02-01,TCRBJ01-02
ff79aff0790269e90204eeea35eb2cb6,GPNTIYF,0.025504767855852192,TCRBV07-X,TCRBJ01-03
ff79aff0790269e90204eeea35eb2cb6,CASSYWRGGYTF,0.025470311734930497,TCRBV06-06,TCRBJ01-02
ff79aff0790269e90204eeea35eb2cb6,CAWGSGYGYTF,0.02542825434900125,TCRBV30-01,TCRBJ01-02
ff79aff0790269e90204eeea35eb2cb6,CAWSWGTGTGGHF,0.025376801525144856,TCRBV30-01,TCRBJ02-05
ff79aff0790269e90204eeea35eb2cb6,CASSYSSAGGWYGYTF,0.02535602372237602,TCRBV06-05,TCRBJ01-02
ff79aff0790269e90204eeea35eb2cb6,CAWSVHRYHGYTF,0.02530899310694401,TCRBV30-01,TCRBJ01-02
ff79aff0790269e90204eeea35eb2cb6,CASSYYRMSYGYTF,0.025302046612632054,TCRBV06-05,TCRBJ01-02
ff79aff0790269e90204eeea35eb2cb6,CASSWGGAPYGYTF,0.025247216220491513,TCRBV07-09,TCRBJ01-02
ff79aff0790269e90204eeea35eb2cb6,CASSHVGFGYGYTF,0.025211306032511458,TCRBV03-01/03-02,TCRBJ01-02
ff79aff0790269e90204eeea35eb2cb6,CASSYAGPNYGYTF,0.02519228201334586,TCRBV06-05,TCRBJ01-02
ff79aff0790269e90204eeea35eb2cb6,CASSHAAWGAFF,0.025181642748227425,TCRBV03-01/03-02,TCRBJ01-01
ff79aff0790269e90204eeea35eb2cb6,CASSGPYHYGYTF,0.025179705614632064,TCRBV06-X,TCRBJ01-02
ff79aff0790269e90204eeea35eb2cb6,CASSGTGGWNYGYTF,0.025169913900016685,TCRBV28-01,TCRBJ01-02
ff79aff0790269e90204eeea35eb2cb6,CASSHRAPAYNYGYTF,0.02511126043356177,TCRBV23-01,TCRBJ01-02
ff79aff0790269e90204eeea35eb2cb6,CASSYHYGYTF,0.0251033748665527,TCRBV06-X,TCRBJ01-02
ff79aff0790269e90204eeea35eb2cb6,CASSFSGGNYYGYTF,0.025101306490115452,TCRBV06-05,TCRBJ01-02
ff79aff0790269e90204eeea35eb2cb6,CASSYSPWGGPGNTIYF,0.02508553948528171,TCRBV06-X,TCRBJ01-03
