repertoire_id,sequence,score,v_call,j_call
044d39ed45c048a93d8beefc7212c949,CHHF,0.04897950426837025,TCRBV27-01,TCRBJ02-07
044d39ed45c048a93d8beefc7212c949,CAPGWPFFGNTIYF,0.040796142619751466,TCRBV19-01,TCRBJ01-03
044d39ed45c048a93d8beefc7212c949,WDTF,0.03495817411557339,TCRBV10-01,TCRBJ01-02
044d39ed45c048a93d8beefc7212c949,CATGYYYGYTF,0.03479018565797467,TCRBV24-01,TCRBJ01-02
044d39ed45c048a93d8beefc7212c949,CAWIQGYIYGYTF,0.03137797381932776,TCRBV21-01,TCRBJ01-02
044d39ed45c048a93d8beefc7212c949,CASSWGGGNTYGYTF,0.029253436620133206,TCRBV28-01,TCRBJ01-02
044d39ed45c048a93d8beefc7212c949,CAWSWGAGYGYTF,0.02916348738538868,TCRBV30-01,TCRBJ01-02
044d39ed45c048a93d8beefc7212c949,CASSYSWGSNYGYTF,0.029016227727473233,TCRBV06-02/06-03,TCRBJ01-02
044d39ed45c048a93d8beefc7212c949,CASSYSWGGSYGYTF,0.028665814862254637,TCRBV06-05,TCRBJ01-02
044d39ed45c048a93d8beefc7212c949,CASRYWGGYGYTF,0.028601658355076335,TCRBV05-04,TCRBJ01-02
044d39ed45c048a93d8beefc7212c949,CASSSNTGGGGGYTF,0.02858663369776823,TCRBV05-05,TCRBJ01-02
044d39ed45c048a93d8beefc7212c949,CATYPHGWGYGYTF,0.02837661130365864,TCRBV06-05,TCRBJ01-02
044d39ed45c048a93d8beefc7212c949,CSAYRGWNYGYTF,0.028275164293821597,TCRBV29-01,TCRBJ01-02
044d39ed45c048a93d8beefc7212c949,CASSYSSGGGNFNYGYTF,0.02823579821563061,TCRBV06-X,TCRBJ01-02
044d39ed45c048a93d8beefc7212c949,CASSYWTGGYGYTF,0.02793292871769135,TCRBV07-02,TCRBJ01-02
044d39ed45c048a93d8beefc7212c949,CASYHSGSTYYGYTF,0.027828107043391826,TCRBV06-05,TCRBJ01-02
044d39ed45c048a93d8beefc7212c949,CAWSATGGFIGELFF,0.027656601443773406,TCRBV30-01,TCRBJ02-02
044d39ed45c048a93d8beefc7212c949,CASSSGVLYRAKRGYGYTF,0.027646420225136765,TCRBV27-01,TCRBJ01-02
044d39ed45c048a93d8beefc7212c949,CSASPPQPHQPQHF,0.02745593386317949,TCRBV20-X,TCRBJ01-05
044d39ed45c048a93d8beefc7212c949,CASSSGGNRFNYGYTF,0.027399035328458814,TCRBV05-01,TCRBJ01-02
044d39ed45c048a93d8beefc7212c949,CASSYFQGYYGYTF,0.027384797651897923,TCRBV06-05,TCRBJ01-02
044d39ed45c048a93d8beefc7212c949,CAWYRVVGYTF,0.027324536415083603,TCRBV30-01,TCRBJ01-02
044d39ed45c048a93d8beefc7212c949,CASSYRPSHYNYGYTF,0.02731080029442657,TCRBV06-05,TCRBJ01-02
044d39ed45c048a93d8beefc7212c949,CASNYRSYNYGYTF,0.027208774813656852,TCRBV06-X,TCRBJ01-02
044d39ed45c048a93d8beefc7212c949,CASCATGGGSYYGYTF,0.027110600282349254,TCRBV19-01,TCRBJ01-02
044d39ed45c048a93d8beefc7212c949,CASYGPSWGYGYTF,0.02676619876725178,TCRBV12-X,TCRBJ01-02
044d39ed45c048a93d8beefc7212c949,CSARWKAYGYTF,0.02676238718400484,TCRBV20-X,TCRBJ01-02
044d39ed45c048a93d8beefc7212c949,CASSYRGWNYGYTF,0.026612429491957777,TCRBV05-06,TCRBJ01-02
044d39ed45c048a93d8beefc7212c949,CASSYSSWGYGYTF,0.02651483718624312,TCRBV06-06,TCRBJ01-02
044d39ed45c048a93d8beefc7212c949,CSASGQWGGPWGGYTF,0.02647084230758817,TCRBV20-01,TCRBJ01-02
044d39ed45c048a93d8beefc7212c949,CASSGWGNYGYTF,0.026464900095706134,TCRBV06-X,TCRBJ01-02
044d39ed45c048a93d8beefc7212c949,CAWSGVGLGQGIFRGTGELFF,0.026411461692182222,TCRBV30-01,TCRBJ02-02
044d39ed45c048a93d8beefc7212c949,CASSFWGGGNYGYTF,0.02639863016660662,TCRBV07-02,TCRBJ01-02
044d39ed45c048a93d8beefc7212c949,CASSPWWGDYGYTF,0.026388316021672187,TCRBV06-05,TCRBJ01-02
044d39ed45c048a93d8beefc7212c949,CASSYWDPSYGYTF,0.02638451698133021,TCRBV06-06,TCRBJ01-02
044d39ed45c048a93d8beefc7212c949,CAISALRAAGYTF,0.026265437062236347,TCRBV10-03,TCRBJ01-02
044d39ed45c048a93d8beefc7212c949,CSYRYRVGYTF,0.026086547040571603,TCRBV20-01,TCRBJ01-02
044d39ed45c048a93d8beefc7212c949,CSAYRGYGYTF,0.026027408603553952,TCRBV20-01,TCRBJ01-02
044d39ed45c048a93d8beefc7212c949,CASSIVGAITEAFF,0.025951157296758454,TCRBV19-01,TCRBJ01-01
044d39ed45c048a93d8beefc7212c949,CSALFWGGISADTQYF,0.025796296980846484,TCRBV29-01,TCRBJ02-03
044d39ed45c048a93d8beefc7212c949,CASSLVMAGKNTEAFF,0.02572102003119587,TCRBV07-06,TCRBJ01-01
044d39ed45c048a93d8beefc7212c949,CAWWNTEAFF,0.025689533049277655,TCRBV30-01,TCRBJ01-01
044d39ed45c048a93d8beefc7212c949,CASSHTGTAYAHYGYTF,0.025672252305516813,TCRBV05-06,TCRBJ01-02
044d39ed45c048a93d8beefc7212c949,CASSYGNNYGYTF,0.025649239842551082,TCRBV06-05,TCRBJ01-02
044d39ed45c048a93d8beefc7212c949,CAWSWGAFGYTF,0.025648146498168097,TCRBV30-01,TCRBJ01-02
044d39ed45c048a93d8beefc7212c949,CASWGGSGYATYGYTF,0.025647946900686037,TCRBV02-01,TCRBJ01-02
044d39ed45c048a93d8beefc7212c949,CASRYTGGYYGYTF,0.0256100151121658,TCRBV06-05,TCRBJ01-02
044d39ed45c048a93d8beefc7212c949,CASSDPWTGGFGGYTF,0.025603047646865516,TCRBV25-01,TCRBJ01-02
044d39ed45c048a93d8beefc7212c949,CASSYPPPSYEQYF,0.02558651901612359,TCRBV05-05,TCRBJ02-07
044d39ed45c048a93d8beefc7212c949,CASSYQGGHYYGYTF,0.025471051485971046,TCRBV06-05,TCRBJ01-02
044d39ed45c048a93d8beefc7212c949,CAWMPGWAAEAFF,0.02546654524714001,TCRBV30-01,TCRBJ01-01
044d39ed45c048a93d8beefc7212c949,CAWSAYRNYYGYTF,0.02546042179430599,TCRBV30-01,TCRBJ01-02
044d39ed45c048a93d8beefc7212c949,CAWSGYRGNYGYTF,0.025428517274469646,TCRBV30-01,TCRBJ01-02
044d39ed45c048a93d8beefc7212c949,CASSSYGTGGWGYTF,0.025376179424003983,TCRBV07-02,TCRBJ01-02
044d39ed45c048a93d8beefc7212c949,WGCKGCYGYTF,0.02537505908974398,TCRBV21-01,TCRBJ01-02
044d39ed45c048a93d8beefc7212c949,CASNYGFNYGYTF,0.025352288423586344,TCRBV19-01,TCRBJ01-02
044d39ed45c048a93d8beefc7212c949,CASTPGGPYYGYTF,0.025337255438107872,TCRBV02-01,TCRBJ01-02
044d39ed45c048a93d8beefc7212c949,CAWGTVEAFF,0.02530574676795044,TCRBV30-01,TCRBJ01-01
044d39ed45c048a93d8beefc7212c949,CAWSEGTGWAFF,0.02529920974283869,TCRBV30-01,TCRBJ01-01
044d39ed45c048a93d8beefc7212c949,CARIYGYTF,0.02527826912312356,TCRBV10-01,TCRBJ01-02
044d39ed45c048a93d8beefc7212c949,CAWSAQRYYYGYTF,0.02524211205714022,TCRBV30-01,TCRBJ01-02
044d39ed45c048a93d8beefc7212c949,CASSWGGGGYYGYTF,0.02521722460472114,TCRBV06-05,TCRBJ01-02
044d39ed45c048a93d8beefc7212c949,CSARDWWGGGYTQYF,0.02518050151902266,TCRBV20-X,TCRBJ02-03
044d39ed45c048a93d8beefc7212c949,CASSWWTGPNYGYTF,0.025120523402205625,TCRBV05-01,TCRBJ01-02
044d39ed45c048a93d8beefc7212c949,CASSYHHPRRRPYGYTF,0.02511220890666016,TCRBV06-02/06-03,TCRBJ01-02
044d39ed45c048a93d8beefc7212c949,RKKAPLYGYTF,0.025083153330472674,TCRBV21-01,TCRBJ01-02
044d39ed45c048a93d8beefc7212c949,CAWSHDEWGGGNYGYTF,0.025033943257272137,TCRBV30-01,TCRBJ01-02
044d39ed45c048a93d8beefc7212c949,CAWSVLWAVAFF,0.025012581348484816,TCRBV30-01,TCRBJ01-01
044d39ed45c048a93d8beefc7212c949,CASTSYGPYGYTF,0.024970772803848722,TCRBV06-05,TCRBJ01-02
044d39ed45c048a93d8beefc7212c949,CASSIYKGWIYGYTF,0.024965055681380646,TCRBV19-01,TCRBJ01-02
044d39ed45c048a93d8beefc7212c949,CASSYQGRRSWWGYTF,0.024927986311129798,TCRBV12-X,TCRBJ01-02
044d39ed45c048a93d8beefc7212c949,CASSYGPNNYGYTF,0.024926045012657883,TCRBV06-02/06-03,TCRBJ01-02
044d39ed45c048a93d8beefc7212c949,CASSFGPHHF,0.024910456224451163,TCRBV05-08,TCRBJ01-01
044d39ed45c048a93d8beefc7212c949,CASSYRGYGYTF,0.024885473752379907,TCRBV06-05,TCRBJ01-02
044d39ed45c048a93d8beefc7212c949,CAWRTGGGGYYGYTF,0.02484654094511936,TCRBV30-01,TCRBJ01-02
044d39ed45c048a93d8beefc7212c949,CASIWWTGLMHTEAFF,0.024840528120853127,TCRBV05-08,TCRBJ01-01
044d39ed45c048a93d8beefc7212c949,CSARNRGPRRNNYGYTF,0.02483987118589559,TCRBV20-X,TCRBJ01-02
044d39ed45c048a93d8beefc7212c949,CASSYWGYYEQYF,0.02481431296426232,TCRBV06-02/06-03,TCRBJ02-07
044d39ed45c048a93d8beefc7212c949,CASSIWGRGHNYGYTF,0.02477625482789798,TCRBV19-01,TCRBJ01-02
044d39ed45c048a93d8beefc7212c949,CASKVPEGYTF,0.02477463610498339,TCRBV06-05,TCRBJ01-02
044d39ed45c048a93d8beefc7212c949,CAIPKGLAFF,0.024766117906282113,TCRBV06-04,TCRBJ01-01
044d39ed45c048a93d8beefc7212c949,CAWTWLGAYGYTF,0.024759168388179015,TCRBV30-01,TCRBJ01-02
044d39ed45c048a93d8beefc7212c949,CASWDRAEAFF,0.024749999315527516,TCRBV19-01,TCRBJ01-01
044d39ed45c048a93d8beefc7212c949,CSVPKWKGYTF,0.024727184541770038,TCRBV29-01,TCRBJ01-02
044d39ed45c048a93d8beefc7212c949,CASSSPSGWGNYGYTF,0.024718953825726142,TCRBV12-X,TCRBJ01-02
044d39ed45c048a93d8beefc7212c949,CASSPAVGWTGGVWGYGYTF,0.024716742464655432,TCRBV12-X,TCRBJ01-02
044d39ed45c048a93d8beefc7212c949,CASSYSWGGYTF,0.024707851549916195,TCRBV06-02/06-03,TCRBJ01-02
044d39ed45c048a93d8beefc7212c949,CASSLGAGHHPGAQHF,0.024707386187999773,TCRBV03-01/03-02,TCRBJ01-05
044d39ed45c048a93d8beefc7212c949,CASSYSDSYYGYTF,0.024685391787418232,TCRBV06-05,TCRBJ01-02
044d39ed45c048a93d8beefc7212c949,CAWSAYPGGYTF,0.02463860960250616,TCRBV30-01,TCRBJ01-02
044d39ed45c048a93d8beefc7212c949,CASRSWYYGYTF,0.024615195116589186,TCRBV12-03/12-04,TCRBJ01-02
044d39ed45c048a93d8beefc7212c949,CAWTHTGHTNYGYTF,0.024606920623420916,TCRBV30-01,TCRBJ01-02
044d39ed45c048a93d8beefc7212c949,CASSYFYPGYSGNTIYF,0.024606687437330698,TCRBV06-02/06-03,TCRBJ01-03
044d39ed45c048a93d8beefc7212c949,CASSFGGGNNYGYTF,0.024579712483404584,TCRBV12-X,TCRBJ01-02
044d39ed45c048a93d8beefc7212c949,CAWGAWSGANVLTF,0.024513686750440723,TCRBV30-01,TCRBJ02-06
044d39ed45c048a93d8beefc7212c949,CASSLPRGHHYGYTF,0.024489730124617037,TCRBV05-06,TCRBJ01-02
044d39ed45c048a93d8beefc7212c949,CAWSYGVNYGYTF,0.0244763015574272,TCRBV30-01,TCRBJ01-02
044d39ed45c048a93d8beefc7212c949,CASHKGVPGANVLTF,0.02445169950086522,TCRBV19-01,TCRBJ02-06
044d39ed45c048a93d8beefc7212c949,CASSYPPWKYYGYTF,0.024438029795140388,TCRBV06-02/06-03,TCRBJ01-02
044d39ed45c048a93d8beefc7212c949,CASSGTGGWGYGYTF,0.02443411944444926,TCRBV05-01,TCRBJ01-02
0525c68a3b23d4b8fc0d58cffb3caf7c,CASSPKKQGWWGYTF,0.03382378047875507,TCRBV28-01,TCRBJ01-02
0525c68a3b23d4b8fc0d58cffb3caf7c,CATYWGAYGYTF,0.029018760246715448,TCRBV10-03,TCRBJ01-02
0525c68a3b23d4b8fc0d58cffb3caf7c,CASSYSYWTGGNYGYTF,0.028965984468028082,TCRBV06-X,TCRBJ01-02
0525c68a3b23d4b8fc0d58cffb3caf7c,CASSSYRGYYGYTF,0.02873713908498593,TCRBV27-01,TCRBJ01-02
0525c68a3b23d4b8fc0d58cffb3caf7c,CASSYSFGGWNGYTF,0.028488268330103598,TCRBV06-06,TCRBJ01-02
0525c68a3b23d4b8fc0d58cffb3caf7c,CAWSSDYYYGYTF,0.028479351627864805,TCRBV30-01,TCRBJ01-02
0525c68a3b23d4b8fc0d58cffb3caf7c,CASSEWWGGFSYGYTF,0.02847172196651943,TCRBV02-01,TCRBJ01-02
0525c68a3b23d4b8fc0d58cffb3caf7c,CASSWGWSEWGYTF,0.028419024872970298,TCRBV07-02,TCRBJ01-02
0525c68a3b23d4b8fc0d58cffb3caf7c,CASSYTYGPYGYTF,0.028307529682760724,TCRBV06-05,TCRBJ01-02
0525c68a3b23d4b8fc0d58cffb3caf7c,CAWRYTYGYTF,0.02830414595508063,TCRBV30-01,TCRBJ01-02
0525c68a3b23d4b8fc0d58cffb3caf7c,CASWGPGYGYTF,0.028008606978329027,TCRBV06-06,TCRBJ01-02
0525c68a3b23d4b8fc0d58cffb3caf7c,CASSAYRGYYGYTF,0.02792533606599864,TCRBV27-01,TCRBJ01-02
0525c68a3b23d4b8fc0d58cffb3caf7c,CATAPPPGANVLTF,0.027806861827257612,TCRBV07-03,TCRBJ02-06
0525c68a3b23d4b8fc0d58cffb3caf7c,CARHRYYGYTF,0.027786836773804276,TCRBV02-01,TCRBJ01-02
0525c68a3b23d4b8fc0d58cffb3caf7c,CASSYWGGSYSYEQYF,0.027651491949478794,TCRBV06-02/06-03,TCRBJ02-07
0525c68a3b23d4b8fc0d58cffb3caf7c,CASSYGTYYGYTF,0.02744862313882822,TCRBV06-05,TCRBJ01-02
0525c68a3b23d4b8fc0d58cffb3caf7c,CALIYPGWGGYTF,0.027388547722845793,TCRBV30-01,TCRBJ01-02
0525c68a3b23d4b8fc0d58cffb3caf7c,CASNNNRDRGNKDGYTF,0.02737127169597648,TCRBV09-01,TCRBJ01-02
0525c68a3b23d4b8fc0d58cffb3caf7c,CASSSWGGTGGNYGYTF,0.027330197212356067,TCRBV27-01,TCRBJ01-02
0525c68a3b23d4b8fc0d58cffb3caf7c,CAWSVPGGGWNYGYTF,0.0272869471138976,TCRBV30-01,TCRBJ01-02
0525c68a3b23d4b8fc0d58cffb3caf7c,CAWSVWGGANVLTF,0.02715673263731998,TCRBV30-01,TCRBJ02-06
0525c68a3b23d4b8fc0d58cffb3caf7c,CATPWPQPQHF,0.027149318313471137,TCRBV14-01,TCRBJ01-05
0525c68a3b23d4b8fc0d58cffb3caf7c,CASNWGGPYGPYEQYF,0.027023097485052064,TCRBV06-X,TCRBJ02-07
0525c68a3b23d4b8fc0d58cffb3caf7c,CATSIYRGYYGYTF,0.026911994236711968,TCRBV27-01,TCRBJ01-02
0525c68a3b23d4b8fc0d58cffb3caf7c,CASNWGGYGYTF,0.02674470865384273,TCRBV05-06,TCRBJ01-02
0525c68a3b23d4b8fc0d58cffb3caf7c,CASSFRYYSYGYTF,0.026644804928290258,TCRBV02-01,TCRBJ01-02
0525c68a3b23d4b8fc0d58cffb3caf7c,CASSYFPGGNTEAFF,0.026596091014551272,TCRBV06-05,TCRBJ01-01
0525c68a3b23d4b8fc0d58cffb3caf7c,CASSLERLGRRTEAFF,0.026560451929375065,TCRBV11-02,TCRBJ01-01
0525c68a3b23d4b8fc0d58cffb3caf7c,CASIHRGKIYGYTF,0.026522964771671556,TCRBV19-01,TCRBJ01-02
0525c68a3b23d4b8fc0d58cffb3caf7c,CAWSGFYYGYTF,0.026520493310791503,TCRBV30-01,TCRBJ01-02
0525c68a3b23d4b8fc0d58cffb3caf7c,CEKYF,0.02650517248444438,TCRBV09-01,TCRBJ02-05
0525c68a3b23d4b8fc0d58cffb3caf7c,F,0.026169089102652747,TCRBV05-01,TCRBJ01-05
0525c68a3b23d4b8fc0d58cffb3caf7c,CAWSVWKGWNTEAFF,0.026067865356233236,TCRBV30-01,TCRBJ01-01
0525c68a3b23d4b8fc0d58cffb3caf7c,CASSIWGFTGELFF,0.02602740709257729,TCRBV12-05,TCRBJ02-02
0525c68a3b23d4b8fc0d58cffb3caf7c,CASWPHANHQPQHF,0.026018761171323575,TCRBV06-05,TCRBJ01-05
0525c68a3b23d4b8fc0d58cffb3caf7c,CAWSLPGGFVNEQFF,0.025984751526721472,TCRBV30-01,TCRBJ02-01
0525c68a3b23d4b8fc0d58cffb3caf7c,CASSYSTWGNYGYTF,0.025865802868161925,TCRBV06-05,TCRBJ01-02
0525c68a3b23d4b8fc0d58cffb3caf7c,CASSWGGYGYTF,0.025745645516943964,TCRBV12-03/12-04,TCRBJ01-02
0525c68a3b23d4b8fc0d58cffb3caf7c,CAWGGAGTGKKNF,0.025714583142777196,TCRBV30-01,TCRBJ01-02
0525c68a3b23d4b8fc0d58cffb3caf7c,CSAHFLWDRGYKDYGYTF,0.025666375824110164,TCRBV20-X,TCRBJ01-02
0525c68a3b23d4b8fc0d58cffb3caf7c,CAWSHSGYYGYTF,0.02560342683173313,TCRBV30-01,TCRBJ01-02
0525c68a3b23d4b8fc0d58cffb3caf7c,CASDHPGPPGQPQHF,0.025596878854247888,TCRBV23-01,TCRBJ01-05
0525c68a3b23d4b8fc0d58cffb3caf7c,CASTHRVGFGYGYTF,0.025557312008623493,TCRBV06-05,TCRBJ01-02
0525c68a3b23d4b8fc0d58cffb3caf7c,CASSYYGTGGWYEQFF,0.025534094359206987,TCRBV06-05,TCRBJ02-01
0525c68a3b23d4b8fc0d58cffb3caf7c,CAWSVWGAGANVLTF,0.025533235664740618,TCRBV30-01,TCRBJ02-06
0525c68a3b23d4b8fc0d58cffb3caf7c,CAWSPHMYGYTF,0.025505855248201623,TCRBV30-01,TCRBJ01-02
0525c68a3b23d4b8fc0d58cffb3caf7c,CASSVDNYYNYGYTF,0.025412355235281722,TCRBV09-01,TCRBJ01-02
0525c68a3b23d4b8fc0d58cffb3caf7c,CASSHYRGPNYGYTF,0.025366503388878612,TCRBV12-X,TCRBJ01-02
0525c68a3b23d4b8fc0d58cffb3caf7c,CASSWGGHTNYGYTF,0.025335702573697553,TCRBV06-05,TCRBJ01-02
0525c68a3b23d4b8fc0d58cffb3caf7c,CATHLGPGYYGYTF,0.025265998805776006,TCRBV07-02,TCRBJ01-02
0525c68a3b23d4b8fc0d58cffb3caf7c,CASSFYSHFYGYTF,0.025131378458682324,TCRBV07-09,TCRBJ01-02
0525c68a3b23d4b8fc0d58cffb3caf7c,CSGWGRYRGYTF,0.025121316024384027,TCRBV29-01,TCRBJ01-02
0525c68a3b23d4b8fc0d58cffb3caf7c,CASSWVFYYGYTF,0.025070455186582036,TCRBV05-01,TCRBJ01-02
0525c68a3b23d4b8fc0d58cffb3caf7c,CATPSHF,0.02506996860247968,TCRBV19-01,TCRBJ01-01
0525c68a3b23d4b8fc0d58cffb3caf7c,CASVWGAHGYTF,0.02506257045277471,TCRBV07-09,TCRBJ01-02
0525c68a3b23d4b8fc0d58cffb3caf7c,CASSYNGPYGYTF,0.02501492461932228,TCRBV06-06,TCRBJ01-02
0525c68a3b23d4b8fc0d58cffb3caf7c,CAWSHWGYTF,0.02501109438369402,TCRBV30-01,TCRBJ01-02
0525c68a3b23d4b8fc0d58cffb3caf7c,CASWGPPGANVLTF,0.024952731932002873,TCRBV05-06,TCRBJ02-06
0525c68a3b23d4b8fc0d58cffb3caf7c,CATKTGGGWNYGYTF,0.024933073501623323,TCRBV28-01,TCRBJ01-02
0525c68a3b23d4b8fc0d58cffb3caf7c,CAWSVWEGYTF,0.024880024383640426,TCRBV30-01,TCRBJ01-02
0525c68a3b23d4b8fc0d58cffb3caf7c,CASSMGPYYGYTF,0.0248532803435468,TCRBV12-03/12-04,TCRBJ01-02
0525c68a3b23d4b8fc0d58cffb3caf7c,CSAAPHYGYTF,0.02481596594728124,TCRBV20-01,TCRBJ01-02
0525c68a3b23d4b8fc0d58cffb3caf7c,CAIHYLYGYTF,0.0247977573236416,TCRBV28-01,TCRBJ01-02
0525c68a3b23d4b8fc0d58cffb3caf7c,CASSVPGHHYGYTF,0.024791116178236157,TCRBV19-01,TCRBJ01-02
0525c68a3b23d4b8fc0d58cffb3caf7c,CASSPAGGGNSNGYTF,0.024711852003909147,TCRBV02-01,TCRBJ01-02
0525c68a3b23d4b8fc0d58cffb3caf7c,CSAAIWWGYTF,0.024659146981956735,TCRBV20-01,TCRBJ01-02
0525c68a3b23d4b8fc0d58cffb3caf7c,CATGPPYTF,0.024645107767339816,TCRBV06-06,TCRBJ01-02
0525c68a3b23d4b8fc0d58cffb3caf7c,CASSEGWGAHTIYF,0.024628778144489702,TCRBV02-01,TCRBJ01-03
0525c68a3b23d4b8fc0d58cffb3caf7c,CASSWDNYYGYTF,0.024627303397703165,TCRBV12-03/12-04,TCRBJ01-02
0525c68a3b23d4b8fc0d58cffb3caf7c,CAWKAFLF,0.024545479885361134,TCRBV30-01,TCRBJ01-01
0525c68a3b23d4b8fc0d58cffb3caf7c,CAWNTWGTENTEAFF,0.02452526722492764,TCRBV30-01,TCRBJ01-01
0525c68a3b23d4b8fc0d58cffb3caf7c,CASSYGYGYTF,0.024498189835316132,TCRBV06-02/06-03,TCRBJ01-02
0525c68a3b23d4b8fc0d58cffb3caf7c,CAPSHPGCGYGYTF,0.024490548911490544,TCRBV23-01,TCRBJ01-02
0525c68a3b23d4b8fc0d58cffb3caf7c,CASSFIGAITEAFF,0.024477659320026175,TCRBV05-06,TCRBJ01-01
0525c68a3b23d4b8fc0d58cffb3caf7c,CAWTPWDGYTF,0.024473237610407542,TCRBV30-01,TCRBJ01-02
0525c68a3b23d4b8fc0d58cffb3caf7c,CAWNGGGYGYTF,0.024470552517042384,TCRBV30-01,TCRBJ01-02
0525c68a3b23d4b8fc0d58cffb3caf7c,CASSPYKHYGYTF,0.0244652543201299,TCRBV06-06,TCRBJ01-02
0525c68a3b23d4b8fc0d58cffb3caf7c,CANKNARANYGYTF,0.024462508916948927,TCRBV02-01,TCRBJ01-02
0525c68a3b23d4b8fc0d58cffb3caf7c,CAWGDGYGYTF,0.024450407119688225,TCRBV30-01,TCRBJ01-02
0525c68a3b23d4b8fc0d58cffb3caf7c,CAWSPPPWAQPQHF,0.024445576563963567,TCRBV30-01,TCRBJ01-05
0525c68a3b23d4b8fc0d58cffb3caf7c,CASSVDWGAMPYGYTF,0.02444013868221871,TCRBV09-01,TCRBJ01-02
0525c68a3b23d4b8fc0d58cffb3caf7c,CSAPF,0.024406129668416817,TCRBV20-01,TCRBJ01-02
0525c68a3b23d4b8fc0d58cffb3caf7c,CASRYYGYTF,0.02438904815493774,TCRBV28-01,TCRBJ01-02
0525c68a3b23d4b8fc0d58cffb3caf7c,CASSYFGGNYGYTF,0.02437931095410374,TCRBV06-05,TCRBJ01-02
0525c68a3b23d4b8fc0d58cffb3caf7c,CASSKNKYNYGYTF,0.024369520858066134,TCRBV06-05,TCRBJ01-02
0525c68a3b23d4b8fc0d58cffb3caf7c,EAFF,0.024367485929288273,TCRBV07-03,TCRBJ01-01
0525c68a3b23d4b8fc0d58cffb3caf7c,CASSYSYQGSYGYTF,0.024358785501974893,TCRBV06-05,TCRBJ01-02
0525c68a3b23d4b8fc0d58cffb3caf7c,CASSYSPSSGGGYTF,0.024356570146792312,TCRBV06-06,TCRBJ01-02
0525c68a3b23d4b8fc0d58cffb3caf7c,CASSGTVYGYPNYGYTF,0.024353261644524445,TCRBV09-01,TCRBJ01-02
0525c68a3b23d4b8fc0d58cffb3caf7c,CAWDSYYGYTF,0.02431935777980235,TCRBV30-01,TCRBJ01-02
0525c68a3b23d4b8fc0d58cffb3caf7c,CASSFIEGVGELFF,0.024307186502362223,TCRBV07-09,TCRBJ02-02
0525c68a3b23d4b8fc0d58cffb3caf7c,CASSYGGHPYQPQHF,0.024301650028643387,TCRBV06-06,TCRBJ01-05
0525c68a3b23d4b8fc0d58cffb3caf7c,CAWGAMYGYTF,0.024265785347681406,TCRBV30-01,TCRBJ01-02
0525c68a3b23d4b8fc0d58cffb3caf7c,CASSFPGYYGYTF,0.024260157892712568,TCRBV28-01,TCRBJ01-02
0525c68a3b23d4b8fc0d58cffb3caf7c,CASTGGGWHYGYTF,0.02421452211131113,TCRBV02-01,TCRBJ01-02
0525c68a3b23d4b8fc0d58cffb3caf7c,CAWSVWDTEAFF,0.024192634749948587,TCRBV30-01,TCRBJ01-01
0525c68a3b23d4b8fc0d58cffb3caf7c,CSASWEPHTF,0.02418620510075571,TCRBV20-01,TCRBJ01-02
0525c68a3b23d4b8fc0d58cffb3caf7c,CAWSMLSFWRF,0.02417256625796007,TCRBV30-01,TCRBJ02-X
096e358c5cb6de35872c32a0c8921c22,CASYWGPYGYTF,0.03555306523549561,TCRBV06-X,TCRBJ01-02
096e358c5cb6de35872c32a0c8921c22,CAWWWGQGYGYTF,0.03166272267834354,TCRBV30-01,TCRBJ01-02
096e358c5cb6de35872c32a0c8921c22,CASTYWGGNYGYTF,0.03112526364680625,TCRBV12-X,TCRBJ01-02
096e358c5cb6de35872c32a0c8921c22,CAYTGVYGYTF,0.030542093759696635,TCRBV30-01,TCRBJ01-02
096e358c5cb6de35872c32a0c8921c22,CASYWGSYGYTF,0.030340727677771948,TCRBV06-X,TCRBJ01-02
096e358c5cb6de35872c32a0c8921c22,CASSPWGYYGYTF,0.030091833592242156,TCRBV14-01,TCRBJ01-02
096e358c5cb6de35872c32a0c8921c22,CTWRWPQHF,0.029763628331959606,TCRBV01-01,TCRBJ01-05
096e358c5cb6de35872c32a0c8921c22,CAWYTGGEGYTF,0.029645888910189735,TCRBV30-01,TCRBJ01-02
096e358c5cb6de35872c32a0c8921c22,CASAPGGWYYTGELFF,0.029340909851633852,TCRBV11-02,TCRBJ02-02
096e358c5cb6de35872c32a0c8921c22,CAWVHHFGGTEAFF,0.02927469003655882,TCRBV30-01,TCRBJ01-01
096e358c5cb6de35872c32a0c8921c22,CAWSVGGHYYYGYTF,0.029135690529227556,TCRBV30-01,TCRBJ01-02
096e358c5cb6de35872c32a0c8921c22,CASSSAGTGVGANYGYTF,0.02887560745505419,TCRBV05-01,TCRBJ01-02
096e358c5cb6de35872c32a0c8921c22,CASRNRNNNYGYTF,0.028874233577940746,TCRBV06-05,TCRBJ01-02
096e358c5cb6de35872c32a0c8921c22,CASRPGYYYGYTF,0.02873891091892558,TCRBV19-01,TCRBJ01-02
096e358c5cb6de35872c32a0c8921c22,CASSYKGGYYYGYTF,0.028359295185733907,TCRBV06-09,TCRBJ01-02
096e358c5cb6de35872c32a0c8921c22,CASQGPHGPTGTVGNTIYF,0.028221815087806888,TCRBV19-01,TCRBJ01-03
096e358c5cb6de35872c32a0c8921c22,CASSYYDNNYGYTF,0.028068063292995674,TCRBV06-02/06-03,TCRBJ01-02
096e358c5cb6de35872c32a0c8921c22,CASSYMGSYYGYTF,0.028063751384597175,TCRBV06-05,TCRBJ01-02
096e358c5cb6de35872c32a0c8921c22,CASSYNWNYGYTF,0.02797032407982328,TCRBV06-02/06-03,TCRBJ01-02
096e358c5cb6de35872c32a0c8921c22,TKGMWGYTF,0.02791340580238768,TCRBV10-01,TCRBJ01-02
096e358c5cb6de35872c32a0c8921c22,CASYGPYGYTF,0.027887341462953304,TCRBV19-01,TCRBJ01-02
096e358c5cb6de35872c32a0c8921c22,CAWNGGGTGGWNTEAFF,0.02769217051808672,TCRBV30-01,TCRBJ01-01
096e358c5cb6de35872c32a0c8921c22,CASSPSGGFGANYGYTF,0.02764339845201218,TCRBV27-01,TCRBJ01-02
096e358c5cb6de35872c32a0c8921c22,CAWGIPYGYTF,0.027528947386732377,TCRBV30-01,TCRBJ01-02
096e358c5cb6de35872c32a0c8921c22,CASSYYTGGGNGYTF,0.02743073782675372,TCRBV09-01,TCRBJ01-02
096e358c5cb6de35872c32a0c8921c22,CASSWGTGGYYGYTF,0.027287692268636175,TCRBV27-01,TCRBJ01-02
096e358c5cb6de35872c32a0c8921c22,CASIKNAF,0.027244385916961024,TCRBV07-X,TCRBJ01-05
096e358c5cb6de35872c32a0c8921c22,CATSGGWGGSYGYTF,0.027155841365856304,TCRBV24-01,TCRBJ01-02
096e358c5cb6de35872c32a0c8921c22,CAWSVGWGGVYGYTF,0.027141959469168052,TCRBV30-01,TCRBJ01-02
096e358c5cb6de35872c32a0c8921c22,CASPGWHYYGYTF,0.026994271703759433,TCRBV06-04,TCRBJ01-02
096e358c5cb6de35872c32a0c8921c22,CASSPRPSPPPLHF,0.026951117996359648,TCRBV05-04,TCRBJ01-06
096e358c5cb6de35872c32a0c8921c22,CAWRGHYYDYGYTF,0.026777675518162358,TCRBV30-01,TCRBJ01-02
096e358c5cb6de35872c32a0c8921c22,CASSIVGFTGELFF,0.02665746517494349,TCRBV05-05,TCRBJ02-02
096e358c5cb6de35872c32a0c8921c22,CAWAPAYGYTF,0.026603298190267848,TCRBV30-01,TCRBJ01-02
096e358c5cb6de35872c32a0c8921c22,WSANVLTF,0.026456628621483957,TCRBV20-01,TCRBJ02-06
096e358c5cb6de35872c32a0c8921c22,CASIPGYLYYGYTF,0.02645231346750291,TCRBV06-06,TCRBJ01-02
096e358c5cb6de35872c32a0c8921c22,CATHPGHINYGYTF,0.0264413130004255,TCRBV19-01,TCRBJ01-02
096e358c5cb6de35872c32a0c8921c22,CASSPWKAFF,0.026420027590157418,TCRBV07-03,TCRBJ01-01
096e358c5cb6de35872c32a0c8921c22,CAWGHTGTGHSGYTF,0.02637069272271715,TCRBV30-01,TCRBJ01-02
096e358c5cb6de35872c32a0c8921c22,CAWSTGYSYGYTF,0.026314277953736573,TCRBV30-01,TCRBJ01-02
096e358c5cb6de35872c32a0c8921c22,CASGFGPNFNYGYTF,0.026263440142759924,TCRBV12-05,TCRBJ01-02
096e358c5cb6de35872c32a0c8921c22,CASWGWAEAFF,0.02625048204950007,TCRBV06-05,TCRBJ01-01
096e358c5cb6de35872c32a0c8921c22,CASVHPYGYTF,0.026229843944676354,TCRBV05-05,TCRBJ01-02
096e358c5cb6de35872c32a0c8921c22,CASSLWGGGNSNYGYTF,0.026207032642552187,TCRBV12-X,TCRBJ01-02
096e358c5cb6de35872c32a0c8921c22,CASSNWGGSSGNTIYF,0.026135343352505554,TCRBV05-01,TCRBJ01-03
096e358c5cb6de35872c32a0c8921c22,CAWKIHEGYTF,0.026040617801213847,TCRBV30-01,TCRBJ01-02
096e358c5cb6de35872c32a0c8921c22,CASSKDPWF,0.02600543594643343,TCRBV21-01,TCRBJ02-07
096e358c5cb6de35872c32a0c8921c22,CATSDLKGAHYIYYGYTF,0.025944307357400408,TCRBV24-01,TCRBJ01-02
096e358c5cb6de35872c32a0c8921c22,CAWSEGHYYGYTF,0.025716981484446184,TCRBV30-01,TCRBJ01-02
096e358c5cb6de35872c32a0c8921c22,CASSYSGTGWYGYTF,0.025648083937600544,TCRBV06-05,TCRBJ01-02
096e358c5cb6de35872c32a0c8921c22,CASAGAPGANVLTF,0.025623256150804942,TCRBV05-01,TCRBJ02-06
096e358c5cb6de35872c32a0c8921c22,CASSYSVYSYGYTF,0.025547856586061995,TCRBV06-05,TCRBJ01-02
096e358c5cb6de35872c32a0c8921c22,CAWGGAWGDTQYF,0.0255472986578583,TCRBV30-01,TCRBJ02-03
096e358c5cb6de35872c32a0c8921c22,RATPRRYTF,0.025542248166897256,TCRBV07-03,TCRBJ01-02
096e358c5cb6de35872c32a0c8921c22,CASSWAAAAEAFF,0.025507154548667182,TCRBV06-06,TCRBJ01-01
096e358c5cb6de35872c32a0c8921c22,CSGYHGGGYTF,0.02546173806774895,TCRBV29-01,TCRBJ01-02
096e358c5cb6de35872c32a0c8921c22,CASSYGWGGGYTF,0.025409754296197604,TCRBV06-05,TCRBJ01-02
096e358c5cb6de35872c32a0c8921c22,CAWTNPPPPHGWYGYTF,0.025396716606290587,TCRBV30-01,TCRBJ01-02
096e358c5cb6de35872c32a0c8921c22,CAWSWAVEAFF,0.025342873018472094,TCRBV30-01,TCRBJ01-01
096e358c5cb6de35872c32a0c8921c22,CAYNGGGFYGYTF,0.02532165741114111,TCRBV30-01,TCRBJ01-02
096e358c5cb6de35872c32a0c8921c22,CASSITPGHHYGYTF,0.02531928909517853,TCRBV19-01,TCRBJ01-02
096e358c5cb6de35872c32a0c8921c22,CASSVAGAIGGAFF,0.025293492848320605,TCRBV09-01,TCRBJ01-01
096e358c5cb6de35872c32a0c8921c22,CASSHPAGGYYGYTF,0.025289068630182186,TCRBV06-05,TCRBJ01-02
096e358c5cb6de35872c32a0c8921c22,CASSYYGYTF,0.025281230020721406,TCRBV06-05,TCRBJ01-02
096e358c5cb6de35872c32a0c8921c22,CASSIYPGGKYEQFF,0.025264585236348062,TCRBV19-01,TCRBJ02-01
096e358c5cb6de35872c32a0c8921c22,CASSYTPQGYNQPQHF,0.025244727081918553,TCRBV19-01,TCRBJ01-05
096e358c5cb6de35872c32a0c8921c22,CASHPGGGAKKLFF,0.025232806880265638,TCRBV19-01,TCRBJ01-04
096e358c5cb6de35872c32a0c8921c22,CIHTIYF,0.025230210649045594,TCRBV07-09,TCRBJ01-03
096e358c5cb6de35872c32a0c8921c22,LGNTIYF,0.025202170063105475,TCRBV27-01,TCRBJ01-03
096e358c5cb6de35872c32a0c8921c22,CASSYAGPNYGYTF,0.02519228201334586,TCRBV07-09,TCRBJ01-02
096e358c5cb6de35872c32a0c8921c22,CASSFGGGPYYGYTF,0.02517737071302129,TCRBV28-01,TCRBJ01-02
096e358c5cb6de35872c32a0c8921c22,CAWDTWDYGYTF,0.02515893006485002,TCRBV30-01,TCRBJ01-02
096e358c5cb6de35872c32a0c8921c22,CAWISGGYYGYTF,0.02515783661594675,TCRBV30-01,TCRBJ01-02
096e358c5cb6de35872c32a0c8921c22,CAWIPWGTNYGYTF,0.02514853832422032,TCRBV30-01,TCRBJ01-02
096e358c5cb6de35872c32a0c8921c22,CASSWGPGYGYTF,0.02514165372501506,TCRBV27-01,TCRBJ01-02
096e358c5cb6de35872c32a0c8921c22,CASSPWGGSYGYTF,0.025129716689198178,TCRBV07-09,TCRBJ01-02
096e358c5cb6de35872c32a0c8921c22,CASAWWNTEAFF,0.025116068822563342,TCRBV19-01,TCRBJ01-01
096e358c5cb6de35872c32a0c8921c22,CASSYYSGGGYTTDTQYF,0.025107036504161066,TCRBV06-X,TCRBJ02-03
096e358c5cb6de35872c32a0c8921c22,CASSHHHLKWNYGYTF,0.025104194678053922,TCRBV03-01/03-02,TCRBJ01-02
096e358c5cb6de35872c32a0c8921c22,CASSYGHNYGYTF,0.025079458652327833,TCRBV06-05,TCRBJ01-02
096e358c5cb6de35872c32a0c8921c22,CASSSGWGPYGYTF,0.025063955532166827,TCRBV27-01,TCRBJ01-02
096e358c5cb6de35872c32a0c8921c22,CASGKAWGYGYTF,0.02505400384304786,TCRBV28-01,TCRBJ01-02
096e358c5cb6de35872c32a0c8921c22,CASSPWDTGYDYGYTF,0.025052133052645295,TCRBV12-X,TCRBJ01-02
096e358c5cb6de35872c32a0c8921c22,CAWTWEDRGGYTF,0.025047610233084168,TCRBV30-01,TCRBJ01-02
096e358c5cb6de35872c32a0c8921c22,CASSGEGWWGYTF,0.02504687955285879,TCRBV09-01,TCRBJ01-02
096e358c5cb6de35872c32a0c8921c22,CASSHNNDRRDGGGYTF,0.025025402178718688,TCRBV03-01/03-02,TCRBJ01-02
096e358c5cb6de35872c32a0c8921c22,CASSYSGGPGGPGNTIYF,0.02501061909639918,TCRBV06-X,TCRBJ01-03
096e358c5cb6de35872c32a0c8921c22,CAWNPGANVLTF,0.02498321993589533,TCRBV30-01,TCRBJ02-06
096e358c5cb6de35872c32a0c8921c22,CASSEWWWGAYVEQYF,0.024975890274819865,TCRBV06-01,TCRBJ02-07
096e358c5cb6de35872c32a0c8921c22,CASTGPYYGYTF,0.024966747468492898,TCRBV05-06,TCRBJ01-02
096e358c5cb6de35872c32a0c8921c22,CATDPQHQPQHF,0.024959067130383997,TCRBV24-01,TCRBJ01-05
096e358c5cb6de35872c32a0c8921c22,CASSFYPGQGANNIYNYGYTF,0.024958455007574442,TCRBV27-01,TCRBJ01-02
096e358c5cb6de35872c32a0c8921c22,CAIRKGGGYNYGYTF,0.024947086978008643,TCRBV10-03,TCRBJ01-02
096e358c5cb6de35872c32a0c8921c22,CASWTGGKIPNYGYTF,0.024905388005827162,TCRBV02-01,TCRBJ01-02
096e358c5cb6de35872c32a0c8921c22,CRGDKDIYYGYTF,0.0248987390313427,TCRBV20-X,TCRBJ01-02
096e358c5cb6de35872c32a0c8921c22,CASFPGHIYGYTF,0.024884025969590575,TCRBV19-01,TCRBJ01-02
096e358c5cb6de35872c32a0c8921c22,CASSYSNPTGGTFNYGYTF,0.024874930391465756,TCRBV06-X,TCRBJ01-02
096e358c5cb6de35872c32a0c8921c22,CAWSGGGWANVLTF,0.024840698493563,TCRBV30-01,TCRBJ02-06
096e358c5cb6de35872c32a0c8921c22,CACPPAGVGANVLTF,0.024809325817696876,TCRBV30-01,TCRBJ02-06
096e358c5cb6de35872c32a0c8921c22,CASSFGTGGPTNYGYTF,0.0247906478469225,TCRBV07-02,TCRBJ01-02
0c99528250faef9d4cfe5f7c5c0da805,YF,0.043498104297022874,TCRBV05-01,TCRBJ02-03
0c99528250faef9d4cfe5f7c5c0da805,WWVHHRNF,0.03857703981455061,TCRBV14-01,TCRBJ02-07
0c99528250faef9d4cfe5f7c5c0da805,CASSYYNNYGYTF,0.03680036844458823,TCRBV06-05,TCRBJ01-02
0c99528250faef9d4cfe5f7c5c0da805,CASSYYYGYTF,0.03404899211087026,TCRBV11-02,TCRBJ01-02
0c99528250faef9d4cfe5f7c5c0da805,CASGGWGYYGYTF,0.03242579495621076,TCRBV12-03/12-04,TCRBJ01-02
0c99528250faef9d4cfe5f7c5c0da805,RVK,0.0316365817402385,TCRBV07-03,TCRBJ02-06
0c99528250faef9d4cfe5f7c5c0da805,CASSYTGGWNYGYTF,0.031047378636589244,TCRBV11-02,TCRBJ01-02
0c99528250faef9d4cfe5f7c5c0da805,CASSYYSYGYTF,0.031029850371889843,TCRBV19-01,TCRBJ01-02
0c99528250faef9d4cfe5f7c5c0da805,CASSYSYWDKYYGYTF,0.030335358680151088,TCRBV06-05,TCRBJ01-02
0c99528250faef9d4cfe5f7c5c0da805,CAGYRGYNYGYTF,0.03009304788466409,TCRBV05-04,TCRBJ01-02
0c99528250faef9d4cfe5f7c5c0da805,CASYGYYGYTF,0.029126297468095953,TCRBV12-03/12-04,TCRBJ01-02
0c99528250faef9d4cfe5f7c5c0da805,RFF,0.029096537911339967,TCRBV10-01,TCRBJ02-01
0c99528250faef9d4cfe5f7c5c0da805,CACAGAGAFF,0.02822032103060546,TCRBV30-01,TCRBJ01-01
0c99528250faef9d4cfe5f7c5c0da805,CASSYSYNYGYTF,0.02754397791138111,TCRBV06-05,TCRBJ01-02
0c99528250faef9d4cfe5f7c5c0da805,CASSYSVGGWTANYGYTF,0.027378886191195096,TCRBV06-X,TCRBJ01-02
0c99528250faef9d4cfe5f7c5c0da805,CASSYGANFNYGYTF,0.02737743550129553,TCRBV06-05,TCRBJ01-02
0c99528250faef9d4cfe5f7c5c0da805,CASSWWEGGYTF,0.027272821393539176,TCRBV19-01,TCRBJ01-02
0c99528250faef9d4cfe5f7c5c0da805,CSAWGGYGYTF,0.02727096822681682,TCRBV20-01,TCRBJ01-02
0c99528250faef9d4cfe5f7c5c0da805,CASSYYNFGGYTF,0.027234745391612854,TCRBV06-05,TCRBJ01-02
0c99528250faef9d4cfe5f7c5c0da805,CASSYGGWGYTF,0.02711936145071688,TCRBV06-05,TCRBJ01-02
0c99528250faef9d4cfe5f7c5c0da805,CASSYSYRAYGYTF,0.027064253755948692,TCRBV06-05,TCRBJ01-02
0c99528250faef9d4cfe5f7c5c0da805,CASSSGGGFNYGYTF,0.027035952867048792,TCRBV27-01,TCRBJ01-02
0c99528250faef9d4cfe5f7c5c0da805,CSAPHPGAHYGYTF,0.02682978788608088,TCRBV20-X,TCRBJ01-02
0c99528250faef9d4cfe5f7c5c0da805,CASSYGWGGYTF,0.026807282449486956,TCRBV06-05,TCRBJ01-02
0c99528250faef9d4cfe5f7c5c0da805,CASSPWGGYGYTF,0.026769062071468293,TCRBV12-03/12-04,TCRBJ01-02
0c99528250faef9d4cfe5f7c5c0da805,CASSYRPWGNYGYTF,0.026680838903772843,TCRBV06-05,TCRBJ01-02
0c99528250faef9d4cfe5f7c5c0da805,CAWGPNYGYTF,0.02657883084076776,TCRBV30-01,TCRBJ01-02
0c99528250faef9d4cfe5f7c5c0da805,CASNYFGTGGGYGYTF,0.02653912250192535,TCRBV19-01,TCRBJ01-02
0c99528250faef9d4cfe5f7c5c0da805,CAWDWKGYYGYTF,0.02653089157775528,TCRBV30-01,TCRBJ01-02
0c99528250faef9d4cfe5f7c5c0da805,RASSHYRQGPNYGYTF,0.02649018305958054,TCRBV07-03,TCRBJ01-02
0c99528250faef9d4cfe5f7c5c0da805,CAWSMGWGYTF,0.026476241953038323,TCRBV30-01,TCRBJ01-02
0c99528250faef9d4cfe5f7c5c0da805,CASSPPRHPHGYTF,0.02630752255114117,TCRBV07-X,TCRBJ01-02
0c99528250faef9d4cfe5f7c5c0da805,CSAGQQGAPGNTIYF,0.026237285000202275,TCRBV20-X,TCRBJ01-03
0c99528250faef9d4cfe5f7c5c0da805,CAWSVWTAEAFF,0.026111811705421935,TCRBV30-01,TCRBJ01-01
0c99528250faef9d4cfe5f7c5c0da805,CASSIYYGSYGYTF,0.026100911164900962,TCRBV19-01,TCRBJ01-02
0c99528250faef9d4cfe5f7c5c0da805,CASSPFGGGANYGYTF,0.026084923740900375,TCRBV05-04,TCRBJ01-02
0c99528250faef9d4cfe5f7c5c0da805,CASSYWGGYTF,0.026047131096727245,TCRBV06-05,TCRBJ01-02
0c99528250faef9d4cfe5f7c5c0da805,CASSFGGPYYGYTF,0.025978953227267614,TCRBV12-X,TCRBJ01-02
0c99528250faef9d4cfe5f7c5c0da805,CASSGWGQNYMGAFF,0.02595539890458574,TCRBV06-X,TCRBJ01-01
0c99528250faef9d4cfe5f7c5c0da805,CASSYFTGTVPSYYGYTF,0.025948026624444103,TCRBV06-X,TCRBJ01-02
0c99528250faef9d4cfe5f7c5c0da805,CSAHYKGHGYTF,0.025934232242730573,TCRBV20-X,TCRBJ01-02
0c99528250faef9d4cfe5f7c5c0da805,CSWWGGGNTIYF,0.02588328106844116,TCRBV20-X,TCRBJ01-03
0c99528250faef9d4cfe5f7c5c0da805,CASSTAHAGVGANYGYTF,0.025853652724374503,TCRBV19-01,TCRBJ01-02
0c99528250faef9d4cfe5f7c5c0da805,CASSEPGHHHPGAFF,0.025817144174410032,TCRBV06-01,TCRBJ01-01
0c99528250faef9d4cfe5f7c5c0da805,CASSLGRGIGELFF,0.025766062346674428,TCRBV12-X,TCRBJ02-02
0c99528250faef9d4cfe5f7c5c0da805,CAWDIWPQHF,0.025714427840488146,TCRBV30-01,TCRBJ01-05
0c99528250faef9d4cfe5f7c5c0da805,CARIWHTEAFF,0.02558559024878378,TCRBV21-01,TCRBJ01-01
0c99528250faef9d4cfe5f7c5c0da805,CAWSAYTGGANYGYTF,0.025555771244400054,TCRBV30-01,TCRBJ01-02
0c99528250faef9d4cfe5f7c5c0da805,CASSYFPGYGYTF,0.025519346222147243,TCRBV12-03/12-04,TCRBJ01-02
0c99528250faef9d4cfe5f7c5c0da805,CACGGGPYGYTF,0.025506791567704856,TCRBV12-03/12-04,TCRBJ01-02
0c99528250faef9d4cfe5f7c5c0da805,CASSYPYGYTF,0.025505150067636057,TCRBV07-02,TCRBJ01-02
0c99528250faef9d4cfe5f7c5c0da805,CAWRWVGYTF,0.025483239676406387,TCRBV30-01,TCRBJ01-02
0c99528250faef9d4cfe5f7c5c0da805,CSVITPEAFF,0.025455861197634672,TCRBV29-01,TCRBJ01-01
0c99528250faef9d4cfe5f7c5c0da805,CSAAHYYGYTF,0.02539897541548618,TCRBV20-01,TCRBJ01-02
0c99528250faef9d4cfe5f7c5c0da805,CASSAGGGWTGYGYTF,0.025363080421873685,TCRBV09-01,TCRBJ01-02
0c99528250faef9d4cfe5f7c5c0da805,CASSSSTGTGGGYGYTF,0.025350820079471145,TCRBV12-X,TCRBJ01-02
0c99528250faef9d4cfe5f7c5c0da805,CSYMDSMYGYTF,0.02530369302111472,TCRBV29-01,TCRBJ01-02
0c99528250faef9d4cfe5f7c5c0da805,CASSLKKIGEGAGELFF,0.025245637929289563,TCRBV04-01,TCRBJ02-02
0c99528250faef9d4cfe5f7c5c0da805,CASNHYGVFNYGYTF,0.02520112163943422,TCRBV12-X,TCRBJ01-02
0c99528250faef9d4cfe5f7c5c0da805,CSVHWGPYGYTF,0.02518207291692581,TCRBV29-01,TCRBJ01-02
0c99528250faef9d4cfe5f7c5c0da805,CASSYWGRDYGYTF,0.025166322291991474,TCRBV27-01,TCRBJ01-02
0c99528250faef9d4cfe5f7c5c0da805,CAWSVWGVGGYTF,0.02514983012169325,TCRBV30-01,TCRBJ01-02
0c99528250faef9d4cfe5f7c5c0da805,CASNWKGAHGYTF,0.025149213441080263,TCRBV12-03/12-04,TCRBJ01-02
0c99528250faef9d4cfe5f7c5c0da805,CAWSVWAAGYTF,0.02512193495809003,TCRBV30-01,TCRBJ01-02
0c99528250faef9d4cfe5f7c5c0da805,CATYGFNYGYTF,0.02512102407967917,TCRBV15-01,TCRBJ01-02
0c99528250faef9d4cfe5f7c5c0da805,CASLTGKAFF,0.025105806661070713,TCRBV23-01,TCRBJ01-01
0c99528250faef9d4cfe5f7c5c0da805,CSAYRGVYPYGYTF,0.025093381682042008,TCRBV20-X,TCRBJ01-02
0c99528250faef9d4cfe5f7c5c0da805,CASSYYRAGYGYTF,0.025075271991401128,TCRBV27-01,TCRBJ01-02
0c99528250faef9d4cfe5f7c5c0da805,CASSSGSGGWGYGYTF,0.025061690798592513,TCRBV05-01,TCRBJ01-02
0c99528250faef9d4cfe5f7c5c0da805,CAWSGYRGSNYGYTF,0.02506050972083421,TCRBV30-01,TCRBJ01-02
0c99528250faef9d4cfe5f7c5c0da805,CASGLAPHVYYGYTF,0.025055951939104863,TCRBV12-05,TCRBJ01-02
0c99528250faef9d4cfe5f7c5c0da805,CAWSYVWGHGTNYGYTF,0.02503756156272577,TCRBV30-01,TCRBJ01-02
0c99528250faef9d4cfe5f7c5c0da805,CASWEMNMYF,0.025024942623536564,TCRBV10-02,TCRBJ02-03
0c99528250faef9d4cfe5f7c5c0da805,CASSSWTGGHHYGYTF,0.024988933850276323,TCRBV07-09,TCRBJ01-02
0c99528250faef9d4cfe5f7c5c0da805,SRCQPQHF,0.02495660712366229,TCRBV21-01,TCRBJ01-05
0c99528250faef9d4cfe5f7c5c0da805,CASSTGGTGFGSNYGYTF,0.02494618807632338,TCRBV28-01,TCRBJ01-02
0c99528250faef9d4cfe5f7c5c0da805,CSAHKGPGYGYTF,0.024932082354699642,TCRBV20-X,TCRBJ01-02
0c99528250faef9d4cfe5f7c5c0da805,CAWGWGAGGGVTGELFF,0.024924354464527006,TCRBV30-01,TCRBJ02-02
0c99528250faef9d4cfe5f7c5c0da805,CASSYWGTGGSGYGYTF,0.024906961492559235,TCRBV06-X,TCRBJ01-02
0c99528250faef9d4cfe5f7c5c0da805,CASSYRGYGYTF,0.024885473752379907,TCRBV12-03/12-04,TCRBJ01-02
0c99528250faef9d4cfe5f7c5c0da805,CASSLWGQPYYGYTF,0.02488431378400777,TCRBV28-01,TCRBJ01-02
0c99528250faef9d4cfe5f7c5c0da805,CASALVWAYGYTF,0.024876870702356634,TCRBV30-01,TCRBJ01-02
0c99528250faef9d4cfe5f7c5c0da805,CAKKYRSYGYTF,0.024845426068492146,TCRBV02-01,TCRBJ01-02
0c99528250faef9d4cfe5f7c5c0da805,CTSFRRPF,0.024841405985642568,TCRBVA-01,TCRBJ01-02
0c99528250faef9d4cfe5f7c5c0da805,CASMFF,0.02483200372037615,TCRBV14-01,TCRBJ01-04
0c99528250faef9d4cfe5f7c5c0da805,CASGYMNYGYTF,0.024822985829593417,TCRBV28-01,TCRBJ01-02
0c99528250faef9d4cfe5f7c5c0da805,CATIWAYGYTF,0.02478421168678174,TCRBV06-05,TCRBJ01-02
0c99528250faef9d4cfe5f7c5c0da805,CASSGVYWPNYGYTF,0.024750325903287823,TCRBV05-06,TCRBJ01-02
0c99528250faef9d4cfe5f7c5c0da805,CASSPFGGYYGYTF,0.02473653949793141,TCRBV07-09,TCRBJ01-02
0c99528250faef9d4cfe5f7c5c0da805,CASWAGGHNYGYTF,0.024725236924943834,TCRBV07-09,TCRBJ01-02
0c99528250faef9d4cfe5f7c5c0da805,CAWSVSVGVGYTF,0.02471728846180725,TCRBV30-01,TCRBJ01-02
0c99528250faef9d4cfe5f7c5c0da805,CATTPAGANVLTF,0.024702540611997382,TCRBV25-01,TCRBJ02-06
0c99528250faef9d4cfe5f7c5c0da805,CAWVPWGTLAAFF,0.024695251015011965,TCRBV30-01,TCRBJ01-01
0c99528250faef9d4cfe5f7c5c0da805,CASSFGGGPFHGYTF,0.024688732787432204,TCRBV12-X,TCRBJ01-02
0c99528250faef9d4cfe5f7c5c0da805,CASSPPGHHYGYTF,0.02467439744141795,TCRBV12-X,TCRBJ01-02
0c99528250faef9d4cfe5f7c5c0da805,CASSVYPGGYYGYTF,0.024649670087210574,TCRBV09-01,TCRBJ01-02
0c99528250faef9d4cfe5f7c5c0da805,CASHMGGHGYTF,0.024631729328314318,TCRBV25-01,TCRBJ01-02
0c99528250faef9d4cfe5f7c5c0da805,CASRPGPPPGPQHF,0.024621163362968553,TCRBV05-01,TCRBJ01-05
0e2adf2677ca56de426d9d0162f36ad9,CASYYYYGYTF,0.046332654846033716,TCRBV06-02/06-03,TCRBJ01-02
0e2adf2677ca56de426d9d0162f36ad9,CASSYYYGYTF,0.0340490058335077,TCRBV06-02/06-03,TCRBJ01-02
0e2adf2677ca56de426d9d0162f36ad9,CASSYNWGMYYGYTF,0.03269418358174936,TCRBV06-02/06-03,TCRBJ01-02
0e2adf2677ca56de426d9d0162f36ad9,CARYYTFGYGYTF,0.031062584249003076,TCRBV05-01,TCRBJ01-02
0e2adf2677ca56de426d9d0162f36ad9,CASSGWGGGTNYGYTF,0.030472316535130446,TCRBV05-08,TCRBJ01-02
0e2adf2677ca56de426d9d0162f36ad9,CASSYWTGPYGYTF,0.03034924772151087,TCRBV07-09,TCRBJ01-02
0e2adf2677ca56de426d9d0162f36ad9,CASSYWAGYRNYGYTF,0.03011290777913628,TCRBV05-06,TCRBJ01-02
0e2adf2677ca56de426d9d0162f36ad9,CASSYWGGNGYTF,0.02838908723672996,TCRBV06-02/06-03,TCRBJ01-02
0e2adf2677ca56de426d9d0162f36ad9,CASSFWGNNYGYTF,0.02831081542203932,TCRBV27-01,TCRBJ01-02
0e2adf2677ca56de426d9d0162f36ad9,CASSKWYWGAFYGYTF,0.02822336643853424,TCRBV21-01,TCRBJ01-02
0e2adf2677ca56de426d9d0162f36ad9,CASSYSSGYYGYTF,0.027968507522773054,TCRBV06-05,TCRBJ01-02
0e2adf2677ca56de426d9d0162f36ad9,CATSRVVETLRNYGYTF,0.02784648606191417,TCRBV15-01,TCRBJ01-02
0e2adf2677ca56de426d9d0162f36ad9,CASSYWGSTSGGYTF,0.027611790023738314,TCRBV06-02/06-03,TCRBJ01-02
0e2adf2677ca56de426d9d0162f36ad9,CASSFFSSGGYYGYTF,0.027541993495644252,TCRBV12-X,TCRBJ01-02
0e2adf2677ca56de426d9d0162f36ad9,CAWYFRYGYTF,0.02752811126161345,TCRBV30-01,TCRBJ01-02
0e2adf2677ca56de426d9d0162f36ad9,KTQYF,0.02741549240544549,TCRBV29-01,TCRBJ02-05
0e2adf2677ca56de426d9d0162f36ad9,CASCPGGANVLTF,0.027381819542981967,TCRBV28-01,TCRBJ02-06
0e2adf2677ca56de426d9d0162f36ad9,CSGYSYGYTF,0.027371814386781195,TCRBV29-01,TCRBJ01-02
0e2adf2677ca56de426d9d0162f36ad9,CASSYSYRNYGYTF,0.027291309160486985,TCRBV06-05,TCRBJ01-02
0e2adf2677ca56de426d9d0162f36ad9,CASSPYGPNSWGAFF,0.02720452023385485,TCRBV12-X,TCRBJ01-01
0e2adf2677ca56de426d9d0162f36ad9,CASSYSNGYYGYTF,0.02718337367255903,TCRBV06-02/06-03,TCRBJ01-02
0e2adf2677ca56de426d9d0162f36ad9,CAWTYWRGGYTF,0.02711979706517323,TCRBV30-01,TCRBJ01-02
0e2adf2677ca56de426d9d0162f36ad9,CAWSGGFGYGYTF,0.02686254666068349,TCRBV30-01,TCRBJ01-02
0e2adf2677ca56de426d9d0162f36ad9,CASSLAGRIKAFF,0.02674292141285737,TCRBV12-03/12-04,TCRBJ01-01
0e2adf2677ca56de426d9d0162f36ad9,CAWGTAEAFF,0.02652884731873789,TCRBV30-01,TCRBJ01-01
0e2adf2677ca56de426d9d0162f36ad9,CASIYWGGLANYGYTF,0.026515011037659766,TCRBV03-01/03-02,TCRBJ01-02
0e2adf2677ca56de426d9d0162f36ad9,CASSYSSYGGYTF,0.02643149798322383,TCRBV06-06,TCRBJ01-02
0e2adf2677ca56de426d9d0162f36ad9,CASSYWGRGGYTF,0.02623323304738774,TCRBV12-03/12-04,TCRBJ01-02
0e2adf2677ca56de426d9d0162f36ad9,CAWKKWGARAFF,0.02620905581331558,TCRBV30-01,TCRBJ01-01
0e2adf2677ca56de426d9d0162f36ad9,CAASYVAPHYGYTF,0.026181079570941658,TCRBV06-07,TCRBJ01-02
0e2adf2677ca56de426d9d0162f36ad9,CACAGPGQGAGANVLTF,0.02614726413493464,TCRBV30-01,TCRBJ02-06
0e2adf2677ca56de426d9d0162f36ad9,CGHHLWYGYTF,0.02614418176572434,TCRBV30-01,TCRBJ01-02
0e2adf2677ca56de426d9d0162f36ad9,CAWAKTWEWTEAFF,0.026140864554200186,TCRBV30-01,TCRBJ01-01
0e2adf2677ca56de426d9d0162f36ad9,CASSHGHPYGYTF,0.026069156200245837,TCRBV19-01,TCRBJ01-02
0e2adf2677ca56de426d9d0162f36ad9,CAAGGYGGTNYGYTF,0.026038404730208978,TCRBV21-01,TCRBJ01-02
0e2adf2677ca56de426d9d0162f36ad9,CASSYMGYGYTF,0.02602302410861739,TCRBV11-01,TCRBJ01-02
0e2adf2677ca56de426d9d0162f36ad9,CAWSFWYGYTF,0.02601049403799935,TCRBV30-01,TCRBJ01-02
0e2adf2677ca56de426d9d0162f36ad9,CAWKEVIEAFF,0.026004314236739847,TCRBV30-01,TCRBJ01-01
0e2adf2677ca56de426d9d0162f36ad9,CASSYSARAHHSYGYTF,0.025910485714656012,TCRBV06-X,TCRBJ01-02
0e2adf2677ca56de426d9d0162f36ad9,CASSFGGYYGYTF,0.02587800815390079,TCRBV12-03/12-04,TCRBJ01-02
0e2adf2677ca56de426d9d0162f36ad9,CAWSVPGGPFNEQFF,0.02587159461018538,TCRBV30-01,TCRBJ02-01
0e2adf2677ca56de426d9d0162f36ad9,CATSGSGGWNYGYTF,0.025842013800078105,TCRBV24-01,TCRBJ01-02
0e2adf2677ca56de426d9d0162f36ad9,CAWMTPGGYYGYTF,0.025800326679302182,TCRBV30-01,TCRBJ01-02
0e2adf2677ca56de426d9d0162f36ad9,CASSPWGGNYGYTF,0.025672000344253692,TCRBV27-01,TCRBJ01-02
0e2adf2677ca56de426d9d0162f36ad9,CASSNNNRPQARGGYTF,0.02565440926488183,TCRBV18-01,TCRBJ01-02
0e2adf2677ca56de426d9d0162f36ad9,AWPGNTIYF,0.025567026249309052,TCRBV24-01,TCRBJ01-03
0e2adf2677ca56de426d9d0162f36ad9,CAWRWGAGYGYTF,0.025566848055724057,TCRBV30-01,TCRBJ01-02
0e2adf2677ca56de426d9d0162f36ad9,CATLPGLTWANYGYTF,0.02550823759522958,TCRBV06-X,TCRBJ01-02
0e2adf2677ca56de426d9d0162f36ad9,CASSYGWGGGYTF,0.02540974396381251,TCRBV06-06,TCRBJ01-02
0e2adf2677ca56de426d9d0162f36ad9,CAWWGSGGAFF,0.025400635344473524,TCRBV30-01,TCRBJ01-01
0e2adf2677ca56de426d9d0162f36ad9,CASSHYPWGPGAYSPLHF,0.025364225290164074,TCRBV14-01,TCRBJ01-06
0e2adf2677ca56de426d9d0162f36ad9,CAWGYKLANYGYTF,0.025351295772656313,TCRBV30-01,TCRBJ01-02
0e2adf2677ca56de426d9d0162f36ad9,CASSYGAHTYGYTF,0.025250515394196725,TCRBV05-04,TCRBJ01-02
0e2adf2677ca56de426d9d0162f36ad9,CAWSVARAGANVLTF,0.02519696057788848,TCRBV30-01,TCRBJ02-06
0e2adf2677ca56de426d9d0162f36ad9,CASSYSVYYGYTF,0.02519380142930573,TCRBV06-06,TCRBJ01-02
0e2adf2677ca56de426d9d0162f36ad9,CASSSYGSNYGYTF,0.02517001919899072,TCRBV05-01,TCRBJ01-02
0e2adf2677ca56de426d9d0162f36ad9,CASNNNRGGYGYTF,0.025158922755545893,TCRBV06-X,TCRBJ01-02
0e2adf2677ca56de426d9d0162f36ad9,CAKGVYYGYTF,0.025099544562740893,TCRBV03-01/03-02,TCRBJ01-02
0e2adf2677ca56de426d9d0162f36ad9,CASSYGRWNYGYTF,0.02507701768648448,TCRBV06-05,TCRBJ01-02
0e2adf2677ca56de426d9d0162f36ad9,WGTAGRGQPQHF,0.025073232097089594,TCRBV24-01,TCRBJ01-05
0e2adf2677ca56de426d9d0162f36ad9,CASGGGYYGYTF,0.02507254148379577,TCRBV28-01,TCRBJ01-02
0e2adf2677ca56de426d9d0162f36ad9,CASSYDSYYGYTF,0.025012060973687696,TCRBV06-05,TCRBJ01-02
0e2adf2677ca56de426d9d0162f36ad9,CASSPYGPGWGYGYTF,0.02495605307455998,TCRBV28-01,TCRBJ01-02
0e2adf2677ca56de426d9d0162f36ad9,CATGPAGGAYTGNTIYF,0.02493054644262754,TCRBV19-01,TCRBJ01-03
0e2adf2677ca56de426d9d0162f36ad9,CAWSPVGYNYGYTF,0.024922187481406746,TCRBV30-01,TCRBJ01-02
0e2adf2677ca56de426d9d0162f36ad9,CASSYSTGGYYGYTF,0.024916326248584822,TCRBV06-05,TCRBJ01-02
0e2adf2677ca56de426d9d0162f36ad9,CASSYPGYGYTF,0.024833350400432355,TCRBV06-02/06-03,TCRBJ01-02
0e2adf2677ca56de426d9d0162f36ad9,AGWQPQHF,0.024791433207403936,TCRBV20-01,TCRBJ01-05
0e2adf2677ca56de426d9d0162f36ad9,CASSHRAYYGYTF,0.02471290213789925,TCRBV05-04,TCRBJ01-02
0e2adf2677ca56de426d9d0162f36ad9,CASSPFGYYGYTF,0.024644698001258805,TCRBV28-01,TCRBJ01-02
0e2adf2677ca56de426d9d0162f36ad9,CASSYSPPWGGYTF,0.024598332785444404,TCRBV06-05,TCRBJ01-02
0e2adf2677ca56de426d9d0162f36ad9,CASGGGTTISGNTIYF,0.024598118269941696,TCRBV19-01,TCRBJ01-03
0e2adf2677ca56de426d9d0162f36ad9,RLNSPLHF,0.024589673528791316,TCRBV28-01,TCRBJ01-06
0e2adf2677ca56de426d9d0162f36ad9,CASGAYYGYTF,0.024589594899886155,TCRBV28-01,TCRBJ01-02
0e2adf2677ca56de426d9d0162f36ad9,CSANHPGWGPKAFF,0.024584989103365987,TCRBV20-X,TCRBJ01-01
0e2adf2677ca56de426d9d0162f36ad9,WARWGGAWGPSNQPQHF,0.024563932091262678,TCRBV19-01,TCRBJ01-05
0e2adf2677ca56de426d9d0162f36ad9,CASSFWGGNGYTF,0.024528755385231374,TCRBV05-06,TCRBJ01-02
0e2adf2677ca56de426d9d0162f36ad9,CAWNDWDIPEAFF,0.02447731631436671,TCRBV30-01,TCRBJ01-01
0e2adf2677ca56de426d9d0162f36ad9,CAWIPQAMYGYTF,0.024433292551631996,TCRBV30-01,TCRBJ01-02
0e2adf2677ca56de426d9d0162f36ad9,CAWVWAVNYGYTF,0.024419103231701694,TCRBV30-01,TCRBJ01-02
0e2adf2677ca56de426d9d0162f36ad9,CASWDGHNYGYTF,0.024363906783908734,TCRBV10-03,TCRBJ01-02
0e2adf2677ca56de426d9d0162f36ad9,CASSKHGGGPHTNYGYTF,0.02435471755814104,TCRBV06-04,TCRBJ01-02
0e2adf2677ca56de426d9d0162f36ad9,CASSYGPNYGYTF,0.024348121305458336,TCRBV07-08,TCRBJ01-02
0e2adf2677ca56de426d9d0162f36ad9,CASSFWAGGNRNYGYTF,0.024313319472769646,TCRBV27-01,TCRBJ01-02
0e2adf2677ca56de426d9d0162f36ad9,CASSPWSNFNNYGYTF,0.02431261250667727,TCRBV18-01,TCRBJ01-02
0e2adf2677ca56de426d9d0162f36ad9,CSASWAAYGYGYTF,0.024306876924910095,TCRBV20-01,TCRBJ01-02
0e2adf2677ca56de426d9d0162f36ad9,CAWTGYNYGYTF,0.024274965853705394,TCRBV30-01,TCRBJ01-02
0e2adf2677ca56de426d9d0162f36ad9,CASYFPPEAFF,0.024271997063183393,TCRBV02-01,TCRBJ01-01
0e2adf2677ca56de426d9d0162f36ad9,CASSFWAGGNCNYGYTF,0.024267533956056683,TCRBV27-01,TCRBJ01-02
0e2adf2677ca56de426d9d0162f36ad9,CASSYTRAVYYGYTF,0.02424830884060536,TCRBV28-01,TCRBJ01-02
0e2adf2677ca56de426d9d0162f36ad9,CAISGWGVWDYGYTF,0.024240576147362535,TCRBV07-09,TCRBJ01-02
0e2adf2677ca56de426d9d0162f36ad9,CASSSQGQGYHQPQHF,0.024228988661908743,TCRBV28-01,TCRBJ01-05
0e2adf2677ca56de426d9d0162f36ad9,CAWSRWYGYTF,0.02422109856454342,TCRBV30-01,TCRBJ01-02
0e2adf2677ca56de426d9d0162f36ad9,CAWMALRAFF,0.024219644101440067,TCRBV30-01,TCRBJ01-01
0e2adf2677ca56de426d9d0162f36ad9,CASIHGYTF,0.024170830649431704,TCRBV12-03/12-04,TCRBJ01-02
0e2adf2677ca56de426d9d0162f36ad9,CASSSWGVGYGYTF,0.024155165061207868,TCRBV06-02/06-03,TCRBJ01-02
0e2adf2677ca56de426d9d0162f36ad9,CASSYHPPLHF,0.024078462452917455,TCRBV28-01,TCRBJ01-06
0e2adf2677ca56de426d9d0162f36ad9,CAWGGWNTEAFF,0.024051978129945084,TCRBV30-01,TCRBJ01-01
0e2adf2677ca56de426d9d0162f36ad9,CAWSKFEAFF,0.02404511076471988,TCRBV30-01,TCRBJ01-01
164856cb35105c4dc358f4abbd5efc68,AQYF,0.03497546934983032,TCRBV13-01,TCRBJ02-07
164856cb35105c4dc358f4abbd5efc68,CASSSYTGPYYGYTF,0.03171350411461387,TCRBV06-05,TCRBJ01-02
164856cb35105c4dc358f4abbd5efc68,CASSFYPYYHQPQHF,0.03042879321648231,TCRBV05-01,TCRBJ01-05
164856cb35105c4dc358f4abbd5efc68,WKWANVLTF,0.030300459855662456,TCRBV20-01,TCRBJ02-06
164856cb35105c4dc358f4abbd5efc68,CASSPWGYYGYTF,0.030091833592242156,TCRBV05-01,TCRBJ01-02
164856cb35105c4dc358f4abbd5efc68,CASWGHGYGYTF,0.029379162647812537,TCRBV06-05,TCRBJ01-02
164856cb35105c4dc358f4abbd5efc68,CSAPPWHQHF,0.029086774987704258,TCRBV20-01,TCRBJ01-05
164856cb35105c4dc358f4abbd5efc68,CAWRPNWGAYTSNYGYTF,0.028928960208080046,TCRBV30-01,TCRBJ01-02
164856cb35105c4dc358f4abbd5efc68,CASSYSWGGGYGYTF,0.028225385443609786,TCRBV06-05,TCRBJ01-02
164856cb35105c4dc358f4abbd5efc68,CATHPYGGSYGYTF,0.028034748904434623,TCRBV12-X,TCRBJ01-02
164856cb35105c4dc358f4abbd5efc68,TQYF,0.02788408084198733,TCRBV10-01,TCRBJ02-03
164856cb35105c4dc358f4abbd5efc68,CAWSGYYGYTF,0.027864457079023366,TCRBV30-01,TCRBJ01-02
164856cb35105c4dc358f4abbd5efc68,CASSYAAYYGYTF,0.02772829181143176,TCRBV06-05,TCRBJ01-02
164856cb35105c4dc358f4abbd5efc68,CASGGGYNYGYTF,0.027634604130840817,TCRBV06-05,TCRBJ01-02
164856cb35105c4dc358f4abbd5efc68,CAWMPVTPYYGYTF,0.027615104537101916,TCRBV30-01,TCRBJ01-02
164856cb35105c4dc358f4abbd5efc68,CAWGTGGYNYGYTF,0.027259785414602812,TCRBV30-01,TCRBJ01-02
164856cb35105c4dc358f4abbd5efc68,CASSYPDPWWAFF,0.026909286188845378,TCRBV06-02/06-03,TCRBJ01-01
164856cb35105c4dc358f4abbd5efc68,CASRVYIYGYTF,0.02673475774327021,TCRBV02-01,TCRBJ01-02
164856cb35105c4dc358f4abbd5efc68,CASSYYRGTYGYTF,0.026732755586880617,TCRBV06-02/06-03,TCRBJ01-02
164856cb35105c4dc358f4abbd5efc68,CAWIKGFIYGYTF,0.026730232550226996,TCRBV30-01,TCRBJ01-02
164856cb35105c4dc358f4abbd5efc68,CASNYGTGVGYWYF,0.026673594274826542,TCRBV06-06,TCRBJ02-07
164856cb35105c4dc358f4abbd5efc68,CACWYAGANVLTF,0.026621258027596555,TCRBV30-01,TCRBJ02-06
164856cb35105c4dc358f4abbd5efc68,RGKSYGYTF,0.026555200441454326,TCRBV09-01,TCRBJ01-02
164856cb35105c4dc358f4abbd5efc68,CASSYSPYNYGYTF,0.026542568957437083,TCRBV06-05,TCRBJ01-02
164856cb35105c4dc358f4abbd5efc68,CASSYYMGGAFYGYTF,0.026463152542972417,TCRBV05-01,TCRBJ01-02
164856cb35105c4dc358f4abbd5efc68,CASSFFGTGANYGYTF,0.02641237517747574,TCRBV07-02,TCRBJ01-02
164856cb35105c4dc358f4abbd5efc68,CASSYYAPASGYTF,0.026327708258014535,TCRBV06-06,TCRBJ01-02
164856cb35105c4dc358f4abbd5efc68,CAWGGWPLYGYTF,0.02631105579489003,TCRBV30-01,TCRBJ01-02
164856cb35105c4dc358f4abbd5efc68,CASSWGAWYGYTF,0.026217971744318343,TCRBV27-01,TCRBJ01-02
164856cb35105c4dc358f4abbd5efc68,CATPPSHTF,0.0261870114499773,TCRBV11-03,TCRBJ01-02
164856cb35105c4dc358f4abbd5efc68,CASSWYYGYTF,0.02617045773912099,TCRBV12-03/12-04,TCRBJ01-02
164856cb35105c4dc358f4abbd5efc68,F,0.026169086064691448,TCRBV20-01,TCRBJ02-07
164856cb35105c4dc358f4abbd5efc68,CASTGVVFYYGYTF,0.026114884296903458,TCRBV28-01,TCRBJ01-02
164856cb35105c4dc358f4abbd5efc68,CAWSVWGGAGTEAFF,0.026030888609323607,TCRBV30-01,TCRBJ01-01
164856cb35105c4dc358f4abbd5efc68,RGSSRYYGYTF,0.02600737149704006,TCRBV03-01/03-02,TCRBJ01-02
164856cb35105c4dc358f4abbd5efc68,CASSYWGGGYGYTF,0.02595582988367404,TCRBV06-05,TCRBJ01-02
164856cb35105c4dc358f4abbd5efc68,CASIGKGVKFF,0.02594278003231289,TCRBV12-03/12-04,TCRBJ02-01
164856cb35105c4dc358f4abbd5efc68,CATWDKLWSYGYTF,0.025928298894286585,TCRBV02-01,TCRBJ01-02
164856cb35105c4dc358f4abbd5efc68,CAWGAPGYGYTF,0.0259064347558095,TCRBV30-01,TCRBJ01-02
164856cb35105c4dc358f4abbd5efc68,CASRWWAGGGYGYTF,0.02585818810798192,TCRBV27-01,TCRBJ01-02
164856cb35105c4dc358f4abbd5efc68,CSVPHYWGGYTF,0.025843418304758066,TCRBV29-01,TCRBJ01-02
164856cb35105c4dc358f4abbd5efc68,CASSYYRGGYLHF,0.025801618110089485,TCRBV27-01,TCRBJ01-06
164856cb35105c4dc358f4abbd5efc68,CASSWGGYGYTF,0.025745641031788894,TCRBV07-09,TCRBJ01-02
164856cb35105c4dc358f4abbd5efc68,CASCYGPYGYTF,0.025702112589374992,TCRBV02-01,TCRBJ01-02
164856cb35105c4dc358f4abbd5efc68,CSAHMGHYGYTF,0.025684732618492568,TCRBV20-X,TCRBJ01-02
164856cb35105c4dc358f4abbd5efc68,GGFYGYTF,0.025606873947316543,TCRBV23-01,TCRBJ01-02
164856cb35105c4dc358f4abbd5efc68,CAWRPQGFWGNQPQHF,0.025528927786229907,TCRBV30-01,TCRBJ01-05
164856cb35105c4dc358f4abbd5efc68,CASSQEGPWGGPYGYTF,0.025513133346564507,TCRBV04-03,TCRBJ01-02
164856cb35105c4dc358f4abbd5efc68,CASSVPAQAPAQQTQYF,0.02550032097991739,TCRBV02-01,TCRBJ02-05
164856cb35105c4dc358f4abbd5efc68,CASSFWDRATEAFF,0.02548456301980678,TCRBV05-06,TCRBJ01-01
164856cb35105c4dc358f4abbd5efc68,CATYGPGKIYGYTF,0.025411530051158267,TCRBV10-03,TCRBJ01-02
164856cb35105c4dc358f4abbd5efc68,CASSGGYSNYGYTF,0.025325709055571462,TCRBV05-01,TCRBJ01-02
164856cb35105c4dc358f4abbd5efc68,CSARYMGYGYTF,0.02518838873444918,TCRBV20-X,TCRBJ01-02
164856cb35105c4dc358f4abbd5efc68,CAWSAYYGYTF,0.025148149628582788,TCRBV30-01,TCRBJ01-02
164856cb35105c4dc358f4abbd5efc68,CASSFYGYGYTF,0.02511707147372845,TCRBV12-03/12-04,TCRBJ01-02
164856cb35105c4dc358f4abbd5efc68,CATAWKYGYTF,0.025068253976754187,TCRBV07-02,TCRBJ01-02
164856cb35105c4dc358f4abbd5efc68,CASSKDRAYIYGYTF,0.02504492050080199,TCRBV12-X,TCRBJ01-02
164856cb35105c4dc358f4abbd5efc68,CASSIAGAVKKLFF,0.02500370444375644,TCRBV19-01,TCRBJ01-04
164856cb35105c4dc358f4abbd5efc68,CASSWGGSNYGYTF,0.025002363292445432,TCRBV12-X,TCRBJ01-02
164856cb35105c4dc358f4abbd5efc68,CASSIPPHHYGYTF,0.024997801287327086,TCRBV19-01,TCRBJ01-02
164856cb35105c4dc358f4abbd5efc68,CSARDYYYGYTF,0.024893840970013396,TCRBV20-X,TCRBJ01-02
164856cb35105c4dc358f4abbd5efc68,CSAREGKGVYVYTF,0.02483643085582678,TCRBV20-X,TCRBJ01-02
164856cb35105c4dc358f4abbd5efc68,CASSHDGYSYYGYTF,0.024776493900693836,TCRBV27-01,TCRBJ01-02
164856cb35105c4dc358f4abbd5efc68,CATRGGGYNYGYTF,0.024769961973111806,TCRBV15-01,TCRBJ01-02
164856cb35105c4dc358f4abbd5efc68,CASSYRRDYYGYTF,0.024746348148931917,TCRBV27-01,TCRBJ01-02
164856cb35105c4dc358f4abbd5efc68,CASSYRGLYYGYTF,0.02473869362463373,TCRBV12-X,TCRBJ01-02
164856cb35105c4dc358f4abbd5efc68,CASSFYPQAHQPQHF,0.02468052172041484,TCRBV13-01,TCRBJ01-05
164856cb35105c4dc358f4abbd5efc68,CASHKRPGYGYTF,0.024677629395620206,TCRBV02-01,TCRBJ01-02
164856cb35105c4dc358f4abbd5efc68,CASTNTWGGNYGYTF,0.024670295333062264,TCRBV19-01,TCRBJ01-02
164856cb35105c4dc358f4abbd5efc68,CASSYYPYGGPQHF,0.024667097297208115,TCRBV06-02/06-03,TCRBJ01-05
164856cb35105c4dc358f4abbd5efc68,CASFGGGPYGYTF,0.024648042230390597,TCRBV09-01,TCRBJ01-02
164856cb35105c4dc358f4abbd5efc68,CASGFGGYSNYGYTF,0.02462156415906118,TCRBV12-05,TCRBJ01-02
164856cb35105c4dc358f4abbd5efc68,CASSYSATPYPYF,0.02459645655162608,TCRBV06-05,TCRBJ02-03
164856cb35105c4dc358f4abbd5efc68,CASRWGGYGYTF,0.024569242548869073,TCRBV02-01,TCRBJ01-02
164856cb35105c4dc358f4abbd5efc68,CASSYSSSSYGYTF,0.02454308958292989,TCRBV06-06,TCRBJ01-02
164856cb35105c4dc358f4abbd5efc68,CASSFPGQGAHTYGYTF,0.024507816575949533,TCRBV28-01,TCRBJ01-02
164856cb35105c4dc358f4abbd5efc68,CAWRWGYGYTF,0.02450709127200996,TCRBV30-01,TCRBJ01-02
164856cb35105c4dc358f4abbd5efc68,CSAVGGWGYGYTF,0.024477181105954565,TCRBV20-X,TCRBJ01-02
164856cb35105c4dc358f4abbd5efc68,CASIKGAANWGYGYTF,0.024439473596250785,TCRBV19-01,TCRBJ01-02
164856cb35105c4dc358f4abbd5efc68,CASSFSFGGPNYGYTF,0.024434187643012886,TCRBV07-02,TCRBJ01-02
164856cb35105c4dc358f4abbd5efc68,CATHAVANYGYTF,0.024407141588905102,TCRBV10-03,TCRBJ01-02
164856cb35105c4dc358f4abbd5efc68,CASRYNNYGYTF,0.024321352014964083,TCRBV12-03/12-04,TCRBJ01-02
164856cb35105c4dc358f4abbd5efc68,CAWSVWGAGTEAFF,0.024286245685091398,TCRBV30-01,TCRBJ01-01
164856cb35105c4dc358f4abbd5efc68,CASSPGQGWYNYGYTF,0.02426382307273418,TCRBV07-09,TCRBJ01-02
164856cb35105c4dc358f4abbd5efc68,CAWTPLEGYTF,0.024228432046104354,TCRBV30-01,TCRBJ01-02
164856cb35105c4dc358f4abbd5efc68,CASSPWGNYGYTF,0.024209432858852742,TCRBV27-01,TCRBJ01-02
164856cb35105c4dc358f4abbd5efc68,CASSILAGGYYYGYTF,0.024202541359112435,TCRBV19-01,TCRBJ01-02
164856cb35105c4dc358f4abbd5efc68,CASWEAGANVLTF,0.024199353192073537,TCRBV28-01,TCRBJ02-06
164856cb35105c4dc358f4abbd5efc68,CASSYSMGAYYGYTF,0.024192364586725766,TCRBV06-05,TCRBJ01-02
164856cb35105c4dc358f4abbd5efc68,CAWSVPQGGHQPQHF,0.024191685673905478,TCRBV30-01,TCRBJ01-05
164856cb35105c4dc358f4abbd5efc68,CATTPGHGYGYTF,0.024186933804378648,TCRBV24-01,TCRBJ01-02
164856cb35105c4dc358f4abbd5efc68,CASSYSTGRYYGYTF,0.02414083136508658,TCRBV06-05,TCRBJ01-02
164856cb35105c4dc358f4abbd5efc68,CASTVGGYYGYTF,0.024127854626806507,TCRBV19-01,TCRBJ01-02
164856cb35105c4dc358f4abbd5efc68,CASSYGWSTGAGGYTF,0.024126263184792995,TCRBV06-05,TCRBJ01-02
164856cb35105c4dc358f4abbd5efc68,CASSYDSYNYGYTF,0.024115608494151952,TCRBV06-06,TCRBJ01-02
164856cb35105c4dc358f4abbd5efc68,CASSYSGGPYGYTF,0.02411407955651632,TCRBV06-02/06-03,TCRBJ01-02
164856cb35105c4dc358f4abbd5efc68,CASGWSSGYGYTF,0.024078338497378417,TCRBV28-01,TCRBJ01-02
164856cb35105c4dc358f4abbd5efc68,CASSYFGWAAPGYTF,0.024069290023766694,TCRBV06-05,TCRBJ01-02
164856cb35105c4dc358f4abbd5efc68,CASSYSGTGGFGYTF,0.02406042751482634,TCRBV06-05,TCRBJ01-02
173f67736844805d0f93f29e85a7b65f,FF,0.04636419028842517,TCRBV03-01/03-02,TCRBJ01-01
173f67736844805d0f93f29e85a7b65f,CASSLGPLNRFPVGYGYTF,0.038257533536681335,TCRBV04-02,TCRBJ01-02
173f67736844805d0f93f29e85a7b65f,CASSYRYYYGYTF,0.03429529439396785,TCRBV28-01,TCRBJ01-02
173f67736844805d0f93f29e85a7b65f,CAIKGAYYYYGYTF,0.03308611664080789,TCRBV28-01,TCRBJ01-02
173f67736844805d0f93f29e85a7b65f,CSAGYFYYGYTF,0.03219277418449599,TCRBV29-01,TCRBJ01-02
173f67736844805d0f93f29e85a7b65f,CAWGGGWYGYTF,0.03134549926719062,TCRBV30-01,TCRBJ01-02
173f67736844805d0f93f29e85a7b65f,CASSIVWGNVYGYGYTF,0.030628711331217,TCRBV19-01,TCRBJ01-02
173f67736844805d0f93f29e85a7b65f,CANPHPGPHSGTDTQYF,0.030146663197455,TCRBV10-01,TCRBJ02-03
173f67736844805d0f93f29e85a7b65f,CASSLKGNPWKAFF,0.029720714924046026,TCRBV07-09,TCRBJ01-01
173f67736844805d0f93f29e85a7b65f,CASSLGTGYWGYYGYTF,0.02946678904025946,TCRBV07-09,TCRBJ01-02
173f67736844805d0f93f29e85a7b65f,CASSYTGYYGYTF,0.029406522969498614,TCRBV06-05,TCRBJ01-02
173f67736844805d0f93f29e85a7b65f,CASSYRGYYGYTF,0.02933977931009988,TCRBV06-05,TCRBJ01-02
173f67736844805d0f93f29e85a7b65f,CASWAWDPNYYGYTF,0.029200669290860994,TCRBV05-08,TCRBJ01-02
173f67736844805d0f93f29e85a7b65f,CASSYAHVYGYTF,0.028885249778442285,TCRBV09-01,TCRBJ01-02
173f67736844805d0f93f29e85a7b65f,CASSFYPVYYGYTF,0.028248897963337547,TCRBV07-03,TCRBJ01-02
173f67736844805d0f93f29e85a7b65f,CAIKGAYYYGYTF,0.0282407295585769,TCRBV28-01,TCRBJ01-02
173f67736844805d0f93f29e85a7b65f,CTSSQGFGYYIWYGYTF,0.028188238596496783,TCRBV01-01,TCRBJ01-02
173f67736844805d0f93f29e85a7b65f,CASSWGGNNYGYTF,0.02802583042231464,TCRBV28-01,TCRBJ01-02
173f67736844805d0f93f29e85a7b65f,CASSRWWNRYYGYTF,0.028012623401610384,TCRBV28-01,TCRBJ01-02
173f67736844805d0f93f29e85a7b65f,CASSSWSWGTNYGYTF,0.027933992043137283,TCRBV07-08,TCRBJ01-02
173f67736844805d0f93f29e85a7b65f,CASSPSYYYGYTF,0.027930452632725266,TCRBV27-01,TCRBJ01-02
173f67736844805d0f93f29e85a7b65f,CASSYHTGGPHYGYTF,0.027889665164124677,TCRBV05-06,TCRBJ01-02
173f67736844805d0f93f29e85a7b65f,CAWGAWAFF,0.02770761519154432,TCRBV30-01,TCRBJ01-01
173f67736844805d0f93f29e85a7b65f,CASHPQVPHQPQHF,0.02755078313351605,TCRBV19-01,TCRBJ01-05
173f67736844805d0f93f29e85a7b65f,WKRGGYGNTIYF,0.027484792605643862,TCRBV29-01,TCRBJ01-03
173f67736844805d0f93f29e85a7b65f,CASSNNNGPRSNNQPQHF,0.02747440051023481,TCRBV06-04,TCRBJ01-05
173f67736844805d0f93f29e85a7b65f,CASSYSTGNPFWSGGYTF,0.02742257517638417,TCRBV06-X,TCRBJ01-02
173f67736844805d0f93f29e85a7b65f,CAIKWGWHGYTF,0.02731049153455639,TCRBV06-05,TCRBJ01-02
173f67736844805d0f93f29e85a7b65f,CSASWYGNYGYTF,0.027107361925431946,TCRBV20-X,TCRBJ01-02
173f67736844805d0f93f29e85a7b65f,WTWGEMNTEAFF,0.027045710057060187,TCRBV02-01,TCRBJ01-01
173f67736844805d0f93f29e85a7b65f,CASNSGTGNYYNYGYTF,0.0270373922372179,TCRBV12-X,TCRBJ01-02
173f67736844805d0f93f29e85a7b65f,CAWNYPGGGGYTF,0.027014368118822213,TCRBV30-01,TCRBJ01-02
173f67736844805d0f93f29e85a7b65f,CASSYHPGGKTEAFF,0.027004106668720617,TCRBV12-X,TCRBJ01-01
173f67736844805d0f93f29e85a7b65f,CATPRP,0.026940865843817517,TCRBV06-04,TCRBJ02-X
173f67736844805d0f93f29e85a7b65f,CSARYWYTF,0.026784577849151666,TCRBV20-01,TCRBJ01-02
173f67736844805d0f93f29e85a7b65f,CASSFVYFYGYTF,0.026724846091594943,TCRBV12-03/12-04,TCRBJ01-02
173f67736844805d0f93f29e85a7b65f,WRMNTEAFF,0.026644236065784786,TCRBV24-01,TCRBJ01-01
173f67736844805d0f93f29e85a7b65f,CASSYVGSYYGYTF,0.026624214378108104,TCRBV06-05,TCRBJ01-02
173f67736844805d0f93f29e85a7b65f,CASSYSWGSYSYTF,0.026622722261607164,TCRBV06-02/06-03,TCRBJ01-02
173f67736844805d0f93f29e85a7b65f,CASSYIAYRYGYTF,0.02659522998439659,TCRBV12-X,TCRBJ01-02
173f67736844805d0f93f29e85a7b65f,CAWGPNYGYTF,0.02657883084076776,TCRBV30-01,TCRBJ01-02
173f67736844805d0f93f29e85a7b65f,CAAYSGHRYYGYTF,0.02652708026649891,TCRBV10-03,TCRBJ01-02
173f67736844805d0f93f29e85a7b65f,CASSYSGGTGGTFGYTF,0.026514441793787112,TCRBV06-X,TCRBJ01-02
173f67736844805d0f93f29e85a7b65f,CASRGGWGANYGYTF,0.02650108028637175,TCRBV06-05,TCRBJ01-02
173f67736844805d0f93f29e85a7b65f,CASMWGQWGYTF,0.026439821650327003,TCRBV28-01,TCRBJ01-02
173f67736844805d0f93f29e85a7b65f,CASSHAPHGYTF,0.026345328071060367,TCRBV04-01,TCRBJ01-02
173f67736844805d0f93f29e85a7b65f,CASSSWGGNTGNTIYF,0.026287498366759404,TCRBV07-06,TCRBJ01-03
173f67736844805d0f93f29e85a7b65f,RASSLSIYYYGYTF,0.026264764800329327,TCRBV07-03,TCRBJ01-02
173f67736844805d0f93f29e85a7b65f,CSAPAPGANVLTF,0.02625719424468452,TCRBV20-X,TCRBJ02-06
173f67736844805d0f93f29e85a7b65f,CASSYGWGEGYGYTF,0.026249916808049056,TCRBV06-05,TCRBJ01-02
173f67736844805d0f93f29e85a7b65f,CAWSYGASYGYTF,0.026159955503961444,TCRBV30-01,TCRBJ01-02
173f67736844805d0f93f29e85a7b65f,ETQYF,0.02611368220022237,TCRBV03-01/03-02,TCRBJ02-05
173f67736844805d0f93f29e85a7b65f,CATSHF,0.026110938650378303,TCRBV03-01/03-02,TCRBJ01-02
173f67736844805d0f93f29e85a7b65f,CASGWGYGYTF,0.026075714285317173,TCRBV14-01,TCRBJ01-02
173f67736844805d0f93f29e85a7b65f,DRGFPHQPQHF,0.026053711013592676,TCRBV10-02,TCRBJ01-05
173f67736844805d0f93f29e85a7b65f,CALSEGYYYGYTF,0.02603700805011207,TCRBV30-01,TCRBJ01-02
173f67736844805d0f93f29e85a7b65f,CASTFGEWLTEAFF,0.02591883025570316,TCRBV12-05,TCRBJ01-01
173f67736844805d0f93f29e85a7b65f,CSVYMPHYGYTF,0.025882795658140664,TCRBV29-01,TCRBJ01-02
173f67736844805d0f93f29e85a7b65f,CASSSWGGNYGYTF,0.025852998227827998,TCRBV19-01,TCRBJ01-02
173f67736844805d0f93f29e85a7b65f,CASSYSWNNYGYTF,0.02584890048537879,TCRBV06-05,TCRBJ01-02
173f67736844805d0f93f29e85a7b65f,WGQGGQPQHF,0.025848604811940297,TCRBV25-01,TCRBJ01-05
173f67736844805d0f93f29e85a7b65f,CSAWGYGYTF,0.025823336154245115,TCRBV20-01,TCRBJ01-02
173f67736844805d0f93f29e85a7b65f,CAWSAWWLTF,0.025734415577801664,TCRBV30-01,TCRBJ01-02
173f67736844805d0f93f29e85a7b65f,CATSDWDSWYF,0.02569109061721805,TCRBV24-01,TCRBJ02-07
173f67736844805d0f93f29e85a7b65f,CASSLRGGWYVYYGYTF,0.025641775020626884,TCRBV19-01,TCRBJ01-02
173f67736844805d0f93f29e85a7b65f,CASGGSYNYGYTF,0.02560702861710646,TCRBV11-02,TCRBJ01-02
173f67736844805d0f93f29e85a7b65f,CASSYGGGFGYTF,0.025565190913305072,TCRBV19-01,TCRBJ01-02
173f67736844805d0f93f29e85a7b65f,CASSFGGTAPNYGYTF,0.025523914929694205,TCRBV07-09,TCRBJ01-02
173f67736844805d0f93f29e85a7b65f,CASSFGGNTGYYGYTF,0.02551478720295383,TCRBV05-06,TCRBJ01-02
173f67736844805d0f93f29e85a7b65f,CAWSAGGYNYGYTF,0.025449323364508822,TCRBV30-01,TCRBJ01-02
173f67736844805d0f93f29e85a7b65f,CASSQWGWGANYGYTF,0.025400234000847465,TCRBV04-01,TCRBJ01-02
173f67736844805d0f93f29e85a7b65f,CASSYAYRGGYTF,0.025397821642646642,TCRBV06-06,TCRBJ01-02
173f67736844805d0f93f29e85a7b65f,CASTPGGPYYGYTF,0.025337243662483914,TCRBV02-01,TCRBJ01-02
173f67736844805d0f93f29e85a7b65f,CASSYGGPFGYTF,0.025330245469084346,TCRBV06-02/06-03,TCRBJ01-02
173f67736844805d0f93f29e85a7b65f,CSHMWGAKQYF,0.025268083337388683,TCRBV20-01,TCRBJ02-05
173f67736844805d0f93f29e85a7b65f,CASSSSGGYNYGYTF,0.02526154258037995,TCRBV25-01,TCRBJ01-02
173f67736844805d0f93f29e85a7b65f,CASWGVPYGYTF,0.02522480645584372,TCRBV12-03/12-04,TCRBJ01-02
173f67736844805d0f93f29e85a7b65f,CASSFYRWYGYTF,0.025198532976374078,TCRBV12-03/12-04,TCRBJ01-02
173f67736844805d0f93f29e85a7b65f,CASSYIGWGYGYTF,0.02518831702165201,TCRBV06-05,TCRBJ01-02
173f67736844805d0f93f29e85a7b65f,CASGGGHRFNYGYTF,0.025186060365442697,TCRBV02-01,TCRBJ01-02
173f67736844805d0f93f29e85a7b65f,CAWSVWAPYGYTF,0.025129925499693652,TCRBV30-01,TCRBJ01-02
173f67736844805d0f93f29e85a7b65f,CASSPHHNYGYTF,0.025124473617556032,TCRBV14-01,TCRBJ01-02
173f67736844805d0f93f29e85a7b65f,CASSYFGGPGGNTIYF,0.025108037345056154,TCRBV06-05,TCRBJ01-03
173f67736844805d0f93f29e85a7b65f,CASSHGGGYYGYTF,0.02509179526328757,TCRBV04-03,TCRBJ01-02
173f67736844805d0f93f29e85a7b65f,CASYHTGPLYGYTF,0.02507247737717267,TCRBV12-X,TCRBJ01-02
173f67736844805d0f93f29e85a7b65f,CAWRMPGGYYGYTF,0.025059445195366247,TCRBV30-01,TCRBJ01-02
173f67736844805d0f93f29e85a7b65f,RASILLRTLKNYGYTF,0.025058674861732157,TCRBV07-03,TCRBJ01-02
173f67736844805d0f93f29e85a7b65f,CASRMWDTLMNYGYTF,0.025047479233109488,TCRBV06-X,TCRBJ01-02
173f67736844805d0f93f29e85a7b65f,CASSWGWYTEAFF,0.02503246814746083,TCRBV25-01,TCRBJ01-01
173f67736844805d0f93f29e85a7b65f,CASWKAGANVLTF,0.025014834489565825,TCRBV19-01,TCRBJ02-06
173f67736844805d0f93f29e85a7b65f,CASSYSSSQGSNGGGYTF,0.024996819254750936,TCRBV06-X,TCRBJ01-02
173f67736844805d0f93f29e85a7b65f,CAWNPGANVLTF,0.024983212676331166,TCRBV30-01,TCRBJ02-06
173f67736844805d0f93f29e85a7b65f,CASSYYSSGNGYTF,0.024977516004113874,TCRBV06-05,TCRBJ01-02
173f67736844805d0f93f29e85a7b65f,CSVRTGYIGYGYTF,0.02497656377873199,TCRBV29-01,TCRBJ01-02
173f67736844805d0f93f29e85a7b65f,CAWRWAKAEAFF,0.024953249653836947,TCRBV30-01,TCRBJ01-01
173f67736844805d0f93f29e85a7b65f,CASSYWAGGNYGYTF,0.02494582707469081,TCRBV27-01,TCRBJ01-02
173f67736844805d0f93f29e85a7b65f,CAWFGAPHYGYTF,0.024905072451612303,TCRBV30-01,TCRBJ01-02
173f67736844805d0f93f29e85a7b65f,CASCHIGFGYGYTF,0.024891251237369842,TCRBV11-03,TCRBJ01-02
173f67736844805d0f93f29e85a7b65f,CGYGYTF,0.024876008966349086,TCRBV21-01,TCRBJ01-02
173f67736844805d0f93f29e85a7b65f,CASHPKDGYTF,0.024868910872205403,TCRBV02-01,TCRBJ01-02
1754e988924d92491b485b0dfbfb33a6,YF,0.043498104297022874,TCRBV09-01,TCRBJ01-03
1754e988924d92491b485b0dfbfb33a6,CASSYSGYYYGYTF,0.03360961156192151,TCRBV06-06,TCRBJ01-02
1754e988924d92491b485b0dfbfb33a6,CSVYFGGYYGYTF,0.0327432709647438,TCRBV29-01,TCRBJ01-02
1754e988924d92491b485b0dfbfb33a6,WRAWDYGYTF,0.03246090681978979,TCRBV07-09,TCRBJ01-02
1754e988924d92491b485b0dfbfb33a6,CASSYGPYYGYTF,0.030666648058650485,TCRBV06-02/06-03,TCRBJ01-02
1754e988924d92491b485b0dfbfb33a6,CSAHHPGYGYTF,0.029898087989122864,TCRBV29-01,TCRBJ01-02
1754e988924d92491b485b0dfbfb33a6,CSVYGWGYGYTF,0.029602684625083024,TCRBV20-X,TCRBJ01-02
1754e988924d92491b485b0dfbfb33a6,CASYGGHYYGYTF,0.029548255339535305,TCRBV27-01,TCRBJ01-02
1754e988924d92491b485b0dfbfb33a6,CASSYSWGAYGYTF,0.029181197053328424,TCRBV06-05,TCRBJ01-02
1754e988924d92491b485b0dfbfb33a6,CASSFYRGHYYGYTF,0.029116172706253836,TCRBV06-05,TCRBJ01-02
1754e988924d92491b485b0dfbfb33a6,CAWSMDGGPYNEQFF,0.02883515313699426,TCRBV30-01,TCRBJ02-01
1754e988924d92491b485b0dfbfb33a6,CASSAYRGPWYGYTF,0.02873507956524654,TCRBV19-01,TCRBJ01-02
1754e988924d92491b485b0dfbfb33a6,CASSYYRNSHYGYTF,0.028409179906389137,TCRBV05-04,TCRBJ01-02
1754e988924d92491b485b0dfbfb33a6,CACPQHF,0.028344233255118544,TCRBV12-03/12-04,TCRBJ01-05
1754e988924d92491b485b0dfbfb33a6,CASSGGGTGGYFGYGYTF,0.028060539008331605,TCRBV11-02,TCRBJ01-02
1754e988924d92491b485b0dfbfb33a6,CATSYTTGYYGYTF,0.02805024425349032,TCRBV15-01,TCRBJ01-02
1754e988924d92491b485b0dfbfb33a6,CASSYYTTGAYGYTF,0.027989502955736115,TCRBV06-05,TCRBJ01-02
1754e988924d92491b485b0dfbfb33a6,CASSFWGAPNYGYTF,0.027985267623306245,TCRBV05-06,TCRBJ01-02
1754e988924d92491b485b0dfbfb33a6,CASHTGWGFNYGYTF,0.027938888379111137,TCRBV02-01,TCRBJ01-02
1754e988924d92491b485b0dfbfb33a6,CASSPNVGIGTSGANVLTF,0.027562591562082583,TCRBV12-X,TCRBJ02-06
1754e988924d92491b485b0dfbfb33a6,CSAHF,0.02751833808728069,TCRBV20-01,TCRBJ01-06
1754e988924d92491b485b0dfbfb33a6,YTQYF,0.027358040893340478,TCRBV10-01,TCRBJ02-03
1754e988924d92491b485b0dfbfb33a6,CASSYSYRPNYGYTF,0.027350749159438553,TCRBV06-05,TCRBJ01-02
1754e988924d92491b485b0dfbfb33a6,FSPLHF,0.02728681105805513,TCRBV21-01,TCRBJ01-06
1754e988924d92491b485b0dfbfb33a6,CASSYWGAGNNGAYF,0.027106156283760556,TCRBV11-02,TCRBJ02-03
1754e988924d92491b485b0dfbfb33a6,CASSYSWDNFGGYTF,0.027061452345857894,TCRBV06-05,TCRBJ01-02
1754e988924d92491b485b0dfbfb33a6,CAYTGIYGYTF,0.02688068915614875,TCRBV30-01,TCRBJ01-02
1754e988924d92491b485b0dfbfb33a6,CASSKGYKGWYGYTF,0.02683603392180578,TCRBV21-01,TCRBJ01-02
1754e988924d92491b485b0dfbfb33a6,CATGGWGPGFFGNTIYF,0.026820528051860613,TCRBV12-X,TCRBJ01-03
1754e988924d92491b485b0dfbfb33a6,CATWDAPIWDTEAFF,0.02680481321239918,TCRBV15-01,TCRBJ01-01
1754e988924d92491b485b0dfbfb33a6,CATRRF,0.026774506897723743,TCRBV27-01,TCRBJ01-02
1754e988924d92491b485b0dfbfb33a6,CASSPWGGYGYTF,0.026769062071468293,TCRBV07-09,TCRBJ01-02
1754e988924d92491b485b0dfbfb33a6,CASSYWPWQPQHF,0.026728636969276038,TCRBV06-02/06-03,TCRBJ01-05
1754e988924d92491b485b0dfbfb33a6,CAWKWNTEAFF,0.026669670190534085,TCRBV30-01,TCRBJ01-01
1754e988924d92491b485b0dfbfb33a6,CASSGGGRTYAGYGYTF,0.026615539307074495,TCRBV02-01,TCRBJ01-02
1754e988924d92491b485b0dfbfb33a6,CSAYYRTGPNYGYTF,0.026604287588981503,TCRBV20-X,TCRBJ01-02
1754e988924d92491b485b0dfbfb33a6,NHRLNYGYTF,0.026603358386670953,TCRBV21-01,TCRBJ01-02
1754e988924d92491b485b0dfbfb33a6,NYGYTF,0.026602242459505012,TCRBV25-01,TCRBJ01-02
1754e988924d92491b485b0dfbfb33a6,CATPP,0.026597269960030766,TCRBV24-01,TCRBJ02-07
1754e988924d92491b485b0dfbfb33a6,CSSYGGAGANYGYTF,0.026568668650898405,TCRBV29-01,TCRBJ01-02
1754e988924d92491b485b0dfbfb33a6,CAWSWGAEAFF,0.026502661115285552,TCRBV30-01,TCRBJ01-01
1754e988924d92491b485b0dfbfb33a6,CTSTHTCRYTF,0.026469825481446187,TCRBV01-01,TCRBJ01-02
1754e988924d92491b485b0dfbfb33a6,CAWSPFEAFF,0.026450026452585013,TCRBV30-01,TCRBJ01-01
1754e988924d92491b485b0dfbfb33a6,CAWSWWHSPLHF,0.026442980893197833,TCRBV30-01,TCRBJ01-06
1754e988924d92491b485b0dfbfb33a6,CASSGWGSNYGYTF,0.02641442909893562,TCRBV06-X,TCRBJ01-02
1754e988924d92491b485b0dfbfb33a6,CASSFFDTITEAFF,0.026359078204322678,TCRBV28-01,TCRBJ01-01
1754e988924d92491b485b0dfbfb33a6,CASSPLHPNSPLHF,0.026325257555091304,TCRBV12-X,TCRBJ01-06
1754e988924d92491b485b0dfbfb33a6,CSGHTGYYGYTF,0.02628981443043311,TCRBV29-01,TCRBJ01-02
1754e988924d92491b485b0dfbfb33a6,GGHSPLHF,0.026223593644707027,TCRBV28-01,TCRBJ01-06
1754e988924d92491b485b0dfbfb33a6,CASSYYGSYGYTF,0.02622274434902909,TCRBV12-03/12-04,TCRBJ01-02
1754e988924d92491b485b0dfbfb33a6,CASSGGYNYGYTF,0.026185752925153363,TCRBV12-03/12-04,TCRBJ01-02
1754e988924d92491b485b0dfbfb33a6,CASSIKKLFF,0.02606849790742543,TCRBV19-01,TCRBJ01-04
1754e988924d92491b485b0dfbfb33a6,CAF,0.026059865932200565,TCRBV07-03,TCRBJ02-07
1754e988924d92491b485b0dfbfb33a6,CASKPGWGGYGYTF,0.02605527343326275,TCRBV02-01,TCRBJ01-02
1754e988924d92491b485b0dfbfb33a6,CAWSPGYYGYTF,0.026035894083736265,TCRBV30-01,TCRBJ01-02
1754e988924d92491b485b0dfbfb33a6,CAWIRAYYGYTF,0.026029025397504527,TCRBV30-01,TCRBJ01-02
1754e988924d92491b485b0dfbfb33a6,CAWSWGGGGYGYTF,0.0259144710878425,TCRBV30-01,TCRBJ01-02
1754e988924d92491b485b0dfbfb33a6,CASSFGGYYGYTF,0.02587800815390079,TCRBV07-02,TCRBJ01-02
1754e988924d92491b485b0dfbfb33a6,CASSGWGANYGYTF,0.02584325474216375,TCRBV06-X,TCRBJ01-02
1754e988924d92491b485b0dfbfb33a6,CASSYHGRGSSWGKLFF,0.02575309042771823,TCRBV06-X,TCRBJ01-04
1754e988924d92491b485b0dfbfb33a6,CASGYNYGYTF,0.02574691484639882,TCRBV07-02,TCRBJ01-02
1754e988924d92491b485b0dfbfb33a6,CASSSGNWGAFF,0.02574228335916054,TCRBV07-09,TCRBJ01-01
1754e988924d92491b485b0dfbfb33a6,CAWSHPGGHQPQHF,0.025694407469082567,TCRBV30-01,TCRBJ01-05
1754e988924d92491b485b0dfbfb33a6,CASSRPGHGDHYWYGYTF,0.02563907974493409,TCRBV06-06,TCRBJ01-02
1754e988924d92491b485b0dfbfb33a6,CAWNPWGAQGQPQHF,0.02554963431941444,TCRBV30-01,TCRBJ01-05
1754e988924d92491b485b0dfbfb33a6,CASSYKTGGYTSYGYTF,0.025549364238641178,TCRBV06-X,TCRBJ01-02
1754e988924d92491b485b0dfbfb33a6,CPHGPQHF,0.025511784849179365,TCRBV10-03,TCRBJ01-05
1754e988924d92491b485b0dfbfb33a6,CAWKYYNNYGYTF,0.0255096822208781,TCRBV30-01,TCRBJ01-02
1754e988924d92491b485b0dfbfb33a6,CASSFGGAYYHGYTF,0.025508781357790014,TCRBV07-09,TCRBJ01-02
1754e988924d92491b485b0dfbfb33a6,CASSYPYGYTF,0.025505150067636057,TCRBV06-02/06-03,TCRBJ01-02
1754e988924d92491b485b0dfbfb33a6,CASIWRGRYYGYTF,0.0254998588562478,TCRBV28-01,TCRBJ01-02
1754e988924d92491b485b0dfbfb33a6,CASITREGPPWWPQHF,0.02548343506518061,TCRBV05-08,TCRBJ01-05
1754e988924d92491b485b0dfbfb33a6,CASSLPPIGYTF,0.02545208644179097,TCRBV23-01,TCRBJ01-02
1754e988924d92491b485b0dfbfb33a6,CASSYWTGSYGYTF,0.02544343302747077,TCRBV12-X,TCRBJ01-02
1754e988924d92491b485b0dfbfb33a6,CSVARYGGYYGYTF,0.025430275102643656,TCRBV29-01,TCRBJ01-02
1754e988924d92491b485b0dfbfb33a6,CASKWKAGYYGYTF,0.02541786943402477,TCRBV27-01,TCRBJ01-02
1754e988924d92491b485b0dfbfb33a6,CAWNRYRYGYTF,0.02538487249601764,TCRBV30-01,TCRBJ01-02
1754e988924d92491b485b0dfbfb33a6,CSCGGNNYGYTF,0.025384146979513023,TCRBV29-01,TCRBJ01-02
1754e988924d92491b485b0dfbfb33a6,CASSDSWTGGGGYGYTF,0.025362072625806493,TCRBV02-01,TCRBJ01-02
1754e988924d92491b485b0dfbfb33a6,CASSIGKGFTEAFF,0.02535819209118982,TCRBV19-01,TCRBJ01-01
1754e988924d92491b485b0dfbfb33a6,CASSHPGWGVYGYTF,0.025338627334783675,TCRBV04-01,TCRBJ01-02
1754e988924d92491b485b0dfbfb33a6,CARPVHYYGYTF,0.02532394944034179,TCRBV06-04,TCRBJ01-02
1754e988924d92491b485b0dfbfb33a6,CAWNWGAGGYTF,0.02529577063747609,TCRBV30-01,TCRBJ01-02
1754e988924d92491b485b0dfbfb33a6,CATSDWAHYGYTF,0.025282666530234695,TCRBV24-01,TCRBJ01-02
1754e988924d92491b485b0dfbfb33a6,CASSYYGYTF,0.025281230020721406,TCRBV06-05,TCRBJ01-02
1754e988924d92491b485b0dfbfb33a6,CASLGRPGGWGWNNQYF,0.025260704555016018,TCRBV02-01,TCRBJ02-04
1754e988924d92491b485b0dfbfb33a6,CAWNPGGLWDTEAFF,0.02524581394213406,TCRBV30-01,TCRBJ01-01
1754e988924d92491b485b0dfbfb33a6,KGNYGYTF,0.025156611657323327,TCRBV07-03,TCRBJ01-02
1754e988924d92491b485b0dfbfb33a6,CAWSVPGGGGPWGYTF,0.02515300143711349,TCRBV30-01,TCRBJ01-02
1754e988924d92491b485b0dfbfb33a6,CASSKKDNKRAFF,0.025148694680883082,TCRBV07-09,TCRBJ01-01
1754e988924d92491b485b0dfbfb33a6,CAWSAYYGYTF,0.025148149628582788,TCRBV30-01,TCRBJ01-02
1754e988924d92491b485b0dfbfb33a6,CASSHKGVWVHGYTF,0.025127310379740066,TCRBV23-01,TCRBJ01-02
1754e988924d92491b485b0dfbfb33a6,CSAKGARVGPYYGYTF,0.02512614672930356,TCRBV20-X,TCRBJ01-02
1754e988924d92491b485b0dfbfb33a6,LNYGYTF,0.025124891155350035,TCRBV27-01,TCRBJ01-02
1754e988924d92491b485b0dfbfb33a6,CASSHWPNYGYTF,0.02509708273359007,TCRBV07-02,TCRBJ01-02
1754e988924d92491b485b0dfbfb33a6,CASSPGGWGAGYGYTF,0.02507874746942808,TCRBV13-01,TCRBJ01-02
1754e988924d92491b485b0dfbfb33a6,CASSLLGGLAGNTIYF,0.025065538779446048,TCRBV05-01,TCRBJ01-03
1754e988924d92491b485b0dfbfb33a6,CAWDWGPRGGNTIYF,0.025060212639527433,TCRBV30-01,TCRBJ01-03
1754e988924d92491b485b0dfbfb33a6,PLHF,0.025051012099485466,TCRBV10-03,TCRBJ01-06
1c223f57d339b3d13af3cae81ce6972f,RPHQPQHF,0.036538402987960475,TCRBV27-01,TCRBJ01-05
1c223f57d339b3d13af3cae81ce6972f,WGHSPLHF,0.03302764004238801,TCRBV30-01,TCRBJ01-06
1c223f57d339b3d13af3cae81ce6972f,CASNYWGSSNYGYTF,0.03197459422106891,TCRBV19-01,TCRBJ01-02
1c223f57d339b3d13af3cae81ce6972f,CASSWGGYYGYTF,0.03143829412175965,TCRBV05-04,TCRBJ01-02
1c223f57d339b3d13af3cae81ce6972f,CASSLPVFGNGYTF,0.030859765683155217,TCRBV07-09,TCRBJ01-02
1c223f57d339b3d13af3cae81ce6972f,CASSYYWGGGTQYF,0.030693534429011227,TCRBV06-02/06-03,TCRBJ02-05
1c223f57d339b3d13af3cae81ce6972f,CASSPWGGNSNYGYTF,0.030293423827111584,TCRBV05-01,TCRBJ01-02
1c223f57d339b3d13af3cae81ce6972f,CSLPEGPQGANGYTF,0.029663616642407818,TCRBV20-X,TCRBJ01-02
1c223f57d339b3d13af3cae81ce6972f,CAWSPWGYGYTF,0.02966233851625295,TCRBV30-01,TCRBJ01-02
1c223f57d339b3d13af3cae81ce6972f,CASSNPWGSYGYTF,0.028858378412662585,TCRBV12-X,TCRBJ01-02
1c223f57d339b3d13af3cae81ce6972f,CARYF,0.028834033158569618,TCRBV03-01/03-02,TCRBJ02-05
1c223f57d339b3d13af3cae81ce6972f,CASSYSNWGAGYGYTF,0.028726511970325812,TCRBV06-05,TCRBJ01-02
1c223f57d339b3d13af3cae81ce6972f,CASNPWGTGSYGYTF,0.028707310007617445,TCRBV09-01,TCRBJ01-02
1c223f57d339b3d13af3cae81ce6972f,CASSYSSSNYYGYTF,0.028625029258108316,TCRBV06-05,TCRBJ01-02
1c223f57d339b3d13af3cae81ce6972f,HHMYTQYF,0.028604751984879877,TCRBV05-05,TCRBJ02-03
1c223f57d339b3d13af3cae81ce6972f,CASSGGAGANINYGYTF,0.028506207254186337,TCRBV05-04,TCRBJ01-02
1c223f57d339b3d13af3cae81ce6972f,CASSYSYGAYYGYTF,0.028399035634756313,TCRBV06-05,TCRBJ01-02
1c223f57d339b3d13af3cae81ce6972f,CASSYWGGSGGYTF,0.028351814971981693,TCRBV05-04,TCRBJ01-02
1c223f57d339b3d13af3cae81ce6972f,CAWYYGVGYTF,0.02814222717012623,TCRBV30-01,TCRBJ01-02
1c223f57d339b3d13af3cae81ce6972f,CAWGGGYGYTF,0.02810525498167812,TCRBV30-01,TCRBJ01-02
1c223f57d339b3d13af3cae81ce6972f,CAASWSYGYGYTF,0.027616087282183607,TCRBV30-01,TCRBJ01-02
1c223f57d339b3d13af3cae81ce6972f,CAWSVPGGPYNEQFF,0.02755661246144201,TCRBV30-01,TCRBJ02-01
1c223f57d339b3d13af3cae81ce6972f,CAWTWGEEKGYGYTF,0.027457753085703456,TCRBV30-01,TCRBJ01-02
1c223f57d339b3d13af3cae81ce6972f,CASSLGYWGPHYGYTF,0.027426928084129002,TCRBV05-01,TCRBJ01-02
1c223f57d339b3d13af3cae81ce6972f,CSAWGGYGYTF,0.027270960321077637,TCRBV29-01,TCRBJ01-02
1c223f57d339b3d13af3cae81ce6972f,CAWDPGGWNTEAFF,0.027257460569196385,TCRBV30-01,TCRBJ01-01
1c223f57d339b3d13af3cae81ce6972f,CASSAFGGSSNYGYTF,0.027189573598873803,TCRBV02-01,TCRBJ01-02
1c223f57d339b3d13af3cae81ce6972f,CASGGWGYGYTF,0.027126083566066963,TCRBV19-01,TCRBJ01-02
1c223f57d339b3d13af3cae81ce6972f,CASSYSGPHPFYGYTF,0.026928090345421474,TCRBV06-06,TCRBJ01-02
1c223f57d339b3d13af3cae81ce6972f,CAWSFPWGAHYGYTF,0.026873859384349316,TCRBV30-01,TCRBJ01-02
1c223f57d339b3d13af3cae81ce6972f,CASSYRTGYYGYTF,0.02674872416397293,TCRBV06-05,TCRBJ01-02
1c223f57d339b3d13af3cae81ce6972f,CAWAWGVTEAFF,0.026656071766595592,TCRBV30-01,TCRBJ01-01
1c223f57d339b3d13af3cae81ce6972f,CSGWGGYGYTF,0.026568329513876717,TCRBV20-01,TCRBJ01-02
1c223f57d339b3d13af3cae81ce6972f,CASWGEGMGYTF,0.02656448368639686,TCRBV05-04,TCRBJ01-02
1c223f57d339b3d13af3cae81ce6972f,CASSFAWGTGGYYGYTF,0.02655109302735758,TCRBV07-09,TCRBJ01-02
1c223f57d339b3d13af3cae81ce6972f,CASSWGAYYGYTF,0.02644670525132691,TCRBV11-03,TCRBJ01-02
1c223f57d339b3d13af3cae81ce6972f,CAWSGGGYVWGYTF,0.026215188622445693,TCRBV30-01,TCRBJ01-02
1c223f57d339b3d13af3cae81ce6972f,CASSQYALPGGRTEAFF,0.02617340183474408,TCRBV14-01,TCRBJ01-01
1c223f57d339b3d13af3cae81ce6972f,CATATGYYYGYTF,0.02616888100309734,TCRBV06-05,TCRBJ01-02
1c223f57d339b3d13af3cae81ce6972f,CASSFGPGPYYGYTF,0.02612289409108797,TCRBV07-08,TCRBJ01-02
1c223f57d339b3d13af3cae81ce6972f,CASSSNGNSNGYTF,0.026096307081817233,TCRBV05-05,TCRBJ01-02
1c223f57d339b3d13af3cae81ce6972f,CASSYWSPNYGYTF,0.026085877720400663,TCRBV06-02/06-03,TCRBJ01-02
1c223f57d339b3d13af3cae81ce6972f,KAKNIQYF,0.02606962685169761,TCRBV27-01,TCRBJ02-04
1c223f57d339b3d13af3cae81ce6972f,CASSYGTYTNYGYTF,0.02604845874559375,TCRBV06-05,TCRBJ01-02
1c223f57d339b3d13af3cae81ce6972f,CASTFTRGYVYGYTF,0.026039154493324435,TCRBV28-01,TCRBJ01-02
1c223f57d339b3d13af3cae81ce6972f,CAGYGVYGYTF,0.026008517493626603,TCRBV04-01,TCRBJ01-02
1c223f57d339b3d13af3cae81ce6972f,CSASLPKGYTF,0.025979867235596924,TCRBV20-01,TCRBJ01-02
1c223f57d339b3d13af3cae81ce6972f,CACLYF,0.025976416490252764,TCRBV21-01,TCRBJ02-04
1c223f57d339b3d13af3cae81ce6972f,CAWSVKDWWTEAFF,0.025974027774046168,TCRBV30-01,TCRBJ01-01
1c223f57d339b3d13af3cae81ce6972f,CASSHIPAGHNYGYTF,0.025864936318238132,TCRBV04-02,TCRBJ01-02
1c223f57d339b3d13af3cae81ce6972f,CASSYWNSYGYTF,0.025853771316071122,TCRBV06-05,TCRBJ01-02
1c223f57d339b3d13af3cae81ce6972f,CAWSPAGGW,0.02579606330709463,TCRBV30-01,TCRBJ01-02
1c223f57d339b3d13af3cae81ce6972f,CASSYSYGGYTF,0.025778956798243553,TCRBV06-05,TCRBJ01-02
1c223f57d339b3d13af3cae81ce6972f,CASSYFFSYGYTF,0.025773174769626848,TCRBV06-02/06-03,TCRBJ01-02
1c223f57d339b3d13af3cae81ce6972f,CAYTVGAHYGYTF,0.025729523309610175,TCRBV06-05,TCRBJ01-02
1c223f57d339b3d13af3cae81ce6972f,CAWIIMDRAVTF,0.025497192917400952,TCRBV30-01,TCRBJ01-02
1c223f57d339b3d13af3cae81ce6972f,CASSSAWAAAEAFF,0.025489731213105812,TCRBV12-X,TCRBJ01-01
1c223f57d339b3d13af3cae81ce6972f,CAWRPPGGYYGYTF,0.025457561716206,TCRBV30-01,TCRBJ01-02
1c223f57d339b3d13af3cae81ce6972f,CASSFRPYWNYGYTF,0.02545529931146707,TCRBV05-06,TCRBJ01-02
1c223f57d339b3d13af3cae81ce6972f,CAWTWGPGANVLTF,0.025445382530275736,TCRBV30-01,TCRBJ02-06
1c223f57d339b3d13af3cae81ce6972f,RVSPYTF,0.02542355611050494,TCRBV05-01,TCRBJ01-02
1c223f57d339b3d13af3cae81ce6972f,CASIPGPYYGYTF,0.02542009906603321,TCRBV06-05,TCRBJ01-02
1c223f57d339b3d13af3cae81ce6972f,CAWSVAHRAFF,0.025419824412334122,TCRBV30-01,TCRBJ01-01
1c223f57d339b3d13af3cae81ce6972f,CAWRGAWGPQHF,0.025360393052366117,TCRBV30-01,TCRBJ01-05
1c223f57d339b3d13af3cae81ce6972f,CASTGSWGGGNYGYTF,0.025333107804318473,TCRBV06-X,TCRBJ01-02
1c223f57d339b3d13af3cae81ce6972f,CASNYGGSSSFGYTF,0.025272969431268007,TCRBV12-X,TCRBJ01-02
1c223f57d339b3d13af3cae81ce6972f,CASATYLKAGAYYEQYF,0.025262041592584456,TCRBV06-X,TCRBJ02-07
1c223f57d339b3d13af3cae81ce6972f,CASGPGWGVNYGYTF,0.02525800280475288,TCRBV12-05,TCRBJ01-02
1c223f57d339b3d13af3cae81ce6972f,CASSSWGGRNYGYTF,0.0252449690913822,TCRBV12-X,TCRBJ01-02
1c223f57d339b3d13af3cae81ce6972f,CASSGGWGNYGYTF,0.025230193058304366,TCRBV02-01,TCRBJ01-02
1c223f57d339b3d13af3cae81ce6972f,CATSDLKDAGYTF,0.025199004421733243,TCRBV24-01,TCRBJ01-02
1c223f57d339b3d13af3cae81ce6972f,CASSWWGGYTF,0.025179505179337966,TCRBV05-04,TCRBJ01-02
1c223f57d339b3d13af3cae81ce6972f,CASSGTGGWNYGYTF,0.02516989927519312,TCRBV12-X,TCRBJ01-02
1c223f57d339b3d13af3cae81ce6972f,CASSHYGKPSYGYTF,0.025146897367027566,TCRBV11-02,TCRBJ01-02
1c223f57d339b3d13af3cae81ce6972f,CAWSIYYGYTF,0.0251217612464229,TCRBV30-01,TCRBJ01-02
1c223f57d339b3d13af3cae81ce6972f,CAWGPGAGYGYTF,0.025088648960783135,TCRBV30-01,TCRBJ01-02
1c223f57d339b3d13af3cae81ce6972f,CASCPEAGANVLTF,0.0250865147093337,TCRBV06-06,TCRBJ02-06
1c223f57d339b3d13af3cae81ce6972f,CAWSPQHF,0.025074884399040126,TCRBV30-01,TCRBJ01-05
1c223f57d339b3d13af3cae81ce6972f,CATSSTGGWGYGYTF,0.025056227130488305,TCRBV05-01,TCRBJ01-02
1c223f57d339b3d13af3cae81ce6972f,CASSYFQGAYYGYTF,0.025029941454958557,TCRBV06-05,TCRBJ01-02
1c223f57d339b3d13af3cae81ce6972f,CASSWGGSNYGYTF,0.025002363292445432,TCRBV05-05,TCRBJ01-02
1c223f57d339b3d13af3cae81ce6972f,CASSEWGIPHIYGYTF,0.024996505477118517,TCRBV06-01,TCRBJ01-02
1c223f57d339b3d13af3cae81ce6972f,CASSPWTGGYYGYTF,0.02496127205416017,TCRBV27-01,TCRBJ01-02
1c223f57d339b3d13af3cae81ce6972f,CASSPYYGYTF,0.024954330087455213,TCRBV27-01,TCRBJ01-02
1c223f57d339b3d13af3cae81ce6972f,CAWSGWGIKGYTF,0.024934653040245267,TCRBV30-01,TCRBJ01-02
1c223f57d339b3d13af3cae81ce6972f,CASSIAGALKAFF,0.024916592704940413,TCRBV21-01,TCRBJ01-01
1c223f57d339b3d13af3cae81ce6972f,CSAHKPGGGYTF,0.024890033141077014,TCRBV20-X,TCRBJ01-02
1c223f57d339b3d13af3cae81ce6972f,CASSSGGGYANYGYTF,0.02488652529043716,TCRBV03-01/03-02,TCRBJ01-02
1c223f57d339b3d13af3cae81ce6972f,CASSYWDRGYGYTF,0.02484377117313686,TCRBV12-X,TCRBJ01-02
1c223f57d339b3d13af3cae81ce6972f,CASSHTYIYGYTF,0.02484226222170737,TCRBV05-04,TCRBJ01-02
1c223f57d339b3d13af3cae81ce6972f,CASSSWGAGYGYTF,0.02484135544984281,TCRBV07-09,TCRBJ01-02
1c223f57d339b3d13af3cae81ce6972f,CASSPYHGYQPQHF,0.024761795105596847,TCRBV07-02,TCRBJ01-05
1c223f57d339b3d13af3cae81ce6972f,CASSYGTGGWSSGNTIYF,0.024754497100465372,TCRBV06-X,TCRBJ01-03
1c223f57d339b3d13af3cae81ce6972f,CASSFIPGHGYGYTF,0.02471367216802557,TCRBV06-02/06-03,TCRBJ01-02
1c223f57d339b3d13af3cae81ce6972f,CAWYMGTVGNYGYTF,0.024683381372237072,TCRBV30-01,TCRBJ01-02
1c223f57d339b3d13af3cae81ce6972f,CANWGHYNQPQHF,0.024679546097743834,TCRBV06-05,TCRBJ01-05
1c223f57d339b3d13af3cae81ce6972f,QPQHF,0.024621353740319585,TCRBV12-02,TCRBJ01-05
1c223f57d339b3d13af3cae81ce6972f,CASSAPAGANVLTF,0.02459078150760462,TCRBV09-01,TCRBJ02-06
1c223f57d339b3d13af3cae81ce6972f,CASSLAEGWKNYGYTF,0.02456653433276261,TCRBV07-08,TCRBJ01-02
2031c857398d48e090f3aff120d1ccab,CASSYWSTGYYGYTF,0.03426060351372148,TCRBV06-05,TCRBJ01-02
2031c857398d48e090f3aff120d1ccab,CASSFWDFWYF,0.03402929386696065,TCRBV28-01,TCRBJ02-05
2031c857398d48e090f3aff120d1ccab,CASNPGGTYGFGYGYTF,0.03247384118769758,TCRBV06-X,TCRBJ01-02
2031c857398d48e090f3aff120d1ccab,CASSYGYRYYGYTF,0.031525088552748,TCRBV06-05,TCRBJ01-02
2031c857398d48e090f3aff120d1ccab,CASSVIGWVKAFF,0.03122557098032591,TCRBV07-02,TCRBJ01-01
2031c857398d48e090f3aff120d1ccab,CASWGYYGYTF,0.030831990274571393,TCRBV19-01,TCRBJ01-02
2031c857398d48e090f3aff120d1ccab,CSAYWYGYTF,0.030220206993040295,TCRBV20-01,TCRBJ01-02
2031c857398d48e090f3aff120d1ccab,CAWDRYYYGYTF,0.02972169467999762,TCRBV30-01,TCRBJ01-02
2031c857398d48e090f3aff120d1ccab,CASSYYGAFYGYTF,0.029569565912534873,TCRBV06-02/06-03,TCRBJ01-02
2031c857398d48e090f3aff120d1ccab,CASGGYPNYGYTF,0.029436227244864256,TCRBV28-01,TCRBJ01-02
2031c857398d48e090f3aff120d1ccab,CASSYRGYYGYTF,0.029339816654641023,TCRBV06-02/06-03,TCRBJ01-02
2031c857398d48e090f3aff120d1ccab,CASSIWGVFTEAFF,0.02858334667884029,TCRBV19-01,TCRBJ01-01
2031c857398d48e090f3aff120d1ccab,CASSYTGGWTYGYTF,0.028329142995106853,TCRBV06-05,TCRBJ01-02
2031c857398d48e090f3aff120d1ccab,CASSYWGGGNGYTF,0.02827184654697175,TCRBV06-05,TCRBJ01-02
2031c857398d48e090f3aff120d1ccab,CASSCYWGGGYTF,0.0279945985027955,TCRBV18-01,TCRBJ01-02
2031c857398d48e090f3aff120d1ccab,CASGSYGYNYGYTF,0.027835590142971822,TCRBV06-05,TCRBJ01-02
2031c857398d48e090f3aff120d1ccab,CASRWGYGFNYGYTF,0.027757883879559,TCRBV05-01,TCRBJ01-02
2031c857398d48e090f3aff120d1ccab,CASSFWGGNYGYTF,0.027608536703090988,TCRBV12-X,TCRBJ01-02
2031c857398d48e090f3aff120d1ccab,CSAGWAGYNYGYTF,0.027011607759139435,TCRBV20-X,TCRBJ01-02
2031c857398d48e090f3aff120d1ccab,LNTIYF,0.026944517738275484,TCRBV21-01,TCRBJ01-03
2031c857398d48e090f3aff120d1ccab,CASSYGWNRVGYGYTF,0.026916878757778873,TCRBV06-05,TCRBJ01-02
2031c857398d48e090f3aff120d1ccab,CASSYGGFYGYTF,0.02688472451872146,TCRBV06-02/06-03,TCRBJ01-02
2031c857398d48e090f3aff120d1ccab,CAWSAPPYYGYTF,0.026840780484546096,TCRBV30-01,TCRBJ01-02
2031c857398d48e090f3aff120d1ccab,CASSYSQTPYYNYGYTF,0.0268361709052892,TCRBV06-X,TCRBJ01-02
2031c857398d48e090f3aff120d1ccab,CASSFGFGGNYGYTF,0.026707284641228658,TCRBV12-X,TCRBJ01-02
2031c857398d48e090f3aff120d1ccab,CASSTHHRGPWYGYTF,0.026681509140248645,TCRBV19-01,TCRBJ01-02
2031c857398d48e090f3aff120d1ccab,CASSSWTGGGFGYTF,0.026659135502498536,TCRBV07-09,TCRBJ01-02
2031c857398d48e090f3aff120d1ccab,CASTPPGYWNYGYTF,0.02653715615378442,TCRBV07-07,TCRBJ01-02
2031c857398d48e090f3aff120d1ccab,CASWSNPYYGYTF,0.02638184679343332,TCRBV19-01,TCRBJ01-02
2031c857398d48e090f3aff120d1ccab,CAWGPPGYTF,0.02636460408075593,TCRBV30-01,TCRBJ01-02
2031c857398d48e090f3aff120d1ccab,CASGFIWVYGYTF,0.026340790575913257,TCRBV12-05,TCRBJ01-02
2031c857398d48e090f3aff120d1ccab,CASSYSGRYYGYTF,0.026218772192358186,TCRBV06-02/06-03,TCRBJ01-02
2031c857398d48e090f3aff120d1ccab,CSALPWGGYGYTF,0.026217378271579814,TCRBV20-X,TCRBJ01-02
2031c857398d48e090f3aff120d1ccab,CASSHPGAHNYGYTF,0.0261763113067039,TCRBV04-01,TCRBJ01-02
2031c857398d48e090f3aff120d1ccab,F,0.026169089102652747,TCRBV09-01,TCRBJ02-07
2031c857398d48e090f3aff120d1ccab,CASSWWDPEAFF,0.0260523256335132,TCRBV07-08,TCRBJ01-01
2031c857398d48e090f3aff120d1ccab,CASSYWGGYTF,0.026047131096727245,TCRBV02-01,TCRBJ01-02
2031c857398d48e090f3aff120d1ccab,CASSYYRANYGYTF,0.02603763533788868,TCRBV11-02,TCRBJ01-02
2031c857398d48e090f3aff120d1ccab,CASSNGPPPTYEQYF,0.02594112326974478,TCRBV05-05,TCRBJ02-07
2031c857398d48e090f3aff120d1ccab,CAWSGPPGWYF,0.025817895231001545,TCRBV30-01,TCRBJ02-03
2031c857398d48e090f3aff120d1ccab,CASSHGPYPNYGYTF,0.025754846170950686,TCRBV12-X,TCRBJ01-02
2031c857398d48e090f3aff120d1ccab,CASSWGGYGYTF,0.025745645516943964,TCRBV05-06,TCRBJ01-02
2031c857398d48e090f3aff120d1ccab,CASSYSSTGWYDNYGYTF,0.02570624888179528,TCRBV06-X,TCRBJ01-02
2031c857398d48e090f3aff120d1ccab,CASTHRAHYQPQHF,0.025653722433054603,TCRBV06-X,TCRBJ01-05
2031c857398d48e090f3aff120d1ccab,CASSIRKAIEQFF,0.025621248737878206,TCRBV19-01,TCRBJ02-01
2031c857398d48e090f3aff120d1ccab,CARSFRWYF,0.02561202018058212,TCRBV05-03,TCRBJ02-03
2031c857398d48e090f3aff120d1ccab,CAWSGGAYYGYTF,0.02557121860228665,TCRBV30-01,TCRBJ01-02
2031c857398d48e090f3aff120d1ccab,CASSPSGGWANYGYTF,0.0255622273244169,TCRBV18-01,TCRBJ01-02
2031c857398d48e090f3aff120d1ccab,CSAWDMYYGYTF,0.025556237323456764,TCRBV20-X,TCRBJ01-02
2031c857398d48e090f3aff120d1ccab,CASSWPSWGDYGYTF,0.02552559318839875,TCRBV05-06,TCRBJ01-02
2031c857398d48e090f3aff120d1ccab,CASSYHGYGYTF,0.025496385783894456,TCRBV06-05,TCRBJ01-02
2031c857398d48e090f3aff120d1ccab,CASSYLAYFYGYTF,0.02544007088339518,TCRBV06-02/06-03,TCRBJ01-02
2031c857398d48e090f3aff120d1ccab,CASSYSNAGYYGYTF,0.025377821685231672,TCRBV06-02/06-03,TCRBJ01-02
2031c857398d48e090f3aff120d1ccab,CASSWGTGGPFYGYTF,0.025342566787866148,TCRBV05-01,TCRBJ01-02
2031c857398d48e090f3aff120d1ccab,CATCPSGANVLTF,0.025264216810866914,TCRBV19-01,TCRBJ02-06
2031c857398d48e090f3aff120d1ccab,CASSYHYPNRGPQPQHF,0.025247430382651148,TCRBV06-X,TCRBJ01-05
2031c857398d48e090f3aff120d1ccab,CASSHPAPPAAFF,0.025246083830817317,TCRBV07-02,TCRBJ01-01
2031c857398d48e090f3aff120d1ccab,CASSYSPYGYTF,0.02520917772837959,TCRBV06-06,TCRBJ01-02
2031c857398d48e090f3aff120d1ccab,NTIYF,0.025188611191738507,TCRBV05-04,TCRBJ01-03
2031c857398d48e090f3aff120d1ccab,CASSHSGPYPYGYTF,0.02516726840413302,TCRBV03-01/03-02,TCRBJ01-02
2031c857398d48e090f3aff120d1ccab,CAWSVWGAKTEAFF,0.025156190682573097,TCRBV30-01,TCRBJ01-01
2031c857398d48e090f3aff120d1ccab,CAWSVWGADAFF,0.025149580232750195,TCRBV30-01,TCRBJ01-01
2031c857398d48e090f3aff120d1ccab,CACPGYYGYTF,0.025111956463488662,TCRBV30-01,TCRBJ01-02
2031c857398d48e090f3aff120d1ccab,CASSFHFHYTF,0.025105285855530853,TCRBV05-06,TCRBJ01-02
2031c857398d48e090f3aff120d1ccab,CAWNVRVGFNYGYTF,0.025058421486713518,TCRBV30-01,TCRBJ01-02
2031c857398d48e090f3aff120d1ccab,CASSWGGHGYGYTF,0.025046914485305227,TCRBV05-01,TCRBJ01-02
2031c857398d48e090f3aff120d1ccab,CASSFGGYNYGYTF,0.024967400417922787,TCRBV07-02,TCRBJ01-02
2031c857398d48e090f3aff120d1ccab,CASGWGAWGGYTF,0.02492730828865343,TCRBV12-05,TCRBJ01-02
2031c857398d48e090f3aff120d1ccab,CASSSYGGGNSGNTIYF,0.02485130138132508,TCRBV05-01,TCRBJ01-03
2031c857398d48e090f3aff120d1ccab,CASSLKGKWKYF,0.024844074418173583,TCRBV05-06,TCRBJ02-07
2031c857398d48e090f3aff120d1ccab,CASSWDGYYGYTF,0.024805912680479544,TCRBV19-01,TCRBJ01-02
2031c857398d48e090f3aff120d1ccab,CAAGAYFPYGYTF,0.024788747230804174,TCRBV06-05,TCRBJ01-02
2031c857398d48e090f3aff120d1ccab,CAWGRGYGYTF,0.024783036150444,TCRBV30-01,TCRBJ01-02
2031c857398d48e090f3aff120d1ccab,CAWILAYGYTF,0.02477107066969983,TCRBV30-01,TCRBJ01-02
2031c857398d48e090f3aff120d1ccab,CASIYWGGGFYEQYF,0.024741772703886646,TCRBV06-05,TCRBJ02-07
2031c857398d48e090f3aff120d1ccab,CASSPTGTGGWGKFF,0.02470912990284879,TCRBV18-01,TCRBJ02-01
2031c857398d48e090f3aff120d1ccab,CATLDWKYIGYTF,0.02470625441751155,TCRBV28-01,TCRBJ01-02
2031c857398d48e090f3aff120d1ccab,CASSYSYTGGYGYTF,0.024681592079116514,TCRBV06-05,TCRBJ01-02
2031c857398d48e090f3aff120d1ccab,CSAGYYGYTF,0.02467109705651832,TCRBV20-01,TCRBJ01-02
2031c857398d48e090f3aff120d1ccab,CASSYSWGGAFF,0.024620184302113962,TCRBV06-05,TCRBJ01-01
2031c857398d48e090f3aff120d1ccab,CATASALPPWWYYGYTF,0.024588428361648772,TCRBV24-01,TCRBJ01-02
2031c857398d48e090f3aff120d1ccab,CASSLRGYYYGYTF,0.024584867608636433,TCRBV05-06,TCRBJ01-02
2031c857398d48e090f3aff120d1ccab,CASSAVHPGTHYGYTF,0.02457119390181447,TCRBV28-01,TCRBJ01-02
2031c857398d48e090f3aff120d1ccab,CASKGIWDYGYTF,0.024556676656093228,TCRBV19-01,TCRBJ01-02
2031c857398d48e090f3aff120d1ccab,CASSSGGYFSGNTIYF,0.024526189843347153,TCRBV05-08,TCRBJ01-03
2031c857398d48e090f3aff120d1ccab,CASSYGPYGYTF,0.024499481829713954,TCRBV06-05,TCRBJ01-02
2031c857398d48e090f3aff120d1ccab,CATHPGPGGANVLTF,0.0244919074445839,TCRBV24-01,TCRBJ02-06
2031c857398d48e090f3aff120d1ccab,CASSQDPWGGFYGYTF,0.024466933004759026,TCRBV03-01/03-02,TCRBJ01-02
2031c857398d48e090f3aff120d1ccab,CASGYPGTGWWTQYF,0.024453651705635356,TCRBV12-05,TCRBJ02-05
2031c857398d48e090f3aff120d1ccab,CASSYHPGVKSYGYTF,0.02443999230494638,TCRBV06-06,TCRBJ01-02
2031c857398d48e090f3aff120d1ccab,CSARDWYYGYTF,0.02441597243728172,TCRBV20-X,TCRBJ01-02
2031c857398d48e090f3aff120d1ccab,CSASYFSNRGGFGYTF,0.024398984942544874,TCRBV20-01,TCRBJ01-02
2031c857398d48e090f3aff120d1ccab,CASSYFHNANYGYTF,0.024387258392291257,TCRBV06-05,TCRBJ01-02
2031c857398d48e090f3aff120d1ccab,CAWSGGGGFGYTF,0.02438647275246387,TCRBV30-01,TCRBJ01-02
2031c857398d48e090f3aff120d1ccab,CSAYRYGYTF,0.024383853658606666,TCRBV20-01,TCRBJ01-02
2031c857398d48e090f3aff120d1ccab,CSAFGPNANYGYTF,0.02437704274642714,TCRBV20-X,TCRBJ01-02
2031c857398d48e090f3aff120d1ccab,EAFF,0.024367485929288273,TCRBV20-01,TCRBJ01-01
2031c857398d48e090f3aff120d1ccab,CASSFGGNNYGYTF,0.024315519679504835,TCRBV12-X,TCRBJ01-02
2031c857398d48e090f3aff120d1ccab,CACPSGANVLTF,0.024299359190050135,TCRBV30-01,TCRBJ02-06
26dd7ceca46c3748a3257a4f8654147f,CSARDRPFVGYGYTF,0.050111507056079856,TCRBV20-X,TCRBJ01-02
26dd7ceca46c3748a3257a4f8654147f,CAYFYNYGYTF,0.03364840654751995,TCRBV30-01,TCRBJ01-02
26dd7ceca46c3748a3257a4f8654147f,CAWWTGWYGYTF,0.033420961940577254,TCRBV30-01,TCRBJ01-02
26dd7ceca46c3748a3257a4f8654147f,CASSYPLVGNTGELFF,0.032194874592519435,TCRBV06-02/06-03,TCRBJ02-02
26dd7ceca46c3748a3257a4f8654147f,CASSYAPKAGWKAFF,0.031407528838055566,TCRBV06-06,TCRBJ01-01
26dd7ceca46c3748a3257a4f8654147f,CASSYGPYYGYTF,0.03066664097137178,TCRBV07-09,TCRBJ01-02
26dd7ceca46c3748a3257a4f8654147f,CASSYYWGARYGYTF,0.02972600941642305,TCRBV06-06,TCRBJ01-02
26dd7ceca46c3748a3257a4f8654147f,CASSYSNWGGGYTF,0.029311795753754234,TCRBV06-05,TCRBJ01-02
26dd7ceca46c3748a3257a4f8654147f,CATGGQGAQGYTF,0.029016694581610762,TCRBV24-01,TCRBJ01-02
26dd7ceca46c3748a3257a4f8654147f,CSAWGGGANYGYTF,0.028753054452072043,TCRBV29-01,TCRBJ01-02
26dd7ceca46c3748a3257a4f8654147f,CAYTIYF,0.02839102238724222,TCRBV04-01,TCRBJ01-03
26dd7ceca46c3748a3257a4f8654147f,CASSAAWGGNSNYGYTF,0.028300739672455638,TCRBV19-01,TCRBJ01-02
26dd7ceca46c3748a3257a4f8654147f,CASSWGGGNNYGYTF,0.028236579978076316,TCRBV05-04,TCRBJ01-02
26dd7ceca46c3748a3257a4f8654147f,CASSYSYYEGNYGYTF,0.028170766477939826,TCRBV06-05,TCRBJ01-02
26dd7ceca46c3748a3257a4f8654147f,CASSPSGGWGSNGYTF,0.027955650677317485,TCRBV05-01,TCRBJ01-02
26dd7ceca46c3748a3257a4f8654147f,CASSPHPRTHQPQHF,0.02787981900293732,TCRBV18-01,TCRBJ01-05
26dd7ceca46c3748a3257a4f8654147f,GFWGFSYGYTF,0.027737385142084802,TCRBV07-03,TCRBJ01-02
26dd7ceca46c3748a3257a4f8654147f,CASSWGGPNYGYTF,0.027680152547674638,TCRBV28-01,TCRBJ01-02
26dd7ceca46c3748a3257a4f8654147f,CSAWEIWKF,0.02759663717187162,TCRBV20-01,TCRBJ01-01
26dd7ceca46c3748a3257a4f8654147f,RAKKNIQYF,0.02757902580309034,TCRBV03-01/03-02,TCRBJ02-04
26dd7ceca46c3748a3257a4f8654147f,CASSHGPYYGYTF,0.027531004295715263,TCRBV19-01,TCRBJ01-02
26dd7ceca46c3748a3257a4f8654147f,CAWWTGAGANVLTF,0.02721342766952577,TCRBV30-01,TCRBJ02-06
26dd7ceca46c3748a3257a4f8654147f,CASCGAGNPYGYTF,0.027203709460350833,TCRBV05-06,TCRBJ01-02
26dd7ceca46c3748a3257a4f8654147f,SQPQHF,0.02718525573221095,TCRBV04-01,TCRBJ01-05
26dd7ceca46c3748a3257a4f8654147f,CASSYNPGYYGYTF,0.027118880238322447,TCRBV06-05,TCRBJ01-02
26dd7ceca46c3748a3257a4f8654147f,CASSYSWGGSGANYGYTF,0.027115326443033442,TCRBV28-01,TCRBJ01-02
26dd7ceca46c3748a3257a4f8654147f,CASSYGGFTNYGYTF,0.027096269474080437,TCRBV06-05,TCRBJ01-02
26dd7ceca46c3748a3257a4f8654147f,CSAPYGGWQYF,0.02701947441037347,TCRBV20-01,TCRBJ02-07
26dd7ceca46c3748a3257a4f8654147f,CAKPPKPLHF,0.02688725081824179,TCRBV07-09,TCRBJ01-06
26dd7ceca46c3748a3257a4f8654147f,CSAWAHPNYGYTF,0.026846180322309364,TCRBV20-X,TCRBJ01-02
26dd7ceca46c3748a3257a4f8654147f,CAWGAWGANVLTF,0.026778407148521047,TCRBV30-01,TCRBJ02-06
26dd7ceca46c3748a3257a4f8654147f,CSAPLPVVGNEKLFF,0.02674182616458877,TCRBV20-X,TCRBJ01-04
26dd7ceca46c3748a3257a4f8654147f,CAWSKGVWYGYTF,0.02667244917643781,TCRBV30-01,TCRBJ01-02
26dd7ceca46c3748a3257a4f8654147f,CASSSWGGWTGIYPGYTF,0.026474293963093327,TCRBV12-X,TCRBJ01-02
26dd7ceca46c3748a3257a4f8654147f,CASSYPHPPLHF,0.02641981294983023,TCRBV06-05,TCRBJ01-06
26dd7ceca46c3748a3257a4f8654147f,CASWHGYTF,0.026382019796495248,TCRBV23-01,TCRBJ01-02
26dd7ceca46c3748a3257a4f8654147f,CAWTHWGADGYTF,0.02624340900503884,TCRBV30-01,TCRBJ01-02
26dd7ceca46c3748a3257a4f8654147f,CASSYSYIPYGYTF,0.026186371540507496,TCRBV06-05,TCRBJ01-02
26dd7ceca46c3748a3257a4f8654147f,F,0.026169089102652747,TCRBV05-01,TCRBJ01-02
26dd7ceca46c3748a3257a4f8654147f,CASTPWGGHTPNYGYTF,0.026165431645787284,TCRBV03-01/03-02,TCRBJ01-02
26dd7ceca46c3748a3257a4f8654147f,CARHIYGYTF,0.02611841813628726,TCRBV05-01,TCRBJ01-02
26dd7ceca46c3748a3257a4f8654147f,CASGTPGPYYGGYTF,0.026071302195837066,TCRBV27-01,TCRBJ01-02
26dd7ceca46c3748a3257a4f8654147f,CASSYSSGAYYGYTF,0.026059430246307556,TCRBV06-05,TCRBJ01-02
26dd7ceca46c3748a3257a4f8654147f,CASSYYRANYGYTF,0.026037621733901343,TCRBV05-01,TCRBJ01-02
26dd7ceca46c3748a3257a4f8654147f,CASSAGPYYGYTF,0.026032253233656554,TCRBV19-01,TCRBJ01-02
26dd7ceca46c3748a3257a4f8654147f,CTSSHFKHHRAQYF,0.026017305100443977,TCRBV01-01,TCRBJ02-05
26dd7ceca46c3748a3257a4f8654147f,CASSSSWGGYGYTF,0.026000839198267404,TCRBV07-02,TCRBJ01-02
26dd7ceca46c3748a3257a4f8654147f,CSSPWPSPF,0.025909270211833875,TCRBV29-01,TCRBJ01-02
26dd7ceca46c3748a3257a4f8654147f,CSATGTGGGFGYYGYTF,0.025820571324091168,TCRBV20-X,TCRBJ01-02
26dd7ceca46c3748a3257a4f8654147f,CASGYNYGYTF,0.02574691484639882,TCRBV12-03/12-04,TCRBJ01-02
26dd7ceca46c3748a3257a4f8654147f,CAGWGYKSYGYTF,0.02568267726294547,TCRBV02-01,TCRBJ01-02
26dd7ceca46c3748a3257a4f8654147f,CAWSYGTGPYGYTF,0.02568074137784203,TCRBV30-01,TCRBJ01-02
26dd7ceca46c3748a3257a4f8654147f,CSYYHTRGDYGYTF,0.025637827503518822,TCRBV20-X,TCRBJ01-02
26dd7ceca46c3748a3257a4f8654147f,CAWNWAGANVLTF,0.025575621070539064,TCRBV30-01,TCRBJ02-06
26dd7ceca46c3748a3257a4f8654147f,CASSYPYGYTF,0.025505150067636057,TCRBV28-01,TCRBJ01-02
26dd7ceca46c3748a3257a4f8654147f,CASSYWRSYGYTF,0.025420137458716005,TCRBV06-05,TCRBJ01-02
26dd7ceca46c3748a3257a4f8654147f,CASSHAAYF,0.025392264477643207,TCRBV03-01/03-02,TCRBJ02-07
26dd7ceca46c3748a3257a4f8654147f,CASSYSWTGGYGYTF,0.02537533916879259,TCRBV06-02/06-03,TCRBJ01-02
26dd7ceca46c3748a3257a4f8654147f,CASSHPWAQYF,0.025364325486952787,TCRBV05-06,TCRBJ02-07
26dd7ceca46c3748a3257a4f8654147f,CAPHSPLHF,0.025232164761592565,TCRBV27-01,TCRBJ01-06
26dd7ceca46c3748a3257a4f8654147f,CSAWTGGYYGYTF,0.025224371179350055,TCRBV20-X,TCRBJ01-02
26dd7ceca46c3748a3257a4f8654147f,CASSFSWGGSYGYTF,0.02521373189744715,TCRBV07-09,TCRBJ01-02
26dd7ceca46c3748a3257a4f8654147f,CAWSYRDWGYTF,0.025183465893260076,TCRBV30-01,TCRBJ01-02
26dd7ceca46c3748a3257a4f8654147f,CASSYYGTGYNQPQHF,0.02516510862854198,TCRBV12-X,TCRBJ01-05
26dd7ceca46c3748a3257a4f8654147f,CASEWEPPSYEQYF,0.02515989052540786,TCRBV06-X,TCRBJ02-07
26dd7ceca46c3748a3257a4f8654147f,CASSYHPGSNEKLFF,0.025145915472805532,TCRBV02-01,TCRBJ01-04
26dd7ceca46c3748a3257a4f8654147f,CAWKRRIYYGYTF,0.025132895756473764,TCRBV30-01,TCRBJ01-02
26dd7ceca46c3748a3257a4f8654147f,DTIYF,0.025123159731542145,TCRBV06-07,TCRBJ01-03
26dd7ceca46c3748a3257a4f8654147f,CASGGGYYGYTF,0.02507254148379577,TCRBV19-01,TCRBJ01-02
26dd7ceca46c3748a3257a4f8654147f,CASSFFNRGYYGYTF,0.02506838362585325,TCRBV28-01,TCRBJ01-02
26dd7ceca46c3748a3257a4f8654147f,CASRYF,0.025025282926267496,TCRBV21-01,TCRBJ01-02
26dd7ceca46c3748a3257a4f8654147f,CAGGPNYGYTF,0.024953452684864316,TCRBV02-01,TCRBJ01-02
26dd7ceca46c3748a3257a4f8654147f,CASSSWTGGPSSYGYTF,0.02489667695606951,TCRBV28-01,TCRBJ01-02
26dd7ceca46c3748a3257a4f8654147f,CAWSVWGTEAFF,0.024891335146378913,TCRBV30-01,TCRBJ01-01
26dd7ceca46c3748a3257a4f8654147f,CASSYRGYGYTF,0.024885473752379907,TCRBV02-01,TCRBJ01-02
26dd7ceca46c3748a3257a4f8654147f,CAWSTPGGYYGYTF,0.024864758462825022,TCRBV30-01,TCRBJ01-02
26dd7ceca46c3748a3257a4f8654147f,CAWSVHAYGYTF,0.02486253294549197,TCRBV30-01,TCRBJ01-02
26dd7ceca46c3748a3257a4f8654147f,CAWSVWRAGGGYGYTF,0.02484386359028972,TCRBV30-01,TCRBJ01-02
26dd7ceca46c3748a3257a4f8654147f,CSAPHTGGTSIYYGYTF,0.02481584189771093,TCRBV20-X,TCRBJ01-02
26dd7ceca46c3748a3257a4f8654147f,CASSYGQGYYVQYF,0.02481278989165749,TCRBV12-X,TCRBJ02-07
26dd7ceca46c3748a3257a4f8654147f,CAWRGRMYNYGYTF,0.024790593088747308,TCRBV30-01,TCRBJ01-02
26dd7ceca46c3748a3257a4f8654147f,CASFYGGARWANYGYTF,0.024790209784821486,TCRBV05-04,TCRBJ01-02
26dd7ceca46c3748a3257a4f8654147f,CSVEAPPSYEQYF,0.0247788573858694,TCRBV29-01,TCRBJ02-07
26dd7ceca46c3748a3257a4f8654147f,CASSYFGNYGYTF,0.024771180102115296,TCRBV06-05,TCRBJ01-02
26dd7ceca46c3748a3257a4f8654147f,CASSYYQGGTYGYTF,0.024762435634042675,TCRBV06-05,TCRBJ01-02
26dd7ceca46c3748a3257a4f8654147f,CASSHRGGRHNYGYTF,0.0247399548370652,TCRBV03-01/03-02,TCRBJ01-02
26dd7ceca46c3748a3257a4f8654147f,CASTGTGGYNYGYTF,0.024643076195077156,TCRBV25-01,TCRBJ01-02
26dd7ceca46c3748a3257a4f8654147f,CASSGYGFYGYTF,0.024629943684885074,TCRBV02-01,TCRBJ01-02
26dd7ceca46c3748a3257a4f8654147f,CASGPATHHQPQHF,0.024612124237749146,TCRBV12-05,TCRBJ01-05
26dd7ceca46c3748a3257a4f8654147f,CASSYTPGGGGYTF,0.02460650289281077,TCRBV07-09,TCRBJ01-02
26dd7ceca46c3748a3257a4f8654147f,CASSGGTGPYYGYTF,0.024598261280074217,TCRBV07-09,TCRBJ01-02
26dd7ceca46c3748a3257a4f8654147f,CASSPSGGWNYGYTF,0.024595948905632468,TCRBV27-01,TCRBJ01-02
26dd7ceca46c3748a3257a4f8654147f,CASSVDWGWGYTF,0.02457704172264321,TCRBV05-01,TCRBJ01-02
26dd7ceca46c3748a3257a4f8654147f,CARRAFKVF,0.024530224379122934,TCRBV05-03,TCRBJ02-01
26dd7ceca46c3748a3257a4f8654147f,CASSYGPYGYTF,0.024499476131687653,TCRBV06-05,TCRBJ01-02
26dd7ceca46c3748a3257a4f8654147f,SNQPQHF,0.02449099462756289,TCRBV18-01,TCRBJ01-05
26dd7ceca46c3748a3257a4f8654147f,CASSYARDLYYHYGYTF,0.024479765847574934,TCRBV06-X,TCRBJ01-02
26dd7ceca46c3748a3257a4f8654147f,CAWSAQGYSYYGYTF,0.02445617145453877,TCRBV30-01,TCRBJ01-02
26dd7ceca46c3748a3257a4f8654147f,CAWSVKSVWFAFF,0.024450407119688225,TCRBV30-01,TCRBJ01-01
2834e0c4a53bdf315b00cc171ef13435,FF,0.04636419028842517,TCRBV07-04,TCRBJ02-01
2834e0c4a53bdf315b00cc171ef13435,YF,0.043498104297022874,TCRBV27-01,TCRBJ02-07
2834e0c4a53bdf315b00cc171ef13435,CASGPQGANGYTF,0.03364616228139679,TCRBV09-01,TCRBJ01-02
2834e0c4a53bdf315b00cc171ef13435,CSVLITTGATEAFF,0.03041200043050786,TCRBV29-01,TCRBJ01-01
2834e0c4a53bdf315b00cc171ef13435,CSAYWGFGYGYTF,0.030290104239876277,TCRBV20-X,TCRBJ01-02
2834e0c4a53bdf315b00cc171ef13435,CASSYSWTGYYGYTF,0.03010491321930446,TCRBV06-05,TCRBJ01-02
2834e0c4a53bdf315b00cc171ef13435,CASSGPNWGGANYGYTF,0.030086042870812145,TCRBV09-01,TCRBJ01-02
2834e0c4a53bdf315b00cc171ef13435,CASSYSSYGTSYYGYTF,0.029951332042424516,TCRBV06-X,TCRBJ01-02
2834e0c4a53bdf315b00cc171ef13435,CAWRPGGWYGYTF,0.029871177371486493,TCRBV30-01,TCRBJ01-02
2834e0c4a53bdf315b00cc171ef13435,CASSYGFYYGYTF,0.029708090905775565,TCRBV06-05,TCRBJ01-02
2834e0c4a53bdf315b00cc171ef13435,CAWSVPGGANYGYTF,0.029643197032221562,TCRBV30-01,TCRBJ01-02
2834e0c4a53bdf315b00cc171ef13435,CAWSGPGGYYGYTF,0.02916227572375989,TCRBV30-01,TCRBJ01-02
2834e0c4a53bdf315b00cc171ef13435,CAWERTPYWYF,0.028766465340975413,TCRBV30-01,TCRBJ02-03
2834e0c4a53bdf315b00cc171ef13435,CAKKHRGAVF,0.028473672477809447,TCRBV05-04,TCRBJ02-02
2834e0c4a53bdf315b00cc171ef13435,CASNPWAGGKFF,0.028424537064618095,TCRBV02-01,TCRBJ02-01
2834e0c4a53bdf315b00cc171ef13435,CAWIPGHIYGYTF,0.028398126161329446,TCRBV30-01,TCRBJ01-02
2834e0c4a53bdf315b00cc171ef13435,CASSYWGGNGYTF,0.028389080660395995,TCRBV06-06,TCRBJ01-02
2834e0c4a53bdf315b00cc171ef13435,CASVYTHSGPFYGYTF,0.028269460819537122,TCRBV06-06,TCRBJ01-02
2834e0c4a53bdf315b00cc171ef13435,IYGYTF,0.028238787998059466,TCRBV21-01,TCRBJ01-02
2834e0c4a53bdf315b00cc171ef13435,CSAYPWGKGYGYTF,0.02789881313068169,TCRBV20-X,TCRBJ01-02
2834e0c4a53bdf315b00cc171ef13435,CASSPGYYYGYTF,0.027859993133822744,TCRBV05-01,TCRBJ01-02
2834e0c4a53bdf315b00cc171ef13435,CSGGNYNYGYTF,0.02778485629231659,TCRBV20-X,TCRBJ01-02
2834e0c4a53bdf315b00cc171ef13435,CAWTAYGYGYTF,0.027643103662059073,TCRBV30-01,TCRBJ01-02
2834e0c4a53bdf315b00cc171ef13435,CAWSWGGGSYGYTF,0.02756933413840397,TCRBV30-01,TCRBJ01-02
2834e0c4a53bdf315b00cc171ef13435,CASSYFGGPNYGYTF,0.027377346621192115,TCRBV06-05,TCRBJ01-02
2834e0c4a53bdf315b00cc171ef13435,CAYYHSYRDRGFVYTF,0.02730444369203405,TCRBV30-01,TCRBJ01-02
2834e0c4a53bdf315b00cc171ef13435,SQPQHF,0.02718525573221095,TCRBV21-01,TCRBJ01-05
2834e0c4a53bdf315b00cc171ef13435,CASSSYYSPANYGYTF,0.027100059710548234,TCRBV07-03,TCRBJ01-02
2834e0c4a53bdf315b00cc171ef13435,CAAGGYYGYTF,0.02700464698026321,TCRBV27-01,TCRBJ01-02
2834e0c4a53bdf315b00cc171ef13435,CASSYWHTGGTEAFF,0.02692948977025841,TCRBV06-05,TCRBJ01-01
2834e0c4a53bdf315b00cc171ef13435,CAWNWGGAYGYTF,0.026876475107589802,TCRBV30-01,TCRBJ01-02
2834e0c4a53bdf315b00cc171ef13435,CSAPPGGAWGNYGYTF,0.026838104312882492,TCRBV20-X,TCRBJ01-02
2834e0c4a53bdf315b00cc171ef13435,CASSYFGTGNYYGYTF,0.02683749096279387,TCRBV27-01,TCRBJ01-02
2834e0c4a53bdf315b00cc171ef13435,CASSPWGGYGYTF,0.026769062071468293,TCRBV14-01,TCRBJ01-02
2834e0c4a53bdf315b00cc171ef13435,CAWSVYGYGYTF,0.026700827653541398,TCRBV30-01,TCRBJ01-02
2834e0c4a53bdf315b00cc171ef13435,CAWGGGQYYGYTF,0.02660539588152085,TCRBV30-01,TCRBJ01-02
2834e0c4a53bdf315b00cc171ef13435,CAAGHPHQPQHF,0.026549723513169293,TCRBV27-01,TCRBJ01-05
2834e0c4a53bdf315b00cc171ef13435,CASSYRPTHTYGYTF,0.02651959619205967,TCRBV27-01,TCRBJ01-02
2834e0c4a53bdf315b00cc171ef13435,CASSYWDGGSNYGYTF,0.02646966727777358,TCRBV06-06,TCRBJ01-02
2834e0c4a53bdf315b00cc171ef13435,RASSYPPWGNYGYTF,0.026462040801595563,TCRBV07-03,TCRBJ01-02
2834e0c4a53bdf315b00cc171ef13435,CAIPPGHF,0.026421002691859954,TCRBV02-01,TCRBJ01-06
2834e0c4a53bdf315b00cc171ef13435,CASWDPYGYTF,0.026416210311848116,TCRBV27-01,TCRBJ01-02
2834e0c4a53bdf315b00cc171ef13435,CASSSYYRGHGYTF,0.02640215080052983,TCRBV11-02,TCRBJ01-02
2834e0c4a53bdf315b00cc171ef13435,CASSSWTGPYSYGYTF,0.026381268083247627,TCRBV19-01,TCRBJ01-02
2834e0c4a53bdf315b00cc171ef13435,CASTHF,0.026325550894370293,TCRBV05-01,TCRBJ01-06
2834e0c4a53bdf315b00cc171ef13435,CASSYRGNNYGYTF,0.026308203512075357,TCRBV27-01,TCRBJ01-02
2834e0c4a53bdf315b00cc171ef13435,CASSYSGGSYSGNTIYF,0.02622503963978511,TCRBV06-X,TCRBJ01-03
2834e0c4a53bdf315b00cc171ef13435,CASGYYGYTF,0.0261636334773338,TCRBV10-01,TCRBJ01-02
2834e0c4a53bdf315b00cc171ef13435,CASVWGAFF,0.026131954421832634,TCRBV05-01,TCRBJ01-01
2834e0c4a53bdf315b00cc171ef13435,EARLYYGYTF,0.026123870651955563,TCRBV21-01,TCRBJ01-02
2834e0c4a53bdf315b00cc171ef13435,CIWWGGSNYGYTF,0.026061996054174797,TCRBV20-X,TCRBJ01-02
2834e0c4a53bdf315b00cc171ef13435,CASWGPQHYGNQPQHF,0.026002676293046596,TCRBV06-X,TCRBJ01-05
2834e0c4a53bdf315b00cc171ef13435,CASNWGGFANYGYTF,0.025870598689161764,TCRBV19-01,TCRBJ01-02
2834e0c4a53bdf315b00cc171ef13435,CASSLFGGWANYGYTF,0.025796764334532277,TCRBV05-04,TCRBJ01-02
2834e0c4a53bdf315b00cc171ef13435,CASSANYYYGYTF,0.02570423513845824,TCRBV09-01,TCRBJ01-02
2834e0c4a53bdf315b00cc171ef13435,CAWSWGGGYTF,0.02555282801275607,TCRBV30-01,TCRBJ01-02
2834e0c4a53bdf315b00cc171ef13435,CSAFWSGYGGYTF,0.025490284955757253,TCRBV20-X,TCRBJ01-02
2834e0c4a53bdf315b00cc171ef13435,CMNAVYYGYTF,0.025391518105036932,TCRBV20-01,TCRBJ01-02
2834e0c4a53bdf315b00cc171ef13435,CASSYNPTGGWGYTF,0.025278454169327048,TCRBV06-05,TCRBJ01-02
2834e0c4a53bdf315b00cc171ef13435,CASILGPYINYGYTF,0.025249014650848573,TCRBV06-05,TCRBJ01-02
2834e0c4a53bdf315b00cc171ef13435,CASSYWWEAGYTF,0.025222136289019377,TCRBV06-06,TCRBJ01-02
2834e0c4a53bdf315b00cc171ef13435,CASSYSPYGYTF,0.025209182122495483,TCRBV05-06,TCRBJ01-02
2834e0c4a53bdf315b00cc171ef13435,CASSHLWGTHVGYGYTF,0.025204007835595496,TCRBV03-01/03-02,TCRBJ01-02
2834e0c4a53bdf315b00cc171ef13435,CASSYFQRWYYGYTF,0.025202436568632653,TCRBV06-05,TCRBJ01-02
2834e0c4a53bdf315b00cc171ef13435,CASSYFDRYYGYTF,0.02512526636116237,TCRBV12-X,TCRBJ01-02
2834e0c4a53bdf315b00cc171ef13435,LNYGYTF,0.025124891155350035,TCRBV21-01,TCRBJ01-02
2834e0c4a53bdf315b00cc171ef13435,CAWSIYYGYTF,0.02512175832690908,TCRBV30-01,TCRBJ01-02
2834e0c4a53bdf315b00cc171ef13435,CATHWGVTYGYTF,0.025114929029226577,TCRBV05-08,TCRBJ01-02
2834e0c4a53bdf315b00cc171ef13435,CASCNSYNYGYTF,0.025061987896971973,TCRBV06-X,TCRBJ01-02
2834e0c4a53bdf315b00cc171ef13435,CASSHGWNPNAFYGYTF,0.025042733117615183,TCRBV03-01/03-02,TCRBJ01-02
2834e0c4a53bdf315b00cc171ef13435,CASAGYYGYTF,0.02504131425600478,TCRBV02-01,TCRBJ01-02
2834e0c4a53bdf315b00cc171ef13435,CAWDWGYTF,0.024980571783275306,TCRBV30-01,TCRBJ01-02
2834e0c4a53bdf315b00cc171ef13435,CASSPTWGWAAGEGDGYTF,0.024925274329044077,TCRBV07-08,TCRBJ01-02
2834e0c4a53bdf315b00cc171ef13435,CASSYSGTGYYGYTF,0.02485562640717479,TCRBV06-05,TCRBJ01-02
2834e0c4a53bdf315b00cc171ef13435,CASSHPGYGYTF,0.024762736472076857,TCRBV07-09,TCRBJ01-02
2834e0c4a53bdf315b00cc171ef13435,CASSGGWGAFF,0.024756164907735103,TCRBV04-03,TCRBJ01-01
2834e0c4a53bdf315b00cc171ef13435,CASYGGEYYGYTF,0.024755285661781447,TCRBV09-01,TCRBJ01-02
2834e0c4a53bdf315b00cc171ef13435,CASSYTGPNYGYTF,0.024752430840589545,TCRBV05-01,TCRBJ01-02
2834e0c4a53bdf315b00cc171ef13435,CASSFGGPNYGYTF,0.02460044514547858,TCRBV06-05,TCRBJ01-02
2834e0c4a53bdf315b00cc171ef13435,CASSHRGYNYGYTF,0.024589004476119218,TCRBV03-01/03-02,TCRBJ01-02
2834e0c4a53bdf315b00cc171ef13435,AFF,0.024460446505937563,TCRBV25-01,TCRBJ01-01
2834e0c4a53bdf315b00cc171ef13435,CSALPPAGYTF,0.02445778126862065,TCRBV20-01,TCRBJ01-02
2834e0c4a53bdf315b00cc171ef13435,CASHPGGTFFYGYTF,0.02442664146135469,TCRBV05-04,TCRBJ01-02
2834e0c4a53bdf315b00cc171ef13435,CASIRDIKAFF,0.02441383577057237,TCRBV11-03,TCRBJ01-01
2834e0c4a53bdf315b00cc171ef13435,CASSFFYNYGYTF,0.024399711383584016,TCRBV07-02,TCRBJ01-02
2834e0c4a53bdf315b00cc171ef13435,CASSYSYGGGWNTGELFF,0.024397160419963673,TCRBV06-X,TCRBJ02-02
2834e0c4a53bdf315b00cc171ef13435,CASWGVPNYGYTF,0.02439454446263105,TCRBV09-01,TCRBJ01-02
2834e0c4a53bdf315b00cc171ef13435,CASSWGGNYGYTF,0.024376651501411307,TCRBV07-X,TCRBJ01-02
2834e0c4a53bdf315b00cc171ef13435,CASNPWGSSGNTIYF,0.024371657995060993,TCRBV12-X,TCRBJ01-03
2834e0c4a53bdf315b00cc171ef13435,CAINYWGGGNTIYF,0.024327975151074266,TCRBV30-01,TCRBJ01-03
2834e0c4a53bdf315b00cc171ef13435,CAKPIHGYTF,0.02431102897536685,TCRBV21-01,TCRBJ01-02
2834e0c4a53bdf315b00cc171ef13435,CASSYWYPGGYTGELFF,0.024304076766556097,TCRBV06-02/06-03,TCRBJ02-02
2834e0c4a53bdf315b00cc171ef13435,CASSSYGANYGYTF,0.024281729185304884,TCRBV27-01,TCRBJ01-02
2834e0c4a53bdf315b00cc171ef13435,CASNPYGGSGNTIYF,0.024233418077117697,TCRBV12-X,TCRBJ01-03
2834e0c4a53bdf315b00cc171ef13435,CASSWSYYGYTF,0.02416956188332171,TCRBV06-05,TCRBJ01-02
2834e0c4a53bdf315b00cc171ef13435,CASWGTGYGYTF,0.024082430759655778,TCRBV02-01,TCRBJ01-02
2834e0c4a53bdf315b00cc171ef13435,CASSWGGGYSGNTIYF,0.02408134231836806,TCRBV05-01,TCRBJ01-03
2d8e646f798b363f3400f0d28259664e,CASNPWGAFGYGYTF,0.032596590433498746,TCRBV28-01,TCRBJ01-02
2d8e646f798b363f3400f0d28259664e,CAWWWQPQHF,0.03165941326123978,TCRBV30-01,TCRBJ01-05
2d8e646f798b363f3400f0d28259664e,CASHWNYVGYYGYTF,0.03081378761097249,TCRBV05-08,TCRBJ01-02
2d8e646f798b363f3400f0d28259664e,CASSYSGYYGYTF,0.029976799522669757,TCRBV06-05,TCRBJ01-02
2d8e646f798b363f3400f0d28259664e,CASSYGGNRWNFYGYTF,0.028888236054947954,TCRBV06-X,TCRBJ01-02
2d8e646f798b363f3400f0d28259664e,CASHGGYYGYTF,0.02803668496229277,TCRBV06-05,TCRBJ01-02
2d8e646f798b363f3400f0d28259664e,CASSYWGTQPGAYGYTF,0.027724314992527165,TCRBV06-X,TCRBJ01-02
2d8e646f798b363f3400f0d28259664e,CASRHWGPHYGYTF,0.027557682632636034,TCRBV23-01,TCRBJ01-02
2d8e646f798b363f3400f0d28259664e,CASSYYTGANYGYTF,0.02716030115735959,TCRBV06-05,TCRBJ01-02
2d8e646f798b363f3400f0d28259664e,CAWSGYTGGNYGYTF,0.026695216203148266,TCRBV30-01,TCRBJ01-02
2d8e646f798b363f3400f0d28259664e,CASSWSTGGGYGYTF,0.026615716889111372,TCRBV19-01,TCRBJ01-02
2d8e646f798b363f3400f0d28259664e,CASTWGPHYGYTF,0.026528673379072915,TCRBV19-01,TCRBJ01-02
2d8e646f798b363f3400f0d28259664e,CASSGPVWGPYGYTF,0.026416296156385653,TCRBV04-01,TCRBJ01-02
2d8e646f798b363f3400f0d28259664e,CASSSYRGYPNYGYTF,0.026206345103329646,TCRBV28-01,TCRBJ01-02
2d8e646f798b363f3400f0d28259664e,CASSYTTGTYYGYTF,0.025571234939367277,TCRBV06-05,TCRBJ01-02
2d8e646f798b363f3400f0d28259664e,CASSLGKAIGELFF,0.02555898498318514,TCRBV13-01,TCRBJ02-02
2d8e646f798b363f3400f0d28259664e,CSAGGYNYGYTF,0.0254771123143249,TCRBV20-X,TCRBJ01-02
2d8e646f798b363f3400f0d28259664e,CASTAWGGYGYTF,0.025463884179247824,TCRBV28-01,TCRBJ01-02
2d8e646f798b363f3400f0d28259664e,CAWKKRDTIYF,0.025417219775766026,TCRBV30-01,TCRBJ01-03
2d8e646f798b363f3400f0d28259664e,CAAAHGQGAGGNQPQHF,0.02530546890723533,TCRBV21-01,TCRBJ01-05
2d8e646f798b363f3400f0d28259664e,CAWSVGGAWNTEAFF,0.02528389746768862,TCRBV30-01,TCRBJ01-01
2d8e646f798b363f3400f0d28259664e,CASSYKWGSYGYTF,0.025278766988528798,TCRBV06-05,TCRBJ01-02
2d8e646f798b363f3400f0d28259664e,CTAFHPTGYGYTF,0.02522012871595468,TCRBV20-X,TCRBJ01-02
2d8e646f798b363f3400f0d28259664e,CASSYSPYGYTF,0.025209182122495483,TCRBV06-05,TCRBJ01-02
2d8e646f798b363f3400f0d28259664e,CASSYSWSGSNYGYTF,0.02520624409021027,TCRBV06-06,TCRBJ01-02
2d8e646f798b363f3400f0d28259664e,CAGYTVYGYTF,0.025092256014548116,TCRBV30-01,TCRBJ01-02
2d8e646f798b363f3400f0d28259664e,CASGLVGGYWNYGYTF,0.025080343286346805,TCRBV12-05,TCRBJ01-02
2d8e646f798b363f3400f0d28259664e,CASSEWYGYGYTF,0.02507044353176544,TCRBV06-01,TCRBJ01-02
2d8e646f798b363f3400f0d28259664e,CASSYSSTGWYGYTF,0.024911061408827203,TCRBV06-05,TCRBJ01-02
2d8e646f798b363f3400f0d28259664e,CASSEGYYYGYTF,0.024868568305379354,TCRBV06-01,TCRBJ01-02
2d8e646f798b363f3400f0d28259664e,CASSPGHHYGYTF,0.024845948841358358,TCRBV12-03/12-04,TCRBJ01-02
2d8e646f798b363f3400f0d28259664e,ANVLTF,0.024801557161215553,TCRBV05-01,TCRBJ02-06
2d8e646f798b363f3400f0d28259664e,CASNLAAGANVLTF,0.024762796927996815,TCRBV28-01,TCRBJ02-06
2d8e646f798b363f3400f0d28259664e,CASWGFNYGYTF,0.024663353384007436,TCRBV28-01,TCRBJ01-02
2d8e646f798b363f3400f0d28259664e,CAISGPWGFYGYTF,0.0246104644587313,TCRBV10-03,TCRBJ01-02
2d8e646f798b363f3400f0d28259664e,CASHGAGSHYGYTF,0.024559660827363217,TCRBV28-01,TCRBJ01-02
2d8e646f798b363f3400f0d28259664e,STHRGHYSSIYF,0.024543073886171406,TCRBV21-01,TCRBJ01-03
2d8e646f798b363f3400f0d28259664e,CASSYGPYGYTF,0.024499476131687653,TCRBV06-05,TCRBJ01-02
2d8e646f798b363f3400f0d28259664e,CASSYGYGYTF,0.024498189835316132,TCRBV12-03/12-04,TCRBJ01-02
2d8e646f798b363f3400f0d28259664e,CASSSYNSNYGYTF,0.02447878372828145,TCRBV07-09,TCRBJ01-02
2d8e646f798b363f3400f0d28259664e,CASRYYGYTF,0.02438905524616964,TCRBV02-01,TCRBJ01-02
2d8e646f798b363f3400f0d28259664e,CASHPEARYYGYTF,0.024382764695438024,TCRBV02-01,TCRBJ01-02
2d8e646f798b363f3400f0d28259664e,CASSWGGNYGYTF,0.024376651501411307,TCRBV07-02,TCRBJ01-02
2d8e646f798b363f3400f0d28259664e,CASSHGPYGYTF,0.02436843677023317,TCRBV06-05,TCRBJ01-02
2d8e646f798b363f3400f0d28259664e,CASTSGGWGYGYTF,0.024349004858688298,TCRBV05-08,TCRBJ01-02
2d8e646f798b363f3400f0d28259664e,CASSFWAGGYGYTF,0.024236688853632823,TCRBV28-01,TCRBJ01-02
2d8e646f798b363f3400f0d28259664e,CASSWGSPYGYTF,0.02421709107316617,TCRBV03-01/03-02,TCRBJ01-02
2d8e646f798b363f3400f0d28259664e,CASNLWGQGYYGYTF,0.024192830338701145,TCRBV05-06,TCRBJ01-02
2d8e646f798b363f3400f0d28259664e,CASSFYGRYGYTF,0.024167831405119775,TCRBV27-01,TCRBJ01-02
2d8e646f798b363f3400f0d28259664e,CAWTYRARVYGYTF,0.02400584450298437,TCRBV30-01,TCRBJ01-02
2d8e646f798b363f3400f0d28259664e,CASSNGGGYSNYGYTF,0.024005537272518227,TCRBV12-05,TCRBJ01-02
2d8e646f798b363f3400f0d28259664e,CAWIYGGIGGNTIYF,0.024000777086923632,TCRBV30-01,TCRBJ01-03
2d8e646f798b363f3400f0d28259664e,CASSRAHAYYGYTF,0.02398794774439224,TCRBV12-X,TCRBJ01-02
2d8e646f798b363f3400f0d28259664e,CASSYYRGSYGYTF,0.023975140433629936,TCRBV06-05,TCRBJ01-02
2d8e646f798b363f3400f0d28259664e,CAWSTLGRARAYYEQYF,0.023970252953280067,TCRBV30-01,TCRBJ02-07
2d8e646f798b363f3400f0d28259664e,CASSYSGYGYTF,0.023964757180891666,TCRBV06-05,TCRBJ01-02
2d8e646f798b363f3400f0d28259664e,CSFGGPNYGYTF,0.023957628382322946,TCRBV20-X,TCRBJ01-02
2d8e646f798b363f3400f0d28259664e,CASARVYGYTF,0.023953309454085508,TCRBV28-01,TCRBJ01-02
2d8e646f798b363f3400f0d28259664e,CASSPGPHYGYTF,0.023890089891756613,TCRBV03-01/03-02,TCRBJ01-02
2d8e646f798b363f3400f0d28259664e,CAWWTGARTEAFF,0.023885091476310537,TCRBV30-01,TCRBJ01-01
2d8e646f798b363f3400f0d28259664e,CASSYPTEPYYGYTF,0.023879700891264934,TCRBV06-02/06-03,TCRBJ01-02
2d8e646f798b363f3400f0d28259664e,CAWGRGGGKFF,0.023862122870520083,TCRBV30-01,TCRBJ02-01
2d8e646f798b363f3400f0d28259664e,CASSPHPGPRYGYTF,0.023848801767718822,TCRBV18-01,TCRBJ01-02
2d8e646f798b363f3400f0d28259664e,CASSGNGHHGYGYTF,0.023835904669625086,TCRBV10-02,TCRBJ01-02
2d8e646f798b363f3400f0d28259664e,CARRRHHQPQHF,0.02379964701880595,TCRBV06-05,TCRBJ01-05
2d8e646f798b363f3400f0d28259664e,CASSNWWGDAGNTIYF,0.023788240945083174,TCRBV05-05,TCRBJ01-03
2d8e646f798b363f3400f0d28259664e,CASSVGGYNYGYTF,0.023770090977812006,TCRBV09-01,TCRBJ01-02
2d8e646f798b363f3400f0d28259664e,CASSHGGPAYNQPQHF,0.023753670459964706,TCRBV19-01,TCRBJ01-05
2d8e646f798b363f3400f0d28259664e,CSWGQPQHF,0.023741474236751308,TCRBV28-01,TCRBJ01-05
2d8e646f798b363f3400f0d28259664e,CASSYWGTGGDYGYTF,0.023731488001513947,TCRBV06-05,TCRBJ01-02
2d8e646f798b363f3400f0d28259664e,CASSYSFGYGYTF,0.023728764943118624,TCRBV06-07,TCRBJ01-02
2d8e646f798b363f3400f0d28259664e,CSATNWGFWGYTF,0.02370853659085584,TCRBV20-X,TCRBJ01-02
2d8e646f798b363f3400f0d28259664e,WDNQPQHF,0.023704984978986394,TCRBV06-04,TCRBJ01-05
2d8e646f798b363f3400f0d28259664e,CASSYRHYGYTF,0.023644919491545943,TCRBV25-01,TCRBJ01-02
2d8e646f798b363f3400f0d28259664e,CWKGGQYF,0.023623566146550302,TCRBV21-01,TCRBJ02-07
2d8e646f798b363f3400f0d28259664e,CASSNVAGGPGANVLTF,0.023615200495385357,TCRBV19-01,TCRBJ02-06
2d8e646f798b363f3400f0d28259664e,SEAFF,0.023599455735077143,TCRBV05-01,TCRBJ01-01
2d8e646f798b363f3400f0d28259664e,CASHGPKYGYTF,0.02359460522688332,TCRBV25-01,TCRBJ01-02
2d8e646f798b363f3400f0d28259664e,CASSIEAGWHYGYTF,0.02357871536933939,TCRBV19-01,TCRBJ01-02
2d8e646f798b363f3400f0d28259664e,CATAGHHPHRGYTF,0.023524205466558815,TCRBV24-01,TCRBJ01-02
2d8e646f798b363f3400f0d28259664e,CSAGHRLYANYGYTF,0.023518379678802652,TCRBV20-X,TCRBJ01-02
2d8e646f798b363f3400f0d28259664e,CAWKGWGNTIYF,0.023518313974740603,TCRBV30-01,TCRBJ01-03
2d8e646f798b363f3400f0d28259664e,CASSFYGGTNYGYTF,0.023513043860541035,TCRBV28-01,TCRBJ01-02
2d8e646f798b363f3400f0d28259664e,CASRGGYYGYTF,0.023512724994366487,TCRBV10-02,TCRBJ01-02
2d8e646f798b363f3400f0d28259664e,CAWIWGETQYF,0.023499392503144746,TCRBV30-01,TCRBJ02-05
2d8e646f798b363f3400f0d28259664e,CASSFGPGGPYGYTF,0.023495360690207908,TCRBV05-01,TCRBJ01-02
2d8e646f798b363f3400f0d28259664e,CSVYTPGTGYGGYTF,0.02348922673687081,TCRBV29-01,TCRBJ01-02
2d8e646f798b363f3400f0d28259664e,CSAHGTAYGYTF,0.02344689986090373,TCRBV20-X,TCRBJ01-02
2d8e646f798b363f3400f0d28259664e,CASWGKNWGPYEQYF,0.023424559317632248,TCRBV06-05,TCRBJ02-07
2d8e646f798b363f3400f0d28259664e,CASSLWGGYGYTF,0.023418610392791764,TCRBV05-04,TCRBJ01-02
2d8e646f798b363f3400f0d28259664e,CASRWGYGGGNTIYF,0.023407548783007093,TCRBV28-01,TCRBJ01-03
2d8e646f798b363f3400f0d28259664e,CASSYGWKDYGYTF,0.023392112763162352,TCRBV06-05,TCRBJ01-02
2d8e646f798b363f3400f0d28259664e,CASSKALWVWAEAFF,0.023383049883595578,TCRBV21-01,TCRBJ01-01
2d8e646f798b363f3400f0d28259664e,CASSPGYNYGYTF,0.02336198720795204,TCRBV06-05,TCRBJ01-02
2d8e646f798b363f3400f0d28259664e,CSASYYGYTF,0.023322336016399298,TCRBV20-01,TCRBJ01-02
2d8e646f798b363f3400f0d28259664e,CASSFWGAWGYTF,0.023319002419774814,TCRBV21-01,TCRBJ01-02
2d8e646f798b363f3400f0d28259664e,CASSPKGWTGHGYTF,0.023307631913821673,TCRBV05-06,TCRBJ01-02
2d8e646f798b363f3400f0d28259664e,CAWSVGVAISWYTF,0.02329287041540555,TCRBV30-01,TCRBJ01-02
2dc43a041f2d25bf84775d64d2b32b70,CAWRDNWLGLGNTIYF,0.03566113502740939,TCRBV30-01,TCRBJ01-03
2dc43a041f2d25bf84775d64d2b32b70,CAWSPKAHGHHYGYTF,0.02948441633923105,TCRBV30-01,TCRBJ01-02
2dc43a041f2d25bf84775d64d2b32b70,CAWSVMYVYGYTF,0.028685800328727876,TCRBV30-01,TCRBJ01-02
2dc43a041f2d25bf84775d64d2b32b70,CASSHSNRGHYHYGYTF,0.028684372109841243,TCRBV03-01/03-02,TCRBJ01-02
2dc43a041f2d25bf84775d64d2b32b70,CAWSWEWGEFGYGYTF,0.02859876872123781,TCRBV30-01,TCRBJ01-02
2dc43a041f2d25bf84775d64d2b32b70,CASSHGWGPYGYTF,0.027835435300421815,TCRBV06-05,TCRBJ01-02
2dc43a041f2d25bf84775d64d2b32b70,CASSPWGGVAPNYGYTF,0.02763724534529797,TCRBV05-01,TCRBJ01-02
2dc43a041f2d25bf84775d64d2b32b70,CASSYGIYYGYTF,0.02751153586844998,TCRBV06-05,TCRBJ01-02
2dc43a041f2d25bf84775d64d2b32b70,CASSYYRGNYGYTF,0.027306072681718935,TCRBV06-05,TCRBJ01-02
2dc43a041f2d25bf84775d64d2b32b70,CASSSWGGNSGNTIYF,0.027227174598035985,TCRBV09-01,TCRBJ01-03
2dc43a041f2d25bf84775d64d2b32b70,CASSPPH,0.02719590736050226,TCRBV07-03,TCRBJ02-07
2dc43a041f2d25bf84775d64d2b32b70,CAYWNYGYTF,0.027053627155135276,TCRBV28-01,TCRBJ01-02
2dc43a041f2d25bf84775d64d2b32b70,KAFF,0.027008647178727013,TCRBV28-01,TCRBJ01-01
2dc43a041f2d25bf84775d64d2b32b70,CASRFMGGWNYGYTF,0.026974859403366816,TCRBV27-01,TCRBJ01-02
2dc43a041f2d25bf84775d64d2b32b70,CASIAWGYHGYTF,0.026964476487738413,TCRBV05-04,TCRBJ01-02
2dc43a041f2d25bf84775d64d2b32b70,CASSYWPGGGYGYTF,0.026794131801340743,TCRBV06-02/06-03,TCRBJ01-02
2dc43a041f2d25bf84775d64d2b32b70,CAAGYYGYTF,0.026739969306509934,TCRBV28-01,TCRBJ01-02
2dc43a041f2d25bf84775d64d2b32b70,CASSFGGWANNYGYTF,0.02662606341792003,TCRBV07-06,TCRBJ01-02
2dc43a041f2d25bf84775d64d2b32b70,CASSNWGGRNYGYTF,0.026597947413740552,TCRBV03-01/03-02,TCRBJ01-02
2dc43a041f2d25bf84775d64d2b32b70,CASSLWEGFTEAFF,0.026551834041747303,TCRBV05-05,TCRBJ01-01
2dc43a041f2d25bf84775d64d2b32b70,CAWGYSGGGYTF,0.026537277795328173,TCRBV30-01,TCRBJ01-02
2dc43a041f2d25bf84775d64d2b32b70,CASSWTGPYYGYTF,0.02652700022851574,TCRBV05-05,TCRBJ01-02
2dc43a041f2d25bf84775d64d2b32b70,CASMGGYVYGYTF,0.026499450344829565,TCRBV06-05,TCRBJ01-02
2dc43a041f2d25bf84775d64d2b32b70,CATSDPWGWRGYGYTF,0.026477945790410132,TCRBV24-01,TCRBJ01-02
2dc43a041f2d25bf84775d64d2b32b70,CASSGWGNYGYTF,0.0264649308094118,TCRBV05-04,TCRBJ01-02
2dc43a041f2d25bf84775d64d2b32b70,CASSYEGYYGYTF,0.0264081022925429,TCRBV06-05,TCRBJ01-02
2dc43a041f2d25bf84775d64d2b32b70,CATPGPNF,0.026389440063872248,TCRBV12-03/12-04,TCRBJ01-01
2dc43a041f2d25bf84775d64d2b32b70,CATSPGGGYNYGYTF,0.02631825502408823,TCRBV24-01,TCRBJ01-02
2dc43a041f2d25bf84775d64d2b32b70,KNIQYF,0.026278103409909125,TCRBV06-04,TCRBJ02-04
2dc43a041f2d25bf84775d64d2b32b70,CASSPPWGWKGYTF,0.026276515788225766,TCRBV18-01,TCRBJ01-02
2dc43a041f2d25bf84775d64d2b32b70,CASEWGVWYTF,0.026231524740204543,TCRBV02-01,TCRBJ01-02
2dc43a041f2d25bf84775d64d2b32b70,CASSFYGTPTYGYTF,0.026175293335552262,TCRBV05-01,TCRBJ01-02
2dc43a041f2d25bf84775d64d2b32b70,CAWWDFKGYTF,0.026159375456659216,TCRBV30-01,TCRBJ01-02
2dc43a041f2d25bf84775d64d2b32b70,CARAPAIYF,0.026142600500356893,TCRBV11-02,TCRBJ01-03
2dc43a041f2d25bf84775d64d2b32b70,CASSYWGGYTF,0.026047112951640868,TCRBV06-05,TCRBJ01-02
2dc43a041f2d25bf84775d64d2b32b70,CRSYYTF,0.025852336241994817,TCRBV20-01,TCRBJ01-02
2dc43a041f2d25bf84775d64d2b32b70,CASSGGTYATVGYGYTF,0.025760428234408685,TCRBV12-X,TCRBJ01-02
2dc43a041f2d25bf84775d64d2b32b70,RAPQHF,0.025719971502989134,TCRBV07-03,TCRBJ01-05
2dc43a041f2d25bf84775d64d2b32b70,CAWTGMGTGKEGYTF,0.025712552338797528,TCRBV30-01,TCRBJ01-02
2dc43a041f2d25bf84775d64d2b32b70,CASFRGWGINYGYTF,0.02570298278400572,TCRBV07-09,TCRBJ01-02
2dc43a041f2d25bf84775d64d2b32b70,CATYSWAPNYGYTF,0.025631485316705303,TCRBV15-01,TCRBJ01-02
2dc43a041f2d25bf84775d64d2b32b70,CAWTLPWGGYVWTEAFF,0.025561446394264952,TCRBV30-01,TCRBJ01-01
2dc43a041f2d25bf84775d64d2b32b70,CASSFNGYSNYGYTF,0.02548402420077045,TCRBV28-01,TCRBJ01-02
2dc43a041f2d25bf84775d64d2b32b70,CASSFWTGGGSYGYTF,0.025474348070961085,TCRBV13-01,TCRBJ01-02
2dc43a041f2d25bf84775d64d2b32b70,CASYAYGYTF,0.02546127810399072,TCRBV02-01,TCRBJ01-02
2dc43a041f2d25bf84775d64d2b32b70,CSACPTGGPKKGRPQHF,0.025446232434876002,TCRBV20-X,TCRBJ01-05
2dc43a041f2d25bf84775d64d2b32b70,CASSEWWGYTF,0.025415458397352604,TCRBV25-01,TCRBJ01-02
2dc43a041f2d25bf84775d64d2b32b70,CAWNWGAGANVLTF,0.025351877514529362,TCRBV30-01,TCRBJ02-06
2dc43a041f2d25bf84775d64d2b32b70,CASSHGGHKGYF,0.02534987019184905,TCRBV14-01,TCRBJ02-03
2dc43a041f2d25bf84775d64d2b32b70,CASSPTGGWNNYGYTF,0.02534041591387592,TCRBV18-01,TCRBJ01-02
2dc43a041f2d25bf84775d64d2b32b70,CASSYYGYTF,0.02528123736463738,TCRBV07-09,TCRBJ01-02
2dc43a041f2d25bf84775d64d2b32b70,CASIFYGIYGYTF,0.025224574893700547,TCRBV10-02,TCRBJ01-02
2dc43a041f2d25bf84775d64d2b32b70,CAIAPGANVLTF,0.025219362362328697,TCRBV06-06,TCRBJ02-06
2dc43a041f2d25bf84775d64d2b32b70,CAWVTGGWEAFF,0.02520412791770404,TCRBV30-01,TCRBJ01-01
2dc43a041f2d25bf84775d64d2b32b70,CASCCPGQANQPQHF,0.025122657552792863,TCRBV06-05,TCRBJ01-05
2dc43a041f2d25bf84775d64d2b32b70,CASSYFGGTGWSGYTF,0.02503989401759691,TCRBV06-02/06-03,TCRBJ01-02
2dc43a041f2d25bf84775d64d2b32b70,CASSLAVMGKRTEAFF,0.02503883325548034,TCRBV05-01,TCRBJ01-01
2dc43a041f2d25bf84775d64d2b32b70,CASSYYYRDGAPYGYTF,0.025036122617871207,TCRBV06-X,TCRBJ01-02
2dc43a041f2d25bf84775d64d2b32b70,CSAPPPGANVLTF,0.025032615072746917,TCRBV20-X,TCRBJ02-06
2dc43a041f2d25bf84775d64d2b32b70,CASSWGGSNYGYTF,0.025002363292445432,TCRBV05-04,TCRBJ01-02
2dc43a041f2d25bf84775d64d2b32b70,CSAPDHGGYNYGYTF,0.02497729536337687,TCRBV20-X,TCRBJ01-02
2dc43a041f2d25bf84775d64d2b32b70,CASSGGWAPNYGYTF,0.024944043888292765,TCRBV06-X,TCRBJ01-02
2dc43a041f2d25bf84775d64d2b32b70,CASSYSYRANYGYTF,0.024902559736904008,TCRBV06-02/06-03,TCRBJ01-02
2dc43a041f2d25bf84775d64d2b32b70,CASSYWAGRYGYTF,0.024882053298792155,TCRBV06-05,TCRBJ01-02
2dc43a041f2d25bf84775d64d2b32b70,CASSYFFGSGYGYTF,0.024858813585601956,TCRBV06-02/06-03,TCRBJ01-02
2dc43a041f2d25bf84775d64d2b32b70,CASSYSGTGYYGYTF,0.024855594624082697,TCRBV06-05,TCRBJ01-02
2dc43a041f2d25bf84775d64d2b32b70,CSAHIANYGYTF,0.024837380762075627,TCRBV20-X,TCRBJ01-02
2dc43a041f2d25bf84775d64d2b32b70,CATSDAVWGWAFF,0.024836178227146274,TCRBV24-01,TCRBJ01-01
2dc43a041f2d25bf84775d64d2b32b70,CATSDWNSPWGYTF,0.02479908057142336,TCRBV24-01,TCRBJ01-02
2dc43a041f2d25bf84775d64d2b32b70,CAFHFGAGANYGYTF,0.024778936604595514,TCRBV02-01,TCRBJ01-02
2dc43a041f2d25bf84775d64d2b32b70,CASSFGGGPNYGYTF,0.024759240349421476,TCRBV19-01,TCRBJ01-02
2dc43a041f2d25bf84775d64d2b32b70,CASSYPGWPGYTF,0.024733962838851247,TCRBV06-05,TCRBJ01-02
2dc43a041f2d25bf84775d64d2b32b70,CASSYSGTTGGGYGYTF,0.02471487897869829,TCRBV06-X,TCRBJ01-02
2dc43a041f2d25bf84775d64d2b32b70,CAWIPWQGLFGYTF,0.024713481094935954,TCRBV30-01,TCRBJ01-02
2dc43a041f2d25bf84775d64d2b32b70,CASSAYHGGTNYGYTF,0.024705688551216225,TCRBV19-01,TCRBJ01-02
2dc43a041f2d25bf84775d64d2b32b70,CASSYGPNFNYGYTF,0.02467716602309931,TCRBV19-01,TCRBJ01-02
2dc43a041f2d25bf84775d64d2b32b70,CAWNPNYGYTF,0.02463303964413522,TCRBV30-01,TCRBJ01-02
2dc43a041f2d25bf84775d64d2b32b70,CASSFGGPNYGYTF,0.024600456587314305,TCRBV12-X,TCRBJ01-02
2dc43a041f2d25bf84775d64d2b32b70,CAWSVYPAPTANYGYTF,0.0245873848131097,TCRBV30-01,TCRBJ01-02
2dc43a041f2d25bf84775d64d2b32b70,CATYRGPGYGYTF,0.024575139924761655,TCRBV02-01,TCRBJ01-02
2dc43a041f2d25bf84775d64d2b32b70,CSAPHYGYTF,0.024566562898924366,TCRBV20-01,TCRBJ01-02
2dc43a041f2d25bf84775d64d2b32b70,CAWGGPGGANVLTF,0.024562593941068644,TCRBV30-01,TCRBJ02-06
2dc43a041f2d25bf84775d64d2b32b70,CSARDIADSIGKLFF,0.024555758630485675,TCRBV20-X,TCRBJ01-04
2dc43a041f2d25bf84775d64d2b32b70,CASSYGPYGYTF,0.02449949322577043,TCRBV06-06,TCRBJ01-02
2dc43a041f2d25bf84775d64d2b32b70,RSYNSPLHF,0.024491142726666346,TCRBV07-07,TCRBJ01-06
2dc43a041f2d25bf84775d64d2b32b70,SNQPQHF,0.02449102026003755,TCRBV05-03,TCRBJ01-05
2dc43a041f2d25bf84775d64d2b32b70,CASSYSGPYRGYTF,0.024457205307367894,TCRBV06-02/06-03,TCRBJ01-02
2dc43a041f2d25bf84775d64d2b32b70,CSVEDTDIWGKGNTEAFF,0.024433664792101052,TCRBV29-01,TCRBJ01-01
2dc43a041f2d25bf84775d64d2b32b70,CSVGVHGGYYGYTF,0.024404626765234833,TCRBV29-01,TCRBJ01-02
2dc43a041f2d25bf84775d64d2b32b70,CASHPHEAFF,0.024400669126164967,TCRBV06-05,TCRBJ01-01
2dc43a041f2d25bf84775d64d2b32b70,CASSSYSGYGYTF,0.024381490044884106,TCRBV11-02,TCRBJ01-02
2dc43a041f2d25bf84775d64d2b32b70,CAWAGPWETEAFF,0.02437290663247128,TCRBV30-01,TCRBJ01-01
2dc43a041f2d25bf84775d64d2b32b70,CSADALRYYGYTF,0.024321107323628525,TCRBV20-X,TCRBJ01-02
2dc43a041f2d25bf84775d64d2b32b70,CASSLSGWGWYGYTF,0.024316172991634185,TCRBV05-06,TCRBJ01-02
2dc43a041f2d25bf84775d64d2b32b70,CAWWDMGNYGYTF,0.024294797925181435,TCRBV30-01,TCRBJ01-02
2dc43a041f2d25bf84775d64d2b32b70,CASSSSSWGFNYGYTF,0.024289097518136734,TCRBV28-01,TCRBJ01-02
2dc43a041f2d25bf84775d64d2b32b70,CASSYSSGVSYYGYTF,0.02428739400652873,TCRBV06-02/06-03,TCRBJ01-02
325c83a99caba4225736ab045a34910d,YF,0.043498104297022874,TCRBV11-02,TCRBJ02-03
325c83a99caba4225736ab045a34910d,GPDHQPQHF,0.034113596558651135,TCRBV21-01,TCRBJ01-05
325c83a99caba4225736ab045a34910d,CASHGGPYYGYTF,0.031677969322243815,TCRBV27-01,TCRBJ01-02
325c83a99caba4225736ab045a34910d,CASSYYNYGYTF,0.031400162485521896,TCRBV12-03/12-04,TCRBJ01-02
325c83a99caba4225736ab045a34910d,CASSYSGWGSYNYGYTF,0.030698730694483405,TCRBV06-X,TCRBJ01-02
325c83a99caba4225736ab045a34910d,CAWSLPGGPSYEQYF,0.02964699659248592,TCRBV30-01,TCRBJ02-07
325c83a99caba4225736ab045a34910d,CASSNSWGGNYGYTF,0.0284647305400917,TCRBV06-05,TCRBJ01-02
325c83a99caba4225736ab045a34910d,CAISVCVAWAFF,0.028464481642407127,TCRBV10-03,TCRBJ01-01
325c83a99caba4225736ab045a34910d,CAWTPYGHYGYTF,0.028301490397376856,TCRBV30-01,TCRBJ01-02
325c83a99caba4225736ab045a34910d,CASSYSWGNYGYTF,0.028068599887691476,TCRBV06-05,TCRBJ01-02
325c83a99caba4225736ab045a34910d,CASSFGGTNPYYGYTF,0.028053372599757844,TCRBV05-04,TCRBJ01-02
325c83a99caba4225736ab045a34910d,SYNSPLHF,0.02804692938875484,TCRBV29-01,TCRBJ01-06
325c83a99caba4225736ab045a34910d,CASSFNSPWGYYGYTF,0.028031666422548143,TCRBV28-01,TCRBJ01-02
325c83a99caba4225736ab045a34910d,CASSPSGSGGYWWYF,0.027950364447308626,TCRBV07-02,TCRBJ02-07
325c83a99caba4225736ab045a34910d,CASPPHF,0.02746326239951907,TCRBV28-01,TCRBJ01-05
325c83a99caba4225736ab045a34910d,CASSYGTYYGYTF,0.02744862313882822,TCRBV06-06,TCRBJ01-02
325c83a99caba4225736ab045a34910d,CASSYHRSWGNYGYTF,0.02744371643475089,TCRBV06-02/06-03,TCRBJ01-02
325c83a99caba4225736ab045a34910d,CASSMYYGYGYTF,0.027246183616313945,TCRBV19-01,TCRBJ01-02
325c83a99caba4225736ab045a34910d,CASSSYRGNNYGYTF,0.027029258736542883,TCRBV27-01,TCRBJ01-02
325c83a99caba4225736ab045a34910d,CASSYWGPGPYEQYF,0.026967316622019864,TCRBV06-05,TCRBJ02-07
325c83a99caba4225736ab045a34910d,CASSWWGGGPGYTF,0.02694119397896651,TCRBV28-01,TCRBJ01-02
325c83a99caba4225736ab045a34910d,CSAYYRASYGYTF,0.026915848393972184,TCRBV20-X,TCRBJ01-02
325c83a99caba4225736ab045a34910d,CASSYGGFYGYTF,0.026884746349950795,TCRBV27-01,TCRBJ01-02
325c83a99caba4225736ab045a34910d,CASSPQGAPLLGYGYTF,0.026518668328441963,TCRBV06-06,TCRBJ01-02
325c83a99caba4225736ab045a34910d,CATHGHGHYNSPLHF,0.026430662075733007,TCRBV06-05,TCRBJ01-06
325c83a99caba4225736ab045a34910d,CATCPGTGGGGANVLTF,0.02639052739697118,TCRBV02-01,TCRBJ02-06
325c83a99caba4225736ab045a34910d,CASSSGGGWNYGYTF,0.026314528412494473,TCRBV13-01,TCRBJ01-02
325c83a99caba4225736ab045a34910d,CASSYSPGGYYGYTF,0.02629705379073724,TCRBV06-05,TCRBJ01-02
325c83a99caba4225736ab045a34910d,WLKVGEKLFF,0.02626225730440813,TCRBV29-01,TCRBJ01-04
325c83a99caba4225736ab045a34910d,CASSYWTGGNYGYTF,0.026261778696403986,TCRBV06-05,TCRBJ01-02
325c83a99caba4225736ab045a34910d,CASSYPWTGGYGYTF,0.026250148388020055,TCRBV11-02,TCRBJ01-02
325c83a99caba4225736ab045a34910d,CSARVWGRPYTGGVYGYTF,0.026228467719131045,TCRBV20-X,TCRBJ01-02
325c83a99caba4225736ab045a34910d,SLDTIYF,0.026151835980590756,TCRBV23-01,TCRBJ01-03
325c83a99caba4225736ab045a34910d,CASIPAGGWFGYTF,0.026139190929116547,TCRBV06-02,TCRBJ01-02
325c83a99caba4225736ab045a34910d,CASSHSGPNNIGGNTIYF,0.026132879736464755,TCRBV02-01,TCRBJ01-03
325c83a99caba4225736ab045a34910d,CASSWFLRGYYNYGYTF,0.02612854468513209,TCRBV12-X,TCRBJ01-02
325c83a99caba4225736ab045a34910d,CAWGGAPNYGYTF,0.026096838806221337,TCRBV30-01,TCRBJ01-02
325c83a99caba4225736ab045a34910d,CASSYSYAGPYTF,0.02606932418100466,TCRBV06-05,TCRBJ01-02
325c83a99caba4225736ab045a34910d,RGVHQPQHF,0.026061557307809593,TCRBV19-01,TCRBJ01-05
325c83a99caba4225736ab045a34910d,WGSGNTIYF,0.026045455752290576,TCRBV14-01,TCRBJ01-03
325c83a99caba4225736ab045a34910d,CSAYRYGYGYTF,0.026038096365993395,TCRBV20-X,TCRBJ01-02
325c83a99caba4225736ab045a34910d,CAKYF,0.02601728395477066,TCRBV05-06,TCRBJ02-03
325c83a99caba4225736ab045a34910d,CASSPKGWGHNYGYTF,0.02589382251815045,TCRBV11-03,TCRBJ01-02
325c83a99caba4225736ab045a34910d,CASSYKGGYYGYTF,0.02586388808591059,TCRBV06-05,TCRBJ01-02
325c83a99caba4225736ab045a34910d,CACYTGVYGYTF,0.025737725918546513,TCRBV30-01,TCRBJ01-02
325c83a99caba4225736ab045a34910d,CAWYIVSYGYTF,0.025711550433478704,TCRBV30-01,TCRBJ01-02
325c83a99caba4225736ab045a34910d,CAWTGGYYGYTF,0.025693398791654012,TCRBV30-01,TCRBJ01-02
325c83a99caba4225736ab045a34910d,CASYRGWGYTF,0.025686977583828874,TCRBV07-X,TCRBJ01-02
325c83a99caba4225736ab045a34910d,CASSRYRDRWYF,0.025602714563493233,TCRBV21-01,TCRBJ02-03
325c83a99caba4225736ab045a34910d,CASYTGHNVGHGYTF,0.025595450232129502,TCRBV06-06,TCRBJ01-02
325c83a99caba4225736ab045a34910d,CASSYAGTYANYGYTF,0.025576421733647728,TCRBV06-05,TCRBJ01-02
325c83a99caba4225736ab045a34910d,CASSHPHGPSGGYTF,0.025352385628828158,TCRBV03-01/03-02,TCRBJ01-02
325c83a99caba4225736ab045a34910d,CASSYYGGSSGNTIYF,0.025317716711406906,TCRBV06-05,TCRBJ01-03
325c83a99caba4225736ab045a34910d,CASIF,0.02529456264957078,TCRBV27-01,TCRBJ02-04
325c83a99caba4225736ab045a34910d,CASSWSSGYYGYTF,0.025279561536879974,TCRBV27-01,TCRBJ01-02
325c83a99caba4225736ab045a34910d,CASIYGGGQFYYGYTF,0.025236724442139948,TCRBV06-X,TCRBJ01-02
325c83a99caba4225736ab045a34910d,CASSHWGQGAFNGAFF,0.025209599566907916,TCRBV19-01,TCRBJ01-01
325c83a99caba4225736ab045a34910d,CAWWAPGGTEAFF,0.025205513295503756,TCRBV30-01,TCRBJ01-01
325c83a99caba4225736ab045a34910d,CASNVWPAPQPQHF,0.025201647310237725,TCRBV06-05,TCRBJ01-05
325c83a99caba4225736ab045a34910d,CATWAAGANVLTF,0.025151205284829753,TCRBV06-X,TCRBJ02-06
325c83a99caba4225736ab045a34910d,CAWSWGTGDGYTF,0.02505792639330638,TCRBV30-01,TCRBJ01-02
325c83a99caba4225736ab045a34910d,CAWIWTGEAFF,0.02505446246224572,TCRBV30-01,TCRBJ01-01
325c83a99caba4225736ab045a34910d,CAWMGVGGYTF,0.025048109494663132,TCRBV30-01,TCRBJ01-02
325c83a99caba4225736ab045a34910d,CSAAAPGANVLTF,0.025031429511482146,TCRBV20-X,TCRBJ02-06
325c83a99caba4225736ab045a34910d,CASPWGYGYTF,0.024979652833713912,TCRBV28-01,TCRBJ01-02
325c83a99caba4225736ab045a34910d,CASWGGLTFNYGYTF,0.024979207162296867,TCRBV06-X,TCRBJ01-02
325c83a99caba4225736ab045a34910d,CASSPYYGYTF,0.024954330087455213,TCRBV05-01,TCRBJ01-02
325c83a99caba4225736ab045a34910d,CAWSYIGVPYGYTF,0.024942681211688005,TCRBV30-01,TCRBJ01-02
325c83a99caba4225736ab045a34910d,CASSWGQMWYQPQHF,0.02493577906445959,TCRBV05-08,TCRBJ01-05
325c83a99caba4225736ab045a34910d,CASSFSPHYNYGYTF,0.024934279158992687,TCRBV27-01,TCRBJ01-02
325c83a99caba4225736ab045a34910d,REAFF,0.024912690265698034,TCRBV25-01,TCRBJ01-01
325c83a99caba4225736ab045a34910d,CGYGYTF,0.024876008966349086,TCRBV30-01,TCRBJ01-02
325c83a99caba4225736ab045a34910d,CSHYLPGTGHGYTF,0.024856275079843254,TCRBV20-X,TCRBJ01-02
325c83a99caba4225736ab045a34910d,CASFEGYKGQPGANVLTF,0.02482053889384406,TCRBV07-08,TCRBJ02-06
325c83a99caba4225736ab045a34910d,CSAIYPHPHSNYGYTF,0.024815717848744936,TCRBV29-01,TCRBJ01-02
325c83a99caba4225736ab045a34910d,CASSNPYQGPHQPQHF,0.024814859619545573,TCRBV19-01,TCRBJ01-05
325c83a99caba4225736ab045a34910d,CASSGGGSFSGNTIYF,0.024811863977275538,TCRBV12-X,TCRBJ01-03
325c83a99caba4225736ab045a34910d,CASSWEAGGHF,0.024807756900156692,TCRBV05-08,TCRBJ02-07
325c83a99caba4225736ab045a34910d,CASSPWNYPPWNEQFF,0.02480496827256701,TCRBV09-01,TCRBJ02-01
325c83a99caba4225736ab045a34910d,CASSCPGQGYYSNQPQHF,0.02473383343764917,TCRBV21-01,TCRBJ01-05
325c83a99caba4225736ab045a34910d,WTGGASNYGYTF,0.024720419551401192,TCRBV04-X,TCRBJ01-02
325c83a99caba4225736ab045a34910d,CATTPAGANVLTF,0.024702540611997382,TCRBV05-06,TCRBJ02-06
325c83a99caba4225736ab045a34910d,CSHRYGYTF,0.02469443704206582,TCRBV20-01,TCRBJ01-02
325c83a99caba4225736ab045a34910d,CASSLPWGGFYGYTF,0.024663135448251217,TCRBV07-04,TCRBJ01-02
325c83a99caba4225736ab045a34910d,CASSFYNNYGYTF,0.02466193110028988,TCRBV07-09,TCRBJ01-02
325c83a99caba4225736ab045a34910d,CASSLWDTLTEAFF,0.02465839580992754,TCRBV28-01,TCRBJ01-01
325c83a99caba4225736ab045a34910d,CSANPFGTAMNTEAFF,0.024616878105156285,TCRBV20-X,TCRBJ01-01
325c83a99caba4225736ab045a34910d,CASSYWLPGAYGYTF,0.02461677792412592,TCRBV06-05,TCRBJ01-02
325c83a99caba4225736ab045a34910d,CASSFGHGYGYTF,0.024613307612346095,TCRBV07-02,TCRBJ01-02
325c83a99caba4225736ab045a34910d,CAWGAPRAFF,0.0246068576772702,TCRBV30-01,TCRBJ01-01
325c83a99caba4225736ab045a34910d,CAGFGYGYTF,0.024570412485391404,TCRBV02-01,TCRBJ01-02
325c83a99caba4225736ab045a34910d,CASLKKRVESYEQYF,0.02455957515244616,TCRBV14-01,TCRBJ02-07
325c83a99caba4225736ab045a34910d,CASNPVAFF,0.02455937667334094,TCRBV02-01,TCRBJ01-01
325c83a99caba4225736ab045a34910d,CASWWGGMNTEAFF,0.024546036465960253,TCRBV27-01,TCRBJ01-01
325c83a99caba4225736ab045a34910d,CASWWGASGANVLTF,0.02450398082465482,TCRBV06-X,TCRBJ02-06
325c83a99caba4225736ab045a34910d,CASSSYNSNYGYTF,0.02447878372828145,TCRBV05-05,TCRBJ01-02
325c83a99caba4225736ab045a34910d,CASTWWVAGGSTEAFF,0.024473757017740287,TCRBV05-01,TCRBJ01-01
325c83a99caba4225736ab045a34910d,CALHVASYYGYTF,0.02444707766114387,TCRBV30-01,TCRBJ01-02
325c83a99caba4225736ab045a34910d,SLF,0.02444542873349604,TCRBV03-01/03-02,TCRBJ02-07
36e3ba251cb0ed757eca166629bb0381,WGTEGYTF,0.03045375284920218,TCRBV20-01,TCRBJ01-02
36e3ba251cb0ed757eca166629bb0381,CACPYYGVNYGYTF,0.030358703508230563,TCRBV30-01,TCRBJ01-02
36e3ba251cb0ed757eca166629bb0381,RRGF,0.029638933376744787,TCRBV07-04,TCRBJ01-05
36e3ba251cb0ed757eca166629bb0381,CASSYSWGGGYTF,0.02950326897260344,TCRBV06-05,TCRBJ01-02
36e3ba251cb0ed757eca166629bb0381,CASSYSGYRHNYGYTF,0.028777533268840756,TCRBV06-05,TCRBJ01-02
36e3ba251cb0ed757eca166629bb0381,RRCTF,0.028764368813070106,TCRBV24-01,TCRBJ01-01
36e3ba251cb0ed757eca166629bb0381,CARSHHPHHSNQPQHF,0.028682153525279523,TCRBV05-03,TCRBJ01-05
36e3ba251cb0ed757eca166629bb0381,CACPGGPGANVLTF,0.028625029258108316,TCRBV30-01,TCRBJ02-06
36e3ba251cb0ed757eca166629bb0381,CASSYYTGWGYTF,0.02860908493736906,TCRBV06-05,TCRBJ01-02
36e3ba251cb0ed757eca166629bb0381,CASFNPGAPHYGYTF,0.0280147689687972,TCRBV27-01,TCRBJ01-02
36e3ba251cb0ed757eca166629bb0381,CASSWGGPNYGYTF,0.027680152547674638,TCRBV27-01,TCRBJ01-02
36e3ba251cb0ed757eca166629bb0381,CASGAPYYGYTF,0.02739372275102546,TCRBV27-01,TCRBJ01-02
36e3ba251cb0ed757eca166629bb0381,CAWRGGYAYGYTF,0.027324233840881004,TCRBV30-01,TCRBJ01-02
36e3ba251cb0ed757eca166629bb0381,CAWSWWAAAFYGYTF,0.027293037079049523,TCRBV30-01,TCRBJ01-02
36e3ba251cb0ed757eca166629bb0381,CASSYYAGHNYGYTF,0.027142296280866285,TCRBV06-05,TCRBJ01-02
36e3ba251cb0ed757eca166629bb0381,CASSYSYNGYGYTF,0.027058323260877867,TCRBV06-05,TCRBJ01-02
36e3ba251cb0ed757eca166629bb0381,CAWGTYEAFF,0.026833045360507735,TCRBV30-01,TCRBJ01-01
36e3ba251cb0ed757eca166629bb0381,CASSPHWGFGYGYTF,0.02671783008392371,TCRBV09-01,TCRBJ01-02
36e3ba251cb0ed757eca166629bb0381,CASWGYGYTF,0.02658092511320085,TCRBV19-01,TCRBJ01-02
36e3ba251cb0ed757eca166629bb0381,CASSLWEGFTEAFF,0.026551834041747303,TCRBV05-04,TCRBJ01-01
36e3ba251cb0ed757eca166629bb0381,CAWSWGAEAFF,0.026502661115285552,TCRBV30-01,TCRBJ01-01
36e3ba251cb0ed757eca166629bb0381,CAWSF,0.026384500138724797,TCRBV30-01,TCRBJ01-02
36e3ba251cb0ed757eca166629bb0381,CASSYYKSYGYTF,0.026364567360249728,TCRBV27-01,TCRBJ01-02
36e3ba251cb0ed757eca166629bb0381,CAWSEGAWGYTF,0.026335463658809056,TCRBV30-01,TCRBJ01-02
36e3ba251cb0ed757eca166629bb0381,CASYRGPYPYYGYTF,0.026225949895424493,TCRBV30-01,TCRBJ01-02
36e3ba251cb0ed757eca166629bb0381,CAWFYNWGNAGYTF,0.026144066430362718,TCRBV30-01,TCRBJ01-02
36e3ba251cb0ed757eca166629bb0381,CAWSGYGSNYGYTF,0.02605424038080809,TCRBV30-01,TCRBJ01-02
36e3ba251cb0ed757eca166629bb0381,CASSAGPYYGYTF,0.026032253233656554,TCRBV12-03/12-04,TCRBJ01-02
36e3ba251cb0ed757eca166629bb0381,CASHHPSGGYTF,0.025972911906667527,TCRBV27-01,TCRBJ01-02
36e3ba251cb0ed757eca166629bb0381,CASHTHQGVYYGYTF,0.0259352877674318,TCRBV28-01,TCRBJ01-02
36e3ba251cb0ed757eca166629bb0381,CASYSGTGYYGYTF,0.025898820381511405,TCRBV03-01/03-02,TCRBJ01-02
36e3ba251cb0ed757eca166629bb0381,CAAPAGTSPFNYGYTF,0.025800491475551843,TCRBV05-01,TCRBJ01-02
36e3ba251cb0ed757eca166629bb0381,CAWSHKAGYGYTF,0.025473765071920555,TCRBV30-01,TCRBJ01-02
36e3ba251cb0ed757eca166629bb0381,CAWGSYRGAYGYTF,0.025459544808450783,TCRBV30-01,TCRBJ01-02
36e3ba251cb0ed757eca166629bb0381,CASRFHKAYYGYTF,0.025286215548946035,TCRBV27-01,TCRBJ01-02
36e3ba251cb0ed757eca166629bb0381,CASTIGKIGKLFF,0.025269025835544422,TCRBV06-05,TCRBJ01-04
36e3ba251cb0ed757eca166629bb0381,CASSPNYGNNYGYTF,0.025226553497741735,TCRBV06-02,TCRBJ01-02
36e3ba251cb0ed757eca166629bb0381,CASSPGEGWYYYGYTF,0.025181118947028937,TCRBV06-X,TCRBJ01-02
36e3ba251cb0ed757eca166629bb0381,CASSAANPYGYTF,0.025166784376436525,TCRBV09-01,TCRBJ01-02
36e3ba251cb0ed757eca166629bb0381,CASIPGTAHPGTAHTDTQYF,0.025131444172329726,TCRBV12-X,TCRBJ02-03
36e3ba251cb0ed757eca166629bb0381,CAISETHSWGWNYGYTF,0.02507731641912658,TCRBV10-03,TCRBJ01-02
36e3ba251cb0ed757eca166629bb0381,CASYRGMSYNYGYTF,0.025052748869789,TCRBV06-06,TCRBJ01-02
36e3ba251cb0ed757eca166629bb0381,CASGHAFKAF,0.024977877452582866,TCRBV02-01,TCRBJ01-02
36e3ba251cb0ed757eca166629bb0381,CAWTGYHYGYTF,0.024965113716824062,TCRBV30-01,TCRBJ01-02
36e3ba251cb0ed757eca166629bb0381,CASSNYRGRNYGYTF,0.024895530948289606,TCRBV09-01,TCRBJ01-02
36e3ba251cb0ed757eca166629bb0381,CASSYRGYGYTF,0.024885473752379907,TCRBV12-03/12-04,TCRBJ01-02
36e3ba251cb0ed757eca166629bb0381,CASSPGHHYGYTF,0.02484596905930881,TCRBV03-01/03-02,TCRBJ01-02
36e3ba251cb0ed757eca166629bb0381,CAWSPHKIFTEAFF,0.02481197791196365,TCRBV30-01,TCRBJ01-01
36e3ba251cb0ed757eca166629bb0381,CAWNPGGLWGYTF,0.024786310788154405,TCRBV30-01,TCRBJ01-02
36e3ba251cb0ed757eca166629bb0381,CSAYSIGHNYGYTF,0.02478464100158875,TCRBV29-01,TCRBJ01-02
36e3ba251cb0ed757eca166629bb0381,CASSHGHNYGYTF,0.024776044560911693,TCRBV06-05,TCRBJ01-02
36e3ba251cb0ed757eca166629bb0381,CASSYSGGTGANYGYTF,0.02468058628500598,TCRBV06-X,TCRBJ01-02
36e3ba251cb0ed757eca166629bb0381,CAWGAYGYTF,0.024668928589369064,TCRBV30-01,TCRBJ01-02
36e3ba251cb0ed757eca166629bb0381,CAWVRDRVKSGANVLTF,0.02463173219231853,TCRBV30-01,TCRBJ02-06
36e3ba251cb0ed757eca166629bb0381,CAWSSGFGYGYTF,0.02459307625074099,TCRBV30-01,TCRBJ01-02
36e3ba251cb0ed757eca166629bb0381,CASRWGGYGYTF,0.024569239691947697,TCRBV02-01,TCRBJ01-02
36e3ba251cb0ed757eca166629bb0381,CATSVWGAEGAFF,0.024560423346960458,TCRBV28-01,TCRBJ01-01
36e3ba251cb0ed757eca166629bb0381,CAWMPGQGYYGYTF,0.02455610270770337,TCRBV30-01,TCRBJ01-02
36e3ba251cb0ed757eca166629bb0381,CAWSIQGAHHHEAFF,0.024550785026788136,TCRBV30-01,TCRBJ01-01
36e3ba251cb0ed757eca166629bb0381,CAWIRPPEGYTF,0.02453337088177502,TCRBV30-01,TCRBJ01-02
36e3ba251cb0ed757eca166629bb0381,CSAYIRYGYTF,0.0245305424347255,TCRBV20-01,TCRBJ01-02
36e3ba251cb0ed757eca166629bb0381,CAWGPLGYGYTF,0.024519700860506352,TCRBV30-01,TCRBJ01-02
36e3ba251cb0ed757eca166629bb0381,CASSHTGGFGGGYTF,0.024467695563001116,TCRBV03-01/03-02,TCRBJ01-02
36e3ba251cb0ed757eca166629bb0381,AFF,0.024460446505937563,TCRBV27-01,TCRBJ01-01
36e3ba251cb0ed757eca166629bb0381,CASSWAWGDRGAVF,0.02444493691917546,TCRBV05-01,TCRBJ02-02
36e3ba251cb0ed757eca166629bb0381,CASGGGYWAFF,0.024398589097808,TCRBV28-01,TCRBJ01-01
36e3ba251cb0ed757eca166629bb0381,CASSSHGGPNYGYTF,0.02439243373765728,TCRBV07-09,TCRBJ01-02
36e3ba251cb0ed757eca166629bb0381,CTWSDTWGRTGYTF,0.024384222328756585,TCRBV30-01,TCRBJ01-02
36e3ba251cb0ed757eca166629bb0381,CTSWGGNLNYGYTF,0.024369950254875358,TCRBV06-06,TCRBJ01-02
36e3ba251cb0ed757eca166629bb0381,CASSYSGPHNYGYTF,0.02430369797070234,TCRBV06-06,TCRBJ01-02
36e3ba251cb0ed757eca166629bb0381,CAWGGWTGLNYGYTF,0.02428333910065937,TCRBV30-01,TCRBJ01-02
36e3ba251cb0ed757eca166629bb0381,CSAYFPSAYGYTF,0.02422236081172403,TCRBV20-X,TCRBJ01-02
36e3ba251cb0ed757eca166629bb0381,CAWSVGVGAFF,0.024221670512349407,TCRBV30-01,TCRBJ01-01
36e3ba251cb0ed757eca166629bb0381,CASIPGHNYGYTF,0.024140235302396038,TCRBV06-05,TCRBJ01-02
36e3ba251cb0ed757eca166629bb0381,CAWGPGGANVLTF,0.024097800131908396,TCRBV30-01,TCRBJ02-06
36e3ba251cb0ed757eca166629bb0381,CASSGHPYGYTF,0.024073313569773176,TCRBV02-01,TCRBJ01-02
36e3ba251cb0ed757eca166629bb0381,CATSDWARGHGYTF,0.02406160601279185,TCRBV24-01,TCRBJ01-02
36e3ba251cb0ed757eca166629bb0381,CAWRGAWYTEAFF,0.02404985154637816,TCRBV30-01,TCRBJ01-01
36e3ba251cb0ed757eca166629bb0381,CASSYGGTNYGYTF,0.02403680505429952,TCRBV06-06,TCRBJ01-02
36e3ba251cb0ed757eca166629bb0381,CASSYNSGGPFNYGYTF,0.024011020516349568,TCRBV06-X,TCRBJ01-02
36e3ba251cb0ed757eca166629bb0381,GNTIYF,0.02400590664779501,TCRBV28-01,TCRBJ01-03
36e3ba251cb0ed757eca166629bb0381,CASSSWGPNYGYTF,0.02400476013620992,TCRBV27-01,TCRBJ01-02
36e3ba251cb0ed757eca166629bb0381,CASSSFGYTANYGYTF,0.02400426091064687,TCRBV07-09,TCRBJ01-02
36e3ba251cb0ed757eca166629bb0381,CASTFRGGYNYGYTF,0.02399762042855597,TCRBV05-04,TCRBJ01-02
36e3ba251cb0ed757eca166629bb0381,CASSGAGPYYGYTF,0.023991732618874908,TCRBV12-X,TCRBJ01-02
36e3ba251cb0ed757eca166629bb0381,CASRWGWAEAFF,0.023990702606407652,TCRBV02-01,TCRBJ01-01
36e3ba251cb0ed757eca166629bb0381,CSASHYYGYTF,0.02398517156319982,TCRBV20-01,TCRBJ01-02
36e3ba251cb0ed757eca166629bb0381,CASRPGGYYGYTF,0.023971148930204054,TCRBV06-05,TCRBJ01-02
36e3ba251cb0ed757eca166629bb0381,CASSYGGTTNYGYTF,0.023966090052475967,TCRBV06-05,TCRBJ01-02
36e3ba251cb0ed757eca166629bb0381,CAWNPGDIPLHF,0.02396077572740403,TCRBV30-01,TCRBJ01-06
36e3ba251cb0ed757eca166629bb0381,GGTNYGYTF,0.02394753395286933,TCRBV02-01,TCRBJ01-02
36e3ba251cb0ed757eca166629bb0381,CASSLEGGGVWGAFF,0.023937627500098726,TCRBV13-01,TCRBJ01-01
36e3ba251cb0ed757eca166629bb0381,CASSAWGFNYGYTF,0.023928622255414776,TCRBV06-X,TCRBJ01-02
36e3ba251cb0ed757eca166629bb0381,CAWSPGTGPYFYGYTF,0.02391844442662111,TCRBV30-01,TCRBJ01-02
36e3ba251cb0ed757eca166629bb0381,CASCPGVAGANVLTF,0.02389967263482215,TCRBV05-01,TCRBJ02-06
36e3ba251cb0ed757eca166629bb0381,CASCPSGGHLSYGYTF,0.023895522386692427,TCRBV28-01,TCRBJ01-02
36e3ba251cb0ed757eca166629bb0381,CASSWTGGGGYGYTF,0.02389551543544286,TCRBV07-02,TCRBJ01-02
37b67c783be7dbce3f1f677586721470,AQYF,0.03497545727911003,TCRBV01-01,TCRBJ02-03
37b67c783be7dbce3f1f677586721470,CASSWGWGNYGYTF,0.0338019283654483,TCRBV25-01,TCRBJ01-02
37b67c783be7dbce3f1f677586721470,RTLKFF,0.03243197045517886,TCRBV21-01,TCRBJ02-01
37b67c783be7dbce3f1f677586721470,CACAGVYGYTF,0.030887688424587896,TCRBV30-01,TCRBJ01-02
37b67c783be7dbce3f1f677586721470,CAGYTYYGYTF,0.030858630172931927,TCRBV30-01,TCRBJ01-02
37b67c783be7dbce3f1f677586721470,CASSYTWTGGYYGYTF,0.03032002826405595,TCRBV06-05,TCRBJ01-02
37b67c783be7dbce3f1f677586721470,CASNPWGSFGYTF,0.03025247015043936,TCRBV06-05,TCRBJ01-02
37b67c783be7dbce3f1f677586721470,APGQGHQPQHF,0.029614359092926753,TCRBV23-01,TCRBJ01-05
37b67c783be7dbce3f1f677586721470,CASMRGYWYGYTF,0.02960945208742336,TCRBV07-07,TCRBJ01-02
37b67c783be7dbce3f1f677586721470,CASSYAYPGGPEAFF,0.029564353157611176,TCRBV06-05,TCRBJ01-01
37b67c783be7dbce3f1f677586721470,CASAGYWYGYTF,0.029537263924668742,TCRBV19-01,TCRBJ01-02
37b67c783be7dbce3f1f677586721470,CASSFWGHPYGYTF,0.028918726246429757,TCRBV12-X,TCRBJ01-02
37b67c783be7dbce3f1f677586721470,CASSLFWWGPWYGYTF,0.028611521674780708,TCRBV07-04,TCRBJ01-02
37b67c783be7dbce3f1f677586721470,CSSWGGYGYTF,0.028260466567582875,TCRBV20-01,TCRBJ01-02
37b67c783be7dbce3f1f677586721470,CASSHPAAPAPLHF,0.02791230442367769,TCRBV11-02,TCRBJ01-06
37b67c783be7dbce3f1f677586721470,WRARANYGYTF,0.02763716525635418,TCRBV25-01,TCRBJ01-02
37b67c783be7dbce3f1f677586721470,CASNPYRGGNYYGYTF,0.02761910295313244,TCRBV12-X,TCRBJ01-02
37b67c783be7dbce3f1f677586721470,CATQILAGLTDTQYF,0.027560367822007648,TCRBV02-01,TCRBJ02-03
37b67c783be7dbce3f1f677586721470,CASSYSYNYGYTF,0.02754397791138111,TCRBV06-02/06-03,TCRBJ01-02
37b67c783be7dbce3f1f677586721470,CAISVGQGVKAGELFF,0.02748676345667792,TCRBV10-03,TCRBJ02-02
37b67c783be7dbce3f1f677586721470,CSYGGPNYGYTF,0.027433775176934884,TCRBV29-01,TCRBJ01-02
37b67c783be7dbce3f1f677586721470,CASSYSYSGGYTF,0.027230788429680734,TCRBV06-02/06-03,TCRBJ01-02
37b67c783be7dbce3f1f677586721470,CASGWGPHIYF,0.027146032959826892,TCRBV06-05,TCRBJ01-03
37b67c783be7dbce3f1f677586721470,CRTGGYYGYTF,0.02697695898276983,TCRBV20-01,TCRBJ01-02
37b67c783be7dbce3f1f677586721470,CASGPPNGWGNYGYTF,0.02692438595943132,TCRBV12-05,TCRBJ01-02
37b67c783be7dbce3f1f677586721470,CASSYWGSRYGYTF,0.026883746809195298,TCRBV06-06,TCRBJ01-02
37b67c783be7dbce3f1f677586721470,CASHPGVYYGYTF,0.02686806296343747,TCRBV02-01,TCRBJ01-02
37b67c783be7dbce3f1f677586721470,CASSYVPTYYGYTF,0.0268185025371385,TCRBV06-05,TCRBJ01-02
37b67c783be7dbce3f1f677586721470,CSAYRVYYGYTF,0.026816771166678584,TCRBV20-X,TCRBJ01-02
37b67c783be7dbce3f1f677586721470,CASSYSSSRRYYGYTF,0.026812933916295724,TCRBV06-05,TCRBJ01-02
37b67c783be7dbce3f1f677586721470,CASSPWGGYGYTF,0.026769038778746455,TCRBV10-02,TCRBJ01-02
37b67c783be7dbce3f1f677586721470,CASSYSNFPGGWTEAFF,0.02673167314942797,TCRBV06-X,TCRBJ01-01
37b67c783be7dbce3f1f677586721470,CATHHWGVNYGYTF,0.026685574250838773,TCRBV25-01,TCRBJ01-02
37b67c783be7dbce3f1f677586721470,CASSFFGTAPYNYGYTF,0.026512818744775683,TCRBV27-01,TCRBJ01-02
37b67c783be7dbce3f1f677586721470,CASSWYRGPTNYGYTF,0.026497060965302913,TCRBV06-05,TCRBJ01-02
37b67c783be7dbce3f1f677586721470,CAWIPGGYNYGYTF,0.026496941040580282,TCRBV30-01,TCRBJ01-02
37b67c783be7dbce3f1f677586721470,CASSWGDKEKEKLFF,0.026417694234198416,TCRBV05-01,TCRBJ01-04
37b67c783be7dbce3f1f677586721470,CASSSNRGRNRGYTF,0.02639209262057861,TCRBV05-04,TCRBJ01-02
37b67c783be7dbce3f1f677586721470,CASSYSGAWWYF,0.026387631511981972,TCRBV06-05,TCRBJ02-07
37b67c783be7dbce3f1f677586721470,CASSLWGYNNYGYTF,0.026331323602818618,TCRBV07-09,TCRBJ01-02
37b67c783be7dbce3f1f677586721470,CASSDSIPHPEPWWYF,0.026301843455324707,TCRBV06-04,TCRBJ02-07
37b67c783be7dbce3f1f677586721470,CASSYIWLAGGPGDTQYF,0.02624677543931389,TCRBV06-X,TCRBJ02-03
37b67c783be7dbce3f1f677586721470,CATPAGYYGYTF,0.02621933830304643,TCRBV21-01,TCRBJ01-02
37b67c783be7dbce3f1f677586721470,CASSYAGGPYYGYTF,0.02619674268458433,TCRBV13-01,TCRBJ01-02
37b67c783be7dbce3f1f677586721470,CSAHGPPWGYTF,0.026173152683106653,TCRBV20-X,TCRBJ01-02
37b67c783be7dbce3f1f677586721470,F,0.026169089102652747,TCRBV27-01,TCRBJ02-01
37b67c783be7dbce3f1f677586721470,CASSYYGISYGYTF,0.02614302084684716,TCRBV06-05,TCRBJ01-02
37b67c783be7dbce3f1f677586721470,CASTWRREGGWIYGYTF,0.026081006723898622,TCRBV06-X,TCRBJ01-02
37b67c783be7dbce3f1f677586721470,LYNSPLHF,0.026075615894612145,TCRBV15-01,TCRBJ01-06
37b67c783be7dbce3f1f677586721470,CASSYGGFFGYTF,0.026072621962559044,TCRBV06-05,TCRBJ01-02
37b67c783be7dbce3f1f677586721470,CASSYGGHTNYGYTF,0.026043797143654405,TCRBV06-06,TCRBJ01-02
37b67c783be7dbce3f1f677586721470,WGTAPVPDTQYF,0.026025456492900417,TCRBV09-01,TCRBJ02-03
37b67c783be7dbce3f1f677586721470,CASSPYYGGNTIYF,0.025996686954056058,TCRBV07-02,TCRBJ01-03
37b67c783be7dbce3f1f677586721470,CASAEPIPFWHHQPQHF,0.025987346387013974,TCRBV03-01/03-02,TCRBJ01-05
37b67c783be7dbce3f1f677586721470,CASSMWGNGYYGYTF,0.025963860026546347,TCRBV19-01,TCRBJ01-02
37b67c783be7dbce3f1f677586721470,CASRTWGYNYGYTF,0.025922196798086192,TCRBV05-06,TCRBJ01-02
37b67c783be7dbce3f1f677586721470,CSAPWGGYGYTF,0.025860979382722818,TCRBV20-X,TCRBJ01-02
37b67c783be7dbce3f1f677586721470,CAYDSYYGYTF,0.025847281075795783,TCRBV30-01,TCRBJ01-02
37b67c783be7dbce3f1f677586721470,CAWSVHTGYAYGYTF,0.025845846352417212,TCRBV30-01,TCRBJ01-02
37b67c783be7dbce3f1f677586721470,CSVEDRWDRWGYTF,0.025845730797527076,TCRBV29-01,TCRBJ01-02
37b67c783be7dbce3f1f677586721470,CSAYGARYTNYGYTF,0.025834845381537075,TCRBV20-X,TCRBJ01-02
37b67c783be7dbce3f1f677586721470,CASSYPWGDF,0.025786192473604575,TCRBV07-04,TCRBJ01-03
37b67c783be7dbce3f1f677586721470,CAIKKGAFF,0.025783316231838375,TCRBV10-03,TCRBJ01-01
37b67c783be7dbce3f1f677586721470,CAGSYSYSGGYTF,0.025770072482712472,TCRBV06-02/06-03,TCRBJ01-02
37b67c783be7dbce3f1f677586721470,CAWSDWGDYGYTF,0.025727781199416072,TCRBV30-01,TCRBJ01-02
37b67c783be7dbce3f1f677586721470,CASSYIYGYTF,0.025675264099902444,TCRBV06-05,TCRBJ01-02
37b67c783be7dbce3f1f677586721470,CASSPWGGNYGYTF,0.02567197350828471,TCRBV05-04,TCRBJ01-02
37b67c783be7dbce3f1f677586721470,CAWKGAFF,0.025649847606736102,TCRBV30-01,TCRBJ01-01
37b67c783be7dbce3f1f677586721470,CASSYGNNYGYTF,0.025649239842551082,TCRBV06-02/06-03,TCRBJ01-02
37b67c783be7dbce3f1f677586721470,CAWSVYGAYGYTF,0.025592071500455792,TCRBV30-01,TCRBJ01-02
37b67c783be7dbce3f1f677586721470,CAWSYRWGPYYEQYF,0.025553270292754594,TCRBV30-01,TCRBJ02-07
37b67c783be7dbce3f1f677586721470,CASMGWGNYGYTF,0.025551723829458216,TCRBV07-09,TCRBJ01-02
37b67c783be7dbce3f1f677586721470,CASSAYRAPYYGYTF,0.02553193358757892,TCRBV06-X,TCRBJ01-02
37b67c783be7dbce3f1f677586721470,CASSEYWGPSYGYTF,0.025530515909668126,TCRBV06-01,TCRBJ01-02
37b67c783be7dbce3f1f677586721470,CAWRFYYGYTF,0.025527256727535447,TCRBV30-01,TCRBJ01-02
37b67c783be7dbce3f1f677586721470,CASSQTYTGTHTRAYTF,0.025516515268374694,TCRBV04-01,TCRBJ01-02
37b67c783be7dbce3f1f677586721470,CACVGRGAWANVLTF,0.025510969856940065,TCRBV30-01,TCRBJ02-06
37b67c783be7dbce3f1f677586721470,CSAIPYGVYGYTF,0.02550531895368948,TCRBV20-X,TCRBJ01-02
37b67c783be7dbce3f1f677586721470,CASAYYHQPQHF,0.025491598290649408,TCRBV02-01,TCRBJ01-05
37b67c783be7dbce3f1f677586721470,CAWRWYTEAFF,0.025475218154608993,TCRBV30-01,TCRBJ01-01
37b67c783be7dbce3f1f677586721470,CASSYSAGTGGWYSGNTIYF,0.025454761094990824,TCRBV06-X,TCRBJ01-03
37b67c783be7dbce3f1f677586721470,CASSFWGGPLGGYTF,0.025433019914702593,TCRBV07-02,TCRBJ01-02
37b67c783be7dbce3f1f677586721470,CASSWYSYWQYF,0.0254246622842095,TCRBV07-08,TCRBJ02-07
37b67c783be7dbce3f1f677586721470,CAAGYNYGYTF,0.025385659969713946,TCRBV07-02,TCRBJ01-02
37b67c783be7dbce3f1f677586721470,CASSFQGGWNYGYTF,0.02536130501783597,TCRBV05-08,TCRBJ01-02
37b67c783be7dbce3f1f677586721470,CASSSWYRDGGYGYTF,0.02535095115195785,TCRBV11-02,TCRBJ01-02
37b67c783be7dbce3f1f677586721470,CATKGHPHYGYTF,0.02533017483446004,TCRBV27-01,TCRBJ01-02
37b67c783be7dbce3f1f677586721470,CAWGFVGGYGYTF,0.025306499506087255,TCRBV30-01,TCRBJ01-02
37b67c783be7dbce3f1f677586721470,CASSYAPGYYGYTF,0.02530219066920857,TCRBV06-06,TCRBJ01-02
37b67c783be7dbce3f1f677586721470,CASSYSWAGYGYTF,0.025297269678696235,TCRBV06-05,TCRBJ01-02
37b67c783be7dbce3f1f677586721470,CASSYWTPNYGYTF,0.025295822073731454,TCRBV06-08,TCRBJ01-02
37b67c783be7dbce3f1f677586721470,CASSYAGTGGWYGYTF,0.025286986819591656,TCRBV07-02,TCRBJ01-02
37b67c783be7dbce3f1f677586721470,CASGGGHSGHYGYTF,0.025275180808657708,TCRBV12-X,TCRBJ01-02
37b67c783be7dbce3f1f677586721470,CAGSYSAHPYGYTF,0.025224951549634236,TCRBV06-05,TCRBJ01-02
37b67c783be7dbce3f1f677586721470,CASSYSPYGYTF,0.025209182122495483,TCRBV06-02/06-03,TCRBJ01-02
37b67c783be7dbce3f1f677586721470,CASHPAAFYGYTF,0.025207970839459578,TCRBV06-05,TCRBJ01-02
37b67c783be7dbce3f1f677586721470,CASSTTGGWGNYGYTF,0.02515595096390705,TCRBV06-X,TCRBJ01-02
37b67c783be7dbce3f1f677586721470,CASSYFGTGGYYGYTF,0.02514169170800307,TCRBV06-05,TCRBJ01-02
37b67c783be7dbce3f1f677586721470,CASSPWSPYYGYTF,0.02509476404569674,TCRBV06-05,TCRBJ01-02
37b67c783be7dbce3f1f677586721470,WTEAFF,0.025081706002842607,TCRBV06-06,TCRBJ01-01
3aa77912d610d12509192cd95715dbdb,CASYGPYYGYTF,0.03614684220676523,TCRBV28-01,TCRBJ01-02
3aa77912d610d12509192cd95715dbdb,WAHQPQHF,0.035129810956682404,TCRBV09-01,TCRBJ01-05
3aa77912d610d12509192cd95715dbdb,WAQPQHF,0.031045253868430538,TCRBV29-01,TCRBJ01-05
3aa77912d610d12509192cd95715dbdb,CASSFLDRGEIVVRNTGELFF,0.030367919943901592,unresolved,TCRBJ02-02
3aa77912d610d12509192cd95715dbdb,CASSPKGRFPYGYTF,0.02936324925347985,TCRBV27-01,TCRBJ01-02
3aa77912d610d12509192cd95715dbdb,CAWIGVYYGYTF,0.028913062498290426,TCRBV30-01,TCRBJ01-02
3aa77912d610d12509192cd95715dbdb,CASSGNVWGGSNYGYTF,0.02849881649574186,TCRBV19-01,TCRBJ01-02
3aa77912d610d12509192cd95715dbdb,CASSYSWGGGYGYTF,0.02822547045742643,TCRBV06-05,TCRBJ01-02
3aa77912d610d12509192cd95715dbdb,CASSYGWNYGYTF,0.027397886964576845,TCRBV06-02/06-03,TCRBJ01-02
3aa77912d610d12509192cd95715dbdb,VWHGYTF,0.027066041469733692,TCRBV20-01,TCRBJ01-02
3aa77912d610d12509192cd95715dbdb,CASSYSGGGWYF,0.026773696162260482,TCRBV06-02/06-03,TCRBJ02-04
3aa77912d610d12509192cd95715dbdb,CASSSRGYHHYGYTF,0.026745288911570193,TCRBV11-02,TCRBJ01-02
3aa77912d610d12509192cd95715dbdb,CAWSVGEWYTIYF,0.0267359814412422,TCRBV30-01,TCRBJ01-03
3aa77912d610d12509192cd95715dbdb,CAYHSPYGYTF,0.026700692890945416,TCRBV28-01,TCRBJ01-02
3aa77912d610d12509192cd95715dbdb,CASSYNPSYYGYTF,0.02664402583697875,TCRBV06-06,TCRBJ01-02
3aa77912d610d12509192cd95715dbdb,CAWGPPGYTF,0.02636460408075593,TCRBV30-01,TCRBJ01-02
3aa77912d610d12509192cd95715dbdb,CASTWGPYNGGYTF,0.026210009646531238,TCRBV07-02,TCRBJ01-02
3aa77912d610d12509192cd95715dbdb,CASGWGYGYTF,0.026075714285317173,TCRBV06-05,TCRBJ01-02
3aa77912d610d12509192cd95715dbdb,CAISEGDRVIISTYGYTF,0.026046302483662825,TCRBV10-03,TCRBJ01-02
3aa77912d610d12509192cd95715dbdb,CAWSVWGVTEAFF,0.025885690217246425,TCRBV30-01,TCRBJ01-01
3aa77912d610d12509192cd95715dbdb,CASGWDRDGDGYTF,0.025871396324291165,TCRBV27-01,TCRBJ01-02
3aa77912d610d12509192cd95715dbdb,CASYHNYGYTF,0.025771257684000754,TCRBV19-01,TCRBJ01-02
3aa77912d610d12509192cd95715dbdb,CASAHYF,0.025528359881219705,TCRBV18-01,TCRBJ02-07
3aa77912d610d12509192cd95715dbdb,CAWNPFGELFF,0.02548742901298205,TCRBV30-01,TCRBJ02-02
3aa77912d610d12509192cd95715dbdb,LKDIQPQHF,0.025443382776857648,TCRBV21-01,TCRBJ01-05
3aa77912d610d12509192cd95715dbdb,CASNYLAGGYYGYTF,0.02535315444671186,TCRBV28-01,TCRBJ01-02
3aa77912d610d12509192cd95715dbdb,CASKLKAAGYGYTF,0.025350359121923377,TCRBV27-01,TCRBJ01-02
3aa77912d610d12509192cd95715dbdb,CAWSKHPNYGYTF,0.025278217721634536,TCRBV30-01,TCRBJ01-02
3aa77912d610d12509192cd95715dbdb,CASSYVRTGYMIGYTF,0.025215782926817615,TCRBV06-05,TCRBJ01-02
3aa77912d610d12509192cd95715dbdb,CASSYSYRAVYGYTF,0.025168198464677376,TCRBV06-05,TCRBJ01-02
3aa77912d610d12509192cd95715dbdb,CAWSAYYGYTF,0.025148149628582788,TCRBV30-01,TCRBJ01-02
3aa77912d610d12509192cd95715dbdb,CATPHWARYGYTF,0.025084059955792153,TCRBV06-05,TCRBJ01-02
3aa77912d610d12509192cd95715dbdb,CATSWWTGTGTGDGYTF,0.024903562766778617,TCRBV02-01,TCRBJ01-02
3aa77912d610d12509192cd95715dbdb,CAWWGEGAAYGYTF,0.024885392755370984,TCRBV30-01,TCRBJ01-02
3aa77912d610d12509192cd95715dbdb,CAWGGQGWGYTF,0.024792024045032477,TCRBV30-01,TCRBJ01-02
3aa77912d610d12509192cd95715dbdb,CAWSHREAFF,0.024765591012098385,TCRBV30-01,TCRBJ01-01
3aa77912d610d12509192cd95715dbdb,CASSLYHPGGTEKLFF,0.024712068922687593,TCRBV05-06,TCRBJ01-04
3aa77912d610d12509192cd95715dbdb,CSASPPSPPPLHF,0.024693765211079823,TCRBV20-X,TCRBJ01-06
3aa77912d610d12509192cd95715dbdb,CASSYRPGYGYTF,0.024688178793892807,TCRBV06-05,TCRBJ01-02
3aa77912d610d12509192cd95715dbdb,CASYYRSFGNYGYTF,0.02464185847613533,TCRBV28-01,TCRBJ01-02
3aa77912d610d12509192cd95715dbdb,QPQHF,0.024621353740319585,TCRBV20-01,TCRBJ01-05
3aa77912d610d12509192cd95715dbdb,CASHPGGQGYYGYTF,0.02461577184238594,TCRBV02-01,TCRBJ01-02
3aa77912d610d12509192cd95715dbdb,CASSLKGKGKF,0.024504730260511445,TCRBV06-05,TCRBJ02-03
3aa77912d610d12509192cd95715dbdb,CASSYGYGYTF,0.024498189835316132,TCRBV06-06,TCRBJ01-02
3aa77912d610d12509192cd95715dbdb,CASSDPFWTGDWYYGYTF,0.02438823409487759,TCRBV06-01,TCRBJ01-02
3aa77912d610d12509192cd95715dbdb,CASFYRYGYTF,0.0243495599273467,TCRBV19-01,TCRBJ01-02
3aa77912d610d12509192cd95715dbdb,CASSYYRGANYGYTF,0.024325745552243292,TCRBV06-05,TCRBJ01-02
3aa77912d610d12509192cd95715dbdb,WGGHKHNEQFF,0.024270373060138406,TCRBV24-01,TCRBJ02-01
3aa77912d610d12509192cd95715dbdb,CAPPAQPQHF,0.024252103449344392,TCRBV30-01,TCRBJ01-05
3aa77912d610d12509192cd95715dbdb,CASSPQQAQGAPGANVLTF,0.024219189819283324,TCRBV18-01,TCRBJ02-06
3aa77912d610d12509192cd95715dbdb,CAWDPWGGAEAFF,0.02412561905879741,TCRBV30-01,TCRBJ01-01
3aa77912d610d12509192cd95715dbdb,CSAAPGANVLTF,0.024091373343404422,TCRBV20-X,TCRBJ02-06
3aa77912d610d12509192cd95715dbdb,CASTPLWGGYGYTF,0.024049582938342008,TCRBV28-01,TCRBJ01-02
3aa77912d610d12509192cd95715dbdb,CAWSVWGGAQGKAFF,0.024031265041855262,TCRBV30-01,TCRBJ01-01
3aa77912d610d12509192cd95715dbdb,CASSYSGTGGFNYGYTF,0.02401321639101335,TCRBV05-01,TCRBJ01-02
3aa77912d610d12509192cd95715dbdb,CAWSGPWGGNTIYF,0.023987141161335223,TCRBV30-01,TCRBJ01-03
3aa77912d610d12509192cd95715dbdb,CAWMWGTDTQYF,0.02398358930108146,TCRBV30-01,TCRBJ02-03
3aa77912d610d12509192cd95715dbdb,CASSYSGYGYTF,0.023964765545969012,TCRBV06-05,TCRBJ01-02
3aa77912d610d12509192cd95715dbdb,CAWSWGQGGVTIYF,0.0239608461221506,TCRBV30-01,TCRBJ01-03
3aa77912d610d12509192cd95715dbdb,CSAPFGGAPGNTIYF,0.023930815652182053,TCRBV20-X,TCRBJ01-03
3aa77912d610d12509192cd95715dbdb,CASMKPGHLKWAFF,0.023902644282886767,TCRBV06-05,TCRBJ01-01
3aa77912d610d12509192cd95715dbdb,CAWGRIPEAFF,0.02386191253573004,TCRBV30-01,TCRBJ01-01
3aa77912d610d12509192cd95715dbdb,CSYNSGYGYTF,0.02386177231354151,TCRBV29-01,TCRBJ01-02
3aa77912d610d12509192cd95715dbdb,CASSPAPGANVLTF,0.02383836509419611,TCRBV06-05,TCRBJ02-06
3aa77912d610d12509192cd95715dbdb,CAWRVVWVNTEAFF,0.0238284694244697,TCRBV30-01,TCRBJ01-01
3aa77912d610d12509192cd95715dbdb,CAWGGGLNYGYTF,0.023821109901317392,TCRBV30-01,TCRBJ01-02
3aa77912d610d12509192cd95715dbdb,CSVSGGKWWGYTF,0.023814493907687997,TCRBV29-01,TCRBJ01-02
3aa77912d610d12509192cd95715dbdb,CSASPYAGNYGYTF,0.023772838029203602,TCRBV20-X,TCRBJ01-02
3aa77912d610d12509192cd95715dbdb,CSAILPWGGQGGGYTF,0.02372038916951504,TCRBV20-X,TCRBJ01-02
3aa77912d610d12509192cd95715dbdb,CASSYHRNYGYTF,0.02367874921997827,TCRBV06-06,TCRBJ01-02
3aa77912d610d12509192cd95715dbdb,CASSAGGAWGAFF,0.023641223775274906,TCRBV28-01,TCRBJ01-01
3aa77912d610d12509192cd95715dbdb,CSARGSNRGGGPYSNQPQHF,0.02360811133730409,TCRBV20-X,TCRBJ01-05
3aa77912d610d12509192cd95715dbdb,CASTPAGGTGANVLTF,0.023601749490825004,TCRBV19-01,TCRBJ02-06
3aa77912d610d12509192cd95715dbdb,CASSYHRGVYGYTF,0.023589012969244205,TCRBV06-02/06-03,TCRBJ01-02
3aa77912d610d12509192cd95715dbdb,CASSYSGPNYGYTF,0.02358569914076022,TCRBV06-02/06-03,TCRBJ01-02
3aa77912d610d12509192cd95715dbdb,CARWGPPWTEAFF,0.02356734815563877,TCRBV24-01,TCRBJ01-01
3aa77912d610d12509192cd95715dbdb,CASSSQGGHYNQPQHF,0.023554834014940157,TCRBV07-06,TCRBJ01-05
3aa77912d610d12509192cd95715dbdb,CASSYGHPGYTF,0.023535320190864212,TCRBV06-06,TCRBJ01-02
3aa77912d610d12509192cd95715dbdb,CASSYSYGGAGNTIYF,0.02352080743260095,TCRBV06-05,TCRBJ01-03
3aa77912d610d12509192cd95715dbdb,CSAILPWGGPGGGYTF,0.023499262566487298,TCRBV20-X,TCRBJ01-02
3aa77912d610d12509192cd95715dbdb,CASSHQGGYYGYTF,0.023473789385789794,TCRBV27-01,TCRBJ01-02
3aa77912d610d12509192cd95715dbdb,CASSYWGPPEGNTIYF,0.023472658796135026,TCRBV06-05,TCRBJ01-03
3aa77912d610d12509192cd95715dbdb,CASSYNQGNNYGYTF,0.023469192213577926,TCRBV06-05,TCRBJ01-02
3aa77912d610d12509192cd95715dbdb,CASSPGGGGFSGNTIYF,0.02346233565817971,TCRBV18-01,TCRBJ01-03
3aa77912d610d12509192cd95715dbdb,CASSYGFYGYTF,0.023451590371671945,TCRBV06-05,TCRBJ01-02
3aa77912d610d12509192cd95715dbdb,CASSPKGTMKFF,0.023442502954858092,TCRBV14-01,TCRBJ02-01
3aa77912d610d12509192cd95715dbdb,CASSEYGYYGYTF,0.023401771626177133,TCRBV02-01,TCRBJ01-02
3aa77912d610d12509192cd95715dbdb,CAWGPPGHGNQPQHF,0.02339623214908479,TCRBV30-01,TCRBJ01-05
3aa77912d610d12509192cd95715dbdb,CASSMGYWGRITEAFF,0.023394090660935934,TCRBV19-01,TCRBJ01-01
3aa77912d610d12509192cd95715dbdb,CASSGPWGWDGYTF,0.02338595475065476,TCRBV06-X,TCRBJ01-02
3aa77912d610d12509192cd95715dbdb,CASSPGYNNYGYTF,0.023367234477023702,TCRBV05-04,TCRBJ01-02
3aa77912d610d12509192cd95715dbdb,CASNGGFNYGYTF,0.02336620342978264,TCRBV06-05,TCRBJ01-02
3aa77912d610d12509192cd95715dbdb,CASSLKREVKKFF,0.023337281484289703,TCRBV07-06,TCRBJ02-01
3aa77912d610d12509192cd95715dbdb,CASSEGWGAGYGYTF,0.023336144406677157,TCRBV06-01,TCRBJ01-02
3aa77912d610d12509192cd95715dbdb,CASSWGRAMYF,0.023331712765505854,TCRBV06-05,TCRBJ02-05
3aa77912d610d12509192cd95715dbdb,CASSFNNGVGAFF,0.023326988623993117,TCRBV05-01,TCRBJ01-01
3aa77912d610d12509192cd95715dbdb,CAWNWAGNYGYTF,0.023322182596936702,TCRBV30-01,TCRBJ01-02
3aa77912d610d12509192cd95715dbdb,CASSYYGTGNYGYTF,0.0233063646372674,TCRBV06-02/06-03,TCRBJ01-02
3aa77912d610d12509192cd95715dbdb,CASSYDRYYGYTF,0.02325563121050537,TCRBV06-02/06-03,TCRBJ01-02
3e91b29c90dd04bdd38e3496170a2374,QWYSPLHF,0.02818143229516636,TCRBV20-01,TCRBJ01-06
3e91b29c90dd04bdd38e3496170a2374,CASSYYSGGYTF,0.027682518836694977,TCRBV06-02/06-03,TCRBJ01-02
3e91b29c90dd04bdd38e3496170a2374,HEAFF,0.027643058802986138,TCRBV27-01,TCRBJ01-01
3e91b29c90dd04bdd38e3496170a2374,CATIPGWWNYGYTF,0.027026642663155253,TCRBV06-05,TCRBJ01-02
3e91b29c90dd04bdd38e3496170a2374,CASSYYRTGYGYTF,0.026875229568450603,TCRBV06-05,TCRBJ01-02
3e91b29c90dd04bdd38e3496170a2374,CASWGYF,0.0268597437413149,TCRBV27-01,TCRBJ02-04
3e91b29c90dd04bdd38e3496170a2374,CSYGDYYGYTF,0.02683821951213536,TCRBV29-01,TCRBJ01-02
3e91b29c90dd04bdd38e3496170a2374,CATTPAVGYNYGYTF,0.026834970766296564,TCRBV05-04,TCRBJ01-02
3e91b29c90dd04bdd38e3496170a2374,CASSYWDSRYYGYTF,0.026773643356564205,TCRBV06-02/06-03,TCRBJ01-02
3e91b29c90dd04bdd38e3496170a2374,CASSYFGGGSNYGYTF,0.026568173820563434,TCRBV07-02,TCRBJ01-02
3e91b29c90dd04bdd38e3496170a2374,CARPG,0.02649116682877161,TCRBV07-09,TCRBJ02-02
3e91b29c90dd04bdd38e3496170a2374,CAWSGPTGGYYGYTF,0.02601018599549369,TCRBV30-01,TCRBJ01-02
3e91b29c90dd04bdd38e3496170a2374,CASSYKGPWGYGYTF,0.025999491270704413,TCRBV06-05,TCRBJ01-02
3e91b29c90dd04bdd38e3496170a2374,CASSGAYGFNYGYTF,0.025969311290709753,TCRBV06-02/06-03,TCRBJ01-02
3e91b29c90dd04bdd38e3496170a2374,CASSYYPGQGGYNGYTF,0.025705060620301107,TCRBV06-X,TCRBJ01-02
3e91b29c90dd04bdd38e3496170a2374,CSAGGYNYGYTF,0.0254771123143249,TCRBV20-X,TCRBJ01-02
3e91b29c90dd04bdd38e3496170a2374,CSAHWGPSKYF,0.02541045838407857,TCRBV29-01,TCRBJ02-05
3e91b29c90dd04bdd38e3496170a2374,WAGHDSPLHF,0.025408802257896414,TCRBV14-01,TCRBJ01-06
3e91b29c90dd04bdd38e3496170a2374,CASHPLHF,0.02525333080597721,TCRBV21-01,TCRBJ01-06
3e91b29c90dd04bdd38e3496170a2374,CAIAPGANVLTF,0.02521938580684512,TCRBV02-01,TCRBJ02-06
3e91b29c90dd04bdd38e3496170a2374,CASSWWDRYTEAFF,0.025178845363182205,TCRBV06-05,TCRBJ01-01
3e91b29c90dd04bdd38e3496170a2374,CASYLPGYGYTF,0.025111050315013133,TCRBV28-01,TCRBJ01-02
3e91b29c90dd04bdd38e3496170a2374,CATTARRAGANVLTF,0.025039610270354434,TCRBV15-01,TCRBJ02-06
3e91b29c90dd04bdd38e3496170a2374,CASSYWGTGANYGYTF,0.025025759939394383,TCRBV06-02/06-03,TCRBJ01-02
3e91b29c90dd04bdd38e3496170a2374,CSALIKRAFF,0.025004016856348284,TCRBV20-01,TCRBJ01-01
3e91b29c90dd04bdd38e3496170a2374,RRGYTF,0.024939982166436826,TCRBV25-01,TCRBJ01-02
3e91b29c90dd04bdd38e3496170a2374,CASSYSTGGYYGYTF,0.024916294389858585,TCRBV06-05,TCRBJ01-02
3e91b29c90dd04bdd38e3496170a2374,CASSSYGTGFGYGYTF,0.024720244234654708,TCRBV06-02/06-03,TCRBJ01-02
3e91b29c90dd04bdd38e3496170a2374,CASSYRFGYGYTF,0.02465657531376624,TCRBV06-05,TCRBJ01-02
3e91b29c90dd04bdd38e3496170a2374,CASSFGGGPYGNTIYF,0.02465371152277402,TCRBV28-01,TCRBJ01-03
3e91b29c90dd04bdd38e3496170a2374,CASRPGGVRYNYGYTF,0.024640179552795037,TCRBV05-08,TCRBJ01-02
3e91b29c90dd04bdd38e3496170a2374,CASSYSRARHYYGYTF,0.02454293832366444,TCRBV06-02/06-03,TCRBJ01-02
3e91b29c90dd04bdd38e3496170a2374,CASSYGPYGYTF,0.024499476131687653,TCRBV06-05,TCRBJ01-02
3e91b29c90dd04bdd38e3496170a2374,CASSSWGAYDYGYTF,0.024445312175472703,TCRBV06-06,TCRBJ01-02
3e91b29c90dd04bdd38e3496170a2374,CASSYSYGGASSGNTIYF,0.02441476282018283,TCRBV06-02/06-03,TCRBJ01-03
3e91b29c90dd04bdd38e3496170a2374,CASSYWDRVTEAFF,0.02441384996709171,TCRBV06-02/06-03,TCRBJ01-01
3e91b29c90dd04bdd38e3496170a2374,CASGLVRGTVTFTGELFF,0.024402794736189785,TCRBV12-05,TCRBJ02-02
3e91b29c90dd04bdd38e3496170a2374,CASPWPQHF,0.02437932654874371,TCRBV10-03,TCRBJ01-05
3e91b29c90dd04bdd38e3496170a2374,CASSEDWWWETQYF,0.024360411731703998,TCRBV05-05,TCRBJ02-05
3e91b29c90dd04bdd38e3496170a2374,CASSYYRGANYGYTF,0.024325745552243292,TCRBV06-05,TCRBJ01-02
3e91b29c90dd04bdd38e3496170a2374,CSPLPHGGVINYGYTF,0.024322112977925563,TCRBV20-X,TCRBJ01-02
3e91b29c90dd04bdd38e3496170a2374,CAIYGGYGYTF,0.02431019483413804,TCRBV12-03/12-04,TCRBJ01-02
3e91b29c90dd04bdd38e3496170a2374,CASSYYVGSNYGYTF,0.024304153091790633,TCRBV06-02/06-03,TCRBJ01-02
3e91b29c90dd04bdd38e3496170a2374,CASSSYGANYGYTF,0.024281729185304884,TCRBV06-05,TCRBJ01-02
3e91b29c90dd04bdd38e3496170a2374,CSAYVHGTYGYTF,0.0242200843052554,TCRBV20-X,TCRBJ01-02
3e91b29c90dd04bdd38e3496170a2374,CASSWGKGYGYTF,0.024140773092129274,TCRBV07-02,TCRBJ01-02
3e91b29c90dd04bdd38e3496170a2374,CASKGVPTGANVLTF,0.02413952341594181,TCRBV19-01,TCRBJ02-06
3e91b29c90dd04bdd38e3496170a2374,CASSWWEGEAEAFF,0.024124164574538767,TCRBV06-02/06-03,TCRBJ01-01
3e91b29c90dd04bdd38e3496170a2374,CASSYWDRDYGYTF,0.024120454027460353,TCRBV06-02/06-03,TCRBJ01-02
3e91b29c90dd04bdd38e3496170a2374,LVYGYTF,0.024110382443048244,TCRBV20-01,TCRBJ01-02
3e91b29c90dd04bdd38e3496170a2374,CASSYGGAYF,0.024104362492753807,TCRBV06-06,TCRBJ02-07
3e91b29c90dd04bdd38e3496170a2374,CASNAPGAGANVLTF,0.024098440729982993,TCRBV16-01,TCRBJ02-06
3e91b29c90dd04bdd38e3496170a2374,CSPKDYAPFF,0.023919376087744915,TCRBV20-01,TCRBJ02-01
3e91b29c90dd04bdd38e3496170a2374,CSAWGTGYGYTF,0.0238765389300559,TCRBV20-X,TCRBJ01-02
3e91b29c90dd04bdd38e3496170a2374,GWMNTEAFF,0.023862015273289308,TCRBV21-01,TCRBJ01-01
3e91b29c90dd04bdd38e3496170a2374,CASSPQGAPGANVLTF,0.023748143677766804,TCRBV18-01,TCRBJ02-06
3e91b29c90dd04bdd38e3496170a2374,CASSYFPGSNTEAFF,0.023738611925658574,TCRBV06-06,TCRBJ01-01
3e91b29c90dd04bdd38e3496170a2374,CAWTLTWGIGYTF,0.02372962311548722,TCRBV30-01,TCRBJ01-02
3e91b29c90dd04bdd38e3496170a2374,CASAPGHNYGYTF,0.023701260103612013,TCRBV03-01/03-02,TCRBJ01-02
3e91b29c90dd04bdd38e3496170a2374,CASSSSWVAFF,0.02370046982209215,TCRBV28-01,TCRBJ01-01
3e91b29c90dd04bdd38e3496170a2374,CAWTIKGANVLTF,0.02369463798096524,TCRBV30-01,TCRBJ02-06
3e91b29c90dd04bdd38e3496170a2374,CASSHPGGHPADYGYTF,0.023660583695458478,TCRBV03-01/03-02,TCRBJ01-02
3e91b29c90dd04bdd38e3496170a2374,CASKVMGAWGYTF,0.023613997981738608,TCRBV02-01,TCRBJ01-02
3e91b29c90dd04bdd38e3496170a2374,CASTYDPGAWGYTF,0.0235945997342206,TCRBV05-05,TCRBJ01-02
3e91b29c90dd04bdd38e3496170a2374,CASSYYTTGRGVWYF,0.023560883900391048,TCRBV06-05,TCRBJ02-07
3e91b29c90dd04bdd38e3496170a2374,CSAPGQGAPGANVLTF,0.023560364887591844,TCRBV20-X,TCRBJ02-06
3e91b29c90dd04bdd38e3496170a2374,CASSLYNNPGTGYNPGNTIYF,0.023500493573492036,TCRBV13-01,TCRBJ01-03
3e91b29c90dd04bdd38e3496170a2374,CATKPIMNTEAFF,0.023494393866648627,TCRBV07-03,TCRBJ01-01
3e91b29c90dd04bdd38e3496170a2374,CASSSGGYYGYTF,0.023477674100603328,TCRBV07-02,TCRBJ01-02
3e91b29c90dd04bdd38e3496170a2374,CASSHRPGHPEYQPQHF,0.023397415667225842,TCRBV06-06,TCRBJ01-05
3e91b29c90dd04bdd38e3496170a2374,CASSSYNGYGYTF,0.02339015204800336,TCRBV05-05,TCRBJ01-02
3e91b29c90dd04bdd38e3496170a2374,CASSYKCSYF,0.023387510101893633,TCRBV06-02/06-03,TCRBJ02-07
3e91b29c90dd04bdd38e3496170a2374,CASSYRAGYGYTF,0.023361361638308584,TCRBV06-02/06-03,TCRBJ01-02
3e91b29c90dd04bdd38e3496170a2374,CASLWDRVLEKLFF,0.02334876872827942,TCRBV27-01,TCRBJ01-04
3e91b29c90dd04bdd38e3496170a2374,CASSHMDRHTF,0.023345658399709323,TCRBV28-01,TCRBJ01-02
3e91b29c90dd04bdd38e3496170a2374,CASSPYGGGFRANYGYTF,0.02333362591119041,TCRBV28-01,TCRBJ01-02
3e91b29c90dd04bdd38e3496170a2374,CSAWGGSGNSGNTIYF,0.023293630479131116,TCRBV20-X,TCRBJ01-03
3e91b29c90dd04bdd38e3496170a2374,CASSYVGYGYTF,0.023282087713115008,TCRBV06-02/06-03,TCRBJ01-02
3e91b29c90dd04bdd38e3496170a2374,CASSVGYNYGYTF,0.0232818295086151,TCRBV11-02,TCRBJ01-02
3e91b29c90dd04bdd38e3496170a2374,CAWSPHQPQHF,0.02326571860619316,TCRBV30-01,TCRBJ01-05
3e91b29c90dd04bdd38e3496170a2374,CASTYKRGYGYTF,0.02325528325869249,TCRBV27-01,TCRBJ01-02
3e91b29c90dd04bdd38e3496170a2374,CSAPGQGAWGGNQPQHF,0.02320831044745086,TCRBV20-X,TCRBJ01-05
3e91b29c90dd04bdd38e3496170a2374,APAVKPVAQSRANVLTF,0.023179240554871985,TCRBV10-01,TCRBJ02-06
3e91b29c90dd04bdd38e3496170a2374,CASSHVGGAPGANVLTF,0.02314845735499398,TCRBV04-03,TCRBJ02-06
3e91b29c90dd04bdd38e3496170a2374,CASSGGVFNYGYTF,0.02312387986654454,TCRBV25-01,TCRBJ01-02
3e91b29c90dd04bdd38e3496170a2374,CSARKGALIYGYTF,0.0231204353034806,TCRBV20-X,TCRBJ01-02
3e91b29c90dd04bdd38e3496170a2374,CASSIGQGIGELFF,0.02311954075492722,TCRBV19-01,TCRBJ02-02
3e91b29c90dd04bdd38e3496170a2374,CALWGVWEKLFF,0.023085757100278093,TCRBV11-03,TCRBJ01-04
3e91b29c90dd04bdd38e3496170a2374,CASSHRGSYYGYTF,0.023063661208304862,TCRBV03-01/03-02,TCRBJ01-02
3e91b29c90dd04bdd38e3496170a2374,CSVHPGGPYGYTF,0.023057035125612576,TCRBV20-X,TCRBJ01-02
3e91b29c90dd04bdd38e3496170a2374,CASSWGKNYGYTF,0.0230535096714193,TCRBV27-01,TCRBJ01-02
3e91b29c90dd04bdd38e3496170a2374,CASSPPWYNYGYTF,0.022977160504681918,TCRBV28-01,TCRBJ01-02
3e91b29c90dd04bdd38e3496170a2374,CASSPAGGYYGYTF,0.022975700707714958,TCRBV07-02,TCRBJ01-02
3e91b29c90dd04bdd38e3496170a2374,CASWFQGGYGYTF,0.022974863138246843,TCRBV27-01,TCRBJ01-02
3e91b29c90dd04bdd38e3496170a2374,CASTGGFNYGYTF,0.022925120101645324,TCRBV02-01,TCRBJ01-02
3e91b29c90dd04bdd38e3496170a2374,CASRWGGWMNTEAFF,0.022913436724180027,TCRBV06-02/06-03,TCRBJ01-01
3e91b29c90dd04bdd38e3496170a2374,CASSYYPTGGDYGYTF,0.022888281095293082,TCRBV06-06,TCRBJ01-02
3e91b29c90dd04bdd38e3496170a2374,CASCNMGNYGYTF,0.022873657069927302,TCRBV28-01,TCRBJ01-02
3e91b29c90dd04bdd38e3496170a2374,CASSPPAYYYGYTF,0.02286896023614594,TCRBV11-02,TCRBJ01-02
3e91b29c90dd04bdd38e3496170a2374,CATGGWGLNYGYTF,0.022862079197800603,TCRBV06-05,TCRBJ01-02
40e7749c8ea183ded697cbee642c406f,FF,0.04636419028842517,TCRBV30-01,TCRBJ02-01
40e7749c8ea183ded697cbee642c406f,YF,0.043498104297022874,TCRBV30-01,TCRBJ01-03
40e7749c8ea183ded697cbee642c406f,CASSHWWGYYGYTF,0.0377813321328676,TCRBV04-03,TCRBJ01-02
40e7749c8ea183ded697cbee642c406f,CANF,0.03776590060708804,TCRBV07-X,TCRBJ02-07
40e7749c8ea183ded697cbee642c406f,CASSYWYYGYTF,0.03517784184285209,TCRBV06-02/06-03,TCRBJ01-02
40e7749c8ea183ded697cbee642c406f,CASSFWDRVTEAFF,0.0340302676436661,TCRBV19-01,TCRBJ01-01
40e7749c8ea183ded697cbee642c406f,IYF,0.03337645449027785,TCRBV03-01/03-02,TCRBJ02-07
40e7749c8ea183ded697cbee642c406f,WPQHF,0.032980836358706155,TCRBV05-01,TCRBJ01-05
40e7749c8ea183ded697cbee642c406f,CSVYYYGYTF,0.032914088051017976,TCRBV29-01,TCRBJ01-02
40e7749c8ea183ded697cbee642c406f,CAWSGGYSYYGYTF,0.032796350643243856,TCRBV30-01,TCRBJ01-02
40e7749c8ea183ded697cbee642c406f,CAWSWWRGAFF,0.032675214357736834,TCRBV30-01,TCRBJ01-01
40e7749c8ea183ded697cbee642c406f,CAWSLSGGPYNEQFF,0.032644689208515536,TCRBV30-01,TCRBJ02-01
40e7749c8ea183ded697cbee642c406f,CSAYLYRPYMYF,0.03242282917571496,TCRBV20-X,TCRBJ02-07
40e7749c8ea183ded697cbee642c406f,CASTWGWGNYGYTF,0.03236842207663451,TCRBV25-01,TCRBJ01-02
40e7749c8ea183ded697cbee642c406f,CASSFYWGPNYGYTF,0.032174227260830336,TCRBV05-05,TCRBJ01-02
40e7749c8ea183ded697cbee642c406f,CACTYMSYGYTF,0.03211176181547226,TCRBV30-01,TCRBJ01-02
40e7749c8ea183ded697cbee642c406f,CASSAPYYYGYTF,0.03172743218462173,TCRBV02-01,TCRBJ01-02
40e7749c8ea183ded697cbee642c406f,KSYTF,0.03159831776031382,TCRBV27-01,TCRBJ01-02
40e7749c8ea183ded697cbee642c406f,CSARAYIYGYTF,0.03139877751515104,TCRBV20-X,TCRBJ01-02
40e7749c8ea183ded697cbee642c406f,CASSPPRTLDRFPVGYGYTF,0.03114733151979858,TCRBV18-01,TCRBJ01-02
40e7749c8ea183ded697cbee642c406f,CASCAPGANVLTF,0.031129475386298806,TCRBV25-01,TCRBJ02-06
40e7749c8ea183ded697cbee642c406f,CASSAWDRVKEKLFF,0.03097734808175107,TCRBV03-01/03-02,TCRBJ01-04
40e7749c8ea183ded697cbee642c406f,CASSSYWGRWANYGYTF,0.03093675727680624,TCRBV11-03,TCRBJ01-02
40e7749c8ea183ded697cbee642c406f,CAWYRWGGGYTF,0.03081798524774556,TCRBV30-01,TCRBJ01-02
40e7749c8ea183ded697cbee642c406f,CASSYYGGYHGYTF,0.03071005547358185,TCRBV06-02/06-03,TCRBJ01-02
40e7749c8ea183ded697cbee642c406f,CASSSYYYGYTF,0.030622047353440273,TCRBV11-01,TCRBJ01-02
40e7749c8ea183ded697cbee642c406f,CASRGWGYTNYGYTF,0.030356520880416182,TCRBV07-09,TCRBJ01-02
40e7749c8ea183ded697cbee642c406f,CASSYGYSWGYTF,0.030169279605339536,TCRBV06-05,TCRBJ01-02
40e7749c8ea183ded697cbee642c406f,CAWVWAYGYTF,0.029943055298749396,TCRBV30-01,TCRBJ01-02
40e7749c8ea183ded697cbee642c406f,CAWWGTGGGYGYTF,0.029840612835046156,TCRBV30-01,TCRBJ01-02
40e7749c8ea183ded697cbee642c406f,CASSYYRNYGYTF,0.02979071033998344,TCRBV06-02/06-03,TCRBJ01-02
40e7749c8ea183ded697cbee642c406f,CAWKERWAFF,0.02978915644397857,TCRBV30-01,TCRBJ01-01
40e7749c8ea183ded697cbee642c406f,CACTSVWAFF,0.02973260818348179,TCRBV30-01,TCRBJ01-01
40e7749c8ea183ded697cbee642c406f,CAWMPAEVKAFF,0.02970174992597265,TCRBV30-01,TCRBJ01-01
40e7749c8ea183ded697cbee642c406f,CAWSPWGYGYTF,0.029662364249809958,TCRBV30-01,TCRBJ01-02
40e7749c8ea183ded697cbee642c406f,CAWITGWGYYGYTF,0.029579294324307077,TCRBV30-01,TCRBJ01-02
40e7749c8ea183ded697cbee642c406f,CASSYGHYYGYTF,0.02940747396785503,TCRBV06-02/06-03,TCRBJ01-02
40e7749c8ea183ded697cbee642c406f,CASSYCGGVYYGYTF,0.029392814214704608,TCRBV06-02/06-03,TCRBJ01-02
40e7749c8ea183ded697cbee642c406f,CASYYGGYTF,0.029378798916831077,TCRBV19-01,TCRBJ01-02
40e7749c8ea183ded697cbee642c406f,CASSYYGPGYTF,0.029331696999187792,TCRBV06-02/06-03,TCRBJ01-02
40e7749c8ea183ded697cbee642c406f,CSVHEWGGFYYGYTF,0.029231848042702756,TCRBV29-01,TCRBJ01-02
40e7749c8ea183ded697cbee642c406f,CASSPYYRAYYGYTF,0.029191130914713963,TCRBV06-05,TCRBJ01-02
40e7749c8ea183ded697cbee642c406f,GPLHF,0.02915211690052267,TCRBV18-01,TCRBJ01-06
40e7749c8ea183ded697cbee642c406f,CAWGGPYGYTF,0.02914809211495462,TCRBV30-01,TCRBJ01-02
40e7749c8ea183ded697cbee642c406f,CACYSGGVYYGYTF,0.029083975825474662,TCRBV06-X,TCRBJ01-02
40e7749c8ea183ded697cbee642c406f,CASSYPYYGYTF,0.028907292741297295,TCRBV06-02/06-03,TCRBJ01-02
40e7749c8ea183ded697cbee642c406f,CAWSWWQGAFF,0.028905937478994333,TCRBV30-01,TCRBJ01-01
40e7749c8ea183ded697cbee642c406f,CASSWGGAGGFGYTF,0.028874113241360622,TCRBV28-01,TCRBJ01-02
40e7749c8ea183ded697cbee642c406f,WLPNPYTF,0.02884678938879047,TCRBV19-01,TCRBJ01-02
40e7749c8ea183ded697cbee642c406f,CASSYYRGYGYTF,0.028780795306422947,TCRBV06-05,TCRBJ01-02
40e7749c8ea183ded697cbee642c406f,CASSSFGGFGGNYGYTF,0.028727260350955637,TCRBV06-X,TCRBJ01-02
40e7749c8ea183ded697cbee642c406f,CAGWGAGYGYTF,0.028725579015636056,TCRBV28-01,TCRBJ01-02
40e7749c8ea183ded697cbee642c406f,CAWSGGYGNNYGYTF,0.02869094581025872,TCRBV30-01,TCRBJ01-02
40e7749c8ea183ded697cbee642c406f,CASSSYGNNYGYTF,0.028657275605611644,TCRBV07-02,TCRBJ01-02
40e7749c8ea183ded697cbee642c406f,CASSYYPSYGYTF,0.02857254149346003,TCRBV06-05,TCRBJ01-02
40e7749c8ea183ded697cbee642c406f,CAWSGWGTGAGYGYTF,0.028564940527397033,TCRBV30-01,TCRBJ01-02
40e7749c8ea183ded697cbee642c406f,CATYIWKKHGYTF,0.028555507803756094,TCRBV05-04,TCRBJ01-02
40e7749c8ea183ded697cbee642c406f,CASSYSGHHYQPQHF,0.02849390080664626,TCRBV06-02/06-03,TCRBJ01-05
40e7749c8ea183ded697cbee642c406f,CASSWPTYYYGYTF,0.02836878327893291,TCRBV05-04,TCRBJ01-02
40e7749c8ea183ded697cbee642c406f,CATYYNYGYTF,0.028359534978388664,TCRBV06-05,TCRBJ01-02
40e7749c8ea183ded697cbee642c406f,RNYGYTF,0.028345334763896776,TCRBV09-01,TCRBJ01-02
40e7749c8ea183ded697cbee642c406f,CASSYGYYGYTF,0.028340804233801975,TCRBV06-02/06-03,TCRBJ01-02
40e7749c8ea183ded697cbee642c406f,CSVEDVGYWGYNYGYTF,0.028331305535461978,TCRBV29-01,TCRBJ01-02
40e7749c8ea183ded697cbee642c406f,CASSWGGNSGYGYTF,0.028242064354378944,TCRBV12-X,TCRBJ01-02
40e7749c8ea183ded697cbee642c406f,CAGGYRNYGYTF,0.028238616257159656,TCRBV06-05,TCRBJ01-02
40e7749c8ea183ded697cbee642c406f,CSDYKSF,0.028171311506515417,TCRBV20-01,TCRBJ01-01
40e7749c8ea183ded697cbee642c406f,CAWSWGGGAFF,0.02812928300159097,TCRBV30-01,TCRBJ01-01
40e7749c8ea183ded697cbee642c406f,CSAPYYGYTF,0.028122870104421004,TCRBV20-01,TCRBJ01-02
40e7749c8ea183ded697cbee642c406f,CAWDTGYLYGYTF,0.028112898394090684,TCRBV30-01,TCRBJ01-02
40e7749c8ea183ded697cbee642c406f,CASGWGGGCPF,0.028082414938700923,TCRBV25-01,TCRBJ01-01
40e7749c8ea183ded697cbee642c406f,CASSYYREYYGYTF,0.02805698565184037,TCRBV07-02,TCRBJ01-02
40e7749c8ea183ded697cbee642c406f,CAWSSWGGNYGYTF,0.028051060028536245,TCRBV30-01,TCRBJ01-02
40e7749c8ea183ded697cbee642c406f,CASSYYVGDYYGYTF,0.028032673308776204,TCRBV06-02/06-03,TCRBJ01-02
40e7749c8ea183ded697cbee642c406f,CATTPWGGYGYTF,0.027980509292184434,TCRBV25-01,TCRBJ01-02
40e7749c8ea183ded697cbee642c406f,CASSYRGFYYGYTF,0.02797201434241277,TCRBV06-05,TCRBJ01-02
40e7749c8ea183ded697cbee642c406f,CASYGGYYGYTF,0.0279126472859466,TCRBV06-05,TCRBJ01-02
40e7749c8ea183ded697cbee642c406f,CAHAPGWTYGYTF,0.027895100256524676,TCRBV30-01,TCRBJ01-02
40e7749c8ea183ded697cbee642c406f,TQYF,0.027884071147928093,TCRBV27-01,TCRBJ02-05
40e7749c8ea183ded697cbee642c406f,TIYF,0.02787485196412951,TCRBV20-01,TCRBJ01-03
40e7749c8ea183ded697cbee642c406f,LDTIYF,0.027834561100888236,TCRBV18-01,TCRBJ01-03
40e7749c8ea183ded697cbee642c406f,CAWNPPGHPLHF,0.02782208972695117,TCRBV30-01,TCRBJ01-06
40e7749c8ea183ded697cbee642c406f,CASSYRHHYGYTF,0.02780563079720733,TCRBV06-05,TCRBJ01-02
40e7749c8ea183ded697cbee642c406f,CAWGDPEAFF,0.027743231925030545,TCRBV30-01,TCRBJ01-01
40e7749c8ea183ded697cbee642c406f,CAIRKN,0.027708806678007587,TCRBV10-03,TCRBJ02-X
40e7749c8ea183ded697cbee642c406f,CAWIYTGGYTF,0.027678968674792016,TCRBV30-01,TCRBJ01-02
40e7749c8ea183ded697cbee642c406f,CASSYSGFYYGYTF,0.027566285400683774,TCRBV13-01,TCRBJ01-02
40e7749c8ea183ded697cbee642c406f,CASRKF,0.027551920157654092,TCRBV12-01,TCRBJ02-07
40e7749c8ea183ded697cbee642c406f,CASFWGGYGYTF,0.027547132827685197,TCRBV30-01,TCRBJ01-02
40e7749c8ea183ded697cbee642c406f,CASSYSYNYGYTF,0.02754397791138111,TCRBV06-05,TCRBJ01-02
40e7749c8ea183ded697cbee642c406f,WYLETQYF,0.027510143728281214,TCRBV11-03,TCRBJ02-05
40e7749c8ea183ded697cbee642c406f,CASSYWGGADYGYTF,0.027502138257904065,TCRBV03-01/03-02,TCRBJ01-02
40e7749c8ea183ded697cbee642c406f,CSAYIGGYGYTF,0.02749623565399384,TCRBV20-X,TCRBJ01-02
40e7749c8ea183ded697cbee642c406f,KQPQHF,0.02745918562681337,TCRBV10-01,TCRBJ01-05
40e7749c8ea183ded697cbee642c406f,LRQYF,0.027430629696750995,TCRBV04-X,TCRBJ02-07
40e7749c8ea183ded697cbee642c406f,CASSYGPYNYGYTF,0.027426638717347206,TCRBV06-06,TCRBJ01-02
40e7749c8ea183ded697cbee642c406f,CAWSGNPWGYGNTIYF,0.027422044224818993,TCRBV30-01,TCRBJ01-03
40e7749c8ea183ded697cbee642c406f,CASSVGHSYYYGYTF,0.027409622174278836,TCRBV09-01,TCRBJ01-02
40e7749c8ea183ded697cbee642c406f,CASSFYGTHPYGYTF,0.027377794198848115,TCRBV05-04,TCRBJ01-02
4121a58b5efed26a466b03485bde83a7,CASSWWGFYGGFYGYTF,0.03773943436641306,TCRBV05-01,TCRBJ01-02
4121a58b5efed26a466b03485bde83a7,CASSYWWGRYF,0.03560402130841787,TCRBV06-06,TCRBJ02-07
4121a58b5efed26a466b03485bde83a7,CARKGIPGQAGAQGYTF,0.03531484109690804,TCRBV02-01,TCRBJ01-02
4121a58b5efed26a466b03485bde83a7,WRTQYF,0.032047673699872714,TCRBV19-01,TCRBJ02-03
4121a58b5efed26a466b03485bde83a7,CASSYWGSNYGYTF,0.03065511738279988,TCRBV06-05,TCRBJ01-02
4121a58b5efed26a466b03485bde83a7,CASSYNSYYGYTF,0.030382527541875034,TCRBV06-05,TCRBJ01-02
4121a58b5efed26a466b03485bde83a7,CASRF,0.030354194549003073,TCRBV10-01,TCRBJ02-X
4121a58b5efed26a466b03485bde83a7,CACINIYRGINIQYF,0.029816995483634055,TCRBV30-01,TCRBJ02-04
4121a58b5efed26a466b03485bde83a7,CASGGYPNYGYTF,0.029436227244864256,TCRBV06-05,TCRBJ01-02
4121a58b5efed26a466b03485bde83a7,CAWTYFRGWGYGYTF,0.029267451492838412,TCRBV30-01,TCRBJ01-02
4121a58b5efed26a466b03485bde83a7,CASSFWYPPYGYTF,0.029205039099457805,TCRBV05-05,TCRBJ01-02
4121a58b5efed26a466b03485bde83a7,CASSYAGPYYSGNTIYF,0.02898805532518101,TCRBV06-X,TCRBJ01-03
4121a58b5efed26a466b03485bde83a7,CAILGRKILGKKLFF,0.02893215014533367,TCRBV21-01,TCRBJ01-04
4121a58b5efed26a466b03485bde83a7,CASSYWPGGNYGYTF,0.028840117603183956,TCRBV06-06,TCRBJ01-02
4121a58b5efed26a466b03485bde83a7,CASSHHHQPQHF,0.02838870581180451,TCRBV02-01,TCRBJ01-05
4121a58b5efed26a466b03485bde83a7,CASAPPGHQPQPQHF,0.028222231933660767,TCRBV12-05,TCRBJ01-05
4121a58b5efed26a466b03485bde83a7,CASHGAYYGYTF,0.028148150297263228,TCRBV05-01,TCRBJ01-02
4121a58b5efed26a466b03485bde83a7,LKNIQYF,0.027880368256756476,TCRBV20-01,TCRBJ02-04
4121a58b5efed26a466b03485bde83a7,CASSYSSSFYNYGYTF,0.027864392496201956,TCRBV06-05,TCRBJ01-02
4121a58b5efed26a466b03485bde83a7,CASSLFPGTKEAFF,0.027739163003299084,TCRBV07-02,TCRBJ01-01
4121a58b5efed26a466b03485bde83a7,CASWGWDYGYTF,0.027677135212664607,TCRBV27-01,TCRBJ01-02
4121a58b5efed26a466b03485bde83a7,CASGGGPYYGYTF,0.027655521129185,TCRBV06-05,TCRBJ01-02
4121a58b5efed26a466b03485bde83a7,CASGGGYNYGYTF,0.027634604130840817,TCRBV09-01,TCRBJ01-02
4121a58b5efed26a466b03485bde83a7,CASSYSAYYGYTF,0.02760993528127876,TCRBV06-06,TCRBJ01-02
4121a58b5efed26a466b03485bde83a7,CASSYHPYGYTF,0.027582785730178517,TCRBV06-05,TCRBJ01-02
4121a58b5efed26a466b03485bde83a7,CASSYGTYYGYTF,0.02744862313882822,TCRBV06-05,TCRBJ01-02
4121a58b5efed26a466b03485bde83a7,CASPHHQPQHF,0.027320253154767413,TCRBV23-01,TCRBJ01-05
4121a58b5efed26a466b03485bde83a7,RRSYGYTF,0.027270881263808326,TCRBV19-01,TCRBJ01-02
4121a58b5efed26a466b03485bde83a7,CASSYPGYYGYTF,0.02719719100101016,TCRBV06-05,TCRBJ01-02
4121a58b5efed26a466b03485bde83a7,CASSHPRQPHQPQHF,0.027110677315806478,TCRBV18-01,TCRBJ01-05
4121a58b5efed26a466b03485bde83a7,CSATYTHIYGGRGYTF,0.026981840884329086,TCRBV20-X,TCRBJ01-02
4121a58b5efed26a466b03485bde83a7,CASSFGWGYGYTF,0.026962762538614248,TCRBV12-03/12-04,TCRBJ01-02
4121a58b5efed26a466b03485bde83a7,CAWSPWGANYGYTF,0.02687150575680804,TCRBV30-01,TCRBJ01-02
4121a58b5efed26a466b03485bde83a7,CASSYYRGGYTF,0.026837547004368117,TCRBV05-08,TCRBJ01-02
4121a58b5efed26a466b03485bde83a7,CAWNGYYGYTF,0.026795117221712763,TCRBV30-01,TCRBJ01-02
4121a58b5efed26a466b03485bde83a7,CASCNPGNGANVLTF,0.026785611095035057,TCRBV05-01,TCRBJ02-06
4121a58b5efed26a466b03485bde83a7,CASRGTAHYYYGYTF,0.026759186172466382,TCRBV19-01,TCRBJ01-02
4121a58b5efed26a466b03485bde83a7,CAWKAGYFYGYTF,0.026746222935017074,TCRBV30-01,TCRBJ01-02
4121a58b5efed26a466b03485bde83a7,CASSWGGPTPNYGYTF,0.0267384972499962,TCRBV05-08,TCRBJ01-02
4121a58b5efed26a466b03485bde83a7,CASSWGWGTGGPGNTIYF,0.026706046727719604,TCRBV12-X,TCRBJ01-03
4121a58b5efed26a466b03485bde83a7,CASSSWGNNYGYTF,0.02669510469823125,TCRBV27-01,TCRBJ01-02
4121a58b5efed26a466b03485bde83a7,CASSPHGHPYGYTF,0.026633932115694765,TCRBV27-01,TCRBJ01-02
4121a58b5efed26a466b03485bde83a7,CAWGAFF,0.026627163323734035,TCRBV30-01,TCRBJ01-01
4121a58b5efed26a466b03485bde83a7,SAHPAQYF,0.02650938835258594,TCRBV01-01,TCRBJ02-03
4121a58b5efed26a466b03485bde83a7,CASSGWGNYGYTF,0.026464900095706134,TCRBV03-01/03-02,TCRBJ01-02
4121a58b5efed26a466b03485bde83a7,CASSHPWGAPEGYTF,0.026336275239034753,TCRBV03-01/03-02,TCRBJ01-02
4121a58b5efed26a466b03485bde83a7,CASSYTYGANGGYTF,0.026252183939608688,TCRBV06-05,TCRBJ01-02
4121a58b5efed26a466b03485bde83a7,CASWGTGAYYGYTF,0.026248106896234826,TCRBV06-05,TCRBJ01-02
4121a58b5efed26a466b03485bde83a7,CANYPWGGQGSNYGYTF,0.026226986528333718,TCRBV10-01,TCRBJ01-02
4121a58b5efed26a466b03485bde83a7,CASSYKWGAFF,0.026184052186211774,TCRBV02-01,TCRBJ01-01
4121a58b5efed26a466b03485bde83a7,CAGWDRYYGYTF,0.026180049262540785,TCRBV09-01,TCRBJ01-02
4121a58b5efed26a466b03485bde83a7,CAWWAGGWSNTIYF,0.026167097792641314,TCRBV30-01,TCRBJ01-03
4121a58b5efed26a466b03485bde83a7,CAWSVGFNYGYTF,0.02608916088076475,TCRBV30-01,TCRBJ01-02
4121a58b5efed26a466b03485bde83a7,WGNTEAFF,0.026074565407146,TCRBV28-01,TCRBJ01-01
4121a58b5efed26a466b03485bde83a7,CATHPQGHQPQHF,0.02605852864107205,TCRBV06-06,TCRBJ01-05
4121a58b5efed26a466b03485bde83a7,CSVNWGYYGYTF,0.026004718831845682,TCRBV29-01,TCRBJ01-02
4121a58b5efed26a466b03485bde83a7,CASSGWTGYNYGYTF,0.025947719302031744,TCRBV07-02,TCRBJ01-02
4121a58b5efed26a466b03485bde83a7,CASIKYRGGYGYTF,0.02594568714643079,TCRBV28-01,TCRBJ01-02
4121a58b5efed26a466b03485bde83a7,CASIDPRAFF,0.025836563045098057,TCRBV06-05,TCRBJ01-01
4121a58b5efed26a466b03485bde83a7,CASTSNSWGGGYTF,0.02582881868703793,TCRBV06-05,TCRBJ01-02
4121a58b5efed26a466b03485bde83a7,CSAHLKAGYYGYTF,0.025795414723440015,TCRBV20-X,TCRBJ01-02
4121a58b5efed26a466b03485bde83a7,CASSLGRGIGELFF,0.025766065339086732,TCRBV11-02,TCRBJ02-02
4121a58b5efed26a466b03485bde83a7,CASSWGGYGYTF,0.025745641031788894,TCRBV28-01,TCRBJ01-02
4121a58b5efed26a466b03485bde83a7,CASSYHTGAPNYGYTF,0.02572555218302247,TCRBV06-05,TCRBJ01-02
4121a58b5efed26a466b03485bde83a7,CSASKWGAFF,0.025719478619493738,TCRBV20-01,TCRBJ01-01
4121a58b5efed26a466b03485bde83a7,CASSPWGGNYGYTF,0.02567197350828471,TCRBV09-01,TCRBJ01-02
4121a58b5efed26a466b03485bde83a7,CSTGGYNYGYTF,0.025667821716553844,TCRBV20-X,TCRBJ01-02
4121a58b5efed26a466b03485bde83a7,CASSHWGHGGYTF,0.02565029152179099,TCRBV04-02,TCRBJ01-02
4121a58b5efed26a466b03485bde83a7,CASRPRPGHHYGYTF,0.02561711683618149,TCRBV14-01,TCRBJ01-02
4121a58b5efed26a466b03485bde83a7,CTHLGPGAGYGYTF,0.025595786196633653,TCRBV20-X,TCRBJ01-02
4121a58b5efed26a466b03485bde83a7,CASSSYPGDKEAFF,0.02556785189536928,TCRBV11-02,TCRBJ01-01
4121a58b5efed26a466b03485bde83a7,CASSKSSGFWWGYGYTF,0.025562099642233025,TCRBV21-01,TCRBJ01-02
4121a58b5efed26a466b03485bde83a7,CAIPKGGYNYGYTF,0.025503511633160118,TCRBV05-04,TCRBJ01-02
4121a58b5efed26a466b03485bde83a7,CASSYRPHYGYTF,0.02550325387793548,TCRBV06-05,TCRBJ01-02
4121a58b5efed26a466b03485bde83a7,CASSYYGPGTQYF,0.02549273992389177,TCRBV06-02/06-03,TCRBJ02-03
4121a58b5efed26a466b03485bde83a7,CASNPYSGGAYGYTF,0.025492386027068978,TCRBV28-01,TCRBJ01-02
4121a58b5efed26a466b03485bde83a7,CAWSPWGGLYGYTF,0.02544646893498588,TCRBV30-01,TCRBJ01-02
4121a58b5efed26a466b03485bde83a7,CAWSKWDIGYTF,0.02542143545995122,TCRBV30-01,TCRBJ01-02
4121a58b5efed26a466b03485bde83a7,CASNWDRGDWGYTF,0.025414055875927852,TCRBV07-09,TCRBJ01-02
4121a58b5efed26a466b03485bde83a7,CSASGFPWGGNYGYTF,0.025362533790803908,TCRBV20-01,TCRBJ01-02
4121a58b5efed26a466b03485bde83a7,CAWKPGANVLTF,0.02535859573412683,TCRBV30-01,TCRBJ02-06
4121a58b5efed26a466b03485bde83a7,CASSSYGGYSGNTIYF,0.025354667110637105,TCRBV27-01,TCRBJ01-03
4121a58b5efed26a466b03485bde83a7,CAWSPEAFF,0.02532234293913098,TCRBV30-01,TCRBJ01-01
4121a58b5efed26a466b03485bde83a7,CACPATGAGANVLTF,0.02530671562829296,TCRBV30-01,TCRBJ02-06
4121a58b5efed26a466b03485bde83a7,CASSYYGYTF,0.025281230020721406,TCRBV06-05,TCRBJ01-02
4121a58b5efed26a466b03485bde83a7,CASVGGGYNYGYTF,0.02524517883474541,TCRBV02-01,TCRBJ01-02
4121a58b5efed26a466b03485bde83a7,CASSSSGGWGYGYTF,0.025219930897837122,TCRBV06-06,TCRBJ01-02
4121a58b5efed26a466b03485bde83a7,CAWGGIYGYTF,0.025200369026293183,TCRBV30-01,TCRBJ01-02
4121a58b5efed26a466b03485bde83a7,WTETNYGYTF,0.025187258915130194,TCRBV20-01,TCRBJ01-02
4121a58b5efed26a466b03485bde83a7,CASSGPYHYGYTF,0.025179693910338582,TCRBV05-06,TCRBJ01-02
4121a58b5efed26a466b03485bde83a7,CASSPGTGGFSWGNTIYF,0.025121285370034704,TCRBV07-09,TCRBJ01-03
4121a58b5efed26a466b03485bde83a7,CAPVRYF,0.025098952418839113,TCRBV19-01,TCRBJ02-07
4121a58b5efed26a466b03485bde83a7,CSVEDLRGMGYTF,0.025049584046833516,TCRBV29-01,TCRBJ01-02
4121a58b5efed26a466b03485bde83a7,CAWSVGWGGYTF,0.025010315324114102,TCRBV30-01,TCRBJ01-02
4121a58b5efed26a466b03485bde83a7,CAWGEGGAAFF,0.02498007673684378,TCRBV30-01,TCRBJ01-01
4121a58b5efed26a466b03485bde83a7,CASSHEWGGWGYTF,0.024924886098725167,TCRBV03-01/03-02,TCRBJ01-02
4121a58b5efed26a466b03485bde83a7,CAWSWAASWEKLFF,0.024924712266163905,TCRBV30-01,TCRBJ01-04
4121a58b5efed26a466b03485bde83a7,CASTSGGSYHNYGYTF,0.024921905033896727,TCRBV06-X,TCRBJ01-02
4121a58b5efed26a466b03485bde83a7,CACSRVYGYTF,0.024920223449445476,TCRBV30-01,TCRBJ01-02
4121a58b5efed26a466b03485bde83a7,CASSYSTGGYYGYTF,0.024916294389858585,TCRBV06-05,TCRBJ01-02
41ed267bac5052c7718c6fa4ef958fb1,CASSYWGAPNYGYTF,0.03397788453721608,TCRBV06-05,TCRBJ01-02
41ed267bac5052c7718c6fa4ef958fb1,CASSQRGGKIRPGHRPIWGNTIYF,0.03376806525846522,TCRBV03-01/03-02,TCRBJ01-03
41ed267bac5052c7718c6fa4ef958fb1,CAGNYYSNYGYTF,0.032364722165242395,TCRBV21-01,TCRBJ01-02
41ed267bac5052c7718c6fa4ef958fb1,CAWNYWTVPRYYGYTF,0.029297285657456044,TCRBV30-01,TCRBJ01-02
41ed267bac5052c7718c6fa4ef958fb1,CASSFGTGYYYGYTF,0.02830358531719921,TCRBV06-07,TCRBJ01-02
41ed267bac5052c7718c6fa4ef958fb1,CSAPGENYGYTFGSVGGYTF,0.028059264561232956,TCRBV20-X,TCRBJ01-02
41ed267bac5052c7718c6fa4ef958fb1,CASTWGYNYGYTF,0.02784369473750846,TCRBV02-01,TCRBJ01-02
41ed267bac5052c7718c6fa4ef958fb1,CAWSVPGGWNTEAFF,0.027716014465882986,TCRBV30-01,TCRBJ01-01
41ed267bac5052c7718c6fa4ef958fb1,CASSWGWGGGYTF,0.027528755905519,TCRBV27-01,TCRBJ01-02
41ed267bac5052c7718c6fa4ef958fb1,KTQYF,0.02741550353048668,TCRBV01-01,TCRBJ02-05
41ed267bac5052c7718c6fa4ef958fb1,CASSQYVYPGGDTEAFF,0.027192501425456147,TCRBV03-01/03-02,TCRBJ01-01
41ed267bac5052c7718c6fa4ef958fb1,CASSSYWGAGNYGYTF,0.026893823397106054,TCRBV05-01,TCRBJ01-02
41ed267bac5052c7718c6fa4ef958fb1,CASSFPWDWGGEGYTF,0.02683105160976634,TCRBV12-01,TCRBJ01-02
41ed267bac5052c7718c6fa4ef958fb1,CAWGYTQGVMGYTF,0.02670219855202249,TCRBV30-01,TCRBJ01-02
41ed267bac5052c7718c6fa4ef958fb1,CASSWGGPPYSGNTIYF,0.026536110674778957,TCRBV06-X,TCRBJ01-03
41ed267bac5052c7718c6fa4ef958fb1,CASHAPQHF,0.02645643825518157,TCRBV12-03/12-04,TCRBJ01-05
41ed267bac5052c7718c6fa4ef958fb1,CAWSAWGAYGYTF,0.02637929015120615,TCRBV30-01,TCRBJ01-02
41ed267bac5052c7718c6fa4ef958fb1,CATGGYYGYTF,0.026325152137064732,TCRBV24-01,TCRBJ01-02
41ed267bac5052c7718c6fa4ef958fb1,RDRHYGYTF,0.026256330174959593,TCRBV07-X,TCRBJ01-02
41ed267bac5052c7718c6fa4ef958fb1,CSVYGYGYTF,0.026148622553662505,TCRBV29-01,TCRBJ01-02
41ed267bac5052c7718c6fa4ef958fb1,CASSSYYRGRYYEQYF,0.02598879177320838,TCRBV05-06,TCRBJ02-07
41ed267bac5052c7718c6fa4ef958fb1,CAWRWWDDYGYTF,0.025988126403038814,TCRBV30-01,TCRBJ01-02
41ed267bac5052c7718c6fa4ef958fb1,CASSGPWGGHF,0.025864008225053296,TCRBV06-X,TCRBJ01-05
41ed267bac5052c7718c6fa4ef958fb1,CAWIGAFGYGYTF,0.025626503454246444,TCRBV30-01,TCRBJ01-02
41ed267bac5052c7718c6fa4ef958fb1,CASSYHPGAYYPPLHF,0.02560051245325802,TCRBV06-02/06-03,TCRBJ01-06
41ed267bac5052c7718c6fa4ef958fb1,CASSYPYGYTF,0.02550514266037794,TCRBV28-01,TCRBJ01-02
41ed267bac5052c7718c6fa4ef958fb1,CASSPHKHYGYTF,0.025496166603311582,TCRBV07-02,TCRBJ01-02
41ed267bac5052c7718c6fa4ef958fb1,CASSYGHFYGYTF,0.025447778593092364,TCRBV06-02/06-03,TCRBJ01-02
41ed267bac5052c7718c6fa4ef958fb1,CASSYGWGGNYGYTF,0.02536815830351851,TCRBV06-05,TCRBJ01-02
41ed267bac5052c7718c6fa4ef958fb1,CSAHHGANYGYTF,0.02530028124947257,TCRBV20-X,TCRBJ01-02
41ed267bac5052c7718c6fa4ef958fb1,CASCSNGNSNQPQHF,0.025259197351631305,TCRBV06-06,TCRBJ01-05
41ed267bac5052c7718c6fa4ef958fb1,CAWSVLGKVTEAFF,0.025203706168366896,TCRBV30-01,TCRBJ01-01
41ed267bac5052c7718c6fa4ef958fb1,GYGYTF,0.0251500420177214,TCRBV29-01,TCRBJ01-02
41ed267bac5052c7718c6fa4ef958fb1,CASSAYRGPHYGYTF,0.025147363487626497,TCRBV02-01,TCRBJ01-02
41ed267bac5052c7718c6fa4ef958fb1,CAWSVWAGGYTF,0.025143855369722606,TCRBV30-01,TCRBJ01-02
41ed267bac5052c7718c6fa4ef958fb1,CASFGQAIKKLFF,0.025104225312085296,TCRBV06-05,TCRBJ01-04
41ed267bac5052c7718c6fa4ef958fb1,CASSAKPKKSGYTF,0.02506311078507482,TCRBV19-01,TCRBJ01-02
41ed267bac5052c7718c6fa4ef958fb1,CASHRGF,0.02497016620600344,TCRBV04-01,TCRBJ02-03
41ed267bac5052c7718c6fa4ef958fb1,CASSHLYTFPLYGYTF,0.024956231471261078,TCRBV14-01,TCRBJ01-02
41ed267bac5052c7718c6fa4ef958fb1,CSARAPWYF,0.02492893093650344,TCRBV20-01,TCRBJ02-03
41ed267bac5052c7718c6fa4ef958fb1,PVIWGYGYTF,0.02492359686867283,TCRBV12-02,TCRBJ01-02
41ed267bac5052c7718c6fa4ef958fb1,CASSFGGGFGYTF,0.024918844661663872,TCRBV05-01,TCRBJ01-02
41ed267bac5052c7718c6fa4ef958fb1,CASTPGHHYGYTF,0.024854363782073844,TCRBV06-02,TCRBJ01-02
41ed267bac5052c7718c6fa4ef958fb1,CASTEWGGHF,0.02485275453130443,TCRBV02-01,TCRBJ01-02
41ed267bac5052c7718c6fa4ef958fb1,CSAWGGNYGYTF,0.02484606292857451,TCRBV20-X,TCRBJ01-02
41ed267bac5052c7718c6fa4ef958fb1,CASSYYRDWGYTF,0.02484036352457086,TCRBV06-05,TCRBJ01-02
41ed267bac5052c7718c6fa4ef958fb1,CASSYSYGYGYTF,0.024784367276545587,TCRBV06-05,TCRBJ01-02
41ed267bac5052c7718c6fa4ef958fb1,CAWSILGQGLKKLFF,0.024750776227220155,TCRBV30-01,TCRBJ01-04
41ed267bac5052c7718c6fa4ef958fb1,CASSQSGHFPYYYYGYTF,0.024747579531789684,TCRBV23-01,TCRBJ01-02
41ed267bac5052c7718c6fa4ef958fb1,CASYGGMNCYGYTF,0.02472809156417596,TCRBV06-X,TCRBJ01-02
41ed267bac5052c7718c6fa4ef958fb1,CASSFGTGAINPYGYTF,0.02472274476843889,TCRBV05-05,TCRBJ01-02
41ed267bac5052c7718c6fa4ef958fb1,CASWGVTEAFF,0.024657187387226363,TCRBV19-01,TCRBJ01-01
41ed267bac5052c7718c6fa4ef958fb1,CASSGGTGWGYGYTF,0.0246002620768124,TCRBV05-04,TCRBJ01-02
41ed267bac5052c7718c6fa4ef958fb1,CASSDYPYYGYTF,0.024563375115099036,TCRBV02-01,TCRBJ01-02
41ed267bac5052c7718c6fa4ef958fb1,CAWSFGLGGGEWTGGYTF,0.024537814596142717,TCRBV30-01,TCRBJ01-02
41ed267bac5052c7718c6fa4ef958fb1,CASGGGFNYGYTF,0.02442400964003005,TCRBV06-05,TCRBJ01-02
41ed267bac5052c7718c6fa4ef958fb1,CASNQYGGYYGYTF,0.024407689433894476,TCRBV06-06,TCRBJ01-02
41ed267bac5052c7718c6fa4ef958fb1,CASSGGYYGYTF,0.024391706089477903,TCRBV09-01,TCRBJ01-02
41ed267bac5052c7718c6fa4ef958fb1,CASAPGANVLTF,0.024378071920159693,TCRBV09-01,TCRBJ02-06
41ed267bac5052c7718c6fa4ef958fb1,CASSPWGAYGYTF,0.02433185761845192,TCRBV07-09,TCRBJ01-02
41ed267bac5052c7718c6fa4ef958fb1,CSAPNPFGTGYYGYTF,0.024324978820009245,TCRBV20-X,TCRBJ01-02
41ed267bac5052c7718c6fa4ef958fb1,CASGFSSGYYGYTF,0.02432036477791238,TCRBV28-01,TCRBJ01-02
41ed267bac5052c7718c6fa4ef958fb1,CASCGGAGGNNQPQHF,0.024311403641103013,TCRBV06-01,TCRBJ01-05
41ed267bac5052c7718c6fa4ef958fb1,CASSWWFSSYYVTF,0.024310825385780593,TCRBV02-01,TCRBJ01-02
41ed267bac5052c7718c6fa4ef958fb1,CASGWQGGHQPQHF,0.024282960619972465,TCRBV19-01,TCRBJ01-05
41ed267bac5052c7718c6fa4ef958fb1,CAWSVGGVGVTEAFF,0.02424270507715764,TCRBV30-01,TCRBJ01-01
41ed267bac5052c7718c6fa4ef958fb1,CACPPGPNYGYTF,0.024224265573984056,TCRBV30-01,TCRBJ01-02
41ed267bac5052c7718c6fa4ef958fb1,CAWSPLAGIGRGTGELFF,0.024219809617159336,TCRBV30-01,TCRBJ02-02
41ed267bac5052c7718c6fa4ef958fb1,CASSYYSGGGGYTF,0.02419369854623892,TCRBV06-05,TCRBJ01-02
41ed267bac5052c7718c6fa4ef958fb1,CASSYTHGGAHGYTF,0.02418113571685091,TCRBV04-01,TCRBJ01-02
41ed267bac5052c7718c6fa4ef958fb1,CASASGGYYGYTF,0.02416810692402425,TCRBV21-01,TCRBJ01-02
41ed267bac5052c7718c6fa4ef958fb1,CAWIRPEAFF,0.024160352799408986,TCRBV30-01,TCRBJ01-01
41ed267bac5052c7718c6fa4ef958fb1,RASNHRANYGYTF,0.024144514072996198,TCRBV07-03,TCRBJ01-02
41ed267bac5052c7718c6fa4ef958fb1,CASCPGPPYGYTF,0.02414441225578561,TCRBV27-01,TCRBJ01-02
41ed267bac5052c7718c6fa4ef958fb1,CAWRNWGYGYTF,0.024136551827049,TCRBV30-01,TCRBJ01-02
41ed267bac5052c7718c6fa4ef958fb1,CASSPAPWYGYTF,0.024116527304905398,TCRBV03-01/03-02,TCRBJ01-02
41ed267bac5052c7718c6fa4ef958fb1,CATSDPNAAPAKLFF,0.024113287071000387,TCRBV24-01,TCRBJ01-04
41ed267bac5052c7718c6fa4ef958fb1,CASSYLYTGGYGYTF,0.02410608573428774,TCRBV06-05,TCRBJ01-02
41ed267bac5052c7718c6fa4ef958fb1,CAWSVPPHYGYTF,0.0240728297574056,TCRBV30-01,TCRBJ01-02
41ed267bac5052c7718c6fa4ef958fb1,CASILFGKKGYGYTF,0.02402981121338859,TCRBV05-06,TCRBJ01-02
41ed267bac5052c7718c6fa4ef958fb1,CASSWGGSYGYTF,0.024028570634340742,TCRBV27-01,TCRBJ01-02
41ed267bac5052c7718c6fa4ef958fb1,CASSGYRGPNYGYTF,0.024028089795712387,TCRBV09-01,TCRBJ01-02
41ed267bac5052c7718c6fa4ef958fb1,CSAILREYGYTF,0.024023856304895258,TCRBV20-X,TCRBJ01-02
41ed267bac5052c7718c6fa4ef958fb1,CASSYSGYGYTF,0.023964765545969012,TCRBV06-05,TCRBJ01-02
41ed267bac5052c7718c6fa4ef958fb1,CASCPKKGAFGYTF,0.02391504232036558,TCRBV12-X,TCRBJ01-02
41ed267bac5052c7718c6fa4ef958fb1,CAWSVGEGGIGYTF,0.023913589785685137,TCRBV30-01,TCRBJ01-02
41ed267bac5052c7718c6fa4ef958fb1,CASSEGAWVVPYTF,0.023903178995306473,TCRBV06-01,TCRBJ01-02
41ed267bac5052c7718c6fa4ef958fb1,CAWSWADYGYTF,0.023896823695360603,TCRBV30-01,TCRBJ01-02
41ed267bac5052c7718c6fa4ef958fb1,PKRGYYTF,0.02388319536127536,TCRBV19-01,TCRBJ01-02
41ed267bac5052c7718c6fa4ef958fb1,CASWGWGNTEAFF,0.023877972598231347,TCRBV10-02,TCRBJ01-01
41ed267bac5052c7718c6fa4ef958fb1,CSAWGAWTEAFF,0.02387790660875364,TCRBV20-X,TCRBJ01-01
41ed267bac5052c7718c6fa4ef958fb1,CASSYAGNNYGYTF,0.023863200951483574,TCRBV06-06,TCRBJ01-02
41ed267bac5052c7718c6fa4ef958fb1,CASSIWGHANYGYTF,0.02385248264930258,TCRBV19-01,TCRBJ01-02
41ed267bac5052c7718c6fa4ef958fb1,CASYAGGYGYTF,0.023818789803325902,TCRBV06-06,TCRBJ01-02
41ed267bac5052c7718c6fa4ef958fb1,CASSGYTGAYGYTF,0.023814432939126273,TCRBV02-01,TCRBJ01-02
41ed267bac5052c7718c6fa4ef958fb1,CASTHARPRG,0.02380952546941351,TCRBV21-01,TCRBJ01-01
41f5e3ed063c87988d0bc9942127671e,KEYF,0.03451748033458921,TCRBV20-01,TCRBJ02-07
41f5e3ed063c87988d0bc9942127671e,CAAWWGYGYTF,0.033504678393190275,TCRBV30-01,TCRBJ01-02
41f5e3ed063c87988d0bc9942127671e,CASCYNNNYGYTF,0.03301429662942959,TCRBV19-01,TCRBJ01-02
41f5e3ed063c87988d0bc9942127671e,CAWRYKGYYYGYTF,0.032261297900870005,TCRBV30-01,TCRBJ01-02
41f5e3ed063c87988d0bc9942127671e,CASSQGTGTYWGGGYGYTF,0.03149709742656286,TCRBV03-01/03-02,TCRBJ01-02
41f5e3ed063c87988d0bc9942127671e,CASSYYSSYGYTF,0.031220221708065387,TCRBV06-05,TCRBJ01-02
41f5e3ed063c87988d0bc9942127671e,CASPCYGGWTGGNYGYTF,0.03032812549038125,TCRBV27-01,TCRBJ01-02
41f5e3ed063c87988d0bc9942127671e,CASSYYYGVNYGYTF,0.02965777372569885,TCRBV06-08,TCRBJ01-02
41f5e3ed063c87988d0bc9942127671e,CAWGGQPYYGYTF,0.02940491025333805,TCRBV30-01,TCRBJ01-02
41f5e3ed063c87988d0bc9942127671e,CASSYSSWSGFGGYTF,0.029203971090769852,TCRBV06-02/06-03,TCRBJ01-02
41f5e3ed063c87988d0bc9942127671e,CATLKAFF,0.02835286914738824,TCRBV02-01,TCRBJ01-01
41f5e3ed063c87988d0bc9942127671e,CSVGAYYYGYTF,0.028329356288624877,TCRBV20-X,TCRBJ01-02
41f5e3ed063c87988d0bc9942127671e,CASSSGGYHFNYGYTF,0.02830348040370553,TCRBV23-01,TCRBJ01-02
41f5e3ed063c87988d0bc9942127671e,CAPAHF,0.02828035947211165,TCRBV07-09,TCRBJ01-05
41f5e3ed063c87988d0bc9942127671e,CASSYWGGDYGYTF,0.028102698943466876,TCRBV06-05,TCRBJ01-02
41f5e3ed063c87988d0bc9942127671e,CASSSWWRGGYGYTF,0.0280405477206642,TCRBV05-05,TCRBJ01-02
41f5e3ed063c87988d0bc9942127671e,WYSWGCLCYGYTF,0.02796380542472762,TCRBV19-01,TCRBJ01-02
41f5e3ed063c87988d0bc9942127671e,CAWGSHF,0.027889477709768958,TCRBV06-04,TCRBJ01-05
41f5e3ed063c87988d0bc9942127671e,CASSFWDRPWGGYTF,0.027872663509299872,TCRBV07-02,TCRBJ01-02
41f5e3ed063c87988d0bc9942127671e,CAWAWVSGANVLTF,0.027792954590253896,TCRBV30-01,TCRBJ02-06
41f5e3ed063c87988d0bc9942127671e,CASSYSSGGGFFGGYTF,0.027655715069882396,TCRBV06-X,TCRBJ01-02
41f5e3ed063c87988d0bc9942127671e,RPWGCVYYGYTF,0.02754617801333212,TCRBV29-01,TCRBJ01-02
41f5e3ed063c87988d0bc9942127671e,CAWSGHGPYYGYTF,0.027412843181273096,TCRBV30-01,TCRBJ01-02
41f5e3ed063c87988d0bc9942127671e,CASSYTFGGGPYYGYTF,0.02739620182923769,TCRBV19-01,TCRBJ01-02
41f5e3ed063c87988d0bc9942127671e,CASSLWGGYYGYTF,0.02736147966946173,TCRBV05-04,TCRBJ01-02
41f5e3ed063c87988d0bc9942127671e,CASSYYRGNYGYTF,0.027306072681718935,TCRBV06-05,TCRBJ01-02
41f5e3ed063c87988d0bc9942127671e,CATYVWRKYF,0.027293804549507465,TCRBV07-04,TCRBJ02-04
41f5e3ed063c87988d0bc9942127671e,CASSYWVGGYGYTF,0.027070424129973594,TCRBV06-05,TCRBJ01-02
41f5e3ed063c87988d0bc9942127671e,CASSSNPYNNYGYTF,0.027002250896080927,TCRBV06-06,TCRBJ01-02
41f5e3ed063c87988d0bc9942127671e,CARKWGYYGYTF,0.026958779892584245,TCRBV02-01,TCRBJ01-02
41f5e3ed063c87988d0bc9942127671e,CASYFGPYGYTF,0.026901527187241345,TCRBV28-01,TCRBJ01-02
41f5e3ed063c87988d0bc9942127671e,CAWYHRAGANVLTF,0.026895118132854105,TCRBV30-01,TCRBJ02-06
41f5e3ed063c87988d0bc9942127671e,CASHGPWNYGYTF,0.026788358319228572,TCRBV28-01,TCRBJ01-02
41f5e3ed063c87988d0bc9942127671e,CSARVWGGYYGYTF,0.026700994945960156,TCRBV20-X,TCRBJ01-02
41f5e3ed063c87988d0bc9942127671e,CSATEVPPTYEQYF,0.026682920869718785,TCRBV20-X,TCRBJ02-07
41f5e3ed063c87988d0bc9942127671e,CASMYTF,0.026680162492338424,TCRBV02-01,TCRBJ01-02
41f5e3ed063c87988d0bc9942127671e,CARHRAHAFF,0.026602392173229916,TCRBV24-01,TCRBJ01-01
41f5e3ed063c87988d0bc9942127671e,CAWSSFWAYSYGYTF,0.02659882704838461,TCRBV30-01,TCRBJ01-02
41f5e3ed063c87988d0bc9942127671e,CASHSPKGIHF,0.02654461116461631,TCRBV28-01,TCRBJ01-06
41f5e3ed063c87988d0bc9942127671e,CASYHYPVGYTF,0.026495575780960002,TCRBV05-04,TCRBJ01-02
41f5e3ed063c87988d0bc9942127671e,CASSLGDGIKAFF,0.026391029728952898,TCRBV05-04,TCRBJ01-01
41f5e3ed063c87988d0bc9942127671e,CAWRPAGWYGYTF,0.02635871872482799,TCRBV30-01,TCRBJ01-02
41f5e3ed063c87988d0bc9942127671e,RASSFWAYYGYTF,0.02634491067536386,TCRBV07-03,TCRBJ01-02
41f5e3ed063c87988d0bc9942127671e,CASTYQGGWGGYTF,0.026325069636286964,TCRBV06-05,TCRBJ01-02
41f5e3ed063c87988d0bc9942127671e,CATGYARTYYGYTF,0.026318160325140776,TCRBV06-05,TCRBJ01-02
41f5e3ed063c87988d0bc9942127671e,CSAPPPPHNQPQHF,0.0262976062836258,TCRBV20-X,TCRBJ01-05
41f5e3ed063c87988d0bc9942127671e,CSAAAGYTGFYGYTF,0.026203768508504758,TCRBV20-X,TCRBJ01-02
41f5e3ed063c87988d0bc9942127671e,CASSYYTGGYNQPQHF,0.026203552535957523,TCRBV12-X,TCRBJ01-05
41f5e3ed063c87988d0bc9942127671e,CASSGGYNYGYTF,0.026185752925153363,TCRBV02-01,TCRBJ01-02
41f5e3ed063c87988d0bc9942127671e,CASNPWGGGMNTEAFF,0.02617578864207664,TCRBV19-01,TCRBJ01-01
41f5e3ed063c87988d0bc9942127671e,F,0.026169089102652747,TCRBV09-01,TCRBJ01-02
41f5e3ed063c87988d0bc9942127671e,CSARWWDRGYYGYTF,0.02611454473324111,TCRBV20-X,TCRBJ01-02
41f5e3ed063c87988d0bc9942127671e,CASSYWTGGGYGYTF,0.026113476045293283,TCRBV06-06,TCRBJ01-02
41f5e3ed063c87988d0bc9942127671e,CSAIVPGHGYGYTF,0.026099793022695585,TCRBV20-X,TCRBJ01-02
41f5e3ed063c87988d0bc9942127671e,YSYNSPLHF,0.026015408098029717,TCRBV23-01,TCRBJ01-06
41f5e3ed063c87988d0bc9942127671e,CASSWGGNSAYGYTF,0.02600819135520747,TCRBV28-01,TCRBJ01-02
41f5e3ed063c87988d0bc9942127671e,CASSPLHYNSPLHF,0.026004291591672446,TCRBV14-01,TCRBJ01-06
41f5e3ed063c87988d0bc9942127671e,RGRRNYGYTF,0.02599353735418195,TCRBV30-01,TCRBJ01-02
41f5e3ed063c87988d0bc9942127671e,CAWTIGYNYGYTF,0.025988666543542472,TCRBV30-01,TCRBJ01-02
41f5e3ed063c87988d0bc9942127671e,CAIKHNF,0.02597346681866657,TCRBV10-03,TCRBJ01-02
41f5e3ed063c87988d0bc9942127671e,CASSFVYHYGYTF,0.025952525386415657,TCRBV05-05,TCRBJ01-02
41f5e3ed063c87988d0bc9942127671e,RQPQHF,0.025905563872663087,TCRBV10-03,TCRBJ01-05
41f5e3ed063c87988d0bc9942127671e,CASSFGGGWGYTF,0.02589564323148938,TCRBV27-01,TCRBJ01-02
41f5e3ed063c87988d0bc9942127671e,CAWSVGWAAVGVYF,0.025872652159939506,TCRBV30-01,TCRBJ02-03
41f5e3ed063c87988d0bc9942127671e,CAWAWVSEANVLTF,0.025870640748420052,TCRBV30-01,TCRBJ02-06
41f5e3ed063c87988d0bc9942127671e,CASSPWYF,0.02581259181753462,TCRBV28-01,TCRBJ02-05
41f5e3ed063c87988d0bc9942127671e,CASGFIPGYYGYTF,0.025807045204264193,TCRBV28-01,TCRBJ01-02
41f5e3ed063c87988d0bc9942127671e,CASSHPYHQYF,0.025805056739016723,TCRBV05-01,TCRBJ02-05
41f5e3ed063c87988d0bc9942127671e,CASSGQKGGNGPYGYTF,0.025742833474001376,TCRBV09-01,TCRBJ01-02
41f5e3ed063c87988d0bc9942127671e,CASSFGGYIYGYTF,0.025740410363749366,TCRBV12-X,TCRBJ01-02
41f5e3ed063c87988d0bc9942127671e,CAWVRADVYGYTF,0.025713723018499366,TCRBV30-01,TCRBJ01-02
41f5e3ed063c87988d0bc9942127671e,CSGGWSYGYTF,0.025700817052571687,TCRBV20-01,TCRBJ01-02
41f5e3ed063c87988d0bc9942127671e,CASSYGNNYGYTF,0.025649239842551082,TCRBV06-05,TCRBJ01-02
41f5e3ed063c87988d0bc9942127671e,CASSPDWWGYGYTF,0.025621852880144624,TCRBV27-01,TCRBJ01-02
41f5e3ed063c87988d0bc9942127671e,CASSYPYGYTF,0.025505132290220098,TCRBV28-01,TCRBJ01-02
41f5e3ed063c87988d0bc9942127671e,CASKHYGGGLTYYGYTF,0.025494401377950327,TCRBV27-01,TCRBJ01-02
41f5e3ed063c87988d0bc9942127671e,CASHKTGFHYGYTF,0.025457350254395498,TCRBV10-01,TCRBJ01-02
41f5e3ed063c87988d0bc9942127671e,CASFPAGGPGANVLTF,0.025445521469311352,TCRBV28-01,TCRBJ02-06
41f5e3ed063c87988d0bc9942127671e,CATKPWGYGYTF,0.02543880298713887,TCRBV06-05,TCRBJ01-02
41f5e3ed063c87988d0bc9942127671e,CAWSWGGGANVLTF,0.025350616844785734,TCRBV30-01,TCRBJ02-06
41f5e3ed063c87988d0bc9942127671e,CASSYYAPRGYTF,0.025284677483330128,TCRBV05-01,TCRBJ01-02
41f5e3ed063c87988d0bc9942127671e,CASSYYGYTF,0.025281230020721406,TCRBV28-01,TCRBJ01-02
41f5e3ed063c87988d0bc9942127671e,CASSYWGSKGSNYGYTF,0.025252258301965775,TCRBV28-01,TCRBJ01-02
41f5e3ed063c87988d0bc9942127671e,CASSIGRWFTEAFF,0.025251529141949884,TCRBV19-01,TCRBJ01-01
41f5e3ed063c87988d0bc9942127671e,CASSYPGTYYGYTF,0.025242032862525764,TCRBV06-06,TCRBJ01-02
41f5e3ed063c87988d0bc9942127671e,CASSSNRDRGNHNYGYTF,0.025222200768398595,TCRBV05-06,TCRBJ01-02
41f5e3ed063c87988d0bc9942127671e,CAAWANVLTF,0.02520166048875166,TCRBV06-06,TCRBJ02-06
41f5e3ed063c87988d0bc9942127671e,CAFRDRHPPPPSPLHF,0.02517839476670636,TCRBV30-01,TCRBJ01-06
41f5e3ed063c87988d0bc9942127671e,GYGYTF,0.02515006978353673,TCRBV06-04,TCRBJ01-02
41f5e3ed063c87988d0bc9942127671e,CASSYTGTPTHSYGYTF,0.025144308286086242,TCRBV04-02,TCRBJ01-02
41f5e3ed063c87988d0bc9942127671e,CASTPWGFNYGYTF,0.025139145510663107,TCRBV12-X,TCRBJ01-02
41f5e3ed063c87988d0bc9942127671e,CAWTVWGARGYTF,0.025137436500177326,TCRBV30-01,TCRBJ01-02
41f5e3ed063c87988d0bc9942127671e,CASTLPFWTGGVYYYGYTF,0.02512690740325744,TCRBV19-01,TCRBJ01-02
41f5e3ed063c87988d0bc9942127671e,CASSYPGGPNYGYTF,0.025121940797157988,TCRBV11-02,TCRBJ01-02
41f5e3ed063c87988d0bc9942127671e,CASSGNGGFNYGYTF,0.02512162402963076,TCRBV09-01,TCRBJ01-02
41f5e3ed063c87988d0bc9942127671e,CASSFYGYGYTF,0.02511705979779907,TCRBV12-03/12-04,TCRBJ01-02
41f5e3ed063c87988d0bc9942127671e,CAWGSHWGTEAFF,0.02507627159863859,TCRBV30-01,TCRBJ01-01
451c0e5e38ee6fd8297dc6f845a30b18,WKEAFF,0.03848820518875302,TCRBV20-01,TCRBJ01-01
451c0e5e38ee6fd8297dc6f845a30b18,CAYYSYNYGYTF,0.03498441284509965,TCRBV30-01,TCRBJ01-02
451c0e5e38ee6fd8297dc6f845a30b18,HF,0.03464004506758951,TCRBV05-07,TCRBJ01-05
451c0e5e38ee6fd8297dc6f845a30b18,CASSFWDRVTEAFF,0.0340302637249937,TCRBV12-X,TCRBJ01-01
451c0e5e38ee6fd8297dc6f845a30b18,CASRDPWKAFF,0.0337576622995243,TCRBV06-05,TCRBJ01-01
451c0e5e38ee6fd8297dc6f845a30b18,CASGWGPYYGYTF,0.03346549969546255,TCRBV12-05,TCRBJ01-02
451c0e5e38ee6fd8297dc6f845a30b18,CASSWYRYYGYTF,0.03161275707205393,TCRBV12-03/12-04,TCRBJ01-02
451c0e5e38ee6fd8297dc6f845a30b18,CSYLGPWYF,0.03137037509973736,TCRBV29-01,TCRBJ02-07
451c0e5e38ee6fd8297dc6f845a30b18,CASSWGRWGNNYGYTF,0.03092326524672303,TCRBV06-05,TCRBJ01-02
451c0e5e38ee6fd8297dc6f845a30b18,CASSYWGSYGYTF,0.030815832955154908,TCRBV06-02/06-03,TCRBJ01-02
451c0e5e38ee6fd8297dc6f845a30b18,CASSYWGSNYGYTF,0.03065511738279988,TCRBV06-02/06-03,TCRBJ01-02
451c0e5e38ee6fd8297dc6f845a30b18,CASSYSYYGYTF,0.030263355563056,TCRBV07-02,TCRBJ01-02
451c0e5e38ee6fd8297dc6f845a30b18,CAWTPYYGYTF,0.030147661786985636,TCRBV30-01,TCRBJ01-02
451c0e5e38ee6fd8297dc6f845a30b18,CASSYSGYYGYTF,0.029976799522669757,TCRBV06-05,TCRBJ01-02
451c0e5e38ee6fd8297dc6f845a30b18,RKAFF,0.029921700116765832,TCRBV24-01,TCRBJ01-01
451c0e5e38ee6fd8297dc6f845a30b18,CAPPWQPQHF,0.029419521394055542,TCRBV24-01,TCRBJ01-05
451c0e5e38ee6fd8297dc6f845a30b18,CAWWGNYGYTF,0.029303656491611662,TCRBV30-01,TCRBJ01-02
451c0e5e38ee6fd8297dc6f845a30b18,CASSYSWGGANPYGYTF,0.029102511040378094,TCRBV06-X,TCRBJ01-02
451c0e5e38ee6fd8297dc6f845a30b18,SPLHF,0.028702754903381318,TCRBV20-01,TCRBJ01-06
451c0e5e38ee6fd8297dc6f845a30b18,CAWSVWAWDTEAFF,0.0285953627946702,TCRBV30-01,TCRBJ01-01
451c0e5e38ee6fd8297dc6f845a30b18,CASGF,0.028287302017271223,TCRBV27-01,TCRBJ01-06
451c0e5e38ee6fd8297dc6f845a30b18,CAWSGGGYYGYTF,0.02826483728943554,TCRBV30-01,TCRBJ01-02
451c0e5e38ee6fd8297dc6f845a30b18,CAWSSWYNYGYTF,0.028259198035247964,TCRBV30-01,TCRBJ01-02
451c0e5e38ee6fd8297dc6f845a30b18,YTF,0.028244634335945453,TCRBV20-01,TCRBJ01-02
451c0e5e38ee6fd8297dc6f845a30b18,CASSLWGGFPNYGYTF,0.02809823862771891,TCRBV27-01,TCRBJ01-02
451c0e5e38ee6fd8297dc6f845a30b18,CASSYWGANYGYTF,0.02808252719066013,TCRBV06-06,TCRBJ01-02
451c0e5e38ee6fd8297dc6f845a30b18,CASSWVWGGSPYYGYTF,0.028018356090327108,TCRBV05-01,TCRBJ01-02
451c0e5e38ee6fd8297dc6f845a30b18,CAWGAWTGGFNYGYTF,0.027976288248417105,TCRBV30-01,TCRBJ01-02
451c0e5e38ee6fd8297dc6f845a30b18,TQYF,0.027884071147928093,TCRBV29-01,TCRBJ02-03
451c0e5e38ee6fd8297dc6f845a30b18,CASSYSTPYYGYTF,0.027804158142326528,TCRBV06-05,TCRBJ01-02
451c0e5e38ee6fd8297dc6f845a30b18,CAWGAYFF,0.027775142648157683,TCRBV30-01,TCRBJ01-01
451c0e5e38ee6fd8297dc6f845a30b18,CASSNPNWGGYGYTF,0.02753579049819177,TCRBV19-01,TCRBJ01-02
451c0e5e38ee6fd8297dc6f845a30b18,CARMVRGLIYIYGYTF,0.027479011491422747,TCRBV25-01,TCRBJ01-02
451c0e5e38ee6fd8297dc6f845a30b18,CASGGYNYGYTF,0.02732262755907126,TCRBV19-01,TCRBJ01-02
451c0e5e38ee6fd8297dc6f845a30b18,CSVPWGGYGYTF,0.027254236765354597,TCRBV29-01,TCRBJ01-02
451c0e5e38ee6fd8297dc6f845a30b18,CASSAHPGAHYGYTF,0.0271223149556507,TCRBV03-01/03-02,TCRBJ01-02
451c0e5e38ee6fd8297dc6f845a30b18,CASIYTYTEGGYTF,0.027035258295675713,TCRBV06-05,TCRBJ01-02
451c0e5e38ee6fd8297dc6f845a30b18,CASSSPFYGNYGYTF,0.02699282047625834,TCRBV05-06,TCRBJ01-02
451c0e5e38ee6fd8297dc6f845a30b18,LFF,0.026945610118572126,TCRBV27-01,TCRBJ02-02
451c0e5e38ee6fd8297dc6f845a30b18,CASSPSPDTHTDTQYF,0.0269235692495977,TCRBV07-03,TCRBJ02-03
451c0e5e38ee6fd8297dc6f845a30b18,CASSYGRWYGYTF,0.026919436099116307,TCRBV06-02/06-03,TCRBJ01-02
451c0e5e38ee6fd8297dc6f845a30b18,CAWSGYRGPNYGYTF,0.026895923083461757,TCRBV30-01,TCRBJ01-02
451c0e5e38ee6fd8297dc6f845a30b18,CASTSWS,0.02687020121649765,TCRBV23-01,TCRBJ01-01
451c0e5e38ee6fd8297dc6f845a30b18,CASNPFSGANVLTF,0.026817718506860055,TCRBV02-01,TCRBJ02-06
451c0e5e38ee6fd8297dc6f845a30b18,CAWSVPGGMNYGYTF,0.02680709584953789,TCRBV30-01,TCRBJ01-02
451c0e5e38ee6fd8297dc6f845a30b18,CASSQDWDGDGYTF,0.02673319291610732,TCRBV04-03,TCRBJ01-02
451c0e5e38ee6fd8297dc6f845a30b18,CAWSVWGVGDGYTF,0.026731108686062238,TCRBV30-01,TCRBJ01-02
451c0e5e38ee6fd8297dc6f845a30b18,CASTPGGGWNYGYTF,0.026668432425555395,TCRBV12-X,TCRBJ01-02
451c0e5e38ee6fd8297dc6f845a30b18,CASSHPGIPWNGYTF,0.026640708763658094,TCRBV21-01,TCRBJ01-02
451c0e5e38ee6fd8297dc6f845a30b18,CSAAPWGFNYGYTF,0.0265976326040066,TCRBV20-X,TCRBJ01-02
451c0e5e38ee6fd8297dc6f845a30b18,CASWGYGYTF,0.02658092511320085,TCRBV02-01,TCRBJ01-02
451c0e5e38ee6fd8297dc6f845a30b18,CAWSVIGGAIGAFF,0.02652541183098058,TCRBV30-01,TCRBJ01-01
451c0e5e38ee6fd8297dc6f845a30b18,CSAFKPGHKGGYTF,0.026511534220000257,TCRBV20-X,TCRBJ01-02
451c0e5e38ee6fd8297dc6f845a30b18,PHGYTF,0.026506693567053048,TCRBV01-01,TCRBJ01-02
451c0e5e38ee6fd8297dc6f845a30b18,CASSYWGQGYGYTF,0.026501003400145145,TCRBV06-05,TCRBJ01-02
451c0e5e38ee6fd8297dc6f845a30b18,CARPRPPIGNTIYF,0.02643704476584232,TCRBV07-05,TCRBJ01-03
451c0e5e38ee6fd8297dc6f845a30b18,CAWGNSWGYTF,0.026416306886971927,TCRBV30-01,TCRBJ01-02
451c0e5e38ee6fd8297dc6f845a30b18,CASSYFYRGNYGYTF,0.02639325970517336,TCRBV06-05,TCRBJ01-02
451c0e5e38ee6fd8297dc6f845a30b18,CASNPPWGF,0.026356100022409963,TCRBV07-06,TCRBJ02-07
451c0e5e38ee6fd8297dc6f845a30b18,CASSYTLGIQGNHEQYF,0.026333403485344384,TCRBV06-X,TCRBJ02-07
451c0e5e38ee6fd8297dc6f845a30b18,CASRWYYQPQHF,0.026246434206930336,TCRBV05-06,TCRBJ01-05
451c0e5e38ee6fd8297dc6f845a30b18,CASSSSGGWSGYGYTF,0.026236159650464965,TCRBV11-02,TCRBJ01-02
451c0e5e38ee6fd8297dc6f845a30b18,CAWGLYGVYGYTF,0.026235124187462877,TCRBV30-01,TCRBJ01-02
451c0e5e38ee6fd8297dc6f845a30b18,CASKAGGYWYGYTF,0.02622618279185663,TCRBV19-01,TCRBJ01-02
451c0e5e38ee6fd8297dc6f845a30b18,CSPGPYYGYTF,0.026135522367897446,TCRBV20-01,TCRBJ01-02
451c0e5e38ee6fd8297dc6f845a30b18,CASSYRHSHYGYTF,0.026113087993252865,TCRBV06-06,TCRBJ01-02
451c0e5e38ee6fd8297dc6f845a30b18,CASSYTGGWGYTF,0.026099133976972264,TCRBV06-08,TCRBJ01-02
451c0e5e38ee6fd8297dc6f845a30b18,CASSYWAGFMTDTQYF,0.026097891681947188,TCRBV06-07,TCRBJ02-03
451c0e5e38ee6fd8297dc6f845a30b18,CASSPNNWGGNQPQHF,0.026097811389248743,TCRBV07-08,TCRBJ01-05
451c0e5e38ee6fd8297dc6f845a30b18,CAWSVGFNYGYTF,0.02608917451095865,TCRBV30-01,TCRBJ01-02
451c0e5e38ee6fd8297dc6f845a30b18,CASGWGYGYTF,0.026075714285317173,TCRBV14-01,TCRBJ01-02
451c0e5e38ee6fd8297dc6f845a30b18,CAWTRVYGYTF,0.02606649286231541,TCRBV30-01,TCRBJ01-02
451c0e5e38ee6fd8297dc6f845a30b18,CASHWRHGYTF,0.026063512053841963,TCRBV11-03,TCRBJ01-02
451c0e5e38ee6fd8297dc6f845a30b18,CASSYAGTYYGYTF,0.026061315243926627,TCRBV06-06,TCRBJ01-02
451c0e5e38ee6fd8297dc6f845a30b18,CAWSVPGWGNYGYTF,0.02606097030667413,TCRBV30-01,TCRBJ01-02
451c0e5e38ee6fd8297dc6f845a30b18,CASSYYYQPQHF,0.02605638971923102,TCRBV06-02/06-03,TCRBJ01-05
451c0e5e38ee6fd8297dc6f845a30b18,CASSWWDRASYYGYTF,0.026052859510576714,TCRBV05-05,TCRBJ01-02
451c0e5e38ee6fd8297dc6f845a30b18,CASSYRPYGYTF,0.026047692088384148,TCRBV06-05,TCRBJ01-02
451c0e5e38ee6fd8297dc6f845a30b18,CASSYWGGYTF,0.026047131096727245,TCRBV06-05,TCRBJ01-02
451c0e5e38ee6fd8297dc6f845a30b18,CAWMVIYGGPIYF,0.02601746369352707,TCRBV30-01,TCRBJ01-03
451c0e5e38ee6fd8297dc6f845a30b18,CAWMDWGGYTEAFF,0.02599293826295072,TCRBV30-01,TCRBJ01-01
451c0e5e38ee6fd8297dc6f845a30b18,WGGWGTEAFF,0.025960360106229645,TCRBV24-01,TCRBJ01-01
451c0e5e38ee6fd8297dc6f845a30b18,CASSYYPGGPYSGANVLTF,0.025943490965647173,TCRBV06-X,TCRBJ02-06
451c0e5e38ee6fd8297dc6f845a30b18,CASSNYNSGYGYTF,0.025869336942363968,TCRBV09-01,TCRBJ01-02
451c0e5e38ee6fd8297dc6f845a30b18,WGEGGTGPFYYTF,0.025808028253484022,TCRBV12-03/12-04,TCRBJ01-02
451c0e5e38ee6fd8297dc6f845a30b18,CAWWTGGGYTF,0.02580023679087064,TCRBV30-01,TCRBJ01-02
451c0e5e38ee6fd8297dc6f845a30b18,CASSHAF,0.02577060222521452,TCRBV07-09,TCRBJ01-02
451c0e5e38ee6fd8297dc6f845a30b18,CASSEWWDPEAFF,0.025739142841179338,TCRBV02-01,TCRBJ01-01
451c0e5e38ee6fd8297dc6f845a30b18,CSARWDKAKAFF,0.025699837979383074,TCRBV20-X,TCRBJ01-01
451c0e5e38ee6fd8297dc6f845a30b18,CASSYYGGQQYF,0.025685767814652965,TCRBV07-02,TCRBJ02-07
451c0e5e38ee6fd8297dc6f845a30b18,CAGVGVWAFF,0.025667106213473755,TCRBV24-01,TCRBJ01-01
451c0e5e38ee6fd8297dc6f845a30b18,CAWIPHRGYGYTF,0.025663047591674405,TCRBV30-01,TCRBJ01-02
451c0e5e38ee6fd8297dc6f845a30b18,CASCPTGGYGYTF,0.025656817042351083,TCRBV09-01,TCRBJ01-02
451c0e5e38ee6fd8297dc6f845a30b18,CAWSKGWGYGYTF,0.02563953390189877,TCRBV30-01,TCRBJ01-02
451c0e5e38ee6fd8297dc6f845a30b18,CASGWGGYGYTF,0.025608237749796366,TCRBV12-03/12-04,TCRBJ01-02
451c0e5e38ee6fd8297dc6f845a30b18,CAWGSVGAFF,0.02560421495895173,TCRBV30-01,TCRBJ01-01
451c0e5e38ee6fd8297dc6f845a30b18,CAWKVFWPGANVLTF,0.025558089846885866,TCRBV30-01,TCRBJ02-06
476a8555ce1338edb07163e307bd98ac,CASNPWGPYYGYTF,0.03474784647247196,TCRBV05-06,TCRBJ01-02
476a8555ce1338edb07163e307bd98ac,GPYHQPQHF,0.03168207969123183,TCRBV01-01,TCRBJ01-05
476a8555ce1338edb07163e307bd98ac,CASIKKPGGYTYYGYTF,0.031621268582367586,TCRBV06-X,TCRBJ01-02
476a8555ce1338edb07163e307bd98ac,CASSYWGNYGYTF,0.030370147246248907,TCRBV28-01,TCRBJ01-02
476a8555ce1338edb07163e307bd98ac,CASSYWTGPYGYTF,0.030349238951233738,TCRBV06-02/06-03,TCRBJ01-02
476a8555ce1338edb07163e307bd98ac,CASRYYYGYTF,0.030321521361269414,TCRBV19-01,TCRBJ01-02
476a8555ce1338edb07163e307bd98ac,CASSYFGYSNYGYTF,0.030226193954315368,TCRBV06-05,TCRBJ01-02
476a8555ce1338edb07163e307bd98ac,CASSYGGWNGYTF,0.029731961654770885,TCRBV06-02/06-03,TCRBJ01-02
476a8555ce1338edb07163e307bd98ac,CASTLGNRYYYHF,0.029217491293025415,TCRBV06-05,TCRBJ01-05
476a8555ce1338edb07163e307bd98ac,CSAIFPGWKEAFF,0.02917863896488751,TCRBV20-X,TCRBJ01-01
476a8555ce1338edb07163e307bd98ac,CASSYWGGYGYTF,0.029104491680632637,TCRBV06-05,TCRBJ01-02
476a8555ce1338edb07163e307bd98ac,CASYWGNYGYTF,0.029024783398436563,TCRBV19-01,TCRBJ01-02
476a8555ce1338edb07163e307bd98ac,CASSYYGTNYGYTF,0.028844845801179735,TCRBV06-02/06-03,TCRBJ01-02
476a8555ce1338edb07163e307bd98ac,CATLPWGGYGYTF,0.028513271309402757,TCRBV06-X,TCRBJ01-02
476a8555ce1338edb07163e307bd98ac,CSAPDKGWGFF,0.02828575544586389,TCRBV20-01,TCRBJ02-01
476a8555ce1338edb07163e307bd98ac,WWWDRVVNTEAFF,0.028281748504004715,TCRBV06-05,TCRBJ01-01
476a8555ce1338edb07163e307bd98ac,CASNNINTNTNTEAFF,0.028235335382915262,TCRBV19-01,TCRBJ01-01
476a8555ce1338edb07163e307bd98ac,CASSGYTGTYYGYTF,0.028150455964941774,TCRBV25-01,TCRBJ01-02
476a8555ce1338edb07163e307bd98ac,ELWDTEAFF,0.02806912673581219,TCRBV20-01,TCRBJ01-01
476a8555ce1338edb07163e307bd98ac,CASSYSWGPGYTF,0.027862668188636048,TCRBV06-02/06-03,TCRBJ01-02
476a8555ce1338edb07163e307bd98ac,CASSWGYYGYTF,0.027818194946336236,TCRBV06-02/06-03,TCRBJ01-02
476a8555ce1338edb07163e307bd98ac,CASNGWGAPTGANYGYTF,0.027681275507793087,TCRBV28-01,TCRBJ01-02
476a8555ce1338edb07163e307bd98ac,CSVWWGGGYTF,0.027598620614160498,TCRBV29-01,TCRBJ01-02
476a8555ce1338edb07163e307bd98ac,CAWIAPGANVLTF,0.02756662732875011,TCRBV30-01,TCRBJ02-06
476a8555ce1338edb07163e307bd98ac,CASSYFSSPSAGTGGGGYTF,0.027525062167075783,TCRBV12-X,TCRBJ01-02
476a8555ce1338edb07163e307bd98ac,CASSYGTYYGYTF,0.02744862313882822,TCRBV19-01,TCRBJ01-02
476a8555ce1338edb07163e307bd98ac,CSASYTGYYGYTF,0.027364492115996328,TCRBV20-01,TCRBJ01-02
476a8555ce1338edb07163e307bd98ac,CASSYSYTPGGGYTF,0.02728626209524869,TCRBV06-05,TCRBJ01-02
476a8555ce1338edb07163e307bd98ac,CASRWAPGHFHQPQHF,0.027220300290246552,TCRBV28-01,TCRBJ01-05
476a8555ce1338edb07163e307bd98ac,CASSYWTGASYGYTF,0.02720397603503957,TCRBV05-04,TCRBJ01-02
476a8555ce1338edb07163e307bd98ac,CASSIYYRPDYYGYTF,0.027152736310006757,TCRBV05-06,TCRBJ01-02
476a8555ce1338edb07163e307bd98ac,CASLHPHHGYTF,0.027031229183224505,TCRBV19-01,TCRBJ01-02
476a8555ce1338edb07163e307bd98ac,CASSYYEGAHYHGYTF,0.027003680691378113,TCRBV06-02/06-03,TCRBJ01-02
476a8555ce1338edb07163e307bd98ac,CSAGGWGNYGYTF,0.026932632486394405,TCRBV20-X,TCRBJ01-02
476a8555ce1338edb07163e307bd98ac,CASSSWDSYNNYGYTF,0.026674406704704508,TCRBV07-09,TCRBJ01-02
476a8555ce1338edb07163e307bd98ac,AYVPPQYF,0.02667251880943393,TCRBV27-01,TCRBJ02-03
476a8555ce1338edb07163e307bd98ac,GRRNYGYTF,0.02667161359427522,TCRBV23-01,TCRBJ01-02
476a8555ce1338edb07163e307bd98ac,CAYFDPGAFF,0.026635176049697794,TCRBV10-01,TCRBJ01-01
476a8555ce1338edb07163e307bd98ac,CASSSNNHNYGYTF,0.026631408880290256,TCRBV06-02/06-03,TCRBJ01-02
476a8555ce1338edb07163e307bd98ac,CASSSWGGANYGYTF,0.026625586084906373,TCRBV12-X,TCRBJ01-02
476a8555ce1338edb07163e307bd98ac,CASSYWGTGGNYGYTF,0.026428912121498713,TCRBV06-06,TCRBJ01-02
476a8555ce1338edb07163e307bd98ac,CASSYRGTASYNNYGYTF,0.026278104935046873,TCRBV06-X,TCRBJ01-02
476a8555ce1338edb07163e307bd98ac,CASSSWGGYGYTF,0.026211952406517705,TCRBV05-04,TCRBJ01-02
476a8555ce1338edb07163e307bd98ac,CASSIWPPGHPYGYTF,0.02619192907679006,TCRBV19-01,TCRBJ01-02
476a8555ce1338edb07163e307bd98ac,CASVYGYSNYGYTF,0.026114006594273615,TCRBV02-01,TCRBJ01-02
476a8555ce1338edb07163e307bd98ac,CASSYYRDYGYTF,0.026076734542541228,TCRBV06-02/06-03,TCRBJ01-02
476a8555ce1338edb07163e307bd98ac,CAWSYSYGYTF,0.026025326558704844,TCRBV30-01,TCRBJ01-02
476a8555ce1338edb07163e307bd98ac,CASSNGGGFGYGYTF,0.026012022222928526,TCRBV06-02,TCRBJ01-02
476a8555ce1338edb07163e307bd98ac,CAWWTGGYGYTF,0.02599136740996692,TCRBV30-01,TCRBJ01-02
476a8555ce1338edb07163e307bd98ac,LLF,0.02588293091089419,TCRBV07-03,TCRBJ01-04
476a8555ce1338edb07163e307bd98ac,CASSYYPRVYGYTF,0.02587883155526408,TCRBV06-05,TCRBJ01-02
476a8555ce1338edb07163e307bd98ac,CASSYSGAYYGYTF,0.025855972113775258,TCRBV06-05,TCRBJ01-02
476a8555ce1338edb07163e307bd98ac,CASTGGTGFGIWWYTF,0.025828290779007574,TCRBV19-01,TCRBJ01-02
476a8555ce1338edb07163e307bd98ac,CASSFNPYGYTF,0.025772218454290917,TCRBV28-01,TCRBJ01-02
476a8555ce1338edb07163e307bd98ac,CSAYYTWGYTF,0.025736612461960816,TCRBV20-01,TCRBJ01-02
476a8555ce1338edb07163e307bd98ac,CASHPNGGAYYGYTF,0.025717810351784016,TCRBV05-01,TCRBJ01-02
476a8555ce1338edb07163e307bd98ac,CAPPGPRHF,0.025689273463559734,TCRBV21-01,TCRBJ01-03
476a8555ce1338edb07163e307bd98ac,CAWSVHVYGYTF,0.02568916157395173,TCRBV30-01,TCRBJ01-02
476a8555ce1338edb07163e307bd98ac,CASCPIPGHTYGYTF,0.025669023209159328,TCRBV06-06,TCRBJ01-02
476a8555ce1338edb07163e307bd98ac,CASSKVYPWGCYNYGYTF,0.025563807071646714,TCRBV21-01,TCRBJ01-02
476a8555ce1338edb07163e307bd98ac,CASSLTGPQGAGGNTIYF,0.02555758068679121,TCRBV04-01,TCRBJ01-03
476a8555ce1338edb07163e307bd98ac,CASSPYWGTNYGYTF,0.025537182332305695,TCRBV02-01,TCRBJ01-02
476a8555ce1338edb07163e307bd98ac,CASTRHPGEHHPYF,0.025511241024270565,TCRBV06-04,TCRBJ01-03
476a8555ce1338edb07163e307bd98ac,CASSYPYGYTF,0.025505132290220098,TCRBV06-02/06-03,TCRBJ01-02
476a8555ce1338edb07163e307bd98ac,CASGLLGGITEAFF,0.0254940755943338,TCRBV12-05,TCRBJ01-01
476a8555ce1338edb07163e307bd98ac,CASSKIILGGFDYGYTF,0.025459286007117145,TCRBV21-01,TCRBJ01-02
476a8555ce1338edb07163e307bd98ac,CASSHRGGIYYGYTF,0.025453060758609817,TCRBV04-03,TCRBJ01-02
476a8555ce1338edb07163e307bd98ac,CASSYSGPWGYTF,0.025432730351486438,TCRBV06-02/06-03,TCRBJ01-02
476a8555ce1338edb07163e307bd98ac,CASSLGGQGAKGGNTIYF,0.025410254683744533,TCRBV28-01,TCRBJ01-03
476a8555ce1338edb07163e307bd98ac,CATSANPGWWGGHGYTF,0.025370429377130146,TCRBV24-01,TCRBJ01-02
476a8555ce1338edb07163e307bd98ac,CATRPHF,0.025351344373378347,TCRBV24-01,TCRBJ01-06
476a8555ce1338edb07163e307bd98ac,CASSYSASSPWWYF,0.025340551350387198,TCRBV06-05,TCRBJ02-07
476a8555ce1338edb07163e307bd98ac,CATTPPAGTGANVLTF,0.025326912606806876,TCRBV15-01,TCRBJ02-06
476a8555ce1338edb07163e307bd98ac,CASSGPYYGYTF,0.025317574039569444,TCRBV25-01,TCRBJ01-02
476a8555ce1338edb07163e307bd98ac,CSAYKGGYGYTF,0.025313145718653028,TCRBV20-X,TCRBJ01-02
476a8555ce1338edb07163e307bd98ac,CAWSVGWGDGYTF,0.025305845269552336,TCRBV30-01,TCRBJ01-02
476a8555ce1338edb07163e307bd98ac,CASSYSHWSGGGQGFHGYTF,0.02529955955770292,TCRBV06-X,TCRBJ01-02
476a8555ce1338edb07163e307bd98ac,CAWDRFWVGYTF,0.02525418473282614,TCRBV30-01,TCRBJ01-02
476a8555ce1338edb07163e307bd98ac,CASKLNYYYGYTF,0.025251672918357854,TCRBV06-05,TCRBJ01-02
476a8555ce1338edb07163e307bd98ac,CASSFTGGWASGYGYTF,0.025228684696678782,TCRBV28-01,TCRBJ01-02
476a8555ce1338edb07163e307bd98ac,CATSWGKYYGYTF,0.02522139478769947,TCRBV19-01,TCRBJ01-02
476a8555ce1338edb07163e307bd98ac,CAWSTGGYYGYTF,0.025202108562219844,TCRBV30-01,TCRBJ01-02
476a8555ce1338edb07163e307bd98ac,CASRGGWGSNYGYTF,0.025197748229241375,TCRBV27-01,TCRBJ01-02
476a8555ce1338edb07163e307bd98ac,CASSYRGWGNYGYTF,0.025134887801667546,TCRBV27-01,TCRBJ01-02
476a8555ce1338edb07163e307bd98ac,CAVWGPPGANVLTF,0.025130728632737243,TCRBV06-05,TCRBJ02-06
476a8555ce1338edb07163e307bd98ac,CASWHTQYF,0.025128583593186454,TCRBV10-01,TCRBJ02-03
476a8555ce1338edb07163e307bd98ac,CASSSYNRDRYYGYTF,0.025079410559422154,TCRBV27-01,TCRBJ01-02
476a8555ce1338edb07163e307bd98ac,CASTPGAPGANVLTF,0.02507423308216588,TCRBV05-04,TCRBJ02-06
476a8555ce1338edb07163e307bd98ac,CATPSHF,0.02506996860247968,TCRBV12-X,TCRBJ01-05
476a8555ce1338edb07163e307bd98ac,CASSPGGGYGNNYGYTF,0.025020362064085387,TCRBV05-04,TCRBJ01-02
476a8555ce1338edb07163e307bd98ac,CASSPYYRANYGYTF,0.02501218597896124,TCRBV07-02,TCRBJ01-02
476a8555ce1338edb07163e307bd98ac,CASIPVGGWGGYTF,0.025010520261002794,TCRBV07-02,TCRBJ01-02
476a8555ce1338edb07163e307bd98ac,CARRVSPFWYF,0.025004407740714798,TCRBV21-01,TCRBJ02-05
476a8555ce1338edb07163e307bd98ac,CASSSYSGTGGGYTF,0.02498967740619157,TCRBV11-02,TCRBJ01-02
476a8555ce1338edb07163e307bd98ac,CASSPNWGPYGYTF,0.024982313958165817,TCRBV07-02,TCRBJ01-02
476a8555ce1338edb07163e307bd98ac,CAWSGFFGGDNYGYTF,0.024966384725999238,TCRBV30-01,TCRBJ01-02
476a8555ce1338edb07163e307bd98ac,CASSYSSSGWGYGYTF,0.02494340748029719,TCRBV06-05,TCRBJ01-02
476a8555ce1338edb07163e307bd98ac,CAWSVGWGYTF,0.024901961990346774,TCRBV30-01,TCRBJ01-02
476a8555ce1338edb07163e307bd98ac,CASSYRGYGYTF,0.024885473752379907,TCRBV06-05,TCRBJ01-02
47949201e050e32ed5c119a9686401a5,CWWG,0.05455330000908912,TCRBV03-01/03-02,TCRBJ02-07
47949201e050e32ed5c119a9686401a5,CAWSGGWGNYGYTF,0.03204503716916471,TCRBV30-01,TCRBJ01-02
47949201e050e32ed5c119a9686401a5,CAWSPYYGYTF,0.03139816118608545,TCRBV30-01,TCRBJ01-02
47949201e050e32ed5c119a9686401a5,CASSYFPGWTGWPGYTF,0.030646158277814004,TCRBV06-X,TCRBJ01-02
47949201e050e32ed5c119a9686401a5,CASSPHYYYGYTF,0.02996832016074329,TCRBV25-01,TCRBJ01-02
47949201e050e32ed5c119a9686401a5,CASSYTYSTGGAGYGYTF,0.029967154062080174,TCRBV06-X,TCRBJ01-02
47949201e050e32ed5c119a9686401a5,CASSSHNSSPHNSPLHF,0.029931520039777046,TCRBV21-01,TCRBJ01-06
47949201e050e32ed5c119a9686401a5,CASSYQYYYGYTF,0.02987038456179203,TCRBV06-05,TCRBJ01-02
47949201e050e32ed5c119a9686401a5,CASSYNYYGYTF,0.029784881051386956,TCRBV07-09,TCRBJ01-02
47949201e050e32ed5c119a9686401a5,CASSYWGAYGYTF,0.02957334092743796,TCRBV06-02/06-03,TCRBJ01-02
47949201e050e32ed5c119a9686401a5,CASSYSSHYYGYTF,0.029400865230906174,TCRBV06-02/06-03,TCRBJ01-02
47949201e050e32ed5c119a9686401a5,CASSYWRGAYGYTF,0.02862850491558449,TCRBV06-05,TCRBJ01-02
47949201e050e32ed5c119a9686401a5,CAWSYYSGGGFF,0.028452766062003275,TCRBV30-01,TCRBJ02-01
47949201e050e32ed5c119a9686401a5,CAWHPGWGGQPQHF,0.028215260768531182,TCRBV30-01,TCRBJ01-05
47949201e050e32ed5c119a9686401a5,CASSYWGGLYGYTF,0.02820409077766814,TCRBV06-05,TCRBJ01-02
47949201e050e32ed5c119a9686401a5,CASWGPGYGYTF,0.028008606978329027,TCRBV06-05,TCRBJ01-02
47949201e050e32ed5c119a9686401a5,CAWSGGYYGYTF,0.027991781406963925,TCRBV30-01,TCRBJ01-02
47949201e050e32ed5c119a9686401a5,CASSYWTGGAYGYTF,0.02793483690508012,TCRBV12-X,TCRBJ01-02
47949201e050e32ed5c119a9686401a5,CAGGYSNYGYTF,0.0277482823097995,TCRBV12-03/12-04,TCRBJ01-02
47949201e050e32ed5c119a9686401a5,CASSYGVYYGYTF,0.02769956352534068,TCRBV06-05,TCRBJ01-02
47949201e050e32ed5c119a9686401a5,CAWGGYGYTF,0.02758627114136823,TCRBV30-01,TCRBJ01-02
47949201e050e32ed5c119a9686401a5,CATGASGGAGANVLTF,0.027488688235981135,TCRBV06-06,TCRBJ02-06
47949201e050e32ed5c119a9686401a5,CASSPSGGWGNYGYTF,0.027468325356819527,TCRBV07-03,TCRBJ01-02
47949201e050e32ed5c119a9686401a5,GHNQPQHF,0.02743973633028473,TCRBV21-01,TCRBJ01-05
47949201e050e32ed5c119a9686401a5,CASSQHNHNNYGYTF,0.027318518810067433,TCRBV04-03,TCRBJ01-02
47949201e050e32ed5c119a9686401a5,CASRIYRVYYGYTF,0.027223786955595467,TCRBV05-06,TCRBJ01-02
47949201e050e32ed5c119a9686401a5,CASSPPPHF,0.02717966351723894,TCRBV06-06,TCRBJ01-05
47949201e050e32ed5c119a9686401a5,CASSPGPYYNYGYTF,0.027179316798903553,TCRBV05-01,TCRBJ01-02
47949201e050e32ed5c119a9686401a5,CASSYRDSYSYYGYTF,0.02695962891284448,TCRBV06-06,TCRBJ01-02
47949201e050e32ed5c119a9686401a5,CASTYRRTYHIYGYTF,0.026933380730314368,TCRBV21-01,TCRBJ01-02
47949201e050e32ed5c119a9686401a5,CASNYYGTGYLYGYTF,0.026910347524734177,TCRBV05-05,TCRBJ01-02
47949201e050e32ed5c119a9686401a5,YLPGHGYTF,0.02690575753966178,TCRBV10-01,TCRBJ01-02
47949201e050e32ed5c119a9686401a5,CASASSGYAYYGYTF,0.02675636890737743,TCRBV09-01,TCRBJ01-02
47949201e050e32ed5c119a9686401a5,CASSYSYGIGANYGYTF,0.026736356781574124,TCRBV06-X,TCRBJ01-02
47949201e050e32ed5c119a9686401a5,CSAHHPGGAYGYTF,0.02668660068587741,TCRBV20-X,TCRBJ01-02
47949201e050e32ed5c119a9686401a5,CASSYYRVGYGYTF,0.02666804872975691,TCRBV05-01,TCRBJ01-02
47949201e050e32ed5c119a9686401a5,CASHPDHGYTF,0.02666382378959276,TCRBV05-05,TCRBJ01-02
47949201e050e32ed5c119a9686401a5,CAWSPPRHPSPLHF,0.02664333642147971,TCRBV30-01,TCRBJ01-06
47949201e050e32ed5c119a9686401a5,CASHIAYGYTF,0.026607986188784127,TCRBV02-01,TCRBJ01-02
47949201e050e32ed5c119a9686401a5,CASSYGHSYYGYTF,0.026606933364468767,TCRBV06-02/06-03,TCRBJ01-02
47949201e050e32ed5c119a9686401a5,CASWGYGYTF,0.026580963669058072,TCRBV06-05,TCRBJ01-02
47949201e050e32ed5c119a9686401a5,CASSYYKGGGYTF,0.02651696040335683,TCRBV06-05,TCRBJ01-02
47949201e050e32ed5c119a9686401a5,CASSFPYGANNYGYTF,0.026496135406131622,TCRBV07-02,TCRBJ01-02
47949201e050e32ed5c119a9686401a5,CSVGEYGGWYGYTF,0.02649524062633498,TCRBV29-01,TCRBJ01-02
47949201e050e32ed5c119a9686401a5,CASSHPYF,0.02649254262810199,TCRBV02-01,TCRBJ02-05
47949201e050e32ed5c119a9686401a5,CASSYGGPYF,0.026375838301232503,TCRBV06-02/06-03,TCRBJ02-04
47949201e050e32ed5c119a9686401a5,CASSYYDNYGYTF,0.026127992615472224,TCRBV06-02/06-03,TCRBJ01-02
47949201e050e32ed5c119a9686401a5,LWRNTIYF,0.02598998676534539,TCRBV29-01,TCRBJ01-03
47949201e050e32ed5c119a9686401a5,CASTAWGGWNGYTF,0.025963475645924078,TCRBV09-01,TCRBJ01-02
47949201e050e32ed5c119a9686401a5,CSASSYGNNYGYTF,0.025898101617725912,TCRBV20-01,TCRBJ01-02
47949201e050e32ed5c119a9686401a5,CAWSVRWGVGGYTF,0.025881933062321012,TCRBV30-01,TCRBJ01-02
47949201e050e32ed5c119a9686401a5,CASSWSVWGRYYGYTF,0.025838400843181734,TCRBV06-X,TCRBJ01-02
47949201e050e32ed5c119a9686401a5,CAWSGGGAWYGYTF,0.025834975890062353,TCRBV30-01,TCRBJ01-02
47949201e050e32ed5c119a9686401a5,CAWSVWGGGYTF,0.025783639625009323,TCRBV30-01,TCRBJ01-02
47949201e050e32ed5c119a9686401a5,CASSDYYYGYTF,0.0257472168630862,TCRBV02-01,TCRBJ01-02
47949201e050e32ed5c119a9686401a5,CAWTGGYYGYTF,0.025693398791654012,TCRBV30-01,TCRBJ01-02
47949201e050e32ed5c119a9686401a5,CAGYANYGYTF,0.025647479193107583,TCRBV07-09,TCRBJ01-02
47949201e050e32ed5c119a9686401a5,CASSYYGPQPQHF,0.02559896469277019,TCRBV27-01,TCRBJ01-05
47949201e050e32ed5c119a9686401a5,CAWHKVGYTF,0.025595857552479423,TCRBV30-01,TCRBJ01-02
47949201e050e32ed5c119a9686401a5,CASSYWPGPPYGYTF,0.02554116074716077,TCRBV06-02/06-03,TCRBJ01-02
47949201e050e32ed5c119a9686401a5,CASSYGGPYGYTF,0.02549573269040756,TCRBV06-02/06-03,TCRBJ01-02
47949201e050e32ed5c119a9686401a5,CASSYYWSGYTF,0.025462587025325237,TCRBV28-01,TCRBJ01-02
47949201e050e32ed5c119a9686401a5,CASSSYDSYNYGYTF,0.025413289688167605,TCRBV12-X,TCRBJ01-02
47949201e050e32ed5c119a9686401a5,CASSSGYRASYYGYTF,0.02539116705179261,TCRBV07-02,TCRBJ01-02
47949201e050e32ed5c119a9686401a5,CAWSGIYYGYTF,0.02538355714358041,TCRBV30-01,TCRBJ01-02
47949201e050e32ed5c119a9686401a5,CASTYFGTGYGYTF,0.025324943990839264,TCRBV02-01,TCRBJ01-02
47949201e050e32ed5c119a9686401a5,CSAWTWEGGYTF,0.025288679288058596,TCRBV29-01,TCRBJ01-02
47949201e050e32ed5c119a9686401a5,CASSYHRGYGYTF,0.025242654693416626,TCRBV06-05,TCRBJ01-02
47949201e050e32ed5c119a9686401a5,CASINHGGSTNNNYGYTF,0.025219094217182148,TCRBV19-01,TCRBJ01-02
47949201e050e32ed5c119a9686401a5,CARGGHIYGYTF,0.02521672498977122,TCRBV19-01,TCRBJ01-02
47949201e050e32ed5c119a9686401a5,CASSYSPYGYTF,0.025209182122495483,TCRBV12-03/12-04,TCRBJ01-02
47949201e050e32ed5c119a9686401a5,NRNTIYF,0.025194425030478418,TCRBV27-01,TCRBJ01-03
47949201e050e32ed5c119a9686401a5,CASSYGQDMWWGYGYTF,0.025177417526019,TCRBV06-X,TCRBJ01-02
47949201e050e32ed5c119a9686401a5,CASSFLGAIGELFF,0.025170004574107556,TCRBV07-09,TCRBJ02-02
47949201e050e32ed5c119a9686401a5,CASSYPPHTF,0.0251256021530939,TCRBV06-06,TCRBJ01-02
47949201e050e32ed5c119a9686401a5,CASSPYGNANYGYTF,0.025087231938037052,TCRBV03-01/03-02,TCRBJ01-02
47949201e050e32ed5c119a9686401a5,CASSYGHNYGYTF,0.025079454280241786,TCRBV06-05,TCRBJ01-02
47949201e050e32ed5c119a9686401a5,CAWKWIYGYTF,0.0250781703764343,TCRBV30-01,TCRBJ01-02
47949201e050e32ed5c119a9686401a5,CATSSGGYNYGYTF,0.02507531279093657,TCRBV24-01,TCRBJ01-02
47949201e050e32ed5c119a9686401a5,CASSRSNYNRGPYF,0.024996681250226863,TCRBV07-08,TCRBJ02-05
47949201e050e32ed5c119a9686401a5,CAWSVWGAHGYTF,0.024958985899975052,TCRBV30-01,TCRBJ01-02
47949201e050e32ed5c119a9686401a5,CASSWGGGGNYGYTF,0.02495185458416568,TCRBV12-X,TCRBJ01-02
47949201e050e32ed5c119a9686401a5,CAWSAAWGGGGYTF,0.024942556544897087,TCRBV30-01,TCRBJ01-02
47949201e050e32ed5c119a9686401a5,CAWHHNTIYGYTF,0.024919141558214702,TCRBV30-01,TCRBJ01-02
47949201e050e32ed5c119a9686401a5,PF,0.024901662398664082,TCRBV25-01,TCRBJ01-01
47949201e050e32ed5c119a9686401a5,CASSYRGYGYTF,0.024885473752379907,TCRBV28-01,TCRBJ01-02
47949201e050e32ed5c119a9686401a5,CASSGSNYNYGYTF,0.02486571376065333,TCRBV25-01,TCRBJ01-02
47949201e050e32ed5c119a9686401a5,CASRHNYGVFYGYTF,0.02486035386078292,TCRBV23-01,TCRBJ01-02
47949201e050e32ed5c119a9686401a5,CASSYSYGFGYGYTF,0.024833999950017224,TCRBV06-05,TCRBJ01-02
47949201e050e32ed5c119a9686401a5,CATLPGGVPGANVLTF,0.024814845195772577,TCRBV07-03,TCRBJ02-06
47949201e050e32ed5c119a9686401a5,CASSHPGYGYTF,0.024762722077831402,TCRBV12-03/12-04,TCRBJ01-02
47949201e050e32ed5c119a9686401a5,CAWSHHNGVYNYGYTF,0.024741285146133177,TCRBV30-01,TCRBJ01-02
47949201e050e32ed5c119a9686401a5,CASSGGSWFSGNTIYF,0.024671459920025944,TCRBV06-01,TCRBJ01-03
47949201e050e32ed5c119a9686401a5,CASTHIYGYTF,0.02466747014156421,TCRBV19-01,TCRBJ01-02
47949201e050e32ed5c119a9686401a5,CASYRGPNYGYTF,0.024599998917931326,TCRBV18-01,TCRBJ01-02
47949201e050e32ed5c119a9686401a5,CASSYAGSYYGYTF,0.024577843349851757,TCRBV06-06,TCRBJ01-02
47949201e050e32ed5c119a9686401a5,CASSPALGGWWYF,0.024567738424562537,TCRBV05-01,TCRBJ02-07
47949201e050e32ed5c119a9686401a5,CAWYRALGANVLTF,0.024561007389749843,TCRBV30-01,TCRBJ02-06
47949201e050e32ed5c119a9686401a5,CASSYSSSSYGYTF,0.02454308387501658,TCRBV06-05,TCRBJ01-02
4bc1dda10755753a518f5c681988c2d5,FF,0.046364095414381246,TCRBV29-01,TCRBJ01-01
4bc1dda10755753a518f5c681988c2d5,CAWWTGWYGYTF,0.033420950387768066,TCRBV30-01,TCRBJ01-02
4bc1dda10755753a518f5c681988c2d5,CASTPPGAGALLPYGYTF,0.033099573929002764,TCRBV09-01,TCRBJ01-02
4bc1dda10755753a518f5c681988c2d5,CASSHTYYYTF,0.03145204714668257,TCRBV25-01,TCRBJ01-02
4bc1dda10755753a518f5c681988c2d5,CAWGSWGYPYGYTF,0.030211535187204,TCRBV30-01,TCRBJ01-02
4bc1dda10755753a518f5c681988c2d5,CASSSYGYYGYTF,0.028329690998519157,TCRBV07-08,TCRBJ01-02
4bc1dda10755753a518f5c681988c2d5,CASSYTTGYNYGYTF,0.027966145035702515,TCRBV06-06,TCRBJ01-02
4bc1dda10755753a518f5c681988c2d5,TQYF,0.027884166472986135,TCRBV25-01,TCRBJ02-05
4bc1dda10755753a518f5c681988c2d5,CAWSWGAAEAFF,0.027745846243857678,TCRBV30-01,TCRBJ01-01
4bc1dda10755753a518f5c681988c2d5,WRPIEAFF,0.02761169720372317,TCRBV07-09,TCRBJ01-01
4bc1dda10755753a518f5c681988c2d5,CAWFWAAGGYTF,0.027464816216997843,TCRBV30-01,TCRBJ01-02
4bc1dda10755753a518f5c681988c2d5,CASYGVWYGYTF,0.027398196684668665,TCRBV05-04,TCRBJ01-02
4bc1dda10755753a518f5c681988c2d5,CASSYGWNYGYTF,0.027397886964576845,TCRBV06-05,TCRBJ01-02
4bc1dda10755753a518f5c681988c2d5,CASSFGWGTPYGYTF,0.0272864392809179,TCRBV05-08,TCRBJ01-02
4bc1dda10755753a518f5c681988c2d5,CAWNIWGGRGITEAFF,0.0272567762700429,TCRBV30-01,TCRBJ01-01
4bc1dda10755753a518f5c681988c2d5,CASSPGGWGNNYGYTF,0.027032604032631,TCRBV09-01,TCRBJ01-02
4bc1dda10755753a518f5c681988c2d5,CASSSSFGGYSNYGYTF,0.02695502450154401,TCRBV11-02,TCRBJ01-02
4bc1dda10755753a518f5c681988c2d5,CASGPHPYF,0.02678632895183599,TCRBV12-05,TCRBJ02-03
4bc1dda10755753a518f5c681988c2d5,CAWSPGGYNYGYTF,0.026644475666758857,TCRBV30-01,TCRBJ01-02
4bc1dda10755753a518f5c681988c2d5,CASNPYGATGGYTF,0.026636845018860877,TCRBV06-05,TCRBJ01-02
4bc1dda10755753a518f5c681988c2d5,CAWKWADGYTF,0.026552721436799466,TCRBV30-01,TCRBJ01-02
4bc1dda10755753a518f5c681988c2d5,CAWIGAWGNTIYF,0.026386737234522048,TCRBV30-01,TCRBJ01-03
4bc1dda10755753a518f5c681988c2d5,CASSYYPTSGNYGYTF,0.026181936671710218,TCRBV06-06,TCRBJ01-02
4bc1dda10755753a518f5c681988c2d5,CASSPPWYF,0.026054913448526305,TCRBV06-06,TCRBJ01-05
4bc1dda10755753a518f5c681988c2d5,CASSYSYRNSYGYTF,0.02603646995472773,TCRBV06-02/06-03,TCRBJ01-02
4bc1dda10755753a518f5c681988c2d5,CASHRYTIYF,0.02578249429196863,TCRBV19-01,TCRBJ01-03
4bc1dda10755753a518f5c681988c2d5,CAWSVWGPYGYTF,0.02578149572174978,TCRBV30-01,TCRBJ01-02
4bc1dda10755753a518f5c681988c2d5,CASSLGRGIGELFF,0.025766065339086732,TCRBV07-02,TCRBJ02-02
4bc1dda10755753a518f5c681988c2d5,CASSPYAWGVYGYTF,0.025669792431686447,TCRBV06-04,TCRBJ01-02
4bc1dda10755753a518f5c681988c2d5,CASSPQPQPQHF,0.025668789167223493,TCRBV06-02/06-03,TCRBJ01-05
4bc1dda10755753a518f5c681988c2d5,CASSHWGAFTYGYTF,0.025653092232183372,TCRBV05-06,TCRBJ01-02
4bc1dda10755753a518f5c681988c2d5,CASSSHWGGYGYTF,0.025628893797017965,TCRBV06-05,TCRBJ01-02
4bc1dda10755753a518f5c681988c2d5,CAWIPGGWLNTEAFF,0.025610029985997845,TCRBV30-01,TCRBJ01-01
4bc1dda10755753a518f5c681988c2d5,WRPTEAFF,0.025602054357136483,TCRBV07-09,TCRBJ01-01
4bc1dda10755753a518f5c681988c2d5,CAWKWGRGKNTIYF,0.025559418459826743,TCRBV30-01,TCRBJ01-03
4bc1dda10755753a518f5c681988c2d5,CASIPGGLWDPFNYGYTF,0.025544713943179736,TCRBV05-05,TCRBJ01-02
4bc1dda10755753a518f5c681988c2d5,CARPGCSNYGYTF,0.025511660375996913,TCRBV21-01,TCRBJ01-02
4bc1dda10755753a518f5c681988c2d5,CAWGPFNGYTF,0.025491257735251217,TCRBV30-01,TCRBJ01-02
4bc1dda10755753a518f5c681988c2d5,CASSGGFSYYGYTF,0.025363747887229865,TCRBV06-X,TCRBJ01-02
4bc1dda10755753a518f5c681988c2d5,CASKPWGYGYTF,0.02534011707276369,TCRBV19-01,TCRBJ01-02
4bc1dda10755753a518f5c681988c2d5,CASSTSGGWNAFF,0.025330073297523712,TCRBV02-01,TCRBJ01-01
4bc1dda10755753a518f5c681988c2d5,CHSPLHF,0.025325358888534835,TCRBV05-01,TCRBJ01-06
4bc1dda10755753a518f5c681988c2d5,CAWSYTAYGYTF,0.025202233028449376,TCRBV30-01,TCRBJ01-02
4bc1dda10755753a518f5c681988c2d5,CASSWGAHYGYTF,0.02512498167142773,TCRBV07-02,TCRBJ01-02
4bc1dda10755753a518f5c681988c2d5,CATSDYWPGGGYGYGYTF,0.024957999551278875,TCRBV24-01,TCRBJ01-02
4bc1dda10755753a518f5c681988c2d5,CAWSVGRGIGKLFF,0.0249364747026334,TCRBV30-01,TCRBJ01-04
4bc1dda10755753a518f5c681988c2d5,CASSTYYYGYTF,0.02493423133736606,TCRBV06-05,TCRBJ01-02
4bc1dda10755753a518f5c681988c2d5,CASSYWPGGGSGNTIYF,0.02492676646309737,TCRBV06-X,TCRBJ01-03
4bc1dda10755753a518f5c681988c2d5,CASTPHGAYYGYTF,0.024899108051841846,TCRBV12-X,TCRBJ01-02
4bc1dda10755753a518f5c681988c2d5,CASSHGVYYGYTF,0.024860874049768868,TCRBV10-02,TCRBJ01-02
4bc1dda10755753a518f5c681988c2d5,CACGGYSYGYTF,0.024860483907035,TCRBV30-01,TCRBJ01-02
4bc1dda10755753a518f5c681988c2d5,CASSYKKEKPYNYGYTF,0.02485985102151233,TCRBV06-X,TCRBJ01-02
4bc1dda10755753a518f5c681988c2d5,CASSLNWGFPNYGYTF,0.02484025668193897,TCRBV05-04,TCRBJ01-02
4bc1dda10755753a518f5c681988c2d5,CASSYGGPFPGNTIYF,0.024814274020930067,TCRBV06-02/06-03,TCRBJ01-03
4bc1dda10755753a518f5c681988c2d5,CASSEGWGVGYGYTF,0.02479939481684643,TCRBV06-01,TCRBJ01-02
4bc1dda10755753a518f5c681988c2d5,CAWRPSYYGYTF,0.024775065258134995,TCRBV30-01,TCRBJ01-02
4bc1dda10755753a518f5c681988c2d5,CAWSPNWGGITEAFF,0.02476457324470525,TCRBV30-01,TCRBJ01-01
4bc1dda10755753a518f5c681988c2d5,CASGWGGFGGYTF,0.024747078915666965,TCRBV27-01,TCRBJ01-02
4bc1dda10755753a518f5c681988c2d5,CSAHGANYGYTF,0.024687715228299607,TCRBV20-X,TCRBJ01-02
4bc1dda10755753a518f5c681988c2d5,CAWSPWDYGYTF,0.024671814183093308,TCRBV30-01,TCRBJ01-02
4bc1dda10755753a518f5c681988c2d5,RFGNTIYF,0.02464812677319135,TCRBV14-01,TCRBJ01-03
4bc1dda10755753a518f5c681988c2d5,CASSYSGNNYGYTF,0.024635020283236456,TCRBV06-02/06-03,TCRBJ01-02
4bc1dda10755753a518f5c681988c2d5,CASSWGTTGGGYGYTF,0.024631382786201153,TCRBV05-01,TCRBJ01-02
4bc1dda10755753a518f5c681988c2d5,CAWTSGWGYGYTF,0.024603045436009784,TCRBV30-01,TCRBJ01-02
4bc1dda10755753a518f5c681988c2d5,CASGAYYGYTF,0.024589594899886155,TCRBV28-01,TCRBJ01-02
4bc1dda10755753a518f5c681988c2d5,CAEKVRGWMNGYTF,0.024581411686044226,TCRBV30-01,TCRBJ01-02
4bc1dda10755753a518f5c681988c2d5,CATPWKGKGKNIQYF,0.0245632137371263,TCRBV21-01,TCRBJ02-04
4bc1dda10755753a518f5c681988c2d5,CASSYGGHYGYTF,0.024520362372109014,TCRBV06-05,TCRBJ01-02
4bc1dda10755753a518f5c681988c2d5,CAWFGRGYGYTF,0.024474127013079567,TCRBV30-01,TCRBJ01-02
4bc1dda10755753a518f5c681988c2d5,CSAIDVIPHYGYTF,0.024461036764876085,TCRBV20-X,TCRBJ01-02
4bc1dda10755753a518f5c681988c2d5,DYNSPLHF,0.024449121913366283,TCRBV05-04,TCRBJ01-06
4bc1dda10755753a518f5c681988c2d5,CASSEKWGWDYGYTF,0.024441754573563953,TCRBV02-01,TCRBJ01-02
4bc1dda10755753a518f5c681988c2d5,WGSGSFYGYTF,0.024426296311991978,TCRBV20-01,TCRBJ01-02
4bc1dda10755753a518f5c681988c2d5,CASHWDTGYGYTF,0.02442518419638998,TCRBV02-01,TCRBJ01-02
4bc1dda10755753a518f5c681988c2d5,CASSYWTGANYGYTF,0.02442147040048355,TCRBV12-X,TCRBJ01-02
4bc1dda10755753a518f5c681988c2d5,CASSYSGDPWGYTF,0.02438935875277922,TCRBV06-05,TCRBJ01-02
4bc1dda10755753a518f5c681988c2d5,CASSYYPGQSNYGYTF,0.024353445753426788,TCRBV06-06,TCRBJ01-02
4bc1dda10755753a518f5c681988c2d5,CSASWYYGYTF,0.02435315967710095,TCRBV20-01,TCRBJ01-02
4bc1dda10755753a518f5c681988c2d5,CASSYSYANYGYTF,0.02433612846425789,TCRBV06-05,TCRBJ01-02
4bc1dda10755753a518f5c681988c2d5,CASWGHGYTF,0.024287526780195596,TCRBV09-01,TCRBJ01-02
4bc1dda10755753a518f5c681988c2d5,CASSYWQGSYGYTF,0.024255570652501755,TCRBV06-05,TCRBJ01-02
4bc1dda10755753a518f5c681988c2d5,CASGFGGPYGYTF,0.024230302042799697,TCRBV12-05,TCRBJ01-02
4bc1dda10755753a518f5c681988c2d5,WGDREGEKLFF,0.024206741496983642,TCRBV25-01,TCRBJ01-04
4bc1dda10755753a518f5c681988c2d5,CAWSSWEGAMNTEAFF,0.024130910089461655,TCRBV30-01,TCRBJ01-01
4bc1dda10755753a518f5c681988c2d5,CSGGHYGYTF,0.02410308661427315,TCRBV20-01,TCRBJ01-02
4bc1dda10755753a518f5c681988c2d5,CSARDHGAWDYGYTF,0.024093045927433582,TCRBV20-X,TCRBJ01-02
4bc1dda10755753a518f5c681988c2d5,DTQYF,0.02406224077344408,TCRBV07-03,TCRBJ02-03
4bc1dda10755753a518f5c681988c2d5,CASKPDRGWYGYTF,0.02403930318592308,TCRBV06-05,TCRBJ01-02
4bc1dda10755753a518f5c681988c2d5,CASCSGGANVLTF,0.024038272579808322,TCRBV02-01,TCRBJ02-06
4bc1dda10755753a518f5c681988c2d5,CASSYSSSQYYGYTF,0.024029099008539945,TCRBV06-02/06-03,TCRBJ01-02
4bc1dda10755753a518f5c681988c2d5,CAWDRAKTIYF,0.024006137073743387,TCRBV30-01,TCRBJ01-03
4bc1dda10755753a518f5c681988c2d5,CASSYSIHIYGYTF,0.023978684098536124,TCRBV06-02/06-03,TCRBJ01-02
4bc1dda10755753a518f5c681988c2d5,CASSPGHYYGYTF,0.023972674606548224,TCRBV09-01,TCRBJ01-02
4bc1dda10755753a518f5c681988c2d5,CASSYSGYGYTF,0.023964765545969012,TCRBV06-05,TCRBJ01-02
4bc1dda10755753a518f5c681988c2d5,CASSSWGGGYTF,0.023961579354673142,TCRBV07-08,TCRBJ01-02
4bc1dda10755753a518f5c681988c2d5,CAWMRTYYGYTF,0.023959882219538382,TCRBV30-01,TCRBJ01-02
4bc1dda10755753a518f5c681988c2d5,CASSWWGTEGYTF,0.0239407235334987,TCRBV05-01,TCRBJ01-02
4bc1dda10755753a518f5c681988c2d5,CASNPYGGLYF,0.023909339807403528,TCRBV02-01,TCRBJ02-05
4bc1dda10755753a518f5c681988c2d5,CASSLWPGHNYGYTF,0.023907208835465918,TCRBV05-01,TCRBJ01-02
4c50380d95d7b31e625f949cb5b91980,WEKLFF,0.03306576147905864,TCRBV03-01/03-02,TCRBJ01-04
4c50380d95d7b31e625f949cb5b91980,CAWGAYYGYTF,0.03191791783127921,TCRBV30-01,TCRBJ01-02
4c50380d95d7b31e625f949cb5b91980,CAWGHPWSGPQPQHF,0.029828881239356907,TCRBV30-01,TCRBJ01-05
4c50380d95d7b31e625f949cb5b91980,CSAYSYYGYTF,0.029601152222321174,TCRBV29-01,TCRBJ01-02
4c50380d95d7b31e625f949cb5b91980,CASSTWGGYSYGYTF,0.029233534437309115,TCRBV28-01,TCRBJ01-02
4c50380d95d7b31e625f949cb5b91980,CASSYRGWYGYTF,0.029206921725997155,TCRBV06-05,TCRBJ01-02
4c50380d95d7b31e625f949cb5b91980,CASSYSSGWNYGYTF,0.028950442355919193,TCRBV06-02/06-03,TCRBJ01-02
4c50380d95d7b31e625f949cb5b91980,CASSHWGGANYGYTF,0.02874291082865892,TCRBV04-03,TCRBJ01-02
4c50380d95d7b31e625f949cb5b91980,CASSYWGRFYGYTF,0.028073741945575863,TCRBV07-08,TCRBJ01-02
4c50380d95d7b31e625f949cb5b91980,CASSYSSGGFYYGYTF,0.02793020989077222,TCRBV06-06,TCRBJ01-02
4c50380d95d7b31e625f949cb5b91980,CATSDPYSGYTYNYGYTF,0.027921912584839937,TCRBV24-01,TCRBJ01-02
4c50380d95d7b31e625f949cb5b91980,CASSYSTGYYGYTF,0.027645729643180673,TCRBV06-02/06-03,TCRBJ01-02
4c50380d95d7b31e625f949cb5b91980,CASIWGWGYTF,0.02749086492401045,TCRBV03-01/03-02,TCRBJ01-02
4c50380d95d7b31e625f949cb5b91980,CASWSLWTGYGYGYTF,0.02745334768108521,TCRBV12-X,TCRBJ01-02
4c50380d95d7b31e625f949cb5b91980,CASSYGWAYGYTF,0.027267942072636567,TCRBV06-05,TCRBJ01-02
4c50380d95d7b31e625f949cb5b91980,CSVPWGGYGYTF,0.027254236765354597,TCRBV29-01,TCRBJ01-02
4c50380d95d7b31e625f949cb5b91980,CASSWEDPWDYTF,0.027204479221401533,TCRBV05-04,TCRBJ01-02
4c50380d95d7b31e625f949cb5b91980,CASSFYYTRQAYYGYTF,0.027134250110534816,TCRBV05-08,TCRBJ01-02
4c50380d95d7b31e625f949cb5b91980,CAYEPGGFWGGYTF,0.02683284457814871,TCRBV30-01,TCRBJ01-02
4c50380d95d7b31e625f949cb5b91980,CASSIVGGFTEAFF,0.026702387540006683,TCRBV19-01,TCRBJ01-01
4c50380d95d7b31e625f949cb5b91980,WRDERPLHF,0.026700266921572634,TCRBV20-01,TCRBJ01-06
4c50380d95d7b31e625f949cb5b91980,CAWSDYPWGYTF,0.026684013771585316,TCRBV30-01,TCRBJ01-02
4c50380d95d7b31e625f949cb5b91980,CASSYYRGTNYGYTF,0.02663799481234403,TCRBV06-02/06-03,TCRBJ01-02
4c50380d95d7b31e625f949cb5b91980,CASSWKYF,0.026594654436348612,TCRBV27-01,TCRBJ02-07
4c50380d95d7b31e625f949cb5b91980,CASHTNPWGPYGYTF,0.026581501914505236,TCRBV10-02,TCRBJ01-02
4c50380d95d7b31e625f949cb5b91980,CASSFWGGYGYTF,0.02647794425398934,TCRBV06-02/06-03,TCRBJ01-02
4c50380d95d7b31e625f949cb5b91980,CACAWGGGMNTEAFF,0.026465492876348997,TCRBV19-01,TCRBJ01-01
4c50380d95d7b31e625f949cb5b91980,CAWSLAGGPYNEQFF,0.02636512123316999,TCRBV30-01,TCRBJ02-01
4c50380d95d7b31e625f949cb5b91980,CASSNYWGDGYGYTF,0.02622275348109833,TCRBV13-01,TCRBJ01-02
4c50380d95d7b31e625f949cb5b91980,F,0.026169089102652747,TCRBV20-01,TCRBJ01-02
4c50380d95d7b31e625f949cb5b91980,CASSHGWGNYGYTF,0.026008096232251685,TCRBV23-01,TCRBJ01-02
4c50380d95d7b31e625f949cb5b91980,CASSTYRGTYYGYTF,0.026002714032554462,TCRBV28-01,TCRBJ01-02
4c50380d95d7b31e625f949cb5b91980,CAWTGWYTEAFF,0.025976369739336303,TCRBV30-01,TCRBJ01-01
4c50380d95d7b31e625f949cb5b91980,CASSPWGGQYYGYTF,0.02589375185713901,TCRBV11-02,TCRBJ01-02
4c50380d95d7b31e625f949cb5b91980,CASWHGLKWAGYTF,0.025877963077920105,TCRBV10-01,TCRBJ01-02
4c50380d95d7b31e625f949cb5b91980,CASSWGYRWGAFF,0.025868103792963094,TCRBV05-01,TCRBJ01-01
4c50380d95d7b31e625f949cb5b91980,CSATHPNYRRYNYGYTF,0.02579778595045776,TCRBV20-X,TCRBJ01-02
4c50380d95d7b31e625f949cb5b91980,CASIIKKAGGIGELFF,0.02579500730718429,TCRBV11-02,TCRBJ02-02
4c50380d95d7b31e625f949cb5b91980,CASSYSYSGSGGYTF,0.02575357346981549,TCRBV06-05,TCRBJ01-02
4c50380d95d7b31e625f949cb5b91980,CATHLAAGANVLTF,0.025740368510618904,TCRBV06-05,TCRBJ02-06
4c50380d95d7b31e625f949cb5b91980,CSGFGGNNYGYTF,0.02573479067910964,TCRBV20-X,TCRBJ01-02
4c50380d95d7b31e625f949cb5b91980,RARGRQPQHF,0.02569968127134475,TCRBV07-03,TCRBJ01-05
4c50380d95d7b31e625f949cb5b91980,CASTHWGKGYGYTF,0.025675705461047308,TCRBV06-X,TCRBJ01-02
4c50380d95d7b31e625f949cb5b91980,CASTPKWPGINYGYTF,0.025670014556320994,TCRBV28-01,TCRBJ01-02
4c50380d95d7b31e625f949cb5b91980,CAWQPQGPYSNQPQHF,0.025663721252808327,TCRBV30-01,TCRBJ01-05
4c50380d95d7b31e625f949cb5b91980,CASGAPGANVLTF,0.025659990996070255,TCRBV12-05,TCRBJ02-06
4c50380d95d7b31e625f949cb5b91980,CAWKGAYYGYTF,0.025642924691754915,TCRBV30-01,TCRBJ01-02
4c50380d95d7b31e625f949cb5b91980,CASSAYPYGYTF,0.025623080551864796,TCRBV05-06,TCRBJ01-02
4c50380d95d7b31e625f949cb5b91980,CSVGIWGSYYGYTF,0.025572916227824344,TCRBV29-01,TCRBJ01-02
4c50380d95d7b31e625f949cb5b91980,CASSWAEAFPAEAFF,0.025548322524557857,TCRBV06-06,TCRBJ01-01
4c50380d95d7b31e625f949cb5b91980,CASSYSTGTYYGYTF,0.025535771786510234,TCRBV06-05,TCRBJ01-02
4c50380d95d7b31e625f949cb5b91980,CASTFWGGSNYGYTF,0.02542486609702843,TCRBV07-09,TCRBJ01-02
4c50380d95d7b31e625f949cb5b91980,CAWTGYYGYTF,0.02542029545996656,TCRBV30-01,TCRBJ01-02
4c50380d95d7b31e625f949cb5b91980,CASSPWGQGYKYYGYTF,0.025367629249914914,TCRBV06-X,TCRBJ01-02
4c50380d95d7b31e625f949cb5b91980,CASSLYWGGPDYGYTF,0.02533092386555808,TCRBV05-01,TCRBJ01-02
4c50380d95d7b31e625f949cb5b91980,CAWAWVFGNTIYF,0.025283390690426528,TCRBV30-01,TCRBJ01-03
4c50380d95d7b31e625f949cb5b91980,CASSYYGYTF,0.025281230020721406,TCRBV06-05,TCRBJ01-02
4c50380d95d7b31e625f949cb5b91980,CASSFGPPPSYEQYF,0.02527189905134177,TCRBV06-02/06-03,TCRBJ02-07
4c50380d95d7b31e625f949cb5b91980,CASTSWGGSNYGYTF,0.02527044992419384,TCRBV07-02,TCRBJ01-02
4c50380d95d7b31e625f949cb5b91980,CASMTPKAAFF,0.02525815542192664,TCRBV02-01,TCRBJ01-01
4c50380d95d7b31e625f949cb5b91980,CAGNWGNYGYTF,0.02524306827788493,TCRBV07-02,TCRBJ01-02
4c50380d95d7b31e625f949cb5b91980,CACKRAYGYTF,0.025228586487646188,TCRBV30-01,TCRBJ01-02
4c50380d95d7b31e625f949cb5b91980,CASSHPPPAPQHF,0.02521014005757154,TCRBV12-03/12-04,TCRBJ01-05
4c50380d95d7b31e625f949cb5b91980,CAHYQGAWGNTIYF,0.025155908574862287,TCRBV30-01,TCRBJ01-03
4c50380d95d7b31e625f949cb5b91980,CASCGAGCYGYTF,0.025124426900461114,TCRBV12-03/12-04,TCRBJ01-02
4c50380d95d7b31e625f949cb5b91980,CASSYGPWSGYTF,0.0250975698304043,TCRBV06-02/06-03,TCRBJ01-02
4c50380d95d7b31e625f949cb5b91980,CASSYWGLGYGYTF,0.025088599392827766,TCRBV06-05,TCRBJ01-02
4c50380d95d7b31e625f949cb5b91980,CAWSVHYYGYTF,0.02508455117930814,TCRBV30-01,TCRBJ01-02
4c50380d95d7b31e625f949cb5b91980,CASSPWGAGSNYGYTF,0.02506772227660826,TCRBV06-X,TCRBJ01-02
4c50380d95d7b31e625f949cb5b91980,CASSWSWYGYTF,0.025009761566662535,TCRBV12-03/12-04,TCRBJ01-02
4c50380d95d7b31e625f949cb5b91980,CASSGSGGFNYGYTF,0.02497703262918696,TCRBV21-01,TCRBJ01-02
4c50380d95d7b31e625f949cb5b91980,CASSHPGGAHGYTF,0.024955441023778425,TCRBV05-08,TCRBJ01-02
4c50380d95d7b31e625f949cb5b91980,CSASSWHPSGGGTPNYGYTF,0.024888352205723115,TCRBV20-X,TCRBJ01-02
4c50380d95d7b31e625f949cb5b91980,CASSYRGYGYTF,0.024885473752379907,TCRBV05-01,TCRBJ01-02
4c50380d95d7b31e625f949cb5b91980,CAWSVPGGVNTEAFF,0.02484822634987834,TCRBV30-01,TCRBJ01-01
4c50380d95d7b31e625f949cb5b91980,CASNYYGGGASYEQYF,0.024799432295917374,TCRBV06-X,TCRBJ02-07
4c50380d95d7b31e625f949cb5b91980,CACYAVGYGYTF,0.02477667536708799,TCRBV25-01,TCRBJ01-02
4c50380d95d7b31e625f949cb5b91980,CASSYFGNYGYTF,0.024771180102115296,TCRBV06-02/06-03,TCRBJ01-02
4c50380d95d7b31e625f949cb5b91980,CASSNRYWGYGYTF,0.024751596326459506,TCRBV28-01,TCRBJ01-02
4c50380d95d7b31e625f949cb5b91980,CATSIWGALEAFF,0.02473775314896889,TCRBV15-01,TCRBJ01-01
4c50380d95d7b31e625f949cb5b91980,LWFPLHF,0.024668370726743268,TCRBV12-X,TCRBJ01-06
4c50380d95d7b31e625f949cb5b91980,CAWSAPEAFF,0.02462631121359637,TCRBV30-01,TCRBJ01-01
4c50380d95d7b31e625f949cb5b91980,CASSRLIYYPPYYGYTF,0.02462271791474448,TCRBV04-01,TCRBJ01-02
4c50380d95d7b31e625f949cb5b91980,CASSEGGADWGWGF,0.024621535530557945,TCRBV06-01,TCRBJ01-04
4c50380d95d7b31e625f949cb5b91980,CASSFFGRYYGYTF,0.0246173160440405,TCRBV06-02/06-03,TCRBJ01-02
4c50380d95d7b31e625f949cb5b91980,CASGSYYKNYGYTF,0.024600734053418925,TCRBV12-05,TCRBJ01-02
4c50380d95d7b31e625f949cb5b91980,CASSSYRSNNYGYTF,0.024591949584414297,TCRBV11-02,TCRBJ01-02
4c50380d95d7b31e625f949cb5b91980,CAWSYWATGANVLTF,0.024550388208640406,TCRBV30-01,TCRBJ02-06
4c50380d95d7b31e625f949cb5b91980,CAWSVWAGGVDGYTF,0.024540321396855146,TCRBV30-01,TCRBJ01-02
4c50380d95d7b31e625f949cb5b91980,CASSYGYGYTF,0.024498189835316132,TCRBV06-02/06-03,TCRBJ01-02
4c50380d95d7b31e625f949cb5b91980,CASSWGQGYYGYTF,0.024493975290046488,TCRBV06-05,TCRBJ01-02
4c50380d95d7b31e625f949cb5b91980,CASNPWGRANYGYTF,0.02446780084338465,TCRBV05-08,TCRBJ01-02
4c50380d95d7b31e625f949cb5b91980,CASSPNSWGGGYTF,0.024460969915576128,TCRBV07-02,TCRBJ01-02
4c50380d95d7b31e625f949cb5b91980,CASSWDAYYGYTF,0.02445812685171966,TCRBV12-03/12-04,TCRBJ01-02
4c50380d95d7b31e625f949cb5b91980,WGGPAVNTEAFF,0.02445608328749349,TCRBV30-01,TCRBJ01-01
4c50380d95d7b31e625f949cb5b91980,CASSIWGWPQPYGYTF,0.024454155066391873,TCRBV19-01,TCRBJ01-02
4c50380d95d7b31e625f949cb5b91980,CASNWGPNYGYTF,0.02443305954896116,TCRBV28-01,TCRBJ01-02
4c50380d95d7b31e625f949cb5b91980,CASSHWGGTGANYGYTF,0.02442966846872017,TCRBV05-04,TCRBJ01-02
4da5fcbabb12589b72e1e85f8f319fc2,FF,0.04636419028842517,TCRBV05-01,TCRBJ02-01
4da5fcbabb12589b72e1e85f8f319fc2,CASSQAEPPKHLKTDWVGNTIYF,0.034762859333555315,TCRBV04-02,TCRBJ01-03
4da5fcbabb12589b72e1e85f8f319fc2,HF,0.03464010287003052,TCRBV07-05,TCRBJ01-05
4da5fcbabb12589b72e1e85f8f319fc2,CASSYWRYYGYTF,0.03227176889454684,TCRBV06-02/06-03,TCRBJ01-02
4da5fcbabb12589b72e1e85f8f319fc2,CSASYYYGYTF,0.03115675988635023,TCRBV20-01,TCRBJ01-02
4da5fcbabb12589b72e1e85f8f319fc2,CATWFIAGGPGDTQYF,0.031113337871822598,TCRBV06-06,TCRBJ02-03
4da5fcbabb12589b72e1e85f8f319fc2,CASSFRGGWNNYGYTF,0.030436811281099763,TCRBV11-02,TCRBJ01-02
4da5fcbabb12589b72e1e85f8f319fc2,CASSYSYYGYTF,0.030263355563056,TCRBV06-02/06-03,TCRBJ01-02
4da5fcbabb12589b72e1e85f8f319fc2,CASSPWGYYGYTF,0.03009187708327127,TCRBV18-01,TCRBJ01-02
4da5fcbabb12589b72e1e85f8f319fc2,CAWSFPGGSNYGYTF,0.030046144279195292,TCRBV30-01,TCRBJ01-02
4da5fcbabb12589b72e1e85f8f319fc2,CASSYSGYYGYTF,0.029976799522669757,TCRBV06-02/06-03,TCRBJ01-02
4da5fcbabb12589b72e1e85f8f319fc2,CASSYSSYYGYTF,0.0298697800365139,TCRBV06-02/06-03,TCRBJ01-02
4da5fcbabb12589b72e1e85f8f319fc2,CAWNPGAGPYYGYTF,0.029633004335323815,TCRBV30-01,TCRBJ01-02
4da5fcbabb12589b72e1e85f8f319fc2,CASSYWGPAGTYGYTF,0.02950012378026884,TCRBV12-X,TCRBJ01-02
4da5fcbabb12589b72e1e85f8f319fc2,CASCGGGWYGYTF,0.02907119692253946,TCRBV02-01,TCRBJ01-02
4da5fcbabb12589b72e1e85f8f319fc2,CAWSEWGWEYGYTF,0.029045411714994442,TCRBV30-01,TCRBJ01-02
4da5fcbabb12589b72e1e85f8f319fc2,CAAAGGPKDKRKFF,0.028290916465050876,TCRBV06-05,TCRBJ02-01
4da5fcbabb12589b72e1e85f8f319fc2,CASSYYSGGTYF,0.027780271118406114,TCRBV06-02/06-03,TCRBJ02-07
4da5fcbabb12589b72e1e85f8f319fc2,CASSYGWGTNYGYTF,0.02770920813344444,TCRBV06-05,TCRBJ01-02
4da5fcbabb12589b72e1e85f8f319fc2,CAWGGPEAFF,0.0276465516138567,TCRBV30-01,TCRBJ01-01
4da5fcbabb12589b72e1e85f8f319fc2,CAKSYPPHF,0.027614317085109304,TCRBV02-01,TCRBJ02-03
4da5fcbabb12589b72e1e85f8f319fc2,CASSTWTLPKGYTF,0.02761086183722913,TCRBV06-02/06-03,TCRBJ01-02
4da5fcbabb12589b72e1e85f8f319fc2,CASSYSAYYGYTF,0.02760993528127876,TCRBV06-05,TCRBJ01-02
4da5fcbabb12589b72e1e85f8f319fc2,TTGGAWR,0.02758563797982405,TCRBV21-01,TCRBJ02-03
4da5fcbabb12589b72e1e85f8f319fc2,CAWYNYGYTF,0.027540698831061486,TCRBV30-01,TCRBJ01-02
4da5fcbabb12589b72e1e85f8f319fc2,CASSYYRGMHYGYTF,0.027473226781210728,TCRBV06-05,TCRBJ01-02
4da5fcbabb12589b72e1e85f8f319fc2,CASSYGTYYGYTF,0.02744862313882822,TCRBV06-02/06-03,TCRBJ01-02
4da5fcbabb12589b72e1e85f8f319fc2,CAWAPGHGYGYTF,0.027162808527902024,TCRBV30-01,TCRBJ01-02
4da5fcbabb12589b72e1e85f8f319fc2,CSASWGYYGYTF,0.02712768176156803,TCRBV20-01,TCRBJ01-02
4da5fcbabb12589b72e1e85f8f319fc2,CASSYGHIYGYTF,0.027114335863978982,TCRBV06-02/06-03,TCRBJ01-02
4da5fcbabb12589b72e1e85f8f319fc2,CAWSAGWGYGYTF,0.02702751413778966,TCRBV30-01,TCRBJ01-02
4da5fcbabb12589b72e1e85f8f319fc2,CATAHTF,0.026977717811730497,TCRBV19-01,TCRBJ01-02
4da5fcbabb12589b72e1e85f8f319fc2,CASSSGGWGPGYGYTF,0.026686190416888887,TCRBV12-X,TCRBJ01-02
4da5fcbabb12589b72e1e85f8f319fc2,CASSSWPHYTF,0.02667015448128881,TCRBV07-09,TCRBJ01-02
4da5fcbabb12589b72e1e85f8f319fc2,CASSYSGNTYYGYTF,0.026573874932612138,TCRBV06-05,TCRBJ01-02
4da5fcbabb12589b72e1e85f8f319fc2,CASSYSWDPNYGYTF,0.02657041527324494,TCRBV06-05,TCRBJ01-02
4da5fcbabb12589b72e1e85f8f319fc2,CHGKSPWAFF,0.02646062815710968,TCRBV05-04,TCRBJ01-01
4da5fcbabb12589b72e1e85f8f319fc2,CASSGFNGGYGYTF,0.026435075037497584,TCRBV06-X,TCRBJ01-02
4da5fcbabb12589b72e1e85f8f319fc2,CASSFPPSAGKKVTF,0.026368721683105785,TCRBV05-05,TCRBJ01-02
4da5fcbabb12589b72e1e85f8f319fc2,CSARPTYYQGAGVNYGYTF,0.026197776673478407,TCRBV20-X,TCRBJ01-02
4da5fcbabb12589b72e1e85f8f319fc2,CASSSGTYYHYGYTF,0.026169026824514757,TCRBV06-05,TCRBJ01-02
4da5fcbabb12589b72e1e85f8f319fc2,CASGYYGYTF,0.026163660813453973,TCRBV12-03/12-04,TCRBJ01-02
4da5fcbabb12589b72e1e85f8f319fc2,CASSYHPWGGAQYF,0.026139418523862975,TCRBV06-05,TCRBJ02-07
4da5fcbabb12589b72e1e85f8f319fc2,WGTEAFF,0.026127325293675098,TCRBV24-01,TCRBJ01-01
4da5fcbabb12589b72e1e85f8f319fc2,CASSHMYGTGHYGYTF,0.02606334259652502,TCRBV05-08,TCRBJ01-02
4da5fcbabb12589b72e1e85f8f319fc2,CAIWPGGYGYTF,0.025992579116464555,TCRBV10-03,TCRBJ01-02
4da5fcbabb12589b72e1e85f8f319fc2,CAWSVWGAGYTF,0.025705708484887596,TCRBV30-01,TCRBJ01-02
4da5fcbabb12589b72e1e85f8f319fc2,CASSYYQGSNYGYTF,0.025665904808233636,TCRBV06-06,TCRBJ01-02
4da5fcbabb12589b72e1e85f8f319fc2,CASSYSMGYYGYTF,0.025651405811325308,TCRBV06-05,TCRBJ01-02
4da5fcbabb12589b72e1e85f8f319fc2,CSVIGPYYGYTF,0.02562581288504842,TCRBV29-01,TCRBJ01-02
4da5fcbabb12589b72e1e85f8f319fc2,CASSLGPHWYF,0.025584327177884135,TCRBV05-06,TCRBJ02-05
4da5fcbabb12589b72e1e85f8f319fc2,CASRGPKWGPNYGYTF,0.025521163529560218,TCRBV06-X,TCRBJ01-02
4da5fcbabb12589b72e1e85f8f319fc2,CAWSVWGGENGYTF,0.02551003931498554,TCRBV30-01,TCRBJ01-02
4da5fcbabb12589b72e1e85f8f319fc2,CASSYGWGYTF,0.02549473456993343,TCRBV06-02/06-03,TCRBJ01-02
4da5fcbabb12589b72e1e85f8f319fc2,CASSYGRYYF,0.025432891383695054,TCRBV06-06,TCRBJ01-03
4da5fcbabb12589b72e1e85f8f319fc2,CASSYGGYYGYTF,0.025402721840629465,TCRBV06-05,TCRBJ01-02
4da5fcbabb12589b72e1e85f8f319fc2,CTSSHHRGIYIGYTF,0.025363584334533677,TCRBV01-01,TCRBJ01-02
4da5fcbabb12589b72e1e85f8f319fc2,CAWGGHGQPQHF,0.025219653955011818,TCRBV30-01,TCRBJ01-05
4da5fcbabb12589b72e1e85f8f319fc2,CASTLKRWGANVLTF,0.025193975626241896,TCRBV06-05,TCRBJ02-06
4da5fcbabb12589b72e1e85f8f319fc2,CASSHAYYGYTF,0.025179120406450445,TCRBV03-01/03-02,TCRBJ01-02
4da5fcbabb12589b72e1e85f8f319fc2,CASSFGGNNPGNTIYF,0.02514066618694846,TCRBV12-X,TCRBJ01-03
4da5fcbabb12589b72e1e85f8f319fc2,CASSYSTTGYNYGYTF,0.02513859481714647,TCRBV06-05,TCRBJ01-02
4da5fcbabb12589b72e1e85f8f319fc2,WDGMNTEAFF,0.025133311970213974,TCRBV21-01,TCRBJ01-01
4da5fcbabb12589b72e1e85f8f319fc2,CASSPYWAYGYTF,0.025124972911793424,TCRBV18-01,TCRBJ01-02
4da5fcbabb12589b72e1e85f8f319fc2,CASSTQGYPYYGYTF,0.02507485234279041,TCRBV05-08,TCRBJ01-02
4da5fcbabb12589b72e1e85f8f319fc2,CAWSWEEGYTEAFF,0.025057684674693593,TCRBV30-01,TCRBJ01-01
4da5fcbabb12589b72e1e85f8f319fc2,CASYWDRGHYGYTF,0.02504309257499145,TCRBV02-01,TCRBJ01-02
4da5fcbabb12589b72e1e85f8f319fc2,CASSNAGWGYGYTF,0.025014270458920965,TCRBV19-01,TCRBJ01-02
4da5fcbabb12589b72e1e85f8f319fc2,CASSYDSYYGYTF,0.025012049345321103,TCRBV06-02/06-03,TCRBJ01-02
4da5fcbabb12589b72e1e85f8f319fc2,CASSYSPGGWGYTF,0.02494278413472875,TCRBV06-05,TCRBJ01-02
4da5fcbabb12589b72e1e85f8f319fc2,CAWSFWATEAFF,0.02493353286197505,TCRBV30-01,TCRBJ01-01
4da5fcbabb12589b72e1e85f8f319fc2,CASSYAGPYGYTF,0.02492799790141382,TCRBV06-05,TCRBJ01-02
4da5fcbabb12589b72e1e85f8f319fc2,CAWKFVYGYTF,0.024915745557125064,TCRBV30-01,TCRBJ01-02
4da5fcbabb12589b72e1e85f8f319fc2,CASSQGNWGYYGYTF,0.024905849764200023,TCRBV03-01/03-02,TCRBJ01-02
4da5fcbabb12589b72e1e85f8f319fc2,CAWSVWGTEAFF,0.024891349613477297,TCRBV30-01,TCRBJ01-01
4da5fcbabb12589b72e1e85f8f319fc2,CASCPTGCTEAFF,0.02487624174787272,TCRBV06-05,TCRBJ01-01
4da5fcbabb12589b72e1e85f8f319fc2,CASSIWDGLANYGYTF,0.024859371310527022,TCRBV19-01,TCRBJ01-02
4da5fcbabb12589b72e1e85f8f319fc2,CASSNRDIKAFF,0.02485244540499146,TCRBV02-01,TCRBJ01-01
4da5fcbabb12589b72e1e85f8f319fc2,CAWGIPNYGYTF,0.024838215207412997,TCRBV30-01,TCRBJ01-02
4da5fcbabb12589b72e1e85f8f319fc2,CASSATGAGTGGSFGYGYTF,0.024826024627728187,TCRBV06-01,TCRBJ01-02
4da5fcbabb12589b72e1e85f8f319fc2,CAWGRGYGYTF,0.024783036150444,TCRBV30-01,TCRBJ01-02
4da5fcbabb12589b72e1e85f8f319fc2,CASSQEARHPHPYF,0.024769662489343123,TCRBV03-01/03-02,TCRBJ02-07
4da5fcbabb12589b72e1e85f8f319fc2,CASPFNTLGAFF,0.024755435318517833,TCRBV23-01,TCRBJ01-01
4da5fcbabb12589b72e1e85f8f319fc2,CASSYTPGYGYTF,0.02473996778027703,TCRBV06-06,TCRBJ01-02
4da5fcbabb12589b72e1e85f8f319fc2,CASFWHTEAFF,0.02473245751234348,TCRBV06-05,TCRBJ01-01
4da5fcbabb12589b72e1e85f8f319fc2,CASSVDLLIVEAFF,0.024635269485266554,TCRBV07-02,TCRBJ01-01
4da5fcbabb12589b72e1e85f8f319fc2,CAYWGAGGYTF,0.0246331971730165,TCRBV30-01,TCRBJ01-02
4da5fcbabb12589b72e1e85f8f319fc2,CASWWWSSGANVLTF,0.0246283185297047,TCRBV05-06,TCRBJ02-06
4da5fcbabb12589b72e1e85f8f319fc2,QPQHF,0.024621363760219915,TCRBV05-01,TCRBJ01-05
4da5fcbabb12589b72e1e85f8f319fc2,CASSSGWGNYGYTF,0.02461187669481756,TCRBV07-02,TCRBJ01-02
4da5fcbabb12589b72e1e85f8f319fc2,CASRPKGGWGYTF,0.02460834553736839,TCRBV19-01,TCRBJ01-02
4da5fcbabb12589b72e1e85f8f319fc2,CASSWGIHWYEAFF,0.024603935145877057,TCRBV11-02,TCRBJ01-01
4da5fcbabb12589b72e1e85f8f319fc2,CASNYGAYGYTF,0.02460022489115185,TCRBV06-06,TCRBJ01-02
4da5fcbabb12589b72e1e85f8f319fc2,CASSWGGGLHYGYTF,0.02459203965867874,TCRBV05-05,TCRBJ01-02
4da5fcbabb12589b72e1e85f8f319fc2,CATTPGGGQYNYGYTF,0.024577146032762624,TCRBV15-01,TCRBJ01-02
4da5fcbabb12589b72e1e85f8f319fc2,CASSYSGPYGYTF,0.02456671858507507,TCRBV06-06,TCRBJ01-02
4da5fcbabb12589b72e1e85f8f319fc2,CASSFGGHNYGYTF,0.024563934947582428,TCRBV06-02/06-03,TCRBJ01-02
4da5fcbabb12589b72e1e85f8f319fc2,CASHQPQHF,0.024553511536354454,TCRBV06-06,TCRBJ01-05
4da5fcbabb12589b72e1e85f8f319fc2,CASSYSWGRGYTF,0.024553510108785308,TCRBV06-05,TCRBJ01-02
4fb950a498186f0b434860ea10f1a06c,CASSYSHRGHHNYGYTF,0.032000098670161105,TCRBV06-X,TCRBJ01-02
4fb950a498186f0b434860ea10f1a06c,CASSYSWGNPNYGYTF,0.03129894737277306,TCRBV06-05,TCRBJ01-02
4fb950a498186f0b434860ea10f1a06c,CASSPWGGGYNYGYTF,0.03073386772433991,TCRBV28-01,TCRBJ01-02
4fb950a498186f0b434860ea10f1a06c,CAWVWVTEAFF,0.030411764917177835,TCRBV30-01,TCRBJ01-01
4fb950a498186f0b434860ea10f1a06c,CASRLYYHHF,0.02960954970602505,TCRBV28-01,TCRBJ01-05
4fb950a498186f0b434860ea10f1a06c,CASSYSTGTGGYTNYGYTF,0.029403314633364493,TCRBV06-02/06-03,TCRBJ01-02
4fb950a498186f0b434860ea10f1a06c,CAWSPPPHQPQHF,0.029078573491232766,TCRBV30-01,TCRBJ01-05
4fb950a498186f0b434860ea10f1a06c,AYNSPLHF,0.02895284362244486,TCRBV06-04,TCRBJ01-06
4fb950a498186f0b434860ea10f1a06c,CASSLWGGYNYGYTF,0.0289114810587396,TCRBV05-04,TCRBJ01-02
4fb950a498186f0b434860ea10f1a06c,CASSHHRNYRAYYGYTF,0.028892603981934006,TCRBV03-01/03-02,TCRBJ01-02
4fb950a498186f0b434860ea10f1a06c,CASSHGWGNSNYGYTF,0.028876058742396946,TCRBV27-01,TCRBJ01-02
4fb950a498186f0b434860ea10f1a06c,CAWSPWGWGDYTF,0.028864315799756388,TCRBV30-01,TCRBJ01-02
4fb950a498186f0b434860ea10f1a06c,CASSSRGGHHHYGYTF,0.028405789318268898,TCRBV27-01,TCRBJ01-02
4fb950a498186f0b434860ea10f1a06c,CSSWGGYGYTF,0.028260466567582875,TCRBV29-01,TCRBJ01-02
4fb950a498186f0b434860ea10f1a06c,CASSSSYGSWYGYTF,0.027726906690806474,TCRBV19-01,TCRBJ01-02
4fb950a498186f0b434860ea10f1a06c,CASSYSAYYGYTF,0.027609895275225525,TCRBV06-05,TCRBJ01-02
4fb950a498186f0b434860ea10f1a06c,CASSYSSTGYYGYTF,0.027574297826263677,TCRBV06-05,TCRBJ01-02
4fb950a498186f0b434860ea10f1a06c,CAWSAAWGAKMNTEAFF,0.027565416218918205,TCRBV30-01,TCRBJ01-01
4fb950a498186f0b434860ea10f1a06c,CASSLPLGDRGPKLPYGNGYTF,0.027219422773320547,TCRBV05-01,TCRBJ01-02
4fb950a498186f0b434860ea10f1a06c,CAWSSYSPYGYTF,0.02687389523585511,TCRBV30-01,TCRBJ01-02
4fb950a498186f0b434860ea10f1a06c,SPHSPLHF,0.026788052195276225,TCRBV11-03,TCRBJ01-06
4fb950a498186f0b434860ea10f1a06c,CAWKGWKGELYYGYTF,0.02674235671850065,TCRBV30-01,TCRBJ01-02
4fb950a498186f0b434860ea10f1a06c,CASSALPVVGYGYTF,0.02669438921912565,TCRBV06-X,TCRBJ01-02
4fb950a498186f0b434860ea10f1a06c,CASSYPGNYNYGYTF,0.026654294925757775,TCRBV06-06,TCRBJ01-02
4fb950a498186f0b434860ea10f1a06c,WAGGNYGYTF,0.026644591603466394,TCRBV21-01,TCRBJ01-02
4fb950a498186f0b434860ea10f1a06c,CASMPWGNYGYTF,0.02659561266111792,TCRBV06-05,TCRBJ01-02
4fb950a498186f0b434860ea10f1a06c,CASSLYGYYGYTF,0.02655315436048047,TCRBV05-01,TCRBJ01-02
4fb950a498186f0b434860ea10f1a06c,CASSYYGTANYGYTF,0.026452101641930584,TCRBV06-02/06-03,TCRBJ01-02
4fb950a498186f0b434860ea10f1a06c,CAWNPGYGGYTF,0.026355130310157595,TCRBV30-01,TCRBJ01-02
4fb950a498186f0b434860ea10f1a06c,CASSMWDTGWYTF,0.02634258530283332,TCRBV19-01,TCRBJ01-02
4fb950a498186f0b434860ea10f1a06c,CAWVWIYGYTF,0.026188315635624196,TCRBV30-01,TCRBJ01-02
4fb950a498186f0b434860ea10f1a06c,CASHKGPKLIIYGYTF,0.026113227448808885,TCRBV28-01,TCRBJ01-02
4fb950a498186f0b434860ea10f1a06c,CASSYYRGPANYGYTF,0.02609779775466345,TCRBV06-05,TCRBJ01-02
4fb950a498186f0b434860ea10f1a06c,CATAWPGANVLTF,0.026090534536260823,TCRBV28-01,TCRBJ02-06
4fb950a498186f0b434860ea10f1a06c,CASSFGGGFNYGYTF,0.026084793517761145,TCRBV28-01,TCRBJ01-02
4fb950a498186f0b434860ea10f1a06c,CASSYWGQPNQYGYTF,0.026046783318046787,TCRBV05-06,TCRBJ01-02
4fb950a498186f0b434860ea10f1a06c,CASNFNDPTGWKSFF,0.025993976495081356,TCRBV28-01,TCRBJ01-01
4fb950a498186f0b434860ea10f1a06c,CASSFFQHPYQPQHF,0.025960453552053706,TCRBV05-05,TCRBJ01-05
4fb950a498186f0b434860ea10f1a06c,RQPQHF,0.025905563872663087,TCRBV20-01,TCRBJ01-05
4fb950a498186f0b434860ea10f1a06c,CASSEFYIYYGYTF,0.025902327264884124,TCRBV12-X,TCRBJ01-02
4fb950a498186f0b434860ea10f1a06c,CSAWDSHWYGYTF,0.025758262277888296,TCRBV20-X,TCRBJ01-02
4fb950a498186f0b434860ea10f1a06c,CASSYRYRGPNNYGYTF,0.02569756505771574,TCRBV27-01,TCRBJ01-02
4fb950a498186f0b434860ea10f1a06c,CASWHSEAFF,0.025567900900358136,TCRBV19-01,TCRBJ01-01
4fb950a498186f0b434860ea10f1a06c,CASSPGQGHNHNQPQHF,0.02550471008013761,TCRBV28-01,TCRBJ01-05
4fb950a498186f0b434860ea10f1a06c,CASSYSSNYRGRGYTF,0.025477319496364663,TCRBV06-06,TCRBJ01-02
4fb950a498186f0b434860ea10f1a06c,CASSLGKKFF,0.02539788360868867,TCRBV07-03,TCRBJ02-01
4fb950a498186f0b434860ea10f1a06c,CATYRGGHYGYTF,0.025356303596786558,TCRBV04-01,TCRBJ01-02
4fb950a498186f0b434860ea10f1a06c,CASIWTSGGPNTGELFF,0.025325174979164915,TCRBV11-02,TCRBJ02-02
4fb950a498186f0b434860ea10f1a06c,CASSLHTGDRIGTSIGYTF,0.025312879543395582,TCRBV19-01,TCRBJ01-02
4fb950a498186f0b434860ea10f1a06c,CASSYAPGYYGYTF,0.02530219066920857,TCRBV06-05,TCRBJ01-02
4fb950a498186f0b434860ea10f1a06c,CAWMWGGAMAGNTIYF,0.02528357136640243,TCRBV30-01,TCRBJ01-03
4fb950a498186f0b434860ea10f1a06c,CACGGPYGYTF,0.025193174915570257,TCRBV03-01/03-02,TCRBJ01-02
4fb950a498186f0b434860ea10f1a06c,CASSLLDRITEAFF,0.025169764727204745,TCRBV18-01,TCRBJ01-01
4fb950a498186f0b434860ea10f1a06c,CASPGYPNYY,0.02514494676555602,TCRBV23-01,TCRBJ01-02
4fb950a498186f0b434860ea10f1a06c,CASSPWGGSYGYTF,0.025129703547335423,TCRBV19-01,TCRBJ01-02
4fb950a498186f0b434860ea10f1a06c,CASYGTGWGNYGYTF,0.025129399826150558,TCRBV06-05,TCRBJ01-02
4fb950a498186f0b434860ea10f1a06c,CSAYVYTNYGYTF,0.025121534985081843,TCRBV20-X,TCRBJ01-02
4fb950a498186f0b434860ea10f1a06c,CSARYVYGYTF,0.025098651976645417,TCRBV20-01,TCRBJ01-02
4fb950a498186f0b434860ea10f1a06c,CSAPWGPEWGYTF,0.025067639244974637,TCRBV20-X,TCRBJ01-02
4fb950a498186f0b434860ea10f1a06c,CASSPPPSAPHQPQHF,0.025063412269215622,TCRBV23-01,TCRBJ01-05
4fb950a498186f0b434860ea10f1a06c,CAWAWDMGYGYTF,0.025010079866729925,TCRBV30-01,TCRBJ01-02
4fb950a498186f0b434860ea10f1a06c,CATNPDMGWGYGYTF,0.02500624890067743,TCRBV02-01,TCRBJ01-02
4fb950a498186f0b434860ea10f1a06c,CASSHGGGHSYGYTF,0.025003412377750025,TCRBV03-01/03-02,TCRBJ01-02
4fb950a498186f0b434860ea10f1a06c,CASSFGGYNYGYTF,0.024967406221992325,TCRBV05-04,TCRBJ01-02
4fb950a498186f0b434860ea10f1a06c,CATSGPTGWGNYGYTF,0.024964872870593142,TCRBV24-01,TCRBJ01-02
4fb950a498186f0b434860ea10f1a06c,CASSYLHGGWGGYTF,0.024945168875980875,TCRBV06-05,TCRBJ01-02
4fb950a498186f0b434860ea10f1a06c,CASSHHGGKMYGYTF,0.024941631710221915,TCRBV14-01,TCRBJ01-02
4fb950a498186f0b434860ea10f1a06c,CASSYFDSYIYGYTF,0.02493389658848208,TCRBV06-02/06-03,TCRBJ01-02
4fb950a498186f0b434860ea10f1a06c,CASSYRGYGYTF,0.024885473752379907,TCRBV06-05,TCRBJ01-02
4fb950a498186f0b434860ea10f1a06c,CASS,0.02478449981672489,TCRBV28-01,TCRBJ02-07
4fb950a498186f0b434860ea10f1a06c,CASSTGGPYYGYTF,0.024777935586112364,TCRBV06-05,TCRBJ01-02
4fb950a498186f0b434860ea10f1a06c,CASSYQWGGYGYTF,0.02475633039932938,TCRBV06-05,TCRBJ01-02
4fb950a498186f0b434860ea10f1a06c,CASSYHGGNYGYTF,0.024743664056353965,TCRBV06-05,TCRBJ01-02
4fb950a498186f0b434860ea10f1a06c,CAWSAGGAPH,0.024733416482708662,TCRBV30-01,TCRBJ02-X
4fb950a498186f0b434860ea10f1a06c,CASSGGTGYNYGYTF,0.024716042743386627,TCRBV05-04,TCRBJ01-02
4fb950a498186f0b434860ea10f1a06c,CSAPHPEGAGQPQHF,0.024699507930874862,TCRBV20-X,TCRBJ01-05
4fb950a498186f0b434860ea10f1a06c,CASSLFGGTANYGYTF,0.024651682125468064,TCRBV11-02,TCRBJ01-02
4fb950a498186f0b434860ea10f1a06c,CASSFGGNGGSNYGYTF,0.024649940929190598,TCRBV28-01,TCRBJ01-02
4fb950a498186f0b434860ea10f1a06c,CASSLYYRAGYGYTF,0.024611134080584133,TCRBV05-06,TCRBJ01-02
4fb950a498186f0b434860ea10f1a06c,CASSSGWRGGYYGYTF,0.024605595926174426,TCRBV05-06,TCRBJ01-02
4fb950a498186f0b434860ea10f1a06c,CASSFGGPNYGYTF,0.02460047804077028,TCRBV05-01,TCRBJ01-02
4fb950a498186f0b434860ea10f1a06c,CASSPSTGNGWKAFF,0.024549600300491452,TCRBV18-01,TCRBJ01-01
4fb950a498186f0b434860ea10f1a06c,WGEAEAFF,0.024534711759475074,TCRBV29-01,TCRBJ01-01
4fb950a498186f0b434860ea10f1a06c,CASSYQGGPFYGYTF,0.024525560976116256,TCRBV06-06,TCRBJ01-02
4fb950a498186f0b434860ea10f1a06c,CASSYNPNYGYTF,0.024434645146508817,TCRBV06-05,TCRBJ01-02
4fb950a498186f0b434860ea10f1a06c,CASSYWDSYGYTF,0.02441267736171813,TCRBV06-02/06-03,TCRBJ01-02
4fb950a498186f0b434860ea10f1a06c,CASSFSGPYGWYF,0.024398472757534706,TCRBV07-02,TCRBJ02-03
4fb950a498186f0b434860ea10f1a06c,CASSGGYYGYTF,0.024391706089477903,TCRBV12-03/12-04,TCRBJ01-02
4fb950a498186f0b434860ea10f1a06c,CSARGGASYNYGYTF,0.024371400055037882,TCRBV20-X,TCRBJ01-02
4fb950a498186f0b434860ea10f1a06c,CAWSWGGVTEAFF,0.024366770342598782,TCRBV30-01,TCRBJ01-01
4fb950a498186f0b434860ea10f1a06c,CAIRWGPYNYGYTF,0.024365526262440165,TCRBV12-X,TCRBJ01-02
4fb950a498186f0b434860ea10f1a06c,CASSYFGPTNYGYTF,0.024364789478791768,TCRBV06-06,TCRBJ01-02
4fb950a498186f0b434860ea10f1a06c,CASWGTYNYGYTF,0.024363811857102492,TCRBV10-01,TCRBJ01-02
4fb950a498186f0b434860ea10f1a06c,CASSYGPNYGYTF,0.024348121305458336,TCRBV11-01,TCRBJ01-02
4fb950a498186f0b434860ea10f1a06c,CASSLKQALKAFF,0.02433638604028826,TCRBV27-01,TCRBJ01-01
4fb950a498186f0b434860ea10f1a06c,CASVGAYYGYTF,0.02431197625433216,TCRBV28-01,TCRBJ01-02
4fb950a498186f0b434860ea10f1a06c,CAWGGNYGYTF,0.024309750912726958,TCRBV30-01,TCRBJ01-02
4fb950a498186f0b434860ea10f1a06c,CASSSYGAYGYTF,0.02429666302552269,TCRBV06-05,TCRBJ01-02
4fb950a498186f0b434860ea10f1a06c,CASSYWSSNYGYTF,0.024279043400308817,TCRBV06-02/06-03,TCRBJ01-02
4fbac5c3cd4fb00d6af9396d710d16f4,CASTVDGFGGLYRGYTF,0.04198575659183663,TCRBV11-02,TCRBJ01-02
4fbac5c3cd4fb00d6af9396d710d16f4,RASSLKPLPGIGNTIYF,0.03876590398780499,TCRBV07-03,TCRBJ01-03
4fbac5c3cd4fb00d6af9396d710d16f4,CASWGGYNYGYTF,0.03596182229787734,TCRBV05-01,TCRBJ01-02
4fbac5c3cd4fb00d6af9396d710d16f4,CASSYSWYWTQPNYGYTF,0.033623080698413146,TCRBV06-07,TCRBJ01-02
4fbac5c3cd4fb00d6af9396d710d16f4,CAWGPPGPKGYTF,0.03188772905475708,TCRBV30-01,TCRBJ01-02
4fbac5c3cd4fb00d6af9396d710d16f4,CASNPWAGYGYTF,0.031613461413950605,TCRBV28-01,TCRBJ01-02
4fbac5c3cd4fb00d6af9396d710d16f4,CANPGCSAGNTIYF,0.031339225390504065,TCRBV05-01,TCRBJ01-03
4fbac5c3cd4fb00d6af9396d710d16f4,CAWKRWNGHWHF,0.030609186980998,TCRBV30-01,TCRBJ01-03
4fbac5c3cd4fb00d6af9396d710d16f4,CASSSWGSWNYGYTF,0.030593262938963018,TCRBV06-05,TCRBJ01-02
4fbac5c3cd4fb00d6af9396d710d16f4,CASSFWDRVAEAFF,0.030444553407150923,TCRBV05-06,TCRBJ01-01
4fbac5c3cd4fb00d6af9396d710d16f4,CAWYTGIYGYTF,0.030148038226958968,TCRBV30-01,TCRBJ01-02
4fbac5c3cd4fb00d6af9396d710d16f4,CASTWGSPYYGYTF,0.029914290954306005,TCRBV04-02,TCRBJ01-02
4fbac5c3cd4fb00d6af9396d710d16f4,CASSYFGGHNYGYTF,0.029632671835688566,TCRBV06-05,TCRBJ01-02
4fbac5c3cd4fb00d6af9396d710d16f4,CAIPPAWYF,0.029494204601223623,TCRBV09-01,TCRBJ02-03
4fbac5c3cd4fb00d6af9396d710d16f4,CASSFNYNFNYGYTF,0.02944341088028967,TCRBV07-02,TCRBJ01-02
4fbac5c3cd4fb00d6af9396d710d16f4,WRIRAWLYGYTF,0.02926195515315262,TCRBV27-01,TCRBJ01-02
4fbac5c3cd4fb00d6af9396d710d16f4,APHF,0.02921730363523597,TCRBV01-01,TCRBJ01-02
4fbac5c3cd4fb00d6af9396d710d16f4,CAWGPGHRGWKFF,0.0284307714203134,TCRBV30-01,TCRBJ02-01
4fbac5c3cd4fb00d6af9396d710d16f4,CASSYSWGSGGYTF,0.02810905852390103,TCRBV06-05,TCRBJ01-02
4fbac5c3cd4fb00d6af9396d710d16f4,CASAWGGAWAFF,0.027946646528949497,TCRBV06-X,TCRBJ01-01
4fbac5c3cd4fb00d6af9396d710d16f4,CASGLVEGFTGAFEKLFF,0.027861076363740574,TCRBV12-05,TCRBJ01-04
4fbac5c3cd4fb00d6af9396d710d16f4,CASSYSYNYGYTF,0.02754396673568227,TCRBV06-05,TCRBJ01-02
4fbac5c3cd4fb00d6af9396d710d16f4,CAWSVGGFGWYGYTF,0.02752711081608513,TCRBV30-01,TCRBJ01-02
4fbac5c3cd4fb00d6af9396d710d16f4,CASSPQGGCTGGGNQPQHF,0.027384978634546597,TCRBV21-01,TCRBJ01-05
4fbac5c3cd4fb00d6af9396d710d16f4,CASSYWGGEYGYTF,0.02721799607788107,TCRBV06-05,TCRBJ01-02
4fbac5c3cd4fb00d6af9396d710d16f4,CATSDFIKALRDYGYTF,0.027184317839081387,TCRBV24-01,TCRBJ01-02
4fbac5c3cd4fb00d6af9396d710d16f4,CASSPAGWIKAFF,0.02710498998901358,TCRBV12-03/12-04,TCRBJ01-01
4fbac5c3cd4fb00d6af9396d710d16f4,CAWWRAGANVLTF,0.02706549682484085,TCRBV30-01,TCRBJ02-06
4fbac5c3cd4fb00d6af9396d710d16f4,CASSPWGGANYGYTF,0.02668586994688977,TCRBV19-01,TCRBJ01-02
4fbac5c3cd4fb00d6af9396d710d16f4,CAWWAAGEGAYGYTF,0.026629468325882144,TCRBV30-01,TCRBJ01-02
4fbac5c3cd4fb00d6af9396d710d16f4,CASSDWWGYTF,0.026438545168741275,TCRBV10-01,TCRBJ01-02
4fbac5c3cd4fb00d6af9396d710d16f4,CASSLPWVGSFYGYTF,0.026433827923511156,TCRBV21-01,TCRBJ01-02
4fbac5c3cd4fb00d6af9396d710d16f4,CASSLQGAQGANGYTF,0.02642947957897072,TCRBV05-01,TCRBJ01-02
4fbac5c3cd4fb00d6af9396d710d16f4,CSVYGGTWNYGYTF,0.026202804250107115,TCRBV29-01,TCRBJ01-02
4fbac5c3cd4fb00d6af9396d710d16f4,CATHVPGHWFF,0.026142473031962783,TCRBV06-X,TCRBJ02-01
4fbac5c3cd4fb00d6af9396d710d16f4,CASSHYGGYDGYTF,0.02612311244944037,TCRBV03-01/03-02,TCRBJ01-02
4fbac5c3cd4fb00d6af9396d710d16f4,CASSFYGPNYGYTF,0.02606616601635978,TCRBV28-01,TCRBJ01-02
4fbac5c3cd4fb00d6af9396d710d16f4,CASCGGWGGGNQPQHF,0.02602486121816087,TCRBV06-01,TCRBJ01-05
4fbac5c3cd4fb00d6af9396d710d16f4,CASSNNKGNNQPQHF,0.026015708649150357,TCRBV21-01,TCRBJ01-05
4fbac5c3cd4fb00d6af9396d710d16f4,CASIPHSGYGYTF,0.025994652574911598,TCRBV19-01,TCRBJ01-02
4fbac5c3cd4fb00d6af9396d710d16f4,CSTFHPF,0.025839227518751336,TCRBV20-01,TCRBJ01-05
4fbac5c3cd4fb00d6af9396d710d16f4,CASSYTEGGWAYGYTF,0.025812534861812845,TCRBV06-06,TCRBJ01-02
4fbac5c3cd4fb00d6af9396d710d16f4,CASSYSWAAYSNYGYTF,0.02579680627693278,TCRBV06-X,TCRBJ01-02
4fbac5c3cd4fb00d6af9396d710d16f4,CAWNQGWWGYTF,0.025690507264432956,TCRBV30-01,TCRBJ01-02
4fbac5c3cd4fb00d6af9396d710d16f4,CAWIWGPAGGYTF,0.02568884530189262,TCRBV30-01,TCRBJ01-02
4fbac5c3cd4fb00d6af9396d710d16f4,CASSPWGGNYGYTF,0.02567200630780607,TCRBV21-01,TCRBJ01-02
4fbac5c3cd4fb00d6af9396d710d16f4,CASSYGPHYGYTF,0.02563986298446239,TCRBV06-02/06-03,TCRBJ01-02
4fbac5c3cd4fb00d6af9396d710d16f4,CATTAPKGANVLTF,0.025633765945993835,TCRBV06-05,TCRBJ02-06
4fbac5c3cd4fb00d6af9396d710d16f4,CAGYRRYGYTF,0.025607901626151137,TCRBV07-05,TCRBJ01-02
4fbac5c3cd4fb00d6af9396d710d16f4,CAWTLPPGYTF,0.025573207345238477,TCRBV30-01,TCRBJ01-02
4fbac5c3cd4fb00d6af9396d710d16f4,CSAYHQGQGAHQPQHF,0.02554673777391114,TCRBV20-X,TCRBJ01-05
4fbac5c3cd4fb00d6af9396d710d16f4,CASSWWDGYTF,0.025511538867032117,TCRBV05-08,TCRBJ01-02
4fbac5c3cd4fb00d6af9396d710d16f4,CASSLPVIGNSPLHF,0.025498962774295295,TCRBV07-08,TCRBJ01-06
4fbac5c3cd4fb00d6af9396d710d16f4,CASSPDPHHGYTF,0.02546160791641123,TCRBV07-09,TCRBJ01-02
4fbac5c3cd4fb00d6af9396d710d16f4,CASSHPGSWYYGYTF,0.025350188289889615,TCRBV05-04,TCRBJ01-02
4fbac5c3cd4fb00d6af9396d710d16f4,CAWSVVWGDGYTF,0.025309226894294268,TCRBV30-01,TCRBJ01-02
4fbac5c3cd4fb00d6af9396d710d16f4,CSVAPNGWGRNYGYTF,0.025291083017961315,TCRBV29-01,TCRBJ01-02
4fbac5c3cd4fb00d6af9396d710d16f4,CASSSNPGGWGNYGYTF,0.02526830794832721,TCRBV05-01,TCRBJ01-02
4fbac5c3cd4fb00d6af9396d710d16f4,RGGVPWFF,0.02526242613206892,TCRBV11-03,TCRBJ02-01
4fbac5c3cd4fb00d6af9396d710d16f4,CASSNTGVKGITFGYTF,0.025219013627653573,TCRBV02-01,TCRBJ01-02
4fbac5c3cd4fb00d6af9396d710d16f4,CASSYYRGGFNYGYTF,0.025169244091590205,TCRBV06-05,TCRBJ01-02
4fbac5c3cd4fb00d6af9396d710d16f4,CAWSYPGPNYGYTF,0.025046934862587567,TCRBV30-01,TCRBJ01-02
4fbac5c3cd4fb00d6af9396d710d16f4,CSAHNPGFAYGYTF,0.025046031000095604,TCRBV20-X,TCRBJ01-02
4fbac5c3cd4fb00d6af9396d710d16f4,CAWRRNGFYYGYTF,0.02503343699702248,TCRBV30-01,TCRBJ01-02
4fbac5c3cd4fb00d6af9396d710d16f4,CASSYSTYAWHYGYTF,0.02501108130227455,TCRBV06-06,TCRBJ01-02
4fbac5c3cd4fb00d6af9396d710d16f4,CASGPGHTHGYTF,0.024966593665048498,TCRBV12-05,TCRBJ01-02
4fbac5c3cd4fb00d6af9396d710d16f4,CASIPNHPNYGYTF,0.024957835647014058,TCRBV02-01,TCRBJ01-02
4fbac5c3cd4fb00d6af9396d710d16f4,CASSTTYDPYYGYTF,0.02495465205098639,TCRBV19-01,TCRBJ01-02
4fbac5c3cd4fb00d6af9396d710d16f4,CASSSSFYGGYGYTF,0.02491659125680054,TCRBV11-02,TCRBJ01-02
4fbac5c3cd4fb00d6af9396d710d16f4,CASSYRGYGYTF,0.024885473752379907,TCRBV06-05,TCRBJ01-02
4fbac5c3cd4fb00d6af9396d710d16f4,NGIYGYTF,0.02488234398337541,TCRBV27-01,TCRBJ01-02
4fbac5c3cd4fb00d6af9396d710d16f4,CGYGYTF,0.024876008966349086,TCRBV20-01,TCRBJ01-02
4fbac5c3cd4fb00d6af9396d710d16f4,CASSYTGNYYGYTF,0.024848793953421478,TCRBV06-02/06-03,TCRBJ01-02
4fbac5c3cd4fb00d6af9396d710d16f4,CASNHWAYGYTF,0.024841622568776315,TCRBV06-05,TCRBJ01-02
4fbac5c3cd4fb00d6af9396d710d16f4,CAWGGQGHQPQHF,0.024829746422775616,TCRBV30-01,TCRBJ01-05
4fbac5c3cd4fb00d6af9396d710d16f4,CASSWDGYYGYTF,0.02480592998293611,TCRBV06-05,TCRBJ01-02
4fbac5c3cd4fb00d6af9396d710d16f4,CASSAPGYNYGYTF,0.024803268426626612,TCRBV25-01,TCRBJ01-02
4fbac5c3cd4fb00d6af9396d710d16f4,CAWSVEAHYGYTF,0.02479763192137582,TCRBV30-01,TCRBJ01-02
4fbac5c3cd4fb00d6af9396d710d16f4,CASSFYQSPHPQPQHF,0.02477525247486678,TCRBV07-09,TCRBJ01-05
4fbac5c3cd4fb00d6af9396d710d16f4,CAWEAGANVLTF,0.024774260241899403,TCRBV30-01,TCRBJ02-06
4fbac5c3cd4fb00d6af9396d710d16f4,CSAPNGWGSYDYGYTF,0.02474751335782805,TCRBV20-X,TCRBJ01-02
4fbac5c3cd4fb00d6af9396d710d16f4,CAWWTGGGGDTQYF,0.024727339782607625,TCRBV30-01,TCRBJ02-03
4fbac5c3cd4fb00d6af9396d710d16f4,CASWVWGALHGYTF,0.024727283723306695,TCRBV06-X,TCRBJ01-02
4fbac5c3cd4fb00d6af9396d710d16f4,CATSREKWGTAGREKLFF,0.024711560387548733,TCRBV15-01,TCRBJ01-04
4fbac5c3cd4fb00d6af9396d710d16f4,CASSLGWGPNPHYGYTF,0.02469415280370525,TCRBV07-08,TCRBJ01-02
4fbac5c3cd4fb00d6af9396d710d16f4,CAWRWVGGYTF,0.02468296668118109,TCRBV30-01,TCRBJ01-02
4fbac5c3cd4fb00d6af9396d710d16f4,CAWGWGRGFLYGYTF,0.024674241090137827,TCRBV30-01,TCRBJ01-02
4fbac5c3cd4fb00d6af9396d710d16f4,CASSYFSGNNYGYTF,0.024647006245803193,TCRBV06-05,TCRBJ01-02
4fbac5c3cd4fb00d6af9396d710d16f4,CASSWGFGGSNYGYTF,0.02463420538110971,TCRBV27-01,TCRBJ01-02
4fbac5c3cd4fb00d6af9396d710d16f4,CASSFGGPNYGYTF,0.02460044514547858,TCRBV12-X,TCRBJ01-02
4fbac5c3cd4fb00d6af9396d710d16f4,CASSWATGWGGGYTF,0.02459831848435416,TCRBV27-01,TCRBJ01-02
4fbac5c3cd4fb00d6af9396d710d16f4,CASNNGQGNGNQPQHF,0.024562455417306128,TCRBV02-01,TCRBJ01-05
4fbac5c3cd4fb00d6af9396d710d16f4,CASSPWAHYGYTF,0.0245461691908429,TCRBV12-03/12-04,TCRBJ01-02
4fbac5c3cd4fb00d6af9396d710d16f4,CAWSVYGGSNYGYTF,0.02451763802548711,TCRBV30-01,TCRBJ01-02
4fbac5c3cd4fb00d6af9396d710d16f4,CAWKPWGELFF,0.02450556663451337,TCRBV30-01,TCRBJ02-02
4fbac5c3cd4fb00d6af9396d710d16f4,CAWSGWDSGYGYTF,0.024501494738343677,TCRBV30-01,TCRBJ01-02
4fbac5c3cd4fb00d6af9396d710d16f4,RASSFKYF,0.02449588093468904,TCRBV07-03,TCRBJ02-05
4fbac5c3cd4fb00d6af9396d710d16f4,CASSQSYGGPWGAFF,0.024475570047009457,TCRBV14-01,TCRBJ01-01
4fbac5c3cd4fb00d6af9396d710d16f4,CASTGIWGEGYGYTF,0.024474931060214183,TCRBV02-01,TCRBJ01-02
52c1ddc5e71eb0116fdf241c309a6015,CASSYYYGYTF,0.03404899211087026,TCRBV06-02/06-03,TCRBJ01-02
52c1ddc5e71eb0116fdf241c309a6015,WSYTF,0.03205988841702586,TCRBV28-01,TCRBJ01-02
52c1ddc5e71eb0116fdf241c309a6015,CASNPFGGTNYGYTF,0.03041669524763208,TCRBV07-09,TCRBJ01-02
52c1ddc5e71eb0116fdf241c309a6015,CASSYSYYGYTF,0.030263355563056,TCRBV06-02/06-03,TCRBJ01-02
52c1ddc5e71eb0116fdf241c309a6015,CASSGGTGTGYWGGNTIYF,0.028068468177161805,TCRBV06-01,TCRBJ01-03
52c1ddc5e71eb0116fdf241c309a6015,CAWGPGHF,0.027914131991469963,TCRBV30-01,TCRBJ02-05
52c1ddc5e71eb0116fdf241c309a6015,CASSHKGGSKFF,0.027697333864664067,TCRBV11-02,TCRBJ02-01
52c1ddc5e71eb0116fdf241c309a6015,CASSYSTGYYGYTF,0.027645729643180673,TCRBV06-02/06-03,TCRBJ01-02
52c1ddc5e71eb0116fdf241c309a6015,CASGLYRGYYGYTF,0.027399313293552822,TCRBV12-05,TCRBJ01-02
52c1ddc5e71eb0116fdf241c309a6015,CASSFGWGYGYTF,0.026962782867681997,TCRBV07-09,TCRBJ01-02
52c1ddc5e71eb0116fdf241c309a6015,CASSYSSGQYYYGYTF,0.026889633860440132,TCRBV06-05,TCRBJ01-02
52c1ddc5e71eb0116fdf241c309a6015,CASSHQGAYWGYGYTF,0.02688892890771949,TCRBV19-01,TCRBJ01-02
52c1ddc5e71eb0116fdf241c309a6015,CASSLWYLAGGPADTQYF,0.02677501012484705,TCRBV05-08,TCRBJ02-03
52c1ddc5e71eb0116fdf241c309a6015,CAWGYSGGYTF,0.026547298917543972,TCRBV30-01,TCRBJ01-02
52c1ddc5e71eb0116fdf241c309a6015,CASSYSGGQTYYSNQPQHF,0.026333041290045878,TCRBV06-02/06-03,TCRBJ01-05
52c1ddc5e71eb0116fdf241c309a6015,CASSHTYFKTFASGYTF,0.02625702813389428,TCRBV02-01,TCRBJ01-02
52c1ddc5e71eb0116fdf241c309a6015,CAWYSIYGYTF,0.02615179044044415,TCRBV30-01,TCRBJ01-02
52c1ddc5e71eb0116fdf241c309a6015,CASNPWGSGNTIYF,0.026133873347512975,TCRBV06-02,TCRBJ01-03
52c1ddc5e71eb0116fdf241c309a6015,CASSYSASYYGYTF,0.025888573066405962,TCRBV06-05,TCRBJ01-02
52c1ddc5e71eb0116fdf241c309a6015,CASSLGGGKDWRIWGYTF,0.025886163656427433,TCRBV07-09,TCRBJ01-02
52c1ddc5e71eb0116fdf241c309a6015,CASRHPDPHQPQHF,0.02587410786187579,TCRBV19-01,TCRBJ01-05
52c1ddc5e71eb0116fdf241c309a6015,SQFF,0.025854985785569027,TCRBV15-01,TCRBJ02-01
52c1ddc5e71eb0116fdf241c309a6015,CAWMDPYTIYF,0.02583982916271259,TCRBV30-01,TCRBJ01-03
52c1ddc5e71eb0116fdf241c309a6015,CASSFNVYGPYGYTF,0.02576212163330247,TCRBV05-08,TCRBJ01-02
52c1ddc5e71eb0116fdf241c309a6015,CASSWGGYGYTF,0.025745641031788894,TCRBV12-03/12-04,TCRBJ01-02
52c1ddc5e71eb0116fdf241c309a6015,CASSYQGYNYGYTF,0.02557099731010488,TCRBV05-04,TCRBJ01-02
52c1ddc5e71eb0116fdf241c309a6015,CASSLDFWGYGYTF,0.02555133648584232,TCRBV05-01,TCRBJ01-02
52c1ddc5e71eb0116fdf241c309a6015,CASSLAYIYYGYTF,0.025503055378514595,TCRBV28-01,TCRBJ01-02
52c1ddc5e71eb0116fdf241c309a6015,CASSFYNYANYGYTF,0.02542700770473009,TCRBV05-08,TCRBJ01-02
52c1ddc5e71eb0116fdf241c309a6015,WTGPDYGYTF,0.02541960882597132,TCRBV28-01,TCRBJ01-02
52c1ddc5e71eb0116fdf241c309a6015,CASSHAGTPYHYGYTF,0.02533352724751193,TCRBV04-03,TCRBJ01-02
52c1ddc5e71eb0116fdf241c309a6015,CASSYSWEWSYGYTF,0.025250312942810046,TCRBV06-05,TCRBJ01-02
52c1ddc5e71eb0116fdf241c309a6015,CATAPGTGGPGANVLTF,0.025160386119483364,TCRBV24-01,TCRBJ02-06
52c1ddc5e71eb0116fdf241c309a6015,CSVTTDVAYYYYGYTF,0.025158818963650537,TCRBV29-01,TCRBJ01-02
52c1ddc5e71eb0116fdf241c309a6015,CASSYGHNYGYTF,0.025079454280241786,TCRBV06-05,TCRBJ01-02
52c1ddc5e71eb0116fdf241c309a6015,CASSYGGPYANYGYTF,0.025040173402558097,TCRBV06-05,TCRBJ01-02
52c1ddc5e71eb0116fdf241c309a6015,CASSPWDRHTHTQYF,0.025023897020706617,TCRBV27-01,TCRBJ02-03
52c1ddc5e71eb0116fdf241c309a6015,CASSPWDPYGYTF,0.025020795364563107,TCRBV09-01,TCRBJ01-02
52c1ddc5e71eb0116fdf241c309a6015,CASSWWGAPYEGYTF,0.025006744452477185,TCRBV25-01,TCRBJ01-02
52c1ddc5e71eb0116fdf241c309a6015,CASSYNTPYNGYTF,0.0249780327753781,TCRBV06-02/06-03,TCRBJ01-02
52c1ddc5e71eb0116fdf241c309a6015,CASSYPYYLHRGGYTF,0.024946609976248528,TCRBV06-06,TCRBJ01-02
52c1ddc5e71eb0116fdf241c309a6015,CASSMYRGAYGYTF,0.024931398427748268,TCRBV19-01,TCRBJ01-02
52c1ddc5e71eb0116fdf241c309a6015,FLNGYTF,0.02491629583798164,TCRBV28-01,TCRBJ01-02
52c1ddc5e71eb0116fdf241c309a6015,CASSFTGGPHYGYTF,0.02491111932195878,TCRBV27-01,TCRBJ01-02
52c1ddc5e71eb0116fdf241c309a6015,CSGWDREWDTEAFF,0.02488930260050266,TCRBV20-X,TCRBJ01-01
52c1ddc5e71eb0116fdf241c309a6015,CASSSPGWGNYGYTF,0.024877249528396823,TCRBV04-03,TCRBJ01-02
52c1ddc5e71eb0116fdf241c309a6015,CASHMNPNYGYTF,0.024856009252077635,TCRBV06-05,TCRBJ01-02
52c1ddc5e71eb0116fdf241c309a6015,CAWGSGFNYGYTF,0.02474168640979694,TCRBV30-01,TCRBJ01-02
52c1ddc5e71eb0116fdf241c309a6015,CASYHRRGTIYF,0.02470154978137518,TCRBV06-05,TCRBJ01-03
52c1ddc5e71eb0116fdf241c309a6015,CASSKYRYPNYGYTF,0.024685756290915368,TCRBV21-01,TCRBJ01-02
52c1ddc5e71eb0116fdf241c309a6015,CASSYGPAGGWPGNTIYF,0.024678759888003533,TCRBV06-X,TCRBJ01-03
52c1ddc5e71eb0116fdf241c309a6015,CATWGYHGYTF,0.0246724624830027,TCRBV19-01,TCRBJ01-02
52c1ddc5e71eb0116fdf241c309a6015,CASIYRGHYGYTF,0.024670879054066588,TCRBV05-01,TCRBJ01-02
52c1ddc5e71eb0116fdf241c309a6015,CASSSTGGYNYGYTF,0.024665951552198476,TCRBV07-09,TCRBJ01-02
52c1ddc5e71eb0116fdf241c309a6015,CASGPKPGAF,0.02458521780091524,TCRBV06-05,TCRBJ02-03
52c1ddc5e71eb0116fdf241c309a6015,CASSYYYPGTPGNTIYF,0.024543015380157813,TCRBV06-X,TCRBJ01-03
52c1ddc5e71eb0116fdf241c309a6015,CASSYGPYGYTF,0.024499476131687653,TCRBV03-01/03-02,TCRBJ01-02
52c1ddc5e71eb0116fdf241c309a6015,CASAWWGASGYTF,0.024483202144045695,TCRBV05-06,TCRBJ01-02
52c1ddc5e71eb0116fdf241c309a6015,CASSYPPYGYTF,0.02439330467382935,TCRBV06-06,TCRBJ01-02
52c1ddc5e71eb0116fdf241c309a6015,CAWSWGDGYTF,0.024377519052971038,TCRBV30-01,TCRBJ01-02
52c1ddc5e71eb0116fdf241c309a6015,CATYGGPHAPSGNTIYF,0.024377201514266887,TCRBV03-01/03-02,TCRBJ01-03
52c1ddc5e71eb0116fdf241c309a6015,CASSPHTGPHTDTQYF,0.02435737751051952,TCRBV18-01,TCRBJ02-03
52c1ddc5e71eb0116fdf241c309a6015,CATSGFPHYGYTF,0.024285833262761857,TCRBV24-01,TCRBJ01-02
52c1ddc5e71eb0116fdf241c309a6015,CASNYHGGHQPQHF,0.024274622794197176,TCRBV12-X,TCRBJ01-05
52c1ddc5e71eb0116fdf241c309a6015,SLRYGYTF,0.024210083391356444,TCRBV05-05,TCRBJ01-02
52c1ddc5e71eb0116fdf241c309a6015,CASTPAVTVLGGGSGANVLTF,0.02417005391787023,TCRBV06-08,TCRBJ02-06
52c1ddc5e71eb0116fdf241c309a6015,CASSYWGQNYGYTF,0.024165093251084256,TCRBV06-05,TCRBJ01-02
52c1ddc5e71eb0116fdf241c309a6015,CAWSVPGWGKTEAFF,0.02413109045355305,TCRBV30-01,TCRBJ01-01
52c1ddc5e71eb0116fdf241c309a6015,CSVIPLHF,0.024061341475687868,TCRBV29-01,TCRBJ01-06
52c1ddc5e71eb0116fdf241c309a6015,CASSYSHSYGYTF,0.024048882752503355,TCRBV06-05,TCRBJ01-02
52c1ddc5e71eb0116fdf241c309a6015,CAWNGLNIIKGYTF,0.024048691796179977,TCRBV30-01,TCRBJ01-02
52c1ddc5e71eb0116fdf241c309a6015,CASSYWGGLAWFF,0.0240463046172145,TCRBV06-05,TCRBJ02-01
52c1ddc5e71eb0116fdf241c309a6015,CASSYSSRAYYGYTF,0.02403579272937135,TCRBV06-02/06-03,TCRBJ01-02
52c1ddc5e71eb0116fdf241c309a6015,CASSFWGSNYGYTF,0.023979518304529247,TCRBV12-X,TCRBJ01-02
52c1ddc5e71eb0116fdf241c309a6015,CASSYSGYGYTF,0.023964757180891666,TCRBV06-02/06-03,TCRBJ01-02
52c1ddc5e71eb0116fdf241c309a6015,CSAIHHDKPNYGYTF,0.023930114662739612,TCRBV20-X,TCRBJ01-02
52c1ddc5e71eb0116fdf241c309a6015,CASTQWGAYYGYTF,0.023930110486099884,TCRBV12-X,TCRBJ01-02
52c1ddc5e71eb0116fdf241c309a6015,CSAPWEGAFKGYTF,0.023896747922821565,TCRBV20-X,TCRBJ01-02
52c1ddc5e71eb0116fdf241c309a6015,CSAIKMGNKDGYTF,0.023895347215804864,TCRBV20-X,TCRBJ01-02
52c1ddc5e71eb0116fdf241c309a6015,CASSYGGHPGYTF,0.023883459377287797,TCRBV06-05,TCRBJ01-02
52c1ddc5e71eb0116fdf241c309a6015,CASSVPKAPGANVLTF,0.02379641509092362,TCRBV07-02,TCRBJ02-06
52c1ddc5e71eb0116fdf241c309a6015,CASSWWNYGYTF,0.023794784057700382,TCRBV06-02/06-03,TCRBJ01-02
52c1ddc5e71eb0116fdf241c309a6015,CSAWDVGYTF,0.023786249911428116,TCRBV20-01,TCRBJ01-02
52c1ddc5e71eb0116fdf241c309a6015,CSAYFRDGWYGYTF,0.023771800586692027,TCRBV20-X,TCRBJ01-02
52c1ddc5e71eb0116fdf241c309a6015,CSAYHRANYGYTF,0.023765984810377987,TCRBV20-X,TCRBJ01-02
52c1ddc5e71eb0116fdf241c309a6015,CASSYSGGSTYSGNTIYF,0.0237646365230547,TCRBV06-X,TCRBJ01-03
52c1ddc5e71eb0116fdf241c309a6015,CAWAYTEAFF,0.02372647018845619,TCRBV30-01,TCRBJ01-01
52c1ddc5e71eb0116fdf241c309a6015,CASSPWDSYYGYTF,0.023720541003914054,TCRBV07-09,TCRBJ01-02
52c1ddc5e71eb0116fdf241c309a6015,CASSYWGPYEQYF,0.02370638652414307,TCRBV06-05,TCRBJ02-07
52c1ddc5e71eb0116fdf241c309a6015,CSAIPGYWPSYTF,0.02370189662304116,TCRBV20-X,TCRBJ01-02
52c1ddc5e71eb0116fdf241c309a6015,CASSFYYGYTF,0.023683150772604654,TCRBV28-01,TCRBJ01-02
52c1ddc5e71eb0116fdf241c309a6015,CASNTKGITLF,0.02366548806566515,TCRBV07-09,TCRBJ01-02
52c1ddc5e71eb0116fdf241c309a6015,CSAHPGGGYGYTF,0.023634110489321927,TCRBV20-X,TCRBJ01-02
52c1ddc5e71eb0116fdf241c309a6015,CASRGGWGHYGYTF,0.023620591239354918,TCRBV19-01,TCRBJ01-02
52c1ddc5e71eb0116fdf241c309a6015,CAIRAGIWYGYTF,0.023615468492283156,TCRBV10-03,TCRBJ01-02
52c1ddc5e71eb0116fdf241c309a6015,CASSYRQGAYYGYTF,0.023587955899213572,TCRBV05-04,TCRBJ01-02
545648d4c0e0ff86cd81189b28f74d3e,CASSYWGNNYGYTF,0.03509294423368191,TCRBV06-06,TCRBJ01-02
545648d4c0e0ff86cd81189b28f74d3e,CSAWGGGFNYGYTF,0.03431738104237506,TCRBV29-01,TCRBJ01-02
545648d4c0e0ff86cd81189b28f74d3e,CSAYTGYYGYTF,0.031089598339370313,TCRBV20-X,TCRBJ01-02
545648d4c0e0ff86cd81189b28f74d3e,CASYHLPGGFVELFF,0.031016530424917886,TCRBV18-01,TCRBJ02-02
545648d4c0e0ff86cd81189b28f74d3e,CASSHHYF,0.030710765180866385,TCRBV14-01,TCRBJ02-07
545648d4c0e0ff86cd81189b28f74d3e,CASSYPWDSYYGYTF,0.029912896853564637,TCRBV06-02/06-03,TCRBJ01-02
545648d4c0e0ff86cd81189b28f74d3e,CASSHFGYSHFYGYTF,0.029381868671451733,TCRBV23-01,TCRBJ01-02
545648d4c0e0ff86cd81189b28f74d3e,TYWNYGYTF,0.02911926639568869,TCRBV23-01,TCRBJ01-02
545648d4c0e0ff86cd81189b28f74d3e,RHNGYTF,0.028026419814505724,TCRBV20-01,TCRBJ01-02
545648d4c0e0ff86cd81189b28f74d3e,CARGWRHPHPHSNQPQHF,0.028005230369997827,TCRBV05-03,TCRBJ01-05
545648d4c0e0ff86cd81189b28f74d3e,CASSYSGWPYPPHHTQYF,0.027963622346847548,TCRBV06-X,TCRBJ02-03
545648d4c0e0ff86cd81189b28f74d3e,CASSYWAGGPYGYTF,0.02710219390959956,TCRBV06-05,TCRBJ01-02
545648d4c0e0ff86cd81189b28f74d3e,CASSSGGGFNYGYTF,0.027035952867048792,TCRBV07-02,TCRBJ01-02
545648d4c0e0ff86cd81189b28f74d3e,CASSYSGSWSYGYTF,0.026704768590226104,TCRBV06-02/06-03,TCRBJ01-02
545648d4c0e0ff86cd81189b28f74d3e,CASYFYGSNYGYTF,0.026671636804547063,TCRBV12-X,TCRBJ01-02
545648d4c0e0ff86cd81189b28f74d3e,CSARIWGEYVYGYTF,0.026453823923765968,TCRBV20-X,TCRBJ01-02
545648d4c0e0ff86cd81189b28f74d3e,CASSYSWGGYNQPQHF,0.026404147254984883,TCRBV06-06,TCRBJ01-05
545648d4c0e0ff86cd81189b28f74d3e,CATRGSRYPYFYYGYTF,0.026273006880651893,TCRBV21-01,TCRBJ01-02
545648d4c0e0ff86cd81189b28f74d3e,CASSDWGAFF,0.026061902252623604,TCRBV06-01,TCRBJ01-01
545648d4c0e0ff86cd81189b28f74d3e,CASSEIHRYYYGYTF,0.02603447032993219,TCRBV19-01,TCRBJ01-02
545648d4c0e0ff86cd81189b28f74d3e,CASIGYGFNYGYTF,0.025970188782986924,TCRBV06-05,TCRBJ01-02
545648d4c0e0ff86cd81189b28f74d3e,CAGSWGGYGYTF,0.025954374227029606,TCRBV19-01,TCRBJ01-02
545648d4c0e0ff86cd81189b28f74d3e,CASCPSGANVLTF,0.02589965645754058,TCRBV02-01,TCRBJ02-06
545648d4c0e0ff86cd81189b28f74d3e,CSAWDSGNPF,0.025893536868407455,TCRBV20-01,TCRBJ01-01
545648d4c0e0ff86cd81189b28f74d3e,CASGWGFGNYGYTF,0.025891959836359352,TCRBV19-01,TCRBJ01-02
545648d4c0e0ff86cd81189b28f74d3e,CASSKRHLWHHQPQHF,0.025886582995312466,TCRBV03-01/03-02,TCRBJ01-05
545648d4c0e0ff86cd81189b28f74d3e,CASSPTGGGWNYGYTF,0.02584620352525734,TCRBV11-02,TCRBJ01-02
545648d4c0e0ff86cd81189b28f74d3e,CASGYNYGYTF,0.02574691484639882,TCRBV06-06,TCRBJ01-02
545648d4c0e0ff86cd81189b28f74d3e,CASYGPNYGYTF,0.025731253580744715,TCRBV02-01,TCRBJ01-02
545648d4c0e0ff86cd81189b28f74d3e,CSAHAGPYGYTF,0.02560109678998858,TCRBV20-X,TCRBJ01-02
545648d4c0e0ff86cd81189b28f74d3e,CSAYWTGNGYGYTF,0.02551682651010772,TCRBV20-X,TCRBJ01-02
545648d4c0e0ff86cd81189b28f74d3e,CASKPWTGWNYTF,0.025491235525270453,TCRBV05-01,TCRBJ01-02
545648d4c0e0ff86cd81189b28f74d3e,CASSFGKGVVEYTGELFF,0.025332389615539783,TCRBV27-01,TCRBJ02-02
545648d4c0e0ff86cd81189b28f74d3e,CASSLWGGSHSYYGYTF,0.025326116608859143,TCRBV28-01,TCRBJ01-02
545648d4c0e0ff86cd81189b28f74d3e,CASSDYYSSYGYTF,0.0251830883775531,TCRBV06-X,TCRBJ01-02
545648d4c0e0ff86cd81189b28f74d3e,CASSKYGGPNYGYTF,0.02518166908488079,TCRBV07-09,TCRBJ01-02
545648d4c0e0ff86cd81189b28f74d3e,CASWAPGHGYTF,0.025108693894451327,TCRBV06-05,TCRBJ01-02
545648d4c0e0ff86cd81189b28f74d3e,CASIWGAGSYYGYTF,0.02502182920832232,TCRBV12-X,TCRBJ01-02
545648d4c0e0ff86cd81189b28f74d3e,SYGSPLHF,0.0250040560898263,TCRBV23-01,TCRBJ01-06
545648d4c0e0ff86cd81189b28f74d3e,CSVVIGTGATEAFF,0.024991126821287936,TCRBV29-01,TCRBJ01-01
545648d4c0e0ff86cd81189b28f74d3e,CASSYYTGGHGYTF,0.02482412281133271,TCRBV06-05,TCRBJ01-02
545648d4c0e0ff86cd81189b28f74d3e,CARIHKLREGYYGYTF,0.024805529145712234,TCRBV14-01,TCRBJ01-02
545648d4c0e0ff86cd81189b28f74d3e,CASNIGPHYGYTF,0.02477088060399279,TCRBV19-01,TCRBJ01-02
545648d4c0e0ff86cd81189b28f74d3e,CASSFGGPANYGYTF,0.02476603008982614,TCRBV12-X,TCRBJ01-02
545648d4c0e0ff86cd81189b28f74d3e,CASSYYASGNYGYTF,0.02474592235753979,TCRBV06-06,TCRBJ01-02
545648d4c0e0ff86cd81189b28f74d3e,CASASIKPGHYYGYTF,0.02472128753084994,TCRBV12-05,TCRBJ01-02
545648d4c0e0ff86cd81189b28f74d3e,CASWWNTEAFF,0.024667633621206435,TCRBV02-01,TCRBJ01-01
545648d4c0e0ff86cd81189b28f74d3e,CASSYSWGDYGYTF,0.024642156453703126,TCRBV06-05,TCRBJ01-02
545648d4c0e0ff86cd81189b28f74d3e,CASTGGQGAPGANVLTF,0.024636683108800874,TCRBV28-01,TCRBJ02-06
545648d4c0e0ff86cd81189b28f74d3e,CASHAWETVVF,0.024604897841557193,TCRBV06-06,TCRBJ01-03
545648d4c0e0ff86cd81189b28f74d3e,CASWIKTGHYTF,0.024594561868657463,TCRBV10-02,TCRBJ01-02
545648d4c0e0ff86cd81189b28f74d3e,CASHPGAAGHYGYTF,0.02456404063164072,TCRBV19-01,TCRBJ01-02
545648d4c0e0ff86cd81189b28f74d3e,CASSWGAGYGYTF,0.024538737674709005,TCRBV27-01,TCRBJ01-02
545648d4c0e0ff86cd81189b28f74d3e,CATYGVYGYTF,0.024534422180902286,TCRBV24-01,TCRBJ01-02
545648d4c0e0ff86cd81189b28f74d3e,CASSFWGGNGYTF,0.0245287496805679,TCRBV28-01,TCRBJ01-02
545648d4c0e0ff86cd81189b28f74d3e,CASSASGTGGFTGGNTIYF,0.024502858137463716,TCRBV06-01,TCRBJ01-03
545648d4c0e0ff86cd81189b28f74d3e,CASSPARAPWPQHF,0.024497336614133974,TCRBV12-X,TCRBJ01-05
545648d4c0e0ff86cd81189b28f74d3e,CAISEPYERAGYTF,0.024476256015300422,TCRBV10-03,TCRBJ01-02
545648d4c0e0ff86cd81189b28f74d3e,CASSFGWGAYGYTF,0.024418982536228474,TCRBV05-05,TCRBJ01-02
545648d4c0e0ff86cd81189b28f74d3e,CSGGWNRGYGYTF,0.024356319444418007,TCRBV29-01,TCRBJ01-02
545648d4c0e0ff86cd81189b28f74d3e,CASSYSYANYGYTF,0.02433612846425789,TCRBV06-05,TCRBJ01-02
545648d4c0e0ff86cd81189b28f74d3e,CASSYTGGQSYYGYTF,0.024318622357433695,TCRBV05-06,TCRBJ01-02
545648d4c0e0ff86cd81189b28f74d3e,CASSYNPGNYGGYTF,0.02426056988986402,TCRBV06-05,TCRBJ01-02
545648d4c0e0ff86cd81189b28f74d3e,CASAPGAGANVLTF,0.024252501208075105,TCRBV07-03,TCRBJ02-06
545648d4c0e0ff86cd81189b28f74d3e,CASSFTGYNNYGYTF,0.02424095257399797,TCRBV27-01,TCRBJ01-02
545648d4c0e0ff86cd81189b28f74d3e,CASSYWGKNYGYTF,0.02423405937191934,TCRBV06-06,TCRBJ01-02
545648d4c0e0ff86cd81189b28f74d3e,CASAKWGANYGYTF,0.024223311765748785,TCRBV09-01,TCRBJ01-02
545648d4c0e0ff86cd81189b28f74d3e,CASYAGFNYGYTF,0.024204295377518725,TCRBV03-01/03-02,TCRBJ01-02
545648d4c0e0ff86cd81189b28f74d3e,CASSYATGWGYGYTF,0.024113493255052788,TCRBV06-05,TCRBJ01-02
545648d4c0e0ff86cd81189b28f74d3e,CASGGGGAWANVLTF,0.02408114480713883,TCRBV28-01,TCRBJ02-06
545648d4c0e0ff86cd81189b28f74d3e,CASSYPGPGYYGYTF,0.024058017507826605,TCRBV06-05,TCRBJ01-02
545648d4c0e0ff86cd81189b28f74d3e,CASSYSNYNGYTF,0.02405037058373783,TCRBV06-06,TCRBJ01-02
545648d4c0e0ff86cd81189b28f74d3e,CASSYGGTNYGYTF,0.02403680505429952,TCRBV06-02/06-03,TCRBJ01-02
545648d4c0e0ff86cd81189b28f74d3e,CASSSFGYWYF,0.023997319582876025,TCRBV11-02,TCRBJ02-07
545648d4c0e0ff86cd81189b28f74d3e,CSAWPGYTF,0.023980954516449805,TCRBV20-01,TCRBJ01-02
545648d4c0e0ff86cd81189b28f74d3e,CASSQANPFSGANVLTF,0.02397500095717162,TCRBV03-01/03-02,TCRBJ02-06
545648d4c0e0ff86cd81189b28f74d3e,CASGGWYGYTF,0.02391429656384067,TCRBV09-01,TCRBJ01-02
545648d4c0e0ff86cd81189b28f74d3e,CASSYSGGFYGYTF,0.023874646950020343,TCRBV06-06,TCRBJ01-02
545648d4c0e0ff86cd81189b28f74d3e,CTAVGAKGAWYTEAFF,0.023839596786469946,TCRBV20-X,TCRBJ01-01
545648d4c0e0ff86cd81189b28f74d3e,CASSYPQGAYYGYTF,0.02383380088413253,TCRBV06-06,TCRBJ01-02
545648d4c0e0ff86cd81189b28f74d3e,CASIPPEGVNTEAFF,0.0238087088081573,TCRBV21-01,TCRBJ01-01
545648d4c0e0ff86cd81189b28f74d3e,CASHGYYTEAFF,0.02378963483459903,TCRBV19-01,TCRBJ01-01
545648d4c0e0ff86cd81189b28f74d3e,CASHYRGGYTF,0.023768012221842688,TCRBV05-04,TCRBJ01-02
545648d4c0e0ff86cd81189b28f74d3e,WRGETQETQYF,0.02376042688978876,TCRBV24-01,TCRBJ02-05
545648d4c0e0ff86cd81189b28f74d3e,CASAAGANVLTF,0.023751517090791888,TCRBV12-03/12-04,TCRBJ02-06
545648d4c0e0ff86cd81189b28f74d3e,CSARAPPGGAHQPQHF,0.02370630582274503,TCRBV20-X,TCRBJ01-05
545648d4c0e0ff86cd81189b28f74d3e,CASSHWTDVPNYGYTF,0.02370582575843009,TCRBV04-01,TCRBJ01-02
545648d4c0e0ff86cd81189b28f74d3e,CASSPHPPGYTF,0.023678020298488967,TCRBV11-02,TCRBJ01-02
545648d4c0e0ff86cd81189b28f74d3e,CASARGGYYGYTF,0.023668704708791552,TCRBV07-02,TCRBJ01-02
545648d4c0e0ff86cd81189b28f74d3e,CASSYHRASHGYTF,0.023609878279487365,TCRBV06-05,TCRBJ01-02
545648d4c0e0ff86cd81189b28f74d3e,CASSPWGGGTYF,0.023558138812622434,TCRBV02-01,TCRBJ02-07
545648d4c0e0ff86cd81189b28f74d3e,CASSPHNPPPLHF,0.023556719771257128,TCRBV07-09,TCRBJ01-06
545648d4c0e0ff86cd81189b28f74d3e,CASSHTPGYGYTF,0.023537209217268977,TCRBV04-01,TCRBJ01-02
545648d4c0e0ff86cd81189b28f74d3e,CASSYAKVHYGYTF,0.02353102077599068,TCRBV06-06,TCRBJ01-02
545648d4c0e0ff86cd81189b28f74d3e,CASSAQGWGWGYTF,0.023467239535182476,TCRBV27-01,TCRBJ01-02
545648d4c0e0ff86cd81189b28f74d3e,CASSGGTGGLFNYGYTF,0.023432829729712466,TCRBV06-01,TCRBJ01-02
545648d4c0e0ff86cd81189b28f74d3e,CASSLKKLFF,0.02342110921149412,TCRBV28-01,TCRBJ01-04
545648d4c0e0ff86cd81189b28f74d3e,CASSYYPTF,0.023419146124150213,TCRBV06-06,TCRBJ01-01
545648d4c0e0ff86cd81189b28f74d3e,CASSGIWGYGYTF,0.023393821030838917,TCRBV02-01,TCRBJ01-02
55aeb1979d7570d799abbda5173c8fc3,CAWYSPWGGYTF,0.036009475099141666,TCRBV30-01,TCRBJ01-02
55aeb1979d7570d799abbda5173c8fc3,CAWSVPGGPTYNEQFF,0.033491509722745276,TCRBV30-01,TCRBJ02-01
55aeb1979d7570d799abbda5173c8fc3,CASSWGWGRYYGYTF,0.032118854126021085,TCRBV05-01,TCRBJ01-02
55aeb1979d7570d799abbda5173c8fc3,CAWNWGGNNYGYTF,0.03161689757925826,TCRBV30-01,TCRBJ01-02
55aeb1979d7570d799abbda5173c8fc3,CATHVYWGGIEKLFF,0.030558878421247153,TCRBV06-05,TCRBJ01-04
55aeb1979d7570d799abbda5173c8fc3,WGSPLHF,0.03005863118985801,TCRBV09-01,TCRBJ01-06
55aeb1979d7570d799abbda5173c8fc3,CASGFWGGGWNQPQHF,0.028825887461979626,TCRBV12-05,TCRBJ01-05
55aeb1979d7570d799abbda5173c8fc3,WGETQYF,0.027875008634825074,TCRBV24-01,TCRBJ02-05
55aeb1979d7570d799abbda5173c8fc3,CAWSPFYYGYTF,0.027807709399661255,TCRBV30-01,TCRBJ01-02
55aeb1979d7570d799abbda5173c8fc3,CASHRGPGPWKFF,0.027778445625260967,TCRBV12-03/12-04,TCRBJ02-01
55aeb1979d7570d799abbda5173c8fc3,CAWMKPGQGYWGNYGYTF,0.02750397799236628,TCRBV30-01,TCRBJ01-02
55aeb1979d7570d799abbda5173c8fc3,CASSSYGPFYGYTF,0.027450559644114206,TCRBV12-X,TCRBJ01-02
55aeb1979d7570d799abbda5173c8fc3,CASGYRGPNYGYTF,0.02743599694314822,TCRBV03-01/03-02,TCRBJ01-02
55aeb1979d7570d799abbda5173c8fc3,CASTPGAYYYGYTF,0.02740890079540309,TCRBV06-05,TCRBJ01-02
55aeb1979d7570d799abbda5173c8fc3,CASSYSYRPNYGYTF,0.027350749159438553,TCRBV06-05,TCRBJ01-02
55aeb1979d7570d799abbda5173c8fc3,CASSYYGGENYGYTF,0.027311056805206457,TCRBV06-05,TCRBJ01-02
55aeb1979d7570d799abbda5173c8fc3,AYGYTF,0.02716223206475642,TCRBV19-01,TCRBJ01-02
55aeb1979d7570d799abbda5173c8fc3,WAPRPHPPDTQYF,0.02713655372522337,TCRBV12-03/12-04,TCRBJ02-03
55aeb1979d7570d799abbda5173c8fc3,CASHPDKGWGYTF,0.026987701865211655,TCRBV06-05,TCRBJ01-02
55aeb1979d7570d799abbda5173c8fc3,CASNVWGGYGYTF,0.02698432754187747,TCRBV03-01/03-02,TCRBJ01-02
55aeb1979d7570d799abbda5173c8fc3,CASSYGGFYGYTF,0.026884746349950795,TCRBV06-05,TCRBJ01-02
55aeb1979d7570d799abbda5173c8fc3,CAWKTDGYIYGYTF,0.026848039680450485,TCRBV30-01,TCRBJ01-02
55aeb1979d7570d799abbda5173c8fc3,CASSYFSTGFSGSYGYTF,0.026674043042640958,TCRBV06-X,TCRBJ01-02
55aeb1979d7570d799abbda5173c8fc3,CAWIWDEAFF,0.02665832043179913,TCRBV30-01,TCRBJ01-01
55aeb1979d7570d799abbda5173c8fc3,CASSEWGARWGAFF,0.026548688335447688,TCRBV02-01,TCRBJ01-01
55aeb1979d7570d799abbda5173c8fc3,PHGYTF,0.02650671817576087,TCRBV05-X,TCRBJ01-02
55aeb1979d7570d799abbda5173c8fc3,CASSYPKYRGWYYGYTF,0.0264752648680978,TCRBV06-X,TCRBJ01-02
55aeb1979d7570d799abbda5173c8fc3,CAWSLAGGPYNEQFF,0.02636512123316999,TCRBV30-01,TCRBJ02-01
55aeb1979d7570d799abbda5173c8fc3,CASSKGTGNYNAKANYGYTF,0.02608776457984334,TCRBV07-09,TCRBJ01-02
55aeb1979d7570d799abbda5173c8fc3,CACPHGTGGHFGYGYTF,0.02607826651507241,TCRBV30-01,TCRBJ01-02
55aeb1979d7570d799abbda5173c8fc3,CASSHGAWVTF,0.026075547778181857,TCRBV04-02,TCRBJ02-06
55aeb1979d7570d799abbda5173c8fc3,CASSPWGGHYGYTF,0.025974008170567928,TCRBV09-01,TCRBJ01-02
55aeb1979d7570d799abbda5173c8fc3,CASSYFGYGYTF,0.02589653183295857,TCRBV06-05,TCRBJ01-02
55aeb1979d7570d799abbda5173c8fc3,CSALGAMLGANVLTF,0.025667639857680318,TCRBV20-X,TCRBJ02-06
55aeb1979d7570d799abbda5173c8fc3,CASTLKGGQGANGYTF,0.025666855791983623,TCRBV07-08,TCRBJ01-02
55aeb1979d7570d799abbda5173c8fc3,CASHTGAHYYGYTF,0.025651811019205144,TCRBV19-01,TCRBJ01-02
55aeb1979d7570d799abbda5173c8fc3,CASSYVYGYTF,0.025639553259582785,TCRBV06-09,TCRBJ01-02
55aeb1979d7570d799abbda5173c8fc3,CASSYSGTSYNYGYTF,0.025615655872471534,TCRBV12-X,TCRBJ01-02
55aeb1979d7570d799abbda5173c8fc3,CASSLGYTGWYGYTF,0.025572313209160574,TCRBV07-02,TCRBJ01-02
55aeb1979d7570d799abbda5173c8fc3,CARPGHPPPGHGYTF,0.02556587989171505,TCRBV09-01,TCRBJ01-02
55aeb1979d7570d799abbda5173c8fc3,CASSYSAGWGGYTF,0.02550641970262935,TCRBV06-05,TCRBJ01-02
55aeb1979d7570d799abbda5173c8fc3,CASSYGGPYGYTF,0.02549573269040756,TCRBV06-05,TCRBJ01-02
55aeb1979d7570d799abbda5173c8fc3,CASRLYKGYRFYGYTF,0.025398283440738145,TCRBV12-02,TCRBJ01-02
55aeb1979d7570d799abbda5173c8fc3,CASAWGGRPNYGYTF,0.025311473712676027,TCRBV12-05,TCRBJ01-02
55aeb1979d7570d799abbda5173c8fc3,CASSYSSGYYSGNTIYF,0.02527118108461345,TCRBV06-02/06-03,TCRBJ01-03
55aeb1979d7570d799abbda5173c8fc3,CASGGFHIYF,0.0252263937381754,TCRBV12-03/12-04,TCRBJ01-03
55aeb1979d7570d799abbda5173c8fc3,CASSHMWGGGKYF,0.025213581006704493,TCRBV05-06,TCRBJ02-03
55aeb1979d7570d799abbda5173c8fc3,CASSYSYGGAFF,0.025013819824785188,TCRBV06-06,TCRBJ01-01
55aeb1979d7570d799abbda5173c8fc3,CASSNNSPGTGGGYGYTF,0.025012367673758175,TCRBV19-01,TCRBJ01-02
55aeb1979d7570d799abbda5173c8fc3,CASSYSPGYYGYTF,0.025005151745253716,TCRBV06-05,TCRBJ01-02
55aeb1979d7570d799abbda5173c8fc3,CASGLVAGVGELFF,0.024982955689084017,TCRBV12-05,TCRBJ02-02
55aeb1979d7570d799abbda5173c8fc3,CASTVWGGITEAFF,0.02496304918677,TCRBV11-02,TCRBJ01-01
55aeb1979d7570d799abbda5173c8fc3,CAWSVWTGGGPNYGYTF,0.024953648466308032,TCRBV30-01,TCRBJ01-02
55aeb1979d7570d799abbda5173c8fc3,CASSGWGYGYTF,0.02494535734524804,TCRBV27-01,TCRBJ01-02
55aeb1979d7570d799abbda5173c8fc3,CASSSYRRRNYGYTF,0.024930637725390586,TCRBV11-02,TCRBJ01-02
55aeb1979d7570d799abbda5173c8fc3,CASSYAGPYGYTF,0.02492799790141382,TCRBV06-05,TCRBJ01-02
55aeb1979d7570d799abbda5173c8fc3,CAWSVWGTEAFF,0.024891349613477297,TCRBV30-01,TCRBJ01-01
55aeb1979d7570d799abbda5173c8fc3,CASYVGPNHYGYTF,0.02486861889512755,TCRBV02-01,TCRBJ01-02
55aeb1979d7570d799abbda5173c8fc3,CASSYTGPTYGYTF,0.024826870245716063,TCRBV06-02/06-03,TCRBJ01-02
55aeb1979d7570d799abbda5173c8fc3,CASIPMWGYGYTF,0.024818794729973944,TCRBV06-05,TCRBJ01-02
55aeb1979d7570d799abbda5173c8fc3,CASSLEGAPYHHF,0.0248126009562376,TCRBV05-01,TCRBJ01-05
55aeb1979d7570d799abbda5173c8fc3,WRMGGTQYF,0.02474302112453589,TCRBV05-01,TCRBJ02-03
55aeb1979d7570d799abbda5173c8fc3,CAWSTGFNYGYTF,0.02472542808661978,TCRBV30-01,TCRBJ01-02
55aeb1979d7570d799abbda5173c8fc3,CASSSGGWNYGYTF,0.024715824353843396,TCRBV13-01,TCRBJ01-02
55aeb1979d7570d799abbda5173c8fc3,CASALKGANVLTF,0.02469405375169249,TCRBV06-05,TCRBJ02-06
55aeb1979d7570d799abbda5173c8fc3,CASSEWDWHTF,0.024646787017991553,TCRBV06-01,TCRBJ01-02
55aeb1979d7570d799abbda5173c8fc3,CASSFAPHWF,0.024643897114002552,TCRBV12-03/12-04,TCRBJ01-02
55aeb1979d7570d799abbda5173c8fc3,CASSYYGEHNYGYTF,0.024613578064870523,TCRBV06-05,TCRBJ01-02
55aeb1979d7570d799abbda5173c8fc3,CASSHWGAEAFF,0.024517756345243853,TCRBV14-01,TCRBJ01-01
55aeb1979d7570d799abbda5173c8fc3,CASSYGPYGYTF,0.024499476131687653,TCRBV06-02/06-03,TCRBJ01-02
55aeb1979d7570d799abbda5173c8fc3,CASSPTLWTGGNHEQYF,0.024488989679468158,TCRBV28-01,TCRBJ02-07
55aeb1979d7570d799abbda5173c8fc3,CASNCAGGPGCNEQFF,0.024469304693828006,TCRBV25-01,TCRBJ02-01
55aeb1979d7570d799abbda5173c8fc3,CASRGDWGHFPNYGYTF,0.024454676922812765,TCRBV02-01,TCRBJ01-02
55aeb1979d7570d799abbda5173c8fc3,CASARDPPHQPQHF,0.02445287819918981,TCRBV02-01,TCRBJ01-05
55aeb1979d7570d799abbda5173c8fc3,CASRWDTVWTF,0.024408299741652706,TCRBV06-06,TCRBJ01-02
55aeb1979d7570d799abbda5173c8fc3,CADYHGLNYGYTF,0.024408189033559333,TCRBV30-01,TCRBJ01-02
55aeb1979d7570d799abbda5173c8fc3,CAWWTGDIYGYTF,0.024407524795280047,TCRBV30-01,TCRBJ01-02
55aeb1979d7570d799abbda5173c8fc3,CASSERWGYNYGYTF,0.02439705827333166,TCRBV06-01,TCRBJ01-02
55aeb1979d7570d799abbda5173c8fc3,CAIGGGEYWGGYTF,0.02438197636106737,TCRBV19-01,TCRBJ01-02
55aeb1979d7570d799abbda5173c8fc3,CASCKAGVTIYF,0.02436910705690006,TCRBV12-03/12-04,TCRBJ01-03
55aeb1979d7570d799abbda5173c8fc3,CAWRTGGYYGYTF,0.024305176437879477,TCRBV30-01,TCRBJ01-02
55aeb1979d7570d799abbda5173c8fc3,CASSLRRGYYYGYTF,0.024302669031918682,TCRBV05-06,TCRBJ01-02
55aeb1979d7570d799abbda5173c8fc3,CAWAGGVAEAFF,0.024290268573370622,TCRBV30-01,TCRBJ01-01
55aeb1979d7570d799abbda5173c8fc3,CASSFKGIGAFF,0.024279114000833477,TCRBV12-03/12-04,TCRBJ01-01
55aeb1979d7570d799abbda5173c8fc3,CATYPPGFF,0.024246384607831163,TCRBV24-01,TCRBJ02-01
55aeb1979d7570d799abbda5173c8fc3,CASSYYPTIYF,0.02419447953683818,TCRBV06-06,TCRBJ01-03
55aeb1979d7570d799abbda5173c8fc3,CASSSFPGSNNNKGYTF,0.02419427549187663,TCRBV12-X,TCRBJ01-02
55aeb1979d7570d799abbda5173c8fc3,CAWKWAVNYGYTF,0.024186623610354407,TCRBV30-01,TCRBJ01-02
55aeb1979d7570d799abbda5173c8fc3,CASSWGGGPGGYGYTF,0.02416192113780826,TCRBV05-06,TCRBJ01-02
55aeb1979d7570d799abbda5173c8fc3,CASNQGGQGPWGYTF,0.024149868843921254,TCRBV07-02,TCRBJ01-02
55aeb1979d7570d799abbda5173c8fc3,CSAMTHF,0.024140513322783615,TCRBV20-01,TCRBJ02-05
55aeb1979d7570d799abbda5173c8fc3,CAWYGDTYGYTF,0.024123469286904023,TCRBV30-01,TCRBJ01-02
55aeb1979d7570d799abbda5173c8fc3,CASSLHPWGGNYGYTF,0.02406894909917108,TCRBV27-01,TCRBJ01-02
55aeb1979d7570d799abbda5173c8fc3,CASSMEGAWGYTF,0.02406641436399035,TCRBV05-01,TCRBJ01-02
55aeb1979d7570d799abbda5173c8fc3,CASSYEGGYYGYTF,0.024054423927784094,TCRBV06-06,TCRBJ01-02
55aeb1979d7570d799abbda5173c8fc3,CASSIWGGWTEAFF,0.02405092251011271,TCRBV19-01,TCRBJ01-01
55aeb1979d7570d799abbda5173c8fc3,CAWTAGANVLTF,0.024043298065848533,TCRBV30-01,TCRBJ02-06
55aeb1979d7570d799abbda5173c8fc3,CASSLGVHADYGYTF,0.024035244637094933,TCRBV05-01,TCRBJ01-02
55aeb1979d7570d799abbda5173c8fc3,CASSAPGGFNYGYTF,0.024024613779351965,TCRBV25-01,TCRBJ01-02
55aeb1979d7570d799abbda5173c8fc3,CASSSEWWYF,0.024019436305108176,TCRBV12-03/12-04,TCRBJ02-05
58e89ad1600df49b1ae275ee4ea4a59a,MFF,0.03824470165824826,TCRBV10-03,TCRBJ01-04
58e89ad1600df49b1ae275ee4ea4a59a,RKQYF,0.03495285988579672,TCRBV20-01,TCRBJ02-07
58e89ad1600df49b1ae275ee4ea4a59a,HYGYTF,0.03325836950824076,TCRBV21-01,TCRBJ01-02
58e89ad1600df49b1ae275ee4ea4a59a,CTYIGTYGYTF,0.03251730175432919,TCRBV20-01,TCRBJ01-02
58e89ad1600df49b1ae275ee4ea4a59a,CSATPYYYGYTF,0.03015785515837763,TCRBV20-X,TCRBJ01-02
58e89ad1600df49b1ae275ee4ea4a59a,CASSYRGYYGYTF,0.02933977931009988,TCRBV27-01,TCRBJ01-02
58e89ad1600df49b1ae275ee4ea4a59a,CASSFHRHGWWPQHF,0.028119657672518165,TCRBV07-07,TCRBJ01-05
58e89ad1600df49b1ae275ee4ea4a59a,CAWGGGYGYTF,0.02810525498167812,TCRBV30-01,TCRBJ01-02
58e89ad1600df49b1ae275ee4ea4a59a,CASWWGGGQYF,0.02801613234705667,TCRBV28-01,TCRBJ02-07
58e89ad1600df49b1ae275ee4ea4a59a,CASRYRGYYGYTF,0.027902929049679153,TCRBV28-01,TCRBJ01-02
58e89ad1600df49b1ae275ee4ea4a59a,CASSSYRGTGGFGTNYGYTF,0.027884866071657334,TCRBV27-01,TCRBJ01-02
58e89ad1600df49b1ae275ee4ea4a59a,CACMFTEAFF,0.02740662396504364,TCRBV30-01,TCRBJ01-01
58e89ad1600df49b1ae275ee4ea4a59a,CAWIMGAWAFF,0.027384134058797766,TCRBV30-01,TCRBJ01-01
58e89ad1600df49b1ae275ee4ea4a59a,CASSYWDGGPYGYTF,0.027369486602628994,TCRBV09-01,TCRBJ01-02
58e89ad1600df49b1ae275ee4ea4a59a,CAWWTGYGYTF,0.027324930875347535,TCRBV30-01,TCRBJ01-02
58e89ad1600df49b1ae275ee4ea4a59a,CASSYYRGNYGYTF,0.027306072681718935,TCRBV06-05,TCRBJ01-02
58e89ad1600df49b1ae275ee4ea4a59a,CASPNPF,0.02724297374543085,TCRBV05-01,TCRBJ01-02
58e89ad1600df49b1ae275ee4ea4a59a,CASSPPRWHPHGYTF,0.02707547163670033,TCRBV28-01,TCRBJ01-02
58e89ad1600df49b1ae275ee4ea4a59a,IMKMLFF,0.027065065197407374,TCRBV10-02,TCRBJ01-04
58e89ad1600df49b1ae275ee4ea4a59a,CSASPLHYNSPLHF,0.02705230146851914,TCRBV20-01,TCRBJ01-06
58e89ad1600df49b1ae275ee4ea4a59a,CASSSGGGFNYGYTF,0.027035952867048792,TCRBV27-01,TCRBJ01-02
58e89ad1600df49b1ae275ee4ea4a59a,CASSYLFPGGGTGELFF,0.02660160811456756,TCRBV25-01,TCRBJ02-02
58e89ad1600df49b1ae275ee4ea4a59a,CAWIIGPGWYTF,0.026567019251310085,TCRBV30-01,TCRBJ01-02
58e89ad1600df49b1ae275ee4ea4a59a,CAFWAFF,0.026419999993448885,TCRBV19-01,TCRBJ01-01
58e89ad1600df49b1ae275ee4ea4a59a,CASSFQGWGPYGYTF,0.026286097839606944,TCRBV07-09,TCRBJ01-02
58e89ad1600df49b1ae275ee4ea4a59a,F,0.026169089102652747,TCRBV29-01,TCRBJ02-07
58e89ad1600df49b1ae275ee4ea4a59a,CASTGGGGWHYGYTF,0.02613829270734178,TCRBV06-05,TCRBJ01-02
58e89ad1600df49b1ae275ee4ea4a59a,WGTEAFF,0.026127325293675098,TCRBV28-01,TCRBJ01-01
58e89ad1600df49b1ae275ee4ea4a59a,CATFSPEAFF,0.026111390331558935,TCRBV06-05,TCRBJ01-01
58e89ad1600df49b1ae275ee4ea4a59a,CAWSEGAWKYF,0.026087640400419883,TCRBV30-01,TCRBJ02-07
58e89ad1600df49b1ae275ee4ea4a59a,CASSHGHPYGYTF,0.026069156200245837,TCRBV28-01,TCRBJ01-02
58e89ad1600df49b1ae275ee4ea4a59a,CASSFYGGNTYGYTF,0.02606249230010633,TCRBV27-01,TCRBJ01-02
58e89ad1600df49b1ae275ee4ea4a59a,CAWIKRWKWDTEAFF,0.026046518706860877,TCRBV30-01,TCRBJ01-01
58e89ad1600df49b1ae275ee4ea4a59a,CASSYMGYGYTF,0.026023019576430852,TCRBV06-06,TCRBJ01-02
58e89ad1600df49b1ae275ee4ea4a59a,CSAYYTF,0.026014648428605257,TCRBV20-01,TCRBJ01-02
58e89ad1600df49b1ae275ee4ea4a59a,CASGIWGGGYGYTF,0.025916634783026457,TCRBV12-05,TCRBJ01-02
58e89ad1600df49b1ae275ee4ea4a59a,CASSFGGYYGYTF,0.02587800815390079,TCRBV27-01,TCRBJ01-02
58e89ad1600df49b1ae275ee4ea4a59a,CASSPGHYYYGYTF,0.025815833998858374,TCRBV12-X,TCRBJ01-02
58e89ad1600df49b1ae275ee4ea4a59a,CASSYGGNNYGYTF,0.025771730582153478,TCRBV05-04,TCRBJ01-02
58e89ad1600df49b1ae275ee4ea4a59a,CASSLGRGIGELFF,0.025766062346674428,TCRBV28-01,TCRBJ02-02
58e89ad1600df49b1ae275ee4ea4a59a,CAPGGWANYGYTF,0.02571374093746945,TCRBV07-09,TCRBJ01-02
58e89ad1600df49b1ae275ee4ea4a59a,CASSYSYRPTYGYTF,0.02567166191486678,TCRBV06-05,TCRBJ01-02
58e89ad1600df49b1ae275ee4ea4a59a,CAWNWRAGANVLTF,0.025603667728489467,TCRBV30-01,TCRBJ02-06
58e89ad1600df49b1ae275ee4ea4a59a,CASRPMGKWGSYYGYTF,0.025575071464350885,TCRBV28-01,TCRBJ01-02
58e89ad1600df49b1ae275ee4ea4a59a,CASNGLWGATPHGYTF,0.025530148156372442,TCRBV02-01,TCRBJ01-02
58e89ad1600df49b1ae275ee4ea4a59a,CAAVHYYGYTF,0.025516642728827893,TCRBV12-03/12-04,TCRBJ01-02
58e89ad1600df49b1ae275ee4ea4a59a,CASSYTTGASYYGYTF,0.025504047890664724,TCRBV06-05,TCRBJ01-02
58e89ad1600df49b1ae275ee4ea4a59a,CAWAEGANVLTF,0.02543056316140253,TCRBV30-01,TCRBJ02-06
58e89ad1600df49b1ae275ee4ea4a59a,CSANPWGNYGYTF,0.02542337446029182,TCRBV20-X,TCRBJ01-02
58e89ad1600df49b1ae275ee4ea4a59a,CASSPFGGSTNYGYTF,0.025420651335445306,TCRBV03-01/03-02,TCRBJ01-02
58e89ad1600df49b1ae275ee4ea4a59a,CASSYGGYYGYTF,0.025402721840629465,TCRBV06-05,TCRBJ01-02
58e89ad1600df49b1ae275ee4ea4a59a,CASRYWGRSSNYGYTF,0.02536805514459083,TCRBV05-06,TCRBJ01-02
58e89ad1600df49b1ae275ee4ea4a59a,CAWSPPWGGGNTIYF,0.025355816028047855,TCRBV30-01,TCRBJ01-03
58e89ad1600df49b1ae275ee4ea4a59a,CASYGGWPYEQYF,0.02534375639618284,TCRBV28-01,TCRBJ02-07
58e89ad1600df49b1ae275ee4ea4a59a,CASSDTGHGYFGYGYTF,0.025313976614756643,TCRBV06-04,TCRBJ01-02
58e89ad1600df49b1ae275ee4ea4a59a,CAWSHPPAIYF,0.025257823774213196,TCRBV30-01,TCRBJ01-03
58e89ad1600df49b1ae275ee4ea4a59a,CASSPGNNYNYGYTF,0.025242620961641198,TCRBV28-01,TCRBJ01-02
58e89ad1600df49b1ae275ee4ea4a59a,CAWNPWGAAEQYF,0.02523589601607908,TCRBV30-01,TCRBJ02-07
58e89ad1600df49b1ae275ee4ea4a59a,CASHPGTGWYGYTF,0.025226165093171254,TCRBV27-01,TCRBJ01-02
58e89ad1600df49b1ae275ee4ea4a59a,CATWEGYSYNYGYTF,0.025189277111511216,TCRBV10-03,TCRBJ01-02
58e89ad1600df49b1ae275ee4ea4a59a,CASSPWGPYGYTF,0.02518527453335133,TCRBV14-01,TCRBJ01-02
58e89ad1600df49b1ae275ee4ea4a59a,CAWSTGGGGFSYGYTF,0.025162239930309926,TCRBV30-01,TCRBJ01-02
58e89ad1600df49b1ae275ee4ea4a59a,CASSSPGHHYGYTF,0.025046811143622023,TCRBV07-09,TCRBJ01-02
58e89ad1600df49b1ae275ee4ea4a59a,CVRSLYRFIRKLFF,0.02504597132591256,TCRBV07-05,TCRBJ01-04
58e89ad1600df49b1ae275ee4ea4a59a,CASSWGGSNYGYTF,0.025002363292445432,TCRBV05-01,TCRBJ01-02
58e89ad1600df49b1ae275ee4ea4a59a,CASSYSGTGGAGYGYTF,0.024989841514209618,TCRBV06-X,TCRBJ01-02
58e89ad1600df49b1ae275ee4ea4a59a,CSAHGATIYF,0.02493922845598057,TCRBV29-01,TCRBJ01-03
58e89ad1600df49b1ae275ee4ea4a59a,CAWGHGAFF,0.024932185235123753,TCRBV30-01,TCRBJ01-01
58e89ad1600df49b1ae275ee4ea4a59a,CSAYDPGAFF,0.024918666525387913,TCRBV20-01,TCRBJ01-01
58e89ad1600df49b1ae275ee4ea4a59a,CAWSVWGTEAFF,0.024891349613477297,TCRBV30-01,TCRBJ01-01
58e89ad1600df49b1ae275ee4ea4a59a,CASSYRGYGYTF,0.024885473752379907,TCRBV06-06,TCRBJ01-02
58e89ad1600df49b1ae275ee4ea4a59a,CASSYTFGGNYGYTF,0.0248777512646681,TCRBV07-03,TCRBJ01-02
58e89ad1600df49b1ae275ee4ea4a59a,CASSYWTGGHHGYTF,0.024852711195614167,TCRBV09-01,TCRBJ01-02
58e89ad1600df49b1ae275ee4ea4a59a,CASSYPGYGYTF,0.02483334751358227,TCRBV06-05,TCRBJ01-02
58e89ad1600df49b1ae275ee4ea4a59a,CACVPEAFF,0.024813447570923717,TCRBV30-01,TCRBJ01-01
58e89ad1600df49b1ae275ee4ea4a59a,CAWSHVANYGYTF,0.024799365986829417,TCRBV30-01,TCRBJ01-02
58e89ad1600df49b1ae275ee4ea4a59a,CSAGAPGPHQPQHF,0.024773682777261677,TCRBV20-01,TCRBJ01-05
58e89ad1600df49b1ae275ee4ea4a59a,CASSYSSWRGRNYGYTF,0.024764377469513946,TCRBV06-X,TCRBJ01-02
58e89ad1600df49b1ae275ee4ea4a59a,FAQYF,0.02476226290568063,TCRBV25-01,TCRBJ02-05
58e89ad1600df49b1ae275ee4ea4a59a,CASSYSNYGSNGYTF,0.024750402155660444,TCRBV06-05,TCRBJ01-02
58e89ad1600df49b1ae275ee4ea4a59a,CAWVEYGWSYGYTF,0.02474748746371609,TCRBV30-01,TCRBJ01-02
58e89ad1600df49b1ae275ee4ea4a59a,CAYHSGANVLTF,0.024745559865089865,TCRBV30-01,TCRBJ02-06
58e89ad1600df49b1ae275ee4ea4a59a,CASSHRGYYGYTF,0.024733525752996165,TCRBV03-01/03-02,TCRBJ01-02
58e89ad1600df49b1ae275ee4ea4a59a,CAWTWTGGYGYTF,0.024714091671889638,TCRBV30-01,TCRBJ01-02
58e89ad1600df49b1ae275ee4ea4a59a,CSTYSTGGFYGYTF,0.02470235967481885,TCRBV29-01,TCRBJ01-02
58e89ad1600df49b1ae275ee4ea4a59a,CASSKRGYIYGYTF,0.024700719811045886,TCRBV03-01/03-02,TCRBJ01-02
58e89ad1600df49b1ae275ee4ea4a59a,CASSYSGGAGTNYGYTF,0.024699947302533897,TCRBV06-X,TCRBJ01-02
58e89ad1600df49b1ae275ee4ea4a59a,CASSYYQGTYGYTF,0.024683655445139542,TCRBV28-01,TCRBJ01-02
58e89ad1600df49b1ae275ee4ea4a59a,CAWIGVPGANVLTF,0.02467556078264098,TCRBV30-01,TCRBJ02-06
58e89ad1600df49b1ae275ee4ea4a59a,CAWSWAGGGTYGYTF,0.024664550630358127,TCRBV30-01,TCRBJ01-02
58e89ad1600df49b1ae275ee4ea4a59a,CSAYRGIIYGYTF,0.02465519354429974,TCRBV29-01,TCRBJ01-02
58e89ad1600df49b1ae275ee4ea4a59a,CASSFPPHQPQHF,0.02465383764888497,TCRBV12-03/12-04,TCRBJ01-05
58e89ad1600df49b1ae275ee4ea4a59a,CAWSVWTVEAFF,0.0246430561380548,TCRBV30-01,TCRBJ01-01
58e89ad1600df49b1ae275ee4ea4a59a,CSARHYYGYTF,0.02460819674741242,TCRBV29-01,TCRBJ01-02
58e89ad1600df49b1ae275ee4ea4a59a,CASSFGGPNYGYTF,0.02460044514547858,TCRBV05-01,TCRBJ01-02
58e89ad1600df49b1ae275ee4ea4a59a,CAWAEGRWGYTF,0.024592321321549045,TCRBV30-01,TCRBJ01-02
58e89ad1600df49b1ae275ee4ea4a59a,CASWGGGANVLTF,0.024588111003963072,TCRBV27-01,TCRBJ02-06
58e89ad1600df49b1ae275ee4ea4a59a,CATGQQGPNGETQYF,0.0245780548350755,TCRBV24-01,TCRBJ02-05
594cd4e5ae9f142aa36114cd71b74280,YF,0.043498104297022874,TCRBV25-01,TCRBJ02-05
594cd4e5ae9f142aa36114cd71b74280,CASSPSAYIYAYTF,0.0369245521586659,TCRBV18-01,TCRBJ01-02
594cd4e5ae9f142aa36114cd71b74280,CAWYGSGWGYTF,0.03244542695383054,TCRBV30-01,TCRBJ01-02
594cd4e5ae9f142aa36114cd71b74280,CASSYYHGYGYTF,0.03185587480035249,TCRBV06-05,TCRBJ01-02
594cd4e5ae9f142aa36114cd71b74280,CATKPDRWWEKLFF,0.030773816769835094,TCRBV02-01,TCRBJ01-04
594cd4e5ae9f142aa36114cd71b74280,CASGYVYGYTF,0.029794535119348202,TCRBV12-05,TCRBJ01-02
594cd4e5ae9f142aa36114cd71b74280,CASIPYMGYYGYTF,0.02927674302333062,TCRBV06-05,TCRBJ01-02
594cd4e5ae9f142aa36114cd71b74280,CSAAGGWNFNYGYTF,0.02908437136170924,TCRBV20-X,TCRBJ01-02
594cd4e5ae9f142aa36114cd71b74280,CASSLHPGHHYGYTF,0.028828635821704533,TCRBV06-02,TCRBJ01-02
594cd4e5ae9f142aa36114cd71b74280,CASSWDYYNYGYTF,0.028673430257654973,TCRBV05-04,TCRBJ01-02
594cd4e5ae9f142aa36114cd71b74280,CARFKF,0.02857482795688914,TCRBV04-01,TCRBJ02-X
594cd4e5ae9f142aa36114cd71b74280,CASSYRRYNYGYTF,0.028036381226508214,TCRBV27-01,TCRBJ01-02
594cd4e5ae9f142aa36114cd71b74280,CATGGAGADGANVLTF,0.027913409037042237,TCRBV24-01,TCRBJ02-06
594cd4e5ae9f142aa36114cd71b74280,CASSHWGGGGHFGFPYGYTF,0.027912003613923802,TCRBV03-01/03-02,TCRBJ01-02
594cd4e5ae9f142aa36114cd71b74280,TQYF,0.027884071147928093,TCRBV27-01,TCRBJ02-05
594cd4e5ae9f142aa36114cd71b74280,CASSSSGGGWNYGYTF,0.02752799956737821,TCRBV06-06,TCRBJ01-02
594cd4e5ae9f142aa36114cd71b74280,CASSPGTGGWWNGYTF,0.027407267433008482,TCRBV07-09,TCRBJ01-02
594cd4e5ae9f142aa36114cd71b74280,CSGLGMQGPKGDYGYTF,0.027358824415154515,TCRBV20-X,TCRBJ01-02
594cd4e5ae9f142aa36114cd71b74280,CSAFYPYGYTF,0.027316456742207163,TCRBV20-01,TCRBJ01-02
594cd4e5ae9f142aa36114cd71b74280,CAWRWWWSIMNTEAFF,0.027285958350988907,TCRBV30-01,TCRBJ01-01
594cd4e5ae9f142aa36114cd71b74280,CASSFTPGPYYGYTF,0.02718740591180469,TCRBV05-01,TCRBJ01-02
594cd4e5ae9f142aa36114cd71b74280,CASRWWGPYGYTF,0.02699404939646064,TCRBV28-01,TCRBJ01-02
594cd4e5ae9f142aa36114cd71b74280,CAWSPPLHF,0.02699276255397334,TCRBV30-01,TCRBJ01-06
594cd4e5ae9f142aa36114cd71b74280,CASSYGTYNYGYTF,0.026982523167178078,TCRBV06-06,TCRBJ01-02
594cd4e5ae9f142aa36114cd71b74280,CAWSVPGGANGYTF,0.026919052014462718,TCRBV30-01,TCRBJ01-02
594cd4e5ae9f142aa36114cd71b74280,CAWRWIYYGYTF,0.026880590930168483,TCRBV30-01,TCRBJ01-02
594cd4e5ae9f142aa36114cd71b74280,CASSYGWGGYTF,0.026807282449486956,TCRBV06-02/06-03,TCRBJ01-02
594cd4e5ae9f142aa36114cd71b74280,CASSIVGGFTEAFF,0.026702347263769823,TCRBV19-01,TCRBJ01-01
594cd4e5ae9f142aa36114cd71b74280,CASSYQGYYGYTF,0.026619094255559996,TCRBV06-02/06-03,TCRBJ01-02
594cd4e5ae9f142aa36114cd71b74280,NYGYTF,0.026602242459505012,TCRBV27-01,TCRBJ01-02
594cd4e5ae9f142aa36114cd71b74280,CASSYYGTANYGYTF,0.026452098572006883,TCRBV06-05,TCRBJ01-02
594cd4e5ae9f142aa36114cd71b74280,CASSYSNRHYYGYTF,0.02643936137361282,TCRBV06-05,TCRBJ01-02
594cd4e5ae9f142aa36114cd71b74280,CASGGSAYGFTYGYTF,0.026412047177541573,TCRBV19-01,TCRBJ01-02
594cd4e5ae9f142aa36114cd71b74280,WALRAGGRRGGRQPQHF,0.026152582850006243,TCRBV10-03,TCRBJ01-05
594cd4e5ae9f142aa36114cd71b74280,PGPWIKYV,0.02613104885789301,TCRBV06-04,TCRBJ02-07
594cd4e5ae9f142aa36114cd71b74280,WAFRDGGRRGGPQPQHF,0.02612341572787658,TCRBV10-03,TCRBJ01-05
594cd4e5ae9f142aa36114cd71b74280,CASGWGYGYTF,0.026075714285317173,TCRBV03-01/03-02,TCRBJ01-02
594cd4e5ae9f142aa36114cd71b74280,CASSAGPYYGYTF,0.026032253233656554,TCRBV07-09,TCRBJ01-02
594cd4e5ae9f142aa36114cd71b74280,CASNPYSPFYGYTF,0.026024435166712427,TCRBV28-01,TCRBJ01-02
594cd4e5ae9f142aa36114cd71b74280,CAWSVWGGGGYTF,0.026007739901649615,TCRBV30-01,TCRBJ01-02
594cd4e5ae9f142aa36114cd71b74280,CASSYSVSSYYGYTF,0.025920849829068577,TCRBV06-05,TCRBJ01-02
594cd4e5ae9f142aa36114cd71b74280,CAWSEGYWRGYTF,0.02589461633985846,TCRBV30-01,TCRBJ01-02
594cd4e5ae9f142aa36114cd71b74280,CAWSVGYSYGYTF,0.025888609141576414,TCRBV30-01,TCRBJ01-02
594cd4e5ae9f142aa36114cd71b74280,INYGYTF,0.025880508487990277,TCRBV21-01,TCRBJ01-02
594cd4e5ae9f142aa36114cd71b74280,CASSWGGYGYTF,0.025745641031788894,TCRBV19-01,TCRBJ01-02
594cd4e5ae9f142aa36114cd71b74280,CASSMWGAPNYGYTF,0.0257217250479178,TCRBV19-01,TCRBJ01-02
594cd4e5ae9f142aa36114cd71b74280,CASIGCQPHYQPQHF,0.025711890867982274,TCRBV06-05,TCRBJ01-05
594cd4e5ae9f142aa36114cd71b74280,CASSPYGGPNNYGYTF,0.025680569869449436,TCRBV03-01/03-02,TCRBJ01-02
594cd4e5ae9f142aa36114cd71b74280,CAWSVYFYGYTF,0.02554286978178605,TCRBV30-01,TCRBJ01-02
594cd4e5ae9f142aa36114cd71b74280,CASSYPYGYTF,0.025505132290220098,TCRBV28-01,TCRBJ01-02
594cd4e5ae9f142aa36114cd71b74280,CASRGTYSWGYGYTF,0.025460018051800985,TCRBV28-01,TCRBJ01-02
594cd4e5ae9f142aa36114cd71b74280,CGWGSNYGYTF,0.025454743351779212,TCRBV30-01,TCRBJ01-02
594cd4e5ae9f142aa36114cd71b74280,CASMWRGHYGYTF,0.025377004964285868,TCRBV28-01,TCRBJ01-02
594cd4e5ae9f142aa36114cd71b74280,CASSDPWGNYGYTF,0.025347198910797782,TCRBV09-01,TCRBJ01-02
594cd4e5ae9f142aa36114cd71b74280,CASNYRGNPNYGYTF,0.025331338858675594,TCRBV06-06,TCRBJ01-02
594cd4e5ae9f142aa36114cd71b74280,CASSYTYNYGYTF,0.0252742292765607,TCRBV06-02/06-03,TCRBJ01-02
594cd4e5ae9f142aa36114cd71b74280,CASSYSPYGYTF,0.025209182122495483,TCRBV06-02/06-03,TCRBJ01-02
594cd4e5ae9f142aa36114cd71b74280,CASSDPHVIHAYGYTF,0.025173195919789063,TCRBV06-04,TCRBJ01-02
594cd4e5ae9f142aa36114cd71b74280,CASSFGTGPYYGYTF,0.02514375748239175,TCRBV12-X,TCRBJ01-02
594cd4e5ae9f142aa36114cd71b74280,CASMDLKAFF,0.025108816452190902,TCRBV06-05,TCRBJ01-01
594cd4e5ae9f142aa36114cd71b74280,CASGHGYGYTF,0.025058778251106258,TCRBV02-01,TCRBJ01-02
594cd4e5ae9f142aa36114cd71b74280,SRNTIYF,0.02503050437529652,TCRBV05-04,TCRBJ01-03
594cd4e5ae9f142aa36114cd71b74280,CAWSYGGPGYTF,0.025024199499485925,TCRBV30-01,TCRBJ01-02
594cd4e5ae9f142aa36114cd71b74280,CAWSPYRGPNYGYTF,0.024962138118897182,TCRBV30-01,TCRBJ01-02
594cd4e5ae9f142aa36114cd71b74280,CAWSGAWSEAFF,0.02493771675364423,TCRBV30-01,TCRBJ01-01
594cd4e5ae9f142aa36114cd71b74280,CSVYSYINYGYTF,0.024888780385295135,TCRBV29-01,TCRBJ01-02
594cd4e5ae9f142aa36114cd71b74280,CASSYRGYGYTF,0.024885473752379907,TCRBV06-05,TCRBJ01-02
594cd4e5ae9f142aa36114cd71b74280,CATSDPWWGPYNSPLHF,0.02488423857590728,TCRBV24-01,TCRBJ01-06
594cd4e5ae9f142aa36114cd71b74280,CASSWAGGGANYGYTF,0.024861593662018417,TCRBV05-05,TCRBJ01-02
594cd4e5ae9f142aa36114cd71b74280,CATCGAQGPNQPQHF,0.024850199295950254,TCRBV06-X,TCRBJ01-05
594cd4e5ae9f142aa36114cd71b74280,CASSPGHHYGYTF,0.02484596905930881,TCRBV03-01/03-02,TCRBJ01-02
594cd4e5ae9f142aa36114cd71b74280,CASKGFYYGYTF,0.024845449174248763,TCRBV06-05,TCRBJ01-02
594cd4e5ae9f142aa36114cd71b74280,CASSPYGPNYGYTF,0.024823444656217945,TCRBV05-06,TCRBJ01-02
594cd4e5ae9f142aa36114cd71b74280,CASSFPGGPNYGYTF,0.02480720607152859,TCRBV05-04,TCRBJ01-02
594cd4e5ae9f142aa36114cd71b74280,CASSHRGGYYGYTF,0.024789620430278807,TCRBV03-01/03-02,TCRBJ01-02
594cd4e5ae9f142aa36114cd71b74280,CASSLEPPPNYEQYF,0.024779110886661803,TCRBV07-06,TCRBJ02-07
594cd4e5ae9f142aa36114cd71b74280,CAWSMGEGIGGYTF,0.024761982224596774,TCRBV30-01,TCRBJ01-02
594cd4e5ae9f142aa36114cd71b74280,CASVKGRAVKGYTF,0.02476160798797502,TCRBV02-01,TCRBJ01-02
594cd4e5ae9f142aa36114cd71b74280,CASSLKYIRYYGYTF,0.02473192700307838,TCRBV12-X,TCRBJ01-02
594cd4e5ae9f142aa36114cd71b74280,CASGWGGAFF,0.024711163909601427,TCRBV19-01,TCRBJ01-01
594cd4e5ae9f142aa36114cd71b74280,CSASQYQFGGGFGYTF,0.02468220045328962,TCRBV20-X,TCRBJ01-02
594cd4e5ae9f142aa36114cd71b74280,WAIRDGGRRGGPQPQHF,0.024666380304269715,TCRBV10-03,TCRBJ01-05
594cd4e5ae9f142aa36114cd71b74280,CASSWTGGSTTGTGNGYGYTF,0.024666294266482196,TCRBV05-01,TCRBJ01-02
594cd4e5ae9f142aa36114cd71b74280,CSAWDGWAYTF,0.02458985509101777,TCRBV20-01,TCRBJ01-02
594cd4e5ae9f142aa36114cd71b74280,CASQGLPLFGNSPLHF,0.0245812130349134,TCRBV02-01,TCRBJ01-06
594cd4e5ae9f142aa36114cd71b74280,CASRNYYGPPGNTIYF,0.024564957530858415,TCRBV06-06,TCRBJ01-03
594cd4e5ae9f142aa36114cd71b74280,CASSAWTGGYYGYTF,0.02456190989814116,TCRBV19-01,TCRBJ01-02
594cd4e5ae9f142aa36114cd71b74280,CAWSVRWAGANVLTF,0.024559268153052514,TCRBV30-01,TCRBJ02-06
594cd4e5ae9f142aa36114cd71b74280,WALRDGGRRGGAQPQHF,0.024558974008305597,TCRBV10-03,TCRBJ01-05
594cd4e5ae9f142aa36114cd71b74280,CASGGTGGYYGYTF,0.024550944897736876,TCRBV02-01,TCRBJ01-02
594cd4e5ae9f142aa36114cd71b74280,CASSWGTTSGGYGYTF,0.024519810636012263,TCRBV07-08,TCRBJ01-02
594cd4e5ae9f142aa36114cd71b74280,CASSYGPYGYTF,0.024499476131687653,TCRBV06-02/06-03,TCRBJ01-02
594cd4e5ae9f142aa36114cd71b74280,CASSSTGGWGYGYTF,0.02447599699602547,TCRBV02-01,TCRBJ01-02
594cd4e5ae9f142aa36114cd71b74280,WVGQYF,0.02445862603571162,TCRBV25-01,TCRBJ02-07
594cd4e5ae9f142aa36114cd71b74280,CAWTHNYGYTF,0.02443445191419983,TCRBV30-01,TCRBJ01-02
594cd4e5ae9f142aa36114cd71b74280,CAWIGGYGYTF,0.024405992004975636,TCRBV30-01,TCRBJ01-02
594cd4e5ae9f142aa36114cd71b74280,CASGLFQGALGAFF,0.024396775953559286,TCRBV12-05,TCRBJ01-01
594cd4e5ae9f142aa36114cd71b74280,CASFYPGSYGYTF,0.024381358188190157,TCRBV06-05,TCRBJ01-02
594cd4e5ae9f142aa36114cd71b74280,EAFF,0.024367485929288273,TCRBV24-01,TCRBJ01-01
5bffbfe9cbb89f9bca956e1000113d14,CASSYSWGRGWYF,0.032864904848364775,TCRBV06-05,TCRBJ02-03
5bffbfe9cbb89f9bca956e1000113d14,CACMTVYGYTF,0.03224625787868689,TCRBV30-01,TCRBJ01-02
5bffbfe9cbb89f9bca956e1000113d14,RYGYTF,0.031254124439459664,TCRBV05-06,TCRBJ01-02
5bffbfe9cbb89f9bca956e1000113d14,CASIPWGGYYGYTF,0.030833087431950373,TCRBV05-06,TCRBJ01-02
5bffbfe9cbb89f9bca956e1000113d14,CASWYYGYTF,0.030574709163202696,TCRBV19-01,TCRBJ01-02
5bffbfe9cbb89f9bca956e1000113d14,CASRF,0.030354162971031693,TCRBV05-01,TCRBJ01-01
5bffbfe9cbb89f9bca956e1000113d14,CACNAGVQGILGAFF,0.030126544875943264,TCRBV30-01,TCRBJ01-01
5bffbfe9cbb89f9bca956e1000113d14,WGYTF,0.02996605557845216,TCRBV10-03,TCRBJ01-02
5bffbfe9cbb89f9bca956e1000113d14,CATHYVSPNATHYGYTF,0.02878836701529788,TCRBV21-01,TCRBJ01-02
5bffbfe9cbb89f9bca956e1000113d14,CASSFTGWGYSNYGYTF,0.02870383503612121,TCRBV07-06,TCRBJ01-02
5bffbfe9cbb89f9bca956e1000113d14,CAWYGGLYGYTF,0.0286668654310634,TCRBV30-01,TCRBJ01-02
5bffbfe9cbb89f9bca956e1000113d14,CASHKGKGAHF,0.028206997241677127,TCRBV06-05,TCRBJ01-02
5bffbfe9cbb89f9bca956e1000113d14,CAWNHPPLHF,0.027816747435246536,TCRBV30-01,TCRBJ01-06
5bffbfe9cbb89f9bca956e1000113d14,CASSIIHRYIYGYTF,0.027633662386578484,TCRBV19-01,TCRBJ01-02
5bffbfe9cbb89f9bca956e1000113d14,CAPFPPLHF,0.027478229403320696,TCRBV19-01,TCRBJ01-06
5bffbfe9cbb89f9bca956e1000113d14,CAWIGRYWGAFF,0.027355877598166725,TCRBV30-01,TCRBJ01-01
5bffbfe9cbb89f9bca956e1000113d14,CAWTWVTEAFF,0.027324420771155742,TCRBV30-01,TCRBJ01-01
5bffbfe9cbb89f9bca956e1000113d14,WAGRNYGYTF,0.027076170352792753,TCRBV06-05,TCRBJ01-02
5bffbfe9cbb89f9bca956e1000113d14,CASSYSWSGGNYGYTF,0.027020729583036217,TCRBV06-05,TCRBJ01-02
5bffbfe9cbb89f9bca956e1000113d14,CAWRKWAEAFF,0.02674774660944951,TCRBV30-01,TCRBJ01-01
5bffbfe9cbb89f9bca956e1000113d14,CASISPSPPPRPQPQHF,0.026731815817828103,TCRBV06-X,TCRBJ01-05
5bffbfe9cbb89f9bca956e1000113d14,CAWSWGEGYTF,0.026728576497184346,TCRBV30-01,TCRBJ01-02
5bffbfe9cbb89f9bca956e1000113d14,CAWSVWGAEGYTF,0.02662338181031969,TCRBV30-01,TCRBJ01-02
5bffbfe9cbb89f9bca956e1000113d14,CAPTPRRGR,0.026567444694381662,TCRBV23-01,TCRBJ01-01
5bffbfe9cbb89f9bca956e1000113d14,CASYGVPYGYTF,0.026385697520915696,TCRBV19-01,TCRBJ01-02
5bffbfe9cbb89f9bca956e1000113d14,CSARVVYGYYGYTF,0.026213904435701076,TCRBV20-X,TCRBJ01-02
5bffbfe9cbb89f9bca956e1000113d14,CASRWA,0.026138257810818185,TCRBV27-01,TCRBJ01-01
5bffbfe9cbb89f9bca956e1000113d14,CGTGPHYGYTF,0.02607820898882943,TCRBV20-01,TCRBJ01-02
5bffbfe9cbb89f9bca956e1000113d14,CASSYHRFPGGNTEAFF,0.02603239982535073,TCRBV27-01,TCRBJ01-01
5bffbfe9cbb89f9bca956e1000113d14,CAWPRAFF,0.026018552724777468,TCRBV30-01,TCRBJ01-01
5bffbfe9cbb89f9bca956e1000113d14,CASSWGGYGYTF,0.025745641031788894,TCRBV28-01,TCRBJ01-02
5bffbfe9cbb89f9bca956e1000113d14,CAWGPGQGPFF,0.0256583667184741,TCRBV30-01,TCRBJ01-01
5bffbfe9cbb89f9bca956e1000113d14,CASSTHHRAHAFF,0.025601211279877183,TCRBV04-01,TCRBJ01-01
5bffbfe9cbb89f9bca956e1000113d14,CASRWGWGGYTF,0.02559180544192636,TCRBV05-06,TCRBJ01-02
5bffbfe9cbb89f9bca956e1000113d14,WWGHQVYEQYF,0.025536922762451463,TCRBV28-01,TCRBJ02-07
5bffbfe9cbb89f9bca956e1000113d14,CASHFNPPGYNQPQHF,0.025422051257855974,TCRBV07-09,TCRBJ01-05
5bffbfe9cbb89f9bca956e1000113d14,CASSWGTGGGYGYTF,0.025275490651485696,TCRBV05-04,TCRBJ01-02
5bffbfe9cbb89f9bca956e1000113d14,SGGRNYGYTF,0.025275080954885332,TCRBV29-01,TCRBJ01-02
5bffbfe9cbb89f9bca956e1000113d14,CASSPGWGPFYGYTF,0.02511468969362186,TCRBV27-01,TCRBJ01-02
5bffbfe9cbb89f9bca956e1000113d14,CASSFSGGNYYGYTF,0.025101306490115452,TCRBV27-01,TCRBJ01-02
5bffbfe9cbb89f9bca956e1000113d14,CAWSVPWGGASEAFF,0.025096836271944745,TCRBV30-01,TCRBJ01-01
5bffbfe9cbb89f9bca956e1000113d14,CASMPHF,0.02494087070361471,TCRBV07-09,TCRBJ01-05
5bffbfe9cbb89f9bca956e1000113d14,CSASYNRGYYGYTF,0.0249091706171505,TCRBV20-01,TCRBJ01-02
5bffbfe9cbb89f9bca956e1000113d14,CASSYRGYGYTF,0.024885473752379907,TCRBV06-05,TCRBJ01-02
5bffbfe9cbb89f9bca956e1000113d14,CASGHHYGYTF,0.02487976553863563,TCRBV27-01,TCRBJ01-02
5bffbfe9cbb89f9bca956e1000113d14,CASHHGAGTNYGYTF,0.02485979322453012,TCRBV06-06,TCRBJ01-02
5bffbfe9cbb89f9bca956e1000113d14,CASTGWYSYGYTF,0.024777807400980612,TCRBV07-02,TCRBJ01-02
5bffbfe9cbb89f9bca956e1000113d14,CAWRSGGYYGYTF,0.024687303336578117,TCRBV30-01,TCRBJ01-02
5bffbfe9cbb89f9bca956e1000113d14,QPQHF,0.024621353740319585,TCRBV20-01,TCRBJ01-05
5bffbfe9cbb89f9bca956e1000113d14,CAWSHTRAFF,0.02461891759109602,TCRBV30-01,TCRBJ01-01
5bffbfe9cbb89f9bca956e1000113d14,CASHHHYTEAFF,0.024584953369561246,TCRBV06-05,TCRBJ01-01
5bffbfe9cbb89f9bca956e1000113d14,CAWSVWGARGNTEAFF,0.024562075551926844,TCRBV30-01,TCRBJ01-01
5bffbfe9cbb89f9bca956e1000113d14,CASTLWGGHTYGYTF,0.0245608217512097,TCRBV12-X,TCRBJ01-02
5bffbfe9cbb89f9bca956e1000113d14,CASSFVGAVTEAFF,0.02454390725488175,TCRBV12-X,TCRBJ01-01
5bffbfe9cbb89f9bca956e1000113d14,CASSFKKAFF,0.024501095847674927,TCRBV28-01,TCRBJ01-01
5bffbfe9cbb89f9bca956e1000113d14,CASSYGYGYTF,0.024498189835316132,TCRBV06-05,TCRBJ01-02
5bffbfe9cbb89f9bca956e1000113d14,CAWGVYTEAFF,0.024400476155822415,TCRBV30-01,TCRBJ01-01
5bffbfe9cbb89f9bca956e1000113d14,CASSGGYYGYTF,0.024391721691848403,TCRBV05-01,TCRBJ01-02
5bffbfe9cbb89f9bca956e1000113d14,CASGKSSGGWSGYTF,0.02438017576246029,TCRBV06-05,TCRBJ01-02
5bffbfe9cbb89f9bca956e1000113d14,CASSWHYQPQHF,0.024340129684291542,TCRBV02-01,TCRBJ01-05
5bffbfe9cbb89f9bca956e1000113d14,CAWGTGYGYTF,0.024324749653694338,TCRBV30-01,TCRBJ01-02
5bffbfe9cbb89f9bca956e1000113d14,CASSYTPGGFNYGYTF,0.02430978767025065,TCRBV05-06,TCRBJ01-02
5bffbfe9cbb89f9bca956e1000113d14,CASSGWTGGSGYGYTF,0.024303179255868803,TCRBV02-01,TCRBJ01-02
5bffbfe9cbb89f9bca956e1000113d14,CASIVKWYF,0.02429387390445982,TCRBV10-01,TCRBJ02-07
5bffbfe9cbb89f9bca956e1000113d14,CASSYRPGHINYGYTF,0.024288847492969112,TCRBV06-06,TCRBJ01-02
5bffbfe9cbb89f9bca956e1000113d14,CASSLVYSGFIYYGYTF,0.024229030937036305,TCRBV07-09,TCRBJ01-02
5bffbfe9cbb89f9bca956e1000113d14,CAWRFTEKRWRYTF,0.024211876668237455,TCRBV30-01,TCRBJ01-02
5bffbfe9cbb89f9bca956e1000113d14,CASMSHYYGYTF,0.024195829090251208,TCRBV12-03/12-04,TCRBJ01-02
5bffbfe9cbb89f9bca956e1000113d14,CSGYRANYGYTF,0.02413806811415223,TCRBV29-01,TCRBJ01-02
5bffbfe9cbb89f9bca956e1000113d14,CASGWHYGYTF,0.024088627524142845,TCRBV06-05,TCRBJ01-02
5bffbfe9cbb89f9bca956e1000113d14,CAWRILGQGYGYGYTF,0.024074765763989675,TCRBV02-01,TCRBJ01-02
5bffbfe9cbb89f9bca956e1000113d14,CAWGGWNTEAFF,0.024051980928202175,TCRBV28-01,TCRBJ01-01
5bffbfe9cbb89f9bca956e1000113d14,CAWSWEAEAFF,0.02405173258412189,TCRBV30-01,TCRBJ01-01
5bffbfe9cbb89f9bca956e1000113d14,CAWTAGANVLTF,0.024043322541990278,TCRBV30-01,TCRBJ02-06
5bffbfe9cbb89f9bca956e1000113d14,CAWKPGRDRGWWEQYF,0.02402785147655691,TCRBV30-01,TCRBJ02-07
5bffbfe9cbb89f9bca956e1000113d14,CASRYKGYGYTF,0.023976584061463038,TCRBV27-01,TCRBJ01-02
5bffbfe9cbb89f9bca956e1000113d14,CASSGINNNNQPQHF,0.023972930522231126,TCRBV02-01,TCRBJ01-05
5bffbfe9cbb89f9bca956e1000113d14,CAWSWAGANVLTF,0.023917559416129417,TCRBV30-01,TCRBJ02-06
5bffbfe9cbb89f9bca956e1000113d14,CASSLAHGVFGGYYGYTF,0.02388436261149315,TCRBV12-X,TCRBJ01-02
5bffbfe9cbb89f9bca956e1000113d14,CASSWGGQSNYGYTF,0.02385333408386492,TCRBV12-X,TCRBJ01-02
5bffbfe9cbb89f9bca956e1000113d14,CASRPVGYNYGYTF,0.02383541372391195,TCRBV07-02,TCRBJ01-02
5bffbfe9cbb89f9bca956e1000113d14,CASSEWWNPYEQYF,0.023806443911037995,TCRBV02-01,TCRBJ02-07
5bffbfe9cbb89f9bca956e1000113d14,CATWDPNMNTEAFF,0.023802357931187793,TCRBV06-05,TCRBJ01-01
5bffbfe9cbb89f9bca956e1000113d14,CSAPNTGAVMWNTEAFF,0.023794462848393153,TCRBV20-X,TCRBJ01-01
5bffbfe9cbb89f9bca956e1000113d14,CASSYEGYYDYTF,0.023780319989073102,TCRBV06-05,TCRBJ01-02
5bffbfe9cbb89f9bca956e1000113d14,CASSNRRWKGRWEAFF,0.023749981653115034,TCRBV28-01,TCRBJ01-01
5bffbfe9cbb89f9bca956e1000113d14,WRLRKRAEPQHF,0.023742530420648136,TCRBV05-03,TCRBJ01-05
5bffbfe9cbb89f9bca956e1000113d14,CASSYKGYGYTF,0.02373980819812284,TCRBV05-06,TCRBJ01-02
5bffbfe9cbb89f9bca956e1000113d14,CSVSHTGTGGYYGYTF,0.02373513947712528,TCRBV29-01,TCRBJ01-02
5bffbfe9cbb89f9bca956e1000113d14,CSASCVFVFYTF,0.023730457843165458,TCRBV20-01,TCRBJ01-02
5bffbfe9cbb89f9bca956e1000113d14,CASSYGANYGYTF,0.023724950136278525,TCRBV06-02/06-03,TCRBJ01-02
5bffbfe9cbb89f9bca956e1000113d14,CASSHGVYYTF,0.023723403259751714,TCRBV04-01,TCRBJ01-02
5bffbfe9cbb89f9bca956e1000113d14,CASSPYTGGGYTF,0.023719231118343377,TCRBV07-02,TCRBJ01-02
5bffbfe9cbb89f9bca956e1000113d14,CSASNPGHHYGYTF,0.023694255354132974,TCRBV20-01,TCRBJ01-02
5bffbfe9cbb89f9bca956e1000113d14,CASGLVPWGGNYGYTF,0.02369294068049503,TCRBV12-05,TCRBJ01-02
5bffbfe9cbb89f9bca956e1000113d14,CASIAKPHGYTF,0.023668741897911644,TCRBV28-01,TCRBJ01-02
5bffbfe9cbb89f9bca956e1000113d14,CAWSEAPFVVHPGGAKGAKNIQYF,0.02365281708698034,TCRBV30-01,TCRBJ02-04
5bffbfe9cbb89f9bca956e1000113d14,CAGLGGWYF,0.023620011147554115,TCRBV02-01,TCRBJ02-05
64616a3bc33887779974d872e3dee70a,CASSYWGSNYGYTF,0.03065511738279988,TCRBV06-05,TCRBJ01-02
64616a3bc33887779974d872e3dee70a,CASSFWGAPYGYTF,0.029669731799354785,TCRBV05-04,TCRBJ01-02
64616a3bc33887779974d872e3dee70a,CAYRGYNYGYTF,0.028854117389032305,TCRBV30-01,TCRBJ01-02
64616a3bc33887779974d872e3dee70a,CVTTWGHIYGYTF,0.02870519439768735,TCRBV06-05,TCRBJ01-02
64616a3bc33887779974d872e3dee70a,CARFWKAFF,0.028445891168662914,TCRBV11-02,TCRBJ01-01
64616a3bc33887779974d872e3dee70a,CASSYYGGYTF,0.02834118831668581,TCRBV28-01,TCRBJ01-02
64616a3bc33887779974d872e3dee70a,CASSLWDRVTEAFF,0.028008751397592863,TCRBV05-01,TCRBJ01-01
64616a3bc33887779974d872e3dee70a,CASSPYWGGGYTF,0.027937609586160907,TCRBV05-05,TCRBJ01-02
64616a3bc33887779974d872e3dee70a,CAWSNVF,0.02792270855637237,TCRBV30-01,TCRBJ01-01
64616a3bc33887779974d872e3dee70a,CASMFLAGGANTGELFF,0.027866494741698302,TCRBV06-X,TCRBJ02-02
64616a3bc33887779974d872e3dee70a,CSASYYRGYGYTF,0.027727671551889595,TCRBV20-X,TCRBJ01-02
64616a3bc33887779974d872e3dee70a,CAWAPPWGAFF,0.02769007944424494,TCRBV30-01,TCRBJ01-01
64616a3bc33887779974d872e3dee70a,CASSYYSGGYTF,0.027682518836694977,TCRBV07-08,TCRBJ01-02
64616a3bc33887779974d872e3dee70a,CASSYSGSYYGYTF,0.027661724680623955,TCRBV06-05,TCRBJ01-02
64616a3bc33887779974d872e3dee70a,CASSSYYFYGYTF,0.027661537111577136,TCRBV07-02,TCRBJ01-02
64616a3bc33887779974d872e3dee70a,CASSLIYYYGYTF,0.027487977582013882,TCRBV27-01,TCRBJ01-02
64616a3bc33887779974d872e3dee70a,FFPPLHF,0.02721849478174017,TCRBV19-01,TCRBJ01-06
64616a3bc33887779974d872e3dee70a,CAWKWAYYGYTF,0.02715390775097957,TCRBV30-01,TCRBJ01-02
64616a3bc33887779974d872e3dee70a,WRVHPAHDSFYGYTF,0.02713324312557962,TCRBV19-01,TCRBJ01-02
64616a3bc33887779974d872e3dee70a,CAWSVWYGAGAGYTF,0.027111729079599557,TCRBV30-01,TCRBJ01-02
64616a3bc33887779974d872e3dee70a,CAWWTAPYNYGYTF,0.02708920265675883,TCRBV30-01,TCRBJ01-02
64616a3bc33887779974d872e3dee70a,CASIPGPWVYYGYTF,0.02707165962481638,TCRBV02-01,TCRBJ01-02
64616a3bc33887779974d872e3dee70a,CASSSGGGFNYGYTF,0.027035952867048792,TCRBV05-04,TCRBJ01-02
64616a3bc33887779974d872e3dee70a,CASSEWWGAFF,0.027005666553281453,TCRBV06-01,TCRBJ01-01
64616a3bc33887779974d872e3dee70a,WGQYF,0.027001098343597894,TCRBV30-01,TCRBJ02-05
64616a3bc33887779974d872e3dee70a,CASSSYWGGRNGYTF,0.0267172426559532,TCRBV12-X,TCRBJ01-02
64616a3bc33887779974d872e3dee70a,CAWSVWMGGYTF,0.026636851200417203,TCRBV30-01,TCRBJ01-02
64616a3bc33887779974d872e3dee70a,CASSNRDRGRFNF,0.026551388814472977,TCRBV12-03/12-04,TCRBJ02-07
64616a3bc33887779974d872e3dee70a,CAWRGYYGYTF,0.026513117193929386,TCRBV30-01,TCRBJ01-02
64616a3bc33887779974d872e3dee70a,CAWKGAMDWGYTF,0.026487720718137698,TCRBV30-01,TCRBJ01-02
64616a3bc33887779974d872e3dee70a,CASSYGYNYGYTF,0.026419871209179865,TCRBV06-05,TCRBJ01-02
64616a3bc33887779974d872e3dee70a,CAWSGGYGYGYTF,0.026308201985237933,TCRBV30-01,TCRBJ01-02
64616a3bc33887779974d872e3dee70a,CAWIWGTEAFF,0.02629526513432727,TCRBV30-01,TCRBJ01-01
64616a3bc33887779974d872e3dee70a,CASSYYQGYGYTF,0.026281991265732437,TCRBV06-02/06-03,TCRBJ01-02
64616a3bc33887779974d872e3dee70a,CASGYYGYTF,0.0261636334773338,TCRBV11-02,TCRBJ01-02
64616a3bc33887779974d872e3dee70a,CAWRWGPGYGYTF,0.026096788814589,TCRBV30-01,TCRBJ01-02
64616a3bc33887779974d872e3dee70a,CAYRGYGYTF,0.026038753911626467,TCRBV07-09,TCRBJ01-02
64616a3bc33887779974d872e3dee70a,CAWGGKGVLHFYGYTF,0.025903734960415037,TCRBV30-01,TCRBJ01-02
64616a3bc33887779974d872e3dee70a,RASSFWTGPYGYTF,0.025889810172058596,TCRBV07-03,TCRBJ01-02
64616a3bc33887779974d872e3dee70a,CASSSFGGTGSNYGYTF,0.02586289395535121,TCRBV07-06,TCRBJ01-02
64616a3bc33887779974d872e3dee70a,CATGGGHHYGYTF,0.025812197626493328,TCRBV15-01,TCRBJ01-02
64616a3bc33887779974d872e3dee70a,CAWRWEGGYTF,0.025776922541693465,TCRBV30-01,TCRBJ01-02
64616a3bc33887779974d872e3dee70a,CAWSPPHQPQHF,0.025746822148899416,TCRBV30-01,TCRBJ01-05
64616a3bc33887779974d872e3dee70a,CASSGTTGTGGWNGYTF,0.025742148821946732,TCRBV05-04,TCRBJ01-02
64616a3bc33887779974d872e3dee70a,CASSYKYNSNYGYTF,0.025721793758180747,TCRBV06-06,TCRBJ01-02
64616a3bc33887779974d872e3dee70a,CSARGGFGPNQPQHF,0.02570722222125404,TCRBV20-X,TCRBJ01-05
64616a3bc33887779974d872e3dee70a,CASSPWGGNYGYTF,0.02567197350828471,TCRBV28-01,TCRBJ01-02
64616a3bc33887779974d872e3dee70a,CAWGALGEVWNTEAFF,0.025654793660139338,TCRBV30-01,TCRBJ01-01
64616a3bc33887779974d872e3dee70a,CSAYIRTGIYGYTF,0.025639169086668908,TCRBV20-X,TCRBJ01-02
64616a3bc33887779974d872e3dee70a,CSAYNNGNYGYTF,0.02563875513918238,TCRBV29-01,TCRBJ01-02
64616a3bc33887779974d872e3dee70a,CASHKHGGLNYGYTF,0.025637949598159085,TCRBV06-05,TCRBJ01-02
64616a3bc33887779974d872e3dee70a,CAWHPDYGYTF,0.025626890419046113,TCRBV30-01,TCRBJ01-02
64616a3bc33887779974d872e3dee70a,CAWSWGPNYGYTF,0.02560574815711946,TCRBV30-01,TCRBJ01-02
64616a3bc33887779974d872e3dee70a,CASSHNPGTVYGYYGYTF,0.02546302778420605,TCRBV06-X,TCRBJ01-02
64616a3bc33887779974d872e3dee70a,CAWRYRYGYTF,0.025454737437378014,TCRBV30-01,TCRBJ01-02
64616a3bc33887779974d872e3dee70a,CAWSGYPASSYGYTF,0.025349295858011475,TCRBV30-01,TCRBJ01-02
64616a3bc33887779974d872e3dee70a,CASRWGGPNYGYTF,0.02533565253032005,TCRBV06-X,TCRBJ01-02
64616a3bc33887779974d872e3dee70a,CASYFYGYTF,0.025250792667139796,TCRBV19-01,TCRBJ01-02
64616a3bc33887779974d872e3dee70a,CASSHPGGGRYYGYIF,0.02520383210668513,TCRBV18-01,TCRBJ01-02
64616a3bc33887779974d872e3dee70a,CIHSPGKPLHF,0.02519227030335756,TCRBV11-02,TCRBJ01-06
64616a3bc33887779974d872e3dee70a,CASSWGGSSYGYTF,0.0251365177712366,TCRBV05-01,TCRBJ01-02
64616a3bc33887779974d872e3dee70a,DTIYF,0.025123159731542145,TCRBV18-01,TCRBJ01-03
64616a3bc33887779974d872e3dee70a,CAWTWVGAGTDKFF,0.025101198554013673,TCRBV30-01,TCRBJ02-01
64616a3bc33887779974d872e3dee70a,CAWTWGYGYTF,0.025051837523886875,TCRBV30-01,TCRBJ01-02
64616a3bc33887779974d872e3dee70a,CSAPPPGANVLTF,0.025032584523855872,TCRBV20-X,TCRBJ02-06
64616a3bc33887779974d872e3dee70a,CASSGWGRSNYGYTF,0.02501060165483099,TCRBV19-01,TCRBJ01-02
64616a3bc33887779974d872e3dee70a,CAWSGWGGGYTF,0.024989330313931146,TCRBV30-01,TCRBJ01-02
64616a3bc33887779974d872e3dee70a,CASSYSYSYTF,0.024969147502214482,TCRBV06-06,TCRBJ01-02
64616a3bc33887779974d872e3dee70a,CASSYYPLYGYTF,0.02495121363168983,TCRBV06-05,TCRBJ01-02
64616a3bc33887779974d872e3dee70a,CACIWTGVGGYTF,0.02494995062523806,TCRBV30-01,TCRBJ01-02
64616a3bc33887779974d872e3dee70a,CASNPWGGGDGYTF,0.02494190277899261,TCRBV06-05,TCRBJ01-02
64616a3bc33887779974d872e3dee70a,CAWSVGRGIGKLFF,0.024936458760713535,TCRBV30-01,TCRBJ01-04
64616a3bc33887779974d872e3dee70a,CAAHTGANVLTF,0.02491800468033844,TCRBV28-01,TCRBJ02-06
64616a3bc33887779974d872e3dee70a,CASSYEGPPPYEQYF,0.024905997412838093,TCRBV06-06,TCRBJ02-07
64616a3bc33887779974d872e3dee70a,CASSPLIWHHQPQHF,0.024903944883752832,TCRBV03-01/03-02,TCRBJ01-05
64616a3bc33887779974d872e3dee70a,CASSWDRWGYGYTF,0.02488049146813842,TCRBV05-01,TCRBJ01-02
64616a3bc33887779974d872e3dee70a,CASAYWGGGNTIYF,0.024871572064788086,TCRBV06-05,TCRBJ01-03
64616a3bc33887779974d872e3dee70a,CAWSVPWDWGNGYTF,0.02483206289774745,TCRBV30-01,TCRBJ01-02
64616a3bc33887779974d872e3dee70a,CASSGLIRGIGELFF,0.024819634337373206,TCRBV06-X,TCRBJ02-02
64616a3bc33887779974d872e3dee70a,CAWMGVVYGYTF,0.02481064534066917,TCRBV30-01,TCRBJ01-02
64616a3bc33887779974d872e3dee70a,CASRKYMHPYGYTF,0.024777708021941208,TCRBV06-05,TCRBJ01-02
64616a3bc33887779974d872e3dee70a,CASAYWGGRTEAFF,0.02474770612593595,TCRBV02-01,TCRBJ01-01
64616a3bc33887779974d872e3dee70a,CAWWTPDRYTEAFF,0.024747552199045494,TCRBV30-01,TCRBJ01-01
64616a3bc33887779974d872e3dee70a,CSAWGRGYGYTF,0.024734486201554995,TCRBV20-X,TCRBJ01-02
64616a3bc33887779974d872e3dee70a,CIPTGGYYGYTF,0.02472930624877247,TCRBV20-X,TCRBJ01-02
64616a3bc33887779974d872e3dee70a,CANAPGGTGANVLTF,0.024706498576920824,TCRBV06-X,TCRBJ02-06
64616a3bc33887779974d872e3dee70a,CAWSYAILYGYTF,0.02470029047720012,TCRBV30-01,TCRBJ01-02
64616a3bc33887779974d872e3dee70a,CAWSSYYGYTF,0.024696958002633135,TCRBV30-01,TCRBJ01-02
64616a3bc33887779974d872e3dee70a,CASSLGWGWYGYTF,0.02468978626971388,TCRBV05-04,TCRBJ01-02
64616a3bc33887779974d872e3dee70a,CASSYRPGYGYTF,0.024688178793892807,TCRBV07-09,TCRBJ01-02
64616a3bc33887779974d872e3dee70a,CASSTYQGGYYGYTF,0.024657593055314675,TCRBV05-06,TCRBJ01-02
64616a3bc33887779974d872e3dee70a,CASSYFPTGGNYGYTF,0.024655851452090732,TCRBV06-06,TCRBJ01-02
64616a3bc33887779974d872e3dee70a,CASSYSGGGGSPGNTIYF,0.02464639585151963,TCRBV06-X,TCRBJ01-03
64616a3bc33887779974d872e3dee70a,CASHANYGYTF,0.024641411516368946,TCRBV02-01,TCRBJ01-02
64616a3bc33887779974d872e3dee70a,CAWRKVIEAFF,0.024620394711113592,TCRBV30-01,TCRBJ01-01
64616a3bc33887779974d872e3dee70a,CASSPAHPRPQHF,0.024616364323793553,TCRBV12-03/12-04,TCRBJ01-05
64616a3bc33887779974d872e3dee70a,CASHRVYGYTF,0.02460054240124763,TCRBV27-01,TCRBJ01-02
64616a3bc33887779974d872e3dee70a,CAWSDWGAEAFF,0.024599854467755547,TCRBV30-01,TCRBJ01-01
64616a3bc33887779974d872e3dee70a,CATTHMLHRTPTYGYTF,0.024581280204545114,TCRBV24-01,TCRBJ01-02
64616a3bc33887779974d872e3dee70a,CAWGGRAYLYGYTF,0.02457010963947068,TCRBV30-01,TCRBJ01-02
65bf1002be8fb2dafd180d5e95b2ba7a,CSVGEPVFKVGVNTEAFF,0.03491419382462521,TCRBV29-01,TCRBJ01-01
65bf1002be8fb2dafd180d5e95b2ba7a,CASSRWWGWYGYTF,0.03178927913637381,TCRBV05-08,TCRBJ01-02
65bf1002be8fb2dafd180d5e95b2ba7a,CVYYLGYF,0.031700218647552875,TCRBV06-06,TCRBJ02-07
65bf1002be8fb2dafd180d5e95b2ba7a,CAWNLRGGPNTEAFF,0.031154588292884054,TCRBV30-01,TCRBJ01-01
65bf1002be8fb2dafd180d5e95b2ba7a,CAWSTPGGVNTEAFF,0.03113481140778555,TCRBV30-01,TCRBJ01-01
65bf1002be8fb2dafd180d5e95b2ba7a,CAWMWGAGGYTF,0.03002774710920575,TCRBV30-01,TCRBJ01-02
65bf1002be8fb2dafd180d5e95b2ba7a,CASRGRSYYYNYGYTF,0.028922598097840486,TCRBV28-01,TCRBJ01-02
65bf1002be8fb2dafd180d5e95b2ba7a,CASSHSYGGWNYGYTF,0.02809553347189322,TCRBV07-02,TCRBJ01-02
65bf1002be8fb2dafd180d5e95b2ba7a,WATGLWDVGYTF,0.028010166420096492,TCRBV28-01,TCRBJ01-02
65bf1002be8fb2dafd180d5e95b2ba7a,CASGANYYYGYTF,0.027886525465086666,TCRBV05-01,TCRBJ01-02
65bf1002be8fb2dafd180d5e95b2ba7a,CAWIGGYYGYTF,0.027702942861120017,TCRBV30-01,TCRBJ01-02
65bf1002be8fb2dafd180d5e95b2ba7a,CASSYSTGYYGYTF,0.02764570721156523,TCRBV06-02/06-03,TCRBJ01-02
65bf1002be8fb2dafd180d5e95b2ba7a,CAWGGWGGYTF,0.027580291845371797,TCRBV30-01,TCRBJ01-02
65bf1002be8fb2dafd180d5e95b2ba7a,CAKVAPEAFF,0.027460693056820834,TCRBV07-X,TCRBJ01-01
65bf1002be8fb2dafd180d5e95b2ba7a,CASWWGKGRGYTF,0.02725611253162122,TCRBV19-01,TCRBJ01-02
65bf1002be8fb2dafd180d5e95b2ba7a,CAWGGGYYGYTF,0.026810240227356466,TCRBV30-01,TCRBJ01-02
65bf1002be8fb2dafd180d5e95b2ba7a,CASSPSGGWGNAFF,0.02678724572257207,TCRBV28-01,TCRBJ01-01
65bf1002be8fb2dafd180d5e95b2ba7a,CAWSPYGGYTF,0.02669905255789527,TCRBV30-01,TCRBJ01-02
65bf1002be8fb2dafd180d5e95b2ba7a,CASSWGGAGAGYGYTF,0.026513646410773296,TCRBV14-01,TCRBJ01-02
65bf1002be8fb2dafd180d5e95b2ba7a,CASSFGWAPFYGYTF,0.026499481097540904,TCRBV05-01,TCRBJ01-02
65bf1002be8fb2dafd180d5e95b2ba7a,CAWNWGGGYTF,0.026486949168821845,TCRBV30-01,TCRBJ01-02
65bf1002be8fb2dafd180d5e95b2ba7a,CAWGPWGTEAFF,0.026480365760794752,TCRBV30-01,TCRBJ01-01
65bf1002be8fb2dafd180d5e95b2ba7a,CAWSGRVIYGIYGYTF,0.026201946484590947,TCRBV30-01,TCRBJ01-02
65bf1002be8fb2dafd180d5e95b2ba7a,CASSYWARGNNYGYTF,0.026184933699679596,TCRBV06-05,TCRBJ01-02
65bf1002be8fb2dafd180d5e95b2ba7a,F,0.026169086064691448,TCRBV27-01,TCRBJ02-03
65bf1002be8fb2dafd180d5e95b2ba7a,CASGWGYGYTF,0.02607573396350154,TCRBV28-01,TCRBJ01-02
65bf1002be8fb2dafd180d5e95b2ba7a,CSAYRGYGYTF,0.026027408603553952,TCRBV29-01,TCRBJ01-02
65bf1002be8fb2dafd180d5e95b2ba7a,CSAPKEVFIYNYGYTF,0.026008310636852782,TCRBV20-X,TCRBJ01-02
65bf1002be8fb2dafd180d5e95b2ba7a,CASSGPRGGPFFGNTIYF,0.025801224082192233,TCRBV07-09,TCRBJ01-03
65bf1002be8fb2dafd180d5e95b2ba7a,CASSPNTGGYNYGYTF,0.025800134917683456,TCRBV28-01,TCRBJ01-02
65bf1002be8fb2dafd180d5e95b2ba7a,CASSSYTGPNYGYTF,0.025794041216471077,TCRBV14-01,TCRBJ01-02
65bf1002be8fb2dafd180d5e95b2ba7a,CASSFNSGGFNYGYTF,0.02565814022166201,TCRBV28-01,TCRBJ01-02
65bf1002be8fb2dafd180d5e95b2ba7a,CATSNNYNYGYTF,0.025627330970513052,TCRBV24-01,TCRBJ01-02
65bf1002be8fb2dafd180d5e95b2ba7a,CASIPWGLKTYGYTF,0.02561023822052965,TCRBV07-07,TCRBJ01-02
65bf1002be8fb2dafd180d5e95b2ba7a,CAQIPPPQHF,0.025462057532870282,TCRBV12-05,TCRBJ01-05
65bf1002be8fb2dafd180d5e95b2ba7a,CAWAEGANVLTF,0.02543059418330456,TCRBV30-01,TCRBJ02-06
65bf1002be8fb2dafd180d5e95b2ba7a,CASSFNSGYNYGYTF,0.025400850774114258,TCRBV05-06,TCRBJ01-02
65bf1002be8fb2dafd180d5e95b2ba7a,CASSYSWGGSYTF,0.025373944699774418,TCRBV06-02/06-03,TCRBJ01-02
65bf1002be8fb2dafd180d5e95b2ba7a,CASSYGTGWNYGYTF,0.025358905099737948,TCRBV06-05,TCRBJ01-02
65bf1002be8fb2dafd180d5e95b2ba7a,RASHPPRGQPQHF,0.02532517056535602,TCRBV07-03,TCRBJ01-05
65bf1002be8fb2dafd180d5e95b2ba7a,CSAYPYIGYGYTF,0.025316741557659835,TCRBV20-X,TCRBJ01-02
65bf1002be8fb2dafd180d5e95b2ba7a,CAACGTGAPWYGYTF,0.0252134037478295,TCRBV28-01,TCRBJ01-02
65bf1002be8fb2dafd180d5e95b2ba7a,CASNSEGWWGYTF,0.025203149704066796,TCRBV19-01,TCRBJ01-02
65bf1002be8fb2dafd180d5e95b2ba7a,SEKAFF,0.025146312901681626,TCRBV28-01,TCRBJ01-01
65bf1002be8fb2dafd180d5e95b2ba7a,CAWSWGIGGYTF,0.025092232685172255,TCRBV30-01,TCRBJ01-02
65bf1002be8fb2dafd180d5e95b2ba7a,CASSSGGWGNYGYTF,0.025085749395859436,TCRBV06-05,TCRBJ01-02
65bf1002be8fb2dafd180d5e95b2ba7a,CASWFGKAFF,0.025074607550927372,TCRBV19-01,TCRBJ01-01
65bf1002be8fb2dafd180d5e95b2ba7a,CASSHKHLWGVGYGYTF,0.024997706859484364,TCRBV04-01,TCRBJ01-02
65bf1002be8fb2dafd180d5e95b2ba7a,CAWSVLKKGFTIYF,0.02496391821322822,TCRBV30-01,TCRBJ01-03
65bf1002be8fb2dafd180d5e95b2ba7a,CASSYAWGTGGGYTF,0.024951474651123684,TCRBV06-06,TCRBJ01-02
65bf1002be8fb2dafd180d5e95b2ba7a,CASSYWGTYGYTF,0.0249275328453893,TCRBV06-02/06-03,TCRBJ01-02
65bf1002be8fb2dafd180d5e95b2ba7a,CASSFFGGNPYGYTF,0.02491274963044184,TCRBV11-02,TCRBJ01-02
65bf1002be8fb2dafd180d5e95b2ba7a,CAWSGNGYYGYTF,0.02491039541724374,TCRBV30-01,TCRBJ01-02
65bf1002be8fb2dafd180d5e95b2ba7a,CASRWHQPQHF,0.02489462806927428,TCRBV23-01,TCRBJ01-05
65bf1002be8fb2dafd180d5e95b2ba7a,CASKGWVGANYGYTF,0.024829332221721238,TCRBV25-01,TCRBJ01-02
65bf1002be8fb2dafd180d5e95b2ba7a,CASSSYGGGFSGNTIYF,0.024776900041561113,TCRBV19-01,TCRBJ01-03
65bf1002be8fb2dafd180d5e95b2ba7a,CASSVGRYYYGYTF,0.024776499661511842,TCRBV09-01,TCRBJ01-02
65bf1002be8fb2dafd180d5e95b2ba7a,CASSYSNNRGGYTF,0.02476295094730009,TCRBV06-06,TCRBJ01-02
65bf1002be8fb2dafd180d5e95b2ba7a,CASSWTGGYYGYTF,0.024755236735731965,TCRBV28-01,TCRBJ01-02
65bf1002be8fb2dafd180d5e95b2ba7a,CASGWGNNYGYTF,0.024749597920465435,TCRBV06-X,TCRBJ01-02
65bf1002be8fb2dafd180d5e95b2ba7a,CASSWWTGGTNYGYTF,0.024692539308998358,TCRBV07-09,TCRBJ01-02
65bf1002be8fb2dafd180d5e95b2ba7a,CASNPWDSYYGYTF,0.02461441519818647,TCRBV06-X,TCRBJ01-02
65bf1002be8fb2dafd180d5e95b2ba7a,CASSGPSPYNYGYTF,0.024614389439824455,TCRBV25-01,TCRBJ01-02
65bf1002be8fb2dafd180d5e95b2ba7a,CASNKIGPGAPGANVLTF,0.024586075435194827,TCRBV06-X,TCRBJ02-06
65bf1002be8fb2dafd180d5e95b2ba7a,CAWKDWSPGYTF,0.02457603007976486,TCRBV30-01,TCRBJ01-02
65bf1002be8fb2dafd180d5e95b2ba7a,CASSFFIPYYGYTF,0.024575611431522607,TCRBV07-02,TCRBJ01-02
65bf1002be8fb2dafd180d5e95b2ba7a,CAWSVWGNRGYGYTF,0.02455111761659873,TCRBV30-01,TCRBJ01-02
65bf1002be8fb2dafd180d5e95b2ba7a,CASSWGGGNGYTF,0.02454244459691482,TCRBV27-01,TCRBJ01-02
65bf1002be8fb2dafd180d5e95b2ba7a,CASCQGNPGANVLTF,0.024521626991199877,TCRBV12-05,TCRBJ02-06
65bf1002be8fb2dafd180d5e95b2ba7a,CASSDPWEAFF,0.024516336544901013,TCRBV06-01,TCRBJ01-01
65bf1002be8fb2dafd180d5e95b2ba7a,CASTPGGYYGYTF,0.024449096323643695,TCRBV06-05,TCRBJ01-02
65bf1002be8fb2dafd180d5e95b2ba7a,CAWRMWAGGGYTF,0.024389025463009167,TCRBV30-01,TCRBJ01-02
65bf1002be8fb2dafd180d5e95b2ba7a,CAWSWGDGYTF,0.02437749070113706,TCRBV30-01,TCRBJ01-02
65bf1002be8fb2dafd180d5e95b2ba7a,CASSIDGTGWFKFF,0.02436707499581335,TCRBV19-01,TCRBJ02-01
65bf1002be8fb2dafd180d5e95b2ba7a,CAWAGWADGAYGYTF,0.024351726512359995,TCRBV30-01,TCRBJ01-02
65bf1002be8fb2dafd180d5e95b2ba7a,WVNTEAFF,0.024344680843184325,TCRBV20-01,TCRBJ01-01
65bf1002be8fb2dafd180d5e95b2ba7a,CASKPGGPGANVLTF,0.024344086243430502,TCRBV19-01,TCRBJ02-06
65bf1002be8fb2dafd180d5e95b2ba7a,CASSFGYRYGYTF,0.02432996583056743,TCRBV05-06,TCRBJ01-02
65bf1002be8fb2dafd180d5e95b2ba7a,CASSPWGGGYTF,0.02427420068219498,TCRBV02-01,TCRBJ01-02
65bf1002be8fb2dafd180d5e95b2ba7a,CASTHAAFF,0.02427226385869304,TCRBV27-01,TCRBJ01-01
65bf1002be8fb2dafd180d5e95b2ba7a,CASSWGGRGWMFIYGYTF,0.024247304046761422,TCRBV05-01,TCRBJ01-02
65bf1002be8fb2dafd180d5e95b2ba7a,CAWSGHPNYGYTF,0.024243204203637365,TCRBV30-01,TCRBJ01-02
65bf1002be8fb2dafd180d5e95b2ba7a,CAWSGGGNNYGYTF,0.024229598839889826,TCRBV30-01,TCRBJ01-02
65bf1002be8fb2dafd180d5e95b2ba7a,CASTPGGGYYGYTF,0.02421154503954703,TCRBV28-01,TCRBJ01-02
65bf1002be8fb2dafd180d5e95b2ba7a,CASSSYSGGANYGYTF,0.02417771264036947,TCRBV07-09,TCRBJ01-02
65bf1002be8fb2dafd180d5e95b2ba7a,CATHDYLGYGYTF,0.024156591159389545,TCRBV05-01,TCRBJ01-02
65bf1002be8fb2dafd180d5e95b2ba7a,CAWSVAGMWGYTF,0.024150433532508245,TCRBV30-01,TCRBJ01-02
65bf1002be8fb2dafd180d5e95b2ba7a,CASSYSGGSFYGYTF,0.02413758233057808,TCRBV06-05,TCRBJ01-02
65bf1002be8fb2dafd180d5e95b2ba7a,CAWRYLFYGYIF,0.02409033005027019,TCRBV30-01,TCRBJ01-02
65bf1002be8fb2dafd180d5e95b2ba7a,CAWSVGGAGAFF,0.024087622878599637,TCRBV30-01,TCRBJ01-01
65bf1002be8fb2dafd180d5e95b2ba7a,CAWITTGGDHDGYTF,0.0240825162120327,TCRBV30-01,TCRBJ01-02
65bf1002be8fb2dafd180d5e95b2ba7a,CAWGGWNTEAFF,0.024051978129945084,TCRBV30-01,TCRBJ01-01
65bf1002be8fb2dafd180d5e95b2ba7a,CASSALNPIWHHQPQHF,0.02404663194012315,TCRBV03-01/03-02,TCRBJ01-05
65bf1002be8fb2dafd180d5e95b2ba7a,CASGTYGGSNYGYTF,0.024030770870343464,TCRBV06-05,TCRBJ01-02
65bf1002be8fb2dafd180d5e95b2ba7a,CSVGGYNYGYTF,0.024023080686371448,TCRBV29-01,TCRBJ01-02
65bf1002be8fb2dafd180d5e95b2ba7a,CASSYSGYGYTF,0.023964757180891666,TCRBV06-05,TCRBJ01-02
65bf1002be8fb2dafd180d5e95b2ba7a,CAWSPWGTEDTEAFF,0.023942488294091527,TCRBV30-01,TCRBJ01-01
6636b609c0998945d7ab6964ae9faace,CASSWGYSYYGYTF,0.03360328929322154,TCRBV05-04,TCRBJ01-02
6636b609c0998945d7ab6964ae9faace,SRHYGYTF,0.03105608358659552,TCRBV07-09,TCRBJ01-02
6636b609c0998945d7ab6964ae9faace,CASRAYERNGYTF,0.03087665872235669,TCRBV06-05,TCRBJ01-02
6636b609c0998945d7ab6964ae9faace,CASGEQGARGDYGYTF,0.029853645322172665,TCRBV05-01,TCRBJ01-02
6636b609c0998945d7ab6964ae9faace,CASSYYYAGNYGYTF,0.029424840459678685,TCRBV06-06,TCRBJ01-02
6636b609c0998945d7ab6964ae9faace,CASGYTGGPNYGYTF,0.029261453996385196,TCRBV06-05,TCRBJ01-02
6636b609c0998945d7ab6964ae9faace,CASSKALSYWYYYGYTF,0.028727097368673633,TCRBV21-01,TCRBJ01-02
6636b609c0998945d7ab6964ae9faace,CSANPYRGYYGYTF,0.028621303781599963,TCRBV20-X,TCRBJ01-02
6636b609c0998945d7ab6964ae9faace,CASSYYWGYTF,0.028371832738674843,TCRBV28-01,TCRBJ01-02
6636b609c0998945d7ab6964ae9faace,CAWSGYGRFYGYTF,0.028232373755017925,TCRBV30-01,TCRBJ01-02
6636b609c0998945d7ab6964ae9faace,RTIYF,0.02795123246256853,TCRBV09-01,TCRBJ01-03
6636b609c0998945d7ab6964ae9faace,CASSQYYTPNYGYTF,0.027779974910539955,TCRBV04-01,TCRBJ01-02
6636b609c0998945d7ab6964ae9faace,CASSYWGPGAPYGYTF,0.02770547321033662,TCRBV06-05,TCRBJ01-02
6636b609c0998945d7ab6964ae9faace,CASSYSGGGWYGYTF,0.027705235579157265,TCRBV06-05,TCRBJ01-02
6636b609c0998945d7ab6964ae9faace,CASSWYRGPYGYTF,0.027700777150437842,TCRBV28-01,TCRBJ01-02
6636b609c0998945d7ab6964ae9faace,CAWGGYGYTF,0.027586274339189646,TCRBV30-01,TCRBJ01-02
6636b609c0998945d7ab6964ae9faace,CASSYSYNYGYTF,0.02754397791138111,TCRBV06-05,TCRBJ01-02
6636b609c0998945d7ab6964ae9faace,CASAHGGGAYNYGYTF,0.027490413956586312,TCRBV05-05,TCRBJ01-02
6636b609c0998945d7ab6964ae9faace,CQAAGYFEGGYNYGYTF,0.027468833294728625,TCRBV02-01,TCRBJ01-02
6636b609c0998945d7ab6964ae9faace,CASSSYYRGVYGYTF,0.027442383307705178,TCRBV04-01,TCRBJ01-02
6636b609c0998945d7ab6964ae9faace,CAWGPQSYYGYTF,0.02740958721716784,TCRBV30-01,TCRBJ01-02
6636b609c0998945d7ab6964ae9faace,CASSFWGGGHGANYGYTF,0.027349550438384943,TCRBV13-01,TCRBJ01-02
6636b609c0998945d7ab6964ae9faace,CASSYSRYYGYTF,0.02724981411992675,TCRBV06-06,TCRBJ01-02
6636b609c0998945d7ab6964ae9faace,CASPAPGANVLTF,0.027159959403799287,TCRBV30-01,TCRBJ02-06
6636b609c0998945d7ab6964ae9faace,CASSYWGTGGWFF,0.0271196413754709,TCRBV06-05,TCRBJ02-01
6636b609c0998945d7ab6964ae9faace,WGNQPQHF,0.026912083208774494,TCRBV05-X,TCRBJ01-05
6636b609c0998945d7ab6964ae9faace,CASSAGASYYYGYTF,0.026883851283682987,TCRBV19-01,TCRBJ01-02
6636b609c0998945d7ab6964ae9faace,CAWSGSPYYGYTF,0.02681790206750623,TCRBV30-01,TCRBJ01-02
6636b609c0998945d7ab6964ae9faace,CACSNDNYNYGYTF,0.026744503859920856,TCRBV06-07,TCRBJ01-02
6636b609c0998945d7ab6964ae9faace,CASTGIPIPHNYGYTF,0.026674621809216002,TCRBV10-02,TCRBJ01-02
6636b609c0998945d7ab6964ae9faace,CASSLVEALKAFF,0.02666370622458931,TCRBV05-05,TCRBJ01-01
6636b609c0998945d7ab6964ae9faace,CAWSWGAGAEAFF,0.02660436013600535,TCRBV30-01,TCRBJ01-01
6636b609c0998945d7ab6964ae9faace,CASSGTSGGWGYGYTF,0.026541838974757787,TCRBV05-01,TCRBJ01-02
6636b609c0998945d7ab6964ae9faace,CASSYSVWGGNYGYTF,0.026529406088176537,TCRBV06-05,TCRBJ01-02
6636b609c0998945d7ab6964ae9faace,CAWGTYYGYTF,0.026452035638647422,TCRBV30-01,TCRBJ01-02
6636b609c0998945d7ab6964ae9faace,CASSYEGYYGYTF,0.026408117617327226,TCRBV06-05,TCRBJ01-02
6636b609c0998945d7ab6964ae9faace,CAWGPWRGWEQYF,0.026401127348974623,TCRBV30-01,TCRBJ02-07
6636b609c0998945d7ab6964ae9faace,CAWAWGPGGYTF,0.026391990005305704,TCRBV30-01,TCRBJ01-02
6636b609c0998945d7ab6964ae9faace,CSAPHYYGYTF,0.026361227532301128,TCRBV20-01,TCRBJ01-02
6636b609c0998945d7ab6964ae9faace,CASSYVPHGGGYTAFF,0.026355327614727198,TCRBV06-06,TCRBJ01-01
6636b609c0998945d7ab6964ae9faace,CASSGGWGYGYTF,0.026305777476188102,TCRBV02-01,TCRBJ01-02
6636b609c0998945d7ab6964ae9faace,CASSPAGGWGYSGNTIYF,0.026125945203492207,TCRBV19-01,TCRBJ01-03
6636b609c0998945d7ab6964ae9faace,CASYGPPPAYEQYF,0.026065636413325363,TCRBV19-01,TCRBJ02-07
6636b609c0998945d7ab6964ae9faace,RGVHQPQHF,0.026061545204563476,TCRBV30-01,TCRBJ01-05
6636b609c0998945d7ab6964ae9faace,CASSLAGWISKFF,0.025961787451524037,TCRBV07-08,TCRBJ02-01
6636b609c0998945d7ab6964ae9faace,CASRHMWGHGYTF,0.025958521400166728,TCRBV03-01/03-02,TCRBJ01-02
6636b609c0998945d7ab6964ae9faace,CASSYSTGWYGYTF,0.025921712182392004,TCRBV06-05,TCRBJ01-02
6636b609c0998945d7ab6964ae9faace,CATSHNPGPNAHYGYTF,0.0259076456165201,TCRBV24-01,TCRBJ01-02
6636b609c0998945d7ab6964ae9faace,CASSFYHPFF,0.02588212541575883,TCRBV07-09,TCRBJ02-01
6636b609c0998945d7ab6964ae9faace,CASSPHPHTD,0.025876531204044248,TCRBV27-01,TCRBJ02-07
6636b609c0998945d7ab6964ae9faace,CSAPWGGYGYTF,0.025861007912596334,TCRBV20-X,TCRBJ01-02
6636b609c0998945d7ab6964ae9faace,CASSSWGGNYGYTF,0.025852998227827998,TCRBV05-06,TCRBJ01-02
6636b609c0998945d7ab6964ae9faace,CATPFHF,0.025816808379541395,TCRBV19-01,TCRBJ02-03
6636b609c0998945d7ab6964ae9faace,CASSWNPNVLTF,0.02581539329073883,TCRBV19-01,TCRBJ02-06
6636b609c0998945d7ab6964ae9faace,RGPQHF,0.025784078308168302,TCRBV04-01,TCRBJ01-05
6636b609c0998945d7ab6964ae9faace,CASRYGGYHGYTF,0.025752457850323606,TCRBV05-06,TCRBJ01-02
6636b609c0998945d7ab6964ae9faace,CASSWGGPYSGNTIYF,0.025748791293057613,TCRBV06-06,TCRBJ01-03
6636b609c0998945d7ab6964ae9faace,CASSAYWGVGYGYTF,0.02570300965153485,TCRBV27-01,TCRBJ01-02
6636b609c0998945d7ab6964ae9faace,CASSYSGYSGYTF,0.025702005123074394,TCRBV06-05,TCRBJ01-02
6636b609c0998945d7ab6964ae9faace,CSARF,0.025637474623412083,TCRBV20-01,TCRBJ01-01
6636b609c0998945d7ab6964ae9faace,CASSYNRWYGYTF,0.0256127609641077,TCRBV27-01,TCRBJ01-02
6636b609c0998945d7ab6964ae9faace,CASTAYGHNYGYTF,0.02561074245240387,TCRBV02-01,TCRBJ01-02
6636b609c0998945d7ab6964ae9faace,CATTPPEGFWGYTF,0.025551394364410066,TCRBV24-01,TCRBJ01-02
6636b609c0998945d7ab6964ae9faace,CASSIADRVKEAFF,0.025461587210576328,TCRBV19-01,TCRBJ01-01
6636b609c0998945d7ab6964ae9faace,CASSLLGGLVGNTIYF,0.025448964141571304,TCRBV05-01,TCRBJ01-03
6636b609c0998945d7ab6964ae9faace,CASSYNPWRSGGYTF,0.025418513202251514,TCRBV06-05,TCRBJ01-02
6636b609c0998945d7ab6964ae9faace,CASSYGGYYGYTF,0.025402721840629465,TCRBV06-05,TCRBJ01-02
6636b609c0998945d7ab6964ae9faace,CASSPGGGPNNNQPQHF,0.025374401652858796,TCRBV03-01/03-02,TCRBJ01-05
6636b609c0998945d7ab6964ae9faace,CASNTPKGWGSYGYTF,0.025301802600253713,TCRBV02-01,TCRBJ01-02
6636b609c0998945d7ab6964ae9faace,CATSGTGYYYGYTF,0.025299716828945988,TCRBV24-01,TCRBJ01-02
6636b609c0998945d7ab6964ae9faace,CASSYAVGYYGYTF,0.025291276971641092,TCRBV06-05,TCRBJ01-02
6636b609c0998945d7ab6964ae9faace,CASSYWKGGNYGYTF,0.025288361941816564,TCRBV06-05,TCRBJ01-02
6636b609c0998945d7ab6964ae9faace,CAWSGGAGGNVGYGYTF,0.02526485091693473,TCRBV30-01,TCRBJ01-02
6636b609c0998945d7ab6964ae9faace,CASVWNPNYGYTF,0.02522916108906183,TCRBV06-05,TCRBJ01-02
6636b609c0998945d7ab6964ae9faace,CAGLRWWGYTF,0.025221536931564183,TCRBV02-01,TCRBJ01-02
6636b609c0998945d7ab6964ae9faace,CASRYMPNYGYTF,0.025219275910857864,TCRBV28-01,TCRBJ01-02
6636b609c0998945d7ab6964ae9faace,CAWSGYGGGYTF,0.02520723120841318,TCRBV30-01,TCRBJ01-02
6636b609c0998945d7ab6964ae9faace,CASHRHPNYGYTF,0.025186767195716452,TCRBV06-05,TCRBJ01-02
6636b609c0998945d7ab6964ae9faace,CASKEGHTPHPMYGYTF,0.025176637808081614,TCRBV06-X,TCRBJ01-02
6636b609c0998945d7ab6964ae9faace,CANYLPGANVLTF,0.025150097549381925,TCRBV02-01,TCRBJ02-06
6636b609c0998945d7ab6964ae9faace,CASSYSYHRGYTF,0.025140898459514928,TCRBV06-05,TCRBJ01-02
6636b609c0998945d7ab6964ae9faace,CAWNHRHNYTF,0.025130448263451982,TCRBV30-01,TCRBJ01-02
6636b609c0998945d7ab6964ae9faace,CASIKEALRGAFF,0.025118039134754227,TCRBV06-05,TCRBJ01-01
6636b609c0998945d7ab6964ae9faace,CASCIAAGPTGELFF,0.025083826737225905,TCRBV02-01,TCRBJ02-02
6636b609c0998945d7ab6964ae9faace,CASSYSRWGGYTQYF,0.02507384696249484,TCRBV06-05,TCRBJ02-03
6636b609c0998945d7ab6964ae9faace,CASSYSGTYYGYTF,0.025051547821652132,TCRBV06-05,TCRBJ01-02
6636b609c0998945d7ab6964ae9faace,CAIWDYGYTF,0.02504093445095596,TCRBV07-09,TCRBJ01-02
6636b609c0998945d7ab6964ae9faace,CSAIIPNYNYGYTF,0.025027942969208527,TCRBV20-X,TCRBJ01-02
6636b609c0998945d7ab6964ae9faace,CASSHFYGNYGYTF,0.025022216001636725,TCRBV04-01,TCRBJ01-02
6636b609c0998945d7ab6964ae9faace,CASGFPTGYYGYTF,0.025019286114652463,TCRBV12-05,TCRBJ01-02
6636b609c0998945d7ab6964ae9faace,CAWSYLAGGYGYTF,0.02501542760732151,TCRBV30-01,TCRBJ01-02
6636b609c0998945d7ab6964ae9faace,CASSPYPDPGPRWGYTF,0.0250039383895722,TCRBV18-01,TCRBJ01-02
6636b609c0998945d7ab6964ae9faace,CATYHNYGYTF,0.024996007217745465,TCRBV19-01,TCRBJ01-02
6636b609c0998945d7ab6964ae9faace,CAWNPGANVLTF,0.02498321993589533,TCRBV30-01,TCRBJ02-06
6636b609c0998945d7ab6964ae9faace,CAWGGQPNYGYTF,0.024966526920444782,TCRBV30-01,TCRBJ01-02
6636b609c0998945d7ab6964ae9faace,CASSAFRVWF,0.024960635217867184,TCRBV06-X,TCRBJ01-01
6636b609c0998945d7ab6964ae9faace,CASSPYYGYTF,0.024954274976986227,TCRBV02-01,TCRBJ01-02
6636b609c0998945d7ab6964ae9faace,CASMEWWNTIYF,0.024949698321426312,TCRBV06-08,TCRBJ01-03
6636b609c0998945d7ab6964ae9faace,CASSGTGGYFNYGYTF,0.024944649867786037,TCRBV13-01,TCRBJ01-02
6636b609c0998945d7ab6964ae9faace,SLPQGPPHQAQHF,0.024924593481259822,TCRBV27-01,TCRBJ01-05
663e365968888c12af29cdf843f71497,CASSGGGWFNYGYTF,0.03215074746509064,TCRBV19-01,TCRBJ01-02
663e365968888c12af29cdf843f71497,CASSYYSYGYTF,0.031029850371889843,TCRBV06-02/06-03,TCRBJ01-02
663e365968888c12af29cdf843f71497,CASSYWGYGYTF,0.030494760737097927,TCRBV06-05,TCRBJ01-02
663e365968888c12af29cdf843f71497,CASSGGGWGTNYGYTF,0.030364520497496984,TCRBV02-01,TCRBJ01-02
663e365968888c12af29cdf843f71497,CASPPRAPHHF,0.030181549162678626,TCRBV21-01,TCRBJ01-06
663e365968888c12af29cdf843f71497,SQHF,0.030048809075069842,TCRBV30-01,TCRBJ01-05
663e365968888c12af29cdf843f71497,CASRWRG,0.02996913108439817,TCRBV06-07,TCRBJ01-03
663e365968888c12af29cdf843f71497,CASSYYRNYGYTF,0.02979071033998344,TCRBV06-05,TCRBJ01-02
663e365968888c12af29cdf843f71497,WVE,0.029524956265140248,TCRBV13-01,TCRBJ02-03
663e365968888c12af29cdf843f71497,CASSYRGWYGYTF,0.029206921725997155,TCRBV04-03,TCRBJ01-02
663e365968888c12af29cdf843f71497,CASSYFSYYGYTF,0.02913821630054935,TCRBV06-02/06-03,TCRBJ01-02
663e365968888c12af29cdf843f71497,CACPGWYYGYTF,0.02913820618355167,TCRBV30-01,TCRBJ01-02
663e365968888c12af29cdf843f71497,CASSYWTPGGPNYGYTF,0.028890943358395316,TCRBV06-X,TCRBJ01-02
663e365968888c12af29cdf843f71497,SPLHF,0.028702754903381318,TCRBV04-01,TCRBJ01-06
663e365968888c12af29cdf843f71497,CAWSPYGGNYGYTF,0.02811546510531601,TCRBV30-01,TCRBJ01-02
663e365968888c12af29cdf843f71497,CSGFGYSYGYTF,0.028018490818966617,TCRBV20-X,TCRBJ01-02
663e365968888c12af29cdf843f71497,CASSWGYYGYTF,0.027818194946336236,TCRBV07-09,TCRBJ01-02
663e365968888c12af29cdf843f71497,CASSYSWGGSGTANYGYTF,0.02772168818578579,TCRBV06-X,TCRBJ01-02
663e365968888c12af29cdf843f71497,RVHQPQHF,0.02767057068564464,TCRBV07-09,TCRBJ01-05
663e365968888c12af29cdf843f71497,CASSLYGWGNYGYTF,0.027648847809792994,TCRBV07-08,TCRBJ01-02
663e365968888c12af29cdf843f71497,CASSYSTGYYGYTF,0.027645729643180673,TCRBV06-05,TCRBJ01-02
663e365968888c12af29cdf843f71497,CAWNFGGGTAYNYGYTF,0.027459383004836663,TCRBV30-01,TCRBJ01-02
663e365968888c12af29cdf843f71497,CASSQDPKRGWKFF,0.027381209990199953,TCRBV03-01/03-02,TCRBJ02-01
663e365968888c12af29cdf843f71497,CSPAHF,0.027323901171432352,TCRBV29-01,TCRBJ01-02
663e365968888c12af29cdf843f71497,CSAWGGYGYTF,0.02727096822681682,TCRBV20-01,TCRBJ01-02
663e365968888c12af29cdf843f71497,CASSPLKKVKEAFF,0.02674475364665111,TCRBV02-01,TCRBJ01-01
663e365968888c12af29cdf843f71497,CASNYYRAYGYTF,0.02670150612355594,TCRBV07-X,TCRBJ01-02
663e365968888c12af29cdf843f71497,CASSFWGDSAWGYGYTF,0.026698507350859962,TCRBV06-X,TCRBJ01-02
663e365968888c12af29cdf843f71497,CASSLPAFGNTGELFF,0.02665756415447984,TCRBV05-01,TCRBJ02-02
663e365968888c12af29cdf843f71497,CASSYYVGRAYGYTF,0.026478300705936448,TCRBV06-05,TCRBJ01-02
663e365968888c12af29cdf843f71497,CASSLWGPYYGYTF,0.026464821775913645,TCRBV12-X,TCRBJ01-02
663e365968888c12af29cdf843f71497,CSAAPAYYGYTF,0.026354417578490892,TCRBV20-X,TCRBJ01-02
663e365968888c12af29cdf843f71497,KNIQYF,0.026278103409909125,TCRBV20-01,TCRBJ02-04
663e365968888c12af29cdf843f71497,CASSPPHHYGYTF,0.0262678640517955,TCRBV09-01,TCRBJ01-02
663e365968888c12af29cdf843f71497,CASWGPGGYGYTF,0.026247561508908723,TCRBV27-01,TCRBJ01-02
663e365968888c12af29cdf843f71497,CASTYWGNYGYTF,0.02622916191261488,TCRBV19-01,TCRBJ01-02
663e365968888c12af29cdf843f71497,RADNHYGYTF,0.026217350880845938,TCRBV20-01,TCRBJ01-02
663e365968888c12af29cdf843f71497,CAWSWEGGYTF,0.02606873095636711,TCRBV30-01,TCRBJ01-02
663e365968888c12af29cdf843f71497,CASSILGAVTEAFF,0.0260282864954309,TCRBV19-01,TCRBJ01-01
663e365968888c12af29cdf843f71497,SYGYTF,0.026022820160983656,TCRBV29-01,TCRBJ01-02
663e365968888c12af29cdf843f71497,CATWGGAPYGYTF,0.02597992002581292,TCRBV06-05,TCRBJ01-02
663e365968888c12af29cdf843f71497,CASAYYGYTF,0.02596499963459138,TCRBV07-03,TCRBJ01-02
663e365968888c12af29cdf843f71497,CAWSAGGYYGYTF,0.025939260287954676,TCRBV30-01,TCRBJ01-02
663e365968888c12af29cdf843f71497,CAWSGYNYGYTF,0.02592469677253957,TCRBV30-01,TCRBJ01-02
663e365968888c12af29cdf843f71497,CATSYSGWYGYTF,0.025838580879225265,TCRBV24-01,TCRBJ01-02
663e365968888c12af29cdf843f71497,WGGTEAFF,0.025718609374649034,TCRBV30-01,TCRBJ01-01
663e365968888c12af29cdf843f71497,CASTSVWGGYGYTF,0.025617884544130345,TCRBV02-01,TCRBJ01-02
663e365968888c12af29cdf843f71497,CATTGWLAMF,0.02558605982944771,TCRBV24-01,TCRBJ02-X
663e365968888c12af29cdf843f71497,CASVWEGWGHGYTF,0.025567133166040545,TCRBV02-01,TCRBJ01-02
663e365968888c12af29cdf843f71497,CASEWGWGGYTF,0.025530151122104196,TCRBV25-01,TCRBJ01-02
663e365968888c12af29cdf843f71497,LYGYTF,0.02545241909519481,TCRBV21-01,TCRBJ01-02
663e365968888c12af29cdf843f71497,CASSWWSEAFF,0.025404230006131564,TCRBV06-02/06-03,TCRBJ01-01
663e365968888c12af29cdf843f71497,CASSYYDYGYTF,0.02537779220027558,TCRBV06-02/06-03,TCRBJ01-02
663e365968888c12af29cdf843f71497,LGLRYF,0.025372470712193288,TCRBV10-01,TCRBJ02-03
663e365968888c12af29cdf843f71497,CASSGWGVWGYTF,0.02533242787919587,TCRBV07-X,TCRBJ01-02
663e365968888c12af29cdf843f71497,WGTYNSPLHF,0.025191232526702943,TCRBV03-01/03-02,TCRBJ01-06
663e365968888c12af29cdf843f71497,CSAWGPWGYTF,0.02517632768290817,TCRBV20-01,TCRBJ01-02
663e365968888c12af29cdf843f71497,CASKGWGGRSNYGYTF,0.0251657797920046,TCRBV06-X,TCRBJ01-02
663e365968888c12af29cdf843f71497,CASRPPWPGAAPLHF,0.02514165372501506,TCRBV06-X,TCRBJ01-06
663e365968888c12af29cdf843f71497,CASSSNGPYNPYGYTF,0.025011857478032813,TCRBV07-02,TCRBJ01-02
663e365968888c12af29cdf843f71497,CASSYWVWGNYGYTF,0.02500921944823672,TCRBV06-05,TCRBJ01-02
663e365968888c12af29cdf843f71497,CASMPAGANVLTF,0.02496041182118737,TCRBV10-03,TCRBJ02-06
663e365968888c12af29cdf843f71497,CAWKGWITEAFF,0.02494556031370287,TCRBV30-01,TCRBJ01-01
663e365968888c12af29cdf843f71497,CASSYSGPFYGYTF,0.024927012746018353,TCRBV06-06,TCRBJ01-02
663e365968888c12af29cdf843f71497,CASSFGNYYGYTF,0.02488136203232926,TCRBV05-08,TCRBJ01-02
663e365968888c12af29cdf843f71497,CASTGYNANYGYTF,0.024846792232335078,TCRBV06-X,TCRBJ01-02
663e365968888c12af29cdf843f71497,CSKPWGYGYTF,0.02481758297428494,TCRBV20-01,TCRBJ01-02
663e365968888c12af29cdf843f71497,CASSYVYTGNYGYTF,0.024815694769934216,TCRBV06-02/06-03,TCRBJ01-02
663e365968888c12af29cdf843f71497,CASSYTAGTGYYGYTF,0.024808025108986807,TCRBV05-01,TCRBJ01-02
663e365968888c12af29cdf843f71497,CASSYAPRYYGYTF,0.024791248753589297,TCRBV06-02/06-03,TCRBJ01-02
663e365968888c12af29cdf843f71497,CASSYSYQGPYGYTF,0.024758538016408965,TCRBV06-06,TCRBJ01-02
663e365968888c12af29cdf843f71497,CASSHPPWGGNYGYTF,0.024751625102352334,TCRBV03-01/03-02,TCRBJ01-02
663e365968888c12af29cdf843f71497,CAWKYPEGFYGYTF,0.024742838460076737,TCRBV30-01,TCRBJ01-02
663e365968888c12af29cdf843f71497,CASSYDYHYGYTF,0.024673165304758823,TCRBV06-05,TCRBJ01-02
663e365968888c12af29cdf843f71497,CATWGTYYGYTF,0.024662828620828765,TCRBV19-01,TCRBJ01-02
663e365968888c12af29cdf843f71497,CAWGIRWGVWHEQFF,0.024658870307221553,TCRBV30-01,TCRBJ02-01
663e365968888c12af29cdf843f71497,CASSWGWGGGTDTQYF,0.024647471932102122,TCRBV12-X,TCRBJ02-03
663e365968888c12af29cdf843f71497,CASSHFTGGINYGYTF,0.024611427403442257,TCRBV03-01/03-02,TCRBJ01-02
663e365968888c12af29cdf843f71497,CATIPWTGDHHGYTF,0.02457948955194205,TCRBV06-05,TCRBJ01-02
663e365968888c12af29cdf843f71497,CASTPDPHYGYTF,0.02456423200660403,TCRBV19-01,TCRBJ01-02
663e365968888c12af29cdf843f71497,CASSFSGGWGGYTF,0.024488213659419274,TCRBV25-01,TCRBJ01-02
663e365968888c12af29cdf843f71497,CATSWTKGHWTNYGYTF,0.024479757307241595,TCRBV15-01,TCRBJ01-02
663e365968888c12af29cdf843f71497,CASSWGPYGYTF,0.024471520085152774,TCRBV05-08,TCRBJ01-02
663e365968888c12af29cdf843f71497,CAASWGGAFF,0.02439497712650175,TCRBV07-09,TCRBJ01-01
663e365968888c12af29cdf843f71497,CASRYYGYTF,0.02438905524616964,TCRBV06-05,TCRBJ01-02
663e365968888c12af29cdf843f71497,CANGPKGGPGELFF,0.024387878129204472,TCRBV07-02,TCRBJ02-02
663e365968888c12af29cdf843f71497,CASSWGGNYGYTF,0.024376651501411307,TCRBV11-01,TCRBJ01-02
663e365968888c12af29cdf843f71497,CASPVPPPF,0.024375188639510326,TCRBV12-01,TCRBJ02-X
663e365968888c12af29cdf843f71497,CSATPPPYTF,0.024329203213188235,TCRBV20-01,TCRBJ01-02
663e365968888c12af29cdf843f71497,CASSIPGIGNTIYF,0.024319649126199286,TCRBV19-01,TCRBJ01-03
663e365968888c12af29cdf843f71497,RASSLNRTGRNTEAFF,0.024309073735736635,TCRBV07-03,TCRBJ01-01
663e365968888c12af29cdf843f71497,CSARDWGYNYGYTF,0.024261649298315095,TCRBV20-X,TCRBJ01-02
663e365968888c12af29cdf843f71497,CASSYYHGGLNYGYTF,0.024247488079649247,TCRBV06-02/06-03,TCRBJ01-02
663e365968888c12af29cdf843f71497,CASGLWGGYGYTF,0.02424613289619931,TCRBV12-05,TCRBJ01-02
663e365968888c12af29cdf843f71497,CASYGRAYGYTF,0.02423943985284344,TCRBV06-05,TCRBJ01-02
663e365968888c12af29cdf843f71497,CASIPRGYNYGYTF,0.024219329976767803,TCRBV06-02,TCRBJ01-02
663e365968888c12af29cdf843f71497,CALVVVYGYTF,0.024213696832384394,TCRBV30-01,TCRBJ01-02
663e365968888c12af29cdf843f71497,CASSHPPGGGPNYGYTF,0.024200971857044364,TCRBV04-03,TCRBJ01-02
663e365968888c12af29cdf843f71497,CATSIWTGAAGANVLTF,0.024193007636312915,TCRBV10-03,TCRBJ02-06
6960ca05f5a2ab060f377aefa2ccfa43,WTYVPRF,0.033559042345775565,TCRBV21-01,TCRBJ01-01
6960ca05f5a2ab060f377aefa2ccfa43,CATPWHF,0.03321921242248248,TCRBV06-06,TCRBJ01-05
6960ca05f5a2ab060f377aefa2ccfa43,CASGFSYSSYYGYTF,0.03229182109576222,TCRBV19-01,TCRBJ01-02
6960ca05f5a2ab060f377aefa2ccfa43,CAWGPGYGYTF,0.031391360590869465,TCRBV30-01,TCRBJ01-02
6960ca05f5a2ab060f377aefa2ccfa43,CASSLPTVGYGYTF,0.030735414292608294,TCRBV07-09,TCRBJ01-02
6960ca05f5a2ab060f377aefa2ccfa43,CASHRAF,0.029442610343640676,TCRBV02-01,TCRBJ01-02
6960ca05f5a2ab060f377aefa2ccfa43,CASSYTGYYGYTF,0.029406522969498614,TCRBV06-06,TCRBJ01-02
6960ca05f5a2ab060f377aefa2ccfa43,CASSYYYRPTGPNYGYTF,0.02935939493320387,TCRBV06-X,TCRBJ01-02
6960ca05f5a2ab060f377aefa2ccfa43,CASSYWGGGPPTTYYF,0.029100178566248944,TCRBV06-05,TCRBJ02-07
6960ca05f5a2ab060f377aefa2ccfa43,KQYF,0.028998662179874277,TCRBV20-01,TCRBJ02-07
6960ca05f5a2ab060f377aefa2ccfa43,CASSTYYSPNYGYTF,0.028718528758140734,TCRBV12-X,TCRBJ01-02
6960ca05f5a2ab060f377aefa2ccfa43,CASGGYSNYGYTF,0.02866359767064196,TCRBV07-02,TCRBJ01-02
6960ca05f5a2ab060f377aefa2ccfa43,CAWSPGWGYGYTF,0.028607864159624415,TCRBV30-01,TCRBJ01-02
6960ca05f5a2ab060f377aefa2ccfa43,CASSHYRYFYGYTF,0.028570733294667007,TCRBV05-06,TCRBJ01-02
6960ca05f5a2ab060f377aefa2ccfa43,CASSYGYYGYTF,0.02834084690942841,TCRBV06-02/06-03,TCRBJ01-02
6960ca05f5a2ab060f377aefa2ccfa43,CASSPYWGASNYGYTF,0.028238379092822383,TCRBV05-04,TCRBJ01-02
6960ca05f5a2ab060f377aefa2ccfa43,CKFRGF,0.028107531185333375,TCRBV20-01,TCRBJ02-X
6960ca05f5a2ab060f377aefa2ccfa43,CAWSGGYYGYTF,0.027991781406963925,TCRBV30-01,TCRBJ01-02
6960ca05f5a2ab060f377aefa2ccfa43,CASSYGPWGGYTF,0.027929645119091264,TCRBV06-05,TCRBJ01-02
6960ca05f5a2ab060f377aefa2ccfa43,CASSFYPGWNYGYTF,0.027835719179069306,TCRBV11-02,TCRBJ01-02
6960ca05f5a2ab060f377aefa2ccfa43,CATWWDGGYTF,0.027660892652986803,TCRBV02-01,TCRBJ01-02
6960ca05f5a2ab060f377aefa2ccfa43,CASSIYHGGYYGYTF,0.027599724363801245,TCRBV05-04,TCRBJ01-02
6960ca05f5a2ab060f377aefa2ccfa43,CASSIAYITHVYGYTF,0.027504100751867832,TCRBV19-01,TCRBJ01-02
6960ca05f5a2ab060f377aefa2ccfa43,KTQYF,0.02741550353048668,TCRBV07-03,TCRBJ02-05
6960ca05f5a2ab060f377aefa2ccfa43,WRACWGGYTF,0.027398590590008647,TCRBV21-01,TCRBJ01-02
6960ca05f5a2ab060f377aefa2ccfa43,CAQRKRGGYWNYGYTF,0.02737203337024241,TCRBV05-03,TCRBJ01-02
6960ca05f5a2ab060f377aefa2ccfa43,CASSSWTGPYYGYTF,0.027363551385864895,TCRBV07-09,TCRBJ01-02
6960ca05f5a2ab060f377aefa2ccfa43,CAWPNAFF,0.027028296293862473,TCRBV30-01,TCRBJ01-01
6960ca05f5a2ab060f377aefa2ccfa43,CGSGGYNYGYTF,0.026953922370504813,TCRBV19-01,TCRBJ01-02
6960ca05f5a2ab060f377aefa2ccfa43,CASSNNLHWHHQPQHF,0.02691190526493545,TCRBV21-01,TCRBJ01-05
6960ca05f5a2ab060f377aefa2ccfa43,CASSSSYTGGGYGYTF,0.02687850020279644,TCRBV27-01,TCRBJ01-02
6960ca05f5a2ab060f377aefa2ccfa43,CASSYRSRYYGYTF,0.0268116103676543,TCRBV06-05,TCRBJ01-02
6960ca05f5a2ab060f377aefa2ccfa43,CARKMRRAH,0.026696552748727356,TCRBV19-01,TCRBJ01-02
6960ca05f5a2ab060f377aefa2ccfa43,CASSWYSATGGYGYTF,0.02660228721919256,TCRBV28-01,TCRBJ01-02
6960ca05f5a2ab060f377aefa2ccfa43,CASSYLGWGNYGYTF,0.02658387710697895,TCRBV06-06,TCRBJ01-02
6960ca05f5a2ab060f377aefa2ccfa43,CAWSEGWGAFF,0.0265254533867142,TCRBV30-01,TCRBJ01-01
6960ca05f5a2ab060f377aefa2ccfa43,CASSGWGNYGYTF,0.026464900095706134,TCRBV02-01,TCRBJ01-02
6960ca05f5a2ab060f377aefa2ccfa43,CATSAWGGYGYTF,0.026349120092251363,TCRBV24-01,TCRBJ01-02
6960ca05f5a2ab060f377aefa2ccfa43,CASSPWWDRYYGYTF,0.026322690972053555,TCRBV11-02,TCRBJ01-02
6960ca05f5a2ab060f377aefa2ccfa43,CASTAYYNYGYTF,0.026313465505926312,TCRBV10-01,TCRBJ01-02
6960ca05f5a2ab060f377aefa2ccfa43,CAWFSSTGWGYGYTF,0.026256886407147705,TCRBV30-01,TCRBJ01-02
6960ca05f5a2ab060f377aefa2ccfa43,CVLYYGYTF,0.026203170785903163,TCRBV21-01,TCRBJ01-02
6960ca05f5a2ab060f377aefa2ccfa43,CASSYYKYGYTF,0.026157832773961238,TCRBV12-03/12-04,TCRBJ01-02
6960ca05f5a2ab060f377aefa2ccfa43,CASSGYRGPGSWYGYTF,0.026157295285236113,TCRBV27-01,TCRBJ01-02
6960ca05f5a2ab060f377aefa2ccfa43,CASSYRPYGYTF,0.026047692088384148,TCRBV06-06,TCRBJ01-02
6960ca05f5a2ab060f377aefa2ccfa43,CAWWMGNPNYGYTF,0.02604059210193446,TCRBV30-01,TCRBJ01-02
6960ca05f5a2ab060f377aefa2ccfa43,CASTHGFGYGYTF,0.025893412085535025,TCRBV06-06,TCRBJ01-02
6960ca05f5a2ab060f377aefa2ccfa43,CASSRAGYYYGYTF,0.025862389395763494,TCRBV05-06,TCRBJ01-02
6960ca05f5a2ab060f377aefa2ccfa43,CATSVWGWYGYTF,0.025846380612732884,TCRBV24-01,TCRBJ01-02
6960ca05f5a2ab060f377aefa2ccfa43,CASSWDYGHHYGYTF,0.02583792075303578,TCRBV07-02,TCRBJ01-02
6960ca05f5a2ab060f377aefa2ccfa43,CSYYDRRYGYTF,0.025815348320934364,TCRBV20-X,TCRBJ01-02
6960ca05f5a2ab060f377aefa2ccfa43,CASYPYTELWGGYTF,0.025792429645862112,TCRBV05-06,TCRBJ01-02
6960ca05f5a2ab060f377aefa2ccfa43,CASSYAGRYYGYTF,0.025650800990569385,TCRBV06-02/06-03,TCRBJ01-02
6960ca05f5a2ab060f377aefa2ccfa43,CASSGYGANNYGYTF,0.02564914152907402,TCRBV06-05,TCRBJ01-02
6960ca05f5a2ab060f377aefa2ccfa43,CATTGGWKAFF,0.025648480157037756,TCRBV06-05,TCRBJ01-01
6960ca05f5a2ab060f377aefa2ccfa43,CASSSNGWWGIGGYTF,0.025533105157508038,TCRBV05-06,TCRBJ01-02
6960ca05f5a2ab060f377aefa2ccfa43,CASSGNNNRVNNQPQHF,0.025527399067337777,TCRBV10-01,TCRBJ01-05
6960ca05f5a2ab060f377aefa2ccfa43,CASSSSRSGWGGRYF,0.02552132214230401,TCRBV27-01,TCRBJ02-03
6960ca05f5a2ab060f377aefa2ccfa43,CASSYGGPYGYTF,0.025495741575923915,TCRBV06-09,TCRBJ01-02
6960ca05f5a2ab060f377aefa2ccfa43,CASSYSYGTYGYTF,0.025476330956823376,TCRBV06-02/06-03,TCRBJ01-02
6960ca05f5a2ab060f377aefa2ccfa43,CASSHPGHHAHEQYF,0.025450123133722323,TCRBV03-01/03-02,TCRBJ02-07
6960ca05f5a2ab060f377aefa2ccfa43,CASSKNSWGGGYGYTF,0.02543180258892858,TCRBV05-04,TCRBJ01-02
6960ca05f5a2ab060f377aefa2ccfa43,CASSWNRGGYYGYTF,0.025426549829008445,TCRBV05-04,TCRBJ01-02
6960ca05f5a2ab060f377aefa2ccfa43,CASSSYWDRRYGYTF,0.02538637667993815,TCRBV11-02,TCRBJ01-02
6960ca05f5a2ab060f377aefa2ccfa43,CAWAVKGANVLTF,0.025192167841186126,TCRBV30-01,TCRBJ02-06
6960ca05f5a2ab060f377aefa2ccfa43,CASSYSYRDTYSANYGYTF,0.02515966392951497,TCRBV06-02/06-03,TCRBJ01-02
6960ca05f5a2ab060f377aefa2ccfa43,CASSFWGPGGGYTF,0.0251233553503295,TCRBV05-06,TCRBJ01-02
6960ca05f5a2ab060f377aefa2ccfa43,CASWGASEAFF,0.025069152793493227,TCRBV06-05,TCRBJ01-01
6960ca05f5a2ab060f377aefa2ccfa43,CSASWGGYGYTF,0.025065467407416338,TCRBV20-01,TCRBJ01-02
6960ca05f5a2ab060f377aefa2ccfa43,CATQWPPQPQHF,0.025028380761011795,TCRBV24-01,TCRBJ01-05
6960ca05f5a2ab060f377aefa2ccfa43,CAWSVPEGWNTEAFF,0.025024558697663297,TCRBV30-01,TCRBJ01-01
6960ca05f5a2ab060f377aefa2ccfa43,CAWRWGAEAFF,0.025006575876597555,TCRBV30-01,TCRBJ01-01
6960ca05f5a2ab060f377aefa2ccfa43,CASRPF,0.024960857165848494,TCRBV21-01,TCRBJ01-02
6960ca05f5a2ab060f377aefa2ccfa43,CAPGWAKGYTF,0.02492740680362389,TCRBV05-04,TCRBJ01-02
6960ca05f5a2ab060f377aefa2ccfa43,CASSYRGYGYTF,0.024885473752379907,TCRBV02-01,TCRBJ01-02
6960ca05f5a2ab060f377aefa2ccfa43,CASGPSGGWNNQPQHF,0.02487967443738678,TCRBV19-01,TCRBJ01-05
6960ca05f5a2ab060f377aefa2ccfa43,EAEFF,0.024869090107313876,TCRBV20-01,TCRBJ02-01
6960ca05f5a2ab060f377aefa2ccfa43,CASSPSGGGWSTYGYTF,0.024859248494405906,TCRBV07-09,TCRBJ01-02
6960ca05f5a2ab060f377aefa2ccfa43,CASSLWGQGAYYGYTF,0.02485559751345307,TCRBV27-01,TCRBJ01-02
6960ca05f5a2ab060f377aefa2ccfa43,CASTWGGGYGYTF,0.024846644925735833,TCRBV07-09,TCRBJ01-02
6960ca05f5a2ab060f377aefa2ccfa43,CASYRYGYTF,0.024827005893534763,TCRBV06-05,TCRBJ01-02
6960ca05f5a2ab060f377aefa2ccfa43,CASVPWGGSYGYTF,0.02475905181139882,TCRBV19-01,TCRBJ01-02
6960ca05f5a2ab060f377aefa2ccfa43,CSAIWAWDGHGGYTF,0.02473236262369298,TCRBV29-01,TCRBJ01-02
6960ca05f5a2ab060f377aefa2ccfa43,CASSSYPGSKEAFF,0.02470464876892649,TCRBV09-01,TCRBJ01-01
6960ca05f5a2ab060f377aefa2ccfa43,CASRIPGHYFYGYTF,0.024699694591106488,TCRBV02-01,TCRBJ01-02
6960ca05f5a2ab060f377aefa2ccfa43,CAKINAGAFF,0.024697065680224492,TCRBV21-01,TCRBJ01-01
6960ca05f5a2ab060f377aefa2ccfa43,CASSYRPGYGYTF,0.024688178793892807,TCRBV06-06,TCRBJ01-02
6960ca05f5a2ab060f377aefa2ccfa43,CAKAGKAFF,0.02468076850151781,TCRBV15-01,TCRBJ01-01
6960ca05f5a2ab060f377aefa2ccfa43,CASHTGGPFYGYTF,0.024664119041611088,TCRBV19-01,TCRBJ01-02
6960ca05f5a2ab060f377aefa2ccfa43,CAWTPGANVLTF,0.024659866637148455,TCRBV30-01,TCRBJ02-06
6960ca05f5a2ab060f377aefa2ccfa43,CASTWVSSAAFF,0.024629048762712907,TCRBV02-01,TCRBJ01-01
6960ca05f5a2ab060f377aefa2ccfa43,CASSPTGYYYGYTF,0.024619231042483525,TCRBV19-01,TCRBJ01-02
6960ca05f5a2ab060f377aefa2ccfa43,CACYRGYGYTF,0.02461556433406865,TCRBV30-01,TCRBJ01-02
6960ca05f5a2ab060f377aefa2ccfa43,CAWSVWERAEAFF,0.0246091925122828,TCRBV30-01,TCRBJ01-01
6960ca05f5a2ab060f377aefa2ccfa43,CASSWGVGYGYTF,0.02457756899328593,TCRBV27-01,TCRBJ01-02
6960ca05f5a2ab060f377aefa2ccfa43,CAWSVWGTGVYGYTF,0.02457386261438635,TCRBV30-01,TCRBJ01-02
6960ca05f5a2ab060f377aefa2ccfa43,CAWKGEKIYGYTF,0.024541308776759366,TCRBV30-01,TCRBJ01-02
6960ca05f5a2ab060f377aefa2ccfa43,CASIKRLKGYGYTF,0.024534801629364795,TCRBV13-01,TCRBJ01-02
6960ca05f5a2ab060f377aefa2ccfa43,CASHSPYGYTF,0.02451350716178039,TCRBV06-05,TCRBJ01-02
6960ca05f5a2ab060f377aefa2ccfa43,CASSFPGGYYGYTF,0.024427276378156178,TCRBV06-06,TCRBJ01-02
6c1b431cd835a06332eceb267e5359ae,CASSFWGGWNYGYTF,0.042387573314380464,TCRBV12-X,TCRBJ01-02
6c1b431cd835a06332eceb267e5359ae,CASSWPWGYYGYTF,0.03457326969256656,TCRBV05-01,TCRBJ01-02
6c1b431cd835a06332eceb267e5359ae,CAIAYAYGYTF,0.03416299527980391,TCRBV02-01,TCRBJ01-02
6c1b431cd835a06332eceb267e5359ae,CAWSHWGGNPYGYTF,0.03371731255676798,TCRBV30-01,TCRBJ01-02
6c1b431cd835a06332eceb267e5359ae,IYF,0.03337645449027785,TCRBV27-01,TCRBJ01-03
6c1b431cd835a06332eceb267e5359ae,CRPLHF,0.031642856582971765,TCRBV20-01,TCRBJ01-06
6c1b431cd835a06332eceb267e5359ae,CAWNWWDGYTF,0.03113117785494561,TCRBV30-01,TCRBJ01-02
6c1b431cd835a06332eceb267e5359ae,CAWGPWDYGYTF,0.030746505270134575,TCRBV30-01,TCRBJ01-02
6c1b431cd835a06332eceb267e5359ae,CASSYRPYYGYTF,0.030733626246314334,TCRBV06-02/06-03,TCRBJ01-02
6c1b431cd835a06332eceb267e5359ae,CASGLWGFTGELFF,0.030151951032460718,TCRBV12-05,TCRBJ02-02
6c1b431cd835a06332eceb267e5359ae,CASSYTTTGGYYGYTF,0.029143825014072956,TCRBV06-05,TCRBJ01-02
6c1b431cd835a06332eceb267e5359ae,CASSYYRSHYGYTF,0.029039770955298326,TCRBV06-06,TCRBJ01-02
6c1b431cd835a06332eceb267e5359ae,CASTYWRSYYGYTF,0.028980271641728353,TCRBV06-05,TCRBJ01-02
6c1b431cd835a06332eceb267e5359ae,CAWSWEGWGYTF,0.02895108915398757,TCRBV30-01,TCRBJ01-02
6c1b431cd835a06332eceb267e5359ae,CASSASWGWGYGYTF,0.028548541039944815,TCRBV09-01,TCRBJ01-02
6c1b431cd835a06332eceb267e5359ae,CATGDRGIKRGNTIYF,0.028129625193016584,TCRBV24-01,TCRBJ01-03
6c1b431cd835a06332eceb267e5359ae,CASSSNTWGGSYGYTF,0.027997333149307194,TCRBV05-01,TCRBJ01-02
6c1b431cd835a06332eceb267e5359ae,CASSLKAAGANVLTF,0.02765382700919705,TCRBV11-02,TCRBJ02-06
6c1b431cd835a06332eceb267e5359ae,CASSYGSYYGYTF,0.02755420552244958,TCRBV06-05,TCRBJ01-02
6c1b431cd835a06332eceb267e5359ae,CSYWDGYGYTF,0.027300632003668536,TCRBV20-01,TCRBJ01-02
6c1b431cd835a06332eceb267e5359ae,AHPSPHGYTF,0.027297547257528164,TCRBV24-01,TCRBJ01-02
6c1b431cd835a06332eceb267e5359ae,CASSYWVGCFWGYTF,0.02726304621249286,TCRBV06-05,TCRBJ01-02
6c1b431cd835a06332eceb267e5359ae,CASSYSRYYGYTF,0.027249807800103783,TCRBV06-05,TCRBJ01-02
6c1b431cd835a06332eceb267e5359ae,CASHYGGYGNTIYF,0.027187532027176876,TCRBV12-X,TCRBJ01-03
6c1b431cd835a06332eceb267e5359ae,CARIPF,0.02705544713548365,TCRBV09-01,TCRBJ02-06
6c1b431cd835a06332eceb267e5359ae,WQNYGYTF,0.026945769525305724,TCRBV28-01,TCRBJ01-02
6c1b431cd835a06332eceb267e5359ae,CASSYGGFYGYTF,0.026884746349950795,TCRBV06-05,TCRBJ01-02
6c1b431cd835a06332eceb267e5359ae,CATSTNWGGGNYGYTF,0.026802835494372367,TCRBV15-01,TCRBJ01-02
6c1b431cd835a06332eceb267e5359ae,CASSYFPGGWGYTF,0.026799039046621537,TCRBV06-06,TCRBJ01-02
6c1b431cd835a06332eceb267e5359ae,CAWSVGAMDGYVYGYTF,0.02673954272775558,TCRBV30-01,TCRBJ01-02
6c1b431cd835a06332eceb267e5359ae,WLGPPNYGYTF,0.026738351444684103,TCRBV27-01,TCRBJ01-02
6c1b431cd835a06332eceb267e5359ae,CAWLLPGVYVYTF,0.02672257181597908,TCRBV30-01,TCRBJ01-02
6c1b431cd835a06332eceb267e5359ae,CASSYQGYYGYTF,0.026619094255559996,TCRBV06-05,TCRBJ01-02
6c1b431cd835a06332eceb267e5359ae,CASSYSSWGGYTF,0.026593807338069913,TCRBV06-05,TCRBJ01-02
6c1b431cd835a06332eceb267e5359ae,CAWGRGWGYTF,0.02651519412132381,TCRBV30-01,TCRBJ01-02
6c1b431cd835a06332eceb267e5359ae,CASSHYWGWYEQYF,0.026432962800571405,TCRBV23-01,TCRBJ02-07
6c1b431cd835a06332eceb267e5359ae,CSAKPSWGSGGCTF,0.026418163342224372,TCRBV20-X,TCRBJ01-02
6c1b431cd835a06332eceb267e5359ae,CASSPDWGWYGYTF,0.026409576576413827,TCRBV07-02,TCRBJ01-02
6c1b431cd835a06332eceb267e5359ae,CAWSWGWDGYTF,0.026398599527759293,TCRBV30-01,TCRBJ01-02
6c1b431cd835a06332eceb267e5359ae,CASKIGYGYGYTF,0.026389943907170837,TCRBV02-01,TCRBJ01-02
6c1b431cd835a06332eceb267e5359ae,CASSANPYYGYTF,0.02637913553566402,TCRBV27-01,TCRBJ01-02
6c1b431cd835a06332eceb267e5359ae,CASYWGGRGYTF,0.02628276768373558,TCRBV12-03/12-04,TCRBJ01-02
6c1b431cd835a06332eceb267e5359ae,CASSSPGWGNNYGYTF,0.026265235839229576,TCRBV19-01,TCRBJ01-02
6c1b431cd835a06332eceb267e5359ae,CASSTYRGRYYGYTF,0.0262605319166793,TCRBV28-01,TCRBJ01-02
6c1b431cd835a06332eceb267e5359ae,CAWMDTWDYTF,0.02623456688119113,TCRBV30-01,TCRBJ01-02
6c1b431cd835a06332eceb267e5359ae,CAWGGRGYWGTQYF,0.02621801435312047,TCRBV30-01,TCRBJ02-05
6c1b431cd835a06332eceb267e5359ae,WPLEGKGHYGYTF,0.02621348145868277,TCRBV07-09,TCRBJ01-02
6c1b431cd835a06332eceb267e5359ae,CARSIPGHHPGGHQPQHF,0.026175870687596154,TCRBV05-03,TCRBJ01-05
6c1b431cd835a06332eceb267e5359ae,CASSYYKGNYGYTF,0.026134041734097033,TCRBV06-05,TCRBJ01-02
6c1b431cd835a06332eceb267e5359ae,YRAPHTQYF,0.026125948236579658,TCRBV20-01,TCRBJ02-03
6c1b431cd835a06332eceb267e5359ae,CASCGGLGGVLEKLFF,0.02605715965090268,TCRBV02-01,TCRBJ01-04
6c1b431cd835a06332eceb267e5359ae,CASSYSGGLYYYGYTF,0.025972543982247603,TCRBV06-02/06-03,TCRBJ01-02
6c1b431cd835a06332eceb267e5359ae,CASSYAYPGGTEAFF,0.025878597153739198,TCRBV05-01,TCRBJ01-01
6c1b431cd835a06332eceb267e5359ae,CASTSGWYGASGNYGYTF,0.025805858400729922,TCRBV25-01,TCRBJ01-02
6c1b431cd835a06332eceb267e5359ae,CAWIWDRGGYGYTF,0.025792432641255584,TCRBV30-01,TCRBJ01-02
6c1b431cd835a06332eceb267e5359ae,CAWSAARAFF,0.025787665901141562,TCRBV30-01,TCRBJ01-01
6c1b431cd835a06332eceb267e5359ae,CAWSVGAGWGYTF,0.02578453047384104,TCRBV30-01,TCRBJ01-02
6c1b431cd835a06332eceb267e5359ae,CASSNWGRGHPNYGYTF,0.025760444689176872,TCRBV21-01,TCRBJ01-02
6c1b431cd835a06332eceb267e5359ae,CASSSSYHRGGGYGYTF,0.025746482759214533,TCRBV27-01,TCRBJ01-02
6c1b431cd835a06332eceb267e5359ae,WLAGGTIYF,0.025745772596653692,TCRBV11-03,TCRBJ01-03
6c1b431cd835a06332eceb267e5359ae,CASSYHGGYSYEQYF,0.025705311404706777,TCRBV07-06,TCRBJ02-07
6c1b431cd835a06332eceb267e5359ae,CSAYHPGANYGYTF,0.02567379394342902,TCRBV20-X,TCRBJ01-02
6c1b431cd835a06332eceb267e5359ae,CASSYYRGAYGYTF,0.025666727600950914,TCRBV06-05,TCRBJ01-02
6c1b431cd835a06332eceb267e5359ae,CASWGHSHHYYEQYF,0.025660007388372767,TCRBV10-01,TCRBJ02-07
6c1b431cd835a06332eceb267e5359ae,CASSYVYGYTF,0.025639553259582785,TCRBV10-01,TCRBJ01-02
6c1b431cd835a06332eceb267e5359ae,CASSFGEALKAFF,0.02563115931599568,TCRBV05-05,TCRBJ01-01
6c1b431cd835a06332eceb267e5359ae,CAPPHGLHF,0.025623504669951704,TCRBV27-01,TCRBJ01-06
6c1b431cd835a06332eceb267e5359ae,CASYANTYTTNYGYTF,0.025603078873647996,TCRBV02-01,TCRBJ01-02
6c1b431cd835a06332eceb267e5359ae,CAWKWWADTQYF,0.025595209410658057,TCRBV30-01,TCRBJ02-03
6c1b431cd835a06332eceb267e5359ae,CASWTGGYYGYTF,0.02558569575510074,TCRBV19-01,TCRBJ01-02
6c1b431cd835a06332eceb267e5359ae,CASSAPAAGANVLTF,0.025580832502841544,TCRBV02-01,TCRBJ02-06
6c1b431cd835a06332eceb267e5359ae,CASSYFNSGGANYGYTF,0.025539583846108938,TCRBV06-X,TCRBJ01-02
6c1b431cd835a06332eceb267e5359ae,CASSYPYGYTF,0.025505150067636057,TCRBV06-06,TCRBJ01-02
6c1b431cd835a06332eceb267e5359ae,CAWSVPGGASYNEQFF,0.02550045872989673,TCRBV30-01,TCRBJ02-01
6c1b431cd835a06332eceb267e5359ae,CASTLPEGAPGANVLTF,0.025493511405933474,TCRBV27-01,TCRBJ02-06
6c1b431cd835a06332eceb267e5359ae,CASSYSGHHYGYTF,0.025463311767018094,TCRBV06-05,TCRBJ01-02
6c1b431cd835a06332eceb267e5359ae,CASSYYGGGTQYF,0.025431295879028728,TCRBV12-03/12-04,TCRBJ02-05
6c1b431cd835a06332eceb267e5359ae,CASIKGGYYGYTF,0.025351362046390675,TCRBV12-03/12-04,TCRBJ01-02
6c1b431cd835a06332eceb267e5359ae,CATHYYGYTF,0.02532148088325508,TCRBV19-01,TCRBJ01-02
6c1b431cd835a06332eceb267e5359ae,CAWSVGWGDGYTF,0.025305845269552336,TCRBV30-01,TCRBJ01-02
6c1b431cd835a06332eceb267e5359ae,CSAPRHHYGYTF,0.02529278310065718,TCRBV20-X,TCRBJ01-02
6c1b431cd835a06332eceb267e5359ae,CASTHPEEGWGYTF,0.025280823171022853,TCRBV12-X,TCRBJ01-02
6c1b431cd835a06332eceb267e5359ae,HAKLYERYF,0.025280558795576034,TCRBV25-01,TCRBJ02-07
6c1b431cd835a06332eceb267e5359ae,CASSPPGWGWYF,0.025248953038608996,TCRBV28-01,TCRBJ02-07
6c1b431cd835a06332eceb267e5359ae,CASSSYWGTGTYGYTF,0.025247226488499874,TCRBV27-01,TCRBJ01-02
6c1b431cd835a06332eceb267e5359ae,CASSHWGANYGYTF,0.02524666322090735,TCRBV03-01/03-02,TCRBJ01-02
6c1b431cd835a06332eceb267e5359ae,CATHSPGGGPYGYTF,0.025244955890807726,TCRBV27-01,TCRBJ01-02
6c1b431cd835a06332eceb267e5359ae,CAWDPWGRRNYGYTF,0.02520904151115688,TCRBV30-01,TCRBJ01-02
6c1b431cd835a06332eceb267e5359ae,CASSHFYIGGSYGYTF,0.025201601917629997,TCRBV05-01,TCRBJ01-02
6c1b431cd835a06332eceb267e5359ae,CASSYAGPNYGYTF,0.02519228201334586,TCRBV12-X,TCRBJ01-02
6c1b431cd835a06332eceb267e5359ae,CASSYNTGGYYGYTF,0.025176978657494197,TCRBV06-05,TCRBJ01-02
6c1b431cd835a06332eceb267e5359ae,CASNNNGWAFF,0.02516528555665113,TCRBV02-01,TCRBJ01-01
6c1b431cd835a06332eceb267e5359ae,CASSANPGTGYWGYGYTF,0.025153897367750838,TCRBV07-09,TCRBJ01-02
6c1b431cd835a06332eceb267e5359ae,CASSHGKWYGYTF,0.025125475135631774,TCRBV11-03,TCRBJ01-02
6c1b431cd835a06332eceb267e5359ae,CASSPGTGYYYGYTF,0.02510745521858204,TCRBV18-01,TCRBJ01-02
6c1b431cd835a06332eceb267e5359ae,CAWSGGFNYGYTF,0.025106846844815317,TCRBV30-01,TCRBJ01-02
6c1b431cd835a06332eceb267e5359ae,CATHRPHNQPQHF,0.025103255252108454,TCRBV24-01,TCRBJ01-05
6c1b431cd835a06332eceb267e5359ae,WIKDYGGQFF,0.02508632811652308,TCRBV07-09,TCRBJ02-01
6c1b431cd835a06332eceb267e5359ae,CASSDYRGYYGYTF,0.02504810512790175,TCRBV06-01,TCRBJ01-02
6c1b431cd835a06332eceb267e5359ae,CASSHHPGPRYF,0.025021877193642534,TCRBV12-03/12-04,TCRBJ02-07
6e31007bd9a92d7e87b7d19fc222c10b,FF,0.04636419028842517,TCRBV03-01/03-02,TCRBJ02-01
6e31007bd9a92d7e87b7d19fc222c10b,CASSYSYNNNYGYTF,0.04012906433786029,TCRBV06-05,TCRBJ01-02
6e31007bd9a92d7e87b7d19fc222c10b,CASSQGGWGWNSNNYGYTF,0.03658787282490002,TCRBV04-01,TCRBJ01-02
6e31007bd9a92d7e87b7d19fc222c10b,CASSDIWGKVKAFF,0.03586770873357997,TCRBV06-02/06-03,TCRBJ01-01
6e31007bd9a92d7e87b7d19fc222c10b,WRAFF,0.035847932637555514,TCRBV05-05,TCRBJ01-01
6e31007bd9a92d7e87b7d19fc222c10b,RGLWMPKYF,0.0351347106142649,TCRBV21-01,TCRBJ02-05
6e31007bd9a92d7e87b7d19fc222c10b,HF,0.03464004506758951,TCRBV20-01,TCRBJ01-05
6e31007bd9a92d7e87b7d19fc222c10b,CAWRHPPHQPQHF,0.03208574556453678,TCRBV06-05,TCRBJ01-05
6e31007bd9a92d7e87b7d19fc222c10b,CASSYSTGYYYGYTF,0.03142746789152095,TCRBV06-05,TCRBJ01-02
6e31007bd9a92d7e87b7d19fc222c10b,CASSWGWGGNGYTF,0.029383527760225937,TCRBV05-01,TCRBJ01-02
6e31007bd9a92d7e87b7d19fc222c10b,CAWWGNYGYTF,0.029303656491611662,TCRBV30-01,TCRBJ01-02
6e31007bd9a92d7e87b7d19fc222c10b,CASSYRGWYGYTF,0.029206962286571516,TCRBV12-03/12-04,TCRBJ01-02
6e31007bd9a92d7e87b7d19fc222c10b,CASSYYSNYGYTF,0.02907676956404389,TCRBV06-05,TCRBJ01-02
6e31007bd9a92d7e87b7d19fc222c10b,CAWTPPGGYYGYTF,0.028987560397006843,TCRBV30-01,TCRBJ01-02
6e31007bd9a92d7e87b7d19fc222c10b,CASSPWTDWKAFF,0.02861996816041578,TCRBV07-09,TCRBJ01-01
6e31007bd9a92d7e87b7d19fc222c10b,CAWGYGGGYTF,0.028550212317656785,TCRBV30-01,TCRBJ01-02
6e31007bd9a92d7e87b7d19fc222c10b,CATSGTTGKAKNIQYF,0.02817361575243927,TCRBV15-01,TCRBJ02-04
6e31007bd9a92d7e87b7d19fc222c10b,TQYF,0.027884071147928093,TCRBV27-01,TCRBJ02-05
6e31007bd9a92d7e87b7d19fc222c10b,CACCPPGGFF,0.027884045297119454,TCRBV30-01,TCRBJ02-01
6e31007bd9a92d7e87b7d19fc222c10b,HSRGYGYTF,0.027821883367670688,TCRBV24-01,TCRBJ01-02
6e31007bd9a92d7e87b7d19fc222c10b,CASHGGHHVYGYTF,0.02758973619210262,TCRBV05-06,TCRBJ01-02
6e31007bd9a92d7e87b7d19fc222c10b,CAWAPLYGPNYGYTF,0.027581225427872377,TCRBV30-01,TCRBJ01-02
6e31007bd9a92d7e87b7d19fc222c10b,CASSYYEGWNYGYTF,0.027280247937857667,TCRBV06-05,TCRBJ01-02
6e31007bd9a92d7e87b7d19fc222c10b,CASSYYTGANYGYTF,0.02716030115735959,TCRBV06-05,TCRBJ01-02
6e31007bd9a92d7e87b7d19fc222c10b,CASSHPSPSPSPLHF,0.027124353339486776,TCRBV05-04,TCRBJ01-06
6e31007bd9a92d7e87b7d19fc222c10b,CASNNPGQGGWKAFF,0.027075821777629665,TCRBV02-01,TCRBJ01-01
6e31007bd9a92d7e87b7d19fc222c10b,CASSLKIALAGAGYNEQFF,0.0270442294788065,TCRBV07-09,TCRBJ02-01
6e31007bd9a92d7e87b7d19fc222c10b,CASHAWGTGPAYGYTF,0.027024979727115334,TCRBV28-01,TCRBJ01-02
6e31007bd9a92d7e87b7d19fc222c10b,GGGWTPNNYGYTF,0.026953197020225868,TCRBV19-01,TCRBJ01-02
6e31007bd9a92d7e87b7d19fc222c10b,CASSYWGTGNYGYTF,0.02688932817077041,TCRBV06-06,TCRBJ01-02
6e31007bd9a92d7e87b7d19fc222c10b,CASYSPYGYTF,0.02683194029741447,TCRBV06-05,TCRBJ01-02
6e31007bd9a92d7e87b7d19fc222c10b,CASRPNYFYYGYTF,0.026805948287621766,TCRBV28-01,TCRBJ01-02
6e31007bd9a92d7e87b7d19fc222c10b,CAWSAWGGAEAFF,0.026772855942461968,TCRBV30-01,TCRBJ01-01
6e31007bd9a92d7e87b7d19fc222c10b,CARVYMGDYGYTF,0.026770397553814166,TCRBV27-01,TCRBJ01-02
6e31007bd9a92d7e87b7d19fc222c10b,CASSYSGYANYGYTF,0.026722485003461822,TCRBV06-06,TCRBJ01-02
6e31007bd9a92d7e87b7d19fc222c10b,CASSYWYTVRPVHGYTF,0.02670784551653231,TCRBV06-02/06-03,TCRBJ01-02
6e31007bd9a92d7e87b7d19fc222c10b,CASSYFYARGFYGYTF,0.026619451011334443,TCRBV06-05,TCRBJ01-02
6e31007bd9a92d7e87b7d19fc222c10b,CASSYQGYYGYTF,0.026619094255559996,TCRBV12-03/12-04,TCRBJ01-02
6e31007bd9a92d7e87b7d19fc222c10b,CASSYFPGGRENQPQHF,0.02661207128372252,TCRBV06-02/06-03,TCRBJ01-05
6e31007bd9a92d7e87b7d19fc222c10b,CASSYNTYYGYTF,0.02653970766029253,TCRBV06-05,TCRBJ01-02
6e31007bd9a92d7e87b7d19fc222c10b,CASSYSSWGYGYTF,0.02651482795522545,TCRBV06-02/06-03,TCRBJ01-02
6e31007bd9a92d7e87b7d19fc222c10b,CASSGWGNYGYTF,0.026464900095706134,TCRBV06-05,TCRBJ01-02
6e31007bd9a92d7e87b7d19fc222c10b,CRMPQHF,0.026411596567271312,TCRBV20-01,TCRBJ01-05
6e31007bd9a92d7e87b7d19fc222c10b,CSAPPP,0.0263707156782154,TCRBV20-01,TCRBJ02-07
6e31007bd9a92d7e87b7d19fc222c10b,CATSGYREWYNYGYTF,0.026345199640930007,TCRBV15-01,TCRBJ01-02
6e31007bd9a92d7e87b7d19fc222c10b,CASSSFYYRGPYGYTF,0.026331317490247353,TCRBV07-03,TCRBJ01-02
6e31007bd9a92d7e87b7d19fc222c10b,CASTHF,0.026325550894370293,TCRBV14-01,TCRBJ02-03
6e31007bd9a92d7e87b7d19fc222c10b,CAWSWAWGRFF,0.02631836652488683,TCRBV30-01,TCRBJ01-04
6e31007bd9a92d7e87b7d19fc222c10b,CASSHWWWGAPMNTEAFF,0.026242578885603617,TCRBV12-X,TCRBJ01-01
6e31007bd9a92d7e87b7d19fc222c10b,CASSWGQPNWNQPQHF,0.026239037837386906,TCRBV06-02/06-03,TCRBJ01-05
6e31007bd9a92d7e87b7d19fc222c10b,CASYPYTGGANYGYTF,0.026237822565435227,TCRBV10-03,TCRBJ01-02
6e31007bd9a92d7e87b7d19fc222c10b,CASSSWGGYGYTF,0.026211952406517705,TCRBV05-06,TCRBJ01-02
6e31007bd9a92d7e87b7d19fc222c10b,CASSFFGNNYGYTF,0.026125420484521406,TCRBV19-01,TCRBJ01-02
6e31007bd9a92d7e87b7d19fc222c10b,CASSYHRAYNYGYTF,0.026125205140397584,TCRBV12-X,TCRBJ01-02
6e31007bd9a92d7e87b7d19fc222c10b,CASSYYNGVYGYTF,0.0260798727581948,TCRBV06-02/06-03,TCRBJ01-02
6e31007bd9a92d7e87b7d19fc222c10b,CASGWGYGYTF,0.026075714285317173,TCRBV27-01,TCRBJ01-02
6e31007bd9a92d7e87b7d19fc222c10b,CASSYNSGFNYGYTF,0.026049302547553835,TCRBV27-01,TCRBJ01-02
6e31007bd9a92d7e87b7d19fc222c10b,CASSHWTGAHIANYGYTF,0.026040779556068403,TCRBV03-01/03-02,TCRBJ01-02
6e31007bd9a92d7e87b7d19fc222c10b,CAWSEGGWGYTF,0.026038809841541027,TCRBV30-01,TCRBJ01-02
6e31007bd9a92d7e87b7d19fc222c10b,CAPHQPQHF,0.025975758968758183,TCRBV30-01,TCRBJ01-05
6e31007bd9a92d7e87b7d19fc222c10b,CASSWYSRWDYGYTF,0.025973637215155904,TCRBV12-X,TCRBJ01-02
6e31007bd9a92d7e87b7d19fc222c10b,CASRALGGNSQLPFYGYTF,0.025930654912276294,TCRBV06-04,TCRBJ01-02
6e31007bd9a92d7e87b7d19fc222c10b,CASRGWGNYGYTF,0.025901836995249866,TCRBV12-03/12-04,TCRBJ01-02
6e31007bd9a92d7e87b7d19fc222c10b,CATPFHF,0.025816808379541395,TCRBV19-01,TCRBJ02-07
6e31007bd9a92d7e87b7d19fc222c10b,CASSWGGYGYTF,0.025745641031788894,TCRBV06-05,TCRBJ01-02
6e31007bd9a92d7e87b7d19fc222c10b,CASSHTPGVHYGYTF,0.025702591715288364,TCRBV04-03,TCRBJ01-02
6e31007bd9a92d7e87b7d19fc222c10b,CASSVGGGWNYGYTF,0.02570226632664894,TCRBV09-01,TCRBJ01-02
6e31007bd9a92d7e87b7d19fc222c10b,CASSFTGGYNYGYTF,0.02567606630909349,TCRBV05-06,TCRBJ01-02
6e31007bd9a92d7e87b7d19fc222c10b,CASSYGNNYGYTF,0.025649239842551082,TCRBV12-03/12-04,TCRBJ01-02
6e31007bd9a92d7e87b7d19fc222c10b,CASSYVYGYTF,0.025639553259582785,TCRBV06-02/06-03,TCRBJ01-02
6e31007bd9a92d7e87b7d19fc222c10b,CSARDLTDLKGYTF,0.0255931357615074,TCRBV20-X,TCRBJ01-02
6e31007bd9a92d7e87b7d19fc222c10b,CASSYWGYNSGNTIYF,0.025563032033401357,TCRBV12-X,TCRBJ01-03
6e31007bd9a92d7e87b7d19fc222c10b,CASSPGGGWNYGYTF,0.025520683250096796,TCRBV07-02,TCRBJ01-02
6e31007bd9a92d7e87b7d19fc222c10b,SSPLHF,0.025515620098474374,TCRBV21-01,TCRBJ01-06
6e31007bd9a92d7e87b7d19fc222c10b,CASGPHYGYTF,0.025503073154520804,TCRBV02-01,TCRBJ01-02
6e31007bd9a92d7e87b7d19fc222c10b,CASSVAGYYYGYTF,0.025501396337717544,TCRBV07-08,TCRBJ01-02
6e31007bd9a92d7e87b7d19fc222c10b,CASSYWRGGYTF,0.025470305817006534,TCRBV06-02/06-03,TCRBJ01-02
6e31007bd9a92d7e87b7d19fc222c10b,CASEAWGGAFF,0.02541699682859082,TCRBV05-08,TCRBJ01-01
6e31007bd9a92d7e87b7d19fc222c10b,CASSWRTGGYYGYTF,0.025404123752869004,TCRBV05-06,TCRBJ01-02
6e31007bd9a92d7e87b7d19fc222c10b,CASSWGTGGSYGYTF,0.025398965087369888,TCRBV05-08,TCRBJ01-02
6e31007bd9a92d7e87b7d19fc222c10b,CATKIPHTNWGARKGYTF,0.025293707392840467,TCRBV05-03,TCRBJ01-02
6e31007bd9a92d7e87b7d19fc222c10b,CASGLVQGIGELFF,0.025224470837968763,TCRBV12-05,TCRBJ02-02
6e31007bd9a92d7e87b7d19fc222c10b,CASSYSYMPNYGYTF,0.02521534633695076,TCRBV06-05,TCRBJ01-02
6e31007bd9a92d7e87b7d19fc222c10b,CASSHYYGYTF,0.025195323862379118,TCRBV09-01,TCRBJ01-02
6e31007bd9a92d7e87b7d19fc222c10b,CASSYFGGYSGNTIYF,0.025133701902862824,TCRBV06-05,TCRBJ01-03
6e31007bd9a92d7e87b7d19fc222c10b,CAPHQGCEPQHF,0.025124012289952175,TCRBV05-01,TCRBJ01-05
6e31007bd9a92d7e87b7d19fc222c10b,CASSYGSNNYGYTF,0.025102715535301964,TCRBV06-05,TCRBJ01-02
6e31007bd9a92d7e87b7d19fc222c10b,CASSHAHGPVKNYGYTF,0.02509206938013292,TCRBV03-01/03-02,TCRBJ01-02
6e31007bd9a92d7e87b7d19fc222c10b,CASNPWGVYGYTF,0.025085242114892634,TCRBV02-01,TCRBJ01-02
6e31007bd9a92d7e87b7d19fc222c10b,CASSYGHNYGYTF,0.025079454280241786,TCRBV12-03/12-04,TCRBJ01-02
6e31007bd9a92d7e87b7d19fc222c10b,CAWTGGGWGYTF,0.02506352150347198,TCRBV30-01,TCRBJ01-02
6e31007bd9a92d7e87b7d19fc222c10b,CASSYRGSYYGYTF,0.025062598124503555,TCRBV06-05,TCRBJ01-02
6e31007bd9a92d7e87b7d19fc222c10b,CAWSMWAATEAFF,0.025049950878476283,TCRBV30-01,TCRBJ01-01
6e31007bd9a92d7e87b7d19fc222c10b,CASNKPGGAWGGYTF,0.025038603356706855,TCRBV19-01,TCRBJ01-02
6e31007bd9a92d7e87b7d19fc222c10b,CASSYDSYYGYTF,0.025012049345321103,TCRBV06-05,TCRBJ01-02
6e31007bd9a92d7e87b7d19fc222c10b,CASSLWGGVPNYGYTF,0.024983334637281918,TCRBV27-01,TCRBJ01-02
6e31007bd9a92d7e87b7d19fc222c10b,CASSPYGFYGYTF,0.024973052753332656,TCRBV12-03/12-04,TCRBJ01-02
6e31007bd9a92d7e87b7d19fc222c10b,CASHHAGASYGYTF,0.024963453955025472,TCRBV19-01,TCRBJ01-02
758e0830a0de7ad63020f00ab56f3e3a,CASSYYIYYGYTF,0.037254477207012825,TCRBV06-02/06-03,TCRBJ01-02
758e0830a0de7ad63020f00ab56f3e3a,CSAWAYVYGYTF,0.035965525484158954,TCRBV20-X,TCRBJ01-02
758e0830a0de7ad63020f00ab56f3e3a,CAWSLRGGPNYGYTF,0.035743814431156685,TCRBV30-01,TCRBJ01-02
758e0830a0de7ad63020f00ab56f3e3a,CASSYWNRPYYGYTF,0.03430746849330743,TCRBV06-02/06-03,TCRBJ01-02
758e0830a0de7ad63020f00ab56f3e3a,CAIPWGYYGYTF,0.03332856478732666,TCRBV06-05,TCRBJ01-02
758e0830a0de7ad63020f00ab56f3e3a,CASSYNWFGYGYTF,0.03263210678932622,TCRBV06-06,TCRBJ01-02
758e0830a0de7ad63020f00ab56f3e3a,CAYSYYGYTF,0.032571909356596734,TCRBV30-01,TCRBJ01-02
758e0830a0de7ad63020f00ab56f3e3a,CASSPWANPYGYTF,0.031455907607917645,TCRBV18-01,TCRBJ01-02
758e0830a0de7ad63020f00ab56f3e3a,CASSWGGYYGYTF,0.03143825419272735,TCRBV19-01,TCRBJ01-02
758e0830a0de7ad63020f00ab56f3e3a,CASSYWGGAYGYTF,0.031047999059580344,TCRBV06-02/06-03,TCRBJ01-02
758e0830a0de7ad63020f00ab56f3e3a,CASSWGWGYGYTF,0.031035743446078404,TCRBV07-X,TCRBJ01-02
758e0830a0de7ad63020f00ab56f3e3a,CASSYWGPSYGYTF,0.030898006244055483,TCRBV06-06,TCRBJ01-02
758e0830a0de7ad63020f00ab56f3e3a,CASSYWGYGYTF,0.030494760737097927,TCRBV12-03/12-04,TCRBJ01-02
758e0830a0de7ad63020f00ab56f3e3a,CASNYYYGYTF,0.030446055962964652,TCRBV19-01,TCRBJ01-02
758e0830a0de7ad63020f00ab56f3e3a,CASNPLWGAWGNYGYTF,0.03042637360157761,TCRBV12-X,TCRBJ01-02
758e0830a0de7ad63020f00ab56f3e3a,CASSNWGGANYGYTF,0.030419495598176142,TCRBV06-05,TCRBJ01-02
758e0830a0de7ad63020f00ab56f3e3a,CASSYSYYGYTF,0.030263355563056,TCRBV06-02/06-03,TCRBJ01-02
758e0830a0de7ad63020f00ab56f3e3a,CAHHGGWGSYGYTF,0.030135130330127703,TCRBV30-01,TCRBJ01-02
758e0830a0de7ad63020f00ab56f3e3a,CAWNWGEEGGYTF,0.029897237438835,TCRBV30-01,TCRBJ01-02
758e0830a0de7ad63020f00ab56f3e3a,CASSYSSYYGYTF,0.0298697800365139,TCRBV06-06,TCRBJ01-02
758e0830a0de7ad63020f00ab56f3e3a,CASSYSNWGPYGYTF,0.02981744896202353,TCRBV06-05,TCRBJ01-02
758e0830a0de7ad63020f00ab56f3e3a,CASSYSGGPWGGYTF,0.029585712634597448,TCRBV06-05,TCRBJ01-02
758e0830a0de7ad63020f00ab56f3e3a,CSVSYYYGYTF,0.029428958482300267,TCRBV29-01,TCRBJ01-02
758e0830a0de7ad63020f00ab56f3e3a,PPLHF,0.029261156015226573,TCRBV25-01,TCRBJ01-06
758e0830a0de7ad63020f00ab56f3e3a,CANPHTHPAAPGTGFYGYTF,0.029101574660745363,unresolved,TCRBJ01-02
758e0830a0de7ad63020f00ab56f3e3a,CASSYSPWYGYTF,0.028998949176037164,TCRBV06-05,TCRBJ01-02
758e0830a0de7ad63020f00ab56f3e3a,CSAGGWGFNYGYTF,0.02897181589481105,TCRBV20-X,TCRBJ01-02
758e0830a0de7ad63020f00ab56f3e3a,CASSYGAYYGYTF,0.02894180576169021,TCRBV05-01,TCRBJ01-02
758e0830a0de7ad63020f00ab56f3e3a,CASSSYRGYYGYTF,0.02873713908498593,TCRBV11-02,TCRBJ01-02
758e0830a0de7ad63020f00ab56f3e3a,CAWSVPGPGWWQYF,0.02854145858760569,TCRBV30-01,TCRBJ02-07
758e0830a0de7ad63020f00ab56f3e3a,CASHHWDEGYYGYTF,0.028367595455896812,TCRBV06-X,TCRBJ01-02
758e0830a0de7ad63020f00ab56f3e3a,CASSYAGYYGYTF,0.028347859690441374,TCRBV06-02/06-03,TCRBJ01-02
758e0830a0de7ad63020f00ab56f3e3a,CASTPYYGYGYTF,0.0283340261666503,TCRBV06-05,TCRBJ01-02
758e0830a0de7ad63020f00ab56f3e3a,CASGF,0.028287302017271223,TCRBV10-01,TCRBJ01-01
758e0830a0de7ad63020f00ab56f3e3a,CATYTGTGYYGYTF,0.028245540672586993,TCRBV10-03,TCRBJ01-02
758e0830a0de7ad63020f00ab56f3e3a,CASSHWGGYGYTF,0.028236010826767532,TCRBV07-08,TCRBJ01-02
758e0830a0de7ad63020f00ab56f3e3a,CASSYYGYGYTF,0.02805400156014541,TCRBV06-02/06-03,TCRBJ01-02
758e0830a0de7ad63020f00ab56f3e3a,CASSGWTGWGYGYTF,0.028036647604243178,TCRBV19-01,TCRBJ01-02
758e0830a0de7ad63020f00ab56f3e3a,CASGGWGASYGYTF,0.02797076000574392,TCRBV02-01,TCRBJ01-02
758e0830a0de7ad63020f00ab56f3e3a,WWGGYSNQPQHF,0.027918026877649944,TCRBV02-01,TCRBJ01-05
758e0830a0de7ad63020f00ab56f3e3a,CASSPGYYYGYTF,0.027859993133822744,TCRBV18-01,TCRBJ01-02
758e0830a0de7ad63020f00ab56f3e3a,CASFPWDTWDGYTF,0.027812286079656624,TCRBV05-04,TCRBJ01-02
758e0830a0de7ad63020f00ab56f3e3a,CATSFGKGVGELFF,0.02779391288217021,TCRBV24-01,TCRBJ02-02
758e0830a0de7ad63020f00ab56f3e3a,CASSHGHHYGYTF,0.02778699296395027,TCRBV03-01/03-02,TCRBJ01-02
758e0830a0de7ad63020f00ab56f3e3a,CASRWPGWGNYGYTF,0.027724814675492926,TCRBV28-01,TCRBJ01-02
758e0830a0de7ad63020f00ab56f3e3a,CASSYYSGGYTF,0.027682518836694977,TCRBV06-02/06-03,TCRBJ01-02
758e0830a0de7ad63020f00ab56f3e3a,CASSWGGPNYGYTF,0.027680152547674638,TCRBV12-X,TCRBJ01-02
758e0830a0de7ad63020f00ab56f3e3a,CASMHTF,0.027678081604453047,TCRBV02-01,TCRBJ01-02
758e0830a0de7ad63020f00ab56f3e3a,CRPGPPWYTF,0.027633510236944967,TCRBV20-01,TCRBJ01-02
758e0830a0de7ad63020f00ab56f3e3a,CAWGGYGYTF,0.02758627114136823,TCRBV30-01,TCRBJ01-02
758e0830a0de7ad63020f00ab56f3e3a,CASSPGAWGYYGYTF,0.02757201403846373,TCRBV19-01,TCRBJ01-02
758e0830a0de7ad63020f00ab56f3e3a,CAWGTGWWTEAFF,0.027456108936368732,TCRBV30-01,TCRBJ01-01
758e0830a0de7ad63020f00ab56f3e3a,CASSWGYRDYYGYTF,0.027442943277032634,TCRBV12-X,TCRBJ01-02
758e0830a0de7ad63020f00ab56f3e3a,CAWWGGNHYGYTF,0.027427920221333762,TCRBV30-01,TCRBJ01-02
758e0830a0de7ad63020f00ab56f3e3a,CAWNHHMPLF,0.027394872533413002,TCRBV30-01,TCRBJ01-01
758e0830a0de7ad63020f00ab56f3e3a,CASSLPTGSIGEVRKGFLNWGTEAFF,0.02738199098207799,TCRBV19-01,TCRBJ01-01
758e0830a0de7ad63020f00ab56f3e3a,CACGGGPWAQYF,0.027358913236817346,TCRBV24-01,TCRBJ02-03
758e0830a0de7ad63020f00ab56f3e3a,CASSIYNWGAPYGYTF,0.027325913089610125,TCRBV07-09,TCRBJ01-02
758e0830a0de7ad63020f00ab56f3e3a,CAWGWKGGIGNTIYF,0.027323258021660253,TCRBV30-01,TCRBJ01-03
758e0830a0de7ad63020f00ab56f3e3a,CAWGYGYTF,0.02727964690931285,TCRBV30-01,TCRBJ01-02
758e0830a0de7ad63020f00ab56f3e3a,CASSYGGWSGYTF,0.027256494969460292,TCRBV12-03/12-04,TCRBJ01-02
758e0830a0de7ad63020f00ab56f3e3a,CASSSWGGNSGNTIYF,0.027227174598035985,TCRBV02-01,TCRBJ01-03
758e0830a0de7ad63020f00ab56f3e3a,CAWISRGAWAWGGGYTF,0.0271375624032453,TCRBV30-01,TCRBJ01-02
758e0830a0de7ad63020f00ab56f3e3a,WRTGANVLTF,0.027085027509596012,TCRBV20-01,TCRBJ02-06
758e0830a0de7ad63020f00ab56f3e3a,CAWSGGGPAYYGYTF,0.02697059971669875,TCRBV30-01,TCRBJ01-02
758e0830a0de7ad63020f00ab56f3e3a,CATGWTGATGYTF,0.026922049889851314,TCRBV06-05,TCRBJ01-02
758e0830a0de7ad63020f00ab56f3e3a,CAPAHTF,0.026917581300545196,TCRBV24-01,TCRBJ01-02
758e0830a0de7ad63020f00ab56f3e3a,CASSGYYGGYTF,0.026884493732494248,TCRBV19-01,TCRBJ01-02
758e0830a0de7ad63020f00ab56f3e3a,CASSYWGSRYGYTF,0.026883746809195298,TCRBV06-06,TCRBJ01-02
758e0830a0de7ad63020f00ab56f3e3a,CASFWHF,0.026881995750798564,TCRBV06-06,TCRBJ01-05
758e0830a0de7ad63020f00ab56f3e3a,CASNPFSGANVLTF,0.026817718506860055,TCRBV02-01,TCRBJ02-06
758e0830a0de7ad63020f00ab56f3e3a,CASSRWGGNNYGYTF,0.026812069169918025,TCRBV05-06,TCRBJ01-02
758e0830a0de7ad63020f00ab56f3e3a,CASSWSGGGPNYGYTF,0.026748714853765978,TCRBV12-X,TCRBJ01-02
758e0830a0de7ad63020f00ab56f3e3a,CASSYRTGYYGYTF,0.026748702440161608,TCRBV06-05,TCRBJ01-02
758e0830a0de7ad63020f00ab56f3e3a,CASSPTGGWNAFF,0.026685749191049428,TCRBV19-01,TCRBJ01-01
758e0830a0de7ad63020f00ab56f3e3a,CASSNNNRNNSPLHF,0.02668320570113808,TCRBV06-06,TCRBJ01-06
758e0830a0de7ad63020f00ab56f3e3a,CASTMWGTAKAFF,0.02666838446328695,TCRBV07-02,TCRBJ01-01
758e0830a0de7ad63020f00ab56f3e3a,NYGYTF,0.026602242459505012,TCRBV05-03,TCRBJ01-02
758e0830a0de7ad63020f00ab56f3e3a,CASSFWGPFNYGYTF,0.02655491077609444,TCRBV05-06,TCRBJ01-02
758e0830a0de7ad63020f00ab56f3e3a,CASWWGGYTF,0.02651851753435302,TCRBV19-01,TCRBJ01-02
758e0830a0de7ad63020f00ab56f3e3a,CASGSSWGPSYGYTF,0.026489900232515642,TCRBV12-05,TCRBJ01-02
758e0830a0de7ad63020f00ab56f3e3a,CASSYYGGTNYGYTF,0.02647301893476768,TCRBV06-05,TCRBJ01-02
758e0830a0de7ad63020f00ab56f3e3a,CASSFNFGGGVNYGYTF,0.02644897356944669,TCRBV05-01,TCRBJ01-02
758e0830a0de7ad63020f00ab56f3e3a,CAWSEGEGWGYTF,0.026445729226804614,TCRBV30-01,TCRBJ01-02
758e0830a0de7ad63020f00ab56f3e3a,CASSYQGGNYYGYTF,0.026410833305714403,TCRBV04-01,TCRBJ01-02
758e0830a0de7ad63020f00ab56f3e3a,CASSPHFYYGYTF,0.026361645179514514,TCRBV12-03/12-04,TCRBJ01-02
758e0830a0de7ad63020f00ab56f3e3a,CASSYYGQNYGYTF,0.026320320154547282,TCRBV06-02/06-03,TCRBJ01-02
758e0830a0de7ad63020f00ab56f3e3a,CASTPGHPHYGYTF,0.02630129240226809,TCRBV23-01,TCRBJ01-02
758e0830a0de7ad63020f00ab56f3e3a,CAWSAGWNYGYTF,0.026290864200566078,TCRBV30-01,TCRBJ01-02
758e0830a0de7ad63020f00ab56f3e3a,CRWAQYF,0.026280754229323317,TCRBV25-01,TCRBJ02-05
758e0830a0de7ad63020f00ab56f3e3a,CASSAGGTGYYYGYTF,0.026250526233293138,TCRBV07-03,TCRBJ01-02
758e0830a0de7ad63020f00ab56f3e3a,CAWPRGGYYGYTF,0.02624868124061862,TCRBV30-01,TCRBJ01-02
758e0830a0de7ad63020f00ab56f3e3a,CASSWYYGYTF,0.026170472929705698,TCRBV28-01,TCRBJ01-02
758e0830a0de7ad63020f00ab56f3e3a,CAWSVLEVTWF,0.026147203425086363,TCRBV30-01,TCRBJ02-07
758e0830a0de7ad63020f00ab56f3e3a,CASSVTEWVTEAFF,0.026127472406373312,TCRBV06-X,TCRBJ01-01
758e0830a0de7ad63020f00ab56f3e3a,CAWSWGAGDGYTF,0.02606677734259746,TCRBV30-01,TCRBJ01-02
758e0830a0de7ad63020f00ab56f3e3a,CSAHAFPYGYTF,0.026056456274336223,TCRBV20-X,TCRBJ01-02
758e0830a0de7ad63020f00ab56f3e3a,CAYRGYGYTF,0.026038753911626467,TCRBV30-01,TCRBJ01-02
7b6ac2aa8d0ec73f6477d2299745c338,WAATPGAAGRWGTF,0.034832640698396734,TCRBV06-05,TCRBJ01-02
7b6ac2aa8d0ec73f6477d2299745c338,CASIYRATWHNYGYTF,0.0314975083517338,TCRBV05-08,TCRBJ01-02
7b6ac2aa8d0ec73f6477d2299745c338,CASSYSYRGYYGYTF,0.03026673004163142,TCRBV06-05,TCRBJ01-02
7b6ac2aa8d0ec73f6477d2299745c338,CASSYSYYGYTF,0.030263376554019988,TCRBV19-01,TCRBJ01-02
7b6ac2aa8d0ec73f6477d2299745c338,CAWYSGGFNYGYTF,0.030008859438624923,TCRBV30-01,TCRBJ01-02
7b6ac2aa8d0ec73f6477d2299745c338,CASSEYYRGYYGYTF,0.029515084693434862,TCRBV25-01,TCRBJ01-02
7b6ac2aa8d0ec73f6477d2299745c338,CASRGWGYYGYTF,0.029239463785188324,TCRBV06-X,TCRBJ01-02
7b6ac2aa8d0ec73f6477d2299745c338,CASSYYKGYGYTF,0.02913045756417202,TCRBV06-05,TCRBJ01-02
7b6ac2aa8d0ec73f6477d2299745c338,CASGFVEYGHTYGYTF,0.029017462051909696,TCRBV12-05,TCRBJ01-02
7b6ac2aa8d0ec73f6477d2299745c338,TPHYGYTF,0.028512549803105136,TCRBV05-04,TCRBJ01-02
7b6ac2aa8d0ec73f6477d2299745c338,CASSHPPSHHF,0.028478286291209166,TCRBV03-01/03-02,TCRBJ02-05
7b6ac2aa8d0ec73f6477d2299745c338,CASSYHTYYGYTF,0.028420058432720482,TCRBV06-05,TCRBJ01-02
7b6ac2aa8d0ec73f6477d2299745c338,CANVFFRGGTDTQYF,0.028257083391990432,TCRBV06-06,TCRBJ02-03
7b6ac2aa8d0ec73f6477d2299745c338,CAWGGWPPYEQYF,0.028237430454812768,TCRBV30-01,TCRBJ02-07
7b6ac2aa8d0ec73f6477d2299745c338,CAWSPGGYYGYTF,0.028000898635587773,TCRBV30-01,TCRBJ01-02
7b6ac2aa8d0ec73f6477d2299745c338,CSAVDWGNPFGYTF,0.027992770683861825,TCRBV20-X,TCRBJ01-02
7b6ac2aa8d0ec73f6477d2299745c338,CASSPWAKWINYGYTF,0.027907537121323888,TCRBV18-01,TCRBJ01-02
7b6ac2aa8d0ec73f6477d2299745c338,CASAPGAYWNYGYTF,0.027897490859257384,TCRBV07-06,TCRBJ01-02
7b6ac2aa8d0ec73f6477d2299745c338,CASSWGYYGYTF,0.027818194946336236,TCRBV19-01,TCRBJ01-02
7b6ac2aa8d0ec73f6477d2299745c338,CAWGEWPTIYF,0.027756339690800696,TCRBV30-01,TCRBJ01-03
7b6ac2aa8d0ec73f6477d2299745c338,CSAFLYIYGYTF,0.027726106500940758,TCRBV20-X,TCRBJ01-02
7b6ac2aa8d0ec73f6477d2299745c338,GGGFYYGYTF,0.027665146028603652,TCRBV21-01,TCRBJ01-02
7b6ac2aa8d0ec73f6477d2299745c338,CAWGGYGYTF,0.02758627114136823,TCRBV30-01,TCRBJ01-02
7b6ac2aa8d0ec73f6477d2299745c338,CAWNHYYGYTF,0.027528213382442466,TCRBV30-01,TCRBJ01-02
7b6ac2aa8d0ec73f6477d2299745c338,CASSSNTGGWGYGYTF,0.02750190072724916,TCRBV07-08,TCRBJ01-02
7b6ac2aa8d0ec73f6477d2299745c338,CASGWRGDNPWAQYF,0.027495118394431785,TCRBV05-04,TCRBJ02-05
7b6ac2aa8d0ec73f6477d2299745c338,CASSYIGWGNYGYTF,0.02730177007406612,TCRBV06-05,TCRBJ01-02
7b6ac2aa8d0ec73f6477d2299745c338,CASSYFGPNYGYTF,0.02723269104912344,TCRBV06-05,TCRBJ01-02
7b6ac2aa8d0ec73f6477d2299745c338,CASNPYAGYGYTF,0.027089372314791655,TCRBV12-03/12-04,TCRBJ01-02
7b6ac2aa8d0ec73f6477d2299745c338,CAYYPPEAFF,0.027057234283729845,TCRBV30-01,TCRBJ01-01
7b6ac2aa8d0ec73f6477d2299745c338,CASSPFWGNTGELFF,0.02704977891623821,TCRBV27-01,TCRBJ02-02
7b6ac2aa8d0ec73f6477d2299745c338,CATCPPGGPYGYTF,0.026964295079351518,TCRBV02-01,TCRBJ01-02
7b6ac2aa8d0ec73f6477d2299745c338,CASSFGWGYGYTF,0.02696278755900744,TCRBV12-03/12-04,TCRBJ01-02
7b6ac2aa8d0ec73f6477d2299745c338,CSAPWT,0.026936113007629367,TCRBV29-01,TCRBJ01-02
7b6ac2aa8d0ec73f6477d2299745c338,CASHPGHPGTGYTF,0.026928583884502137,TCRBV12-X,TCRBJ01-02
7b6ac2aa8d0ec73f6477d2299745c338,CSAHHPTGTGHYGYTF,0.026849039487600434,TCRBV20-X,TCRBJ01-02
7b6ac2aa8d0ec73f6477d2299745c338,CASSYWGGEGNYGYTF,0.02676530132865295,TCRBV06-05,TCRBJ01-02
7b6ac2aa8d0ec73f6477d2299745c338,CASTTGWGYYGYTF,0.026763244162015212,TCRBV05-01,TCRBJ01-02
7b6ac2aa8d0ec73f6477d2299745c338,CASSYGGTGWNGYTF,0.026725244535534473,TCRBV06-05,TCRBJ01-02
7b6ac2aa8d0ec73f6477d2299745c338,CAWIVGKWNGYTF,0.026619424756421952,TCRBV30-01,TCRBJ01-02
7b6ac2aa8d0ec73f6477d2299745c338,CASTGGGYHYGYTF,0.02661853673745027,TCRBV06-X,TCRBJ01-02
7b6ac2aa8d0ec73f6477d2299745c338,CAWSVPGGYYGYTF,0.02635599601375566,TCRBV30-01,TCRBJ01-02
7b6ac2aa8d0ec73f6477d2299745c338,CASRNDNWGDNYGYTF,0.02632854252548423,TCRBV02-01,TCRBJ01-02
7b6ac2aa8d0ec73f6477d2299745c338,CASHSGGWGFF,0.026283785145433846,TCRBV23-01,TCRBJ02-01
7b6ac2aa8d0ec73f6477d2299745c338,CASSPGGFSYNYGYTF,0.026243064768924493,TCRBV05-01,TCRBJ01-02
7b6ac2aa8d0ec73f6477d2299745c338,CASSYWGRGGYTF,0.02623325740905735,TCRBV27-01,TCRBJ01-02
7b6ac2aa8d0ec73f6477d2299745c338,CASGPHF,0.02616625787161454,TCRBV06-04,TCRBJ01-03
7b6ac2aa8d0ec73f6477d2299745c338,GGYNSPLHF,0.02613149177647332,TCRBV20-01,TCRBJ01-06
7b6ac2aa8d0ec73f6477d2299745c338,ETQYF,0.02611370493799535,TCRBV27-01,TCRBJ02-05
7b6ac2aa8d0ec73f6477d2299745c338,CAWSVGFNYGYTF,0.02608916088076475,TCRBV30-01,TCRBJ01-02
7b6ac2aa8d0ec73f6477d2299745c338,CASSWVWGPYGYTF,0.02606989320473644,TCRBV05-01,TCRBJ01-02
7b6ac2aa8d0ec73f6477d2299745c338,GEPLHF,0.026060513422943327,TCRBV09-01,TCRBJ01-06
7b6ac2aa8d0ec73f6477d2299745c338,CARGGYYGYTF,0.026027293769570685,TCRBV06-05,TCRBJ01-02
7b6ac2aa8d0ec73f6477d2299745c338,CASSLPVVGNTEAFF,0.026002155493282223,TCRBV09-01,TCRBJ01-01
7b6ac2aa8d0ec73f6477d2299745c338,CASSYYQGLYYGYTF,0.025897433996792722,TCRBV06-05,TCRBJ01-02
7b6ac2aa8d0ec73f6477d2299745c338,CAWTYRGYGYTF,0.02580398839389534,TCRBV30-01,TCRBJ01-02
7b6ac2aa8d0ec73f6477d2299745c338,CSAHRRHPF,0.025793479552016992,TCRBV20-01,TCRBJ01-06
7b6ac2aa8d0ec73f6477d2299745c338,CASHPTWDPYGYTF,0.02574701651499758,TCRBV19-01,TCRBJ01-02
7b6ac2aa8d0ec73f6477d2299745c338,CASSPGGAWGANYGYTF,0.02566942868800434,TCRBV27-01,TCRBJ01-02
7b6ac2aa8d0ec73f6477d2299745c338,CASSYSMGYYGYTF,0.0256514147496672,TCRBV06-05,TCRBJ01-02
7b6ac2aa8d0ec73f6477d2299745c338,CASSYGYWGVFF,0.02559193772767417,TCRBV06-02/06-03,TCRBJ02-01
7b6ac2aa8d0ec73f6477d2299745c338,CASSDLYHYYGYTF,0.025583735784380727,TCRBV03-01/03-02,TCRBJ01-02
7b6ac2aa8d0ec73f6477d2299745c338,CAWGMWGVTEAFF,0.02550916510982427,TCRBV30-01,TCRBJ01-01
7b6ac2aa8d0ec73f6477d2299745c338,CASSSWGPYGYTF,0.025479006611195138,TCRBV27-01,TCRBJ01-02
7b6ac2aa8d0ec73f6477d2299745c338,CATCVAAGANVLTF,0.025477486723064827,TCRBV19-01,TCRBJ02-06
7b6ac2aa8d0ec73f6477d2299745c338,CAWTKDWFGNTIYF,0.025414892950698608,TCRBV30-01,TCRBJ01-03
7b6ac2aa8d0ec73f6477d2299745c338,CSAIYRGPIYYGYTF,0.025408580858619398,TCRBV20-X,TCRBJ01-02
7b6ac2aa8d0ec73f6477d2299745c338,CSAPYPGPSPLHF,0.025398153605304563,TCRBV20-X,TCRBJ01-06
7b6ac2aa8d0ec73f6477d2299745c338,CAWSPEAFF,0.025322328228040113,TCRBV30-01,TCRBJ01-01
7b6ac2aa8d0ec73f6477d2299745c338,CAGYRGPYTIYF,0.025279304517653645,TCRBV30-01,TCRBJ01-03
7b6ac2aa8d0ec73f6477d2299745c338,CAWSVGWGEGFGYTF,0.02521403954149215,TCRBV30-01,TCRBJ01-02
7b6ac2aa8d0ec73f6477d2299745c338,CASSYSPYGYTF,0.025209182122495483,TCRBV06-06,TCRBJ01-02
7b6ac2aa8d0ec73f6477d2299745c338,CASSQGGWGPYGYTF,0.025095146104433766,TCRBV03-01/03-02,TCRBJ01-02
7b6ac2aa8d0ec73f6477d2299745c338,CASSPHAHSAPLHF,0.025084054125302253,TCRBV25-01,TCRBJ01-06
7b6ac2aa8d0ec73f6477d2299745c338,CASSFNPTGGYYGYTF,0.025075767418707144,TCRBV27-01,TCRBJ01-02
7b6ac2aa8d0ec73f6477d2299745c338,CASTPWGGFGYTF,0.025017169243055824,TCRBV12-03/12-04,TCRBJ01-02
7b6ac2aa8d0ec73f6477d2299745c338,CASSYDSYYGYTF,0.025012046438230278,TCRBV05-01,TCRBJ01-02
7b6ac2aa8d0ec73f6477d2299745c338,CASSYSYYQPQHF,0.0249481758511906,TCRBV06-05,TCRBJ01-05
7b6ac2aa8d0ec73f6477d2299745c338,CASSYYRGGGWHPPETQYF,0.024896088028984086,TCRBV07-08,TCRBJ02-05
7b6ac2aa8d0ec73f6477d2299745c338,CASSYRGYGYTF,0.02488549689442964,TCRBV07-02,TCRBJ01-02
7b6ac2aa8d0ec73f6477d2299745c338,CAWSHAPNYGYTF,0.024873694279247644,TCRBV30-01,TCRBJ01-02
7b6ac2aa8d0ec73f6477d2299745c338,CASHPGPVYGYTF,0.024866504329169474,TCRBV12-02,TCRBJ01-02
7b6ac2aa8d0ec73f6477d2299745c338,CASSHGGHYGYTF,0.0248108890633239,TCRBV11-02,TCRBJ01-02
7b6ac2aa8d0ec73f6477d2299745c338,CASSIGWEWGYTF,0.024780414439173018,TCRBV19-01,TCRBJ01-02
7b6ac2aa8d0ec73f6477d2299745c338,CATTGHTGGPPNYGYTF,0.02474922242760279,TCRBV06-X,TCRBJ01-02
7b6ac2aa8d0ec73f6477d2299745c338,CASSYAPHGHGYTF,0.02473274074269829,TCRBV06-05,TCRBJ01-02
7b6ac2aa8d0ec73f6477d2299745c338,CAWRRRGPGGHQPQHF,0.024685219582866288,TCRBV30-01,TCRBJ01-05
7b6ac2aa8d0ec73f6477d2299745c338,CASISAWVSF,0.024642117773724326,TCRBV06-05,TCRBJ01-02
7b6ac2aa8d0ec73f6477d2299745c338,CASSFHHGGYGYTF,0.024629146128708573,TCRBV27-01,TCRBJ01-02
7b6ac2aa8d0ec73f6477d2299745c338,CASSWDRGGWNTEAFF,0.024627077182024563,TCRBV06-02/06-03,TCRBJ01-01
7b6ac2aa8d0ec73f6477d2299745c338,QPQHF,0.024621363760219915,TCRBV20-01,TCRBJ01-05
7b6ac2aa8d0ec73f6477d2299745c338,CASAAWGWTEAFF,0.024582340650950822,TCRBV12-05,TCRBJ01-01
7b6ac2aa8d0ec73f6477d2299745c338,CSAWRPLHF,0.0245800683203997,TCRBV20-01,TCRBJ01-06
7b6ac2aa8d0ec73f6477d2299745c338,CAWSPYSGVYGYTF,0.02456089743444938,TCRBV30-01,TCRBJ01-02
7b6ac2aa8d0ec73f6477d2299745c338,CASHQPQHF,0.024553511536354454,TCRBV25-01,TCRBJ01-05
7b6ac2aa8d0ec73f6477d2299745c338,CASYSGSPFYGYTF,0.024542484551320617,TCRBV09-01,TCRBJ01-02
7b6ac2aa8d0ec73f6477d2299745c338,CACHSPLHF,0.02451383925927841,TCRBV30-01,TCRBJ01-06
7b6ac2aa8d0ec73f6477d2299745c338,CASRYGYGYTF,0.024510340340750423,TCRBV06-05,TCRBJ01-02
7b6ac2aa8d0ec73f6477d2299745c338,CASSYGYGYTF,0.024498189835316132,TCRBV06-05,TCRBJ01-02
7ff9bc8c0a7dd6706bd985a3aa8f51dc,CSARPGLPFVGYGYTF,0.05567383582602037,TCRBV20-X,TCRBJ01-02
7ff9bc8c0a7dd6706bd985a3aa8f51dc,CASWEPPWHF,0.032220625102615516,TCRBV06-05,TCRBJ01-05
7ff9bc8c0a7dd6706bd985a3aa8f51dc,CAWGAWYGYTF,0.030397871000442705,TCRBV30-01,TCRBJ01-02
7ff9bc8c0a7dd6706bd985a3aa8f51dc,CASRF,0.030354162971031693,TCRBV25-01,TCRBJ02-04
7ff9bc8c0a7dd6706bd985a3aa8f51dc,CASWGGFPYGYTF,0.030342509364362478,TCRBV27-01,TCRBJ01-02
7ff9bc8c0a7dd6706bd985a3aa8f51dc,CSPPHRHRDRTPPSPLHF,0.030288043681838437,TCRBV29-01,TCRBJ01-06
7ff9bc8c0a7dd6706bd985a3aa8f51dc,CASYGGPNYGYTF,0.030095772386840604,TCRBV06-X,TCRBJ01-02
7ff9bc8c0a7dd6706bd985a3aa8f51dc,CASSYRTGGWYNYGYTF,0.029846589041206552,TCRBV13-01,TCRBJ01-02
7ff9bc8c0a7dd6706bd985a3aa8f51dc,CASSYSSTGWGGGYTF,0.029754195619113476,TCRBV27-01,TCRBJ01-02
7ff9bc8c0a7dd6706bd985a3aa8f51dc,CASSYFRGYYGYTF,0.029195776398721632,TCRBV06-05,TCRBJ01-02
7ff9bc8c0a7dd6706bd985a3aa8f51dc,WYKNTEAFF,0.028998420501032244,TCRBV05-03,TCRBJ01-01
7ff9bc8c0a7dd6706bd985a3aa8f51dc,CASNIWGAPGYGYTF,0.028871288814163704,TCRBV05-06,TCRBJ01-02
7ff9bc8c0a7dd6706bd985a3aa8f51dc,CASSPSGGWNSYGYTF,0.028533812776390395,TCRBV06-X,TCRBJ01-02
7ff9bc8c0a7dd6706bd985a3aa8f51dc,CASSHPWPHSYGYTF,0.028453075824375035,TCRBV23-01,TCRBJ01-02
7ff9bc8c0a7dd6706bd985a3aa8f51dc,CACMGYMAFF,0.028128425911286312,TCRBV06-05,TCRBJ01-01
7ff9bc8c0a7dd6706bd985a3aa8f51dc,CASSGGPTYTYGYTF,0.028015199075219113,TCRBV28-01,TCRBJ01-02
7ff9bc8c0a7dd6706bd985a3aa8f51dc,CASSIYVYYGYTF,0.027889531037176635,TCRBV19-01,TCRBJ01-02
7ff9bc8c0a7dd6706bd985a3aa8f51dc,CAWAPVGYNYGYTF,0.02775691714328627,TCRBV30-01,TCRBJ01-02
7ff9bc8c0a7dd6706bd985a3aa8f51dc,CAWSPGGGYNYGYTF,0.02773548041362263,TCRBV30-01,TCRBJ01-02
7ff9bc8c0a7dd6706bd985a3aa8f51dc,CASSYFYQGSGYYGYTF,0.027670392680205595,TCRBV06-X,TCRBJ01-02
7ff9bc8c0a7dd6706bd985a3aa8f51dc,CASSVPIPGPGPGPEKLFF,0.027595584724065727,TCRBV09-01,TCRBJ01-04
7ff9bc8c0a7dd6706bd985a3aa8f51dc,FYGYTF,0.027441791534006617,TCRBV10-02,TCRBJ01-02
7ff9bc8c0a7dd6706bd985a3aa8f51dc,CASSYVLGGGKTEAFF,0.027416347457114836,TCRBV06-05,TCRBJ01-01
7ff9bc8c0a7dd6706bd985a3aa8f51dc,CASMAGWYYGYTF,0.027395096460577337,TCRBV06-05,TCRBJ01-02
7ff9bc8c0a7dd6706bd985a3aa8f51dc,CASSWGGNSYGYTF,0.02726425547529901,TCRBV06-05,TCRBJ01-02
7ff9bc8c0a7dd6706bd985a3aa8f51dc,CASSWGGPYGYTF,0.027056948708878578,TCRBV06-02/06-03,TCRBJ01-02
7ff9bc8c0a7dd6706bd985a3aa8f51dc,CASSYSTGGGFNYGYTF,0.027052006531446557,TCRBV06-X,TCRBJ01-02
7ff9bc8c0a7dd6706bd985a3aa8f51dc,CASMWAEAFF,0.02705064797870163,TCRBV06-05,TCRBJ01-01
7ff9bc8c0a7dd6706bd985a3aa8f51dc,CATFHVPPGYTF,0.026974142891767708,TCRBV02-01,TCRBJ01-02
7ff9bc8c0a7dd6706bd985a3aa8f51dc,CAYRYPYGYTF,0.02692917739251261,TCRBV27-01,TCRBJ01-02
7ff9bc8c0a7dd6706bd985a3aa8f51dc,CAWMWGIPYGYTF,0.026890460487184607,TCRBV30-01,TCRBJ01-02
7ff9bc8c0a7dd6706bd985a3aa8f51dc,CASSPWGGYGYTF,0.026769049648680862,TCRBV06-05,TCRBJ01-02
7ff9bc8c0a7dd6706bd985a3aa8f51dc,CASWNGWANVLTF,0.026757104628115775,TCRBV06-06,TCRBJ02-06
7ff9bc8c0a7dd6706bd985a3aa8f51dc,CASSAYRGNNYGYTF,0.026587603798950976,TCRBV05-06,TCRBJ01-02
7ff9bc8c0a7dd6706bd985a3aa8f51dc,CASSYHAPSYGYTF,0.026572194383810598,TCRBV02-01,TCRBJ01-02
7ff9bc8c0a7dd6706bd985a3aa8f51dc,CATHPGWGVFGYTF,0.02655187409715226,TCRBV05-01,TCRBJ01-02
7ff9bc8c0a7dd6706bd985a3aa8f51dc,CASSYFGTGGTNYGYTF,0.026550664757943706,TCRBV06-X,TCRBJ01-02
7ff9bc8c0a7dd6706bd985a3aa8f51dc,CAWNHPAWPQHF,0.0263698173675567,TCRBV30-01,TCRBJ01-05
7ff9bc8c0a7dd6706bd985a3aa8f51dc,CACRGVYYGYTF,0.02632143832351427,TCRBV30-01,TCRBJ01-02
7ff9bc8c0a7dd6706bd985a3aa8f51dc,AKNIQYF,0.026134668262822108,TCRBV12-X,TCRBJ02-04
7ff9bc8c0a7dd6706bd985a3aa8f51dc,CSAHPPAGYTF,0.02605815197270833,TCRBV20-01,TCRBJ01-02
7ff9bc8c0a7dd6706bd985a3aa8f51dc,CSAHGAHGYTF,0.026038658679878812,TCRBV20-01,TCRBJ01-02
7ff9bc8c0a7dd6706bd985a3aa8f51dc,CASSLPHHPGQGAIPFYGYTF,0.02601960101590318,TCRBV05-01,TCRBJ01-02
7ff9bc8c0a7dd6706bd985a3aa8f51dc,CSAKPPGAWHYTF,0.02599284017624608,TCRBV20-X,TCRBJ01-02
7ff9bc8c0a7dd6706bd985a3aa8f51dc,SAQPQHF,0.025962931493023974,TCRBV30-01,TCRBJ01-05
7ff9bc8c0a7dd6706bd985a3aa8f51dc,CASYPGGAYNYGYTF,0.025916636287743544,TCRBV05-04,TCRBJ01-02
7ff9bc8c0a7dd6706bd985a3aa8f51dc,CASSPRPLVGNTIYF,0.025862994568081544,TCRBV06-05,TCRBJ01-03
7ff9bc8c0a7dd6706bd985a3aa8f51dc,CASIRGGGWPNYGYTF,0.0258008675144675,TCRBV06-X,TCRBJ01-02
7ff9bc8c0a7dd6706bd985a3aa8f51dc,CASSPNTGGYNYGYTF,0.025800134917683456,TCRBV18-01,TCRBJ01-02
7ff9bc8c0a7dd6706bd985a3aa8f51dc,CASSSPYPGPQPQHF,0.025779369955532514,TCRBV28-01,TCRBJ01-05
7ff9bc8c0a7dd6706bd985a3aa8f51dc,CASSYQHGAHMRIYTF,0.025753338677353795,TCRBV06-05,TCRBJ01-02
7ff9bc8c0a7dd6706bd985a3aa8f51dc,CASIYRGAGWKKLFF,0.025735545381136673,TCRBV28-01,TCRBJ01-04
7ff9bc8c0a7dd6706bd985a3aa8f51dc,CAWEGGGDWVYGYTF,0.0257243272004583,TCRBV30-01,TCRBJ01-02
7ff9bc8c0a7dd6706bd985a3aa8f51dc,CASSWWRAEAFF,0.025702800682584546,TCRBV06-05,TCRBJ01-01
7ff9bc8c0a7dd6706bd985a3aa8f51dc,CASSYYQGANYGYTF,0.025575566109402703,TCRBV06-06,TCRBJ01-02
7ff9bc8c0a7dd6706bd985a3aa8f51dc,CASSYSYSPNYGYTF,0.025536821901715516,TCRBV06-05,TCRBJ01-02
7ff9bc8c0a7dd6706bd985a3aa8f51dc,CAWSPAGWYGYTF,0.02552013479357306,TCRBV30-01,TCRBJ01-02
7ff9bc8c0a7dd6706bd985a3aa8f51dc,CASSYGWGYTF,0.02549473456993343,TCRBV06-02/06-03,TCRBJ01-02
7ff9bc8c0a7dd6706bd985a3aa8f51dc,CASSAPYYHPENYGYTF,0.02541338712120071,TCRBV05-01,TCRBJ01-02
7ff9bc8c0a7dd6706bd985a3aa8f51dc,CAFWGGGYGYTF,0.0253641000447203,TCRBV30-01,TCRBJ01-02
7ff9bc8c0a7dd6706bd985a3aa8f51dc,CAIHRGF,0.025295957278088543,TCRBV24-01,TCRBJ02-07
7ff9bc8c0a7dd6706bd985a3aa8f51dc,CASSYYGYTF,0.025281230020721406,TCRBV06-04,TCRBJ01-02
7ff9bc8c0a7dd6706bd985a3aa8f51dc,CASSSFGGGPSNYGYTF,0.02527403691860218,TCRBV05-05,TCRBJ01-02
7ff9bc8c0a7dd6706bd985a3aa8f51dc,CASSLPKNTF,0.025271975400710675,TCRBV05-01,TCRBJ01-02
7ff9bc8c0a7dd6706bd985a3aa8f51dc,CASSSNSPGGGCTF,0.025233880045633757,TCRBV07-09,TCRBJ01-02
7ff9bc8c0a7dd6706bd985a3aa8f51dc,CAWSHVVF,0.02516308793229537,TCRBV30-01,TCRBJ02-03
7ff9bc8c0a7dd6706bd985a3aa8f51dc,CAFGGYYGNTIYF,0.0251453368740578,TCRBV30-01,TCRBJ01-03
7ff9bc8c0a7dd6706bd985a3aa8f51dc,CASSPNYKGYYGYTF,0.025133877155411183,TCRBV06-05,TCRBJ01-02
7ff9bc8c0a7dd6706bd985a3aa8f51dc,CASSLGRAIEKLFF,0.025083025064516668,TCRBV12-X,TCRBJ01-04
7ff9bc8c0a7dd6706bd985a3aa8f51dc,CASGGGYYGYTF,0.02507254148379577,TCRBV04-01,TCRBJ01-02
7ff9bc8c0a7dd6706bd985a3aa8f51dc,CAWSVPGPGPGNTIYF,0.025046249321457954,TCRBV30-01,TCRBJ01-03
7ff9bc8c0a7dd6706bd985a3aa8f51dc,CASGGWGGASGNTIYF,0.024977669873120254,TCRBV11-02,TCRBJ01-03
7ff9bc8c0a7dd6706bd985a3aa8f51dc,CASSYSYSYTF,0.024969147502214482,TCRBV06-06,TCRBJ01-02
7ff9bc8c0a7dd6706bd985a3aa8f51dc,CASTGPYYGYTF,0.024966747468492898,TCRBV02-01,TCRBJ01-02
7ff9bc8c0a7dd6706bd985a3aa8f51dc,CASSPYYGYTF,0.024954330087455213,TCRBV07-09,TCRBJ01-02
7ff9bc8c0a7dd6706bd985a3aa8f51dc,CASSPFGTGGNYGYTF,0.024949467770117032,TCRBV05-01,TCRBJ01-02
7ff9bc8c0a7dd6706bd985a3aa8f51dc,CAWSVWGTEAFF,0.024891349613477297,TCRBV30-01,TCRBJ01-01
7ff9bc8c0a7dd6706bd985a3aa8f51dc,CASSHAPYGYTF,0.02485610026888114,TCRBV12-03/12-04,TCRBJ01-02
7ff9bc8c0a7dd6706bd985a3aa8f51dc,CASSYRYSYGYTF,0.024843577675808127,TCRBV06-05,TCRBJ01-02
7ff9bc8c0a7dd6706bd985a3aa8f51dc,CASSHYYSPLHF,0.02484106811962841,TCRBV11-02,TCRBJ01-06
7ff9bc8c0a7dd6706bd985a3aa8f51dc,CASAPWGGSYGYTF,0.024828724642810964,TCRBV06-05,TCRBJ01-02
7ff9bc8c0a7dd6706bd985a3aa8f51dc,CAWMGWGGENTEAFF,0.024802093451053702,TCRBV30-01,TCRBJ01-01
7ff9bc8c0a7dd6706bd985a3aa8f51dc,CASFLEWGGYTFGDYTF,0.024790917316501973,TCRBV02-01,TCRBJ01-02
7ff9bc8c0a7dd6706bd985a3aa8f51dc,CSQGPYYGYTF,0.024736243283858688,TCRBV21-01,TCRBJ01-02
7ff9bc8c0a7dd6706bd985a3aa8f51dc,CASSYSGGNFYGYTF,0.02472980220180565,TCRBV06-05,TCRBJ01-02
7ff9bc8c0a7dd6706bd985a3aa8f51dc,CSAPAGEHQPQHF,0.024722532069766108,TCRBV20-X,TCRBJ01-05
7ff9bc8c0a7dd6706bd985a3aa8f51dc,CAWSHYNYGYTF,0.02465946810046917,TCRBV30-01,TCRBJ01-02
7ff9bc8c0a7dd6706bd985a3aa8f51dc,CASCNSGANVLTF,0.024622143893233014,TCRBV06-05,TCRBJ02-06
7ff9bc8c0a7dd6706bd985a3aa8f51dc,CAWSDWGAEAFF,0.024599854467755547,TCRBV30-01,TCRBJ01-01
7ff9bc8c0a7dd6706bd985a3aa8f51dc,CASGAYYGYTF,0.024589577744521234,TCRBV12-05,TCRBJ01-02
7ff9bc8c0a7dd6706bd985a3aa8f51dc,CASSKWGN,0.0245884769663316,TCRBV21-01,TCRBJ02-07
7ff9bc8c0a7dd6706bd985a3aa8f51dc,CASSNAAGTGNFSSGNTIYF,0.0245832267724433,TCRBV21-01,TCRBJ01-03
7ff9bc8c0a7dd6706bd985a3aa8f51dc,CASIYFGFYTF,0.024550807865432966,TCRBV11-03,TCRBJ01-02
7ff9bc8c0a7dd6706bd985a3aa8f51dc,CATWHPPGQFYYGYTF,0.024540779410752344,TCRBV19-01,TCRBJ01-02
7ff9bc8c0a7dd6706bd985a3aa8f51dc,CASSYWGGAFF,0.024515610995151496,TCRBV06-05,TCRBJ01-01
7ff9bc8c0a7dd6706bd985a3aa8f51dc,CASSSGGYSGAPYYGYTF,0.024505773238851135,TCRBV07-08,TCRBJ01-02
7ff9bc8c0a7dd6706bd985a3aa8f51dc,CATDIAPEAFF,0.02450040777615096,TCRBV30-01,TCRBJ01-01
7ff9bc8c0a7dd6706bd985a3aa8f51dc,CATWKAEAFF,0.024477171143258262,TCRBV19-01,TCRBJ01-01
80208adf3ee35769c26542c4e7b1c02a,WRRDAFF,0.03540736183368982,TCRBV23-01,TCRBJ01-01
80208adf3ee35769c26542c4e7b1c02a,YHYGYTF,0.03480526220618461,TCRBV25-01,TCRBJ01-02
80208adf3ee35769c26542c4e7b1c02a,CAWKWLKHF,0.03116431212684937,TCRBV30-01,TCRBJ01-05
80208adf3ee35769c26542c4e7b1c02a,CGWGPWGGTQYF,0.030919307331701062,TCRBV30-01,TCRBJ02-03
80208adf3ee35769c26542c4e7b1c02a,CAWSWEWGAFF,0.030815872118815132,TCRBV30-01,TCRBJ01-01
80208adf3ee35769c26542c4e7b1c02a,CASSSYSYYGYTF,0.030182252270649256,TCRBV11-02,TCRBJ01-02
80208adf3ee35769c26542c4e7b1c02a,CAWYGPPSYEQYF,0.030110075593337587,TCRBV30-01,TCRBJ02-07
80208adf3ee35769c26542c4e7b1c02a,CSSWGYSNYGYTF,0.029948305059794386,TCRBV20-X,TCRBJ01-02
80208adf3ee35769c26542c4e7b1c02a,WRDGYTF,0.029615986371764668,TCRBV22-01,TCRBJ01-02
80208adf3ee35769c26542c4e7b1c02a,WEAFF,0.029567400664015756,TCRBV29-01,TCRBJ01-01
80208adf3ee35769c26542c4e7b1c02a,HIYNSPLHF,0.029440283797358496,TCRBV20-01,TCRBJ01-06
80208adf3ee35769c26542c4e7b1c02a,CASSPYGGNTNYGYTF,0.02912526596132049,TCRBV28-01,TCRBJ01-02
80208adf3ee35769c26542c4e7b1c02a,CASSYYGSNYGYTF,0.029003115126519995,TCRBV06-06,TCRBJ01-02
80208adf3ee35769c26542c4e7b1c02a,CASSPRGLPLVGNEQFF,0.028920739948148505,TCRBV19-01,TCRBJ02-01
80208adf3ee35769c26542c4e7b1c02a,CARRPHGTRRPPSP,0.028912428238909122,TCRBV05-03,TCRBJ01-02
80208adf3ee35769c26542c4e7b1c02a,CASSYYRGYGYTF,0.02878078530984553,TCRBV06-05,TCRBJ01-02
80208adf3ee35769c26542c4e7b1c02a,CSAASTRWYWGDTEAFF,0.028634547269179834,TCRBV20-X,TCRBJ01-01
80208adf3ee35769c26542c4e7b1c02a,CAWIPTYGYGYTF,0.028173880132300315,TCRBV30-01,TCRBJ01-02
80208adf3ee35769c26542c4e7b1c02a,CSAMPWHTF,0.028114028631020024,TCRBV20-01,TCRBJ01-02
80208adf3ee35769c26542c4e7b1c02a,CASSYYRFNYGYTF,0.028017951908183646,TCRBV06-07,TCRBJ01-02
80208adf3ee35769c26542c4e7b1c02a,CASTYRGGWNYGYTF,0.02796427203556252,TCRBV06-05,TCRBJ01-02
80208adf3ee35769c26542c4e7b1c02a,CASSYTGYNYGYTF,0.02783512561783185,TCRBV06-05,TCRBJ01-02
80208adf3ee35769c26542c4e7b1c02a,CASSFLDAIGAFF,0.027796950638077016,TCRBV11-02,TCRBJ01-01
80208adf3ee35769c26542c4e7b1c02a,CASGGYYGYTF,0.02755366410910952,TCRBV28-01,TCRBJ01-02
80208adf3ee35769c26542c4e7b1c02a,CASYGYGYTF,0.02750532518746338,TCRBV09-01,TCRBJ01-02
80208adf3ee35769c26542c4e7b1c02a,CASRGGWFNYGYTF,0.027294499247038525,TCRBV06-05,TCRBJ01-02
80208adf3ee35769c26542c4e7b1c02a,FSPLHF,0.02728681105805513,TCRBV30-01,TCRBJ01-06
80208adf3ee35769c26542c4e7b1c02a,CASSYGWGNYGYTF,0.027244063670212232,TCRBV06-06,TCRBJ01-02
80208adf3ee35769c26542c4e7b1c02a,CSAWRGYNYGYTF,0.027099107388729896,TCRBV20-X,TCRBJ01-02
80208adf3ee35769c26542c4e7b1c02a,CSATPWKGLYNEQFF,0.027091089375047683,TCRBV20-X,TCRBJ02-01
80208adf3ee35769c26542c4e7b1c02a,CAWTLWAGANVLTF,0.027056112399384886,TCRBV30-01,TCRBJ02-06
80208adf3ee35769c26542c4e7b1c02a,CASSYWAGAPYGYTF,0.02705211321045236,TCRBV12-X,TCRBJ01-02
80208adf3ee35769c26542c4e7b1c02a,CASSSGGGFNYGYTF,0.027035952867048792,TCRBV07-02,TCRBJ01-02
80208adf3ee35769c26542c4e7b1c02a,CASGYPYGYTF,0.02686202936900501,TCRBV06-05,TCRBJ01-02
80208adf3ee35769c26542c4e7b1c02a,CAYTGGCIYGYTF,0.02684338996283652,TCRBV06-04,TCRBJ01-02
80208adf3ee35769c26542c4e7b1c02a,CASSYSPGGWGGYTF,0.026723810474448658,TCRBV06-06,TCRBJ01-02
80208adf3ee35769c26542c4e7b1c02a,CASSWYRGHYGYTF,0.026705278288833924,TCRBV07-03,TCRBJ01-02
80208adf3ee35769c26542c4e7b1c02a,CASHYGGNHNQPQHF,0.026702533154586722,TCRBV07-09,TCRBJ01-05
80208adf3ee35769c26542c4e7b1c02a,CASTYGIYYGYTF,0.026643790877281224,TCRBV06-05,TCRBJ01-02
80208adf3ee35769c26542c4e7b1c02a,CAWGPNYGYTF,0.02657883084076776,TCRBV30-01,TCRBJ01-02
80208adf3ee35769c26542c4e7b1c02a,CASSVGRGIGELFF,0.026502368931825143,TCRBV11-02,TCRBJ02-02
80208adf3ee35769c26542c4e7b1c02a,CASSPYRGHWYGYTF,0.026497989631029995,TCRBV12-X,TCRBJ01-02
80208adf3ee35769c26542c4e7b1c02a,CASSFWGGYGYTF,0.02647794425398934,TCRBV05-04,TCRBJ01-02
80208adf3ee35769c26542c4e7b1c02a,CATHTF,0.02636473566297843,TCRBV24-01,TCRBJ01-02
80208adf3ee35769c26542c4e7b1c02a,CATYGVGYGYTF,0.026302539538400435,TCRBV19-01,TCRBJ01-02
80208adf3ee35769c26542c4e7b1c02a,CASMWGGNYGYTF,0.026175767371056872,TCRBV12-03/12-04,TCRBJ01-02
80208adf3ee35769c26542c4e7b1c02a,CASNPWGGSANTEAFF,0.026149162904672875,TCRBV05-05,TCRBJ01-01
80208adf3ee35769c26542c4e7b1c02a,CAWTLWGEGYTF,0.02610217178220679,TCRBV30-01,TCRBJ01-02
80208adf3ee35769c26542c4e7b1c02a,CASCGGSGWLANYGYTF,0.02609993392422751,TCRBV06-X,TCRBJ01-02
80208adf3ee35769c26542c4e7b1c02a,CASYWKVAANYGYTF,0.026031691054401798,TCRBV06-05,TCRBJ01-02
80208adf3ee35769c26542c4e7b1c02a,CASAPAGGANVLTF,0.025942017908740206,TCRBV12-X,TCRBJ02-06
80208adf3ee35769c26542c4e7b1c02a,CASWYLYGYTF,0.02593778294712961,TCRBV19-01,TCRBJ01-02
80208adf3ee35769c26542c4e7b1c02a,CASIPWAGFNYGYTF,0.0258867934187499,TCRBV19-01,TCRBJ01-02
80208adf3ee35769c26542c4e7b1c02a,CAWSGGYGANYGYTF,0.02585064907834931,TCRBV30-01,TCRBJ01-02
80208adf3ee35769c26542c4e7b1c02a,CASSLAPWNWYYGYTF,0.025827022043006884,TCRBV12-X,TCRBJ01-02
80208adf3ee35769c26542c4e7b1c02a,WRATQPQHF,0.025817547433688182,TCRBV21-01,TCRBJ01-05
80208adf3ee35769c26542c4e7b1c02a,CAWSPPPSYEQYF,0.025765237949971084,TCRBV30-01,TCRBJ02-07
80208adf3ee35769c26542c4e7b1c02a,CASSAPPADHTSPSPHF,0.025760084182508542,TCRBV11-03,TCRBJ01-05
80208adf3ee35769c26542c4e7b1c02a,CASSDPWGGGYTF,0.02575295434005123,TCRBV06-04,TCRBJ01-02
80208adf3ee35769c26542c4e7b1c02a,CAIRWYYGYTF,0.02574163160747715,TCRBV02-01,TCRBJ01-02
80208adf3ee35769c26542c4e7b1c02a,CASCAGGANVLTF,0.025710276829279278,TCRBV19-01,TCRBJ02-06
80208adf3ee35769c26542c4e7b1c02a,CASSHTHGTGPYGYTF,0.025703338034655947,TCRBV03-01/03-02,TCRBJ01-02
80208adf3ee35769c26542c4e7b1c02a,CASIEGALKKLFF,0.025697723245532787,TCRBV12-03/12-04,TCRBJ01-04
80208adf3ee35769c26542c4e7b1c02a,CASVITHPGGHNYGYTF,0.025692706467329823,TCRBV19-01,TCRBJ01-02
80208adf3ee35769c26542c4e7b1c02a,CASSGGGSSFFSGNTIYF,0.025674693025329865,TCRBV06-X,TCRBJ01-03
80208adf3ee35769c26542c4e7b1c02a,CASSYGNNYGYTF,0.025649239842551082,TCRBV06-06,TCRBJ01-02
80208adf3ee35769c26542c4e7b1c02a,CAWIVGTVGVYTF,0.025608102407457978,TCRBV30-01,TCRBJ01-02
80208adf3ee35769c26542c4e7b1c02a,CASSYSYGTTNYGYTF,0.025588632269894537,TCRBV06-02/06-03,TCRBJ01-02
80208adf3ee35769c26542c4e7b1c02a,CCARDWWGAGGYTF,0.02553743152178291,TCRBV20-X,TCRBJ01-02
80208adf3ee35769c26542c4e7b1c02a,CASAGGVWANVLTF,0.025516639764624264,TCRBV19-01,TCRBJ02-06
80208adf3ee35769c26542c4e7b1c02a,CASGGQWGPYGYTF,0.025479725887964162,TCRBV18-01,TCRBJ01-02
80208adf3ee35769c26542c4e7b1c02a,CASSFGAGGGAYYGYTF,0.025461176055250532,TCRBV11-02,TCRBJ01-02
80208adf3ee35769c26542c4e7b1c02a,CAWSAGWGASAYGYTF,0.025428316387356254,TCRBV30-01,TCRBJ01-02
80208adf3ee35769c26542c4e7b1c02a,CASSFYSNGPYGYTF,0.02542456333218281,TCRBV07-02,TCRBJ01-02
80208adf3ee35769c26542c4e7b1c02a,CASGAWANVLTF,0.025419419820214065,TCRBV04-01,TCRBJ02-06
80208adf3ee35769c26542c4e7b1c02a,CASGPWGGNYGYTF,0.02540501806467151,TCRBV27-01,TCRBJ01-02
80208adf3ee35769c26542c4e7b1c02a,CASSYSSSGGYSGNTIYF,0.025387270383257485,TCRBV06-02/06-03,TCRBJ01-03
80208adf3ee35769c26542c4e7b1c02a,CASSPGGGYTPNYGYTF,0.025375666422863655,TCRBV05-01,TCRBJ01-02
80208adf3ee35769c26542c4e7b1c02a,CAYHQPWGTAYGYTF,0.025364250339325108,TCRBV30-01,TCRBJ01-02
80208adf3ee35769c26542c4e7b1c02a,CASNPTGGWFDYGYTF,0.025359755137509536,TCRBV19-01,TCRBJ01-02
80208adf3ee35769c26542c4e7b1c02a,CASSSFRYRGYYGYTF,0.02534413331313403,TCRBV27-01,TCRBJ01-02
80208adf3ee35769c26542c4e7b1c02a,CAWSGIWGAFF,0.025313567781141615,TCRBV30-01,TCRBJ01-01
80208adf3ee35769c26542c4e7b1c02a,CASSYWGGGNTIYF,0.025292599421709572,TCRBV06-06,TCRBJ01-03
80208adf3ee35769c26542c4e7b1c02a,GVNYGYTF,0.025271724329592963,TCRBV20-01,TCRBJ01-02
80208adf3ee35769c26542c4e7b1c02a,CAWNRGYYGYTF,0.02526763412134608,TCRBV30-01,TCRBJ01-02
80208adf3ee35769c26542c4e7b1c02a,CASCSTGGFNYGYTF,0.025251835768109583,TCRBV19-01,TCRBJ01-02
80208adf3ee35769c26542c4e7b1c02a,CAWGPGGGYGYTF,0.025225133284417695,TCRBV11-02,TCRBJ01-02
80208adf3ee35769c26542c4e7b1c02a,CASSHYYGYTF,0.025195323862379118,TCRBV03-01/03-02,TCRBJ01-02
80208adf3ee35769c26542c4e7b1c02a,CASSYAGPNYGYTF,0.02519228201334586,TCRBV06-05,TCRBJ01-02
80208adf3ee35769c26542c4e7b1c02a,NTIYF,0.025188596556331704,TCRBV25-01,TCRBJ01-03
80208adf3ee35769c26542c4e7b1c02a,CASSSNPGTGGCTF,0.02515822545744464,TCRBV11-02,TCRBJ01-02
80208adf3ee35769c26542c4e7b1c02a,CASFKGGYYGYTF,0.025144894167107988,TCRBV12-03/12-04,TCRBJ01-02
80208adf3ee35769c26542c4e7b1c02a,CASSWGPGYGYTF,0.02514161428120206,TCRBV19-01,TCRBJ01-02
80208adf3ee35769c26542c4e7b1c02a,CASWLEKLFF,0.025135663338862954,TCRBV02-01,TCRBJ01-04
80208adf3ee35769c26542c4e7b1c02a,CASSYFGPSGGYTF,0.025126765778959857,TCRBV06-02/06-03,TCRBJ01-02
80208adf3ee35769c26542c4e7b1c02a,CASSCPGCNQPQHF,0.025121777303754807,TCRBV07-X,TCRBJ01-05
80208adf3ee35769c26542c4e7b1c02a,CASIPNWGTHGYTF,0.025116173902078938,TCRBV06-05,TCRBJ01-02
80208adf3ee35769c26542c4e7b1c02a,CASAAGYYGYTF,0.025104810283195767,TCRBV06-06,TCRBJ01-02
81d4b18e1761252275164f306c08bc59,CASSYYYGYTF,0.03404899211087026,TCRBV02-01,TCRBJ01-02
81d4b18e1761252275164f306c08bc59,CASSYWGNSYGYTF,0.03266524404616823,TCRBV06-05,TCRBJ01-02
81d4b18e1761252275164f306c08bc59,CASYYAGHYGYTF,0.030401836298413372,TCRBV28-01,TCRBJ01-02
81d4b18e1761252275164f306c08bc59,CAYYFPGGHTEAFF,0.029597645963210635,TCRBV30-01,TCRBJ01-01
81d4b18e1761252275164f306c08bc59,CASGGYPNYGYTF,0.029436227244864256,TCRBV05-05,TCRBJ01-02
81d4b18e1761252275164f306c08bc59,RRWRNTIYF,0.02941115575253246,TCRBV05-04,TCRBJ01-03
81d4b18e1761252275164f306c08bc59,CAWNWDGYYGYTF,0.029336197843321133,TCRBV30-01,TCRBJ01-02
81d4b18e1761252275164f306c08bc59,CASSYYVPYGYTF,0.029108914908839822,TCRBV07-06,TCRBJ01-02
81d4b18e1761252275164f306c08bc59,CASSWSPGTGGWSSYGYTF,0.028787100485731826,TCRBV05-01,TCRBJ01-02
81d4b18e1761252275164f306c08bc59,CASSYRAYPYYGYTF,0.028684667712272814,TCRBV06-05,TCRBJ01-02
81d4b18e1761252275164f306c08bc59,CASSYSPHYYGYTF,0.02829803197813398,TCRBV06-06,TCRBJ01-02
81d4b18e1761252275164f306c08bc59,YTF,0.028244634335945453,TCRBV30-01,TCRBJ01-02
81d4b18e1761252275164f306c08bc59,CASHPPPPLHF,0.028191339429314337,TCRBV21-01,TCRBJ01-06
81d4b18e1761252275164f306c08bc59,RRKNIQYF,0.028164055633039975,TCRBV20-01,TCRBJ02-04
81d4b18e1761252275164f306c08bc59,CAWSPYANYGYTF,0.0281390794220389,TCRBV30-01,TCRBJ01-02
81d4b18e1761252275164f306c08bc59,CASTPWGGMGHYGYTF,0.028024182461202987,TCRBV12-X,TCRBJ01-02
81d4b18e1761252275164f306c08bc59,TQYF,0.027884071147928093,TCRBV20-01,TCRBJ02-03
81d4b18e1761252275164f306c08bc59,CASSWYRAPYGYTF,0.02780445782306556,TCRBV05-01,TCRBJ01-02
81d4b18e1761252275164f306c08bc59,CAYGGGFYYGYTF,0.02777444411416153,TCRBV30-01,TCRBJ01-02
81d4b18e1761252275164f306c08bc59,CASHNF,0.027386921889912385,TCRBV05-01,TCRBJ01-02
81d4b18e1761252275164f306c08bc59,CSAGYYRGPNYGYTF,0.027362548821065785,TCRBV20-X,TCRBJ01-02
81d4b18e1761252275164f306c08bc59,CAWPG,0.027197884885265058,TCRBV27-01,TCRBJ02-07
81d4b18e1761252275164f306c08bc59,CASSYYTGFGTNYGYTF,0.027094072881394156,TCRBV06-X,TCRBJ01-02
81d4b18e1761252275164f306c08bc59,CASRYYRGYGYTF,0.02705899173193231,TCRBV05-05,TCRBJ01-02
81d4b18e1761252275164f306c08bc59,CATPPAGYYGYTF,0.027058370335778733,TCRBV13-01,TCRBJ01-02
81d4b18e1761252275164f306c08bc59,CASSWWGGGYTF,0.027047524813947336,TCRBV05-06,TCRBJ01-02
81d4b18e1761252275164f306c08bc59,CSAYQGYYGYTF,0.026956830215177013,TCRBV20-X,TCRBJ01-02
81d4b18e1761252275164f306c08bc59,LFF,0.026945610118572126,TCRBV20-01,TCRBJ01-04
81d4b18e1761252275164f306c08bc59,CAWGGFYGYTF,0.026940978346859407,TCRBV30-01,TCRBJ01-02
81d4b18e1761252275164f306c08bc59,CSAPGGGGGWTYGYTF,0.026880938620524562,TCRBV20-X,TCRBJ01-02
81d4b18e1761252275164f306c08bc59,CANHWAPAPLARPQHF,0.02674599640814443,TCRBV28-01,TCRBJ01-05
81d4b18e1761252275164f306c08bc59,CASWGYGYTF,0.02658092511320085,TCRBV10-02,TCRBJ01-02
81d4b18e1761252275164f306c08bc59,CAGWGHYGYTF,0.026454956821025666,TCRBV06-05,TCRBJ01-02
81d4b18e1761252275164f306c08bc59,CASSIGGYYFYGYTF,0.026215152104441457,TCRBV19-01,TCRBJ01-02
81d4b18e1761252275164f306c08bc59,CAASTGGYWYGYTF,0.026142438130007967,TCRBV06-05,TCRBJ01-02
81d4b18e1761252275164f306c08bc59,CASSWYRQPYGYTF,0.026123882783369873,TCRBV12-X,TCRBJ01-02
81d4b18e1761252275164f306c08bc59,CASSHPVHPYGYTF,0.026086377437499354,TCRBV18-01,TCRBJ01-02
81d4b18e1761252275164f306c08bc59,CSEAKWGTF,0.02608160173444331,TCRBV20-01,TCRBJ01-02
81d4b18e1761252275164f306c08bc59,CASSYDPFWGSHGYTF,0.026046942086014175,TCRBV06-06,TCRBJ01-02
81d4b18e1761252275164f306c08bc59,CASSYRGGGFNYGYTF,0.02593590514077483,TCRBV19-01,TCRBJ01-02
81d4b18e1761252275164f306c08bc59,CASSYSRSYYGYTF,0.02590328376784114,TCRBV06-05,TCRBJ01-02
81d4b18e1761252275164f306c08bc59,CATAPLWGGANYGYTF,0.025766675798271604,TCRBV06-06,TCRBJ01-02
81d4b18e1761252275164f306c08bc59,CSARGWGFIYGYTF,0.025765987536476777,TCRBV20-X,TCRBJ01-02
81d4b18e1761252275164f306c08bc59,CASSWGGYGYTF,0.025745641031788894,TCRBV03-01/03-02,TCRBJ01-02
81d4b18e1761252275164f306c08bc59,CSRFGHIYGYTF,0.025695637033354514,TCRBV20-X,TCRBJ01-02
81d4b18e1761252275164f306c08bc59,CAWSGPGVWYGYTF,0.02568249381011209,TCRBV30-01,TCRBJ01-02
81d4b18e1761252275164f306c08bc59,CASSYLTGGFAIGANYGYTF,0.02568233720504428,TCRBV06-X,TCRBJ01-02
81d4b18e1761252275164f306c08bc59,CASSEWWKHTF,0.025677685712778148,TCRBV02-01,TCRBJ01-02
81d4b18e1761252275164f306c08bc59,REKLFF,0.02556335125136327,TCRBV09-01,TCRBJ01-04
81d4b18e1761252275164f306c08bc59,CAWRGYTYGYTF,0.025546052265371197,TCRBV30-01,TCRBJ01-02
81d4b18e1761252275164f306c08bc59,CASSFEGPPSYEQYF,0.025503233139119636,TCRBV07-02,TCRBJ02-07
81d4b18e1761252275164f306c08bc59,CAWIYGAGNYGYTF,0.025496108846571563,TCRBV30-01,TCRBJ01-02
81d4b18e1761252275164f306c08bc59,CSAQGQGLPHEPQHF,0.02546629673128126,TCRBV20-X,TCRBJ01-05
81d4b18e1761252275164f306c08bc59,CASGHF,0.02540288416345264,TCRBV10-01,TCRBJ01-02
81d4b18e1761252275164f306c08bc59,CSAWGGHFYGYTF,0.025229133238189035,TCRBV29-01,TCRBJ01-02
81d4b18e1761252275164f306c08bc59,CATNAPGAPGNTIYF,0.025175662096633473,TCRBV11-02,TCRBJ01-03
81d4b18e1761252275164f306c08bc59,CAWWEGITEAFF,0.02517072266564664,TCRBV30-01,TCRBJ01-01
81d4b18e1761252275164f306c08bc59,CASSNYGNYGYTF,0.025147594359253223,TCRBV06-05,TCRBJ01-02
81d4b18e1761252275164f306c08bc59,CASSHTTGPHYGYTF,0.025061559726868923,TCRBV07-09,TCRBJ01-02
81d4b18e1761252275164f306c08bc59,CASFRGGYYGYTF,0.025039958043048923,TCRBV10-02,TCRBJ01-02
81d4b18e1761252275164f306c08bc59,CAWNQGWGYGYTF,0.02498160110396344,TCRBV30-01,TCRBJ01-02
81d4b18e1761252275164f306c08bc59,CASITPEAFF,0.024929727810183173,TCRBV06-05,TCRBJ01-01
81d4b18e1761252275164f306c08bc59,CASTQRFGGYRNYGYTF,0.024920213311028727,TCRBV05-06,TCRBJ01-02
81d4b18e1761252275164f306c08bc59,CASSYYTIYF,0.02486461394281895,TCRBV06-07,TCRBJ01-03
81d4b18e1761252275164f306c08bc59,CASTYGVGYGYTF,0.024783909153854852,TCRBV06-06,TCRBJ01-02
81d4b18e1761252275164f306c08bc59,CASSFGGNPYGYTF,0.024729859704233737,TCRBV28-01,TCRBJ01-02
81d4b18e1761252275164f306c08bc59,CASSYFGSYGYTF,0.024700912223892247,TCRBV06-05,TCRBJ01-02
81d4b18e1761252275164f306c08bc59,CASSWYRGPPNYGYTF,0.024700711195579473,TCRBV05-06,TCRBJ01-02
81d4b18e1761252275164f306c08bc59,CASSHTYYTF,0.024698767046899314,TCRBV12-03/12-04,TCRBJ01-02
81d4b18e1761252275164f306c08bc59,CASRFKAHDPGGNIQYF,0.0246836611849179,TCRBV12-02,TCRBJ02-04
81d4b18e1761252275164f306c08bc59,RMRAYGYTF,0.024663852349254514,TCRBV21-01,TCRBJ01-02
81d4b18e1761252275164f306c08bc59,CASYRWGHYNYEQYF,0.024651312379936903,TCRBV10-01,TCRBJ02-07
81d4b18e1761252275164f306c08bc59,WKGQPQHF,0.024642872760302477,TCRBV19-01,TCRBJ01-05
81d4b18e1761252275164f306c08bc59,CASSWGNSGNYGYTF,0.024640185282719197,TCRBV28-01,TCRBJ01-02
81d4b18e1761252275164f306c08bc59,CASWAGANVLTF,0.02463524800223614,TCRBV12-03/12-04,TCRBJ02-06
81d4b18e1761252275164f306c08bc59,CASGGAYYGYTF,0.024632674467323454,TCRBV06-X,TCRBJ01-02
81d4b18e1761252275164f306c08bc59,CASSFWWGEYGYTF,0.024614820180332172,TCRBV05-05,TCRBJ01-02
81d4b18e1761252275164f306c08bc59,CASGYYTLGYYGYTF,0.02458100152319932,TCRBV05-06,TCRBJ01-02
81d4b18e1761252275164f306c08bc59,CAWVVTGVYGYTF,0.02457903940788152,TCRBV30-01,TCRBJ01-02
81d4b18e1761252275164f306c08bc59,CASNPWGTGSNTGELFF,0.02453531803082389,TCRBV19-01,TCRBJ02-02
81d4b18e1761252275164f306c08bc59,CASSSSWGGWIANYGYTF,0.02447807918810412,TCRBV05-06,TCRBJ01-02
81d4b18e1761252275164f306c08bc59,CASSYSEGYTYGYTF,0.02447554158399988,TCRBV06-05,TCRBJ01-02
81d4b18e1761252275164f306c08bc59,CATLDTKAFF,0.02445263221776423,TCRBV28-01,TCRBJ01-01
81d4b18e1761252275164f306c08bc59,CASSGGWGSYGYTF,0.024424661533313425,TCRBV09-01,TCRBJ01-02
81d4b18e1761252275164f306c08bc59,WKDTNTEAFF,0.02442229974348384,TCRBV09-01,TCRBJ01-01
81d4b18e1761252275164f306c08bc59,CACWGYGYTF,0.024375491977870034,TCRBV19-01,TCRBJ01-02
81d4b18e1761252275164f306c08bc59,CASSFNWGSYF,0.024356216048126416,TCRBV02-01,TCRBJ01-01
81d4b18e1761252275164f306c08bc59,CASSYGPNYGYTF,0.024348121305458336,TCRBV06-02/06-03,TCRBJ01-02
81d4b18e1761252275164f306c08bc59,CASIGNIPLWGGYTF,0.02432105923428412,TCRBV19-01,TCRBJ01-02
81d4b18e1761252275164f306c08bc59,CASSYSSGVYYGYTF,0.024318599729397004,TCRBV06-05,TCRBJ01-02
81d4b18e1761252275164f306c08bc59,CSAYRGRNYGYTF,0.024318353650823635,TCRBV20-X,TCRBJ01-02
81d4b18e1761252275164f306c08bc59,CASTGPGAYYGYTF,0.02429218984474947,TCRBV06-05,TCRBJ01-02
81d4b18e1761252275164f306c08bc59,CARAYGYTF,0.024286458960961335,TCRBV07-09,TCRBJ01-02
81d4b18e1761252275164f306c08bc59,CASSYGGGHSYSNQPQHF,0.02424754166802589,TCRBV06-02/06-03,TCRBJ01-05
81d4b18e1761252275164f306c08bc59,CASTPEGFWGYTF,0.024246474152919733,TCRBV06-05,TCRBJ01-02
81d4b18e1761252275164f306c08bc59,CASSYSWGQGGPGYTF,0.02423895348955079,TCRBV06-05,TCRBJ01-02
81d4b18e1761252275164f306c08bc59,CARKIGAAF,0.024211787247751,TCRBV19-01,TCRBJ01-02
81d4b18e1761252275164f306c08bc59,CASYKGYGYTF,0.02418711809382202,TCRBV19-01,TCRBJ01-02
81d4b18e1761252275164f306c08bc59,CATRWWGEAFF,0.024182135726904724,TCRBV28-01,TCRBJ01-01
84ae85b3234c12f8c6af7b9ec06e260a,CAWWGWPRGYGYTF,0.03334852469263935,TCRBV30-01,TCRBJ01-02
84ae85b3234c12f8c6af7b9ec06e260a,CASSYDPWWGYTF,0.03224670801347936,TCRBV06-05,TCRBJ01-02
84ae85b3234c12f8c6af7b9ec06e260a,CASNPFAGANVLTF,0.031298130541120704,TCRBV06-05,TCRBJ02-06
84ae85b3234c12f8c6af7b9ec06e260a,RYGYTF,0.031254124439459664,TCRBV07-03,TCRBJ01-02
84ae85b3234c12f8c6af7b9ec06e260a,HSHF,0.030740700893420788,TCRBV12-02,TCRBJ01-02
84ae85b3234c12f8c6af7b9ec06e260a,WWYQETQYF,0.03032892481070974,TCRBV05-04,TCRBJ02-05
84ae85b3234c12f8c6af7b9ec06e260a,CATGGWGPNYGYTF,0.02988353160080468,TCRBV06-05,TCRBJ01-02
84ae85b3234c12f8c6af7b9ec06e260a,CASSYFTGYNTNYGYTF,0.029026328853138585,TCRBV06-02/06-03,TCRBJ01-02
84ae85b3234c12f8c6af7b9ec06e260a,CAWGPGWVVYF,0.029007165819517008,TCRBV30-01,TCRBJ02-07
84ae85b3234c12f8c6af7b9ec06e260a,CASSFWGNNYGYTF,0.028310789187125707,TCRBV05-06,TCRBJ01-02
84ae85b3234c12f8c6af7b9ec06e260a,CAWAPGYGYTF,0.028089043431512688,TCRBV30-01,TCRBJ01-02
84ae85b3234c12f8c6af7b9ec06e260a,PWTHINYGYTF,0.028003088757044336,TCRBV30-01,TCRBJ01-02
84ae85b3234c12f8c6af7b9ec06e260a,CAWIRVYYGYTF,0.027904012284280303,TCRBV30-01,TCRBJ01-02
84ae85b3234c12f8c6af7b9ec06e260a,CGFRYF,0.027830900075237495,TCRBV19-01,TCRBJ02-04
84ae85b3234c12f8c6af7b9ec06e260a,CSAHF,0.02751833808728069,TCRBV20-01,TCRBJ01-02
84ae85b3234c12f8c6af7b9ec06e260a,CASSYPSWPYGYTF,0.02741584364100606,TCRBV07-08,TCRBJ01-02
84ae85b3234c12f8c6af7b9ec06e260a,LHRAPHNYGYTF,0.027390094256447103,TCRBV20-X,TCRBJ01-02
84ae85b3234c12f8c6af7b9ec06e260a,CATIYRGRYYGYTF,0.027211466402013898,TCRBV30-01,TCRBJ01-02
84ae85b3234c12f8c6af7b9ec06e260a,CARIYYGYTF,0.027004991532242416,TCRBV28-01,TCRBJ01-02
84ae85b3234c12f8c6af7b9ec06e260a,CASSFGPYYGYTF,0.02687122052947256,TCRBV12-03/12-04,TCRBJ01-02
84ae85b3234c12f8c6af7b9ec06e260a,CASSWGTGGSSNYGYTF,0.02677240245185825,TCRBV06-X,TCRBJ01-02
84ae85b3234c12f8c6af7b9ec06e260a,CASSSYRYSNYGYTF,0.02675352709917343,TCRBV07-02,TCRBJ01-02
84ae85b3234c12f8c6af7b9ec06e260a,CASSPWGGANYGYTF,0.02668588388029016,TCRBV07-02,TCRBJ01-02
84ae85b3234c12f8c6af7b9ec06e260a,CASSPSGHPHYHQPQHF,0.02660472441758718,TCRBV07-09,TCRBJ01-05
84ae85b3234c12f8c6af7b9ec06e260a,CATWTGPYYGYTF,0.02659078330330507,TCRBV27-01,TCRBJ01-02
84ae85b3234c12f8c6af7b9ec06e260a,RAFF,0.026517397375804705,TCRBV10-01,TCRBJ01-01
84ae85b3234c12f8c6af7b9ec06e260a,CASSYSYSYGYTF,0.026352733709711966,TCRBV06-05,TCRBJ01-02
84ae85b3234c12f8c6af7b9ec06e260a,CASSSWGGYGYTF,0.026211915892900204,TCRBV05-01,TCRBJ01-02
84ae85b3234c12f8c6af7b9ec06e260a,CASIAPWKYF,0.026178348884088008,TCRBV19-01,TCRBJ02-03
84ae85b3234c12f8c6af7b9ec06e260a,CASSPEWGWDYGYTF,0.02614308306475652,TCRBV12-X,TCRBJ01-02
84ae85b3234c12f8c6af7b9ec06e260a,CSAYWYGTGYTF,0.026132955583340285,TCRBV20-X,TCRBJ01-02
84ae85b3234c12f8c6af7b9ec06e260a,CAWSVWGAVGYTF,0.026029252058674037,TCRBV30-01,TCRBJ01-02
84ae85b3234c12f8c6af7b9ec06e260a,CASHWGGSYGYTF,0.025974374607196222,TCRBV02-01,TCRBJ01-02
84ae85b3234c12f8c6af7b9ec06e260a,CASSFGHNFNPNYGYTF,0.02596523781279393,TCRBV19-01,TCRBJ01-02
84ae85b3234c12f8c6af7b9ec06e260a,RQPQHF,0.025905563872663087,TCRBV27-01,TCRBJ01-05
84ae85b3234c12f8c6af7b9ec06e260a,CATHTGVPPGYTF,0.025828133308475623,TCRBV19-01,TCRBJ01-02
84ae85b3234c12f8c6af7b9ec06e260a,CASSSTRHHPHGYTF,0.02576794314452733,TCRBV05-01,TCRBJ01-02
84ae85b3234c12f8c6af7b9ec06e260a,CASSYYWGGRTEAFF,0.025614427059504077,TCRBV06-05,TCRBJ01-01
84ae85b3234c12f8c6af7b9ec06e260a,CAWSWGGGYTF,0.02555282801275607,TCRBV30-01,TCRBJ01-02
84ae85b3234c12f8c6af7b9ec06e260a,CASHGTGGYYGYTF,0.02554393353403894,TCRBV19-01,TCRBJ01-02
84ae85b3234c12f8c6af7b9ec06e260a,CSVYRGYGYTF,0.025516785010996374,TCRBV29-01,TCRBJ01-02
84ae85b3234c12f8c6af7b9ec06e260a,CASSWGTGGSYGYTF,0.025398965087369888,TCRBV06-05,TCRBJ01-02
84ae85b3234c12f8c6af7b9ec06e260a,CSAYYREGGYGYTF,0.025332754594244115,TCRBV20-X,TCRBJ01-02
84ae85b3234c12f8c6af7b9ec06e260a,CASSFGVGGSFGYTF,0.025307239033736707,TCRBV28-01,TCRBJ01-02
84ae85b3234c12f8c6af7b9ec06e260a,CAWSWWELGWVEAFF,0.025289178822409313,TCRBV30-01,TCRBJ01-01
84ae85b3234c12f8c6af7b9ec06e260a,CASTNLPGGWGKFF,0.02514886419011072,TCRBV06-X,TCRBJ02-01
84ae85b3234c12f8c6af7b9ec06e260a,CASSPPQRHQPQHF,0.025125257601431368,TCRBV18-01,TCRBJ01-05
84ae85b3234c12f8c6af7b9ec06e260a,CAWWRGGYTF,0.025119980404389838,TCRBV30-01,TCRBJ01-02
84ae85b3234c12f8c6af7b9ec06e260a,CAWSAGGGGYYGYTF,0.025093434175509164,TCRBV30-01,TCRBJ01-02
84ae85b3234c12f8c6af7b9ec06e260a,CAWSAGGGGNYYGYTF,0.02507758018107311,TCRBV30-01,TCRBJ01-02
84ae85b3234c12f8c6af7b9ec06e260a,CASTPWG,0.025055710239048953,TCRBV19-01,TCRBJ01-01
84ae85b3234c12f8c6af7b9ec06e260a,CASSEWWARGAFF,0.025044812800932324,TCRBV02-01,TCRBJ01-01
84ae85b3234c12f8c6af7b9ec06e260a,CASSYDWGGAFF,0.024947369703611454,TCRBV07-02,TCRBJ01-01
84ae85b3234c12f8c6af7b9ec06e260a,CASSYSYRSYF,0.02489750176620793,TCRBV06-05,TCRBJ02-05
84ae85b3234c12f8c6af7b9ec06e260a,CASSWGPPSYYGYTF,0.024843114154598223,TCRBV06-05,TCRBJ01-02
84ae85b3234c12f8c6af7b9ec06e260a,CASSEGVWGTAKAFF,0.024834972861922253,TCRBV06-01,TCRBJ01-01
84ae85b3234c12f8c6af7b9ec06e260a,CASSPYGPNYGYTF,0.024823444656217945,TCRBV03-01/03-02,TCRBJ01-02
84ae85b3234c12f8c6af7b9ec06e260a,CASSFWDGYNYGYTF,0.024810067049505113,TCRBV05-05,TCRBJ01-02
84ae85b3234c12f8c6af7b9ec06e260a,CASSGGYGPYGYTF,0.02478911898533192,TCRBV27-01,TCRBJ01-02
84ae85b3234c12f8c6af7b9ec06e260a,CASSYVGVWWSHITYGYTF,0.024752432279430695,TCRBV06-X,TCRBJ01-02
84ae85b3234c12f8c6af7b9ec06e260a,CASSIGKWGGYGYTF,0.024734144001642665,TCRBV19-01,TCRBJ01-02
84ae85b3234c12f8c6af7b9ec06e260a,CSAYRGPYGYTF,0.024716264008394558,TCRBV20-X,TCRBJ01-02
84ae85b3234c12f8c6af7b9ec06e260a,CASSYDGYYGYTF,0.0246823095030352,TCRBV06-05,TCRBJ01-02
84ae85b3234c12f8c6af7b9ec06e260a,CASSPWGHYGYTF,0.0246676092425963,TCRBV28-01,TCRBJ01-02
84ae85b3234c12f8c6af7b9ec06e260a,CASSYTYIYVNTEAFF,0.024650529913032727,TCRBV06-05,TCRBJ01-01
84ae85b3234c12f8c6af7b9ec06e260a,CASSYYSDSNYGYTF,0.02464081271727245,TCRBV06-06,TCRBJ01-02
84ae85b3234c12f8c6af7b9ec06e260a,CASSFGGPNYGYTF,0.02460047804077028,TCRBV28-01,TCRBJ01-02
84ae85b3234c12f8c6af7b9ec06e260a,CAWWGPRAGYTF,0.02458539361356612,TCRBV30-01,TCRBJ01-02
84ae85b3234c12f8c6af7b9ec06e260a,CATHPTGGANYGYTF,0.024581194456110685,TCRBV19-01,TCRBJ01-02
84ae85b3234c12f8c6af7b9ec06e260a,CASSWGVGYGYTF,0.02457756899328593,TCRBV28-01,TCRBJ01-02
84ae85b3234c12f8c6af7b9ec06e260a,CASSYSGPYGYTF,0.02456671858507507,TCRBV06-05,TCRBJ01-02
84ae85b3234c12f8c6af7b9ec06e260a,CASSSNSNRNSNQPQHF,0.024530395529620237,TCRBV04-01,TCRBJ01-05
84ae85b3234c12f8c6af7b9ec06e260a,CASSYPAYGYTF,0.02451539290668595,TCRBV06-02/06-03,TCRBJ01-02
84ae85b3234c12f8c6af7b9ec06e260a,CASSYGYGYTF,0.024498189835316132,TCRBV06-05,TCRBJ01-02
84ae85b3234c12f8c6af7b9ec06e260a,CASKGAPWGYTF,0.02447379544007947,TCRBV25-01,TCRBJ01-02
84ae85b3234c12f8c6af7b9ec06e260a,CASTPWGGGSMYGYTF,0.024455577044005732,TCRBV05-01,TCRBJ01-02
84ae85b3234c12f8c6af7b9ec06e260a,CASSHPAHYGYTF,0.024443715953650056,TCRBV06-02,TCRBJ01-02
84ae85b3234c12f8c6af7b9ec06e260a,CASSWGDRGFYNYGYTF,0.024434240212865676,TCRBV05-01,TCRBJ01-02
84ae85b3234c12f8c6af7b9ec06e260a,CASSGGYYGYTF,0.024391706089477903,TCRBV04-02,TCRBJ01-02
84ae85b3234c12f8c6af7b9ec06e260a,CAWMGGGYYGYTF,0.024386956329293226,TCRBV30-01,TCRBJ01-02
84ae85b3234c12f8c6af7b9ec06e260a,CAAVPGANVLTF,0.02436671508032059,TCRBV05-01,TCRBJ02-06
84ae85b3234c12f8c6af7b9ec06e260a,CASSHPGWGKNNYGYTF,0.024357581480221466,TCRBV04-01,TCRBJ01-02
84ae85b3234c12f8c6af7b9ec06e260a,CAWGGQGYQPQHF,0.02434767670876544,TCRBV30-01,TCRBJ01-05
84ae85b3234c12f8c6af7b9ec06e260a,CASSWVWAPGYGYTF,0.024329374410979134,TCRBV28-01,TCRBJ01-02
84ae85b3234c12f8c6af7b9ec06e260a,CASSHAPAGANVLTF,0.024279643511149484,TCRBV07-02,TCRBJ02-06
84ae85b3234c12f8c6af7b9ec06e260a,CSADRDGWTWGYTF,0.0242668917974625,TCRBV20-X,TCRBJ01-02
84ae85b3234c12f8c6af7b9ec06e260a,CSIYGGRNYGYTF,0.02425193630794619,TCRBV29-01,TCRBJ01-02
84ae85b3234c12f8c6af7b9ec06e260a,CASSYWQGYGYTF,0.024193965909622386,TCRBV07-02,TCRBJ01-02
84ae85b3234c12f8c6af7b9ec06e260a,CASNWKYGYTF,0.024162009676001045,TCRBV28-01,TCRBJ01-02
84ae85b3234c12f8c6af7b9ec06e260a,CASSYSGGYYGYTF,0.024159598177333125,TCRBV06-05,TCRBJ01-02
84ae85b3234c12f8c6af7b9ec06e260a,CASSASDAWWRAEAFF,0.024154511050539316,TCRBV14-01,TCRBJ01-01
84ae85b3234c12f8c6af7b9ec06e260a,CATFPGPGKGYTF,0.024143920028142085,TCRBV06-05,TCRBJ01-02
84ae85b3234c12f8c6af7b9ec06e260a,CSAIIRWEGHYGYTF,0.02412265194550415,TCRBV20-X,TCRBJ01-02
84ae85b3234c12f8c6af7b9ec06e260a,CASSYGAYGYTF,0.024101986046741915,TCRBV06-02/06-03,TCRBJ01-02
84ae85b3234c12f8c6af7b9ec06e260a,CAWIRSRVIYF,0.024072355756511947,TCRBV30-01,TCRBJ01-03
84ae85b3234c12f8c6af7b9ec06e260a,CAWSVRAALYF,0.02404558913803968,TCRBV30-01,TCRBJ02-07
84ae85b3234c12f8c6af7b9ec06e260a,CAWSFSGGFSYGYTF,0.02401547532905333,TCRBV30-01,TCRBJ01-02
84ae85b3234c12f8c6af7b9ec06e260a,CAWSGGWVYGYTF,0.024010781663932702,TCRBV30-01,TCRBJ01-02
84ae85b3234c12f8c6af7b9ec06e260a,CASRHYNYGYTF,0.02399528844729133,TCRBV27-01,TCRBJ01-02
84fabb9135ea0aff8bf8038a289a4fa3,CAWSAPGGVNGGYTF,0.03538145831127111,TCRBV30-01,TCRBJ01-02
84fabb9135ea0aff8bf8038a289a4fa3,CASSYWGWGYTF,0.03479996237512777,TCRBV12-03/12-04,TCRBJ01-02
84fabb9135ea0aff8bf8038a289a4fa3,CASSYYYGYTF,0.03404899211087026,TCRBV19-01,TCRBJ01-02
84fabb9135ea0aff8bf8038a289a4fa3,CASSWGWGGTNYGYTF,0.033189072451664976,TCRBV05-04,TCRBJ01-02
84fabb9135ea0aff8bf8038a289a4fa3,CAWYRTGGWGYGYTF,0.03152181670807964,TCRBV30-01,TCRBJ01-02
84fabb9135ea0aff8bf8038a289a4fa3,CAWGDPAAFF,0.031377448463177415,TCRBV30-01,TCRBJ01-01
84fabb9135ea0aff8bf8038a289a4fa3,CAWGGWGPGYGYTF,0.03113322920666763,TCRBV30-01,TCRBJ01-02
84fabb9135ea0aff8bf8038a289a4fa3,CASSPWYWGNGPGAFF,0.03024834888536055,TCRBV04-01,TCRBJ01-01
84fabb9135ea0aff8bf8038a289a4fa3,CASSYWGPGYGYTF,0.030160614984847154,TCRBV06-02/06-03,TCRBJ01-02
84fabb9135ea0aff8bf8038a289a4fa3,CAWNPRGVWNTEAFF,0.02986440891839603,TCRBV30-01,TCRBJ01-01
84fabb9135ea0aff8bf8038a289a4fa3,CASSYSSGWYNGYTF,0.029575602397102947,TCRBV06-06,TCRBJ01-02
84fabb9135ea0aff8bf8038a289a4fa3,CAPFF,0.02908926297720392,TCRBV09-01,TCRBJ01-01
84fabb9135ea0aff8bf8038a289a4fa3,CASSYYSNYGYTF,0.029076777977631404,TCRBV12-03/12-04,TCRBJ01-02
84fabb9135ea0aff8bf8038a289a4fa3,CAWAGGYYGYTF,0.028988461340177126,TCRBV30-01,TCRBJ01-02
84fabb9135ea0aff8bf8038a289a4fa3,SRAHQPQHF,0.028935442585393312,TCRBV28-01,TCRBJ01-05
84fabb9135ea0aff8bf8038a289a4fa3,CASSYSGWAYYGYTF,0.028612343352927762,TCRBV06-02/06-03,TCRBJ01-02
84fabb9135ea0aff8bf8038a289a4fa3,CAWTPGYGYYEAFF,0.02841575327153241,TCRBV30-01,TCRBJ01-01
84fabb9135ea0aff8bf8038a289a4fa3,CAWSMGDWGYTF,0.027959005280807015,TCRBV30-01,TCRBJ01-02
84fabb9135ea0aff8bf8038a289a4fa3,CASMYSYSYGYTF,0.027868467957114496,TCRBV28-01,TCRBJ01-02
84fabb9135ea0aff8bf8038a289a4fa3,CASSWGYYGYTF,0.027818194946336236,TCRBV06-06,TCRBJ01-02
84fabb9135ea0aff8bf8038a289a4fa3,CAWTPNWAAHYGYTF,0.02773546273319418,TCRBV30-01,TCRBJ01-02
84fabb9135ea0aff8bf8038a289a4fa3,CASSYGVYYGYTF,0.02769956352534068,TCRBV06-06,TCRBJ01-02
84fabb9135ea0aff8bf8038a289a4fa3,CAWIKTAMAANGYTF,0.027605734953192088,TCRBV30-01,TCRBJ01-02
84fabb9135ea0aff8bf8038a289a4fa3,CAAWGGLPWGYGYTF,0.027382168771872006,TCRBV21-01,TCRBJ01-02
84fabb9135ea0aff8bf8038a289a4fa3,YTQYF,0.027358040893340478,TCRBV11-03,TCRBJ02-03
84fabb9135ea0aff8bf8038a289a4fa3,CAWSGWYGYTF,0.02734728949771333,TCRBV30-01,TCRBJ01-02
84fabb9135ea0aff8bf8038a289a4fa3,CASSFYYGTNYGYTF,0.027320245235142017,TCRBV28-01,TCRBJ01-02
84fabb9135ea0aff8bf8038a289a4fa3,CASSQDWGDPNWWFF,0.02720499188138768,TCRBV04-03,TCRBJ02-01
84fabb9135ea0aff8bf8038a289a4fa3,CASSWGGPYGYTF,0.027056948708878578,TCRBV25-01,TCRBJ01-02
84fabb9135ea0aff8bf8038a289a4fa3,CASSCKGGQGGWGSPGNTIYF,0.02702513645576642,unresolved,TCRBJ01-03
84fabb9135ea0aff8bf8038a289a4fa3,CASSYWGGPYEQYF,0.02697532248620977,TCRBV06-02/06-03,TCRBJ02-07
84fabb9135ea0aff8bf8038a289a4fa3,CASSKKGGFTYGYTF,0.026953497162866994,TCRBV27-01,TCRBJ01-02
84fabb9135ea0aff8bf8038a289a4fa3,CAWILGFCYYGYTF,0.026905955731382162,TCRBV30-01,TCRBJ01-02
84fabb9135ea0aff8bf8038a289a4fa3,CASGGPGGDGANVLTF,0.02684006743613896,TCRBV09-01,TCRBJ02-06
84fabb9135ea0aff8bf8038a289a4fa3,CASSGGYYHGYTF,0.026823782877079573,TCRBV06-X,TCRBJ01-02
84fabb9135ea0aff8bf8038a289a4fa3,DRVYHYGYTF,0.026798446773309958,TCRBV27-01,TCRBJ01-02
84fabb9135ea0aff8bf8038a289a4fa3,CAWNGYYGYTF,0.026795117221712763,TCRBV30-01,TCRBJ01-02
84fabb9135ea0aff8bf8038a289a4fa3,CASSPWGGYGYTF,0.026769062071468293,TCRBV18-01,TCRBJ01-02
84fabb9135ea0aff8bf8038a289a4fa3,CAWAWGEGGYTF,0.02669178298867027,TCRBV30-01,TCRBJ01-02
84fabb9135ea0aff8bf8038a289a4fa3,CASPPNTF,0.026687007864561397,TCRBV07-09,TCRBJ01-02
84fabb9135ea0aff8bf8038a289a4fa3,CASSYWSRGYGYTF,0.026660276951539896,TCRBV06-02/06-03,TCRBJ01-02
84fabb9135ea0aff8bf8038a289a4fa3,CASSYWYGGAYEQYF,0.026594629748231482,TCRBV06-07,TCRBJ02-07
84fabb9135ea0aff8bf8038a289a4fa3,CAWRGYYGYTF,0.026513117193929386,TCRBV30-01,TCRBJ01-02
84fabb9135ea0aff8bf8038a289a4fa3,CASIVPSNF,0.026367635224106463,TCRBV28-01,TCRBJ02-07
84fabb9135ea0aff8bf8038a289a4fa3,CAWWTKGLWYF,0.026326623443180437,TCRBV30-01,TCRBJ02-03
84fabb9135ea0aff8bf8038a289a4fa3,CASSLYGTYRGYYGYTF,0.026319385327441814,TCRBV27-01,TCRBJ01-02
84fabb9135ea0aff8bf8038a289a4fa3,CASSYTGASYYGYTF,0.026268193358647395,TCRBV14-01,TCRBJ01-02
84fabb9135ea0aff8bf8038a289a4fa3,CASSQGPPPSYEQYF,0.0262331112393699,TCRBV07-02,TCRBJ02-07
84fabb9135ea0aff8bf8038a289a4fa3,F,0.026169089102652747,TCRBV29-01,TCRBJ01-04
84fabb9135ea0aff8bf8038a289a4fa3,ETQYF,0.02611370493799535,TCRBV20-01,TCRBJ02-05
84fabb9135ea0aff8bf8038a289a4fa3,HRNQPQHF,0.02606039088260625,TCRBV29-01,TCRBJ01-05
84fabb9135ea0aff8bf8038a289a4fa3,CASNTDIMAFF,0.026036203934041456,TCRBV02-01,TCRBJ01-01
84fabb9135ea0aff8bf8038a289a4fa3,CASSRVYFYTF,0.025992748125974033,TCRBV03-01/03-02,TCRBJ01-02
84fabb9135ea0aff8bf8038a289a4fa3,CATYWDGIHYGYTF,0.025898644447995105,TCRBV06-05,TCRBJ01-02
84fabb9135ea0aff8bf8038a289a4fa3,CAWSTNGGWGYGYTF,0.025841599665448085,TCRBV30-01,TCRBJ01-02
84fabb9135ea0aff8bf8038a289a4fa3,CASSLKRMGRNTEAFF,0.02580716808342311,TCRBV04-01,TCRBJ01-01
84fabb9135ea0aff8bf8038a289a4fa3,CAWSGHYYGYTF,0.02573462031371237,TCRBV30-01,TCRBJ01-02
84fabb9135ea0aff8bf8038a289a4fa3,CAWSHWAPGNTIYF,0.025731622660144386,TCRBV30-01,TCRBJ01-03
84fabb9135ea0aff8bf8038a289a4fa3,CAWAPPGGGQPQHF,0.02571495348269013,TCRBV30-01,TCRBJ01-05
84fabb9135ea0aff8bf8038a289a4fa3,RNSPLHF,0.02571246274810084,TCRBV30-01,TCRBJ01-06
84fabb9135ea0aff8bf8038a289a4fa3,CASGYGWAEVYGYTF,0.02561184168164696,TCRBV05-05,TCRBJ01-02
84fabb9135ea0aff8bf8038a289a4fa3,CAWSWGPNYGYTF,0.02560574815711946,TCRBV30-01,TCRBJ01-02
84fabb9135ea0aff8bf8038a289a4fa3,CASTPGGFAYNYGYTF,0.02560240676252096,TCRBV06-X,TCRBJ01-02
84fabb9135ea0aff8bf8038a289a4fa3,CAWRWRTEAFF,0.02558921188395957,TCRBV30-01,TCRBJ01-01
84fabb9135ea0aff8bf8038a289a4fa3,CAWSWGGGYTF,0.02555282801275607,TCRBV30-01,TCRBJ01-02
84fabb9135ea0aff8bf8038a289a4fa3,CASIHSHPYF,0.02555047722673822,TCRBV19-01,TCRBJ02-05
84fabb9135ea0aff8bf8038a289a4fa3,CAWSDAKFYGYTF,0.02545995445922756,TCRBV30-01,TCRBJ01-02
84fabb9135ea0aff8bf8038a289a4fa3,CASIYANFYGYTF,0.02545278575807434,TCRBV23-01,TCRBJ01-02
84fabb9135ea0aff8bf8038a289a4fa3,CAWSVLWGHMGYTF,0.02544375818083294,TCRBV30-01,TCRBJ01-02
84fabb9135ea0aff8bf8038a289a4fa3,CASSYAYRGGYTF,0.025397821642646642,TCRBV06-05,TCRBJ01-02
84fabb9135ea0aff8bf8038a289a4fa3,CASSYPGYYTF,0.02538571305868435,TCRBV12-03/12-04,TCRBJ01-02
84fabb9135ea0aff8bf8038a289a4fa3,CAWSVVWGYTF,0.025364530302176194,TCRBV30-01,TCRBJ01-02
84fabb9135ea0aff8bf8038a289a4fa3,CATYGGIPNYGYTF,0.025344174538756807,TCRBV28-01,TCRBJ01-02
84fabb9135ea0aff8bf8038a289a4fa3,CASSDIGAGEKLFF,0.025321816287263415,TCRBV09-01,TCRBJ01-04
84fabb9135ea0aff8bf8038a289a4fa3,CASHPGTCPGHYGYTF,0.025317362239522984,TCRBV06-X,TCRBJ01-02
84fabb9135ea0aff8bf8038a289a4fa3,CASSSGGPYYGYTF,0.025316913640956798,TCRBV06-06,TCRBJ01-02
84fabb9135ea0aff8bf8038a289a4fa3,CASSAYRGHNYGYTF,0.025292825714358712,TCRBV12-X,TCRBJ01-02
84fabb9135ea0aff8bf8038a289a4fa3,CAWHTGGGYGYTF,0.025291642842753953,TCRBV30-01,TCRBJ01-02
84fabb9135ea0aff8bf8038a289a4fa3,CASGYRVGYGYTF,0.025288588197536647,TCRBV12-03/12-04,TCRBJ01-02
84fabb9135ea0aff8bf8038a289a4fa3,CAPNGGLPF,0.025271125292529936,TCRBV21-01,TCRBJ02-07
84fabb9135ea0aff8bf8038a289a4fa3,CASSIGGAFTEAFF,0.025263488782277056,TCRBV19-01,TCRBJ01-01
84fabb9135ea0aff8bf8038a289a4fa3,CASSYHGFNYGYTF,0.02525475990215734,TCRBV12-X,TCRBJ01-02
84fabb9135ea0aff8bf8038a289a4fa3,CAWYGGTANYGYTF,0.02524664415216661,TCRBV30-01,TCRBJ01-02
84fabb9135ea0aff8bf8038a289a4fa3,CASSYYRQRNYGYTF,0.025216805572175455,TCRBV28-01,TCRBJ01-02
84fabb9135ea0aff8bf8038a289a4fa3,CASTSGGYNYGYTF,0.02518149204456037,TCRBV06-06,TCRBJ01-02
84fabb9135ea0aff8bf8038a289a4fa3,CAWSVGWGYGYTF,0.025177830069227483,TCRBV30-01,TCRBJ01-02
84fabb9135ea0aff8bf8038a289a4fa3,CATIKGHPNYGYTF,0.025164691901833753,TCRBV15-01,TCRBJ01-02
84fabb9135ea0aff8bf8038a289a4fa3,CASSYSTGWGNYGYTF,0.02514556042203645,TCRBV06-05,TCRBJ01-02
84fabb9135ea0aff8bf8038a289a4fa3,CASSYNRWRYGYTF,0.02512205319947399,TCRBV05-06,TCRBJ01-02
84fabb9135ea0aff8bf8038a289a4fa3,CASSSNNRGRRGNTIYF,0.025118768918223785,TCRBV19-01,TCRBJ01-03
84fabb9135ea0aff8bf8038a289a4fa3,CASSWGGGGASYGYTF,0.02510821971821042,TCRBV05-06,TCRBJ01-02
84fabb9135ea0aff8bf8038a289a4fa3,WGNEKLFF,0.02510732245473639,TCRBV07-X,TCRBJ01-04
84fabb9135ea0aff8bf8038a289a4fa3,CASHPGTPYYGYTF,0.02507681367594082,TCRBV19-01,TCRBJ01-02
84fabb9135ea0aff8bf8038a289a4fa3,CSAWAGGYGYTF,0.0250413899266467,TCRBV20-X,TCRBJ01-02
84fabb9135ea0aff8bf8038a289a4fa3,CASSYHGGYYEQYF,0.024966860645201996,TCRBV02-01,TCRBJ02-07
84fabb9135ea0aff8bf8038a289a4fa3,CASSGWGYGYTF,0.02494535734524804,TCRBV28-01,TCRBJ01-02
84fabb9135ea0aff8bf8038a289a4fa3,CAWSGKWWDYGYTF,0.024896661038942763,TCRBV30-01,TCRBJ01-02
84fabb9135ea0aff8bf8038a289a4fa3,CASSLARVGKNTEAFF,0.024893712200567613,TCRBV11-01,TCRBJ01-01
85a8cc700f913a9de2a624779a11c6db,CASYYYGYTF,0.038079581568066644,TCRBV10-01,TCRBJ01-02
85a8cc700f913a9de2a624779a11c6db,CAHF,0.033896411603021086,TCRBV25-01,TCRBJ01-05
85a8cc700f913a9de2a624779a11c6db,CASSSWGGPNYGYTF,0.03106451819909027,TCRBV28-01,TCRBJ01-02
85a8cc700f913a9de2a624779a11c6db,CASSYNRYNYGYTF,0.029972154908145872,TCRBV06-06,TCRBJ01-02
85a8cc700f913a9de2a624779a11c6db,HPWEYF,0.02930663724196139,TCRBV04-01,TCRBJ02-07
85a8cc700f913a9de2a624779a11c6db,CASSWGYGANYGYTF,0.029232888284995612,TCRBV28-01,TCRBJ01-02
85a8cc700f913a9de2a624779a11c6db,CASNNKNNGNQPQHF,0.029192217049115267,TCRBV12-X,TCRBJ01-05
85a8cc700f913a9de2a624779a11c6db,CASSYFGNNYGYTF,0.028953379870252663,TCRBV12-X,TCRBJ01-02
85a8cc700f913a9de2a624779a11c6db,CASSYYRGYGYTF,0.028780795306422947,TCRBV06-05,TCRBJ01-02
85a8cc700f913a9de2a624779a11c6db,CASSYSLYYYGYTF,0.028606759374502185,TCRBV06-06,TCRBJ01-02
85a8cc700f913a9de2a624779a11c6db,CAWSPPWAAPLHF,0.02833347479991066,TCRBV30-01,TCRBJ01-06
85a8cc700f913a9de2a624779a11c6db,CAIGPNKTF,0.028211253718472402,TCRBV06-06,TCRBJ01-02
85a8cc700f913a9de2a624779a11c6db,CASSYSWGNYGYTF,0.028068564114401822,TCRBV06-05,TCRBJ01-02
85a8cc700f913a9de2a624779a11c6db,CSAYTGGFAYGYTF,0.02800255175631515,TCRBV20-X,TCRBJ01-02
85a8cc700f913a9de2a624779a11c6db,IWGGNTIYF,0.027920045697428134,TCRBV21-01,TCRBJ01-03
85a8cc700f913a9de2a624779a11c6db,GLKNYGYTF,0.027912475854300817,TCRBV29-01,TCRBJ01-02
85a8cc700f913a9de2a624779a11c6db,TQYF,0.027884166472986135,TCRBV20-01,TCRBJ02-05
85a8cc700f913a9de2a624779a11c6db,CASSYSGYNYGYTF,0.027810809859273054,TCRBV06-05,TCRBJ01-02
85a8cc700f913a9de2a624779a11c6db,CASSYYRSNYGYTF,0.027763276326438945,TCRBV06-05,TCRBJ01-02
85a8cc700f913a9de2a624779a11c6db,CASSGTGGYYYGYTF,0.027401880232151583,TCRBV02-01,TCRBJ01-02
85a8cc700f913a9de2a624779a11c6db,CARSPPARAPHQPQHF,0.027323928101669854,TCRBV05-03,TCRBJ01-05
85a8cc700f913a9de2a624779a11c6db,CSSYHRGYGYTF,0.027259562562470082,TCRBV20-X,TCRBJ01-02
85a8cc700f913a9de2a624779a11c6db,CAWSPRDRALPFYGYTF,0.026996375883529912,TCRBV30-01,TCRBJ01-02
85a8cc700f913a9de2a624779a11c6db,CAWRKPGGINYGYTF,0.026938929925535125,TCRBV30-01,TCRBJ01-02
85a8cc700f913a9de2a624779a11c6db,CAAGAYYGYTF,0.026824623095096905,TCRBV06-05,TCRBJ01-02
85a8cc700f913a9de2a624779a11c6db,CASSPWGGYGYTF,0.026769038778746455,TCRBV18-01,TCRBJ01-02
85a8cc700f913a9de2a624779a11c6db,CASCWAGGYYGYTF,0.026716304967148174,TCRBV28-01,TCRBJ01-02
85a8cc700f913a9de2a624779a11c6db,CSAPPRHF,0.026678531124687547,TCRBV29-01,TCRBJ01-06
85a8cc700f913a9de2a624779a11c6db,CAWKWAGANVLTF,0.02666997654599199,TCRBV30-01,TCRBJ02-06
85a8cc700f913a9de2a624779a11c6db,CASSSWGGPSSGNTIYF,0.02662440437393517,TCRBV07-08,TCRBJ01-03
85a8cc700f913a9de2a624779a11c6db,CASSSWGGGGYGYTF,0.026572906677193503,TCRBV11-01,TCRBJ01-02
85a8cc700f913a9de2a624779a11c6db,EGWQPQHF,0.026558280637155807,TCRBV20-01,TCRBJ01-05
85a8cc700f913a9de2a624779a11c6db,GGARYQPQHF,0.026522721616767116,TCRBV06-04,TCRBJ01-05
85a8cc700f913a9de2a624779a11c6db,CASGPTGPSGNTIYF,0.02635388227733914,TCRBV28-01,TCRBJ01-03
85a8cc700f913a9de2a624779a11c6db,CAGPNF,0.026320920477222245,TCRBV30-01,TCRBJ01-03
85a8cc700f913a9de2a624779a11c6db,F,0.026169052647139833,TCRBV10-01,TCRBJ02-07
85a8cc700f913a9de2a624779a11c6db,CASSNCGGPHYGYTF,0.026060873482980872,TCRBV21-01,TCRBJ01-02
85a8cc700f913a9de2a624779a11c6db,CSAYRGYGYTF,0.026027408603553952,TCRBV29-01,TCRBJ01-02
85a8cc700f913a9de2a624779a11c6db,CSGGFPNYGYTF,0.025979598761256967,TCRBV20-X,TCRBJ01-02
85a8cc700f913a9de2a624779a11c6db,CAWAPGGPYGYTF,0.02596475241389619,TCRBV30-01,TCRBJ01-02
85a8cc700f913a9de2a624779a11c6db,CASSFGGYYGYTF,0.02587800815390079,TCRBV07-07,TCRBJ01-02
85a8cc700f913a9de2a624779a11c6db,CSAHAGIWHGYTF,0.025867229658376335,TCRBV20-X,TCRBJ01-02
85a8cc700f913a9de2a624779a11c6db,CASYGATPNYGYTF,0.025775972078039944,TCRBV06-04,TCRBJ01-02
85a8cc700f913a9de2a624779a11c6db,CASSYAATGGKEAFF,0.025730690258966293,TCRBV07-09,TCRBJ01-01
85a8cc700f913a9de2a624779a11c6db,CAWSAWGYGYTF,0.025718080672702284,TCRBV30-01,TCRBJ01-02
85a8cc700f913a9de2a624779a11c6db,CASTWGGNNYGYTF,0.025706359351033048,TCRBV07-X,TCRBJ01-02
85a8cc700f913a9de2a624779a11c6db,CASSYIYGYTF,0.0256752849749253,TCRBV12-03/12-04,TCRBJ01-02
85a8cc700f913a9de2a624779a11c6db,CAWGWETEAFF,0.025548735050259796,TCRBV30-01,TCRBJ01-01
85a8cc700f913a9de2a624779a11c6db,CASSPHHGYGYTF,0.02551565566755583,TCRBV19-01,TCRBJ01-02
85a8cc700f913a9de2a624779a11c6db,CASSYMGAYYTQYF,0.025506787123071185,TCRBV06-06,TCRBJ02-03
85a8cc700f913a9de2a624779a11c6db,GGGEGLHIQYF,0.025504127885819284,TCRBV21-01,TCRBJ02-04
85a8cc700f913a9de2a624779a11c6db,CASSYIFGVYGYTF,0.02548555039007413,TCRBV18-01,TCRBJ01-02
85a8cc700f913a9de2a624779a11c6db,CASSLYFHHYGYTF,0.02546915776508598,TCRBV28-01,TCRBJ01-02
85a8cc700f913a9de2a624779a11c6db,CASYRWGDYGYTF,0.025452578770332624,TCRBV19-01,TCRBJ01-02
85a8cc700f913a9de2a624779a11c6db,CASSYGYLYGYTF,0.025433482336088227,TCRBV06-05,TCRBJ01-02
85a8cc700f913a9de2a624779a11c6db,CASSSGWGAGYGYTF,0.025410834791054254,TCRBV05-05,TCRBJ01-02
85a8cc700f913a9de2a624779a11c6db,CASSSTGWFNYGYTF,0.025362349618499525,TCRBV05-01,TCRBJ01-02
85a8cc700f913a9de2a624779a11c6db,CATCPGTGYYGYTF,0.025347257811503064,TCRBV10-03,TCRBJ01-02
85a8cc700f913a9de2a624779a11c6db,CSASAFGGPANYGYTF,0.025284680421286454,TCRBV20-01,TCRBJ01-02
85a8cc700f913a9de2a624779a11c6db,CAWVGGVGVYGYTF,0.025236762565038724,TCRBV30-01,TCRBJ01-02
85a8cc700f913a9de2a624779a11c6db,CAILKGRTIINYGYTF,0.02518907660199492,TCRBV10-01,TCRBJ01-02
85a8cc700f913a9de2a624779a11c6db,CASSYYLGYGYTF,0.02517645787651361,TCRBV06-06,TCRBJ01-02
85a8cc700f913a9de2a624779a11c6db,CAWSVGAWGFTEAFF,0.025136284077519853,TCRBV30-01,TCRBJ01-01
85a8cc700f913a9de2a624779a11c6db,CASSHEWGVGYYGYTF,0.025102123318517387,TCRBV03-01/03-02,TCRBJ01-02
85a8cc700f913a9de2a624779a11c6db,CASSPPPHRAQHF,0.025090662375144325,TCRBV19-01,TCRBJ01-05
85a8cc700f913a9de2a624779a11c6db,CASSWGGPPYGYTF,0.02507466874867485,TCRBV27-01,TCRBJ01-02
85a8cc700f913a9de2a624779a11c6db,CASWWRGEGYTF,0.02505010227083871,TCRBV06-05,TCRBJ01-02
85a8cc700f913a9de2a624779a11c6db,CASTPWGKGHGYTF,0.02503587964929028,TCRBV06-05,TCRBJ01-02
85a8cc700f913a9de2a624779a11c6db,CSVGHYYGYTF,0.025027489186244443,TCRBV29-01,TCRBJ01-02
85a8cc700f913a9de2a624779a11c6db,CASSEGWWYF,0.025023049226575163,TCRBV06-01,TCRBJ02-07
85a8cc700f913a9de2a624779a11c6db,CASSKEGDWWGGYGYTF,0.02501383436124675,TCRBV21-01,TCRBJ01-02
85a8cc700f913a9de2a624779a11c6db,CAWGGMGYGYTF,0.024971996201555744,TCRBV30-01,TCRBJ01-02
85a8cc700f913a9de2a624779a11c6db,CASIPRGNHPHGYTF,0.024961762385373547,TCRBV06-05,TCRBJ01-02
85a8cc700f913a9de2a624779a11c6db,CSARVGDWWYF,0.024897744873224072,TCRBV20-01,TCRBJ02-03
85a8cc700f913a9de2a624779a11c6db,CAWGGVWNTEAFF,0.02489639334329689,TCRBV30-01,TCRBJ01-01
85a8cc700f913a9de2a624779a11c6db,CASSHPGHGYTF,0.024895992528573756,TCRBV12-03/12-04,TCRBJ01-02
85a8cc700f913a9de2a624779a11c6db,CASSYNFGNYGYTF,0.02486798002624272,TCRBV07-02,TCRBJ01-02
85a8cc700f913a9de2a624779a11c6db,CASTGGYNYGYTF,0.02484557336804935,TCRBV06-05,TCRBJ01-02
85a8cc700f913a9de2a624779a11c6db,CAIYTGGYGYTF,0.02480411905629034,TCRBV06-05,TCRBJ01-02
85a8cc700f913a9de2a624779a11c6db,AARGKGYYGYTF,0.024779414802875092,TCRBV07-08,TCRBJ01-02
85a8cc700f913a9de2a624779a11c6db,CASSYNPLGGWGYTF,0.024773134126005902,TCRBV06-05,TCRBJ01-02
85a8cc700f913a9de2a624779a11c6db,CASHLTGKAFF,0.02477186262544488,TCRBV06-05,TCRBJ01-01
85a8cc700f913a9de2a624779a11c6db,CAWSVPVYYGYTF,0.02476027661391515,TCRBV30-01,TCRBJ01-02
85a8cc700f913a9de2a624779a11c6db,CASGWGNNYGYTF,0.02474958209498367,TCRBV28-01,TCRBJ01-02
85a8cc700f913a9de2a624779a11c6db,CASSSGGGWGYGYTF,0.02474740978153866,TCRBV12-01,TCRBJ01-02
85a8cc700f913a9de2a624779a11c6db,CAKLKGGVHF,0.024745450542985804,TCRBV14-01,TCRBJ01-06
85a8cc700f913a9de2a624779a11c6db,CAWGHYGYTF,0.02471553987554854,TCRBV30-01,TCRBJ01-02
85a8cc700f913a9de2a624779a11c6db,CASSYSWGGYTF,0.02470786304044196,TCRBV06-05,TCRBJ01-02
85a8cc700f913a9de2a624779a11c6db,CASSYYQGTYGYTF,0.024683655445139542,TCRBV06-05,TCRBJ01-02
85a8cc700f913a9de2a624779a11c6db,CAWSVQRYYYGYTF,0.024584328750831712,TCRBV30-01,TCRBJ01-02
85a8cc700f913a9de2a624779a11c6db,CASSKAWGYDYGYTF,0.02457503562294204,TCRBV21-01,TCRBJ01-02
85a8cc700f913a9de2a624779a11c6db,CASNPFGHYGYTF,0.024572381072573365,TCRBV06-05,TCRBJ01-02
85a8cc700f913a9de2a624779a11c6db,CASSWGTGEWGYTF,0.024562940967858538,TCRBV25-01,TCRBJ01-02
85a8cc700f913a9de2a624779a11c6db,CASSYYTNSYGYTF,0.024562890984281424,TCRBV05-05,TCRBJ01-02
85a8cc700f913a9de2a624779a11c6db,CASGGTGYYGYTF,0.024545835239246784,TCRBV05-01,TCRBJ01-02
85a8cc700f913a9de2a624779a11c6db,CASSYSHRAYGYTF,0.0245424089233918,TCRBV06-05,TCRBJ01-02
85a8cc700f913a9de2a624779a11c6db,CAWSPAAHYGYTF,0.024531108669222753,TCRBV30-01,TCRBJ01-02
85a8cc700f913a9de2a624779a11c6db,CASSEWWANYGYTF,0.02449511609582135,TCRBV06-01,TCRBJ01-02
85a8cc700f913a9de2a624779a11c6db,CASSFAPGANVLTF,0.024489347083920854,TCRBV07-03,TCRBJ02-06
89ebfd691c4b393bc198acdaaa1e654e,CAIPPHF,0.03155439329884285,TCRBV27-01,TCRBJ02-07
89ebfd691c4b393bc198acdaaa1e654e,CASSSYNYWGDYGYTF,0.031093106884855486,TCRBV07-03,TCRBJ01-02
89ebfd691c4b393bc198acdaaa1e654e,CASSPWGGPNYGYTF,0.030079959341032192,TCRBV07-03,TCRBJ01-02
89ebfd691c4b393bc198acdaaa1e654e,CASSFYGYNYGYTF,0.02932867644620783,TCRBV11-02,TCRBJ01-02
89ebfd691c4b393bc198acdaaa1e654e,CSVEILRKYGYTF,0.02857934515402015,TCRBV29-01,TCRBJ01-02
89ebfd691c4b393bc198acdaaa1e654e,CASRPPW,0.028451617663052455,TCRBV12-03/12-04,TCRBJ02-X
89ebfd691c4b393bc198acdaaa1e654e,YTF,0.028244634335945453,TCRBV10-01,TCRBJ01-02
89ebfd691c4b393bc198acdaaa1e654e,CASSAWGGANYGYTF,0.02789882767923885,TCRBV02-01,TCRBJ01-02
89ebfd691c4b393bc198acdaaa1e654e,CASSLWGGNPNYGYTF,0.027662494207596068,TCRBV12-X,TCRBJ01-02
89ebfd691c4b393bc198acdaaa1e654e,CASWGWGAGYTF,0.027627562624929516,TCRBV06-05,TCRBJ01-02
89ebfd691c4b393bc198acdaaa1e654e,CAWSAPAYYGYTF,0.02720520641266122,TCRBV30-01,TCRBJ01-02
89ebfd691c4b393bc198acdaaa1e654e,RKGHSPLHF,0.02720158484043595,TCRBV21-01,TCRBJ01-06
89ebfd691c4b393bc198acdaaa1e654e,CASSLEGAVFLQGGPDTQYF,0.02716193596262728,TCRBV05-X,TCRBJ02-03
89ebfd691c4b393bc198acdaaa1e654e,CASSYFTGGWGYGYTF,0.02655014406533371,TCRBV06-02/06-03,TCRBJ01-02
89ebfd691c4b393bc198acdaaa1e654e,CAWSDIIGAYSDLGAFF,0.026330024712449183,TCRBV30-01,TCRBJ01-01
89ebfd691c4b393bc198acdaaa1e654e,CASNPWGGQFF,0.026329069685772654,TCRBV07-09,TCRBJ02-01
89ebfd691c4b393bc198acdaaa1e654e,CASSSWGGYGYTF,0.02621193414970277,TCRBV07-09,TCRBJ01-02
89ebfd691c4b393bc198acdaaa1e654e,CSAYLPPTF,0.026194954585751933,TCRBV20-01,TCRBJ01-02
89ebfd691c4b393bc198acdaaa1e654e,ETQYF,0.02611368220022237,TCRBV06-06,TCRBJ02-05
89ebfd691c4b393bc198acdaaa1e654e,CASSYYSGTGGAGYGYTF,0.02536094995155394,TCRBV05-01,TCRBJ01-02
89ebfd691c4b393bc198acdaaa1e654e,CASSSYGPNYGYTF,0.025354942551600458,TCRBV27-01,TCRBJ01-02
89ebfd691c4b393bc198acdaaa1e654e,CASSHRDNHRGFGYYGYTF,0.025245473651713188,TCRBV14-01,TCRBJ01-02
89ebfd691c4b393bc198acdaaa1e654e,CASSDVIKAFF,0.02523423337893301,TCRBV06-01,TCRBJ01-01
89ebfd691c4b393bc198acdaaa1e654e,CASSYSTGGYYGYTF,0.024916294389858585,TCRBV06-05,TCRBJ01-02
89ebfd691c4b393bc198acdaaa1e654e,CAWSSGYNNYGYTF,0.02489049896201581,TCRBV30-01,TCRBJ01-02
89ebfd691c4b393bc198acdaaa1e654e,CASSYRGYGYTF,0.024885473752379907,TCRBV06-05,TCRBJ01-02
89ebfd691c4b393bc198acdaaa1e654e,CAHGPGTGLHYGYTF,0.024866335229274072,TCRBV21-01,TCRBJ01-02
89ebfd691c4b393bc198acdaaa1e654e,CASSYWDRGYGYTF,0.02484377117313686,TCRBV06-05,TCRBJ01-02
89ebfd691c4b393bc198acdaaa1e654e,CAWRTAVWAFF,0.024830931334752213,TCRBV30-01,TCRBJ01-01
89ebfd691c4b393bc198acdaaa1e654e,CASSHGRYYGYTF,0.02474533259071724,TCRBV03-01/03-02,TCRBJ01-02
89ebfd691c4b393bc198acdaaa1e654e,CSTHKAFF,0.024739025819320443,TCRBV20-01,TCRBJ01-01
89ebfd691c4b393bc198acdaaa1e654e,CASYTGPNYGYTF,0.024725553133006676,TCRBV02-01,TCRBJ01-02
89ebfd691c4b393bc198acdaaa1e654e,CAWGHYGYTF,0.02471553987554854,TCRBV30-01,TCRBJ01-02
89ebfd691c4b393bc198acdaaa1e654e,CAWSSYYGYTF,0.024696958002633135,TCRBV30-01,TCRBJ01-02
89ebfd691c4b393bc198acdaaa1e654e,CASWGFNYGYTF,0.024663353384007436,TCRBV03-01/03-02,TCRBJ01-02
89ebfd691c4b393bc198acdaaa1e654e,CAWTPGANVLTF,0.0246598580355711,TCRBV30-01,TCRBJ02-06
89ebfd691c4b393bc198acdaaa1e654e,CAWSVWGGFGYTF,0.024622560451186135,TCRBV30-01,TCRBJ01-02
89ebfd691c4b393bc198acdaaa1e654e,CASSYWGQGGGYTF,0.024615298153482276,TCRBV06-05,TCRBJ01-02
89ebfd691c4b393bc198acdaaa1e654e,CSAHNPEGWPNYGYTF,0.024597785059477094,TCRBV20-X,TCRBJ01-02
89ebfd691c4b393bc198acdaaa1e654e,CASHQPQHF,0.024553511536354454,TCRBV27-01,TCRBJ01-05
89ebfd691c4b393bc198acdaaa1e654e,CASSPHGPHGYTF,0.0245239881638616,TCRBV04-01,TCRBJ01-02
89ebfd691c4b393bc198acdaaa1e654e,CAWSGTGGYYGYTF,0.02451830518512996,TCRBV30-01,TCRBJ01-02
89ebfd691c4b393bc198acdaaa1e654e,CASWPLPRAAHQPQHF,0.02451704358404849,TCRBV21-01,TCRBJ01-05
89ebfd691c4b393bc198acdaaa1e654e,CAWSVPGGMNTEAFF,0.024506941653958093,TCRBV30-01,TCRBJ01-01
89ebfd691c4b393bc198acdaaa1e654e,CASSYGPYGYTF,0.024499476131687653,TCRBV06-02/06-03,TCRBJ01-02
89ebfd691c4b393bc198acdaaa1e654e,RWNEKLFF,0.024467991487365264,TCRBV21-01,TCRBJ01-04
89ebfd691c4b393bc198acdaaa1e654e,CSAGHHNYGYTF,0.024465806282006848,TCRBV20-X,TCRBJ01-02
89ebfd691c4b393bc198acdaaa1e654e,CAPKG,0.024434460439123222,TCRBV24-01,TCRBJ01-01
89ebfd691c4b393bc198acdaaa1e654e,CASSFGTGWPNYGYTF,0.02443031482691543,TCRBV07-09,TCRBJ01-02
89ebfd691c4b393bc198acdaaa1e654e,CAWWDKIRARGNTIYF,0.024408951226119403,TCRBV30-01,TCRBJ01-03
89ebfd691c4b393bc198acdaaa1e654e,CAPRPYF,0.024357245780972113,TCRBV19-01,TCRBJ02-03
89ebfd691c4b393bc198acdaaa1e654e,CASSYSNYRGYGYTF,0.02435399525575893,TCRBV06-02/06-03,TCRBJ01-02
89ebfd691c4b393bc198acdaaa1e654e,CASSYGGGWLGYTF,0.024335526992120517,TCRBV06-05,TCRBJ01-02
89ebfd691c4b393bc198acdaaa1e654e,RSDTIYF,0.024332224107033597,TCRBV14-01,TCRBJ01-03
89ebfd691c4b393bc198acdaaa1e654e,CASGPPHPYGYTF,0.024328413737747627,TCRBV07-09,TCRBJ01-02
89ebfd691c4b393bc198acdaaa1e654e,CASSYYRRTTNYGYTF,0.024305794140866078,TCRBV11-02,TCRBJ01-02
89ebfd691c4b393bc198acdaaa1e654e,CASHKYPYGYTF,0.024292052807986377,TCRBV27-01,TCRBJ01-02
89ebfd691c4b393bc198acdaaa1e654e,CASAWGAEAFF,0.024227772578202127,TCRBV06-05,TCRBJ01-01
89ebfd691c4b393bc198acdaaa1e654e,WRESQPQHF,0.024191863666868534,TCRBV09-01,TCRBJ01-05
89ebfd691c4b393bc198acdaaa1e654e,CASSFAWGGSYGYTF,0.024166036390106112,TCRBV27-01,TCRBJ01-02
89ebfd691c4b393bc198acdaaa1e654e,CATRFF,0.024124802347990474,TCRBV27-01,TCRBJ02-01
89ebfd691c4b393bc198acdaaa1e654e,WAWPGGGGPTDTQYF,0.02403846904888399,TCRBV30-01,TCRBJ02-03
89ebfd691c4b393bc198acdaaa1e654e,CASGFWTGGNYGYTF,0.024017814812660902,TCRBV12-05,TCRBJ01-02
89ebfd691c4b393bc198acdaaa1e654e,CASSYSKGATWGAFF,0.02400630814894896,TCRBV06-05,TCRBJ01-01
89ebfd691c4b393bc198acdaaa1e654e,CASSPHPGGPTYGYTF,0.023972227632142445,TCRBV07-03,TCRBJ01-02
89ebfd691c4b393bc198acdaaa1e654e,CAWRKGWAEAFF,0.02396917782409132,TCRBV30-01,TCRBJ01-01
89ebfd691c4b393bc198acdaaa1e654e,CASSYGWGRMFF,0.0238867118712567,TCRBV06-02/06-03,TCRBJ01-04
89ebfd691c4b393bc198acdaaa1e654e,CSGCNSPLHF,0.02387937717435928,TCRBV07-03,TCRBJ01-06
89ebfd691c4b393bc198acdaaa1e654e,CASSRGYHYGYTF,0.023873562114084083,TCRBV06-06,TCRBJ01-02
89ebfd691c4b393bc198acdaaa1e654e,CASSPAGYYGYTF,0.0238624303929569,TCRBV12-03/12-04,TCRBJ01-02
89ebfd691c4b393bc198acdaaa1e654e,CAWILWGEAFF,0.023843686921747088,TCRBV30-01,TCRBJ01-01
89ebfd691c4b393bc198acdaaa1e654e,CASSRPPHQPQHF,0.023790276438131752,TCRBV12-03/12-04,TCRBJ01-05
89ebfd691c4b393bc198acdaaa1e654e,CASHPATNYGYTF,0.02378325363267668,TCRBV02-01,TCRBJ01-02
89ebfd691c4b393bc198acdaaa1e654e,CASHPAGTYGYTF,0.023742694136709604,TCRBV06-05,TCRBJ01-02
89ebfd691c4b393bc198acdaaa1e654e,CSAHVANYGYTF,0.023729670063843595,TCRBV20-X,TCRBJ01-02
89ebfd691c4b393bc198acdaaa1e654e,CASSTHPGGKEAFF,0.02371764734148766,TCRBV03-01/03-02,TCRBJ01-01
89ebfd691c4b393bc198acdaaa1e654e,CASSFHGGGGFYNTQYF,0.023695451513905615,TCRBV13-01,TCRBJ02-03
89ebfd691c4b393bc198acdaaa1e654e,CASSYTYPYNQPQHF,0.023683412630885265,TCRBV19-01,TCRBJ01-05
89ebfd691c4b393bc198acdaaa1e654e,CASSPSSSHTHTQYF,0.023661402972308822,TCRBV03-01/03-02,TCRBJ02-03
89ebfd691c4b393bc198acdaaa1e654e,CAWTGMYGYTF,0.02364422598581256,TCRBV30-01,TCRBJ01-02
89ebfd691c4b393bc198acdaaa1e654e,CASSFYTGGAYGYTF,0.023617257963018192,TCRBV05-01,TCRBJ01-02
89ebfd691c4b393bc198acdaaa1e654e,CASSLIKKAGGLEKLFF,0.023591320837295798,TCRBV05-08,TCRBJ01-04
89ebfd691c4b393bc198acdaaa1e654e,CASSYSGPNYGYTF,0.02358569914076022,TCRBV06-05,TCRBJ01-02
89ebfd691c4b393bc198acdaaa1e654e,CASKYPGANVLTF,0.023583566807459815,TCRBV06-X,TCRBJ02-06
89ebfd691c4b393bc198acdaaa1e654e,CAWSGGGYGGWNEQFF,0.023570103207144227,TCRBV30-01,TCRBJ02-01
89ebfd691c4b393bc198acdaaa1e654e,CASSYSYRDYGYTF,0.023557315484260745,TCRBV06-05,TCRBJ01-02
89ebfd691c4b393bc198acdaaa1e654e,CAWIHSGANVLTF,0.023513234771708153,TCRBV30-01,TCRBJ02-06
89ebfd691c4b393bc198acdaaa1e654e,CASSFNNNYGYTF,0.02346936706764709,TCRBV05-04,TCRBJ01-02
89ebfd691c4b393bc198acdaaa1e654e,CASSTGPYYGYTF,0.023465851105876744,TCRBV19-01,TCRBJ01-02
89ebfd691c4b393bc198acdaaa1e654e,CASSLYAGVYNYGYTF,0.0234620597978673,TCRBV05-05,TCRBJ01-02
89ebfd691c4b393bc198acdaaa1e654e,CSARPHYSYGYTF,0.023423215619224346,TCRBV20-X,TCRBJ01-02
89ebfd691c4b393bc198acdaaa1e654e,CAWMGYHQMGYTF,0.023420439153559246,TCRBV30-01,TCRBJ01-02
89ebfd691c4b393bc198acdaaa1e654e,CASWWGNTIYF,0.023360084711028444,TCRBV28-01,TCRBJ01-03
89ebfd691c4b393bc198acdaaa1e654e,CAWGPGNTIYF,0.023343162002974132,TCRBV30-01,TCRBJ01-03
89ebfd691c4b393bc198acdaaa1e654e,ADTQYF,0.023338469564009853,TCRBV20-01,TCRBJ02-03
89ebfd691c4b393bc198acdaaa1e654e,CASNPGGSGGWAQYF,0.023329928794952836,TCRBV05-04,TCRBJ02-03
89ebfd691c4b393bc198acdaaa1e654e,CASWTGGWGYTF,0.023294507192870788,TCRBV28-01,TCRBJ01-02
89ebfd691c4b393bc198acdaaa1e654e,CASSIGEGLGELFF,0.023293799988169925,TCRBV19-01,TCRBJ02-02
89ebfd691c4b393bc198acdaaa1e654e,CASSFPGPPSYEQYF,0.02328319375457302,TCRBV05-01,TCRBJ02-07
8a657b71b0dd2338e5ac1bb5375513c6,DHHF,0.04554255322161532,TCRBV05-06,TCRBJ01-06
8a657b71b0dd2338e5ac1bb5375513c6,WGGPQHF,0.03691739066949371,TCRBV25-01,TCRBJ01-05
8a657b71b0dd2338e5ac1bb5375513c6,CTPPF,0.03681852974641082,TCRBV29-01,TCRBJ01-06
8a657b71b0dd2338e5ac1bb5375513c6,CAWSEYYSYYGYTF,0.033053226144232055,TCRBV30-01,TCRBJ01-02
8a657b71b0dd2338e5ac1bb5375513c6,CAWRRG,0.032741385157364446,TCRBV30-01,TCRBJ01-03
8a657b71b0dd2338e5ac1bb5375513c6,CAWSLPGGANYGYTF,0.03190031739311848,TCRBV30-01,TCRBJ01-02
8a657b71b0dd2338e5ac1bb5375513c6,CASSLWGAITEAFF,0.031057306844652275,TCRBV05-04,TCRBJ01-01
8a657b71b0dd2338e5ac1bb5375513c6,CAWSSVYPYYGYTF,0.03045043032238705,TCRBV30-01,TCRBJ01-02
8a657b71b0dd2338e5ac1bb5375513c6,CASSYYGNYGYTF,0.030114861041050926,TCRBV06-06,TCRBJ01-02
8a657b71b0dd2338e5ac1bb5375513c6,CAWSVPGGANYGYTF,0.029643248467159444,TCRBV30-01,TCRBJ01-02
8a657b71b0dd2338e5ac1bb5375513c6,CAWSYHF,0.029570383479206062,TCRBV30-01,TCRBJ02-03
8a657b71b0dd2338e5ac1bb5375513c6,CAWGWTGAGYGYTF,0.02952075691274796,TCRBV30-01,TCRBJ01-02
8a657b71b0dd2338e5ac1bb5375513c6,TYVGVYGYTF,0.029320183182234213,TCRBV28-01,TCRBJ01-02
8a657b71b0dd2338e5ac1bb5375513c6,CATKGDKGANGYTF,0.029281005279954392,TCRBV10-03,TCRBJ01-02
8a657b71b0dd2338e5ac1bb5375513c6,CSVYVGAYGYTF,0.029024250906992552,TCRBV29-01,TCRBJ01-02
8a657b71b0dd2338e5ac1bb5375513c6,CASYGPGPYYGYTF,0.028614241914622168,TCRBV06-05,TCRBJ01-02
8a657b71b0dd2338e5ac1bb5375513c6,CATYANYNYGYTF,0.028322485739769428,TCRBV06-05,TCRBJ01-02
8a657b71b0dd2338e5ac1bb5375513c6,CASSYVRYYGYTF,0.02808892301824351,TCRBV06-02/06-03,TCRBJ01-02
8a657b71b0dd2338e5ac1bb5375513c6,CATAAPGANVLTF,0.02771245852472884,TCRBV25-01,TCRBJ02-06
8a657b71b0dd2338e5ac1bb5375513c6,CASSTSWTGGGGYGYTF,0.027699862110851133,TCRBV27-01,TCRBJ01-02
8a657b71b0dd2338e5ac1bb5375513c6,CAWYPTGPVYGYTF,0.027684524320217986,TCRBV30-01,TCRBJ01-02
8a657b71b0dd2338e5ac1bb5375513c6,CSAYGPYGYTF,0.027587332837868253,TCRBV20-01,TCRBJ01-02
8a657b71b0dd2338e5ac1bb5375513c6,CASSYGSYYGYTF,0.02755417996878517,TCRBV06-09,TCRBJ01-02
8a657b71b0dd2338e5ac1bb5375513c6,CAWSVSGSWWAFF,0.02754404017606959,TCRBV30-01,TCRBJ01-01
8a657b71b0dd2338e5ac1bb5375513c6,EYF,0.027489787713393776,TCRBV05-04,TCRBJ02-07
8a657b71b0dd2338e5ac1bb5375513c6,CACMNLWTGGAPGANVLTF,0.027464534422035766,TCRBV30-01,TCRBJ02-06
8a657b71b0dd2338e5ac1bb5375513c6,CASHIWGAYGYTF,0.027459553324077814,TCRBV06-05,TCRBJ01-02
8a657b71b0dd2338e5ac1bb5375513c6,CASSLPIVGNEQFF,0.027424330249053407,TCRBV07-08,TCRBJ02-01
8a657b71b0dd2338e5ac1bb5375513c6,CAWSVGYNYGYTF,0.027236853578351497,TCRBV30-01,TCRBJ01-02
8a657b71b0dd2338e5ac1bb5375513c6,CSGYRGPYYGYTF,0.02721631696309772,TCRBV29-01,TCRBJ01-02
8a657b71b0dd2338e5ac1bb5375513c6,CASRVWYRGSYYGYTF,0.027155373695915627,TCRBV19-01,TCRBJ01-02
8a657b71b0dd2338e5ac1bb5375513c6,GLKWCGYNYGYTF,0.02710226148999961,TCRBV10-01,TCRBJ01-02
8a657b71b0dd2338e5ac1bb5375513c6,CAWWIPPGGYTF,0.02709056623386348,TCRBV30-01,TCRBJ01-02
8a657b71b0dd2338e5ac1bb5375513c6,CASSYSPGWYGYTF,0.027011413510330394,TCRBV06-02/06-03,TCRBJ01-02
8a657b71b0dd2338e5ac1bb5375513c6,CAWSHEAFF,0.026993773863123995,TCRBV30-01,TCRBJ01-01
8a657b71b0dd2338e5ac1bb5375513c6,CAYGTPPSYEQYF,0.02696415120457809,TCRBV30-01,TCRBJ02-07
8a657b71b0dd2338e5ac1bb5375513c6,CSARDWDIWDYGYTF,0.026878065239120816,TCRBV20-X,TCRBJ01-02
8a657b71b0dd2338e5ac1bb5375513c6,CASSFGPYYGYTF,0.02687122052947256,TCRBV07-09,TCRBJ01-02
8a657b71b0dd2338e5ac1bb5375513c6,CASIPPEAFF,0.026762980234784135,TCRBV02-01,TCRBJ01-01
8a657b71b0dd2338e5ac1bb5375513c6,CASSAFWGYYGYTF,0.02669905255789527,TCRBV12-X,TCRBJ01-02
8a657b71b0dd2338e5ac1bb5375513c6,CASSHYRYF,0.026687685993042866,TCRBV14-01,TCRBJ02-05
8a657b71b0dd2338e5ac1bb5375513c6,CASSPYRHPYQPQHF,0.026601609657968046,TCRBV18-01,TCRBJ01-05
8a657b71b0dd2338e5ac1bb5375513c6,CAWWHRDMFNYGYTF,0.026542950897084996,TCRBV30-01,TCRBJ01-02
8a657b71b0dd2338e5ac1bb5375513c6,CASSYWYGGAPYEQYF,0.026486417396562604,TCRBV06-05,TCRBJ02-07
8a657b71b0dd2338e5ac1bb5375513c6,CSTHPLTGFHANYGYTF,0.026473995939074773,TCRBV20-X,TCRBJ01-02
8a657b71b0dd2338e5ac1bb5375513c6,CASSIARPHHQPQHF,0.026463510336809142,TCRBV19-01,TCRBJ01-05
8a657b71b0dd2338e5ac1bb5375513c6,CASSYMWGFTIYF,0.026444667302822286,TCRBV12-03/12-04,TCRBJ01-03
8a657b71b0dd2338e5ac1bb5375513c6,CATLDPMAFF,0.026298256469280974,TCRBV02-01,TCRBJ01-01
8a657b71b0dd2338e5ac1bb5375513c6,CASSPHWGPYGYTF,0.026209445253100115,TCRBV19-01,TCRBJ01-02
8a657b71b0dd2338e5ac1bb5375513c6,CASSSNSYSYRGGYTF,0.026181012706072405,TCRBV27-01,TCRBJ01-02
8a657b71b0dd2338e5ac1bb5375513c6,CASNYLDRVKAFF,0.02614694844522155,TCRBV06-06,TCRBJ01-01
8a657b71b0dd2338e5ac1bb5375513c6,CASSYHWIHGRVYYGYTF,0.026137215487733213,TCRBV05-04,TCRBJ01-02
8a657b71b0dd2338e5ac1bb5375513c6,CAWMWAVGYGYTF,0.0261250656225916,TCRBV30-01,TCRBJ01-02
8a657b71b0dd2338e5ac1bb5375513c6,CASSGYYRGNYGYTF,0.02599259722457512,TCRBV05-05,TCRBJ01-02
8a657b71b0dd2338e5ac1bb5375513c6,CASHPANGYGYTF,0.025986794203758733,TCRBV19-01,TCRBJ01-02
8a657b71b0dd2338e5ac1bb5375513c6,CASAGAYYGYTF,0.025974633981019644,TCRBV06-06,TCRBJ01-02
8a657b71b0dd2338e5ac1bb5375513c6,CAWIWPQHF,0.025941072062360786,TCRBV30-01,TCRBJ01-05
8a657b71b0dd2338e5ac1bb5375513c6,LRDIQYF,0.02590803220104386,TCRBV02-01,TCRBJ02-04
8a657b71b0dd2338e5ac1bb5375513c6,CAWSWGAGANVLTF,0.025906502442221643,TCRBV30-01,TCRBJ02-06
8a657b71b0dd2338e5ac1bb5375513c6,CASSHPGQGAHHYGYTF,0.025854499390623713,TCRBV02-01,TCRBJ01-02
8a657b71b0dd2338e5ac1bb5375513c6,CASSHIYRGRMYGYTF,0.02583934004464,TCRBV04-02,TCRBJ01-02
8a657b71b0dd2338e5ac1bb5375513c6,CIEVTPYYGYTF,0.025838159296741617,TCRBV02-01,TCRBJ01-02
8a657b71b0dd2338e5ac1bb5375513c6,CASSDWWGGPSYEQYF,0.025808774556044255,TCRBV06-02,TCRBJ02-07
8a657b71b0dd2338e5ac1bb5375513c6,CAWEWGGGYTF,0.02578289852150364,TCRBV30-01,TCRBJ01-02
8a657b71b0dd2338e5ac1bb5375513c6,CAWNNGYYGYTF,0.02574699259293918,TCRBV30-01,TCRBJ01-02
8a657b71b0dd2338e5ac1bb5375513c6,CASSYWVPQGGYGYTF,0.025689715059177682,TCRBV06-02/06-03,TCRBJ01-02
8a657b71b0dd2338e5ac1bb5375513c6,CASNVWTYPYGYTF,0.025621692170995494,TCRBV06-05,TCRBJ01-02
8a657b71b0dd2338e5ac1bb5375513c6,CASSPHPHSPYGYTF,0.025596355562213083,TCRBV21-01,TCRBJ01-02
8a657b71b0dd2338e5ac1bb5375513c6,CAWFYGTAGGYGYTF,0.025547429235736087,TCRBV30-01,TCRBJ01-02
8a657b71b0dd2338e5ac1bb5375513c6,CASSIHAAYMYF,0.025536330952790637,TCRBV19-01,TCRBJ02-03
8a657b71b0dd2338e5ac1bb5375513c6,CAWSVRVYTIYF,0.02551943812210688,TCRBV30-01,TCRBJ01-03
8a657b71b0dd2338e5ac1bb5375513c6,NSPLHF,0.025506683415166324,TCRBV07-07,TCRBJ01-06
8a657b71b0dd2338e5ac1bb5375513c6,CATLPKGGGLNYGYTF,0.02549325374913369,TCRBV27-01,TCRBJ01-02
8a657b71b0dd2338e5ac1bb5375513c6,CASSYVGWYGYTF,0.025481849793819213,TCRBV14-01,TCRBJ01-02
8a657b71b0dd2338e5ac1bb5375513c6,CASRGWAYPYGYTF,0.025469999566269184,TCRBV07-09,TCRBJ01-02
8a657b71b0dd2338e5ac1bb5375513c6,CASSYWGGYEQYF,0.02546828492428275,TCRBV06-02/06-03,TCRBJ02-07
8a657b71b0dd2338e5ac1bb5375513c6,CASSYWAGGTTHYGYTF,0.025441764463204168,TCRBV06-X,TCRBJ01-02
8a657b71b0dd2338e5ac1bb5375513c6,CAGVGYNYGYTF,0.025432202941021317,TCRBV30-01,TCRBJ01-02
8a657b71b0dd2338e5ac1bb5375513c6,CASTNWGAGGYGYTF,0.025388928092323064,TCRBV06-05,TCRBJ01-02
8a657b71b0dd2338e5ac1bb5375513c6,CAWYGGTNYGYTF,0.025354086779322875,TCRBV30-01,TCRBJ01-02
8a657b71b0dd2338e5ac1bb5375513c6,NWGWPNTEAFF,0.025328804855006055,TCRBV07-09,TCRBJ01-01
8a657b71b0dd2338e5ac1bb5375513c6,CAWSPEAFF,0.02532234293913098,TCRBV30-01,TCRBJ01-01
8a657b71b0dd2338e5ac1bb5375513c6,CASSYYGYTF,0.025281230020721406,TCRBV06-05,TCRBJ01-02
8a657b71b0dd2338e5ac1bb5375513c6,CASSLKKGYHYGYTF,0.025259578913827036,TCRBV06-05,TCRBJ01-02
8a657b71b0dd2338e5ac1bb5375513c6,CASIARTGGGWNYGYTF,0.025251642109060446,TCRBV06-X,TCRBJ01-02
8a657b71b0dd2338e5ac1bb5375513c6,CASGFPTGAYYGYTF,0.025231000778825848,TCRBV12-05,TCRBJ01-02
8a657b71b0dd2338e5ac1bb5375513c6,CASSSWTGGNPYGYTF,0.025222917379581024,TCRBV03-01/03-02,TCRBJ01-02
8a657b71b0dd2338e5ac1bb5375513c6,CAWSVSVARC,0.02521926125809481,TCRBV30-01,TCRBJ01-04
8a657b71b0dd2338e5ac1bb5375513c6,CSAWDRGDWGYTF,0.02519546586310994,TCRBV20-X,TCRBJ01-02
8a657b71b0dd2338e5ac1bb5375513c6,CASHPPSAPAYF,0.025188486791044774,TCRBV02-01,TCRBJ02-03
8a657b71b0dd2338e5ac1bb5375513c6,CASSYWGTGGYGYTF,0.02518300936333538,TCRBV06-06,TCRBJ01-02
8a657b71b0dd2338e5ac1bb5375513c6,CAWVYGAGANVLTF,0.02517577473310573,TCRBV30-01,TCRBJ02-06
8a657b71b0dd2338e5ac1bb5375513c6,CSVYPKKYF,0.025133858169660947,TCRBV20-01,TCRBJ02-07
8a657b71b0dd2338e5ac1bb5375513c6,CAPQHF,0.02513033436430029,TCRBV07-04,TCRBJ01-05
8a657b71b0dd2338e5ac1bb5375513c6,CASSFYGYGYTF,0.02511707147372845,TCRBV05-01,TCRBJ01-02
8a657b71b0dd2338e5ac1bb5375513c6,CASHPGPNYGYTF,0.025067331884592533,TCRBV12-03/12-04,TCRBJ01-02
8a657b71b0dd2338e5ac1bb5375513c6,CASSSSWGGWDGYTF,0.025061188360612364,TCRBV07-08,TCRBJ01-02
8a657b71b0dd2338e5ac1bb5375513c6,CIWGGSYGYTF,0.025042184481838002,TCRBV20-01,TCRBJ01-02
8a657b71b0dd2338e5ac1bb5375513c6,CANVPFF,0.02503386469899334,TCRBV21-01,TCRBJ01-01
8bf8e5284a36cc9c9d6b8831d0719b96,CASSKVPVPGLAGDNYNEQFF,0.045687839059856655,TCRBV21-01,TCRBJ02-01
8bf8e5284a36cc9c9d6b8831d0719b96,CASSVGIGTSNPDTQYF,0.04486876435655905,TCRBV09-01,TCRBJ02-03
8bf8e5284a36cc9c9d6b8831d0719b96,CASSYYNYGYTF,0.031400162485521896,TCRBV02-01,TCRBJ01-02
8bf8e5284a36cc9c9d6b8831d0719b96,CAWSFPGGVSNYGYTF,0.031049838881548796,TCRBV30-01,TCRBJ01-02
8bf8e5284a36cc9c9d6b8831d0719b96,CASSYYHTYGYTF,0.03061135536485236,TCRBV06-05,TCRBJ01-02
8bf8e5284a36cc9c9d6b8831d0719b96,CASSYSGYYGYTF,0.029976799522669757,TCRBV06-05,TCRBJ01-02
8bf8e5284a36cc9c9d6b8831d0719b96,CAWRQGAYYNYGYTF,0.02990648065090653,TCRBV30-01,TCRBJ01-02
8bf8e5284a36cc9c9d6b8831d0719b96,CASSYSNNNYGYTF,0.028832285675952814,TCRBV06-06,TCRBJ01-02
8bf8e5284a36cc9c9d6b8831d0719b96,CASSYSWGYGYTF,0.02879358368725334,TCRBV06-02/06-03,TCRBJ01-02
8bf8e5284a36cc9c9d6b8831d0719b96,RASSSHYYGYTF,0.02839523675616679,TCRBV07-03,TCRBJ01-02
8bf8e5284a36cc9c9d6b8831d0719b96,CASSYYGGYTF,0.02834118831668581,TCRBV25-01,TCRBJ01-02
8bf8e5284a36cc9c9d6b8831d0719b96,CASSYSWFGYGYTF,0.028326404772972193,TCRBV06-05,TCRBJ01-02
8bf8e5284a36cc9c9d6b8831d0719b96,CAWNLPGGASGYTF,0.02814389817480635,TCRBV30-01,TCRBJ01-02
8bf8e5284a36cc9c9d6b8831d0719b96,SYQPQHF,0.027979095724777855,TCRBV23-01,TCRBJ01-05
8bf8e5284a36cc9c9d6b8831d0719b96,CAAARAFF,0.027939555316471448,TCRBV21-01,TCRBJ01-01
8bf8e5284a36cc9c9d6b8831d0719b96,CAWKAFF,0.027790434194158865,TCRBV30-01,TCRBJ01-01
8bf8e5284a36cc9c9d6b8831d0719b96,RWYEAFF,0.02759592700524314,TCRBV21-01,TCRBJ01-01
8bf8e5284a36cc9c9d6b8831d0719b96,CAWSVWEAFF,0.027572659681319608,TCRBV30-01,TCRBJ01-01
8bf8e5284a36cc9c9d6b8831d0719b96,CASGYRGPNYGYTF,0.02743599694314822,TCRBV05-06,TCRBJ01-02
8bf8e5284a36cc9c9d6b8831d0719b96,CAWGRVWGYGYTF,0.026940147085165053,TCRBV30-01,TCRBJ01-02
8bf8e5284a36cc9c9d6b8831d0719b96,CASPDPNF,0.026790555674243526,TCRBV13-01,TCRBJ01-05
8bf8e5284a36cc9c9d6b8831d0719b96,CAWSYTYGYTF,0.02667789655816792,TCRBV30-01,TCRBJ01-02
8bf8e5284a36cc9c9d6b8831d0719b96,CASSYYRGTNYGYTF,0.02663799481234403,TCRBV06-05,TCRBJ01-02
8bf8e5284a36cc9c9d6b8831d0719b96,CAWGTYYGYTF,0.026452035638647422,TCRBV30-01,TCRBJ01-02
8bf8e5284a36cc9c9d6b8831d0719b96,CASSYGYNYGYTF,0.026419871209179865,TCRBV06-05,TCRBJ01-02
8bf8e5284a36cc9c9d6b8831d0719b96,CASSLFPGGKAEAFF,0.02640309768080274,TCRBV19-01,TCRBJ01-01
8bf8e5284a36cc9c9d6b8831d0719b96,CAWGPPGYTF,0.02636460408075593,TCRBV30-01,TCRBJ01-02
8bf8e5284a36cc9c9d6b8831d0719b96,CASSPYGGYTGNTIYF,0.026216402874272824,TCRBV09-01,TCRBJ01-03
8bf8e5284a36cc9c9d6b8831d0719b96,CAIWGPYGYTF,0.026192535671682515,TCRBV06-X,TCRBJ01-02
8bf8e5284a36cc9c9d6b8831d0719b96,CAWKWDTEAFF,0.026176748894202274,TCRBV30-01,TCRBJ01-01
8bf8e5284a36cc9c9d6b8831d0719b96,CAWAYTF,0.02613795739914242,TCRBV30-01,TCRBJ01-02
8bf8e5284a36cc9c9d6b8831d0719b96,CAWSVWASEAFF,0.02607556745624393,TCRBV30-01,TCRBJ01-01
8bf8e5284a36cc9c9d6b8831d0719b96,CSAYGPNYGYTF,0.026023818763866675,TCRBV20-X,TCRBJ01-02
8bf8e5284a36cc9c9d6b8831d0719b96,CAWSVPFGYYGYTF,0.025991224061029484,TCRBV30-01,TCRBJ01-02
8bf8e5284a36cc9c9d6b8831d0719b96,FIDNYGYTF,0.025986436648562157,TCRBV25-01,TCRBJ01-02
8bf8e5284a36cc9c9d6b8831d0719b96,CAWTHAGYGYTF,0.025967948370239458,TCRBV30-01,TCRBJ01-02
8bf8e5284a36cc9c9d6b8831d0719b96,CASKHGYNYGYTF,0.02594491891446772,TCRBV05-04,TCRBJ01-02
8bf8e5284a36cc9c9d6b8831d0719b96,CASSWGGYGYTF,0.025745641031788894,TCRBV14-01,TCRBJ01-02
8bf8e5284a36cc9c9d6b8831d0719b96,CSVHYMAIGVYGYTF,0.025725547701275435,TCRBV29-01,TCRBJ01-02
8bf8e5284a36cc9c9d6b8831d0719b96,CAWKWGGYGYTF,0.025722600370281692,TCRBV30-01,TCRBJ01-02
8bf8e5284a36cc9c9d6b8831d0719b96,CASSYFTGGPSNYGYTF,0.02566658152355728,TCRBV06-X,TCRBJ01-02
8bf8e5284a36cc9c9d6b8831d0719b96,CAWSIYSWGFYGYTF,0.02565967954425978,TCRBV30-01,TCRBJ01-02
8bf8e5284a36cc9c9d6b8831d0719b96,CAWTWGAGGYTF,0.025646445499448767,TCRBV30-01,TCRBJ01-02
8bf8e5284a36cc9c9d6b8831d0719b96,CGWGHPEAFF,0.025618375531888907,TCRBV19-01,TCRBJ01-01
8bf8e5284a36cc9c9d6b8831d0719b96,CAWSHTEAFF,0.025488493477773336,TCRBV30-01,TCRBJ01-01
8bf8e5284a36cc9c9d6b8831d0719b96,FRRGAYGYTF,0.025479332207282938,TCRBV10-01,TCRBJ01-02
8bf8e5284a36cc9c9d6b8831d0719b96,TLNYGYTF,0.025429907278386555,TCRBV19-01,TCRBJ01-02
8bf8e5284a36cc9c9d6b8831d0719b96,CASHGAYGYTF,0.02537041021734221,TCRBV19-01,TCRBJ01-02
8bf8e5284a36cc9c9d6b8831d0719b96,CASSWGTGGGYGYTF,0.025275490651485696,TCRBV06-04,TCRBJ01-02
8bf8e5284a36cc9c9d6b8831d0719b96,CASSHYYGYTF,0.02519530336749266,TCRBV03-01/03-02,TCRBJ01-02
8bf8e5284a36cc9c9d6b8831d0719b96,RASKWGL,0.025132653333319693,TCRBV07-03,TCRBJ02-07
8bf8e5284a36cc9c9d6b8831d0719b96,CASIWRVWDGYTF,0.02509997190657366,TCRBV11-03,TCRBJ01-02
8bf8e5284a36cc9c9d6b8831d0719b96,CASSSHYWTGPNYGYTF,0.025092062089753526,TCRBV12-X,TCRBJ01-02
8bf8e5284a36cc9c9d6b8831d0719b96,YGYTF,0.025059360734219733,TCRBV23-01,TCRBJ01-02
8bf8e5284a36cc9c9d6b8831d0719b96,CAWSVWGRAPEAFF,0.024926656360911424,TCRBV30-01,TCRBJ01-01
8bf8e5284a36cc9c9d6b8831d0719b96,YEAFF,0.024899299076311332,TCRBV10-01,TCRBJ01-01
8bf8e5284a36cc9c9d6b8831d0719b96,CASSVYNYYGYTF,0.024898119667739253,TCRBV02-01,TCRBJ01-02
8bf8e5284a36cc9c9d6b8831d0719b96,CASSTYTGGGSYGYTF,0.0248787692267672,TCRBV19-01,TCRBJ01-02
8bf8e5284a36cc9c9d6b8831d0719b96,CASSYPWFF,0.02480502738714874,TCRBV07-09,TCRBJ01-01
8bf8e5284a36cc9c9d6b8831d0719b96,CASSEPFRGYYYGYTF,0.024784695746950934,TCRBV06-01,TCRBJ01-02
8bf8e5284a36cc9c9d6b8831d0719b96,CAWIIPGPTWGGYTF,0.02468007120762768,TCRBV30-01,TCRBJ01-02
8bf8e5284a36cc9c9d6b8831d0719b96,CSAGYYGYTF,0.02467108271419406,TCRBV20-01,TCRBJ01-02
8bf8e5284a36cc9c9d6b8831d0719b96,CATSDWKAGYTF,0.024637191574289074,TCRBV24-01,TCRBJ01-02
8bf8e5284a36cc9c9d6b8831d0719b96,CASSLYPGTKNTEAFF,0.024622037965501976,TCRBV05-01,TCRBJ01-01
8bf8e5284a36cc9c9d6b8831d0719b96,CATIFNPQAF,0.024611391632179548,TCRBV24-01,TCRBJ01-06
8bf8e5284a36cc9c9d6b8831d0719b96,CASSLWGSPGYYGYTF,0.02460213573294682,TCRBV07-09,TCRBJ01-02
8bf8e5284a36cc9c9d6b8831d0719b96,CASSIKAFF,0.024584065758099908,TCRBV02-01,TCRBJ01-01
8bf8e5284a36cc9c9d6b8831d0719b96,CAWTRGWGPNYGYTF,0.024573372567293097,TCRBV30-01,TCRBJ01-02
8bf8e5284a36cc9c9d6b8831d0719b96,CASSGVYYPHF,0.024567567020082826,TCRBV06-05,TCRBJ01-05
8bf8e5284a36cc9c9d6b8831d0719b96,CATHAPGQGIGKLFF,0.024567402758550332,TCRBV19-01,TCRBJ01-04
8bf8e5284a36cc9c9d6b8831d0719b96,CSAPHYGYTF,0.024566562898924366,TCRBV20-01,TCRBJ01-02
8bf8e5284a36cc9c9d6b8831d0719b96,CAWGGPGGANVLTF,0.024562583944482966,TCRBV30-01,TCRBJ02-06
8bf8e5284a36cc9c9d6b8831d0719b96,CASSYSWDSYGYTF,0.024560907430365958,TCRBV06-06,TCRBJ01-02
8bf8e5284a36cc9c9d6b8831d0719b96,CASSYGGHYGYTF,0.024520362372109014,TCRBV06-02/06-03,TCRBJ01-02
8bf8e5284a36cc9c9d6b8831d0719b96,CATSWGANVLTF,0.024515253217028517,TCRBV24-01,TCRBJ02-06
8bf8e5284a36cc9c9d6b8831d0719b96,CSVYRGIYGYTF,0.024502799724908705,TCRBV29-01,TCRBJ01-02
8bf8e5284a36cc9c9d6b8831d0719b96,CATPNGWAKGYTF,0.024445863698708298,TCRBV12-03/12-04,TCRBJ01-02
8bf8e5284a36cc9c9d6b8831d0719b96,CAWSPQGPYYGYTF,0.024421132422684087,TCRBV30-01,TCRBJ01-02
8bf8e5284a36cc9c9d6b8831d0719b96,CASGGYGNYGYTF,0.024420023376310464,TCRBV06-05,TCRBJ01-02
8bf8e5284a36cc9c9d6b8831d0719b96,CASSHPRPQPQHF,0.0243791861973341,TCRBV23-01,TCRBJ01-05
8bf8e5284a36cc9c9d6b8831d0719b96,CAWWTYYTEAFF,0.024371512017688012,TCRBV30-01,TCRBJ01-01
8bf8e5284a36cc9c9d6b8831d0719b96,CASSYGPNYGYTF,0.024348121305458336,TCRBV06-02/06-03,TCRBJ01-02
8bf8e5284a36cc9c9d6b8831d0719b96,CAWKAGWAEAFF,0.024337914568125334,TCRBV30-01,TCRBJ01-01
8bf8e5284a36cc9c9d6b8831d0719b96,CAWSVAWGVVYEQYF,0.024327948270206318,TCRBV30-01,TCRBJ02-07
8bf8e5284a36cc9c9d6b8831d0719b96,CASSYTHTGGVYGYTF,0.024322705639881502,TCRBV06-05,TCRBJ01-02
8bf8e5284a36cc9c9d6b8831d0719b96,CASHFTGVKNYGYTF,0.02426651074415249,TCRBV19-01,TCRBJ01-02
8bf8e5284a36cc9c9d6b8831d0719b96,CASTPGQGNYNYGYTF,0.024255778728275352,TCRBV19-01,TCRBJ01-02
8bf8e5284a36cc9c9d6b8831d0719b96,CASSYSGGAYYGYTF,0.024246120204924,TCRBV06-06,TCRBJ01-02
8bf8e5284a36cc9c9d6b8831d0719b96,CAWKEGFFYGYTF,0.024163849374482443,TCRBV30-01,TCRBJ01-02
8bf8e5284a36cc9c9d6b8831d0719b96,CASRGGWGYGYTF,0.024155624494710985,TCRBV06-05,TCRBJ01-02
8bf8e5284a36cc9c9d6b8831d0719b96,CAWNRYYGYTF,0.02414735669766922,TCRBV30-01,TCRBJ01-02
8bf8e5284a36cc9c9d6b8831d0719b96,CASSYGGTANYGYTF,0.024135664561385207,TCRBV06-05,TCRBJ01-02
8bf8e5284a36cc9c9d6b8831d0719b96,CASSQDWSYYYGYTF,0.024119304986234474,TCRBV04-02,TCRBJ01-02
8bf8e5284a36cc9c9d6b8831d0719b96,CASSWDVKGYTF,0.024110601224964067,TCRBV05-04,TCRBJ01-02
8bf8e5284a36cc9c9d6b8831d0719b96,CATSDLGGASTDTQYF,0.024095811159705327,TCRBV24-01,TCRBJ02-03
8bf8e5284a36cc9c9d6b8831d0719b96,CSIHRYLVGGVWGYTF,0.024091760122774013,TCRBV29-01,TCRBJ01-02
8bf8e5284a36cc9c9d6b8831d0719b96,CASSYPGTPAYGYTF,0.024040130358911605,TCRBV19-01,TCRBJ01-02
8bf8e5284a36cc9c9d6b8831d0719b96,CAWAAGFNYGYTF,0.024035367677157055,TCRBV30-01,TCRBJ01-02
8bf8e5284a36cc9c9d6b8831d0719b96,CASSGWWEAFF,0.024004378210288543,TCRBV21-01,TCRBJ01-01
8bf8e5284a36cc9c9d6b8831d0719b96,CAWSWGTEAFF,0.023991534428842883,TCRBV30-01,TCRBJ01-01
8c399a3484f2f5f4dd555418a7a9543c,WPHGPHF,0.04375803313514598,TCRBV28-01,TCRBJ01-06
8c399a3484f2f5f4dd555418a7a9543c,CASSYYYGYTF,0.03404899211087026,TCRBV06-02/06-03,TCRBJ01-02
8c399a3484f2f5f4dd555418a7a9543c,CASSPRTHHHF,0.03023870267110455,TCRBV18-01,TCRBJ01-05
8c399a3484f2f5f4dd555418a7a9543c,SYRNYGYTF,0.029080116675549814,TCRBV07-03,TCRBJ01-02
8c399a3484f2f5f4dd555418a7a9543c,CAWSFPGGLDGYTF,0.028376568575750976,TCRBV30-01,TCRBJ01-02
8c399a3484f2f5f4dd555418a7a9543c,WMNTEAFF,0.02837527690771856,TCRBV20-01,TCRBJ01-01
8c399a3484f2f5f4dd555418a7a9543c,CASWWAGANVLTF,0.028043904094308507,TCRBV06-05,TCRBJ02-06
8c399a3484f2f5f4dd555418a7a9543c,CASSYVYTIYF,0.028015661649660347,TCRBV06-07,TCRBJ01-03
8c399a3484f2f5f4dd555418a7a9543c,LRNTIYF,0.02782288938320639,TCRBV24-01,TCRBJ01-03
8c399a3484f2f5f4dd555418a7a9543c,CASNWAGGYYGYTF,0.027702836899616928,TCRBV06-05,TCRBJ01-02
8c399a3484f2f5f4dd555418a7a9543c,CAWWGAEAFF,0.0275697544041479,TCRBV30-01,TCRBJ01-01
8c399a3484f2f5f4dd555418a7a9543c,RHLRVHPPHQPQHF,0.02697864408056725,TCRBV19-01,TCRBJ01-05
8c399a3484f2f5f4dd555418a7a9543c,CASSYGGFYGYTF,0.026884746349950795,TCRBV04-03,TCRBJ01-02
8c399a3484f2f5f4dd555418a7a9543c,CAWNGYYGYTF,0.026795117221712763,TCRBV30-01,TCRBJ01-02
8c399a3484f2f5f4dd555418a7a9543c,CASSSQGGNWWAFF,0.02663032734414739,TCRBV07-02,TCRBJ01-01
8c399a3484f2f5f4dd555418a7a9543c,CAPYNGAFF,0.026595899672173698,TCRBV30-01,TCRBJ01-01
8c399a3484f2f5f4dd555418a7a9543c,CASSSYYYYTQYF,0.026548203109405914,TCRBV11-02,TCRBJ02-03
8c399a3484f2f5f4dd555418a7a9543c,CASSIAYYAYGYTF,0.026514992575509797,TCRBV19-01,TCRBJ01-02
8c399a3484f2f5f4dd555418a7a9543c,CSVYMFPYAFF,0.026506222929792895,TCRBV29-01,TCRBJ01-01
8c399a3484f2f5f4dd555418a7a9543c,CASSYSAFWYF,0.026453869975579806,TCRBV06-06,TCRBJ02-03
8c399a3484f2f5f4dd555418a7a9543c,CACAPGYGYGYTF,0.02635274135647254,TCRBV30-01,TCRBJ01-02
8c399a3484f2f5f4dd555418a7a9543c,CASSYSWPPHQPQHF,0.026255807479544997,TCRBV06-05,TCRBJ01-05
8c399a3484f2f5f4dd555418a7a9543c,CASSYPGGPGYTF,0.02617601046942799,TCRBV12-03/12-04,TCRBJ01-02
8c399a3484f2f5f4dd555418a7a9543c,CASSGNTGFGGNTIYF,0.026107996845922177,TCRBV12-X,TCRBJ01-03
8c399a3484f2f5f4dd555418a7a9543c,CASSHPWGVGF,0.02610279756737112,TCRBV23-01,TCRBJ01-04
8c399a3484f2f5f4dd555418a7a9543c,CASCSGGCTGYTF,0.025939132278628086,TCRBV12-03/12-04,TCRBJ01-02
8c399a3484f2f5f4dd555418a7a9543c,RASSYDHYGYTF,0.025835706449635842,TCRBV02-01,TCRBJ01-02
8c399a3484f2f5f4dd555418a7a9543c,CASYPYKIFNYGYTF,0.025760541922106868,TCRBV05-06,TCRBJ01-02
8c399a3484f2f5f4dd555418a7a9543c,CASSPWGGPGGNTIYF,0.025607684486611257,TCRBV27-01,TCRBJ01-03
8c399a3484f2f5f4dd555418a7a9543c,CATKVGYGYGYTF,0.02557822814303405,TCRBV05-01,TCRBJ01-02
8c399a3484f2f5f4dd555418a7a9543c,REKLFF,0.025563375007273757,TCRBV19-01,TCRBJ01-04
8c399a3484f2f5f4dd555418a7a9543c,CASSYSPGNYYGYTF,0.025538598887349346,TCRBV06-05,TCRBJ01-02
8c399a3484f2f5f4dd555418a7a9543c,CSAWEWGYTF,0.025533760666306863,TCRBV20-01,TCRBJ01-02
8c399a3484f2f5f4dd555418a7a9543c,CASSYWGGYEQYF,0.02546828492428275,TCRBV06-05,TCRBJ02-07
8c399a3484f2f5f4dd555418a7a9543c,CASSHKPGHPRGYTF,0.02536913096492374,TCRBV14-01,TCRBJ01-02
8c399a3484f2f5f4dd555418a7a9543c,CASIF,0.025294458312619186,TCRBV23-01,TCRBJ02-04
8c399a3484f2f5f4dd555418a7a9543c,CASIKKAGGFYGYTF,0.025284530585937656,TCRBV06-05,TCRBJ01-02
8c399a3484f2f5f4dd555418a7a9543c,CASAFWANVLTF,0.025282759068849307,TCRBV06-05,TCRBJ02-06
8c399a3484f2f5f4dd555418a7a9543c,CASSYYRGHFQPQHF,0.025282206779786764,TCRBV06-06,TCRBJ01-05
8c399a3484f2f5f4dd555418a7a9543c,CASNPCGGANVLTF,0.02516995192459669,TCRBV21-01,TCRBJ02-06
8c399a3484f2f5f4dd555418a7a9543c,CASWNGYLHF,0.025168043452261462,TCRBV07-09,TCRBJ01-06
8c399a3484f2f5f4dd555418a7a9543c,CASSFGGNNPGNTIYF,0.02514066034364041,TCRBV07-09,TCRBJ01-03
8c399a3484f2f5f4dd555418a7a9543c,CASSYGIRIGGYYGYTF,0.025125310159862017,TCRBV06-X,TCRBJ01-02
8c399a3484f2f5f4dd555418a7a9543c,CASSFYGYGYTF,0.02511705979779907,TCRBV12-03/12-04,TCRBJ01-02
8c399a3484f2f5f4dd555418a7a9543c,CASSFGYNYGYTF,0.025104253028621258,TCRBV06-02/06-03,TCRBJ01-02
8c399a3484f2f5f4dd555418a7a9543c,CAWGGGAVIYF,0.025032100110581136,TCRBV30-01,TCRBJ01-03
8c399a3484f2f5f4dd555418a7a9543c,CASSWKPQHF,0.024986620541718185,TCRBV28-01,TCRBJ01-05
8c399a3484f2f5f4dd555418a7a9543c,CAWRRGYYGYTF,0.02493334737793816,TCRBV30-01,TCRBJ01-02
8c399a3484f2f5f4dd555418a7a9543c,CASWGVPRGANVLTF,0.024922532216440682,TCRBV27-01,TCRBJ02-06
8c399a3484f2f5f4dd555418a7a9543c,CGGGPQHF,0.024909245898678694,TCRBV11-03,TCRBJ01-05
8c399a3484f2f5f4dd555418a7a9543c,CASKPGWGYTF,0.024907359584132965,TCRBV02-01,TCRBJ01-02
8c399a3484f2f5f4dd555418a7a9543c,CASSYRGYGYTF,0.024885473752379907,TCRBV07-06,TCRBJ01-02
8c399a3484f2f5f4dd555418a7a9543c,CASGWGQYYGYTF,0.024875802211868952,TCRBV12-05,TCRBJ01-02
8c399a3484f2f5f4dd555418a7a9543c,CASHGAPYGYTF,0.024867331055900672,TCRBV05-01,TCRBJ01-02
8c399a3484f2f5f4dd555418a7a9543c,CAWSGYGGYTF,0.02482392657735808,TCRBV30-01,TCRBJ01-02
8c399a3484f2f5f4dd555418a7a9543c,CASSWDGYYGYTF,0.024805912680479544,TCRBV10-02,TCRBJ01-02
8c399a3484f2f5f4dd555418a7a9543c,CAGPLYF,0.02478568982797319,TCRBV30-01,TCRBJ01-03
8c399a3484f2f5f4dd555418a7a9543c,CASSLYPATKKGIYEQYF,0.024708540990680792,TCRBV05-01,TCRBJ02-07
8c399a3484f2f5f4dd555418a7a9543c,QPQHF,0.024621363760219915,TCRBV09-01,TCRBJ01-05
8c399a3484f2f5f4dd555418a7a9543c,CASSIWDKWDYGYTF,0.024584391640804337,TCRBV19-01,TCRBJ01-02
8c399a3484f2f5f4dd555418a7a9543c,CAWNIGWGNTIYF,0.024577717602721833,TCRBV30-01,TCRBJ01-03
8c399a3484f2f5f4dd555418a7a9543c,CASSYSGMFGFHSNYGYTF,0.024577010286801437,TCRBV06-02/06-03,TCRBJ01-02
8c399a3484f2f5f4dd555418a7a9543c,CASSYLGVTTGPYYGYTF,0.02452873399275001,TCRBV06-X,TCRBJ01-02
8c399a3484f2f5f4dd555418a7a9543c,CAWSGRVGTGAWIVGYTF,0.024502684324894167,TCRBV30-01,TCRBJ01-02
8c399a3484f2f5f4dd555418a7a9543c,CSARPQQGYPHYNQPQHF,0.02448245192652458,TCRBV20-X,TCRBJ01-05
8c399a3484f2f5f4dd555418a7a9543c,CAWSPWGGIEKLFF,0.024480379335784914,TCRBV30-01,TCRBJ01-04
8c399a3484f2f5f4dd555418a7a9543c,CASSPWGGAYGYTF,0.024468990257855212,TCRBV27-01,TCRBJ01-02
8c399a3484f2f5f4dd555418a7a9543c,CASSYYHSYNSPLHF,0.02446055175591172,TCRBV06-05,TCRBJ01-06
8c399a3484f2f5f4dd555418a7a9543c,AFF,0.02446049486397897,TCRBV27-01,TCRBJ01-01
8c399a3484f2f5f4dd555418a7a9543c,CASSGGGFFSGNTIYF,0.02442630057306623,TCRBV07-06,TCRBJ01-03
8c399a3484f2f5f4dd555418a7a9543c,CASSLYWGRGFPNYGYTF,0.024389460867980453,TCRBV27-01,TCRBJ01-02
8c399a3484f2f5f4dd555418a7a9543c,CASAPGANVLTF,0.02437808184352861,TCRBV06-06,TCRBJ02-06
8c399a3484f2f5f4dd555418a7a9543c,CASSYHKYGYTF,0.024358332216386266,TCRBV06-02/06-03,TCRBJ01-02
8c399a3484f2f5f4dd555418a7a9543c,CASSHPGTHYGYTF,0.02435355763565345,TCRBV03-01/03-02,TCRBJ01-02
8c399a3484f2f5f4dd555418a7a9543c,CAWTWTGMRDGYTF,0.024340833184033742,TCRBV30-01,TCRBJ01-02
8c399a3484f2f5f4dd555418a7a9543c,CAWGGNYGYTF,0.024309742430229184,TCRBV30-01,TCRBJ01-02
8c399a3484f2f5f4dd555418a7a9543c,CAWSGAGVGAFF,0.024286293707313396,TCRBV30-01,TCRBJ01-01
8c399a3484f2f5f4dd555418a7a9543c,CASSGAWTTNPYGYTF,0.024278988332038558,TCRBV03-01/03-02,TCRBJ01-02
8c399a3484f2f5f4dd555418a7a9543c,CASSYWTWPRGGYTF,0.02426495272021035,TCRBV06-07,TCRBJ01-02
8c399a3484f2f5f4dd555418a7a9543c,CASIPPPGYTF,0.024245350984721765,TCRBV05-01,TCRBJ01-02
8c399a3484f2f5f4dd555418a7a9543c,CAWSVAWPDIKFF,0.024244380856421152,TCRBV30-01,TCRBJ02-01
8c399a3484f2f5f4dd555418a7a9543c,CASIPTGGWGGYTF,0.024212560358349206,TCRBV19-01,TCRBJ01-02
8c399a3484f2f5f4dd555418a7a9543c,CAWVDRAAFF,0.024149535936534197,TCRBV30-01,TCRBJ01-01
8c399a3484f2f5f4dd555418a7a9543c,CAWHHYRDYNYEQYF,0.024143885621725546,TCRBV30-01,TCRBJ02-07
8c399a3484f2f5f4dd555418a7a9543c,CAKRATIYF,0.02414352681480256,TCRBV19-01,TCRBJ01-03
8c399a3484f2f5f4dd555418a7a9543c,CASWAPIPDGYTF,0.024106727248297138,TCRBV28-01,TCRBJ01-02
8c399a3484f2f5f4dd555418a7a9543c,CASSYIGGRIYGYTF,0.024090182213101892,TCRBV06-05,TCRBJ01-02
8c399a3484f2f5f4dd555418a7a9543c,CASIGAGNTIYF,0.024088067047391287,TCRBV06-05,TCRBJ01-03
8c399a3484f2f5f4dd555418a7a9543c,CASSNSGTHHHQPQHF,0.02408103974861807,TCRBV07-09,TCRBJ01-05
8c399a3484f2f5f4dd555418a7a9543c,CASTHRVGVWEGGYTF,0.024064437717257563,TCRBV19-01,TCRBJ01-02
8c399a3484f2f5f4dd555418a7a9543c,DTQYF,0.02406224987156554,TCRBV07-03,TCRBJ02-03
8c399a3484f2f5f4dd555418a7a9543c,CAWSPGANVLTF,0.024023458710006183,TCRBV30-01,TCRBJ02-06
8c399a3484f2f5f4dd555418a7a9543c,CASSYYRVNYGYTF,0.02399730352856959,TCRBV05-06,TCRBJ01-02
8c399a3484f2f5f4dd555418a7a9543c,CTSFRGLGYGYGNTIYF,0.023990135280564772,TCRBV01-01,TCRBJ01-03
8c399a3484f2f5f4dd555418a7a9543c,CSAWGPNYGYTF,0.023987697952001813,TCRBV20-X,TCRBJ01-02
8c399a3484f2f5f4dd555418a7a9543c,CAPPLGGWKKLFF,0.023969174338016118,TCRBV21-01,TCRBJ01-04
8c399a3484f2f5f4dd555418a7a9543c,CAWGKKEAFF,0.023941964563421354,TCRBV30-01,TCRBJ01-01
8c399a3484f2f5f4dd555418a7a9543c,CASSPSWGGNYGYTF,0.023937412338204365,TCRBV03-01/03-02,TCRBJ01-02
8c399a3484f2f5f4dd555418a7a9543c,CASHTPYGYTF,0.023920219414221768,TCRBV06-05,TCRBJ01-02
8d9fa4e637f859c2bf3d248b169b0121,FF,0.04636419028842517,TCRBV04-01,TCRBJ02-01
8d9fa4e637f859c2bf3d248b169b0121,CAWSPKGLPGLGNGYTF,0.03990465635969784,TCRBV30-01,TCRBJ01-02
8d9fa4e637f859c2bf3d248b169b0121,CPPLHF,0.030887322668979388,TCRBV07-09,TCRBJ01-06
8d9fa4e637f859c2bf3d248b169b0121,CAWSLQGGPNYGYTF,0.030625653442164922,TCRBV30-01,TCRBJ01-02
8d9fa4e637f859c2bf3d248b169b0121,CSAPYYGYTF,0.028122860329746948,TCRBV20-01,TCRBJ01-02
8d9fa4e637f859c2bf3d248b169b0121,CAYGHSYGYTF,0.027894878824691372,TCRBV30-01,TCRBJ01-02
8d9fa4e637f859c2bf3d248b169b0121,CAWSGTGGFNYPNYGYTF,0.027629701956551428,TCRBV30-01,TCRBJ01-02
8d9fa4e637f859c2bf3d248b169b0121,CASSPWGGQNSNYGYTF,0.02733217630453852,TCRBV05-01,TCRBJ01-02
8d9fa4e637f859c2bf3d248b169b0121,CASSPWGGGVPNYGYTF,0.02726085070387129,TCRBV05-04,TCRBJ01-02
8d9fa4e637f859c2bf3d248b169b0121,CASHGGGHYGYTF,0.027242632560296735,TCRBV28-01,TCRBJ01-02
8d9fa4e637f859c2bf3d248b169b0121,CASHWGGKGHLTYGYTF,0.02704058639984521,TCRBV27-01,TCRBJ01-02
8d9fa4e637f859c2bf3d248b169b0121,CAWRWGGYGYTF,0.026908799236588628,TCRBV30-01,TCRBJ01-02
8d9fa4e637f859c2bf3d248b169b0121,CAWIPHGYGYTF,0.026802076784868498,TCRBV30-01,TCRBJ01-02
8d9fa4e637f859c2bf3d248b169b0121,CASSYWGGRRSNYGYTF,0.026565451643277033,TCRBV06-X,TCRBJ01-02
8d9fa4e637f859c2bf3d248b169b0121,RRPDPGEPQHF,0.02633953097492096,TCRBV07-09,TCRBJ01-05
8d9fa4e637f859c2bf3d248b169b0121,CAWSAPGGSNYGYTF,0.026319823714561777,TCRBV30-01,TCRBJ01-02
8d9fa4e637f859c2bf3d248b169b0121,CLYF,0.026155020946262823,TCRBV07-08,TCRBJ02-05
8d9fa4e637f859c2bf3d248b169b0121,CASSYWTGGGYGYTF,0.026113476045293283,TCRBV05-01,TCRBJ01-02
8d9fa4e637f859c2bf3d248b169b0121,CASSPGYSYYGYTF,0.02586258160780989,TCRBV06-02/06-03,TCRBJ01-02
8d9fa4e637f859c2bf3d248b169b0121,CAWTPLGGYYGYTF,0.025840231266528745,TCRBV30-01,TCRBJ01-02
8d9fa4e637f859c2bf3d248b169b0121,CASSYSPYVYGYTF,0.025805154135874944,TCRBV06-05,TCRBJ01-02
8d9fa4e637f859c2bf3d248b169b0121,CASSYSAYNYGYTF,0.02575699689087256,TCRBV06-06,TCRBJ01-02
8d9fa4e637f859c2bf3d248b169b0121,CAWSVWGAGYTF,0.025705708484887596,TCRBV30-01,TCRBJ01-02
8d9fa4e637f859c2bf3d248b169b0121,CASSYSWGDNYGYTF,0.025699233539218744,TCRBV06-06,TCRBJ01-02
8d9fa4e637f859c2bf3d248b169b0121,CASSHSGGYYGYTF,0.025522924629564597,TCRBV07-06,TCRBJ01-02
8d9fa4e637f859c2bf3d248b169b0121,CASSPYWGGFKGYTF,0.025466666547404985,TCRBV19-01,TCRBJ01-02
8d9fa4e637f859c2bf3d248b169b0121,CACAAGANVLTF,0.025398225899954868,TCRBV30-01,TCRBJ02-06
8d9fa4e637f859c2bf3d248b169b0121,CASSSFGGTTGAGYGYTF,0.025381259859873648,TCRBV07-02,TCRBJ01-02
8d9fa4e637f859c2bf3d248b169b0121,CASSSYGPNYGYTF,0.025354958754100827,TCRBV05-01,TCRBJ01-02
8d9fa4e637f859c2bf3d248b169b0121,CASPPLPPCAPLHF,0.0252246540349596,TCRBV13-01,TCRBJ01-06
8d9fa4e637f859c2bf3d248b169b0121,CASSPGYYYTF,0.025166784376436525,TCRBV06-02/06-03,TCRBJ01-02
8d9fa4e637f859c2bf3d248b169b0121,CASRHPGPHNQPQHF,0.0251237027963117,TCRBV19-01,TCRBJ01-05
8d9fa4e637f859c2bf3d248b169b0121,CAWGTGGGWANVLTF,0.025118214280903044,TCRBV30-01,TCRBJ02-06
8d9fa4e637f859c2bf3d248b169b0121,CASSYSGGNNYGYTF,0.02506965684384919,TCRBV06-06,TCRBJ01-02
8d9fa4e637f859c2bf3d248b169b0121,CASSSGTGGWNYGYTF,0.025047249256990763,TCRBV02-01,TCRBJ01-02
8d9fa4e637f859c2bf3d248b169b0121,CASSSVWGHGYGYTF,0.024987159278555375,TCRBV05-01,TCRBJ01-02
8d9fa4e637f859c2bf3d248b169b0121,CASSEWGGAFF,0.02496918232902587,TCRBV10-01,TCRBJ01-01
8d9fa4e637f859c2bf3d248b169b0121,CASGVGFYYGYTF,0.0249052823381562,TCRBV02-01,TCRBJ01-02
8d9fa4e637f859c2bf3d248b169b0121,CASSYRGYGYTF,0.024885473752379907,TCRBV12-03/12-04,TCRBJ01-02
8d9fa4e637f859c2bf3d248b169b0121,CASTPGGKVLTHYGYTF,0.024819804570427106,TCRBV19-01,TCRBJ01-02
8d9fa4e637f859c2bf3d248b169b0121,CASSFGGGPNYGYTF,0.024759217321801707,TCRBV12-X,TCRBJ01-02
8d9fa4e637f859c2bf3d248b169b0121,CASSPWGDPNYGYTF,0.024753446682725177,TCRBV19-01,TCRBJ01-02
8d9fa4e637f859c2bf3d248b169b0121,CAWSTGFNYGYTF,0.02472542808661978,TCRBV30-01,TCRBJ01-02
8d9fa4e637f859c2bf3d248b169b0121,CASSYAGPANYGYTF,0.024719609080852547,TCRBV05-01,TCRBJ01-02
8d9fa4e637f859c2bf3d248b169b0121,CAWGHYGYTF,0.02471553987554854,TCRBV30-01,TCRBJ01-02
8d9fa4e637f859c2bf3d248b169b0121,CASSSYWGAFF,0.02465101572754702,TCRBV27-01,TCRBJ01-01
8d9fa4e637f859c2bf3d248b169b0121,CASSSSYRGYGYTF,0.024550687962778678,TCRBV07-09,TCRBJ01-02
8d9fa4e637f859c2bf3d248b169b0121,CASSPWAHYGYTF,0.0245461691908429,TCRBV12-03/12-04,TCRBJ01-02
8d9fa4e637f859c2bf3d248b169b0121,CASSYSGSGGANYGYTF,0.024504908361672132,TCRBV06-X,TCRBJ01-02
8d9fa4e637f859c2bf3d248b169b0121,CAWSVPGGPTNEKLFF,0.024480094652617093,TCRBV30-01,TCRBJ01-04
8d9fa4e637f859c2bf3d248b169b0121,CAWSEDTWWMGNTIYF,0.024477858578577608,TCRBV30-01,TCRBJ01-03
8d9fa4e637f859c2bf3d248b169b0121,LAKNIQYF,0.024467613046252487,TCRBV05-06,TCRBJ02-04
8d9fa4e637f859c2bf3d248b169b0121,CASGYRGYGYTF,0.02440918542402458,TCRBV05-04,TCRBJ01-02
8d9fa4e637f859c2bf3d248b169b0121,CATKVPGANVLTF,0.024407443895667975,TCRBV06-05,TCRBJ02-06
8d9fa4e637f859c2bf3d248b169b0121,CSARHVGAYYGYTF,0.024394623901994105,TCRBV20-X,TCRBJ01-02
8d9fa4e637f859c2bf3d248b169b0121,CASSAPYGTGHNYGYTF,0.024386993200637423,TCRBV02-01,TCRBJ01-02
8d9fa4e637f859c2bf3d248b169b0121,CASSWGGNYGYTF,0.024376651501411307,TCRBV12-03/12-04,TCRBJ01-02
8d9fa4e637f859c2bf3d248b169b0121,CASSYWDYGYTF,0.02431808494710863,TCRBV06-02/06-03,TCRBJ01-02
8d9fa4e637f859c2bf3d248b169b0121,CASTSWGGGAWTQYF,0.024291801340423178,TCRBV27-01,TCRBJ02-03
8d9fa4e637f859c2bf3d248b169b0121,CASSFPYSHPGGYTF,0.024282798213978753,TCRBV07-09,TCRBJ01-02
8d9fa4e637f859c2bf3d248b169b0121,CAWHSAEAFF,0.02428172071234151,TCRBV30-01,TCRBJ01-01
8d9fa4e637f859c2bf3d248b169b0121,CASMYFRVWTEAFF,0.024280271878001268,TCRBV02-01,TCRBJ01-01
8d9fa4e637f859c2bf3d248b169b0121,CASSPKWVHGYTF,0.024250963101864,TCRBV02-01,TCRBJ01-02
8d9fa4e637f859c2bf3d248b169b0121,CAWIWTPNYGYTF,0.024237249178509924,TCRBV30-01,TCRBJ01-02
8d9fa4e637f859c2bf3d248b169b0121,CASSPYGGPYTQYF,0.024231664819320684,TCRBV09-01,TCRBJ02-03
8d9fa4e637f859c2bf3d248b169b0121,CASTPWGGGDHYTF,0.02422924654130575,TCRBV27-01,TCRBJ01-02
8d9fa4e637f859c2bf3d248b169b0121,CASKPKGYYGYTF,0.02417419020588083,TCRBV19-01,TCRBJ01-02
8d9fa4e637f859c2bf3d248b169b0121,CASSYLWTGGGYGYTF,0.024157096987337662,TCRBV09-01,TCRBJ01-02
8d9fa4e637f859c2bf3d248b169b0121,CASSYRDNYYGYTF,0.024128935293941334,TCRBV06-05,TCRBJ01-02
8d9fa4e637f859c2bf3d248b169b0121,CASWGTGYGYTF,0.024082439865222845,TCRBV19-01,TCRBJ01-02
8d9fa4e637f859c2bf3d248b169b0121,CASSIPFYYGYTF,0.024066980649263353,TCRBV19-01,TCRBJ01-02
8d9fa4e637f859c2bf3d248b169b0121,CASYSGAGSYYGYTF,0.024066062979662836,TCRBV28-01,TCRBJ01-02
8d9fa4e637f859c2bf3d248b169b0121,CAWGGPHGYTF,0.02406580329446108,TCRBV30-01,TCRBJ01-02
8d9fa4e637f859c2bf3d248b169b0121,CAWGTGDIGGTGELFF,0.02402452084073407,TCRBV30-01,TCRBJ02-02
8d9fa4e637f859c2bf3d248b169b0121,CASSIWGKLFF,0.02401005185146286,TCRBV02-01,TCRBJ01-04
8d9fa4e637f859c2bf3d248b169b0121,CASKPGGTWYYGYTF,0.024000637464990374,TCRBV03-01/03-02,TCRBJ01-02
8d9fa4e637f859c2bf3d248b169b0121,CASSIGRGLGELFF,0.023987822150135774,TCRBV19-01,TCRBJ02-02
8d9fa4e637f859c2bf3d248b169b0121,CASSIWPKYGYTF,0.02398103612984564,TCRBV19-01,TCRBJ01-02
8d9fa4e637f859c2bf3d248b169b0121,CASTDPHYGYTF,0.0239331714576059,TCRBV06-X,TCRBJ01-02
8d9fa4e637f859c2bf3d248b169b0121,CASSYMGHHTF,0.02392981673088955,TCRBV06-05,TCRBJ01-02
8d9fa4e637f859c2bf3d248b169b0121,CAWSWVATEAFF,0.023915193283169312,TCRBV30-01,TCRBJ01-01
8d9fa4e637f859c2bf3d248b169b0121,CATSDFKGGHWGGYTF,0.023908175539329946,TCRBV24-01,TCRBJ01-02
8d9fa4e637f859c2bf3d248b169b0121,CASSIIGNVLGAFF,0.023900262207836313,TCRBV19-01,TCRBJ01-01
8d9fa4e637f859c2bf3d248b169b0121,CAWSGYRVVYGYTF,0.023874936571844217,TCRBV30-01,TCRBJ01-02
8d9fa4e637f859c2bf3d248b169b0121,CAWSEWTGYTF,0.023861040672191747,TCRBV30-01,TCRBJ01-02
8d9fa4e637f859c2bf3d248b169b0121,CATSIYRGGYGYTF,0.023850074228476854,TCRBV15-01,TCRBJ01-02
8d9fa4e637f859c2bf3d248b169b0121,CASSFVGYHYGYTF,0.02384986260963721,TCRBV11-02,TCRBJ01-02
8d9fa4e637f859c2bf3d248b169b0121,CASSYRWGGYTF,0.02382624012397248,TCRBV06-06,TCRBJ01-02
8d9fa4e637f859c2bf3d248b169b0121,CAWRPPEGFWATEAFF,0.02380755555445727,TCRBV30-01,TCRBJ01-01
8d9fa4e637f859c2bf3d248b169b0121,CASSPGPYYGYTF,0.023792117594853647,TCRBV12-03/12-04,TCRBJ01-02
8d9fa4e637f859c2bf3d248b169b0121,CASSYGGPANYGYTF,0.023791868407614682,TCRBV19-01,TCRBJ01-02
8d9fa4e637f859c2bf3d248b169b0121,CASSLGHHSYYGYTF,0.023768154672512132,TCRBV27-01,TCRBJ01-02
8d9fa4e637f859c2bf3d248b169b0121,CSAHGTGFHGYTF,0.023742086251396313,TCRBV20-X,TCRBJ01-02
8d9fa4e637f859c2bf3d248b169b0121,CASSYGANYGYTF,0.023724950136278525,TCRBV06-06,TCRBJ01-02
8d9fa4e637f859c2bf3d248b169b0121,CASSPPGRGHHQPQHF,0.023722334792066212,TCRBV21-01,TCRBJ01-05
8d9fa4e637f859c2bf3d248b169b0121,CASHPTGAYGYTF,0.02371981082717138,TCRBV19-01,TCRBJ01-02
8d9fa4e637f859c2bf3d248b169b0121,CSAHTGGYGYTF,0.023711443656626415,TCRBV20-X,TCRBJ01-02
8d9fa4e637f859c2bf3d248b169b0121,CSAAGYYGYTF,0.023700449134439593,TCRBV29-01,TCRBJ01-02
8d9fa4e637f859c2bf3d248b169b0121,CAWGAGGAEAFF,0.023686339433954345,TCRBV30-01,TCRBJ01-01
90359259983f5013fb4ff9e322446ccb,CASNHYWGPNYGYTF,0.035922816499952825,TCRBV12-X,TCRBJ01-02
90359259983f5013fb4ff9e322446ccb,CASSKVAQGLAYYGYTF,0.03377916386111695,TCRBV21-01,TCRBJ01-02
90359259983f5013fb4ff9e322446ccb,CAWYIPGYGYTF,0.032979427763846145,TCRBV30-01,TCRBJ01-02
90359259983f5013fb4ff9e322446ccb,CSARYPPGFWGWYGYTF,0.0327857794725417,TCRBV20-X,TCRBJ01-02
90359259983f5013fb4ff9e322446ccb,CSAHPPPHQPQHF,0.03187959704051049,TCRBV20-X,TCRBJ01-05
90359259983f5013fb4ff9e322446ccb,CASSYMRFYYGYTF,0.031484792076065145,TCRBV06-02/06-03,TCRBJ01-02
90359259983f5013fb4ff9e322446ccb,CSWSKFF,0.03141099774887607,TCRBV20-01,TCRBJ02-01
90359259983f5013fb4ff9e322446ccb,CASVKFGYWYGYTF,0.030281637036812647,TCRBV07-09,TCRBJ01-02
90359259983f5013fb4ff9e322446ccb,CASSYSYYGYTF,0.030263355563056,TCRBV06-02/06-03,TCRBJ01-02
90359259983f5013fb4ff9e322446ccb,CASSYSGYYGYTF,0.029976799522669757,TCRBV06-05,TCRBJ01-02
90359259983f5013fb4ff9e322446ccb,CASSYWGASYGYTF,0.02992801046464693,TCRBV06-05,TCRBJ01-02
90359259983f5013fb4ff9e322446ccb,CASSYYGHTNYGYTF,0.02984395198137906,TCRBV06-05,TCRBJ01-02
90359259983f5013fb4ff9e322446ccb,RWLFF,0.029744616147797255,TCRBV25-01,TCRBJ01-04
90359259983f5013fb4ff9e322446ccb,CASGLQGPAGDYGYTF,0.029638089973728035,TCRBV19-01,TCRBJ01-02
90359259983f5013fb4ff9e322446ccb,YAWRPPNYGYTF,0.029631753195703884,TCRBV30-01,TCRBJ01-02
90359259983f5013fb4ff9e322446ccb,CAWKGYGYGYTF,0.029481047981587374,TCRBV30-01,TCRBJ01-02
90359259983f5013fb4ff9e322446ccb,CASSYRGYYGYTF,0.02933977931009988,TCRBV06-05,TCRBJ01-02
90359259983f5013fb4ff9e322446ccb,WGTNYGYTF,0.02895640817543482,TCRBV28-01,TCRBJ01-02
90359259983f5013fb4ff9e322446ccb,CAWKPWVNTEAFF,0.028879936752715836,TCRBV30-01,TCRBJ01-01
90359259983f5013fb4ff9e322446ccb,CRYGPFYGYTF,0.028689038987667864,TCRBV29-01,TCRBJ01-02
90359259983f5013fb4ff9e322446ccb,CASSQGPQGENGYTF,0.028602769573375594,TCRBV03-01/03-02,TCRBJ01-02
90359259983f5013fb4ff9e322446ccb,ASHF,0.028412001583169807,TCRBV30-01,TCRBJ01-05
90359259983f5013fb4ff9e322446ccb,RNYGYTF,0.028345334763896776,TCRBV24-01,TCRBJ01-02
90359259983f5013fb4ff9e322446ccb,CASSFLGKVTEAFF,0.02831628427706423,TCRBV07-09,TCRBJ01-01
90359259983f5013fb4ff9e322446ccb,CASSPHPYF,0.02826885664093309,TCRBV09-01,TCRBJ02-07
90359259983f5013fb4ff9e322446ccb,CASSHPRRHHNYGYTF,0.0280452249814221,TCRBV03-01/03-02,TCRBJ01-02
90359259983f5013fb4ff9e322446ccb,CASSWGGNNYGYTF,0.02802583042231464,TCRBV19-01,TCRBJ01-02
90359259983f5013fb4ff9e322446ccb,CAWSGWAYYGYTF,0.02793659306726008,TCRBV30-01,TCRBJ01-02
90359259983f5013fb4ff9e322446ccb,CASSFGGWNYGYTF,0.027858806632350616,TCRBV12-X,TCRBJ01-02
90359259983f5013fb4ff9e322446ccb,CAWSVWGAGAFF,0.027738089200465922,TCRBV30-01,TCRBJ01-01
90359259983f5013fb4ff9e322446ccb,CASSYSHGYYGYTF,0.02769675280103597,TCRBV06-05,TCRBJ01-02
90359259983f5013fb4ff9e322446ccb,CAWSFGGYNYGYTF,0.02768789545493557,TCRBV30-01,TCRBJ01-02
90359259983f5013fb4ff9e322446ccb,CASSYVSGYYGYTF,0.027571315673992392,TCRBV06-05,TCRBJ01-02
90359259983f5013fb4ff9e322446ccb,CATYGAPYNYGYTF,0.0275604125506934,TCRBV06-01,TCRBJ01-02
90359259983f5013fb4ff9e322446ccb,CASWWVGYGYTF,0.027507959178959474,TCRBV28-01,TCRBJ01-02
90359259983f5013fb4ff9e322446ccb,CASSPQGGGWFSGNTIYF,0.027469943146934548,TCRBV12-X,TCRBJ01-03
90359259983f5013fb4ff9e322446ccb,CASRIKFGYNYGYTF,0.027361354356130844,TCRBV19-01,TCRBJ01-02
90359259983f5013fb4ff9e322446ccb,CAWSWAGYSNYGYTF,0.0273245585934255,TCRBV30-01,TCRBJ01-02
90359259983f5013fb4ff9e322446ccb,CSARYRGYYGYTF,0.027209475295913492,TCRBV20-X,TCRBJ01-02
90359259983f5013fb4ff9e322446ccb,CAWSWTGWYTEAFF,0.027144244832020433,TCRBV30-01,TCRBJ01-01
90359259983f5013fb4ff9e322446ccb,CASSSNWGGAFF,0.02704311439191442,TCRBV06-05,TCRBJ01-01
90359259983f5013fb4ff9e322446ccb,CASYGGIYYGYTF,0.027028449906257666,TCRBV06-05,TCRBJ01-02
90359259983f5013fb4ff9e322446ccb,CATINRVNKWGNCWNTIYF,0.026920591507840007,TCRBV24-01,TCRBJ01-03
90359259983f5013fb4ff9e322446ccb,CAWTHMDGYTF,0.026806162868738964,TCRBV30-01,TCRBJ01-02
90359259983f5013fb4ff9e322446ccb,CARIIPKQYF,0.02679161711854683,TCRBV13-01,TCRBJ02-07
90359259983f5013fb4ff9e322446ccb,CASSSPWGFNYGYTF,0.02678212152094322,TCRBV05-05,TCRBJ01-02
90359259983f5013fb4ff9e322446ccb,CASHRAYYGYTF,0.026746938213622368,TCRBV28-01,TCRBJ01-02
90359259983f5013fb4ff9e322446ccb,CASNPWGSLGGAFF,0.02668941235465235,TCRBV06-05,TCRBJ01-01
90359259983f5013fb4ff9e322446ccb,CASSYYPQGWNQPQHF,0.026675906281341335,TCRBV06-02/06-03,TCRBJ01-05
90359259983f5013fb4ff9e322446ccb,CACNAFF,0.02661892746224787,TCRBV30-01,TCRBJ01-01
90359259983f5013fb4ff9e322446ccb,CASSSYFGSNYGYTF,0.026591312485242904,TCRBV07-02,TCRBJ01-02
90359259983f5013fb4ff9e322446ccb,CASSLFGGGSSNYGYTF,0.02652390355462437,TCRBV28-01,TCRBJ01-02
90359259983f5013fb4ff9e322446ccb,RTYGYTF,0.0265200285903703,TCRBV23-01,TCRBJ01-02
90359259983f5013fb4ff9e322446ccb,CASSYAGYNYGYTF,0.026480749902864097,TCRBV06-02/06-03,TCRBJ01-02
90359259983f5013fb4ff9e322446ccb,CASSAPQGIPHIHQPQHF,0.026338742225498857,TCRBV25-01,TCRBJ01-05
90359259983f5013fb4ff9e322446ccb,CASSYRGNNYGYTF,0.026308203512075357,TCRBV12-X,TCRBJ01-02
90359259983f5013fb4ff9e322446ccb,CASSPYGTGGFTNYGYTF,0.026246367179647966,TCRBV03-01/03-02,TCRBJ01-02
90359259983f5013fb4ff9e322446ccb,CASSWAAAWGYTF,0.02623063865558763,TCRBV19-01,TCRBJ01-02
90359259983f5013fb4ff9e322446ccb,CSAHPWGPGANVLTF,0.026212608138657608,TCRBV20-X,TCRBJ02-06
90359259983f5013fb4ff9e322446ccb,CASSSWGGYGYTF,0.026211915892900204,TCRBV07-02,TCRBJ01-02
90359259983f5013fb4ff9e322446ccb,CASSYSSNGGGYGYTF,0.02618081059281884,TCRBV06-05,TCRBJ01-02
90359259983f5013fb4ff9e322446ccb,F,0.026169089102652747,TCRBV30-01,TCRBJ01-06
90359259983f5013fb4ff9e322446ccb,CATVMKGGWNTIYF,0.026139773575518197,TCRBV02-01,TCRBJ01-03
90359259983f5013fb4ff9e322446ccb,CASTFRYGGYFGYTF,0.026132661298660147,TCRBV19-01,TCRBJ01-02
90359259983f5013fb4ff9e322446ccb,CASSMWGGANYGYTF,0.026124023811463545,TCRBV19-01,TCRBJ01-02
90359259983f5013fb4ff9e322446ccb,CASSYTYYGYTF,0.02607103431534652,TCRBV06-02/06-03,TCRBJ01-02
90359259983f5013fb4ff9e322446ccb,WGSGNTIYF,0.026045455752290576,TCRBV23-01,TCRBJ01-03
90359259983f5013fb4ff9e322446ccb,CAIPAYHNYGYTF,0.026031966097614614,TCRBV28-01,TCRBJ01-02
90359259983f5013fb4ff9e322446ccb,CSHAAGYTF,0.025993403047926137,TCRBV29-01,TCRBJ01-02
90359259983f5013fb4ff9e322446ccb,CASSYFPGGRTEAFF,0.025973224043247096,TCRBV06-05,TCRBJ01-01
90359259983f5013fb4ff9e322446ccb,CASSYHRGNNYGYTF,0.025972497238114834,TCRBV06-02/06-03,TCRBJ01-02
90359259983f5013fb4ff9e322446ccb,CAWKWGTEAFF,0.02596905799933747,TCRBV30-01,TCRBJ01-01
90359259983f5013fb4ff9e322446ccb,CASPWLHF,0.025968638867705517,TCRBV19-01,TCRBJ01-06
90359259983f5013fb4ff9e322446ccb,CAWSSYGGNYGYTF,0.025933380023625323,TCRBV30-01,TCRBJ01-02
90359259983f5013fb4ff9e322446ccb,CAWSIPKGYTF,0.025896946824522652,TCRBV30-01,TCRBJ01-02
90359259983f5013fb4ff9e322446ccb,CSVWWGRGYGYTF,0.025880060694527578,TCRBV29-01,TCRBJ01-02
90359259983f5013fb4ff9e322446ccb,CAWSDGFTYGYTF,0.025868177389799116,TCRBV30-01,TCRBJ01-02
90359259983f5013fb4ff9e322446ccb,CSAPWGGYGYTF,0.025861007912596334,TCRBV20-X,TCRBJ01-02
90359259983f5013fb4ff9e322446ccb,CSASWGEWGYTF,0.025817094704363223,TCRBV20-X,TCRBJ01-02
90359259983f5013fb4ff9e322446ccb,CASSNVPTAGGGWYYGYTF,0.025802085557625348,TCRBV27-01,TCRBJ01-02
90359259983f5013fb4ff9e322446ccb,CSAGPQGNPGNTIYF,0.025781528657498356,TCRBV20-X,TCRBJ01-03
90359259983f5013fb4ff9e322446ccb,CASSYPGHYPSPLHF,0.025776763879246618,TCRBV06-02/06-03,TCRBJ01-06
90359259983f5013fb4ff9e322446ccb,CAWAPGEGGAFF,0.02575885909489521,TCRBV30-01,TCRBJ01-01
90359259983f5013fb4ff9e322446ccb,CAWSSGYFYGYTF,0.02573350848229714,TCRBV30-01,TCRBJ01-02
90359259983f5013fb4ff9e322446ccb,CASSSWGDPYGYTF,0.025721666793704412,TCRBV13-01,TCRBJ01-02
90359259983f5013fb4ff9e322446ccb,CATAPVAGANVLTF,0.025708358326954756,TCRBV28-01,TCRBJ02-06
90359259983f5013fb4ff9e322446ccb,CAWMWGVTEAFF,0.025688998961900654,TCRBV30-01,TCRBJ01-01
90359259983f5013fb4ff9e322446ccb,CASSYSPGGFYYGYTF,0.0256850473496269,TCRBV06-05,TCRBJ01-02
90359259983f5013fb4ff9e322446ccb,CASSYSKGWGFIYGYTF,0.02566683194244197,TCRBV06-X,TCRBJ01-02
90359259983f5013fb4ff9e322446ccb,CASIKKGWELHGYTF,0.025653902706052868,TCRBV06-05,TCRBJ01-02
90359259983f5013fb4ff9e322446ccb,CASSYGNNYGYTF,0.025649239842551082,TCRBV06-05,TCRBJ01-02
90359259983f5013fb4ff9e322446ccb,CATWTPAEGYTF,0.025618234185988912,TCRBV24-01,TCRBJ01-02
90359259983f5013fb4ff9e322446ccb,CAWRRMPPLHF,0.025615420816640977,TCRBV30-01,TCRBJ01-06
90359259983f5013fb4ff9e322446ccb,CASSEWTGKIKWTGELFF,0.02560164248003626,TCRBV06-01,TCRBJ02-02
90359259983f5013fb4ff9e322446ccb,CAWRRGGWYF,0.02559708252470262,TCRBV30-01,TCRBJ02-07
9122be347bfc79d7e15b5c7b5633fb17,CAWIAWGYNYGYTF,0.03300765636391334,TCRBV30-01,TCRBJ01-02
9122be347bfc79d7e15b5c7b5633fb17,RHSYFYGYTF,0.03283248230443112,TCRBV12-03/12-04,TCRBJ01-02
9122be347bfc79d7e15b5c7b5633fb17,CASSSYWTGGGYGYTF,0.029968871170654745,TCRBV12-X,TCRBJ01-02
9122be347bfc79d7e15b5c7b5633fb17,CAWIGWYGYTF,0.02917939032803908,TCRBV30-01,TCRBJ01-02
9122be347bfc79d7e15b5c7b5633fb17,CASSPYPWGGYF,0.028816607994897114,TCRBV18-01,TCRBJ02-04
9122be347bfc79d7e15b5c7b5633fb17,CASSHPPHF,0.028788963636116868,TCRBV14-01,TCRBJ02-07
9122be347bfc79d7e15b5c7b5633fb17,YSSGHYGYTF,0.028465353617731448,TCRBV17-01,TCRBJ01-02
9122be347bfc79d7e15b5c7b5633fb17,RRNTIYF,0.028374586726825298,TCRBV19-01,TCRBJ01-03
9122be347bfc79d7e15b5c7b5633fb17,CASSYWAPYQPQHF,0.028320704385950916,TCRBV19-01,TCRBJ01-05
9122be347bfc79d7e15b5c7b5633fb17,CAWNGFGYGYTF,0.0282030844475668,TCRBV30-01,TCRBJ01-02
9122be347bfc79d7e15b5c7b5633fb17,CASSFWTGVTEAFF,0.02811197502001281,TCRBV05-04,TCRBJ01-01
9122be347bfc79d7e15b5c7b5633fb17,CASGGYYGYTF,0.02755366410910952,TCRBV28-01,TCRBJ01-02
9122be347bfc79d7e15b5c7b5633fb17,CSYYGYTF,0.027499735942420844,TCRBV20-01,TCRBJ01-02
9122be347bfc79d7e15b5c7b5633fb17,CASNPWGAQGYGYTF,0.02700777942817637,TCRBV05-06,TCRBJ01-02
9122be347bfc79d7e15b5c7b5633fb17,CASSYWGSGNYGYTF,0.0269350100662258,TCRBV14-01,TCRBJ01-02
9122be347bfc79d7e15b5c7b5633fb17,CASSYGGTGWNGYTF,0.026725250737042225,TCRBV06-05,TCRBJ01-02
9122be347bfc79d7e15b5c7b5633fb17,CASSSWGGANYGYTF,0.02662556136886047,TCRBV04-02,TCRBJ01-02
9122be347bfc79d7e15b5c7b5633fb17,CASWNF,0.026592270592888823,TCRBV07-04,TCRBJ01-05
9122be347bfc79d7e15b5c7b5633fb17,CASSLYGYYGYTF,0.02655315436048047,TCRBV02-01,TCRBJ01-02
9122be347bfc79d7e15b5c7b5633fb17,CSAHYTF,0.026514452563155454,TCRBV29-01,TCRBJ01-02
9122be347bfc79d7e15b5c7b5633fb17,CASWGAWGYTF,0.026463775997938203,TCRBV28-01,TCRBJ01-02
9122be347bfc79d7e15b5c7b5633fb17,CAWGGGWVGGYTF,0.02644146490178674,TCRBV30-01,TCRBJ01-02
9122be347bfc79d7e15b5c7b5633fb17,CASSSYYPGTGGWTQYF,0.02643065594072723,TCRBV13-01,TCRBJ02-05
9122be347bfc79d7e15b5c7b5633fb17,CASSMKAHGPHYGYTF,0.02617897036830796,TCRBV19-01,TCRBJ01-02
9122be347bfc79d7e15b5c7b5633fb17,CASSSSHRHHSPLHF,0.026164207541694285,TCRBV21-01,TCRBJ01-06
9122be347bfc79d7e15b5c7b5633fb17,CASSLPVVGNTEAFF,0.02600234418767618,TCRBV12-X,TCRBJ01-01
9122be347bfc79d7e15b5c7b5633fb17,CAWRELKKKGGGYTF,0.025922129071760308,TCRBV30-01,TCRBJ01-02
9122be347bfc79d7e15b5c7b5633fb17,CASNPFSAPNYGYTF,0.025872215014243038,TCRBV19-01,TCRBJ01-02
9122be347bfc79d7e15b5c7b5633fb17,CASWGWTEAFF,0.025822286564394295,TCRBV19-01,TCRBJ01-01
9122be347bfc79d7e15b5c7b5633fb17,CAWVRVRAFF,0.025787757244367743,TCRBV30-01,TCRBJ01-01
9122be347bfc79d7e15b5c7b5633fb17,CASTHYPGGRNEQFF,0.025722222454509037,TCRBV12-X,TCRBJ02-01
9122be347bfc79d7e15b5c7b5633fb17,CSAPPPRAFPRAFF,0.025698505244518294,TCRBV20-X,TCRBJ01-01
9122be347bfc79d7e15b5c7b5633fb17,CASWGGGSNYGYTF,0.02558032884438369,TCRBV02-01,TCRBJ01-02
9122be347bfc79d7e15b5c7b5633fb17,CASSYFPGYGYTF,0.025519346222147243,TCRBV06-02/06-03,TCRBJ01-02
9122be347bfc79d7e15b5c7b5633fb17,CASSYSGGFNYGYTF,0.02551537111625615,TCRBV06-05,TCRBJ01-02
9122be347bfc79d7e15b5c7b5633fb17,CASSGGFSYYGYTF,0.025363739046517324,TCRBV19-01,TCRBJ01-02
9122be347bfc79d7e15b5c7b5633fb17,CASRWWREGYTF,0.025200632584824086,TCRBV06-05,TCRBJ01-02
9122be347bfc79d7e15b5c7b5633fb17,CSAYRAGYGYTF,0.02520026067523156,TCRBV20-X,TCRBJ01-02
9122be347bfc79d7e15b5c7b5633fb17,CASSYGFNTNGGYTF,0.02512332615340136,TCRBV06-05,TCRBJ01-02
9122be347bfc79d7e15b5c7b5633fb17,CASSYHYGYTF,0.0251033748665527,TCRBV06-02/06-03,TCRBJ01-02
9122be347bfc79d7e15b5c7b5633fb17,CSARYVYGYTF,0.025098649059748093,TCRBV20-01,TCRBJ01-02
9122be347bfc79d7e15b5c7b5633fb17,CASSWTTGGYYGYTF,0.025092381410305425,TCRBV14-01,TCRBJ01-02
9122be347bfc79d7e15b5c7b5633fb17,CAWSEPWGGAFF,0.025079911895943417,TCRBV30-01,TCRBJ01-01
9122be347bfc79d7e15b5c7b5633fb17,CASTTPGEPWWYGYTF,0.02507115594212994,TCRBV28-01,TCRBJ01-02
9122be347bfc79d7e15b5c7b5633fb17,CATYRGYGYTF,0.02501436204037373,TCRBV28-01,TCRBJ01-02
9122be347bfc79d7e15b5c7b5633fb17,CASSYSPGYYGYTF,0.025005137213708534,TCRBV06-05,TCRBJ01-02
9122be347bfc79d7e15b5c7b5633fb17,CATCPPGGIEAFF,0.02500358965124797,TCRBV06-05,TCRBJ01-01
9122be347bfc79d7e15b5c7b5633fb17,CASSHWVPNYGYTF,0.024918447839461347,TCRBV19-01,TCRBJ01-02
9122be347bfc79d7e15b5c7b5633fb17,CASRYRGYGYTF,0.02490725101308887,TCRBV05-08,TCRBJ01-02
9122be347bfc79d7e15b5c7b5633fb17,CASMWVEAFF,0.02479671520634387,TCRBV02-01,TCRBJ01-01
9122be347bfc79d7e15b5c7b5633fb17,CASSHPNPGHGGYTF,0.024792228679800857,TCRBV04-01,TCRBJ01-02
9122be347bfc79d7e15b5c7b5633fb17,CASSGGPWGNYGYTF,0.02478495218732169,TCRBV06-X,TCRBJ01-02
9122be347bfc79d7e15b5c7b5633fb17,CASSYVGPNYGYTF,0.0247740168699166,TCRBV06-06,TCRBJ01-02
9122be347bfc79d7e15b5c7b5633fb17,CSAGYYGYTF,0.02467109705651832,TCRBV20-01,TCRBJ01-02
9122be347bfc79d7e15b5c7b5633fb17,CASAPAGTTGANVLTF,0.024647857383556612,TCRBV06-06,TCRBJ02-06
9122be347bfc79d7e15b5c7b5633fb17,CATPNPYGYTF,0.02464518370374154,TCRBV02-01,TCRBJ01-02
9122be347bfc79d7e15b5c7b5633fb17,CAIHGHNYGYTF,0.024644981684761414,TCRBV28-01,TCRBJ01-02
9122be347bfc79d7e15b5c7b5633fb17,CASSYSGGAGYGYTF,0.024627100089849214,TCRBV06-05,TCRBJ01-02
9122be347bfc79d7e15b5c7b5633fb17,CASSPYAGHYGYTF,0.024622828139819357,TCRBV18-01,TCRBJ01-02
9122be347bfc79d7e15b5c7b5633fb17,CASSFGGPNYGYTF,0.02460044514547858,TCRBV27-01,TCRBJ01-02
9122be347bfc79d7e15b5c7b5633fb17,CAWSPWDIPEGPQHF,0.02455969081365301,TCRBV30-01,TCRBJ01-05
9122be347bfc79d7e15b5c7b5633fb17,CASGWGTGPYGYTF,0.0245573477068627,TCRBV12-05,TCRBJ01-02
9122be347bfc79d7e15b5c7b5633fb17,CATLAPGYNYGYTF,0.02453818410884723,TCRBV28-01,TCRBJ01-02
9122be347bfc79d7e15b5c7b5633fb17,CAWSAFPGANVLTF,0.024501744048226616,TCRBV30-01,TCRBJ02-06
9122be347bfc79d7e15b5c7b5633fb17,CASSYGYGYTF,0.024498189835316132,TCRBV06-05,TCRBJ01-02
9122be347bfc79d7e15b5c7b5633fb17,CAWSHTGGAYYGYTF,0.024489520804256308,TCRBV30-01,TCRBJ01-02
9122be347bfc79d7e15b5c7b5633fb17,CASSPPHPYGYTF,0.02448593984513967,TCRBV27-01,TCRBJ01-02
9122be347bfc79d7e15b5c7b5633fb17,CASSKKWKGGYTF,0.02448454034858523,TCRBV21-01,TCRBJ01-02
9122be347bfc79d7e15b5c7b5633fb17,RGPYNQPQHF,0.0244600667563229,TCRBV19-01,TCRBJ01-05
9122be347bfc79d7e15b5c7b5633fb17,CSAHPPSGYTF,0.02445403278008142,TCRBV20-01,TCRBJ01-02
9122be347bfc79d7e15b5c7b5633fb17,CASSLIGGLAGNTIYF,0.024430225330170863,TCRBV12-X,TCRBJ01-03
9122be347bfc79d7e15b5c7b5633fb17,CASSGWTGGFGYTF,0.02440339641025939,TCRBV06-X,TCRBJ01-02
9122be347bfc79d7e15b5c7b5633fb17,CASIPSHGYTF,0.024378840284092197,TCRBV27-01,TCRBJ01-02
9122be347bfc79d7e15b5c7b5633fb17,CAWSVYMRAFF,0.024349390007059313,TCRBV30-01,TCRBJ01-01
9122be347bfc79d7e15b5c7b5633fb17,CASSYGPNYGYTF,0.024348121305458336,TCRBV06-02/06-03,TCRBJ01-02
9122be347bfc79d7e15b5c7b5633fb17,CASSYAHKGFYGYTF,0.024347525207879025,TCRBV06-05,TCRBJ01-02
9122be347bfc79d7e15b5c7b5633fb17,CASSYSNYGNGYTF,0.024314937086588537,TCRBV06-05,TCRBJ01-02
9122be347bfc79d7e15b5c7b5633fb17,CASSYSNSGGYGYTF,0.024273661405702727,TCRBV06-05,TCRBJ01-02
9122be347bfc79d7e15b5c7b5633fb17,CAWSHTYGSSYGYTF,0.024257263522878467,TCRBV30-01,TCRBJ01-02
9122be347bfc79d7e15b5c7b5633fb17,CSAIWGHYGYTF,0.024224260642828097,TCRBV20-X,TCRBJ01-02
9122be347bfc79d7e15b5c7b5633fb17,CSAHDPVRVGANYGYTF,0.024214165097351005,TCRBV20-X,TCRBJ01-02
9122be347bfc79d7e15b5c7b5633fb17,CASSYGGHDWGYTF,0.02417256625796007,TCRBV06-05,TCRBJ01-02
9122be347bfc79d7e15b5c7b5633fb17,CARLHRYYGYTF,0.024171859065411083,TCRBV19-01,TCRBJ01-02
9122be347bfc79d7e15b5c7b5633fb17,CATSDLGGASTDTQYF,0.024095811159705327,TCRBV24-01,TCRBJ02-03
9122be347bfc79d7e15b5c7b5633fb17,CASSLNGWGGYF,0.024085642431380117,TCRBV12-03/12-04,TCRBJ02-03
9122be347bfc79d7e15b5c7b5633fb17,CASKFLKKFGAPLHF,0.024072544095511236,TCRBV06-05,TCRBJ01-06
9122be347bfc79d7e15b5c7b5633fb17,CTSWGAYGYTF,0.02404088973235049,TCRBV09-01,TCRBJ01-02
9122be347bfc79d7e15b5c7b5633fb17,CASSYGGTNYGYTF,0.02403680505429952,TCRBV06-06,TCRBJ01-02
9122be347bfc79d7e15b5c7b5633fb17,CASIWGPEAFF,0.02403105395182141,TCRBV19-01,TCRBJ01-01
9122be347bfc79d7e15b5c7b5633fb17,CASSFHPYGYTF,0.023970542311905863,TCRBV05-04,TCRBJ01-02
9122be347bfc79d7e15b5c7b5633fb17,CASSYSGYGYTF,0.023964757180891666,TCRBV06-05,TCRBJ01-02
9122be347bfc79d7e15b5c7b5633fb17,CAWTSGGYNYGYTF,0.023949243471145052,TCRBV30-01,TCRBJ01-02
9122be347bfc79d7e15b5c7b5633fb17,EYGYTF,0.023944134775528127,TCRBV28-01,TCRBJ01-02
9122be347bfc79d7e15b5c7b5633fb17,CATSYPHRARAFF,0.023927722956783058,TCRBV15-01,TCRBJ01-01
9122be347bfc79d7e15b5c7b5633fb17,CASHSWEWAPDYGYTF,0.023892853251913364,TCRBV19-01,TCRBJ01-02
9122be347bfc79d7e15b5c7b5633fb17,CASSFSYFGYGYTF,0.02388956866913534,TCRBV06-05,TCRBJ01-02
9122be347bfc79d7e15b5c7b5633fb17,CASSGYYGYTF,0.02388878894080546,TCRBV06-02,TCRBJ01-02
9122be347bfc79d7e15b5c7b5633fb17,CASSPRDRHHQPQHF,0.023872905818634996,TCRBV28-01,TCRBJ01-05
95eacbf53ee77907ca7495964f351641,CASSYTPYYGYTF,0.032218064023706354,TCRBV06-02/06-03,TCRBJ01-02
95eacbf53ee77907ca7495964f351641,CASSSWGGPNYGYTF,0.03106451819909027,TCRBV06-04,TCRBJ01-02
95eacbf53ee77907ca7495964f351641,CASRYYYGYTF,0.030321521361269414,TCRBV28-01,TCRBJ01-02
95eacbf53ee77907ca7495964f351641,CASSYVFWGVYGYTF,0.030186122265551105,TCRBV06-02/06-03,TCRBJ01-02
95eacbf53ee77907ca7495964f351641,CASSPWGYYGYTF,0.03009187708327127,TCRBV06-05,TCRBJ01-02
95eacbf53ee77907ca7495964f351641,CASGYWGPRSNYGYTF,0.029672163445664028,TCRBV27-01,TCRBJ01-02
95eacbf53ee77907ca7495964f351641,CASSYFGGHNYGYTF,0.029632671835688566,TCRBV06-05,TCRBJ01-02
95eacbf53ee77907ca7495964f351641,CASSFWGGPGGYTF,0.029438742516043708,TCRBV12-X,TCRBJ01-02
95eacbf53ee77907ca7495964f351641,CSARNPWKAFF,0.02934620664479303,TCRBV20-01,TCRBJ01-01
95eacbf53ee77907ca7495964f351641,CASSIWGTFTEAFF,0.028895167845440575,TCRBV19-01,TCRBJ01-01
95eacbf53ee77907ca7495964f351641,CASSYWGGRNYGYTF,0.028715241983357762,TCRBV06-05,TCRBJ01-02
95eacbf53ee77907ca7495964f351641,CASSYYAGNNYGYTF,0.028694826275028677,TCRBV06-06,TCRBJ01-02
95eacbf53ee77907ca7495964f351641,CASSAWGYYGYTF,0.028471708776690176,TCRBV02-01,TCRBJ01-02
95eacbf53ee77907ca7495964f351641,WLNIGGNYGYTF,0.0283949637821597,TCRBV02-01,TCRBJ01-02
95eacbf53ee77907ca7495964f351641,CAWWGAGYTF,0.028072720616502133,TCRBV30-01,TCRBJ01-02
95eacbf53ee77907ca7495964f351641,CASSWFTGGSNYGYTF,0.027885887225493955,TCRBV05-04,TCRBJ01-02
95eacbf53ee77907ca7495964f351641,TQYF,0.027884071147928093,TCRBV05-X,TCRBJ02-03
95eacbf53ee77907ca7495964f351641,CASSYTGTYTYGYTF,0.027825296547768736,TCRBV06-06,TCRBJ01-02
95eacbf53ee77907ca7495964f351641,CASSYSGSYYGYTF,0.027661724680623955,TCRBV06-05,TCRBJ01-02
95eacbf53ee77907ca7495964f351641,CAWSWSHF,0.027650620157491267,TCRBV30-01,TCRBJ01-03
95eacbf53ee77907ca7495964f351641,RVLTF,0.02764134620056136,TCRBV24-01,TCRBJ02-06
95eacbf53ee77907ca7495964f351641,CASSPAPGYTGYIYIYSPLHF,0.027550803893379595,unresolved,TCRBJ01-06
95eacbf53ee77907ca7495964f351641,YQYF,0.027492904725118346,TCRBV05-04,TCRBJ02-07
95eacbf53ee77907ca7495964f351641,CASSYRPMYYGYTF,0.027390129189397667,TCRBV27-01,TCRBJ01-02
95eacbf53ee77907ca7495964f351641,CASIWGPGYGYTF,0.027331667653457542,TCRBV06-06,TCRBJ01-02
95eacbf53ee77907ca7495964f351641,CAWHKAYGYTF,0.02728552330634126,TCRBV30-01,TCRBJ01-02
95eacbf53ee77907ca7495964f351641,CAWSVYWGKWTEAFF,0.027030838844985652,TCRBV30-01,TCRBJ01-01
95eacbf53ee77907ca7495964f351641,CASWPGGFPNYGYTF,0.02699408696940023,TCRBV27-01,TCRBJ01-02
95eacbf53ee77907ca7495964f351641,CASSPWWGGKANYGYTF,0.02688268025641622,TCRBV07-09,TCRBJ01-02
95eacbf53ee77907ca7495964f351641,CASSFWDPWGNTEAFF,0.026872408216786745,TCRBV19-01,TCRBJ01-01
95eacbf53ee77907ca7495964f351641,CASNPFSGANVLTF,0.026817718506860055,TCRBV03-01/03-02,TCRBJ02-06
95eacbf53ee77907ca7495964f351641,CGNGGPYGYTF,0.026788325686564043,TCRBV20-01,TCRBJ01-02
95eacbf53ee77907ca7495964f351641,CASSYLWGGYGYTF,0.026783457636882255,TCRBV06-05,TCRBJ01-02
95eacbf53ee77907ca7495964f351641,CASSEGWGWYGYTF,0.026719108829401768,TCRBV06-01,TCRBJ01-02
95eacbf53ee77907ca7495964f351641,CASSYRVYYGYTF,0.026585689486833056,TCRBV27-01,TCRBJ01-02
95eacbf53ee77907ca7495964f351641,CASGGQGAPGANVLTF,0.026563813226822677,TCRBV12-05,TCRBJ02-06
95eacbf53ee77907ca7495964f351641,CTHGANYGYTF,0.026466051883399913,TCRBV20-01,TCRBJ01-02
95eacbf53ee77907ca7495964f351641,CASSYRGFWYGYTF,0.02638481249419965,TCRBV06-02/06-03,TCRBJ01-02
95eacbf53ee77907ca7495964f351641,CASSAGTGYYYGYTF,0.026340790575913257,TCRBV12-X,TCRBJ01-02
95eacbf53ee77907ca7495964f351641,CATSRDRHRWRGRDRF,0.026323182881608363,TCRBV15-01,TCRBJ01-06
95eacbf53ee77907ca7495964f351641,CACYTGYGYTF,0.026145864807790936,TCRBV30-01,TCRBJ01-02
95eacbf53ee77907ca7495964f351641,CASTGWGGYF,0.026115099558236182,TCRBV25-01,TCRBJ01-03
95eacbf53ee77907ca7495964f351641,CACSGAPGANVLTF,0.026106555615880125,TCRBV30-01,TCRBJ02-06
95eacbf53ee77907ca7495964f351641,CASSIPKDF,0.02606368756433635,TCRBV19-01,TCRBJ02-04
95eacbf53ee77907ca7495964f351641,CASSYWGGYTF,0.026047131096727245,TCRBV12-03/12-04,TCRBJ01-02
95eacbf53ee77907ca7495964f351641,CSAYYTF,0.026014648428605257,TCRBV20-01,TCRBJ01-02
95eacbf53ee77907ca7495964f351641,CASSHPWGAFF,0.025985098499246437,TCRBV03-01/03-02,TCRBJ01-01
95eacbf53ee77907ca7495964f351641,CASSPGGWYYGYTF,0.025940362699604754,TCRBV05-05,TCRBJ01-02
95eacbf53ee77907ca7495964f351641,CASSYYGSFGYTF,0.02590889413928352,TCRBV06-05,TCRBJ01-02
95eacbf53ee77907ca7495964f351641,CASSSSYRGSYYGYTF,0.02586748949262989,TCRBV06-05,TCRBJ01-02
95eacbf53ee77907ca7495964f351641,RARTF,0.025784479567386304,TCRBV07-03,TCRBJ01-06
95eacbf53ee77907ca7495964f351641,CASSWDVIKAYGYTF,0.025658015053206296,TCRBV06-06,TCRBJ01-02
95eacbf53ee77907ca7495964f351641,CASSAGWGANYGYTF,0.025643192757005273,TCRBV11-02,TCRBJ01-02
95eacbf53ee77907ca7495964f351641,CAWTYGGSYGYTF,0.025626765399027158,TCRBV30-01,TCRBJ01-02
95eacbf53ee77907ca7495964f351641,CATPPYTF,0.02562491398159957,TCRBV05-06,TCRBJ01-02
95eacbf53ee77907ca7495964f351641,CASSYSWGTYGYTF,0.025623964510969065,TCRBV06-05,TCRBJ01-02
95eacbf53ee77907ca7495964f351641,CAWSYATGGYGYTF,0.02551167519420191,TCRBV30-01,TCRBJ01-02
95eacbf53ee77907ca7495964f351641,CAWRVYPYGYTF,0.02550378716741251,TCRBV30-01,TCRBJ01-02
95eacbf53ee77907ca7495964f351641,CASGPHYGYTF,0.025503073154520804,TCRBV19-01,TCRBJ01-02
95eacbf53ee77907ca7495964f351641,CASSWEGGYDYGYTF,0.025480422983701234,TCRBV05-01,TCRBJ01-02
95eacbf53ee77907ca7495964f351641,CASCPPGGYGYTF,0.02545139305786264,TCRBV05-01,TCRBJ01-02
95eacbf53ee77907ca7495964f351641,CASSYGYYPYEQYF,0.02544982894589777,TCRBV09-01,TCRBJ02-07
95eacbf53ee77907ca7495964f351641,NDTF,0.02542232298145493,TCRBV28-01,TCRBJ01-02
95eacbf53ee77907ca7495964f351641,CAWRGGAYYGYTF,0.02542026149700023,TCRBV30-01,TCRBJ01-02
95eacbf53ee77907ca7495964f351641,CAIVKYGYGYTF,0.025419281019982722,TCRBV07-02,TCRBJ01-02
95eacbf53ee77907ca7495964f351641,CAWTLWGGYGYTF,0.025418662334312492,TCRBV30-01,TCRBJ01-02
95eacbf53ee77907ca7495964f351641,CASSYGTGFSGGYTF,0.025402054851996245,TCRBV06-05,TCRBJ01-02
95eacbf53ee77907ca7495964f351641,CASSYGPSWHF,0.025376427083342083,TCRBV06-02/06-03,TCRBJ01-05
95eacbf53ee77907ca7495964f351641,CASSYYRGPVYGYTF,0.02536036064061086,TCRBV07-08,TCRBJ01-02
95eacbf53ee77907ca7495964f351641,CASSHAWTDAYTEAFF,0.025273517118733272,TCRBV04-03,TCRBJ01-01
95eacbf53ee77907ca7495964f351641,CSARDTIYYYGYTF,0.025241280525759587,TCRBV20-X,TCRBJ01-02
95eacbf53ee77907ca7495964f351641,CASSYSASNYYGYTF,0.025222473342093953,TCRBV06-02/06-03,TCRBJ01-02
95eacbf53ee77907ca7495964f351641,CASSYRYGGYTF,0.02516764715116251,TCRBV06-02/06-03,TCRBJ01-02
95eacbf53ee77907ca7495964f351641,CSANPFGYGYTF,0.025141259289597925,TCRBV20-X,TCRBJ01-02
95eacbf53ee77907ca7495964f351641,EGGAWYTEAFF,0.025120161402391216,TCRBV04-01,TCRBJ01-01
95eacbf53ee77907ca7495964f351641,CAWSVWAGGEYTF,0.025116639467863102,TCRBV30-01,TCRBJ01-02
95eacbf53ee77907ca7495964f351641,CASSYSSGNNYGYTF,0.025090386815293263,TCRBV06-05,TCRBJ01-02
95eacbf53ee77907ca7495964f351641,CASYQGYNYGYTF,0.025070423135849104,TCRBV28-01,TCRBJ01-02
95eacbf53ee77907ca7495964f351641,CASSGWGGYGYTF,0.02505238782154257,TCRBV12-03/12-04,TCRBJ01-02
95eacbf53ee77907ca7495964f351641,CASSPGVLTGTIRAVEKLFF,0.025045600184713416,TCRBV05-08,TCRBJ01-04
95eacbf53ee77907ca7495964f351641,CASHAPGGYGYTF,0.025034704121178752,TCRBV09-01,TCRBJ01-02
95eacbf53ee77907ca7495964f351641,CASSPYGGGYTF,0.02489557001589029,TCRBV18-01,TCRBJ01-02
95eacbf53ee77907ca7495964f351641,CASSFGPFNGYTF,0.024868935444686133,TCRBV07-08,TCRBJ01-02
95eacbf53ee77907ca7495964f351641,CASSYTGGFNYGYTF,0.02486856541453963,TCRBV10-02,TCRBJ01-02
95eacbf53ee77907ca7495964f351641,CASSYPGYGYTF,0.02483334751358227,TCRBV06-02/06-03,TCRBJ01-02
95eacbf53ee77907ca7495964f351641,CASKDRYYYGYTF,0.024829205220656222,TCRBV06-05,TCRBJ01-02
95eacbf53ee77907ca7495964f351641,CIPWAVSHYGYTF,0.02482543732936343,TCRBV20-X,TCRBJ01-02
95eacbf53ee77907ca7495964f351641,CASSHTPGTGGGGYTF,0.024816626593544035,TCRBV06-X,TCRBJ01-02
95eacbf53ee77907ca7495964f351641,CASSFNGGGANYGYTF,0.024809271019314898,TCRBV04-02,TCRBJ01-02
95eacbf53ee77907ca7495964f351641,CASFPKAGWGGYTF,0.024808094324627515,TCRBV06-05,TCRBJ01-02
95eacbf53ee77907ca7495964f351641,CASSLRHHHNSPLHF,0.024743920082953053,TCRBV28-01,TCRBJ01-06
95eacbf53ee77907ca7495964f351641,CASSWDRDGDGYTF,0.024737205273246087,TCRBV12-X,TCRBJ01-02
95eacbf53ee77907ca7495964f351641,CASTMGGYYGYTF,0.024706876310522822,TCRBV19-01,TCRBJ01-02
95eacbf53ee77907ca7495964f351641,CAWINGGGWNTEAFF,0.024696992459412585,TCRBV30-01,TCRBJ01-01
95eacbf53ee77907ca7495964f351641,CASSPHGPWGYTF,0.024691078065280522,TCRBV12-03/12-04,TCRBJ01-02
95eacbf53ee77907ca7495964f351641,CAWGPGANVLTF,0.024665019507538747,TCRBV30-01,TCRBJ02-06
95eacbf53ee77907ca7495964f351641,CAWSGWTGAGGYTF,0.024658526259958187,TCRBV30-01,TCRBJ01-02
95eacbf53ee77907ca7495964f351641,QPQHF,0.024621353740319585,TCRBV07-X,TCRBJ01-05
9736baceaabaa086fb946dd758d21d2f,CASSLAGLAGAIDNLAKNIQYF,0.038686942826340956,TCRBV05-01,TCRBJ02-04
9736baceaabaa086fb946dd758d21d2f,CAGYYRYYGYTF,0.03762166911938927,TCRBV04-02,TCRBJ01-02
9736baceaabaa086fb946dd758d21d2f,CATHYF,0.03228970898651194,TCRBV07-09,TCRBJ02-05
9736baceaabaa086fb946dd758d21d2f,CASSYSYSGFYGYTF,0.030905645935003504,TCRBV06-05,TCRBJ01-02
9736baceaabaa086fb946dd758d21d2f,CARAHF,0.02851765851518827,TCRBV11-02,TCRBJ01-06
9736baceaabaa086fb946dd758d21d2f,CSAKPAGGGWNYGYTF,0.028199850051225894,TCRBV20-X,TCRBJ01-02
9736baceaabaa086fb946dd758d21d2f,CASSLWGALAKYF,0.02814465464177417,TCRBV05-04,TCRBJ02-07
9736baceaabaa086fb946dd758d21d2f,CASSWRGWWAEAFF,0.027909914205111706,TCRBV05-06,TCRBJ01-01
9736baceaabaa086fb946dd758d21d2f,CAYYWEHYGYTF,0.02780080064361355,TCRBV30-01,TCRBJ01-02
9736baceaabaa086fb946dd758d21d2f,CAWSARDIIKKLFF,0.027750601187349355,TCRBV30-01,TCRBJ01-04
9736baceaabaa086fb946dd758d21d2f,CAAAPGANVLTF,0.02742194884535684,TCRBV06-06,TCRBJ02-06
9736baceaabaa086fb946dd758d21d2f,CASFTPPPSYEQYF,0.02741365047697988,TCRBV06-05,TCRBJ02-07
9736baceaabaa086fb946dd758d21d2f,CAASPWGGSNYGYTF,0.027394816948931477,TCRBV28-01,TCRBJ01-02
9736baceaabaa086fb946dd758d21d2f,CASSIYGHHHPQPQHF,0.02737176678190623,TCRBV19-01,TCRBJ01-05
9736baceaabaa086fb946dd758d21d2f,CAWSVPGGWNTGELFF,0.027116559212765852,TCRBV30-01,TCRBJ02-02
9736baceaabaa086fb946dd758d21d2f,CASSYYGYYEQYF,0.02681911235387642,TCRBV06-02/06-03,TCRBJ02-07
9736baceaabaa086fb946dd758d21d2f,CAWVPPVWGNTEAFF,0.026473192519448553,TCRBV30-01,TCRBJ01-01
9736baceaabaa086fb946dd758d21d2f,CAWSHLSWGGGYGYTF,0.026409355888493323,TCRBV30-01,TCRBJ01-02
9736baceaabaa086fb946dd758d21d2f,CASSYMGAYGYTF,0.026379994351956346,TCRBV06-05,TCRBJ01-02
9736baceaabaa086fb946dd758d21d2f,CAWSVPWGGATEAFF,0.026226634890675827,TCRBV30-01,TCRBJ01-01
9736baceaabaa086fb946dd758d21d2f,F,0.026169086064691448,TCRBV09-01,TCRBJ02-07
9736baceaabaa086fb946dd758d21d2f,CASSWSGGNNYGYTF,0.025910660222092794,TCRBV27-01,TCRBJ01-02
9736baceaabaa086fb946dd758d21d2f,CSAWYRGTITEAFF,0.025868504823091238,TCRBV20-X,TCRBJ01-01
9736baceaabaa086fb946dd758d21d2f,CARGYYGYTF,0.0257341540561347,TCRBV27-01,TCRBJ01-02
9736baceaabaa086fb946dd758d21d2f,CAWYYPGAGNTIYF,0.025651373037430987,TCRBV30-01,TCRBJ01-03
9736baceaabaa086fb946dd758d21d2f,CASSYGGPYGYTF,0.025495741575923915,TCRBV27-01,TCRBJ01-02
9736baceaabaa086fb946dd758d21d2f,CATWGGVPGANVLTF,0.025434272755818655,TCRBV06-05,TCRBJ02-06
9736baceaabaa086fb946dd758d21d2f,CASSFIVYRYGYTF,0.025364434525072654,TCRBV05-04,TCRBJ01-02
9736baceaabaa086fb946dd758d21d2f,CASSGNTGYSGNTIYF,0.025240192389198418,TCRBV05-01,TCRBJ01-03
9736baceaabaa086fb946dd758d21d2f,CASTPVWGDYGYGYTF,0.025038983127307145,TCRBV19-01,TCRBJ01-02
9736baceaabaa086fb946dd758d21d2f,CASSSPWGGVNYGYTF,0.02501869872344618,TCRBV09-01,TCRBJ01-02
9736baceaabaa086fb946dd758d21d2f,CASSEIGWWGWWDTQYF,0.02499812089183517,TCRBV06-01,TCRBJ02-03
9736baceaabaa086fb946dd758d21d2f,CASRSGGWGFYGYTF,0.024954786928803794,TCRBV05-06,TCRBJ01-02
9736baceaabaa086fb946dd758d21d2f,CASSYHGRPYGYTF,0.02488878761811983,TCRBV07-02,TCRBJ01-02
9736baceaabaa086fb946dd758d21d2f,CAWSKDWAYVAFF,0.024835862083925343,TCRBV30-01,TCRBJ01-01
9736baceaabaa086fb946dd758d21d2f,CATKAPGANVLTF,0.024805853563841677,TCRBV24-01,TCRBJ02-06
9736baceaabaa086fb946dd758d21d2f,CASWGAEAFF,0.024785851189717715,TCRBV12-03/12-04,TCRBJ01-01
9736baceaabaa086fb946dd758d21d2f,CAINPGGHFYTIYF,0.02476998357063539,TCRBV10-03,TCRBJ01-03
9736baceaabaa086fb946dd758d21d2f,CASPSNPWGGSNQPQHF,0.024754334498713042,TCRBV06-X,TCRBJ01-05
9736baceaabaa086fb946dd758d21d2f,CASSYWGERGWHF,0.02473995339893096,TCRBV06-02/06-03,TCRBJ01-05
9736baceaabaa086fb946dd758d21d2f,CASSWGVWSPNYGYTF,0.02468676372550388,TCRBV06-05,TCRBJ01-02
9736baceaabaa086fb946dd758d21d2f,CASKLKWWYF,0.024685684537843755,TCRBV23-01,TCRBJ02-07
9736baceaabaa086fb946dd758d21d2f,CASSHGGAGWNYGYTF,0.024673525329175754,TCRBV03-01/03-02,TCRBJ01-02
9736baceaabaa086fb946dd758d21d2f,CASSYRFGYGYTF,0.024656558112852497,TCRBV02-01,TCRBJ01-02
9736baceaabaa086fb946dd758d21d2f,CASSGVGYNYGYTF,0.024632094491468352,TCRBV02-01,TCRBJ01-02
9736baceaabaa086fb946dd758d21d2f,CAWSHIWGAQEKLFF,0.02459034974749304,TCRBV30-01,TCRBJ01-04
9736baceaabaa086fb946dd758d21d2f,CASLPAGANVLTF,0.024533469305474523,TCRBV12-03/12-04,TCRBJ02-06
9736baceaabaa086fb946dd758d21d2f,CASSYGPYGYTF,0.024499481829713954,TCRBV06-05,TCRBJ01-02
9736baceaabaa086fb946dd758d21d2f,CSALDMKAYGYTF,0.024456152967874567,TCRBV20-X,TCRBJ01-02
9736baceaabaa086fb946dd758d21d2f,CAAHRWRGYGYTF,0.0244196797381036,TCRBV28-01,TCRBJ01-02
9736baceaabaa086fb946dd758d21d2f,CAWSVPGYYGYTF,0.024389903372002808,TCRBV30-01,TCRBJ01-02
9736baceaabaa086fb946dd758d21d2f,CAWSVPQGHQPQHF,0.02436460386941366,TCRBV30-01,TCRBJ01-05
9736baceaabaa086fb946dd758d21d2f,CAWGTGVAFF,0.024327895923336063,TCRBV30-01,TCRBJ01-01
9736baceaabaa086fb946dd758d21d2f,CASSGSWGSYGYTF,0.024321182286615006,TCRBV09-01,TCRBJ01-02
9736baceaabaa086fb946dd758d21d2f,CAWSVWEAEAFF,0.024314937086588537,TCRBV30-01,TCRBJ01-01
9736baceaabaa086fb946dd758d21d2f,CASSYRGGAYNGYTF,0.0242993846269536,TCRBV06-05,TCRBJ01-02
9736baceaabaa086fb946dd758d21d2f,CARAYGYTF,0.024286442011818777,TCRBV10-01,TCRBJ01-02
9736baceaabaa086fb946dd758d21d2f,CASSYLGWGYGYTF,0.02427603600386276,TCRBV06-06,TCRBJ01-02
9736baceaabaa086fb946dd758d21d2f,CAWWDTDTEAFF,0.024252042798749374,TCRBV30-01,TCRBJ01-01
9736baceaabaa086fb946dd758d21d2f,CAWRPNVGWGGGYYEQYF,0.024166027956513174,TCRBV30-01,TCRBJ02-07
9736baceaabaa086fb946dd758d21d2f,CASSHSGGPNYGYTF,0.024138611472972513,TCRBV11-02,TCRBJ01-02
9736baceaabaa086fb946dd758d21d2f,CASIAPGANVLTF,0.024023580293702256,TCRBV25-01,TCRBJ02-06
9736baceaabaa086fb946dd758d21d2f,CASSHGAWAHEAFF,0.024021317118586464,TCRBV03-01/03-02,TCRBJ01-01
9736baceaabaa086fb946dd758d21d2f,CASWGGTSFIANYGYTF,0.024008338099397446,TCRBV02-01,TCRBJ01-02
9736baceaabaa086fb946dd758d21d2f,CASSYGGPYSNQPQHF,0.023947586894599436,TCRBV06-06,TCRBJ01-05
9736baceaabaa086fb946dd758d21d2f,CASPHGYTF,0.02393081147542298,TCRBV02-01,TCRBJ01-02
9736baceaabaa086fb946dd758d21d2f,CACVYLTGKAEAFF,0.02391673009566859,TCRBV30-01,TCRBJ01-01
9736baceaabaa086fb946dd758d21d2f,CATPPAGRGHQPQHF,0.023855812225544212,TCRBV10-03,TCRBJ01-05
9736baceaabaa086fb946dd758d21d2f,CASSHNPGANYGYTF,0.023853902417322524,TCRBV11-02,TCRBJ01-02
9736baceaabaa086fb946dd758d21d2f,CASSITHGEPHYGYTF,0.02384239051683044,TCRBV19-01,TCRBJ01-02
9736baceaabaa086fb946dd758d21d2f,CAWSVPGGYYQPQHF,0.02383938040360219,TCRBV30-01,TCRBJ01-05
9736baceaabaa086fb946dd758d21d2f,CAWAPFGGYTF,0.023766293889833028,TCRBV30-01,TCRBJ01-02
9736baceaabaa086fb946dd758d21d2f,CAWSTWGTEMNTEAFF,0.023758561167482307,TCRBV30-01,TCRBJ01-01
9736baceaabaa086fb946dd758d21d2f,CASWDTEAFF,0.023749265102610474,TCRBV06-05,TCRBJ01-01
9736baceaabaa086fb946dd758d21d2f,CASSYTHPRAYGYTF,0.023745204587581732,TCRBV06-05,TCRBJ01-02
9736baceaabaa086fb946dd758d21d2f,CAYVPPRTFINTIYF,0.023704435280839608,TCRBV30-01,TCRBJ01-03
9736baceaabaa086fb946dd758d21d2f,CASSFPWGGNGNTIYF,0.02370070497298125,TCRBV05-08,TCRBJ01-03
9736baceaabaa086fb946dd758d21d2f,CASSLFHKGHPYGYTF,0.023680369736362415,TCRBV27-01,TCRBJ01-02
9736baceaabaa086fb946dd758d21d2f,CASSDYWAFF,0.02365485641543391,TCRBV05-01,TCRBJ01-01
9736baceaabaa086fb946dd758d21d2f,CAWIYKGGGEKLFF,0.023648054274986653,TCRBV30-01,TCRBJ01-04
9736baceaabaa086fb946dd758d21d2f,CASGAFGVFKNTEAFF,0.023609816448072,TCRBV06-06,TCRBJ01-01
9736baceaabaa086fb946dd758d21d2f,CASTPTGGFHYGYTF,0.023567911897138038,TCRBV06-06,TCRBJ01-02
9736baceaabaa086fb946dd758d21d2f,CASSYIPGGWDGYTF,0.023554983444271902,TCRBV06-05,TCRBJ01-02
9736baceaabaa086fb946dd758d21d2f,CASSEWGGGAAEAFF,0.02355411704119819,TCRBV02-01,TCRBJ01-01
9736baceaabaa086fb946dd758d21d2f,CASSWGPNYGYTF,0.023551365869271465,TCRBV19-01,TCRBJ01-02
9736baceaabaa086fb946dd758d21d2f,CASSDWTKGYTF,0.023539371710842576,TCRBV06-02/06-03,TCRBJ01-02
9736baceaabaa086fb946dd758d21d2f,CSAWEGPTIYF,0.023526817294864492,TCRBV20-01,TCRBJ01-03
9736baceaabaa086fb946dd758d21d2f,CASSPRGGWGNF,0.023496447216482703,TCRBV07-08,TCRBJ02-07
9736baceaabaa086fb946dd758d21d2f,CASSYRNNYGYTF,0.02348924314304269,TCRBV06-06,TCRBJ01-02
9736baceaabaa086fb946dd758d21d2f,CAWSVWTGMGTGRTEAFF,0.02347918689053968,TCRBV30-01,TCRBJ01-01
9736baceaabaa086fb946dd758d21d2f,CASRGTGYYHQPQHF,0.02347584439418755,TCRBV12-X,TCRBJ01-05
9736baceaabaa086fb946dd758d21d2f,CASTVGPAGAGNTIYF,0.023470020732595742,TCRBV05-06,TCRBJ01-03
9736baceaabaa086fb946dd758d21d2f,CSARGYNYGYTF,0.02345956217704609,TCRBV20-X,TCRBJ01-02
9736baceaabaa086fb946dd758d21d2f,CASSYYGTDYGYTF,0.02342672398240762,TCRBV05-01,TCRBJ01-02
9736baceaabaa086fb946dd758d21d2f,CATHSGANVLTF,0.02342086586173866,TCRBV10-03,TCRBJ02-06
9736baceaabaa086fb946dd758d21d2f,CASSYYYNQPQHF,0.023414215257266856,TCRBV07-02,TCRBJ01-05
9736baceaabaa086fb946dd758d21d2f,CASSAPWAAAEAFF,0.023410162959328264,TCRBV05-08,TCRBJ01-01
9736baceaabaa086fb946dd758d21d2f,CASSAGPHYGYTF,0.023409498657653814,TCRBV06-06,TCRBJ01-02
9736baceaabaa086fb946dd758d21d2f,CASSSHRPPYYGYTF,0.023398582899423506,TCRBV06-06,TCRBJ01-02
99f8e73076e81db717c5da2f5ac8b5ca,CWHF,0.04932847376736014,TCRBV09-01,TCRBJ01-05
99f8e73076e81db717c5da2f5ac8b5ca,YF,0.043498104297022874,TCRBV25-01,TCRBJ02-03
99f8e73076e81db717c5da2f5ac8b5ca,CAWWGGYGYTF,0.03661660876686726,TCRBV30-01,TCRBJ01-02
99f8e73076e81db717c5da2f5ac8b5ca,CAWWGYGYTF,0.03365175383458875,TCRBV30-01,TCRBJ01-02
99f8e73076e81db717c5da2f5ac8b5ca,YIRPGIKF,0.03272350068981789,TCRBV28-01,TCRBJ01-02
99f8e73076e81db717c5da2f5ac8b5ca,CASGLVGAQGANGYTF,0.03250469930448159,TCRBV12-05,TCRBJ01-02
99f8e73076e81db717c5da2f5ac8b5ca,CASSSSWGGFNYGYTF,0.030556545899415644,TCRBV09-01,TCRBJ01-02
99f8e73076e81db717c5da2f5ac8b5ca,CATWWGAGYGYTF,0.03044876743101974,TCRBV10-03,TCRBJ01-02
99f8e73076e81db717c5da2f5ac8b5ca,CASSPHKHHYGYTF,0.0304251603474015,TCRBV06-05,TCRBJ01-02
99f8e73076e81db717c5da2f5ac8b5ca,CASSYYRNYGYTF,0.02979071033998344,TCRBV06-05,TCRBJ01-02
99f8e73076e81db717c5da2f5ac8b5ca,CASGGGGFGWGYGYTF,0.029733584880356646,TCRBV12-X,TCRBJ01-02
99f8e73076e81db717c5da2f5ac8b5ca,CASSAKHPGGKEAFF,0.029407788705542903,TCRBV04-01,TCRBJ01-01
99f8e73076e81db717c5da2f5ac8b5ca,CASNWGDRGPWGQYF,0.029078905008317373,TCRBV06-05,TCRBJ02-07
99f8e73076e81db717c5da2f5ac8b5ca,CARSYYGGVWYF,0.028975434701708394,TCRBV05-03,TCRBJ02-05
99f8e73076e81db717c5da2f5ac8b5ca,CAWGGGPNPNYGYTF,0.028692156739673232,TCRBV30-01,TCRBJ01-02
99f8e73076e81db717c5da2f5ac8b5ca,CASGYSYSNYGYTF,0.02846658332832243,TCRBV06-05,TCRBJ01-02
99f8e73076e81db717c5da2f5ac8b5ca,CASSYYNRGGYTF,0.028450403407794537,TCRBV06-05,TCRBJ01-02
99f8e73076e81db717c5da2f5ac8b5ca,WAWTWGWGARTGELFF,0.028387770355356595,TCRBV30-01,TCRBJ02-02
99f8e73076e81db717c5da2f5ac8b5ca,CASSYHPGGGEKLFF,0.0283870913872575,TCRBV06-02/06-03,TCRBJ01-04
99f8e73076e81db717c5da2f5ac8b5ca,CAWGWPNYGYTF,0.02836705824058838,TCRBV30-01,TCRBJ01-02
99f8e73076e81db717c5da2f5ac8b5ca,CASGFGGWNGYTF,0.028359966938616876,TCRBV12-05,TCRBJ01-02
99f8e73076e81db717c5da2f5ac8b5ca,CASWLSKVAEAFF,0.028353704961476007,TCRBV28-01,TCRBJ01-01
99f8e73076e81db717c5da2f5ac8b5ca,CAWMPPTYIYGYTF,0.028255270027733953,TCRBV30-01,TCRBJ01-02
99f8e73076e81db717c5da2f5ac8b5ca,CASSYYANYGYTF,0.028213142780891737,TCRBV06-05,TCRBJ01-02
99f8e73076e81db717c5da2f5ac8b5ca,CAWKMGGWGTIYF,0.02803938786423818,TCRBV30-01,TCRBJ01-03
99f8e73076e81db717c5da2f5ac8b5ca,CASCPKGCTEAFF,0.02796811214106203,TCRBV10-01,TCRBJ01-01
99f8e73076e81db717c5da2f5ac8b5ca,CASSYYKAPYGYTF,0.027942126083776504,TCRBV06-02/06-03,TCRBJ01-02
99f8e73076e81db717c5da2f5ac8b5ca,CASSIYVYYGYTF,0.027889531037176635,TCRBV02-01,TCRBJ01-02
99f8e73076e81db717c5da2f5ac8b5ca,CASSYVSYYGYTF,0.02786366917853552,TCRBV12-03/12-04,TCRBJ01-02
99f8e73076e81db717c5da2f5ac8b5ca,CASSSTTHFMGGGGGTNYGYTF,0.027827368515826047,TCRBV07-08,TCRBJ01-02
99f8e73076e81db717c5da2f5ac8b5ca,CAWMAWAYGYTF,0.027790592014362625,TCRBV30-01,TCRBJ01-02
99f8e73076e81db717c5da2f5ac8b5ca,CASHSWPGYTF,0.02777723352355752,TCRBV28-01,TCRBJ01-02
99f8e73076e81db717c5da2f5ac8b5ca,CASYHYGYTF,0.027721259243981996,TCRBV12-03/12-04,TCRBJ01-02
99f8e73076e81db717c5da2f5ac8b5ca,CASSYSTGYYGYTF,0.027645729643180673,TCRBV06-05,TCRBJ01-02
99f8e73076e81db717c5da2f5ac8b5ca,CAWGGYGYTF,0.02758627114136823,TCRBV30-01,TCRBJ01-02
99f8e73076e81db717c5da2f5ac8b5ca,CAWGYTGGGYTF,0.027459269989832037,TCRBV30-01,TCRBJ01-02
99f8e73076e81db717c5da2f5ac8b5ca,CATGGWGGNYGYTF,0.0272704448716903,TCRBV19-01,TCRBJ01-02
99f8e73076e81db717c5da2f5ac8b5ca,CAWYEGGYGYTF,0.027207661019858265,TCRBV30-01,TCRBJ01-02
99f8e73076e81db717c5da2f5ac8b5ca,CASSYGWGNNGYTF,0.02714759766558795,TCRBV28-01,TCRBJ01-02
99f8e73076e81db717c5da2f5ac8b5ca,CAWGAAWVGAGANVLTF,0.027144789443328106,TCRBV30-01,TCRBJ02-06
99f8e73076e81db717c5da2f5ac8b5ca,CASSSWGGSANYGYTF,0.02705080328333641,TCRBV05-04,TCRBJ01-02
99f8e73076e81db717c5da2f5ac8b5ca,CASTPAQGAPGANVLTF,0.02702974153792827,TCRBV27-01,TCRBJ02-06
99f8e73076e81db717c5da2f5ac8b5ca,CAWWDRQDAFF,0.027006647007487634,TCRBV30-01,TCRBJ01-01
99f8e73076e81db717c5da2f5ac8b5ca,CATGHPYYGYTF,0.026957755786715984,TCRBV24-01,TCRBJ01-02
99f8e73076e81db717c5da2f5ac8b5ca,LFF,0.026945610118572126,TCRBV27-01,TCRBJ01-04
99f8e73076e81db717c5da2f5ac8b5ca,YSYGYTF,0.026853271159522043,TCRBV27-01,TCRBJ01-02
99f8e73076e81db717c5da2f5ac8b5ca,CAWSVPGGMNYGYTF,0.02680709584953789,TCRBV30-01,TCRBJ01-02
99f8e73076e81db717c5da2f5ac8b5ca,CASSYWDGGYGYTF,0.02679728558147785,TCRBV06-05,TCRBJ01-02
99f8e73076e81db717c5da2f5ac8b5ca,CASSYYSSGNYGYTF,0.026768826039465794,TCRBV06-06,TCRBJ01-02
99f8e73076e81db717c5da2f5ac8b5ca,CASLKDAGANVLTF,0.026751126302663693,TCRBV09-01,TCRBJ02-06
99f8e73076e81db717c5da2f5ac8b5ca,CASSYGPWHGYTF,0.02673346276101613,TCRBV06-05,TCRBJ01-02
99f8e73076e81db717c5da2f5ac8b5ca,CAWSGLLGGITEAFF,0.02667185498206262,TCRBV30-01,TCRBJ01-01
99f8e73076e81db717c5da2f5ac8b5ca,CAWIYGYRSNYGYTF,0.02662391316791416,TCRBV30-01,TCRBJ01-02
99f8e73076e81db717c5da2f5ac8b5ca,CASSYYRGPNYGYTF,0.02660614917562118,TCRBV11-02,TCRBJ01-02
99f8e73076e81db717c5da2f5ac8b5ca,CASRRGHHHNYGYTF,0.026590578113064794,TCRBV06-05,TCRBJ01-02
99f8e73076e81db717c5da2f5ac8b5ca,CASSYYGTANYGYTF,0.026452098572006883,TCRBV06-02/06-03,TCRBJ01-02
99f8e73076e81db717c5da2f5ac8b5ca,RTRYGYTF,0.026449589025338945,TCRBVA-01,TCRBJ01-02
99f8e73076e81db717c5da2f5ac8b5ca,CASSYEGYYGYTF,0.026408117617327226,TCRBV06-05,TCRBJ01-02
99f8e73076e81db717c5da2f5ac8b5ca,CASRPWYGYYEQYF,0.02639725145272629,TCRBV19-01,TCRBJ02-07
99f8e73076e81db717c5da2f5ac8b5ca,CASNPWGGGPTDTQYF,0.026378307362472746,TCRBV05-06,TCRBJ02-03
99f8e73076e81db717c5da2f5ac8b5ca,CASSFEYYYGYTF,0.0263700790529377,TCRBV12-03/12-04,TCRBJ01-02
99f8e73076e81db717c5da2f5ac8b5ca,CASSLYPYYGYTF,0.02636153044062772,TCRBV27-01,TCRBJ01-02
99f8e73076e81db717c5da2f5ac8b5ca,CASSYSYTGSYGYTF,0.026354307458532563,TCRBV06-05,TCRBJ01-02
99f8e73076e81db717c5da2f5ac8b5ca,CAWSHPGTGGYNYGYTF,0.0263346368196116,TCRBV30-01,TCRBJ01-02
99f8e73076e81db717c5da2f5ac8b5ca,CAWIPGGVRWYGYTF,0.02629890056532801,TCRBV30-01,TCRBJ01-02
99f8e73076e81db717c5da2f5ac8b5ca,CASWGAGYGYTF,0.026266807552763238,TCRBV12-03/12-04,TCRBJ01-02
99f8e73076e81db717c5da2f5ac8b5ca,CASSLKDKLRAFF,0.02625827932380875,TCRBV07-09,TCRBJ01-01
99f8e73076e81db717c5da2f5ac8b5ca,CASSSYTGTGGASYGYTF,0.026248122130675986,TCRBV07-02,TCRBJ01-02
99f8e73076e81db717c5da2f5ac8b5ca,CASTYAPYGYTF,0.026167599023836877,TCRBV19-01,TCRBJ01-02
99f8e73076e81db717c5da2f5ac8b5ca,AKNIQYF,0.026134668262822108,TCRBV21-01,TCRBJ02-04
99f8e73076e81db717c5da2f5ac8b5ca,RSNYGYTF,0.026123547655065776,TCRBV15-01,TCRBJ01-02
99f8e73076e81db717c5da2f5ac8b5ca,ETQYF,0.02611368220022237,TCRBV29-01,TCRBJ02-05
99f8e73076e81db717c5da2f5ac8b5ca,CAPLAEAGKKYGYTF,0.02610829389139041,TCRBV11-02,TCRBJ01-02
99f8e73076e81db717c5da2f5ac8b5ca,CASSFARTATYHHYGYTF,0.02608988480509805,TCRBV28-01,TCRBJ01-02
99f8e73076e81db717c5da2f5ac8b5ca,CSARTPPGGHPHGYTF,0.02604490539126483,TCRBV20-X,TCRBJ01-02
99f8e73076e81db717c5da2f5ac8b5ca,CASSHDWGYYGYTF,0.026037097229887025,TCRBV03-01/03-02,TCRBJ01-02
99f8e73076e81db717c5da2f5ac8b5ca,CSAYRGYGYTF,0.026027408603553952,TCRBV20-01,TCRBJ01-02
99f8e73076e81db717c5da2f5ac8b5ca,CASKGWGGHFNYGYTF,0.02600939778524923,TCRBV06-X,TCRBJ01-02
99f8e73076e81db717c5da2f5ac8b5ca,CSGRWYYGYTF,0.02599914411112626,TCRBV29-01,TCRBJ01-02
99f8e73076e81db717c5da2f5ac8b5ca,CASSYWGEGYGYTF,0.025991445874974345,TCRBV06-06,TCRBJ01-02
99f8e73076e81db717c5da2f5ac8b5ca,CAWGDQGGPHQPQHF,0.02591276192306159,TCRBV30-01,TCRBJ01-05
99f8e73076e81db717c5da2f5ac8b5ca,CSARVGGGPWNPYGYTF,0.025907061989822167,TCRBV20-X,TCRBJ01-02
99f8e73076e81db717c5da2f5ac8b5ca,CASRGWGNYGYTF,0.025901836995249866,TCRBV06-05,TCRBJ01-02
99f8e73076e81db717c5da2f5ac8b5ca,CASSAWGAHTHSPLHF,0.02589090302163881,TCRBV05-01,TCRBJ01-06
99f8e73076e81db717c5da2f5ac8b5ca,CAFHQPQHF,0.025859043927586083,TCRBV05-04,TCRBJ01-05
99f8e73076e81db717c5da2f5ac8b5ca,CASGFTGGGGANYGYTF,0.025851762834496847,TCRBV12-05,TCRBJ01-02
99f8e73076e81db717c5da2f5ac8b5ca,CACGTGGYNYGYTF,0.02583562544203883,TCRBV30-01,TCRBJ01-02
99f8e73076e81db717c5da2f5ac8b5ca,CASWGGPNYGYTF,0.025791343838040687,TCRBV06-X,TCRBJ01-02
99f8e73076e81db717c5da2f5ac8b5ca,CAIYF,0.025776201084272626,TCRBV27-01,TCRBJ01-03
99f8e73076e81db717c5da2f5ac8b5ca,CAYYGGFHGNTIYF,0.025744581061474814,TCRBV30-01,TCRBJ01-03
99f8e73076e81db717c5da2f5ac8b5ca,CAWAPPGGWGYTF,0.025705009866604085,TCRBV30-01,TCRBJ01-02
99f8e73076e81db717c5da2f5ac8b5ca,CASSMWWAEAFF,0.025701770788352646,TCRBV19-01,TCRBJ01-01
99f8e73076e81db717c5da2f5ac8b5ca,CAWTGGYYGYTF,0.025693398791654012,TCRBV30-01,TCRBJ01-02
99f8e73076e81db717c5da2f5ac8b5ca,CASSWGTYPNYGYTF,0.025670590001997652,TCRBV12-X,TCRBJ01-02
99f8e73076e81db717c5da2f5ac8b5ca,CASSYSGGANSGYGYTF,0.02565460593152227,TCRBV06-X,TCRBJ01-02
99f8e73076e81db717c5da2f5ac8b5ca,CASTPGTGGWGYGYTF,0.025632668777868763,TCRBV06-06,TCRBJ01-02
99f8e73076e81db717c5da2f5ac8b5ca,CAWGGTALWGYTF,0.02558951507179375,TCRBV30-01,TCRBJ01-02
99f8e73076e81db717c5da2f5ac8b5ca,CATTKWDRDRYF,0.025587645469205167,TCRBV28-01,TCRBJ02-07
99f8e73076e81db717c5da2f5ac8b5ca,CASSPTEGWWVTEAFF,0.02557096463624946,TCRBV18-01,TCRBJ01-01
9a3e77027a58a4244955b576a6dbde7c,CASGWWWGNGYF,0.03611212437367651,TCRBV23-01,TCRBJ02-07
9a3e77027a58a4244955b576a6dbde7c,CASGTGNYYYYGGYTF,0.03507471548902518,TCRBV02-01,TCRBJ01-02
9a3e77027a58a4244955b576a6dbde7c,CASSYYSSYGYTF,0.031220221708065387,TCRBV06-05,TCRBJ01-02
9a3e77027a58a4244955b576a6dbde7c,CASSGWGGNWGYTF,0.031113188737786505,TCRBV12-X,TCRBJ01-02
9a3e77027a58a4244955b576a6dbde7c,NEYF,0.03106114552315039,TCRBV27-01,TCRBJ02-07
9a3e77027a58a4244955b576a6dbde7c,CASNGWGAYNYGYTF,0.030798303156435457,TCRBV19-01,TCRBJ01-02
9a3e77027a58a4244955b576a6dbde7c,CAYGGWGYTF,0.030376617675920117,TCRBV30-01,TCRBJ01-02
9a3e77027a58a4244955b576a6dbde7c,SRWGNYGYTF,0.02901864940252692,TCRBV01-01,TCRBJ01-02
9a3e77027a58a4244955b576a6dbde7c,CARYF,0.028834033158569618,TCRBV07-X,TCRBJ02-07
9a3e77027a58a4244955b576a6dbde7c,CASSYYGTYGYTF,0.028603594319858188,TCRBV05-04,TCRBJ01-02
9a3e77027a58a4244955b576a6dbde7c,CASSWWGSNYGYTF,0.02836902807833941,TCRBV14-01,TCRBJ01-02
9a3e77027a58a4244955b576a6dbde7c,CASSYTGTTYSYGYTF,0.028337876178276534,TCRBV06-02/06-03,TCRBJ01-02
9a3e77027a58a4244955b576a6dbde7c,GKWVEPQHF,0.02827028442194655,TCRBV19-01,TCRBJ01-05
9a3e77027a58a4244955b576a6dbde7c,CASSLPIWGNTIYF,0.028182560310090053,TCRBV12-X,TCRBJ01-03
9a3e77027a58a4244955b576a6dbde7c,CASSTYGYYGYTF,0.028143045542819503,TCRBV19-01,TCRBJ01-02
9a3e77027a58a4244955b576a6dbde7c,CASSYYPGGYTF,0.028059825376053595,TCRBV06-02/06-03,TCRBJ01-02
9a3e77027a58a4244955b576a6dbde7c,CASSYRGMYYGYTF,0.02802016767504093,TCRBV06-02/06-03,TCRBJ01-02
9a3e77027a58a4244955b576a6dbde7c,CAWSGGYYGYTF,0.027991781406963925,TCRBV30-01,TCRBJ01-02
9a3e77027a58a4244955b576a6dbde7c,CARNIYREKRWWLRYF,0.02797635632486092,TCRBV21-01,TCRBJ02-07
9a3e77027a58a4244955b576a6dbde7c,CASSPHPAHPQHF,0.027888142940859607,TCRBV27-01,TCRBJ01-05
9a3e77027a58a4244955b576a6dbde7c,CASSYPSGGPWGYTF,0.027764584373366517,TCRBV06-06,TCRBJ01-02
9a3e77027a58a4244955b576a6dbde7c,CASSYYGTPPSYEQYF,0.027721344389220384,TCRBV06-02/06-03,TCRBJ02-07
9a3e77027a58a4244955b576a6dbde7c,CATHPWGGANVLTF,0.02768825970897406,TCRBV19-01,TCRBJ02-06
9a3e77027a58a4244955b576a6dbde7c,CASSYSAYYGYTF,0.02760993528127876,TCRBV06-05,TCRBJ01-02
9a3e77027a58a4244955b576a6dbde7c,CASSEPTGGWGGWYF,0.02746762795224017,TCRBV02-01,TCRBJ02-07
9a3e77027a58a4244955b576a6dbde7c,CASSYGWNYGYTF,0.027397886964576845,TCRBV06-05,TCRBJ01-02
9a3e77027a58a4244955b576a6dbde7c,CASSPWDTVWDTEAFF,0.027339807174859215,TCRBV05-01,TCRBJ01-01
9a3e77027a58a4244955b576a6dbde7c,CASSYYRGNYGYTF,0.027306072681718935,TCRBV05-04,TCRBJ01-02
9a3e77027a58a4244955b576a6dbde7c,CATHPGPYNYGYTF,0.02718695032476039,TCRBV06-06,TCRBJ01-02
9a3e77027a58a4244955b576a6dbde7c,GGQHGVPLHF,0.027131421204507476,TCRBV19-01,TCRBJ01-06
9a3e77027a58a4244955b576a6dbde7c,CASSSSGGFYNYGYTF,0.027012441164604148,TCRBV07-09,TCRBJ01-02
9a3e77027a58a4244955b576a6dbde7c,CASSYSFGYSYGYTF,0.0269406158386932,TCRBV06-05,TCRBJ01-02
9a3e77027a58a4244955b576a6dbde7c,CASRNPWGAPYGYTF,0.026925591548370497,TCRBV06-05,TCRBJ01-02
9a3e77027a58a4244955b576a6dbde7c,CASSFGGWRNYGYTF,0.02692209361126889,TCRBV12-X,TCRBJ01-02
9a3e77027a58a4244955b576a6dbde7c,CASSYGGFYGYTF,0.026884746349950795,TCRBV06-05,TCRBJ01-02
9a3e77027a58a4244955b576a6dbde7c,CASSPWGYAATPNYGYTF,0.026813389629885248,TCRBV18-01,TCRBJ01-02
9a3e77027a58a4244955b576a6dbde7c,CASSYWGRGNNYGYTF,0.02679119595493205,TCRBV05-04,TCRBJ01-02
9a3e77027a58a4244955b576a6dbde7c,CAWSWGWAEAFF,0.026730227898252846,TCRBV30-01,TCRBJ01-01
9a3e77027a58a4244955b576a6dbde7c,CAWSGMGYYGYTF,0.026711255946931734,TCRBV30-01,TCRBJ01-02
9a3e77027a58a4244955b576a6dbde7c,CASSYGWGMGYTF,0.026654891832458356,TCRBV06-05,TCRBJ01-02
9a3e77027a58a4244955b576a6dbde7c,CASSYTYSGYGYTF,0.026587535924190133,TCRBV06-05,TCRBJ01-02
9a3e77027a58a4244955b576a6dbde7c,CASSYYWGGGPQHF,0.02655244412274671,TCRBV06-02/06-03,TCRBJ01-05
9a3e77027a58a4244955b576a6dbde7c,CASSFPSAPPRPPHNQPQHF,0.026543842623767543,TCRBV07-06,TCRBJ01-05
9a3e77027a58a4244955b576a6dbde7c,CASSSSWGGANYGYTF,0.02647217406938752,TCRBV25-01,TCRBJ01-02
9a3e77027a58a4244955b576a6dbde7c,CAWSYGGWDGYTF,0.02646998982992486,TCRBV30-01,TCRBJ01-02
9a3e77027a58a4244955b576a6dbde7c,CASSWDWDYGYTF,0.026294132786772086,TCRBV05-01,TCRBJ01-02
9a3e77027a58a4244955b576a6dbde7c,CARPAPYYGYTF,0.026262991999450074,TCRBV27-01,TCRBJ01-02
9a3e77027a58a4244955b576a6dbde7c,CASSSWGGYGYTF,0.026211952406517705,TCRBV07-X,TCRBJ01-02
9a3e77027a58a4244955b576a6dbde7c,F,0.026169052647139833,TCRBV29-01,TCRBJ01-05
9a3e77027a58a4244955b576a6dbde7c,NKGYTF,0.026156663673803586,TCRBV07-03,TCRBJ01-02
9a3e77027a58a4244955b576a6dbde7c,CASSYWGGGYEQYF,0.026116805034757964,TCRBV06-05,TCRBJ02-07
9a3e77027a58a4244955b576a6dbde7c,CASSEYRGGYYYGYTF,0.02603128605086356,TCRBV06-01,TCRBJ01-02
9a3e77027a58a4244955b576a6dbde7c,YSSVHRGGYTF,0.025943082779147576,TCRBV17-01,TCRBJ01-02
9a3e77027a58a4244955b576a6dbde7c,CASRYRGNNYGYTF,0.025927446864966015,TCRBV02-01,TCRBJ01-02
9a3e77027a58a4244955b576a6dbde7c,CSAFKGGQGMNGYTF,0.02589527486902439,TCRBV20-X,TCRBJ01-02
9a3e77027a58a4244955b576a6dbde7c,CASSFGGYYGYTF,0.02587800815390079,TCRBV06-05,TCRBJ01-02
9a3e77027a58a4244955b576a6dbde7c,CASSNYNRGPYGYTF,0.02586695480756698,TCRBV05-05,TCRBJ01-02
9a3e77027a58a4244955b576a6dbde7c,CACTGGYYGYTF,0.025795988412097418,TCRBV30-01,TCRBJ01-02
9a3e77027a58a4244955b576a6dbde7c,CSAPWGGHYGYTF,0.02573428257503055,TCRBV20-X,TCRBJ01-02
9a3e77027a58a4244955b576a6dbde7c,RTKPGRYYGYTF,0.02566809748855074,TCRBV07-03,TCRBJ01-02
9a3e77027a58a4244955b576a6dbde7c,CASSYGNNYGYTF,0.025649239842551082,TCRBV05-01,TCRBJ01-02
9a3e77027a58a4244955b576a6dbde7c,CASSFWGRGYGYTF,0.025535835563494175,TCRBV12-X,TCRBJ01-02
9a3e77027a58a4244955b576a6dbde7c,CASSYSGGFNYGYTF,0.02551537111625615,TCRBV06-05,TCRBJ01-02
9a3e77027a58a4244955b576a6dbde7c,CSAGGYNYGYTF,0.0254771123143249,TCRBV20-X,TCRBJ01-02
9a3e77027a58a4244955b576a6dbde7c,CASSFWALYF,0.025448947880567504,TCRBV12-03/12-04,TCRBJ01-02
9a3e77027a58a4244955b576a6dbde7c,CASSYGWGGGYTF,0.02540974396381251,TCRBV06-05,TCRBJ01-02
9a3e77027a58a4244955b576a6dbde7c,CASSYGGYYGYTF,0.025402721840629465,TCRBV06-05,TCRBJ01-02
9a3e77027a58a4244955b576a6dbde7c,CAWKVKGARGYTF,0.025376154363368784,TCRBV30-01,TCRBJ01-02
9a3e77027a58a4244955b576a6dbde7c,CASSSTWGGGYGYTF,0.02537413779832579,TCRBV07-09,TCRBJ01-02
9a3e77027a58a4244955b576a6dbde7c,CASSFGGPNTYGYTF,0.02537074330489348,TCRBV07-09,TCRBJ01-02
9a3e77027a58a4244955b576a6dbde7c,CASSFYTGPPSYEQYF,0.025364309278622592,TCRBV07-08,TCRBJ02-07
9a3e77027a58a4244955b576a6dbde7c,CSAPHF,0.025357168280420173,TCRBV20-01,TCRBJ01-05
9a3e77027a58a4244955b576a6dbde7c,CASSYYGYTF,0.02528125645882864,TCRBV12-03/12-04,TCRBJ01-02
9a3e77027a58a4244955b576a6dbde7c,CASSYSKRPWWTQYF,0.025253194356355067,TCRBV06-05,TCRBJ02-05
9a3e77027a58a4244955b576a6dbde7c,CATSGYREGYYGYTF,0.02519725631034268,TCRBV15-01,TCRBJ01-02
9a3e77027a58a4244955b576a6dbde7c,NTIYF,0.025188596556331704,TCRBV06-06,TCRBJ01-03
9a3e77027a58a4244955b576a6dbde7c,CASSYSGGHHQPQHF,0.02511239568701424,TCRBV06-05,TCRBJ01-05
9a3e77027a58a4244955b576a6dbde7c,CASHQGGYYGYTF,0.02510945988988541,TCRBV19-01,TCRBJ01-02
9a3e77027a58a4244955b576a6dbde7c,CASSYSPYPGGYTF,0.025099276200271442,TCRBV06-02/06-03,TCRBJ01-02
9a3e77027a58a4244955b576a6dbde7c,CASSYFPGSTEAFF,0.02504646473368606,TCRBV06-05,TCRBJ01-01
9a3e77027a58a4244955b576a6dbde7c,CASRHTYNYGYTF,0.024986481139959316,TCRBV06-06,TCRBJ01-02
9a3e77027a58a4244955b576a6dbde7c,CAWNPGANVLTF,0.024983212676331166,TCRBV30-01,TCRBJ02-06
9a3e77027a58a4244955b576a6dbde7c,CASSQGSSGGASWGYGYTF,0.02493023057780205,TCRBV03-01/03-02,TCRBJ01-02
9a3e77027a58a4244955b576a6dbde7c,CASSYRGYGYTF,0.024885473752379907,TCRBV06-05,TCRBJ01-02
9a3e77027a58a4244955b576a6dbde7c,CAWGPSPGPHYGYTF,0.024861690478870224,TCRBV30-01,TCRBJ01-02
9a3e77027a58a4244955b576a6dbde7c,CASSYYSGPQYF,0.024845863637314745,TCRBV06-06,TCRBJ02-05
9a3e77027a58a4244955b576a6dbde7c,CATHCPKGWSPLHF,0.024826678319717157,TCRBV24-01,TCRBJ01-06
9a3e77027a58a4244955b576a6dbde7c,CASSPWWEGYGYTF,0.02481413267155789,TCRBV05-01,TCRBJ01-02
9a3e77027a58a4244955b576a6dbde7c,CASSYHGTGNHYGYTF,0.024775372006270557,TCRBV06-05,TCRBJ01-02
9a3e77027a58a4244955b576a6dbde7c,CASSHPGYGYTF,0.024762722077831402,TCRBV03-01/03-02,TCRBJ01-02
9a3e77027a58a4244955b576a6dbde7c,CSASPWGGYGYTF,0.02475940442181649,TCRBV20-X,TCRBJ01-02
9a3e77027a58a4244955b576a6dbde7c,CASSARNHHQPQHF,0.024742421357183728,TCRBV25-01,TCRBJ01-05
9a3e77027a58a4244955b576a6dbde7c,CASTWEGVGMGYTF,0.024739401161405463,TCRBV06-06,TCRBJ01-02
9a3e77027a58a4244955b576a6dbde7c,CASSHKKHRNAYGYTF,0.024715218045365472,TCRBV12-X,TCRBJ01-02
9a3e77027a58a4244955b576a6dbde7c,CSASWGWEGYTF,0.02467841413560937,TCRBV20-01,TCRBJ01-02
9c4daf7ea1f0c8b0481d9732e82c1cec,AIRHF,0.0421792598857131,TCRBV07-03,TCRBJ01-05
9c4daf7ea1f0c8b0481d9732e82c1cec,CAWYTGFGYYGYTF,0.037435007236281063,TCRBV30-01,TCRBJ01-02
9c4daf7ea1f0c8b0481d9732e82c1cec,RPQHF,0.03317453810029401,TCRBV10-03,TCRBJ01-05
9c4daf7ea1f0c8b0481d9732e82c1cec,CASSYHGPHHQPQHF,0.03121771955556723,TCRBV06-05,TCRBJ01-05
9c4daf7ea1f0c8b0481d9732e82c1cec,CAWSWGGYGYTF,0.031140340733038407,TCRBV30-01,TCRBJ01-02
9c4daf7ea1f0c8b0481d9732e82c1cec,CAWSYGYGYTF,0.030335630439429332,TCRBV30-01,TCRBJ01-02
9c4daf7ea1f0c8b0481d9732e82c1cec,CASSYSYYGYTF,0.030263355563056,TCRBV06-02/06-03,TCRBJ01-02
9c4daf7ea1f0c8b0481d9732e82c1cec,CASSWGGYVGYGYTF,0.03024279818955403,TCRBV06-05,TCRBJ01-02
9c4daf7ea1f0c8b0481d9732e82c1cec,CATYSGYYGYTF,0.03020232632652961,TCRBV27-01,TCRBJ01-02
9c4daf7ea1f0c8b0481d9732e82c1cec,CSANGGYTANYGYTF,0.030167188646028697,TCRBV20-X,TCRBJ01-02
9c4daf7ea1f0c8b0481d9732e82c1cec,CASSPWGPYYGYTF,0.029516018607498484,TCRBV07-02,TCRBJ01-02
9c4daf7ea1f0c8b0481d9732e82c1cec,CAWGPPGPLHF,0.029193201867376183,TCRBV30-01,TCRBJ01-06
9c4daf7ea1f0c8b0481d9732e82c1cec,CASSNSGGAYYTYGYTF,0.028966178942340545,TCRBV19-01,TCRBJ01-02
9c4daf7ea1f0c8b0481d9732e82c1cec,CIPWGAFF,0.0287864072503408,TCRBV23-01,TCRBJ01-01
9c4daf7ea1f0c8b0481d9732e82c1cec,CAWRPGYYGYTF,0.028750665936082602,TCRBV30-01,TCRBJ01-02
9c4daf7ea1f0c8b0481d9732e82c1cec,CAWYPGQGAWGYTF,0.028614324751685606,TCRBV30-01,TCRBJ01-02
9c4daf7ea1f0c8b0481d9732e82c1cec,CASSYWNNYGYTF,0.028470981696527925,TCRBV06-06,TCRBJ01-02
9c4daf7ea1f0c8b0481d9732e82c1cec,CASSYGYYGYTF,0.028340804233801975,TCRBV06-05,TCRBJ01-02
9c4daf7ea1f0c8b0481d9732e82c1cec,CASSYFWGSGYGYTF,0.028291168804984352,TCRBV06-02/06-03,TCRBJ01-02
9c4daf7ea1f0c8b0481d9732e82c1cec,CAWSGGYYGYTF,0.027991781406963925,TCRBV30-01,TCRBJ01-02
9c4daf7ea1f0c8b0481d9732e82c1cec,CAWGSPWGAFF,0.027932244131701194,TCRBV30-01,TCRBJ01-01
9c4daf7ea1f0c8b0481d9732e82c1cec,CASHGWGNYGYTF,0.027887108780009797,TCRBV02-01,TCRBJ01-02
9c4daf7ea1f0c8b0481d9732e82c1cec,TQYF,0.027884071147928093,TCRBV05-03,TCRBJ02-03
9c4daf7ea1f0c8b0481d9732e82c1cec,CASSYSGYNYGYTF,0.027810809859273054,TCRBV06-05,TCRBJ01-02
9c4daf7ea1f0c8b0481d9732e82c1cec,CASSPWGGAYYGYTF,0.02779305122327774,TCRBV28-01,TCRBJ01-02
9c4daf7ea1f0c8b0481d9732e82c1cec,CASFYLRGGTDTQYF,0.02765315547960575,TCRBV06-X,TCRBJ02-03
9c4daf7ea1f0c8b0481d9732e82c1cec,CAWTWGGPNYGYTF,0.02753413382845833,TCRBV30-01,TCRBJ01-02
9c4daf7ea1f0c8b0481d9732e82c1cec,CAWWTGYGYTF,0.027324930875347535,TCRBV30-01,TCRBJ01-02
9c4daf7ea1f0c8b0481d9732e82c1cec,CSVYGGPYGYTF,0.02731544793616208,TCRBV29-01,TCRBJ01-02
9c4daf7ea1f0c8b0481d9732e82c1cec,CASSLNWGGPNYGYTF,0.02714966780842759,TCRBV05-04,TCRBJ01-02
9c4daf7ea1f0c8b0481d9732e82c1cec,CASSYWGAPGYTF,0.02681288570130535,TCRBV06-05,TCRBJ01-02
9c4daf7ea1f0c8b0481d9732e82c1cec,CSGYDSYYGYTF,0.02676337612657994,TCRBV29-01,TCRBJ01-02
9c4daf7ea1f0c8b0481d9732e82c1cec,CASRPGGGHHYGYTF,0.026540061841190694,TCRBV09-01,TCRBJ01-02
9c4daf7ea1f0c8b0481d9732e82c1cec,CASSIHAPIWHHQPQHF,0.02653694982633019,TCRBV03-01/03-02,TCRBJ01-05
9c4daf7ea1f0c8b0481d9732e82c1cec,CSVFYRGWGGYTF,0.026439813978984553,TCRBV20-X,TCRBJ01-02
9c4daf7ea1f0c8b0481d9732e82c1cec,CASSYSSGWGNGYTF,0.026402828015742306,TCRBV06-05,TCRBJ01-02
9c4daf7ea1f0c8b0481d9732e82c1cec,RANYGYTF,0.0263633449018003,TCRBV07-05,TCRBJ01-02
9c4daf7ea1f0c8b0481d9732e82c1cec,CASSYSWGAGGYTF,0.026225226863768127,TCRBV06-05,TCRBJ01-02
9c4daf7ea1f0c8b0481d9732e82c1cec,CASGLGYMGGKFLAGTGELFF,0.026220166185252747,TCRBV12-05,TCRBJ02-02
9c4daf7ea1f0c8b0481d9732e82c1cec,CAWTGGGGSYYGYTF,0.026212320588259903,TCRBV30-01,TCRBJ01-02
9c4daf7ea1f0c8b0481d9732e82c1cec,CASSGGYNYGYTF,0.026185752925153363,TCRBV27-01,TCRBJ01-02
9c4daf7ea1f0c8b0481d9732e82c1cec,CAWSKWGGYGYTF,0.026153753290780016,TCRBV30-01,TCRBJ01-02
9c4daf7ea1f0c8b0481d9732e82c1cec,CAWGEYTAFF,0.026151430675998965,TCRBV30-01,TCRBJ01-01
9c4daf7ea1f0c8b0481d9732e82c1cec,CACTGVYGYTF,0.026113009170867892,TCRBV30-01,TCRBJ01-02
9c4daf7ea1f0c8b0481d9732e82c1cec,CAIPPLHF,0.026097790179896836,TCRBV10-03,TCRBJ01-06
9c4daf7ea1f0c8b0481d9732e82c1cec,CASSPTPFVGYGYTF,0.026074798508878103,TCRBV12-X,TCRBJ01-02
9c4daf7ea1f0c8b0481d9732e82c1cec,CASSYGYWALYGYTF,0.026067907727616628,TCRBV06-02/06-03,TCRBJ01-02
9c4daf7ea1f0c8b0481d9732e82c1cec,CASSFWGAGWGYTF,0.026011825909696137,TCRBV05-01,TCRBJ01-02
9c4daf7ea1f0c8b0481d9732e82c1cec,CAWGHNYGYTF,0.025919278702132755,TCRBV30-01,TCRBJ01-02
9c4daf7ea1f0c8b0481d9732e82c1cec,CASSYWGTGGWDTQYF,0.025878684302782732,TCRBV06-05,TCRBJ02-03
9c4daf7ea1f0c8b0481d9732e82c1cec,CASGYWGAGDYGYTF,0.02579899935778498,TCRBV06-05,TCRBJ01-02
9c4daf7ea1f0c8b0481d9732e82c1cec,CATKTYTGGRYYYGYTF,0.02574638856813581,TCRBV06-X,TCRBJ01-02
9c4daf7ea1f0c8b0481d9732e82c1cec,CASSVLPSWTGGYNYGYTF,0.02563980193263535,TCRBV09-01,TCRBJ01-02
9c4daf7ea1f0c8b0481d9732e82c1cec,AYTF,0.02556010580219029,TCRBV07-04,TCRBJ01-02
9c4daf7ea1f0c8b0481d9732e82c1cec,CATHPAPRHYGYTF,0.02555550406905539,TCRBV19-01,TCRBJ01-02
9c4daf7ea1f0c8b0481d9732e82c1cec,CAWSAVRAFF,0.025530818420278264,TCRBV30-01,TCRBJ01-01
9c4daf7ea1f0c8b0481d9732e82c1cec,CASSPGGGHHYGYTF,0.025475342454635494,TCRBV09-01,TCRBJ01-02
9c4daf7ea1f0c8b0481d9732e82c1cec,CASSHGGWGGYTF,0.02540107063222617,TCRBV03-01/03-02,TCRBJ01-02
9c4daf7ea1f0c8b0481d9732e82c1cec,CASSHHTGPGYTF,0.02535835561001974,TCRBV04-01,TCRBJ01-02
9c4daf7ea1f0c8b0481d9732e82c1cec,CAWSPTGGFYYGYTF,0.025337754435071923,TCRBV30-01,TCRBJ01-02
9c4daf7ea1f0c8b0481d9732e82c1cec,CAWYYRDGYTF,0.025307237563481928,TCRBV30-01,TCRBJ01-02
9c4daf7ea1f0c8b0481d9732e82c1cec,CASSNYGGTGANYGYTF,0.025269765764632232,TCRBV19-01,TCRBJ01-02
9c4daf7ea1f0c8b0481d9732e82c1cec,CASSYNNRGYGYTF,0.025205254080697147,TCRBV06-06,TCRBJ01-02
9c4daf7ea1f0c8b0481d9732e82c1cec,CASSPHPGYGYTF,0.025158193297399413,TCRBV11-03,TCRBJ01-02
9c4daf7ea1f0c8b0481d9732e82c1cec,CSAPPYF,0.025144824036010684,TCRBV20-01,TCRBJ02-04
9c4daf7ea1f0c8b0481d9732e82c1cec,CASSPYGGTNYGYTF,0.025130603050284774,TCRBV19-01,TCRBJ01-02
9c4daf7ea1f0c8b0481d9732e82c1cec,CACYYGPFGAQYF,0.02510486425875544,TCRBV30-01,TCRBJ02-05
9c4daf7ea1f0c8b0481d9732e82c1cec,CSASGGYPNYGYTF,0.025051320720675053,TCRBV20-01,TCRBJ01-02
9c4daf7ea1f0c8b0481d9732e82c1cec,CAWNWEGGYTF,0.0250362899329004,TCRBV30-01,TCRBJ01-02
9c4daf7ea1f0c8b0481d9732e82c1cec,CASSPAANPYGYTF,0.025014936248991322,TCRBV07-08,TCRBJ01-02
9c4daf7ea1f0c8b0481d9732e82c1cec,CAWSDPYPYGYTF,0.025002356027461276,TCRBV30-01,TCRBJ01-02
9c4daf7ea1f0c8b0481d9732e82c1cec,CASSLWGGWYTEAFF,0.024968767312602204,TCRBV05-06,TCRBJ01-01
9c4daf7ea1f0c8b0481d9732e82c1cec,CARSPGGGHHYGYTF,0.024840122407374522,TCRBV09-01,TCRBJ01-02
9c4daf7ea1f0c8b0481d9732e82c1cec,CASSYPGYGYTF,0.02483334751358227,TCRBV06-05,TCRBJ01-02
9c4daf7ea1f0c8b0481d9732e82c1cec,CATWKPNYGYTF,0.024827401296616803,TCRBV06-05,TCRBJ01-02
9c4daf7ea1f0c8b0481d9732e82c1cec,CASSLWDRIEKLFF,0.024824962594389807,TCRBV05-06,TCRBJ01-04
9c4daf7ea1f0c8b0481d9732e82c1cec,CAWGPGTAEAFF,0.024809121045398973,TCRBV30-01,TCRBJ01-01
9c4daf7ea1f0c8b0481d9732e82c1cec,CASSSGTGGGWNGYTF,0.02477965678615451,TCRBV06-05,TCRBJ01-02
9c4daf7ea1f0c8b0481d9732e82c1cec,CASSLGWGYYGYTF,0.02477506813838196,TCRBV05-01,TCRBJ01-02
9c4daf7ea1f0c8b0481d9732e82c1cec,CAGAGQGQHQPQHF,0.024765612605907615,TCRBV30-01,TCRBJ01-05
9c4daf7ea1f0c8b0481d9732e82c1cec,CARRYPF,0.024747228524048873,TCRBV06-04,TCRBJ01-02
9c4daf7ea1f0c8b0481d9732e82c1cec,CASSYSGHPYQPQHF,0.024710296276593366,TCRBV05-06,TCRBJ01-05
9c4daf7ea1f0c8b0481d9732e82c1cec,CASSYSTNPYGYTF,0.024702783299606318,TCRBV06-05,TCRBJ01-02
9c4daf7ea1f0c8b0481d9732e82c1cec,CAWSGYWTGLFYGYTF,0.024696087984480284,TCRBV30-01,TCRBJ01-02
9c4daf7ea1f0c8b0481d9732e82c1cec,CATRGTGYIYGYTF,0.02467183139438077,TCRBV06-05,TCRBJ01-02
9c4daf7ea1f0c8b0481d9732e82c1cec,CASWGGANVLTF,0.024666708684514187,TCRBV04-01,TCRBJ02-06
9c4daf7ea1f0c8b0481d9732e82c1cec,CATSYYGTAYGYTF,0.02465908677268942,TCRBV15-01,TCRBJ01-02
9c4daf7ea1f0c8b0481d9732e82c1cec,CASIVLKLYKNKRGKNLAKNIQYF,0.024649313268077705,unresolved,TCRBJ02-04
9c4daf7ea1f0c8b0481d9732e82c1cec,CASSPKPKPEAFF,0.02461800302229589,TCRBV07-09,TCRBJ01-01
9c4daf7ea1f0c8b0481d9732e82c1cec,CASSAPAGANVLTF,0.02459078150760462,TCRBV09-01,TCRBJ02-06
9c4daf7ea1f0c8b0481d9732e82c1cec,CARWGKGVYTF,0.024518419231284568,TCRBV21-01,TCRBJ01-02
9c4daf7ea1f0c8b0481d9732e82c1cec,CASRYPGGPNTPFMWYF,0.0245163536504522,TCRBV06-X,TCRBJ02-07
9c4daf7ea1f0c8b0481d9732e82c1cec,CTSSHP,0.024446435135062707,TCRBV01-01,TCRBJ02-07
9c4daf7ea1f0c8b0481d9732e82c1cec,CASNFGQGAPTGGANVLTF,0.02440746944288565,TCRBV28-01,TCRBJ02-06
9c4daf7ea1f0c8b0481d9732e82c1cec,CASIMTYMVTYGYTF,0.024384826392364937,TCRBV05-05,TCRBJ01-02
9c4daf7ea1f0c8b0481d9732e82c1cec,CAWRHGHNYGYTF,0.02437201372989919,TCRBV30-01,TCRBJ01-02
9c4daf7ea1f0c8b0481d9732e82c1cec,CASSYWGKYGYTF,0.02436240783257431,TCRBV06-05,TCRBJ01-02
9c4daf7ea1f0c8b0481d9732e82c1cec,CASSFPGYNYGYTF,0.02429605543962474,TCRBV07-02,TCRBJ01-02
9c4daf7ea1f0c8b0481d9732e82c1cec,CASNHPWGGGQPQHF,0.024294826183235883,TCRBV05-08,TCRBJ01-05
a2d09c72d8c76ba396e5c8dda7dc9a19,CSAPHPHFHIF,0.03653491789971441,TCRBV20-01,TCRBJ02-03
a2d09c72d8c76ba396e5c8dda7dc9a19,CASSYYYGYGYTF,0.03543919184388641,TCRBV06-02/06-03,TCRBJ01-02
a2d09c72d8c76ba396e5c8dda7dc9a19,CF,0.03292466692070786,TCRBV29-01,TCRBJ02-03
a2d09c72d8c76ba396e5c8dda7dc9a19,CAWSLSGGPYNEQFF,0.032644689208515536,TCRBV30-01,TCRBJ02-01
a2d09c72d8c76ba396e5c8dda7dc9a19,CASGGWGFNYGYTF,0.03223526680274345,TCRBV03-01/03-02,TCRBJ01-02
a2d09c72d8c76ba396e5c8dda7dc9a19,CAWSGGGYYYGYTF,0.0314884364763498,TCRBV30-01,TCRBJ01-02
a2d09c72d8c76ba396e5c8dda7dc9a19,CASHHQPQHF,0.030574484796212553,TCRBV06-05,TCRBJ01-05
a2d09c72d8c76ba396e5c8dda7dc9a19,CASSYWGYGYTF,0.03049481007877042,TCRBV06-05,TCRBJ01-02
a2d09c72d8c76ba396e5c8dda7dc9a19,CASENIGAGEKLFF,0.030438332816270237,TCRBV19-01,TCRBJ01-04
a2d09c72d8c76ba396e5c8dda7dc9a19,CASSYSGYYGYTF,0.029976799522669757,TCRBV06-05,TCRBJ01-02
a2d09c72d8c76ba396e5c8dda7dc9a19,CASSPFWGPNYGYTF,0.029936002769451357,TCRBV05-05,TCRBJ01-02
a2d09c72d8c76ba396e5c8dda7dc9a19,CASGNNNNHGYTF,0.029922104964641403,TCRBV12-05,TCRBJ01-02
a2d09c72d8c76ba396e5c8dda7dc9a19,CASSYSWGPNYGYTF,0.02977534366107127,TCRBV06-05,TCRBJ01-02
a2d09c72d8c76ba396e5c8dda7dc9a19,CASSGWGAYYGYTF,0.02974578589421661,TCRBV07-09,TCRBJ01-02
a2d09c72d8c76ba396e5c8dda7dc9a19,CASSYVWGGYGYTF,0.029214142368931495,TCRBV06-05,TCRBJ01-02
a2d09c72d8c76ba396e5c8dda7dc9a19,WTAGANVLTF,0.02917455491682213,TCRBV23-01,TCRBJ02-06
a2d09c72d8c76ba396e5c8dda7dc9a19,CASNPWGSNYGYTF,0.029062733941066635,TCRBV05-06,TCRBJ01-02
a2d09c72d8c76ba396e5c8dda7dc9a19,WARSHPWRELFF,0.0289574623725797,TCRBV15-01,TCRBJ02-02
a2d09c72d8c76ba396e5c8dda7dc9a19,CASSYGGPWTNYGYTF,0.028788018714277105,TCRBV06-02/06-03,TCRBJ01-02
a2d09c72d8c76ba396e5c8dda7dc9a19,CASSNSNSWGNSGNTIYF,0.02869294578072517,TCRBV28-01,TCRBJ01-03
a2d09c72d8c76ba396e5c8dda7dc9a19,CAWWSGWGSEGGYTF,0.0284190298102709,TCRBV30-01,TCRBJ01-02
a2d09c72d8c76ba396e5c8dda7dc9a19,WGGNTIYF,0.028318117843906424,TCRBV07-09,TCRBJ01-03
a2d09c72d8c76ba396e5c8dda7dc9a19,CASSYSWGGGYGYTF,0.028225385443609786,TCRBV06-02/06-03,TCRBJ01-02
a2d09c72d8c76ba396e5c8dda7dc9a19,CASSWDPKAFF,0.02820282960326859,TCRBV07-09,TCRBJ01-01
a2d09c72d8c76ba396e5c8dda7dc9a19,CAWNWGGGGYTF,0.028162830455519434,TCRBV30-01,TCRBJ01-02
a2d09c72d8c76ba396e5c8dda7dc9a19,CAHSYGWGYGYTF,0.02815292326507013,TCRBV06-05,TCRBJ01-02
a2d09c72d8c76ba396e5c8dda7dc9a19,CSAPYYGYTF,0.02812285381329941,TCRBV20-01,TCRBJ01-02
a2d09c72d8c76ba396e5c8dda7dc9a19,HCGGGYQPQHF,0.028104216258666454,TCRBV04-X,TCRBJ01-05
a2d09c72d8c76ba396e5c8dda7dc9a19,CAWTPRGGWYYGYTF,0.027997222850121153,TCRBV30-01,TCRBJ01-02
a2d09c72d8c76ba396e5c8dda7dc9a19,CASGGYFAPYTQYF,0.027930428358437755,TCRBV09-01,TCRBJ02-03
a2d09c72d8c76ba396e5c8dda7dc9a19,CASSYGVYYGYTF,0.027699569946501554,TCRBV06-02/06-03,TCRBJ01-02
a2d09c72d8c76ba396e5c8dda7dc9a19,WEGNTIYF,0.027505833790213957,TCRBV21-01,TCRBJ01-03
a2d09c72d8c76ba396e5c8dda7dc9a19,CATPHHHSNQPQHF,0.027213061597903616,TCRBV10-01,TCRBJ01-05
a2d09c72d8c76ba396e5c8dda7dc9a19,CATHPFF,0.027189685534912918,TCRBV27-01,TCRBJ01-01
a2d09c72d8c76ba396e5c8dda7dc9a19,CASELKAYGYTF,0.0270405801271978,TCRBV07-02,TCRBJ01-02
a2d09c72d8c76ba396e5c8dda7dc9a19,PDWHRQPQHF,0.027007478697848357,TCRBV09-01,TCRBJ01-05
a2d09c72d8c76ba396e5c8dda7dc9a19,CASSYRAYYGYTF,0.02699719004348762,TCRBV06-05,TCRBJ01-02
a2d09c72d8c76ba396e5c8dda7dc9a19,CASSYWDVWYF,0.026995090498809604,TCRBV06-02/06-03,TCRBJ02-04
a2d09c72d8c76ba396e5c8dda7dc9a19,CASSFWDKWTEAFF,0.026978514213309216,TCRBV05-08,TCRBJ01-01
a2d09c72d8c76ba396e5c8dda7dc9a19,CSSF,0.02692553532803043,TCRBV29-01,TCRBJ01-06
a2d09c72d8c76ba396e5c8dda7dc9a19,CAGDWYYGYTF,0.02689160532804829,TCRBV06-05,TCRBJ01-02
a2d09c72d8c76ba396e5c8dda7dc9a19,CASSYYSGYYEQYF,0.02688512995865027,TCRBV06-02/06-03,TCRBJ02-07
a2d09c72d8c76ba396e5c8dda7dc9a19,CASGSWGGANYGYTF,0.02681231957030609,TCRBV27-01,TCRBJ01-02
a2d09c72d8c76ba396e5c8dda7dc9a19,CASCSYTTGGYGYTF,0.026638597545954205,TCRBV27-01,TCRBJ01-02
a2d09c72d8c76ba396e5c8dda7dc9a19,WDQHF,0.02659750297752251,TCRBV07-05,TCRBJ01-05
a2d09c72d8c76ba396e5c8dda7dc9a19,CASSFWGGYGYTF,0.026477965763888285,TCRBV05-06,TCRBJ01-02
a2d09c72d8c76ba396e5c8dda7dc9a19,CASSYYYRGPSQPQHF,0.02640086689590777,TCRBV06-06,TCRBJ01-05
a2d09c72d8c76ba396e5c8dda7dc9a19,CASSYSSGYNPGNTIYF,0.026376407711402115,TCRBV06-X,TCRBJ01-03
a2d09c72d8c76ba396e5c8dda7dc9a19,CASSYTGGPNYGYTF,0.02634212973055962,TCRBV05-06,TCRBJ01-02
a2d09c72d8c76ba396e5c8dda7dc9a19,CASSYSTGTGGTWGYGYTF,0.026268181162025693,TCRBV06-X,TCRBJ01-02
a2d09c72d8c76ba396e5c8dda7dc9a19,CASSLWAGIGELFF,0.02620949697599509,TCRBV14-01,TCRBJ02-02
a2d09c72d8c76ba396e5c8dda7dc9a19,CASSHYRHYNSPLHF,0.026199230407381615,TCRBV11-02,TCRBJ01-06
a2d09c72d8c76ba396e5c8dda7dc9a19,F,0.026169052647139833,TCRBV27-01,TCRBJ02-02
a2d09c72d8c76ba396e5c8dda7dc9a19,CAWGPWFYEQYF,0.026131874027148796,TCRBV30-01,TCRBJ02-07
a2d09c72d8c76ba396e5c8dda7dc9a19,CASYRGAHYGYTF,0.026122742454388302,TCRBV27-01,TCRBJ01-02
a2d09c72d8c76ba396e5c8dda7dc9a19,CAWFHPNYGYTF,0.02604643705593744,TCRBV30-01,TCRBJ01-02
a2d09c72d8c76ba396e5c8dda7dc9a19,CASYRGYGYTF,0.02601021619558235,TCRBV06-06,TCRBJ01-02
a2d09c72d8c76ba396e5c8dda7dc9a19,CAWMGGYGYTF,0.02598127601600111,TCRBV30-01,TCRBJ01-02
a2d09c72d8c76ba396e5c8dda7dc9a19,CAWSPGGWNYGYTF,0.02593414792301742,TCRBV30-01,TCRBJ01-02
a2d09c72d8c76ba396e5c8dda7dc9a19,CASSYSCGANYGYTF,0.025922538442400375,TCRBV06-07,TCRBJ01-02
a2d09c72d8c76ba396e5c8dda7dc9a19,CASHGGHYGYTF,0.025898600840722256,TCRBV06-05,TCRBJ01-02
a2d09c72d8c76ba396e5c8dda7dc9a19,CASGFGGNYYGYTF,0.02588570524693215,TCRBV12-05,TCRBJ01-02
a2d09c72d8c76ba396e5c8dda7dc9a19,CASSYKGAYYGYTF,0.025854802635809495,TCRBV06-06,TCRBJ01-02
a2d09c72d8c76ba396e5c8dda7dc9a19,CAMHRGPKWEKLFF,0.025853909423524488,TCRBV19-01,TCRBJ01-04
a2d09c72d8c76ba396e5c8dda7dc9a19,CAWSVRAWGANVLTF,0.02581992064131869,TCRBV30-01,TCRBJ02-06
a2d09c72d8c76ba396e5c8dda7dc9a19,CARTHHTRYF,0.02569482079922386,TCRBV06-04,TCRBJ02-07
a2d09c72d8c76ba396e5c8dda7dc9a19,CASSYSWGTNYGYTF,0.02568779506715805,TCRBV06-02/06-03,TCRBJ01-02
a2d09c72d8c76ba396e5c8dda7dc9a19,CAWSYGGSNYGYTF,0.025579580060278394,TCRBV30-01,TCRBJ01-02
a2d09c72d8c76ba396e5c8dda7dc9a19,CASWGGWVTEAFF,0.025574686746862123,TCRBV27-01,TCRBJ01-01
a2d09c72d8c76ba396e5c8dda7dc9a19,CSAWWAGEAFF,0.02547562361163624,TCRBV20-01,TCRBJ01-01
a2d09c72d8c76ba396e5c8dda7dc9a19,CASSHWTTPGGGYGYTF,0.025473186524804584,TCRBV14-01,TCRBJ01-02
a2d09c72d8c76ba396e5c8dda7dc9a19,CASGNYASYYGYTF,0.025408471635668162,TCRBV19-01,TCRBJ01-02
a2d09c72d8c76ba396e5c8dda7dc9a19,CSARDEGPWWYTF,0.025398475244266038,TCRBV20-X,TCRBJ01-02
a2d09c72d8c76ba396e5c8dda7dc9a19,CASSPWGKPYYGYTF,0.025378414339924403,TCRBV05-06,TCRBJ01-02
a2d09c72d8c76ba396e5c8dda7dc9a19,CASSYSWGATSYGYTF,0.02536027666488719,TCRBV06-05,TCRBJ01-02
a2d09c72d8c76ba396e5c8dda7dc9a19,CASSWGGGPNHQPQHF,0.025328469360835097,TCRBV05-06,TCRBJ01-05
a2d09c72d8c76ba396e5c8dda7dc9a19,CAWISDHWYGGYTF,0.025314303098017504,TCRBV30-01,TCRBJ01-02
a2d09c72d8c76ba396e5c8dda7dc9a19,CATSRVGYIYGYTF,0.025313689842302874,TCRBV15-01,TCRBJ01-02
a2d09c72d8c76ba396e5c8dda7dc9a19,CASCPTGYYGYTF,0.025296812608919875,TCRBV28-01,TCRBJ01-02
a2d09c72d8c76ba396e5c8dda7dc9a19,CASSYYGYTF,0.025281230020721406,TCRBV19-01,TCRBJ01-02
a2d09c72d8c76ba396e5c8dda7dc9a19,CASSNWGGLNYGYTF,0.02523774791480809,TCRBV06-05,TCRBJ01-02
a2d09c72d8c76ba396e5c8dda7dc9a19,CASSFNSGTGGAGYGYTF,0.02523522889576406,TCRBV27-01,TCRBJ01-02
a2d09c72d8c76ba396e5c8dda7dc9a19,WTPAAGANVLTF,0.02522447230353955,TCRBVA-01,TCRBJ02-06
a2d09c72d8c76ba396e5c8dda7dc9a19,CAWKIGPGTYWRGYTF,0.02521891105952548,TCRBV30-01,TCRBJ01-02
a2d09c72d8c76ba396e5c8dda7dc9a19,CASSLAVGGYYNYGYTF,0.02521167224151109,TCRBV05-06,TCRBJ01-02
a2d09c72d8c76ba396e5c8dda7dc9a19,CASSFGTAMKKLFF,0.025209083987418213,TCRBV12-X,TCRBJ01-04
a2d09c72d8c76ba396e5c8dda7dc9a19,CAWTYPGHLWTNTEAFF,0.025208881859625717,TCRBV30-01,TCRBJ01-01
a2d09c72d8c76ba396e5c8dda7dc9a19,CAWAPIAVWGYTF,0.025199672073339365,TCRBV30-01,TCRBJ01-02
a2d09c72d8c76ba396e5c8dda7dc9a19,RASYGYTF,0.025190339691542146,TCRBV07-03,TCRBJ01-02
a2d09c72d8c76ba396e5c8dda7dc9a19,CASSYGPYPGNTIYF,0.025153445744669385,TCRBV06-05,TCRBJ01-03
a2d09c72d8c76ba396e5c8dda7dc9a19,CAWGFRWGYTF,0.025113164711010983,TCRBV30-01,TCRBJ01-02
a2d09c72d8c76ba396e5c8dda7dc9a19,CAWYKWETEAFF,0.025109022175421103,TCRBV30-01,TCRBJ01-01
a2d09c72d8c76ba396e5c8dda7dc9a19,CASHYGVYGYTF,0.025096705021143213,TCRBV18-01,TCRBJ01-02
a2d09c72d8c76ba396e5c8dda7dc9a19,CASSPGWYYGYTF,0.025093973697899806,TCRBV03-01/03-02,TCRBJ01-02
a2d09c72d8c76ba396e5c8dda7dc9a19,CSASPFGTGPNYGYTF,0.02504589127539676,TCRBV20-01,TCRBJ01-02
a2d09c72d8c76ba396e5c8dda7dc9a19,CAWSWFGGNYGYTF,0.02497851181422509,TCRBV30-01,TCRBJ01-02
a2d09c72d8c76ba396e5c8dda7dc9a19,CAYTGYPMNYGYTF,0.024975353226192425,TCRBV30-01,TCRBJ01-02
a2d09c72d8c76ba396e5c8dda7dc9a19,CASNWAGGSFGYTF,0.024967313357037436,TCRBV02-01,TCRBJ01-02
a2d09c72d8c76ba396e5c8dda7dc9a19,CASNYRDWGPNYGYTF,0.024957660140070337,TCRBV06-X,TCRBJ01-02
a2d09c72d8c76ba396e5c8dda7dc9a19,CASSPYYGYTF,0.024954274976986227,TCRBV11-02,TCRBJ01-02
a3f8cf37aac11d07d17dd92fa6014612,WAF,0.055539766624451474,TCRBV07-X,TCRBJ01-02
a3f8cf37aac11d07d17dd92fa6014612,CATWGGYYYGYTF,0.04005147995018938,TCRBV27-01,TCRBJ01-02
a3f8cf37aac11d07d17dd92fa6014612,WRNYGYTF,0.0365831752431103,TCRBV27-01,TCRBJ01-02
a3f8cf37aac11d07d17dd92fa6014612,CASSGPAGPAGNYGYTF,0.035872379708095266,TCRBV02-01,TCRBJ01-02
a3f8cf37aac11d07d17dd92fa6014612,CATYWTGGGYYGYTF,0.035426105395192066,TCRBV06-05,TCRBJ01-02
a3f8cf37aac11d07d17dd92fa6014612,CASSWWGGYGYTF,0.03383211637919097,TCRBV05-04,TCRBJ01-02
a3f8cf37aac11d07d17dd92fa6014612,WGNTIYF,0.03351017968382915,TCRBV20-01,TCRBJ01-03
a3f8cf37aac11d07d17dd92fa6014612,RKHNYGYTF,0.03146402224455525,TCRBV21-01,TCRBJ01-02
a3f8cf37aac11d07d17dd92fa6014612,CAWGWGNYGYTF,0.03133672848319778,TCRBV30-01,TCRBJ01-02
a3f8cf37aac11d07d17dd92fa6014612,CASTHWGGFNYGYTF,0.03103442422101467,TCRBV05-06,TCRBJ01-02
a3f8cf37aac11d07d17dd92fa6014612,CSAYGWGYGYTF,0.03082097982907918,TCRBV20-X,TCRBJ01-02
a3f8cf37aac11d07d17dd92fa6014612,CAYARTYGYTF,0.030806141431050236,TCRBV30-01,TCRBJ01-02
a3f8cf37aac11d07d17dd92fa6014612,CASSYATAPYHYYGYTF,0.030741883706627265,TCRBV06-X,TCRBJ01-02
a3f8cf37aac11d07d17dd92fa6014612,CAWNMPMGGIWF,0.029956527783826167,TCRBV30-01,TCRBJ02-X
a3f8cf37aac11d07d17dd92fa6014612,WAHDGYTF,0.029954953381952105,TCRBV27-01,TCRBJ01-02
a3f8cf37aac11d07d17dd92fa6014612,CASTGGYFYYGYTF,0.029866158314837778,TCRBV19-01,TCRBJ01-02
a3f8cf37aac11d07d17dd92fa6014612,CASSFYRYYGYTF,0.02984159642192179,TCRBV12-03/12-04,TCRBJ01-02
a3f8cf37aac11d07d17dd92fa6014612,CSAWDGKWDGYTF,0.02939506909999503,TCRBV20-X,TCRBJ01-02
a3f8cf37aac11d07d17dd92fa6014612,CASKGVGHRDLFGANVLTF,0.029178174648726223,TCRBV02-01,TCRBJ02-06
a3f8cf37aac11d07d17dd92fa6014612,CAWGAAYYGYTF,0.029163168433511768,TCRBV30-01,TCRBJ01-02
a3f8cf37aac11d07d17dd92fa6014612,CATHPF,0.02914876343737065,TCRBV02-01,TCRBJ01-01
a3f8cf37aac11d07d17dd92fa6014612,CASSYAWGANYGYTF,0.028938807412635208,TCRBV06-05,TCRBJ01-02
a3f8cf37aac11d07d17dd92fa6014612,CASRDKWGWGYYGYTF,0.028797309252360938,TCRBV12-X,TCRBJ01-02
a3f8cf37aac11d07d17dd92fa6014612,CASSYSWGYGYTF,0.02879358368725334,TCRBV06-05,TCRBJ01-02
a3f8cf37aac11d07d17dd92fa6014612,CAWSVGYGVYYGYTF,0.02860977402827013,TCRBV30-01,TCRBJ01-02
a3f8cf37aac11d07d17dd92fa6014612,CACSYGVGYYGYTF,0.028598970738001158,TCRBV30-01,TCRBJ01-02
a3f8cf37aac11d07d17dd92fa6014612,CAWNPGGCPF,0.028507399060226514,TCRBV30-01,TCRBJ01-02
a3f8cf37aac11d07d17dd92fa6014612,CASSYGYYGYTF,0.02834078125464435,TCRBV06-05,TCRBJ01-02
a3f8cf37aac11d07d17dd92fa6014612,CAWSVYWVAAFF,0.0282049631764554,TCRBV30-01,TCRBJ01-01
a3f8cf37aac11d07d17dd92fa6014612,CASHHYNRGPANYGYTF,0.028109989946892754,TCRBV19-01,TCRBJ01-02
a3f8cf37aac11d07d17dd92fa6014612,CAWWGGVGPNYGYTF,0.027963005075141125,TCRBV30-01,TCRBJ01-02
a3f8cf37aac11d07d17dd92fa6014612,CASSYSSGYWGYTF,0.02791902494630943,TCRBV06-05,TCRBJ01-02
a3f8cf37aac11d07d17dd92fa6014612,CASMDGHIYGYTF,0.027808215376898433,TCRBV19-01,TCRBJ01-02
a3f8cf37aac11d07d17dd92fa6014612,CAWSFPGGNNYGYTF,0.0276396192839865,TCRBV30-01,TCRBJ01-02
a3f8cf37aac11d07d17dd92fa6014612,CAWWAGANVLTF,0.027578973052554065,TCRBV30-01,TCRBJ02-06
a3f8cf37aac11d07d17dd92fa6014612,CASSYGSYYGYTF,0.02755423427034956,TCRBV27-01,TCRBJ01-02
a3f8cf37aac11d07d17dd92fa6014612,FKKAGNTIYF,0.027517505465350787,TCRBV20-01,TCRBJ01-03
a3f8cf37aac11d07d17dd92fa6014612,CAWSPRHPHFF,0.027472174129463785,TCRBV30-01,TCRBJ02-01
a3f8cf37aac11d07d17dd92fa6014612,CSAMGPYYGYTF,0.027314542100365005,TCRBV20-X,TCRBJ01-02
a3f8cf37aac11d07d17dd92fa6014612,CASHKAFF,0.027313352839304035,TCRBV06-06,TCRBJ01-01
a3f8cf37aac11d07d17dd92fa6014612,CASSGWTGGYYGYTF,0.02723825122777681,TCRBV25-01,TCRBJ01-02
a3f8cf37aac11d07d17dd92fa6014612,CASSYLHYPYGYTF,0.0271860549365549,TCRBV05-01,TCRBJ01-02
a3f8cf37aac11d07d17dd92fa6014612,CAWSWKGHWGYTF,0.027171434844787828,TCRBV30-01,TCRBJ01-02
a3f8cf37aac11d07d17dd92fa6014612,CASSLWGAFTEAFF,0.027049858919048982,TCRBV05-04,TCRBJ01-01
a3f8cf37aac11d07d17dd92fa6014612,CAWVPEWVGANVLTF,0.026959478807923237,TCRBV30-01,TCRBJ02-06
a3f8cf37aac11d07d17dd92fa6014612,CASSYTWTGGGYGYTF,0.02684615073554541,TCRBV07-09,TCRBJ01-02
a3f8cf37aac11d07d17dd92fa6014612,CASSFKGAVKKLFF,0.026844929919880068,TCRBV12-X,TCRBJ01-04
a3f8cf37aac11d07d17dd92fa6014612,CASSYRTGYYGYTF,0.026748702440161608,TCRBV06-06,TCRBJ01-02
a3f8cf37aac11d07d17dd92fa6014612,CASSPWAKLGQVFGELFF,0.026671728098473575,TCRBV12-X,TCRBJ02-02
a3f8cf37aac11d07d17dd92fa6014612,LGAPRWQPQHF,0.02666512477282821,TCRBV05-06,TCRBJ01-05
a3f8cf37aac11d07d17dd92fa6014612,CASSHPPHPGARPEAFF,0.02664712996741566,TCRBV14-01,TCRBJ01-01
a3f8cf37aac11d07d17dd92fa6014612,CASSVTTYSPYYGYTF,0.026618572257655904,TCRBV25-01,TCRBJ01-02
a3f8cf37aac11d07d17dd92fa6014612,CSAHYYGYTF,0.02653910402344449,TCRBV20-01,TCRBJ01-02
a3f8cf37aac11d07d17dd92fa6014612,CACGRVYGYTF,0.026525808921690475,TCRBV30-01,TCRBJ01-02
a3f8cf37aac11d07d17dd92fa6014612,CASSYYGGTNYGYTF,0.026473058874507686,TCRBV06-05,TCRBJ01-02
a3f8cf37aac11d07d17dd92fa6014612,CAWGPLPGYGYTF,0.026457830723344813,TCRBV30-01,TCRBJ01-02
a3f8cf37aac11d07d17dd92fa6014612,CASSYVAYYGYTF,0.026406022799554243,TCRBV06-05,TCRBJ01-02
a3f8cf37aac11d07d17dd92fa6014612,CASSLPLWGNYGYTF,0.026396603481402728,TCRBV05-06,TCRBJ01-02
a3f8cf37aac11d07d17dd92fa6014612,CAWGVGTGPYSFTGELFF,0.02637516788200824,TCRBV30-01,TCRBJ02-02
a3f8cf37aac11d07d17dd92fa6014612,CASSYWGGTGGDGANVLTF,0.026330920176076543,TCRBV06-X,TCRBJ02-06
a3f8cf37aac11d07d17dd92fa6014612,CASSHPGGGHYGYTF,0.02629327363827648,TCRBV12-X,TCRBJ01-02
a3f8cf37aac11d07d17dd92fa6014612,CASSLWGWEGGYGYTF,0.02626238381685928,TCRBV27-01,TCRBJ01-02
a3f8cf37aac11d07d17dd92fa6014612,CASSHHGHHEAFF,0.026206415073333225,TCRBV19-01,TCRBJ01-01
a3f8cf37aac11d07d17dd92fa6014612,CASSLWGGPNYGYTF,0.0261842072089013,TCRBV13-01,TCRBJ01-02
a3f8cf37aac11d07d17dd92fa6014612,CASSYGGHYYGYTF,0.026135164338306923,TCRBV06-05,TCRBJ01-02
a3f8cf37aac11d07d17dd92fa6014612,CYTF,0.02611913526988529,TCRBV28-01,TCRBJ01-02
a3f8cf37aac11d07d17dd92fa6014612,ETQYF,0.02611368220022237,TCRBV30-01,TCRBJ02-05
a3f8cf37aac11d07d17dd92fa6014612,CASSTFGGAPNYGYTF,0.02609863099205324,TCRBV21-01,TCRBJ01-02
a3f8cf37aac11d07d17dd92fa6014612,CASYIRWGHDYGYTF,0.026068447968630303,TCRBV28-01,TCRBJ01-02
a3f8cf37aac11d07d17dd92fa6014612,CAWNAGFSYGYTF,0.026065640952735444,TCRBV30-01,TCRBJ01-02
a3f8cf37aac11d07d17dd92fa6014612,CASSHGYSGYYGYTF,0.026005070593017383,TCRBV05-06,TCRBJ01-02
a3f8cf37aac11d07d17dd92fa6014612,CASSWWAGYTF,0.02599848452035755,TCRBV12-03/12-04,TCRBJ01-02
a3f8cf37aac11d07d17dd92fa6014612,RSVLTF,0.02599285073941235,TCRBV27-01,TCRBJ02-06
a3f8cf37aac11d07d17dd92fa6014612,CAWGPWTGHGYTF,0.025971391989414373,TCRBV30-01,TCRBJ01-02
a3f8cf37aac11d07d17dd92fa6014612,CAWSAGGYYGYTF,0.025939260287954676,TCRBV30-01,TCRBJ01-02
a3f8cf37aac11d07d17dd92fa6014612,CASSYPGGYFSYGYTF,0.02592955591309902,TCRBV07-02,TCRBJ01-02
a3f8cf37aac11d07d17dd92fa6014612,CASSHYGGGKYF,0.025921367538708478,TCRBV04-01,TCRBJ02-03
a3f8cf37aac11d07d17dd92fa6014612,CASSFAPYYGYTF,0.02587905393810842,TCRBV27-01,TCRBJ01-02
a3f8cf37aac11d07d17dd92fa6014612,CAWIWNTEAFF,0.02583132039404845,TCRBV30-01,TCRBJ01-01
a3f8cf37aac11d07d17dd92fa6014612,CAWGDAWEKLFF,0.025829337606872803,TCRBV30-01,TCRBJ01-04
a3f8cf37aac11d07d17dd92fa6014612,CASSYAGAYYGYTF,0.02579275015488412,TCRBV06-05,TCRBJ01-02
a3f8cf37aac11d07d17dd92fa6014612,CASSYYGGWSNTIYF,0.025784738592423678,TCRBV06-06,TCRBJ01-03
a3f8cf37aac11d07d17dd92fa6014612,CASNTWGPHGYTF,0.025755445902110714,TCRBV19-01,TCRBJ01-02
a3f8cf37aac11d07d17dd92fa6014612,CASNSVSGGWGYGYTF,0.02575482523295132,TCRBV05-01,TCRBJ01-02
a3f8cf37aac11d07d17dd92fa6014612,CASSFPAYHPTIYF,0.02573837309003197,TCRBV12-X,TCRBJ01-03
a3f8cf37aac11d07d17dd92fa6014612,CANSNTLGGIFGYTF,0.025737141534812748,TCRBV10-03,TCRBJ01-02
a3f8cf37aac11d07d17dd92fa6014612,CASSFYKTGYNYGYTF,0.025727595938878706,TCRBV12-X,TCRBJ01-02
a3f8cf37aac11d07d17dd92fa6014612,CSVWGAWGYTF,0.025690017914498917,TCRBV29-01,TCRBJ01-02
a3f8cf37aac11d07d17dd92fa6014612,CASRGKHIYYGYTF,0.025656794691919838,TCRBV19-01,TCRBJ01-02
a3f8cf37aac11d07d17dd92fa6014612,CASGWWAEAFF,0.02565629553722813,TCRBV19-01,TCRBJ01-01
a3f8cf37aac11d07d17dd92fa6014612,CASHRAYGYTF,0.02564831630617186,TCRBV02-01,TCRBJ01-02
a3f8cf37aac11d07d17dd92fa6014612,CASQNPWGYGYTF,0.025632784893905643,TCRBV07-08,TCRBJ01-02
a3f8cf37aac11d07d17dd92fa6014612,CASSYWGNRDYGYTF,0.02563183513930889,TCRBV06-05,TCRBJ01-02
a3f8cf37aac11d07d17dd92fa6014612,CACSPFGYYGYTF,0.025631236722191367,TCRBV30-01,TCRBJ01-02
a3f8cf37aac11d07d17dd92fa6014612,CASSPHAAWKYF,0.025606676149776113,TCRBV12-03/12-04,TCRBJ02-04
a3f8cf37aac11d07d17dd92fa6014612,CAWSVWGYGGYTF,0.025554983084956556,TCRBV30-01,TCRBJ01-02
a3f8cf37aac11d07d17dd92fa6014612,GRRIYGYTF,0.025547574652773974,TCRBV29-01,TCRBJ01-02
a849307e800056389843b05664d80a65,CASSHYWGWGGYTF,0.03555365589447173,TCRBV03-01/03-02,TCRBJ01-02
a849307e800056389843b05664d80a65,CASSYWGGWTASSGGYTF,0.03437090591379661,TCRBV06-02/06-03,TCRBJ01-02
a849307e800056389843b05664d80a65,CASSYHYYGYTF,0.032754706980967364,TCRBV06-02/06-03,TCRBJ01-02
a849307e800056389843b05664d80a65,CASSWGGYNYGYTF,0.032451330957472685,TCRBV04-01,TCRBJ01-02
a849307e800056389843b05664d80a65,CASYGAYYGYTF,0.032110535451391996,TCRBV06-06,TCRBJ01-02
a849307e800056389843b05664d80a65,CAGAWGYSNYGYTF,0.03152999511571135,TCRBV27-01,TCRBJ01-02
a849307e800056389843b05664d80a65,CASSLWDRITEAFF,0.03146260912058431,TCRBV05-06,TCRBJ01-01
a849307e800056389843b05664d80a65,CASGYTGYYGYTF,0.03131213157528464,TCRBV12-05,TCRBJ01-02
a849307e800056389843b05664d80a65,CASSPYYYGYTF,0.03106622440580626,TCRBV12-03/12-04,TCRBJ01-02
a849307e800056389843b05664d80a65,CTSGWGAWGYGYTF,0.030887618841490622,TCRBV01-01,TCRBJ01-02
a849307e800056389843b05664d80a65,WGDSHFHQPQHF,0.03062556142693787,TCRBV24-01,TCRBJ01-05
a849307e800056389843b05664d80a65,CAWGGPPWQPQHF,0.030592472780804503,TCRBV30-01,TCRBJ01-05
a849307e800056389843b05664d80a65,CASSGWGAYYGYTF,0.029745748048781526,TCRBV06-X,TCRBJ01-02
a849307e800056389843b05664d80a65,CASSFPGWGNSYGYTF,0.029649381846460467,TCRBV07-02,TCRBJ01-02
a849307e800056389843b05664d80a65,CASSFHGSGGSWNGGYTF,0.028912997230870836,TCRBV25-01,TCRBJ01-02
a849307e800056389843b05664d80a65,CASHWWGGGYTF,0.028911758850510227,TCRBV06-05,TCRBJ01-02
a849307e800056389843b05664d80a65,CAWHYYGYTF,0.02890665191205585,TCRBV30-01,TCRBJ01-02
a849307e800056389843b05664d80a65,CASSWNAGGGYGYTF,0.028714871267383254,TCRBV07-02,TCRBJ01-02
a849307e800056389843b05664d80a65,CASSSYGGHNNYGYTF,0.028634842373286205,TCRBV12-X,TCRBJ01-02
a849307e800056389843b05664d80a65,RGVKVGVLPSGNTIYF,0.02858779400705447,TCRBV29-01,TCRBJ01-03
a849307e800056389843b05664d80a65,CAWSAPGGPYNEQFF,0.028423495116665927,TCRBV30-01,TCRBJ02-01
a849307e800056389843b05664d80a65,CASAHYGYGYTF,0.028368227969760813,TCRBV06-05,TCRBJ01-02
a849307e800056389843b05664d80a65,CAWWVWTEAFF,0.028127563958210724,TCRBV30-01,TCRBJ01-01
a849307e800056389843b05664d80a65,CASSPHPYRHYTF,0.02807594247939934,TCRBV07-09,TCRBJ01-02
a849307e800056389843b05664d80a65,CASSYSWGNYGYTF,0.028068564114401822,TCRBV06-05,TCRBJ01-02
a849307e800056389843b05664d80a65,GGPQHF,0.02799086838317136,TCRBV19-01,TCRBJ01-05
a849307e800056389843b05664d80a65,CASYIPGYGYTF,0.027845346910572204,TCRBV03-01/03-02,TCRBJ01-02
a849307e800056389843b05664d80a65,CATSYLLPGGRTEAFF,0.027829266473325343,TCRBV15-01,TCRBJ01-01
a849307e800056389843b05664d80a65,RASRYYQPQHF,0.027815772260229566,TCRBV07-03,TCRBJ01-05
a849307e800056389843b05664d80a65,CASSYSPWGATYGYTF,0.027585145530607324,TCRBV06-02/06-03,TCRBJ01-02
a849307e800056389843b05664d80a65,CASSYSSTGYYGYTF,0.02757426905802453,TCRBV06-06,TCRBJ01-02
a849307e800056389843b05664d80a65,CASSYWGQGPNYGYTF,0.027568653416984116,TCRBV06-05,TCRBJ01-02
a849307e800056389843b05664d80a65,CAWSMGGYYGYTF,0.027524693617441184,TCRBV30-01,TCRBJ01-02
a849307e800056389843b05664d80a65,CASYGYGYTF,0.02750532518746338,TCRBV19-01,TCRBJ01-02
a849307e800056389843b05664d80a65,LQYF,0.02748841098320633,TCRBV10-01,TCRBJ02-07
a849307e800056389843b05664d80a65,CASALKASGANVLTF,0.027460794934611416,TCRBV05-01,TCRBJ02-06
a849307e800056389843b05664d80a65,CASWGGYGYTF,0.027387826882998356,TCRBV12-03/12-04,TCRBJ01-02
a849307e800056389843b05664d80a65,CAVWYF,0.027374712088340924,TCRBV19-01,TCRBJ02-04
a849307e800056389843b05664d80a65,CAPP,0.02731997280138699,TCRBV04-03,TCRBJ01-02
a849307e800056389843b05664d80a65,CAWSVGYNYGYTF,0.02723688832133411,TCRBV30-01,TCRBJ01-02
a849307e800056389843b05664d80a65,CASFYYGYTF,0.02713297722467796,TCRBV06-X,TCRBJ01-02
a849307e800056389843b05664d80a65,CAWFEWYGYTF,0.027124361203910322,TCRBV30-01,TCRBJ01-02
a849307e800056389843b05664d80a65,CASTAPAAGANVLTF,0.02703868898851253,TCRBV19-01,TCRBJ02-06
a849307e800056389843b05664d80a65,CASSYWGGWTVSSGGYTF,0.02702339054850264,TCRBV06-02/06-03,TCRBJ01-02
a849307e800056389843b05664d80a65,WDRPGGYTF,0.027003826337308006,TCRBV20-01,TCRBJ01-02
a849307e800056389843b05664d80a65,CASSYRWGNYGYTF,0.026995372307662708,TCRBV05-01,TCRBJ01-02
a849307e800056389843b05664d80a65,CASSYTGSYYGYTF,0.026978410945802913,TCRBV06-02/06-03,TCRBJ01-02
a849307e800056389843b05664d80a65,CASSHHGGYKAFF,0.02691392515080847,TCRBV03-01/03-02,TCRBJ01-01
a849307e800056389843b05664d80a65,CAWSGYRGPNYGYTF,0.026895923083461757,TCRBV30-01,TCRBJ01-02
a849307e800056389843b05664d80a65,CASSGWSGNPYGYTF,0.026876108766722275,TCRBV02-01,TCRBJ01-02
a849307e800056389843b05664d80a65,CASYTGPAYGYTF,0.02687237392588623,TCRBV06-X,TCRBJ01-02
a849307e800056389843b05664d80a65,CASSYYRGGYTF,0.026837547004368117,TCRBV06-06,TCRBJ01-02
a849307e800056389843b05664d80a65,CAGGTYPSYGYTF,0.02678633205948186,TCRBV30-01,TCRBJ01-02
a849307e800056389843b05664d80a65,SPRSHHPGPGGGGGASNYGYTF,0.02669684081921942,TCRBV04-X,TCRBJ01-02
a849307e800056389843b05664d80a65,CAWAPPGYTF,0.026688899853906604,TCRBV30-01,TCRBJ01-02
a849307e800056389843b05664d80a65,CASSHGGYYGYTF,0.026577375122977507,TCRBV03-01/03-02,TCRBJ01-02
a849307e800056389843b05664d80a65,CASSYYSTGTYGYTF,0.02655904958463231,TCRBV06-05,TCRBJ01-02
a849307e800056389843b05664d80a65,CAWSWGAEAFF,0.026502661115285552,TCRBV30-01,TCRBJ01-01
a849307e800056389843b05664d80a65,RASNFNRGRFFGYTF,0.02649048587224858,TCRBV07-03,TCRBJ01-02
a849307e800056389843b05664d80a65,CASSPGWGAYGGNTIYF,0.026479652807481557,TCRBV06-X,TCRBJ01-03
a849307e800056389843b05664d80a65,CASTYRGYGTWGYTF,0.026474031271648713,TCRBV12-X,TCRBJ01-02
a849307e800056389843b05664d80a65,CASSYWTGSGYGYTF,0.026419980062510163,TCRBV06-06,TCRBJ01-02
a849307e800056389843b05664d80a65,CASSYGYNYGYTF,0.026419871209179865,TCRBV06-06,TCRBJ01-02
a849307e800056389843b05664d80a65,CASSYEGYYGYTF,0.026408117617327226,TCRBV06-02/06-03,TCRBJ01-02
a849307e800056389843b05664d80a65,CASSYSPWSGGYTF,0.02638991327813171,TCRBV06-02/06-03,TCRBJ01-02
a849307e800056389843b05664d80a65,CASSYNPGPYYGYTF,0.026369728609346308,TCRBV06-06,TCRBJ01-02
a849307e800056389843b05664d80a65,HGYGYTF,0.02636018726686369,TCRBV27-01,TCRBJ01-02
a849307e800056389843b05664d80a65,CAWPPLF,0.026353831806633417,TCRBV30-01,TCRBJ02-01
a849307e800056389843b05664d80a65,CASSYVRWNYYGYTF,0.026333920042299196,TCRBV06-05,TCRBJ01-02
a849307e800056389843b05664d80a65,CASSYAPYGYTF,0.026329071213788413,TCRBV06-02/06-03,TCRBJ01-02
a849307e800056389843b05664d80a65,CAWGKWGYTF,0.026320637880919262,TCRBV30-01,TCRBJ01-02
a849307e800056389843b05664d80a65,CASSPWNTGGANYGYTF,0.026292541170899107,TCRBV18-01,TCRBJ01-02
a849307e800056389843b05664d80a65,CAYTGGFNYGYTF,0.02617245233629293,TCRBV30-01,TCRBJ01-02
a849307e800056389843b05664d80a65,CASSQKLQGRPLFGYGYTF,0.02616355906248079,TCRBV19-01,TCRBJ01-02
a849307e800056389843b05664d80a65,CADHWANYGYTF,0.026155956165160074,TCRBV15-01,TCRBJ01-02
a849307e800056389843b05664d80a65,CASSSSGGYSYSGNTIYF,0.026121661309546698,TCRBV19-01,TCRBJ01-03
a849307e800056389843b05664d80a65,RASSSPGHYYGYTF,0.02605054259153736,TCRBV07-03,TCRBJ01-02
a849307e800056389843b05664d80a65,CSASCPHGGGRPGNTIYF,0.02604825611610935,TCRBV20-01,TCRBJ01-03
a849307e800056389843b05664d80a65,CASSSGGGGFNYGYTF,0.026046278290966115,TCRBV05-01,TCRBJ01-02
a849307e800056389843b05664d80a65,CAWSVGNRGKWYTIYF,0.0260382505476569,TCRBV30-01,TCRBJ01-03
a849307e800056389843b05664d80a65,CASSPRTGGYYNYGYTF,0.026036988400371112,TCRBV05-06,TCRBJ01-02
a849307e800056389843b05664d80a65,CAWSPGYYGYTF,0.026035894083736265,TCRBV30-01,TCRBJ01-02
a849307e800056389843b05664d80a65,CASSYNNRGGYTF,0.02603079945024548,TCRBV12-03/12-04,TCRBJ01-02
a849307e800056389843b05664d80a65,CACYF,0.02601555006647963,TCRBV07-04,TCRBJ02-07
a849307e800056389843b05664d80a65,CSAFHPRGHNYGYTF,0.025983405919411985,TCRBV20-X,TCRBJ01-02
a849307e800056389843b05664d80a65,CAWRPAGWHQPQHF,0.02597175386662204,TCRBV30-01,TCRBJ01-05
a849307e800056389843b05664d80a65,CASGGYFTGGTFYGYTF,0.025959344280815564,TCRBV12-05,TCRBJ01-02
a849307e800056389843b05664d80a65,CAWSVGNRGWWYGYTF,0.025932192081699713,TCRBV30-01,TCRBJ01-02
a849307e800056389843b05664d80a65,CASHGGNYYGYTF,0.025916734094536414,TCRBV06-06,TCRBJ01-02
a849307e800056389843b05664d80a65,CAWSVHDWGGAYGYTF,0.025914632079968556,TCRBV30-01,TCRBJ01-02
a849307e800056389843b05664d80a65,CASSYSRWGTYYGYTF,0.025899223378907526,TCRBV06-02/06-03,TCRBJ01-02
a849307e800056389843b05664d80a65,CASSYTGGPYGYTF,0.02588837465384317,TCRBV21-01,TCRBJ01-02
a849307e800056389843b05664d80a65,CAWVPQAYYGYTF,0.02587549453342332,TCRBV30-01,TCRBJ01-02
a849307e800056389843b05664d80a65,CAWEWWGPGANVLTF,0.025835955474538,TCRBV30-01,TCRBJ02-06
a849307e800056389843b05664d80a65,CAWSYWGAGTEAFF,0.02580758467798122,TCRBV30-01,TCRBJ01-01
a849307e800056389843b05664d80a65,CASSYPGAGHHGYTF,0.025754578464921695,TCRBV12-X,TCRBJ01-02
a849307e800056389843b05664d80a65,CASSHPGGPSYGYTF,0.025710800895785643,TCRBV23-01,TCRBJ01-02
a849307e800056389843b05664d80a65,CASSEWYGVGYGYTF,0.025708029881387314,TCRBV06-01,TCRBJ01-02
a8d86e69af1a7834fc5b75c33b7d8b80,WASPLYF,0.031924115847098346,TCRBV05-04,TCRBJ01-06
a8d86e69af1a7834fc5b75c33b7d8b80,CAWRS,0.031550785223269644,TCRBV30-01,TCRBJ02-X
a8d86e69af1a7834fc5b75c33b7d8b80,CAWSWEGWGGYTF,0.030507165552225123,TCRBV30-01,TCRBJ01-02
a8d86e69af1a7834fc5b75c33b7d8b80,WASPLHF,0.030446481758820452,TCRBV05-04,TCRBJ01-06
a8d86e69af1a7834fc5b75c33b7d8b80,CASSHPWGGHYGYTF,0.030088558022981316,TCRBV03-01/03-02,TCRBJ01-02
a8d86e69af1a7834fc5b75c33b7d8b80,CASPF,0.02924800883384243,TCRBV11-03,TCRBJ01-01
a8d86e69af1a7834fc5b75c33b7d8b80,CASSYSTGYTYGYTF,0.028337206574556188,TCRBV06-05,TCRBJ01-02
a8d86e69af1a7834fc5b75c33b7d8b80,CASSYSSGYNYGYTF,0.028321852575767616,TCRBV06-05,TCRBJ01-02
a8d86e69af1a7834fc5b75c33b7d8b80,CAWFRGGGPDTQYF,0.028114644254134104,TCRBV30-01,TCRBJ02-03
a8d86e69af1a7834fc5b75c33b7d8b80,CASHYRPYGYTF,0.028099107846997238,TCRBV06-05,TCRBJ01-02
a8d86e69af1a7834fc5b75c33b7d8b80,CAWMDNRVFVYTF,0.028094097986506344,TCRBV30-01,TCRBJ01-02
a8d86e69af1a7834fc5b75c33b7d8b80,CASSSGYYYGYTF,0.027764956043378315,TCRBV02-01,TCRBJ01-02
a8d86e69af1a7834fc5b75c33b7d8b80,CASSYGVYYGYTF,0.02769956352534068,TCRBV06-05,TCRBJ01-02
a8d86e69af1a7834fc5b75c33b7d8b80,CAWGTMGAFF,0.02762409295845413,TCRBV30-01,TCRBJ01-01
a8d86e69af1a7834fc5b75c33b7d8b80,CASRGWYYGYTF,0.027613875353299764,TCRBV19-01,TCRBJ01-02
a8d86e69af1a7834fc5b75c33b7d8b80,RAKNIQYF,0.027432005204870578,TCRBV05-04,TCRBJ02-04
a8d86e69af1a7834fc5b75c33b7d8b80,CASSIYFLPGIKTEAFF,0.027291763282629413,TCRBV19-01,TCRBJ01-01
a8d86e69af1a7834fc5b75c33b7d8b80,CASSPGTGLTNYGYTFGSYYGYTF,0.027285594495004083,TCRBV07-X,TCRBJ01-02
a8d86e69af1a7834fc5b75c33b7d8b80,CASSYYPGNYGYTF,0.027248031986293934,TCRBV06-05,TCRBJ01-02
a8d86e69af1a7834fc5b75c33b7d8b80,CASSYGGSWYGYTF,0.027227708196962474,TCRBV06-06,TCRBJ01-02
a8d86e69af1a7834fc5b75c33b7d8b80,CASSYYPGTYGYTF,0.027221461937678982,TCRBV06-05,TCRBJ01-02
a8d86e69af1a7834fc5b75c33b7d8b80,CACIYRGNYGYTF,0.02708755796993144,TCRBV30-01,TCRBJ01-02
a8d86e69af1a7834fc5b75c33b7d8b80,CANNSRDRNYYNYGYTF,0.027019563727902998,TCRBV27-01,TCRBJ01-02
a8d86e69af1a7834fc5b75c33b7d8b80,CASSLAGALLGNTIYF,0.026898313113601417,TCRBV07-09,TCRBJ01-03
a8d86e69af1a7834fc5b75c33b7d8b80,CASILEGGGYYYGYTF,0.026837341519152225,TCRBV06-X,TCRBJ01-02
a8d86e69af1a7834fc5b75c33b7d8b80,CAWGPPLHYYGYTF,0.026783802551755505,TCRBV30-01,TCRBJ01-02
a8d86e69af1a7834fc5b75c33b7d8b80,CASSPWGGYGYTF,0.026769062071468293,TCRBV05-01,TCRBJ01-02
a8d86e69af1a7834fc5b75c33b7d8b80,CASSYSWGGSSGSGNTIYF,0.026710904192814276,TCRBV12-X,TCRBJ01-03
a8d86e69af1a7834fc5b75c33b7d8b80,CASYSYTGWGAFF,0.026630307258880232,TCRBV27-01,TCRBJ01-01
a8d86e69af1a7834fc5b75c33b7d8b80,CASWGLPHIYF,0.026465284019519232,TCRBV06-05,TCRBJ01-03
a8d86e69af1a7834fc5b75c33b7d8b80,CASSYSWGEGYGYTF,0.026334771312992004,TCRBV06-05,TCRBJ01-02
a8d86e69af1a7834fc5b75c33b7d8b80,CASSGGYGANYGYTF,0.026253674133873733,TCRBV10-01,TCRBJ01-02
a8d86e69af1a7834fc5b75c33b7d8b80,CSAPWGIYYGYTF,0.026235937327114996,TCRBV20-X,TCRBJ01-02
a8d86e69af1a7834fc5b75c33b7d8b80,CASGYYGYTF,0.0261636334773338,TCRBV02-01,TCRBJ01-02
a8d86e69af1a7834fc5b75c33b7d8b80,CAMYPWDGYTF,0.0261377237479398,TCRBV30-01,TCRBJ01-02
a8d86e69af1a7834fc5b75c33b7d8b80,CASSYYDCSGGCSYEQYF,0.026136374983003755,TCRBV06-07,TCRBJ02-07
a8d86e69af1a7834fc5b75c33b7d8b80,CASSHKYYTF,0.026122997204533035,TCRBV12-03/12-04,TCRBJ01-02
a8d86e69af1a7834fc5b75c33b7d8b80,CASTHPGYGYTF,0.026045203250085074,TCRBV25-01,TCRBJ01-02
a8d86e69af1a7834fc5b75c33b7d8b80,CASSYMFGFNYGYTF,0.025930075297470788,TCRBV06-02/06-03,TCRBJ01-02
a8d86e69af1a7834fc5b75c33b7d8b80,CASNPWGGPQPQHF,0.025928670724811132,TCRBV02-01,TCRBJ01-05
a8d86e69af1a7834fc5b75c33b7d8b80,CASSRQGAYASYNYGYTF,0.025842418938033046,TCRBV03-01/03-02,TCRBJ01-02
a8d86e69af1a7834fc5b75c33b7d8b80,CAAVFWYGYTF,0.02578318897171957,TCRBV30-01,TCRBJ01-02
a8d86e69af1a7834fc5b75c33b7d8b80,EYYGYTF,0.025760075207301458,TCRBV12-02,TCRBJ01-02
a8d86e69af1a7834fc5b75c33b7d8b80,CAWSPWGGGKNTEAFF,0.025738932091549736,TCRBV30-01,TCRBJ01-01
a8d86e69af1a7834fc5b75c33b7d8b80,CASSYLFPGGPGNTIYF,0.025674794416257023,TCRBV06-X,TCRBJ01-03
a8d86e69af1a7834fc5b75c33b7d8b80,CASSYYRGGGYTF,0.025566340210641674,TCRBV07-03,TCRBJ01-02
a8d86e69af1a7834fc5b75c33b7d8b80,CAWRPGVYGGLNYGYTF,0.025557819679074983,TCRBV30-01,TCRBJ01-02
a8d86e69af1a7834fc5b75c33b7d8b80,CASRYWDFGYGYTF,0.02554702860112762,TCRBV05-04,TCRBJ01-02
a8d86e69af1a7834fc5b75c33b7d8b80,CASSFWGRGYGYTF,0.025535835563494175,TCRBV05-06,TCRBJ01-02
a8d86e69af1a7834fc5b75c33b7d8b80,CSAHWFF,0.025503827164561062,TCRBV20-01,TCRBJ02-01
a8d86e69af1a7834fc5b75c33b7d8b80,CASSHTGGGGHFYGYTF,0.025490570715237453,TCRBV03-01/03-02,TCRBJ01-02
a8d86e69af1a7834fc5b75c33b7d8b80,CAWSPGAWVYTF,0.025454049897359953,TCRBV30-01,TCRBJ01-02
a8d86e69af1a7834fc5b75c33b7d8b80,RVWSTEAFF,0.025441025540536052,TCRBV20-01,TCRBJ01-01
a8d86e69af1a7834fc5b75c33b7d8b80,CASSWWAGANVLTF,0.025366994105048436,TCRBV05-01,TCRBJ02-06
a8d86e69af1a7834fc5b75c33b7d8b80,CASTPPGGHVGWGGYTF,0.025343934547655118,TCRBV28-01,TCRBJ01-02
a8d86e69af1a7834fc5b75c33b7d8b80,CASFWGYGYTF,0.025278564316503195,TCRBV06-X,TCRBJ01-02
a8d86e69af1a7834fc5b75c33b7d8b80,CASAPAQLAPAQPQHF,0.02524117053683444,TCRBV27-01,TCRBJ01-05
a8d86e69af1a7834fc5b75c33b7d8b80,CAWSTGGYYGYTF,0.025202108562219844,TCRBV30-01,TCRBJ01-02
a8d86e69af1a7834fc5b75c33b7d8b80,CASRAGGQAPAPHQPQHF,0.025198562258444256,TCRBV04-02,TCRBJ01-05
a8d86e69af1a7834fc5b75c33b7d8b80,GYGYTF,0.02515006978353673,TCRBV21-01,TCRBJ01-02
a8d86e69af1a7834fc5b75c33b7d8b80,CSAHRYTF,0.025148579239891056,TCRBV20-01,TCRBJ01-02
a8d86e69af1a7834fc5b75c33b7d8b80,CASSYSYRASYGYTF,0.025099120142946955,TCRBV06-05,TCRBJ01-02
a8d86e69af1a7834fc5b75c33b7d8b80,CSAYWGRSFNYGYTF,0.02506955195394421,TCRBV20-X,TCRBJ01-02
a8d86e69af1a7834fc5b75c33b7d8b80,CSASWGGYGYTF,0.025065467407416338,TCRBV20-01,TCRBJ01-02
a8d86e69af1a7834fc5b75c33b7d8b80,CASSYWDRPNYGYTF,0.02504177992502656,TCRBV05-06,TCRBJ01-02
a8d86e69af1a7834fc5b75c33b7d8b80,CASSYFAPNYGYTF,0.025026647091024107,TCRBV06-07,TCRBJ01-02
a8d86e69af1a7834fc5b75c33b7d8b80,CACCPGHPNYGYTF,0.02497205570400113,TCRBV30-01,TCRBJ01-02
a8d86e69af1a7834fc5b75c33b7d8b80,WYQETQYF,0.024970151694269128,TCRBV21-01,TCRBJ02-05
a8d86e69af1a7834fc5b75c33b7d8b80,CASMNSWGGYGYTF,0.024939427027543412,TCRBV02-01,TCRBJ01-02
a8d86e69af1a7834fc5b75c33b7d8b80,CATVAPGANVLTF,0.024938176197354094,TCRBV28-01,TCRBJ02-06
a8d86e69af1a7834fc5b75c33b7d8b80,CASSPYGANYGYTF,0.024922461241200903,TCRBV07-02,TCRBJ01-02
a8d86e69af1a7834fc5b75c33b7d8b80,CASSYRGYGYTF,0.024885473752379907,TCRBV16-01,TCRBJ01-02
a8d86e69af1a7834fc5b75c33b7d8b80,CAWRWGIEGYTF,0.02485942910655332,TCRBV30-01,TCRBJ01-02
a8d86e69af1a7834fc5b75c33b7d8b80,CASNPFGGANTEAFF,0.024855236344693336,TCRBV07-09,TCRBJ01-01
a8d86e69af1a7834fc5b75c33b7d8b80,CAIYRGGYGYTF,0.024836989535001214,TCRBV19-01,TCRBJ01-02
a8d86e69af1a7834fc5b75c33b7d8b80,CSLFLPGGPQETQYF,0.024832328475935445,TCRBV20-X,TCRBJ02-05
a8d86e69af1a7834fc5b75c33b7d8b80,CASSYFGRSYGYTF,0.024829335108116433,TCRBV06-02/06-03,TCRBJ01-02
a8d86e69af1a7834fc5b75c33b7d8b80,CAWITWGSKWGYTF,0.02478698939538839,TCRBV30-01,TCRBJ01-02
a8d86e69af1a7834fc5b75c33b7d8b80,CAWKAWGRAPEAFF,0.024741870504209593,TCRBV30-01,TCRBJ01-01
a8d86e69af1a7834fc5b75c33b7d8b80,CASSYTGGAANYGYTF,0.024727344094866675,TCRBV28-01,TCRBJ01-02
a8d86e69af1a7834fc5b75c33b7d8b80,CAWRGRGGFVPNYGYTF,0.024702119863247437,TCRBV30-01,TCRBJ01-02
a8d86e69af1a7834fc5b75c33b7d8b80,CASKGGGAGSFVVYIYTF,0.024665157161204775,TCRBV06-X,TCRBJ01-02
a8d86e69af1a7834fc5b75c33b7d8b80,CAWTHKGGYTF,0.024616460209772636,TCRBV30-01,TCRBJ01-02
a8d86e69af1a7834fc5b75c33b7d8b80,CATGPYGGGSSGNTIYF,0.024586391337837053,TCRBV06-X,TCRBJ01-03
a8d86e69af1a7834fc5b75c33b7d8b80,CASWWGGMNTEAFF,0.024546036465960253,TCRBV06-05,TCRBJ01-01
a8d86e69af1a7834fc5b75c33b7d8b80,FAQPQHF,0.024522794717370195,TCRBV21-01,TCRBJ01-05
a8d86e69af1a7834fc5b75c33b7d8b80,WAWGDIGPGGFPLHF,0.024507141144891803,TCRBV30-01,TCRBJ01-06
a8d86e69af1a7834fc5b75c33b7d8b80,CASWAGKYYGYTF,0.024502610241213474,TCRBV10-02,TCRBJ01-02
a8d86e69af1a7834fc5b75c33b7d8b80,CASSYWWDRVSNYGYTF,0.0244889925272923,TCRBV06-X,TCRBJ01-02
a8d86e69af1a7834fc5b75c33b7d8b80,CASSYTTGGPYGYTF,0.02445475228717128,TCRBV05-01,TCRBJ01-02
a8d86e69af1a7834fc5b75c33b7d8b80,CASSSWKPGFGYGYTF,0.024444041443885615,TCRBV28-01,TCRBJ01-02
a8d86e69af1a7834fc5b75c33b7d8b80,CAWKGEVWHF,0.02444399453891859,TCRBV30-01,TCRBJ01-05
a8d86e69af1a7834fc5b75c33b7d8b80,CSAPKPGHTYGYTF,0.024434517272019955,TCRBV20-X,TCRBJ01-02
a8d86e69af1a7834fc5b75c33b7d8b80,CASSHPWAPEAFF,0.024426918436504328,TCRBV06-05,TCRBJ01-01
a8d86e69af1a7834fc5b75c33b7d8b80,CASSHGHFYGYTF,0.02440548677244235,TCRBV03-01/03-02,TCRBJ01-02
a8d86e69af1a7834fc5b75c33b7d8b80,CSAAPPGANVLTF,0.024399057301937126,TCRBV20-X,TCRBJ02-06
a8d86e69af1a7834fc5b75c33b7d8b80,HQPQHF,0.024392561397414816,TCRBV19-01,TCRBJ01-05
a8d86e69af1a7834fc5b75c33b7d8b80,CAWSVWGYTEAFF,0.024381440421315542,TCRBV30-01,TCRBJ01-01
a8d86e69af1a7834fc5b75c33b7d8b80,CASSPAPYYGYTF,0.024374417552960256,TCRBV06-06,TCRBJ01-02
aac99ef29764235b61f66059b7700fa0,WRPQYF,0.03978029550230744,TCRBV21-01,TCRBJ02-03
aac99ef29764235b61f66059b7700fa0,CASSPFWGGNTNYGYTF,0.03857281987121366,TCRBV06-06,TCRBJ01-02
aac99ef29764235b61f66059b7700fa0,CASSYYWGSNYGYTF,0.03685927078742421,TCRBV05-04,TCRBJ01-02
aac99ef29764235b61f66059b7700fa0,WPEAFF,0.03323280241475412,TCRBV21-01,TCRBJ01-01
aac99ef29764235b61f66059b7700fa0,YYGYTF,0.03255509989612471,TCRBV06-04,TCRBJ01-02
aac99ef29764235b61f66059b7700fa0,CASSYSHSYYGYTF,0.030500943145842552,TCRBV06-05,TCRBJ01-02
aac99ef29764235b61f66059b7700fa0,CASSYSYYGYTF,0.030263355563056,TCRBV06-02/06-03,TCRBJ01-02
aac99ef29764235b61f66059b7700fa0,CAWTPPEGGWYYGYTF,0.029552044810507466,TCRBV30-01,TCRBJ01-02
aac99ef29764235b61f66059b7700fa0,CASSYYGPNYGYTF,0.02931219768661638,TCRBV06-05,TCRBJ01-02
aac99ef29764235b61f66059b7700fa0,CASSSGTGYTPYYGYTF,0.028815406981299772,TCRBV07-02,TCRBJ01-02
aac99ef29764235b61f66059b7700fa0,CASSYHYSRVNWYYGYTF,0.028314057255198293,TCRBV06-02/06-03,TCRBJ01-02
aac99ef29764235b61f66059b7700fa0,CAWSEGWGYYGYTF,0.028169542648687505,TCRBV30-01,TCRBJ01-02
aac99ef29764235b61f66059b7700fa0,CASSGSWGGSYGYTF,0.028160148623055516,TCRBV02-01,TCRBJ01-02
aac99ef29764235b61f66059b7700fa0,CASSYHPAHYGYTF,0.02784925506609024,TCRBV06-05,TCRBJ01-02
aac99ef29764235b61f66059b7700fa0,CAWGGYGYTF,0.02758627114136823,TCRBV07-02,TCRBJ01-02
aac99ef29764235b61f66059b7700fa0,CASSWGTGYNYGYTF,0.02758012239704584,TCRBV12-X,TCRBJ01-02
aac99ef29764235b61f66059b7700fa0,CATSAAPPAGANVLTF,0.02741999999560939,TCRBV24-01,TCRBJ02-06
aac99ef29764235b61f66059b7700fa0,CFGKIWGGMILYGYTF,0.027359132119968446,TCRBV10-02,TCRBJ01-02
aac99ef29764235b61f66059b7700fa0,CASSWGGGTNYGYTF,0.027354166428921897,TCRBV05-06,TCRBJ01-02
aac99ef29764235b61f66059b7700fa0,CVRRWYF,0.027121931202512013,TCRBV19-01,TCRBJ02-07
aac99ef29764235b61f66059b7700fa0,CSAYGYGYTF,0.027077815937697865,TCRBV29-01,TCRBJ01-02
aac99ef29764235b61f66059b7700fa0,CASIPGWGNTGELFF,0.02705530121887721,TCRBV06-05,TCRBJ02-02
aac99ef29764235b61f66059b7700fa0,CATHPGVHYGYTF,0.026988464118421037,TCRBV15-01,TCRBJ01-02
aac99ef29764235b61f66059b7700fa0,CASSLWGGFNYGYTF,0.026956777058290395,TCRBV05-06,TCRBJ01-02
aac99ef29764235b61f66059b7700fa0,CASSPGGYYYGYTF,0.02682858491226028,TCRBV03-01/03-02,TCRBJ01-02
aac99ef29764235b61f66059b7700fa0,CASSYRPGGCYGYTF,0.026492888510375182,TCRBV06-07,TCRBJ01-02
aac99ef29764235b61f66059b7700fa0,CAWRGPGAYYGYTF,0.02645123900700616,TCRBV30-01,TCRBJ01-02
aac99ef29764235b61f66059b7700fa0,CASYRAYRVVVYTF,0.026346971724724125,TCRBV06-04,TCRBJ01-02
aac99ef29764235b61f66059b7700fa0,CAWAVAYGYTF,0.02622561653736671,TCRBV30-01,TCRBJ01-02
aac99ef29764235b61f66059b7700fa0,CASSYYAYTF,0.026219593969836617,TCRBV06-05,TCRBJ01-02
aac99ef29764235b61f66059b7700fa0,CAWMPGGWVTEAFF,0.026163174842129155,TCRBV30-01,TCRBJ01-01
aac99ef29764235b61f66059b7700fa0,CASNPFGGPWTEAFF,0.026091256983105233,TCRBV19-01,TCRBJ01-01
aac99ef29764235b61f66059b7700fa0,CASNTYRGWNYGYTF,0.0260216584445025,TCRBV28-01,TCRBJ01-02
aac99ef29764235b61f66059b7700fa0,CASSYSFGGAGASYGYTF,0.02592199963970553,TCRBV06-X,TCRBJ01-02
aac99ef29764235b61f66059b7700fa0,CASSYIYRYFQGGYGYTF,0.02584547417742684,TCRBV27-01,TCRBJ01-02
aac99ef29764235b61f66059b7700fa0,CSAWGYGYTF,0.025823339153132757,TCRBV20-01,TCRBJ01-02
aac99ef29764235b61f66059b7700fa0,CAWWTGGGYTF,0.02580023679087064,TCRBV30-01,TCRBJ01-02
aac99ef29764235b61f66059b7700fa0,CASSWGGYGYTF,0.025745641031788894,TCRBV11-02,TCRBJ01-02
aac99ef29764235b61f66059b7700fa0,CAACPGANVLTF,0.025705765211115224,TCRBV30-01,TCRBJ02-06
aac99ef29764235b61f66059b7700fa0,CASSWGWGDGYTF,0.025699884245743706,TCRBV28-01,TCRBJ01-02
aac99ef29764235b61f66059b7700fa0,CAWGPWWDSPLHF,0.02567165147878733,TCRBV30-01,TCRBJ01-06
aac99ef29764235b61f66059b7700fa0,CASGYTGAYGYTF,0.025654214089591485,TCRBV12-05,TCRBJ01-02
aac99ef29764235b61f66059b7700fa0,CASGLVRAGKNTEAFF,0.02563098068718204,TCRBV12-05,TCRBJ01-01
aac99ef29764235b61f66059b7700fa0,CASSYFGTGPYGYTF,0.025469737702540816,TCRBV06-05,TCRBJ01-02
aac99ef29764235b61f66059b7700fa0,CASSSSGGFNYGYTF,0.025365698811202608,TCRBV09-01,TCRBJ01-02
aac99ef29764235b61f66059b7700fa0,CATHHPGRKVYGYTF,0.02531279866195135,TCRBV19-01,TCRBJ01-02
aac99ef29764235b61f66059b7700fa0,CAWKKDRVWNYGYTF,0.02528780365691677,TCRBV30-01,TCRBJ01-02
aac99ef29764235b61f66059b7700fa0,CASSPHPAYGYTF,0.025168322767758308,TCRBV05-05,TCRBJ01-02
aac99ef29764235b61f66059b7700fa0,CASSYGRYNYGYTF,0.025141075221799696,TCRBV06-05,TCRBJ01-02
aac99ef29764235b61f66059b7700fa0,CASNPGGYTNYGYTF,0.025115324521589332,TCRBV06-05,TCRBJ01-02
aac99ef29764235b61f66059b7700fa0,CASCKKGSGGYTF,0.025101348789521902,TCRBV19-01,TCRBJ01-02
aac99ef29764235b61f66059b7700fa0,CASSGGGAGWTYGYTF,0.025057613324453,TCRBV06-02,TCRBJ01-02
aac99ef29764235b61f66059b7700fa0,CASSYYGGGRTYEQYF,0.025054289205142983,TCRBV06-05,TCRBJ02-07
aac99ef29764235b61f66059b7700fa0,CAWEGHTHYGYTF,0.02504387262934174,TCRBV30-01,TCRBJ01-02
aac99ef29764235b61f66059b7700fa0,CASSEYSGYYGYTF,0.025031102218929038,TCRBV25-01,TCRBJ01-02
aac99ef29764235b61f66059b7700fa0,CAWSPGVWRWEAFF,0.02500098588822487,TCRBV30-01,TCRBJ01-01
aac99ef29764235b61f66059b7700fa0,CSGGGPNYGYTF,0.024997201313253187,TCRBV29-01,TCRBJ01-02
aac99ef29764235b61f66059b7700fa0,CAWNPGANVLTF,0.024983212676331166,TCRBV30-01,TCRBJ02-06
aac99ef29764235b61f66059b7700fa0,CASSIWGRGNNYGYTF,0.024977836807520783,TCRBV19-01,TCRBJ01-02
aac99ef29764235b61f66059b7700fa0,CAPKWRVHYGYTF,0.024952051803539783,TCRBV27-01,TCRBJ01-02
aac99ef29764235b61f66059b7700fa0,CASSPYAGAANYGYTF,0.0249304319774008,TCRBV06-X,TCRBJ01-02
aac99ef29764235b61f66059b7700fa0,CAWWTGIGFYGYTF,0.024925316339394574,TCRBV30-01,TCRBJ01-02
aac99ef29764235b61f66059b7700fa0,CASSSYRSGNNYGYTF,0.024903829090127002,TCRBV27-01,TCRBJ01-02
aac99ef29764235b61f66059b7700fa0,CAWSGWGGYTF,0.024899602981819677,TCRBV30-01,TCRBJ01-02
aac99ef29764235b61f66059b7700fa0,CAWTWGHLYGYTF,0.02486069920728738,TCRBV30-01,TCRBJ01-02
aac99ef29764235b61f66059b7700fa0,CASSYYGTGYYEQYF,0.024850382732806788,TCRBV06-05,TCRBJ02-07
aac99ef29764235b61f66059b7700fa0,CAWKVRAGANVLTF,0.024752771848220775,TCRBV30-01,TCRBJ02-06
aac99ef29764235b61f66059b7700fa0,CAWSVLGYGYGYTF,0.024737131936448383,TCRBV30-01,TCRBJ01-02
aac99ef29764235b61f66059b7700fa0,CAWCRGTGYNEQYF,0.024709073883785505,TCRBV30-01,TCRBJ02-07
aac99ef29764235b61f66059b7700fa0,CASGKWYGYTF,0.024653973808460718,TCRBV07-09,TCRBJ01-02
aac99ef29764235b61f66059b7700fa0,CASWAGANVLTF,0.024635256595446117,TCRBV30-01,TCRBJ02-06
aac99ef29764235b61f66059b7700fa0,CAIKKPDF,0.024625884572093273,TCRBV10-03,TCRBJ02-X
aac99ef29764235b61f66059b7700fa0,CAWGGGGTFF,0.024610631862529545,TCRBV30-01,TCRBJ01-01
aac99ef29764235b61f66059b7700fa0,CASSAPAGANVLTF,0.02459076721079389,TCRBV09-01,TCRBJ02-06
aac99ef29764235b61f66059b7700fa0,CASSVAAGYYYGYTF,0.02458488333145082,TCRBV06-X,TCRBJ01-02
aac99ef29764235b61f66059b7700fa0,CASSAYRGPNYGYTF,0.024583271079335264,TCRBV07-09,TCRBJ01-02
aac99ef29764235b61f66059b7700fa0,CASSYWGGAFF,0.02451563237647541,TCRBV06-05,TCRBJ01-01
aac99ef29764235b61f66059b7700fa0,CATWDGYYGYTF,0.024512555078244118,TCRBV24-01,TCRBJ01-02
aac99ef29764235b61f66059b7700fa0,CATSAGGKLANVLTF,0.024503398103850948,TCRBV24-01,TCRBJ02-06
aac99ef29764235b61f66059b7700fa0,CAWGGLPNYGYTF,0.02447438032072573,TCRBV30-01,TCRBJ01-02
aac99ef29764235b61f66059b7700fa0,CASHPPEAFF,0.024459578921619728,TCRBV10-02,TCRBJ01-01
aac99ef29764235b61f66059b7700fa0,CAWSPQGGYYGYTF,0.024459472253487803,TCRBV30-01,TCRBJ01-02
aac99ef29764235b61f66059b7700fa0,CASSPRHHNYGYTF,0.024429292026025708,TCRBV12-X,TCRBJ01-02
aac99ef29764235b61f66059b7700fa0,CAWWGSNYGYTF,0.024409182585248976,TCRBV30-01,TCRBJ01-02
aac99ef29764235b61f66059b7700fa0,CASSGDWWGYTF,0.02438297737983069,TCRBV19-01,TCRBJ01-02
aac99ef29764235b61f66059b7700fa0,CASSSYSSGAGGYGYTF,0.02437620639677301,TCRBV27-01,TCRBJ01-02
aac99ef29764235b61f66059b7700fa0,CASRTWGGFNYGYTF,0.024355774140032364,TCRBV06-05,TCRBJ01-02
aac99ef29764235b61f66059b7700fa0,CASAHKAGGINYGYTF,0.02431263088754187,TCRBV09-01,TCRBJ01-02
aac99ef29764235b61f66059b7700fa0,CAGPQHF,0.024297386495961748,TCRBV27-01,TCRBJ01-05
aac99ef29764235b61f66059b7700fa0,CAWSLIKGGANVLTF,0.02427086215551116,TCRBV30-01,TCRBJ02-06
aac99ef29764235b61f66059b7700fa0,CAGLVPGANVLTF,0.02425248992405181,TCRBV06-06,TCRBJ02-06
aac99ef29764235b61f66059b7700fa0,CSAMGNYNYGYTF,0.024249427206269377,TCRBV20-X,TCRBJ01-02
aac99ef29764235b61f66059b7700fa0,CASSLFGTGPNYGYTF,0.02422699617582166,TCRBV05-06,TCRBJ01-02
aac99ef29764235b61f66059b7700fa0,CASTFWTGYYGYTF,0.024223440675651964,TCRBV30-01,TCRBJ01-02
aac99ef29764235b61f66059b7700fa0,CASSPHPNYGYTF,0.024203847710959528,TCRBV03-01/03-02,TCRBJ01-02
aac99ef29764235b61f66059b7700fa0,CSSHWAYGYTF,0.024173556080222165,TCRBV20-01,TCRBJ01-02
aac99ef29764235b61f66059b7700fa0,CASSYDPGWWLYGYTF,0.024133344062824337,TCRBV11-02,TCRBJ01-02
aac99ef29764235b61f66059b7700fa0,CAWSTPFWGYGYTF,0.02412280278330103,TCRBV30-01,TCRBJ01-02
aac99ef29764235b61f66059b7700fa0,CRYGYTF,0.024107733372107146,TCRBV28-01,TCRBJ01-02
b5f8c196dfe44ac8a927bf3d20358b93,CRKYF,0.03956128584482053,TCRBV29-01,TCRBJ02-03
b5f8c196dfe44ac8a927bf3d20358b93,WMAFF,0.03746202697886207,TCRBV20-01,TCRBJ01-01
b5f8c196dfe44ac8a927bf3d20358b93,AIYF,0.03503907939444837,TCRBV20-01,TCRBJ01-03
b5f8c196dfe44ac8a927bf3d20358b93,CASSYWWSYGYTF,0.032089405384660485,TCRBV06-02/06-03,TCRBJ01-02
b5f8c196dfe44ac8a927bf3d20358b93,CSAYSGYYGYTF,0.03178488750577964,TCRBV20-X,TCRBJ01-02
b5f8c196dfe44ac8a927bf3d20358b93,CASSPPVEVGSHVAKGTEAFF,0.03116596784637441,TCRBV03-01/03-02,TCRBJ01-01
b5f8c196dfe44ac8a927bf3d20358b93,CATSRPNNNRGNSNQPQHF,0.031065680778047538,TCRBV15-01,TCRBJ01-05
b5f8c196dfe44ac8a927bf3d20358b93,CASSLWGAITEAFF,0.031057306844652275,TCRBV05-01,TCRBJ01-01
b5f8c196dfe44ac8a927bf3d20358b93,CSVYVGPYIGYF,0.03102983245056705,TCRBV29-01,TCRBJ02-03
b5f8c196dfe44ac8a927bf3d20358b93,CASTFWGGGNPNYGYTF,0.03090737582917709,TCRBV19-01,TCRBJ01-02
b5f8c196dfe44ac8a927bf3d20358b93,RPYTF,0.030889180037218005,TCRBV25-01,TCRBJ01-02
b5f8c196dfe44ac8a927bf3d20358b93,CAWGWGHYGYTF,0.030844200061293868,TCRBV30-01,TCRBJ01-02
b5f8c196dfe44ac8a927bf3d20358b93,CASPGPWGYYGYTF,0.030840631412259657,TCRBV19-01,TCRBJ01-02
b5f8c196dfe44ac8a927bf3d20358b93,RYTF,0.030338456875731962,TCRBV25-01,TCRBJ01-02
b5f8c196dfe44ac8a927bf3d20358b93,CAWGHSWGRNYGYTF,0.03004103420971813,TCRBV30-01,TCRBJ01-02
b5f8c196dfe44ac8a927bf3d20358b93,CASSEEGPAGAQGYYGYTF,0.029546012987733367,TCRBV02-01,TCRBJ01-02
b5f8c196dfe44ac8a927bf3d20358b93,CASSYYPNYGYTF,0.029492222129957637,TCRBV06-05,TCRBJ01-02
b5f8c196dfe44ac8a927bf3d20358b93,CAIKDPTAFF,0.029369498065794412,TCRBV02-01,TCRBJ01-01
b5f8c196dfe44ac8a927bf3d20358b93,CASPF,0.02924800883384243,TCRBV07-02,TCRBJ01-02
b5f8c196dfe44ac8a927bf3d20358b93,WARRGGPAGGPRDHRELFF,0.029224819313850455,TCRBV02-01,TCRBJ02-02
b5f8c196dfe44ac8a927bf3d20358b93,CASANYRGYYGYTF,0.029058334337052412,TCRBV28-01,TCRBJ01-02
b5f8c196dfe44ac8a927bf3d20358b93,CASSYGAYYGYTF,0.028941835914216896,TCRBV06-05,TCRBJ01-02
b5f8c196dfe44ac8a927bf3d20358b93,CASTHIPNRAHIYYGYTF,0.028915541092495917,TCRBV19-01,TCRBJ01-02
b5f8c196dfe44ac8a927bf3d20358b93,CASSYYYGSRGYTF,0.028867421956346118,TCRBV06-05,TCRBJ01-02
b5f8c196dfe44ac8a927bf3d20358b93,WGGVKYCGYTF,0.028851817591953675,TCRBV24-01,TCRBJ01-02
b5f8c196dfe44ac8a927bf3d20358b93,CASGAQGPAGANVLTF,0.028705081392144546,TCRBV10-01,TCRBJ02-06
b5f8c196dfe44ac8a927bf3d20358b93,CASNPWQGPSGGYTF,0.02869807256869627,TCRBV05-04,TCRBJ01-02
b5f8c196dfe44ac8a927bf3d20358b93,CSAYRTGYYGYTF,0.028551693568970287,TCRBV20-X,TCRBJ01-02
b5f8c196dfe44ac8a927bf3d20358b93,CAWGYGGGYTF,0.028550212317656785,TCRBV30-01,TCRBJ01-02
b5f8c196dfe44ac8a927bf3d20358b93,CASSVGNWGYYGYTF,0.028283878044713707,TCRBV09-01,TCRBJ01-02
b5f8c196dfe44ac8a927bf3d20358b93,CASSVGWGTGWGYGYTF,0.028150496731578843,TCRBV09-01,TCRBJ01-02
b5f8c196dfe44ac8a927bf3d20358b93,CASSYSWGSGGYTF,0.02810905852390103,TCRBV06-05,TCRBJ01-02
b5f8c196dfe44ac8a927bf3d20358b93,CASSYSEYYYGYTF,0.027947064285018166,TCRBV06-06,TCRBJ01-02
b5f8c196dfe44ac8a927bf3d20358b93,TQYF,0.027884071147928093,TCRBV05-03,TCRBJ02-05
b5f8c196dfe44ac8a927bf3d20358b93,CASSSWGSGGYGYTF,0.027877321646057968,TCRBV07-02,TCRBJ01-02
b5f8c196dfe44ac8a927bf3d20358b93,CAWTPGYIFYGYTF,0.02769180781891802,TCRBV30-01,TCRBJ01-02
b5f8c196dfe44ac8a927bf3d20358b93,CASSYWQGQWGSYGYTF,0.027663193212621867,TCRBV06-X,TCRBJ01-02
b5f8c196dfe44ac8a927bf3d20358b93,CASSFHGHYYGYTF,0.027577799778087293,TCRBV07-02,TCRBJ01-02
b5f8c196dfe44ac8a927bf3d20358b93,CASSSYSGTGGSYGYTF,0.02752811604851909,TCRBV05-06,TCRBJ01-02
b5f8c196dfe44ac8a927bf3d20358b93,RHNRAFF,0.027461845570751053,TCRBV19-01,TCRBJ01-04
b5f8c196dfe44ac8a927bf3d20358b93,CASWGGYGYTF,0.027387826882998356,TCRBV06-06,TCRBJ01-02
b5f8c196dfe44ac8a927bf3d20358b93,CASSGPVYYYGYTF,0.02734927454949786,TCRBV25-01,TCRBJ01-02
b5f8c196dfe44ac8a927bf3d20358b93,CAPP,0.02731997280138699,TCRBV05-03,TCRBJ01-02
b5f8c196dfe44ac8a927bf3d20358b93,RPCQPQHF,0.027283155199714373,TCRBV19-01,TCRBJ01-05
b5f8c196dfe44ac8a927bf3d20358b93,CASTPTVGWGNYGYTF,0.02728257625413647,TCRBV11-02,TCRBJ01-02
b5f8c196dfe44ac8a927bf3d20358b93,CASSYSGGAPWNGYTF,0.02721052920764959,TCRBV06-05,TCRBJ01-02
b5f8c196dfe44ac8a927bf3d20358b93,CATPPPGGWNYGYTF,0.02716843518064851,TCRBV05-04,TCRBJ01-02
b5f8c196dfe44ac8a927bf3d20358b93,CAGGPYGGYTF,0.027138538070329,TCRBV06-05,TCRBJ01-02
b5f8c196dfe44ac8a927bf3d20358b93,CASYMVYGYTF,0.027121056768356053,TCRBV06-06,TCRBJ01-02
b5f8c196dfe44ac8a927bf3d20358b93,CASSTNPIKAFF,0.027003946926451576,TCRBV12-03/12-04,TCRBJ01-01
b5f8c196dfe44ac8a927bf3d20358b93,CASHPGAKFYGYTF,0.026994797733752563,TCRBV19-01,TCRBJ01-02
b5f8c196dfe44ac8a927bf3d20358b93,CASHGYYGYTF,0.026879005330493116,TCRBV19-01,TCRBJ01-02
b5f8c196dfe44ac8a927bf3d20358b93,CASSYQGPYYGYTF,0.026865226760614386,TCRBV28-01,TCRBJ01-02
b5f8c196dfe44ac8a927bf3d20358b93,CASSYWGDHYGYTF,0.026787923220213377,TCRBV06-05,TCRBJ01-02
b5f8c196dfe44ac8a927bf3d20358b93,CATTPHHQPQHF,0.026767639698737123,TCRBV27-01,TCRBJ01-05
b5f8c196dfe44ac8a927bf3d20358b93,GQPHQPQHF,0.026726320518072923,TCRBV21-01,TCRBJ01-05
b5f8c196dfe44ac8a927bf3d20358b93,CTYGGWRQQRRWGYTF,0.02664740205935892,TCRBV20-X,TCRBJ01-02
b5f8c196dfe44ac8a927bf3d20358b93,CSAWGGTGAGINYGYTF,0.026562547875555453,TCRBV20-X,TCRBJ01-02
b5f8c196dfe44ac8a927bf3d20358b93,CASSFWGGYGYTF,0.02647794425398934,TCRBV27-01,TCRBJ01-02
b5f8c196dfe44ac8a927bf3d20358b93,CASSGWGNYGYTF,0.026464900095706134,TCRBV02-01,TCRBJ01-02
b5f8c196dfe44ac8a927bf3d20358b93,CASRRTYVYGYTF,0.02646373300058527,TCRBV06-05,TCRBJ01-02
b5f8c196dfe44ac8a927bf3d20358b93,CAWSFGYYGYTF,0.026442028018280245,TCRBV30-01,TCRBJ01-02
b5f8c196dfe44ac8a927bf3d20358b93,CAIWGGGAIAAKNIQYF,0.026411268576743956,TCRBV10-03,TCRBJ02-04
b5f8c196dfe44ac8a927bf3d20358b93,CAIGHGYGYTF,0.026305308783206527,TCRBV10-03,TCRBJ01-02
b5f8c196dfe44ac8a927bf3d20358b93,CASTGWGGYGYTF,0.026275304927223013,TCRBV05-04,TCRBJ01-02
b5f8c196dfe44ac8a927bf3d20358b93,CSARPPWGNTGELFF,0.026262690192842462,TCRBV20-X,TCRBJ02-02
b5f8c196dfe44ac8a927bf3d20358b93,CSAWNQIWWSWWAYEQYV,0.026236321064456725,TCRBV20-X,TCRBJ02-07
b5f8c196dfe44ac8a927bf3d20358b93,CASSSWGGYGYTF,0.026211915892900204,TCRBV05-04,TCRBJ01-02
b5f8c196dfe44ac8a927bf3d20358b93,F,0.026169089102652747,TCRBV29-01,TCRBJ01-01
b5f8c196dfe44ac8a927bf3d20358b93,CASKPKYGIFGYTF,0.026137148731883365,TCRBV27-01,TCRBJ01-02
b5f8c196dfe44ac8a927bf3d20358b93,WEGAGANVLTF,0.026129077048769427,TCRBV30-01,TCRBJ02-06
b5f8c196dfe44ac8a927bf3d20358b93,CASSFRFNKHYNYGYTF,0.02610161873967529,TCRBV07-09,TCRBJ01-02
b5f8c196dfe44ac8a927bf3d20358b93,CASGPWHGYTF,0.02609427117473936,TCRBV07-09,TCRBJ01-02
b5f8c196dfe44ac8a927bf3d20358b93,CAWSVGFNYGYTF,0.02608916088076475,TCRBV30-01,TCRBJ01-02
b5f8c196dfe44ac8a927bf3d20358b93,CSAYRGYGYTF,0.026027408603553952,TCRBV20-01,TCRBJ01-02
b5f8c196dfe44ac8a927bf3d20358b93,CASSIGDTLKRLFF,0.026018478711539793,TCRBV19-01,TCRBJ01-04
b5f8c196dfe44ac8a927bf3d20358b93,CASSFGGANHNYGYTF,0.026012315185356974,TCRBV05-04,TCRBJ01-02
b5f8c196dfe44ac8a927bf3d20358b93,CASSWGIGANYGYTF,0.025962559184277718,TCRBV06-05,TCRBJ01-02
b5f8c196dfe44ac8a927bf3d20358b93,CASSSWGPGQWNYGYTF,0.025948142624510964,TCRBV12-X,TCRBJ01-02
b5f8c196dfe44ac8a927bf3d20358b93,CASSLFGGGSNYGYTF,0.025938713617124763,TCRBV28-01,TCRBJ01-02
b5f8c196dfe44ac8a927bf3d20358b93,CASSFYWGEGGYGYTF,0.025902886724704123,TCRBV07-02,TCRBJ01-02
b5f8c196dfe44ac8a927bf3d20358b93,CASSFGGGWGYTF,0.02589564323148938,TCRBV27-01,TCRBJ01-02
b5f8c196dfe44ac8a927bf3d20358b93,CASSYGGRWNGYTF,0.025891176616869713,TCRBV06-05,TCRBJ01-02
b5f8c196dfe44ac8a927bf3d20358b93,CAGGGHPWQPQHF,0.025876103009104402,TCRBV19-01,TCRBJ01-05
b5f8c196dfe44ac8a927bf3d20358b93,CAWSAGGGWYF,0.02587574543405366,TCRBV30-01,TCRBJ02-03
b5f8c196dfe44ac8a927bf3d20358b93,HRGP,0.025805130161230486,TCRBV20-01,TCRBJ02-03
b5f8c196dfe44ac8a927bf3d20358b93,CATYPGHNYGYTF,0.025760676552907497,TCRBV28-01,TCRBJ01-02
b5f8c196dfe44ac8a927bf3d20358b93,CASSYSGHNNYGYTF,0.025758589852473483,TCRBV06-05,TCRBJ01-02
b5f8c196dfe44ac8a927bf3d20358b93,CASSWGGYGYTF,0.025745641031788894,TCRBV12-03/12-04,TCRBJ01-02
b5f8c196dfe44ac8a927bf3d20358b93,CASSYSRYNYGYTF,0.025739615165599864,TCRBV06-05,TCRBJ01-02
b5f8c196dfe44ac8a927bf3d20358b93,CASSYEGAWWDYGYTF,0.025735811400056506,TCRBV11-02,TCRBJ01-02
b5f8c196dfe44ac8a927bf3d20358b93,CASSPYLPTGGKTEAFF,0.025732072435934977,TCRBV18-01,TCRBJ01-01
b5f8c196dfe44ac8a927bf3d20358b93,CASSYAGAGVGYTF,0.025730769452018826,TCRBV06-02/06-03,TCRBJ01-02
b5f8c196dfe44ac8a927bf3d20358b93,CASSNHGHSHF,0.02569952008690449,TCRBV02-01,TCRBJ01-06
b5f8c196dfe44ac8a927bf3d20358b93,CASSNPWSPYGYTF,0.025644741631878132,TCRBV12-X,TCRBJ01-02
b5f8c196dfe44ac8a927bf3d20358b93,CASIHTF,0.025638233991528543,TCRBV02-01,TCRBJ01-02
b5f8c196dfe44ac8a927bf3d20358b93,CAWSGWAGYGYTF,0.02563524578112847,TCRBV30-01,TCRBJ01-02
b5f8c196dfe44ac8a927bf3d20358b93,CGHWGRKEGYYGYTF,0.025628197211455855,TCRBV29-01,TCRBJ01-02
b6913f748c401872908b7761d33d917e,YF,0.043498104297022874,TCRBV07-03,TCRBJ02-03
b6913f748c401872908b7761d33d917e,CASTSSGGWHGGWGNYGYTF,0.03992029274901704,TCRBV06-X,TCRBJ01-02
b6913f748c401872908b7761d33d917e,CATWGPYYGYTF,0.03753516179152536,TCRBV07-09,TCRBJ01-02
b6913f748c401872908b7761d33d917e,CAWNWWNYGYTF,0.03644561713900852,TCRBV30-01,TCRBJ01-02
b6913f748c401872908b7761d33d917e,CASSYSYYSNYGYTF,0.03532587903322094,TCRBV06-05,TCRBJ01-02
b6913f748c401872908b7761d33d917e,CASAASAQGGAGASYGYTF,0.03521205875855182,TCRBV09-01,TCRBJ01-02
b6913f748c401872908b7761d33d917e,CAISESVTGAAEKLFF,0.03327533019752965,TCRBV10-03,TCRBJ01-04
b6913f748c401872908b7761d33d917e,CASNGWGPYSYGYTF,0.0323531882342907,TCRBV02-01,TCRBJ01-02
b6913f748c401872908b7761d33d917e,CASTYTGGPYYGYTF,0.03202958828347095,TCRBV27-01,TCRBJ01-02
b6913f748c401872908b7761d33d917e,CASSYWDSYYGYTF,0.031944930536832616,TCRBV06-06,TCRBJ01-02
b6913f748c401872908b7761d33d917e,CAWKAF,0.031937001865794346,TCRBV30-01,TCRBJ02-07
b6913f748c401872908b7761d33d917e,CASSYYWGGNGYTF,0.031647674930512286,TCRBV05-04,TCRBJ01-02
b6913f748c401872908b7761d33d917e,CACYWGYGYTF,0.031458667955328576,TCRBV06-05,TCRBJ01-02
b6913f748c401872908b7761d33d917e,CAWGGYPGYTF,0.031440080088655335,TCRBV30-01,TCRBJ01-02
b6913f748c401872908b7761d33d917e,CATSCCNPKPAPGAGNTIYF,0.031332292424228116,TCRBV15-01,TCRBJ01-03
b6913f748c401872908b7761d33d917e,CASGYTGYYGYTF,0.03131213157528464,TCRBV12-05,TCRBJ01-02
b6913f748c401872908b7761d33d917e,CASSYWGSYGYTF,0.030815832955154908,TCRBV06-05,TCRBJ01-02
b6913f748c401872908b7761d33d917e,CATRGWGYYGYTF,0.030692431440615522,TCRBV24-01,TCRBJ01-02
b6913f748c401872908b7761d33d917e,STQYF,0.03057697942283355,TCRBV20-01,TCRBJ02-05
b6913f748c401872908b7761d33d917e,CSARYGGWYGYTF,0.030350335254902463,TCRBV20-X,TCRBJ01-02
b6913f748c401872908b7761d33d917e,WKGVVNTEAFF,0.030348525058908723,TCRBV07-09,TCRBJ01-01
b6913f748c401872908b7761d33d917e,CAWSYGYGYTF,0.030335630439429332,TCRBV30-01,TCRBJ01-02
b6913f748c401872908b7761d33d917e,CASSYNGYYGYTF,0.030147280123328922,TCRBV06-05,TCRBJ01-02
b6913f748c401872908b7761d33d917e,CASENPYYRGYYGYTF,0.030110728348366998,TCRBV02-01,TCRBJ01-02
b6913f748c401872908b7761d33d917e,CAWIGVYTIYF,0.03009567495480057,TCRBV30-01,TCRBJ01-03
b6913f748c401872908b7761d33d917e,CASSPWGGPNYGYTF,0.030079959341032192,TCRBV05-08,TCRBJ01-02
b6913f748c401872908b7761d33d917e,CSAGPQGAAGNTIYF,0.030025854872764247,TCRBV20-X,TCRBJ01-03
b6913f748c401872908b7761d33d917e,CASSYSGYYGYTF,0.029976799522669757,TCRBV06-05,TCRBJ01-02
b6913f748c401872908b7761d33d917e,CASFWGGAAPNYGYTF,0.029813059296195467,TCRBV06-X,TCRBJ01-02
b6913f748c401872908b7761d33d917e,CSAPGLPYVGYTF,0.029799409818476993,TCRBV20-X,TCRBJ01-02
b6913f748c401872908b7761d33d917e,CASTYGWGYGYTF,0.02976599858236687,TCRBV19-01,TCRBJ01-02
b6913f748c401872908b7761d33d917e,CAWSYGYYGYTF,0.02967491794317777,TCRBV30-01,TCRBJ01-02
b6913f748c401872908b7761d33d917e,GHYGYTF,0.029669155234069697,TCRBV02-01,TCRBJ01-02
b6913f748c401872908b7761d33d917e,CASSLWDRIGEAFF,0.02958606344759707,TCRBV14-01,TCRBJ01-01
b6913f748c401872908b7761d33d917e,CASFYGAYYGYTF,0.02956584437970811,TCRBV06-05,TCRBJ01-02
b6913f748c401872908b7761d33d917e,CASSYYPNYGYTF,0.02949222554201749,TCRBV06-05,TCRBJ01-02
b6913f748c401872908b7761d33d917e,CSAYVHPGGTEAFF,0.02925730284216236,TCRBV20-X,TCRBJ01-01
b6913f748c401872908b7761d33d917e,CAWTPPWGYGYTF,0.029224753363860313,TCRBV30-01,TCRBJ01-02
b6913f748c401872908b7761d33d917e,CAWNYYF,0.029141703495393932,TCRBV30-01,TCRBJ02-05
b6913f748c401872908b7761d33d917e,CASSYHGGPYYGYTF,0.02908408186233626,TCRBV06-05,TCRBJ01-02
b6913f748c401872908b7761d33d917e,CAWSFGGYYGYTF,0.028998408752805002,TCRBV30-01,TCRBJ01-02
b6913f748c401872908b7761d33d917e,CSVYYPSGTYYGYTF,0.028896591194369242,TCRBV29-01,TCRBJ01-02
b6913f748c401872908b7761d33d917e,CSARGYIYGYTF,0.028856552662165802,TCRBV20-X,TCRBJ01-02
b6913f748c401872908b7761d33d917e,CSAYHQGYYGYTF,0.0288315279647153,TCRBV20-X,TCRBJ01-02
b6913f748c401872908b7761d33d917e,CASIFASGGPNYGYTF,0.02881212112290009,TCRBV19-01,TCRBJ01-02
b6913f748c401872908b7761d33d917e,CASSWWGMGNYGYTF,0.028798002742509606,TCRBV05-06,TCRBJ01-02
b6913f748c401872908b7761d33d917e,CASSYSWGYGYTF,0.02879358368725334,TCRBV27-01,TCRBJ01-02
b6913f748c401872908b7761d33d917e,CASSNPWGGTGANVLTF,0.02875065761406385,TCRBV09-01,TCRBJ02-06
b6913f748c401872908b7761d33d917e,CASRPGGGWSNYGYTF,0.02870137903757102,TCRBV19-01,TCRBJ01-02
b6913f748c401872908b7761d33d917e,CASGYYRVHYGYTF,0.028638861388175386,TCRBV12-X,TCRBJ01-02
b6913f748c401872908b7761d33d917e,CASSYYNSGGPYGYTF,0.028612562029196337,TCRBV06-06,TCRBJ01-02
b6913f748c401872908b7761d33d917e,CASSYMYGYTF,0.028550187520557546,TCRBV12-03/12-04,TCRBJ01-02
b6913f748c401872908b7761d33d917e,CASSQWAGYATGGGGGTNYGYTF,0.028522300717171482,TCRBV04-X,TCRBJ01-02
b6913f748c401872908b7761d33d917e,CASAAYSYYGYTF,0.02850748985075777,TCRBV10-03,TCRBJ01-02
b6913f748c401872908b7761d33d917e,CASSGGWYSAYGYTF,0.02849006156431715,TCRBV05-06,TCRBJ01-02
b6913f748c401872908b7761d33d917e,CASSWGGQGWSNYGYTF,0.028468559874704168,TCRBV05-01,TCRBJ01-02
b6913f748c401872908b7761d33d917e,CSAHVGGPYYGYTF,0.028436697510813083,TCRBV20-X,TCRBJ01-02
b6913f748c401872908b7761d33d917e,CASSYYGGYTF,0.02834118831668581,TCRBV12-03/12-04,TCRBJ01-02
b6913f748c401872908b7761d33d917e,CSASYRGYYGYTF,0.02832540897040457,TCRBV20-X,TCRBJ01-02
b6913f748c401872908b7761d33d917e,CAWSPRGVWGYYGYTF,0.02829670116973296,TCRBV30-01,TCRBJ01-02
b6913f748c401872908b7761d33d917e,CSAYYGGYTF,0.028280066276911937,TCRBV20-01,TCRBJ01-02
b6913f748c401872908b7761d33d917e,CASSAWGGYSINYGYTF,0.028237224375474268,TCRBV06-01,TCRBJ01-02
b6913f748c401872908b7761d33d917e,CSVYAPGYGYTF,0.028197971653039364,TCRBV20-X,TCRBJ01-02
b6913f748c401872908b7761d33d917e,CAWSHYRGYAYGYTF,0.028156136125218327,TCRBV30-01,TCRBJ01-02
b6913f748c401872908b7761d33d917e,CASNPWGGGNTIYF,0.02814288903948155,TCRBV12-X,TCRBJ01-03
b6913f748c401872908b7761d33d917e,CASSYGGHNFNYGYTF,0.028081572249501,TCRBV06-02/06-03,TCRBJ01-02
b6913f748c401872908b7761d33d917e,CASSWGPSGPYYGYTF,0.028080698676775828,TCRBV05-01,TCRBJ01-02
b6913f748c401872908b7761d33d917e,CASSYYPGGYTF,0.028059825376053595,TCRBV06-05,TCRBJ01-02
b6913f748c401872908b7761d33d917e,CASSFYYRRFNYGYTF,0.028049750249523803,TCRBV05-06,TCRBJ01-02
b6913f748c401872908b7761d33d917e,CASSFWYRGYGYTF,0.02803694322143615,TCRBV05-01,TCRBJ01-02
b6913f748c401872908b7761d33d917e,CASSWGRNNNYGYTF,0.028016521895537688,TCRBV27-01,TCRBJ01-02
b6913f748c401872908b7761d33d917e,CASRYHRGWYGYTF,0.02798833542063955,TCRBV10-02,TCRBJ01-02
b6913f748c401872908b7761d33d917e,CAWSYYRGGYTF,0.027981362005144582,TCRBV30-01,TCRBJ01-02
b6913f748c401872908b7761d33d917e,CASSYSSGYYGYTF,0.027968507522773054,TCRBV06-06,TCRBJ01-02
b6913f748c401872908b7761d33d917e,CAWSVYYNYGYTF,0.027940173704246837,TCRBV30-01,TCRBJ01-02
b6913f748c401872908b7761d33d917e,CASCDPGTGWKAFF,0.02793970262753638,TCRBV28-01,TCRBJ01-01
b6913f748c401872908b7761d33d917e,CAWIPVWGGQGGGYTF,0.027938185845314076,TCRBV30-01,TCRBJ01-02
b6913f748c401872908b7761d33d917e,CASCKPFF,0.02788789086071922,TCRBV18-01,TCRBJ02-01
b6913f748c401872908b7761d33d917e,CASSHYYRGYQPQHF,0.027887524055750307,TCRBV04-01,TCRBJ01-05
b6913f748c401872908b7761d33d917e,CASWGGGNNYGYTF,0.02788482729437938,TCRBV12-X,TCRBJ01-02
b6913f748c401872908b7761d33d917e,TIYF,0.02787485196412951,TCRBV10-01,TCRBJ01-03
b6913f748c401872908b7761d33d917e,CASSYSVWGNGYYGYTF,0.027871394120472036,TCRBV06-X,TCRBJ01-02
b6913f748c401872908b7761d33d917e,CASCPWGAPSYGYTF,0.027856530624062584,TCRBV05-06,TCRBJ01-02
b6913f748c401872908b7761d33d917e,CASSWGWGDNYGYTF,0.027855959229071383,TCRBV05-01,TCRBJ01-02
b6913f748c401872908b7761d33d917e,CASSGGWYYGYTF,0.027851866178644647,TCRBV06-X,TCRBJ01-02
b6913f748c401872908b7761d33d917e,CASRWGYNYGYTF,0.02783174835936792,TCRBV05-06,TCRBJ01-02
b6913f748c401872908b7761d33d917e,CASKHPHYGYTF,0.02782715566862088,TCRBV02-01,TCRBJ01-02
b6913f748c401872908b7761d33d917e,CASGLFQGITEAFF,0.02780962055804063,TCRBV12-05,TCRBJ01-01
b6913f748c401872908b7761d33d917e,CASTWGAGWNYGYTF,0.0277510772076924,TCRBV06-05,TCRBJ01-02
b6913f748c401872908b7761d33d917e,CACTGVYYGYTF,0.027748375575859418,TCRBV30-01,TCRBJ01-02
b6913f748c401872908b7761d33d917e,CASSYSWGGYGYTF,0.02774408565228097,TCRBV06-05,TCRBJ01-02
b6913f748c401872908b7761d33d917e,CAWTAGTTAWWGYTF,0.027743132244793262,TCRBV30-01,TCRBJ01-02
b6913f748c401872908b7761d33d917e,CASIPKF,0.02773279150698618,TCRBV27-01,TCRBJ01-02
b6913f748c401872908b7761d33d917e,CASSYGVYYGYTF,0.02769956352534068,TCRBV06-05,TCRBJ01-02
b6913f748c401872908b7761d33d917e,CASIIISYTYGYTF,0.02766874417819074,TCRBV02-01,TCRBJ01-02
b6913f748c401872908b7761d33d917e,CSAWGDWGYTF,0.02765676814285079,TCRBV20-01,TCRBJ01-02
b6913f748c401872908b7761d33d917e,CAWSVWGGYGYTF,0.02758692670228948,TCRBV30-01,TCRBJ01-02
b7a952c9f810f667ddf0d16f1bc3d2d6,YF,0.043498104297022874,TCRBV09-01,TCRBJ02-07
b7a952c9f810f667ddf0d16f1bc3d2d6,CAWNPWGWAGYTF,0.034205464247652445,TCRBV30-01,TCRBJ01-02
b7a952c9f810f667ddf0d16f1bc3d2d6,CASSYGYYYGYTF,0.03303457549670748,TCRBV06-05,TCRBJ01-02
b7a952c9f810f667ddf0d16f1bc3d2d6,CAWSYAYYGYTF,0.03272370444823571,TCRBV30-01,TCRBJ01-02
b7a952c9f810f667ddf0d16f1bc3d2d6,CATWWAFF,0.032665260996781735,TCRBV05-01,TCRBJ01-01
b7a952c9f810f667ddf0d16f1bc3d2d6,CASRPPDRGPSWAFGNTIYF,0.03229206137061817,TCRBV12-X,TCRBJ01-03
b7a952c9f810f667ddf0d16f1bc3d2d6,CASSYSYYGYTF,0.030263355563056,TCRBV19-01,TCRBJ01-02
b7a952c9f810f667ddf0d16f1bc3d2d6,CAWRWGDWGYTF,0.028846361922196112,TCRBV30-01,TCRBJ01-02
b7a952c9f810f667ddf0d16f1bc3d2d6,CASKP,0.028815682209292457,TCRBV27-01,TCRBJ01-02
b7a952c9f810f667ddf0d16f1bc3d2d6,CAWGWGEGGYTF,0.028500204390461453,TCRBV30-01,TCRBJ01-02
b7a952c9f810f667ddf0d16f1bc3d2d6,CASWGTGYNYGYTF,0.028269974954293096,TCRBV06-05,TCRBJ01-02
b7a952c9f810f667ddf0d16f1bc3d2d6,CAWGGGYGYTF,0.02810525498167812,TCRBV30-01,TCRBJ01-02
b7a952c9f810f667ddf0d16f1bc3d2d6,CASSWTGGYNYGYTF,0.028097851231284214,TCRBV11-02,TCRBJ01-02
b7a952c9f810f667ddf0d16f1bc3d2d6,CASSIHIPGHGYGYTF,0.028072431138073037,TCRBV19-01,TCRBJ01-02
b7a952c9f810f667ddf0d16f1bc3d2d6,CAWSSGYNYGYTF,0.027796009962328866,TCRBV30-01,TCRBJ01-02
b7a952c9f810f667ddf0d16f1bc3d2d6,CAWSYYRGWWEQYF,0.027756310738058523,TCRBV30-01,TCRBJ02-07
b7a952c9f810f667ddf0d16f1bc3d2d6,CASSYSTGYYGYTF,0.027645729643180673,TCRBV06-05,TCRBJ01-02
b7a952c9f810f667ddf0d16f1bc3d2d6,CAWGGYGYTF,0.02758627114136823,TCRBV30-01,TCRBJ01-02
b7a952c9f810f667ddf0d16f1bc3d2d6,CASSHPGGPHYTF,0.0275523369714622,TCRBV12-03/12-04,TCRBJ01-02
b7a952c9f810f667ddf0d16f1bc3d2d6,CASSEWWADWGYTF,0.027550802296466476,TCRBV07-02,TCRBJ01-02
b7a952c9f810f667ddf0d16f1bc3d2d6,CSAWGGYGYTF,0.02727096822681682,TCRBV20-01,TCRBJ01-02
b7a952c9f810f667ddf0d16f1bc3d2d6,CASGLAPVILKNTEAFF,0.027259504083834943,TCRBV12-05,TCRBJ01-01
b7a952c9f810f667ddf0d16f1bc3d2d6,CASSYSWGFYGYTF,0.027186806871552602,TCRBV06-05,TCRBJ01-02
b7a952c9f810f667ddf0d16f1bc3d2d6,CAWSVWYNYGYTF,0.02696079225353656,TCRBV30-01,TCRBJ01-02
b7a952c9f810f667ddf0d16f1bc3d2d6,LFF,0.026945610118572126,TCRBV10-03,TCRBJ01-04
b7a952c9f810f667ddf0d16f1bc3d2d6,LQPQHF,0.026882953127844958,TCRBV06-X,TCRBJ01-05
b7a952c9f810f667ddf0d16f1bc3d2d6,CASWWGGAQYF,0.0268184620905868,TCRBV06-X,TCRBJ02-05
b7a952c9f810f667ddf0d16f1bc3d2d6,CASSPKGAAGLAPYGYTF,0.026806890591052797,TCRBV19-01,TCRBJ01-02
b7a952c9f810f667ddf0d16f1bc3d2d6,CASSYWGGHGYTF,0.026786565133921338,TCRBV06-05,TCRBJ01-02
b7a952c9f810f667ddf0d16f1bc3d2d6,CAWSVWSAEAFF,0.0267482245206534,TCRBV30-01,TCRBJ01-01
b7a952c9f810f667ddf0d16f1bc3d2d6,CASSGGGPYYGYTF,0.02648612538731174,TCRBV09-01,TCRBJ01-02
b7a952c9f810f667ddf0d16f1bc3d2d6,CASTYYQGAYGYTF,0.026451328032119803,TCRBV06-05,TCRBJ01-02
b7a952c9f810f667ddf0d16f1bc3d2d6,CASSIDVWGHTPVWLVGYTF,0.026373885253987966,TCRBV11-02,TCRBJ01-02
b7a952c9f810f667ddf0d16f1bc3d2d6,CASSYNTGPYGYTF,0.026336736826590972,TCRBV06-05,TCRBJ01-02
b7a952c9f810f667ddf0d16f1bc3d2d6,CAWIWGTEAFF,0.02629526513432727,TCRBV30-01,TCRBJ01-01
b7a952c9f810f667ddf0d16f1bc3d2d6,CASSWGIWGGANVLTF,0.02627551232525423,TCRBV07-09,TCRBJ02-06
b7a952c9f810f667ddf0d16f1bc3d2d6,CAWTAGGWYTIYF,0.026209930539461676,TCRBV30-01,TCRBJ01-03
b7a952c9f810f667ddf0d16f1bc3d2d6,CASNPFAGISGNTIYF,0.026181720874264007,TCRBV07-08,TCRBJ01-03
b7a952c9f810f667ddf0d16f1bc3d2d6,WERNTEAFF,0.026143436647319204,TCRBV07-09,TCRBJ01-01
b7a952c9f810f667ddf0d16f1bc3d2d6,CATRWDWGAAFF,0.026117989078201446,TCRBV06-04,TCRBJ01-01
b7a952c9f810f667ddf0d16f1bc3d2d6,CASSYYYPGVNYGYTF,0.02611589543379143,TCRBV06-05,TCRBJ01-02
b7a952c9f810f667ddf0d16f1bc3d2d6,CAWGIDVWGYTF,0.0261016308610332,TCRBV30-01,TCRBJ01-02
b7a952c9f810f667ddf0d16f1bc3d2d6,CASSWGGGANYGYTF,0.026037577898878114,TCRBV06-05,TCRBJ01-02
b7a952c9f810f667ddf0d16f1bc3d2d6,CASAYLYGYTF,0.02603218522747331,TCRBV11-02,TCRBJ01-02
b7a952c9f810f667ddf0d16f1bc3d2d6,CASSYTHPGYGYTF,0.025924072133209772,TCRBV09-01,TCRBJ01-02
b7a952c9f810f667ddf0d16f1bc3d2d6,CASSGGWGNSGNTIYF,0.025909201014085715,TCRBV06-01,TCRBJ01-03
b7a952c9f810f667ddf0d16f1bc3d2d6,CAWSHYMAEAFF,0.02582619124875948,TCRBV30-01,TCRBJ01-01
b7a952c9f810f667ddf0d16f1bc3d2d6,CASSWGGYGYTF,0.02574563505158332,TCRBV06-02/06-03,TCRBJ01-02
b7a952c9f810f667ddf0d16f1bc3d2d6,CASSYYSPESYGYTF,0.02562283650104649,TCRBV06-06,TCRBJ01-02
b7a952c9f810f667ddf0d16f1bc3d2d6,CAWAPGGYGYTF,0.02560701077054581,TCRBV30-01,TCRBJ01-02
b7a952c9f810f667ddf0d16f1bc3d2d6,CASSTWGGSNYGYTF,0.025597831807693604,TCRBV11-02,TCRBJ01-02
b7a952c9f810f667ddf0d16f1bc3d2d6,CANTVGFNYGYTF,0.025594588041990475,TCRBV10-03,TCRBJ01-02
b7a952c9f810f667ddf0d16f1bc3d2d6,CASSSFTGGYNYGYTF,0.02557913139431434,TCRBV03-01/03-02,TCRBJ01-02
b7a952c9f810f667ddf0d16f1bc3d2d6,CAWGLYYGYTF,0.025546484044636258,TCRBV30-01,TCRBJ01-02
b7a952c9f810f667ddf0d16f1bc3d2d6,CASSYYYPSTGDYGYTF,0.025545194663027074,TCRBV06-02/06-03,TCRBJ01-02
b7a952c9f810f667ddf0d16f1bc3d2d6,CSAEKIMDSGVEKLFF,0.025522198235594252,TCRBV20-X,TCRBJ01-04
b7a952c9f810f667ddf0d16f1bc3d2d6,CASGLVGGITEAFF,0.025466589625220463,TCRBV12-05,TCRBJ01-01
b7a952c9f810f667ddf0d16f1bc3d2d6,CASRKPGPYPFPYF,0.025381451538190398,TCRBV06-X,TCRBJ02-07
b7a952c9f810f667ddf0d16f1bc3d2d6,CASSYPAGWGGYTF,0.02536546893643194,TCRBV06-06,TCRBJ01-02
b7a952c9f810f667ddf0d16f1bc3d2d6,CASSWGQGAYYGYTF,0.025365246431374888,TCRBV06-02/06-03,TCRBJ01-02
b7a952c9f810f667ddf0d16f1bc3d2d6,RASSWRQSR,0.025322982879640674,TCRBV07-03,TCRBJ01-04
b7a952c9f810f667ddf0d16f1bc3d2d6,CASSPWGGFGYTF,0.025320493820249496,TCRBV12-03/12-04,TCRBJ01-02
b7a952c9f810f667ddf0d16f1bc3d2d6,CASSGPYYGYTF,0.025317581393768725,TCRBV12-03/12-04,TCRBJ01-02
b7a952c9f810f667ddf0d16f1bc3d2d6,CATSTGGWGYGYTF,0.025290878780425206,TCRBV15-01,TCRBJ01-02
b7a952c9f810f667ddf0d16f1bc3d2d6,CASSYTYNYGYTF,0.0252742292765607,TCRBV06-05,TCRBJ01-02
b7a952c9f810f667ddf0d16f1bc3d2d6,CASSLPLVGYTF,0.02525660287758977,TCRBV07-09,TCRBJ01-02
b7a952c9f810f667ddf0d16f1bc3d2d6,CAWGAPVGYGYTF,0.025254671865208154,TCRBV30-01,TCRBJ01-02
b7a952c9f810f667ddf0d16f1bc3d2d6,CATWGGYGYTF,0.025188981470286514,TCRBV06-05,TCRBJ01-02
b7a952c9f810f667ddf0d16f1bc3d2d6,CAWVKAEAFF,0.025166790225659694,TCRBV30-01,TCRBJ01-01
b7a952c9f810f667ddf0d16f1bc3d2d6,CAWSVGGVWDYGYTF,0.025055258877556802,TCRBV30-01,TCRBJ01-02
b7a952c9f810f667ddf0d16f1bc3d2d6,CAWSWGTGGTEAFF,0.025054693958851893,TCRBV30-01,TCRBJ01-01
b7a952c9f810f667ddf0d16f1bc3d2d6,CASSSGGGTYNYGYTF,0.025035361711960146,TCRBV10-02,TCRBJ01-02
b7a952c9f810f667ddf0d16f1bc3d2d6,LDTQYF,0.025024999340345275,TCRBV10-03,TCRBJ02-03
b7a952c9f810f667ddf0d16f1bc3d2d6,CAWGIGVYGYTF,0.025015058360834314,TCRBV30-01,TCRBJ01-02
b7a952c9f810f667ddf0d16f1bc3d2d6,CASSYDSYYGYTF,0.025012049345321103,TCRBV06-02/06-03,TCRBJ01-02
b7a952c9f810f667ddf0d16f1bc3d2d6,CAWGPNGAFF,0.024998845827726487,TCRBV30-01,TCRBJ01-01
b7a952c9f810f667ddf0d16f1bc3d2d6,CASIHLRGYPNYGYTF,0.024989196706447035,TCRBV11-02,TCRBJ01-02
b7a952c9f810f667ddf0d16f1bc3d2d6,CASGFTGGPANYGYTF,0.024962428264385078,TCRBV12-05,TCRBJ01-02
b7a952c9f810f667ddf0d16f1bc3d2d6,PF,0.024901662398664082,TCRBV30-01,TCRBJ02-06
b7a952c9f810f667ddf0d16f1bc3d2d6,CASSHQHQPQHF,0.02488780831229298,TCRBV12-03/12-04,TCRBJ01-05
b7a952c9f810f667ddf0d16f1bc3d2d6,CASSYRGYGYTF,0.024885473752379907,TCRBV12-03/12-04,TCRBJ01-02
b7a952c9f810f667ddf0d16f1bc3d2d6,CSAGPYNYGYTF,0.024879632502000534,TCRBV20-X,TCRBJ01-02
b7a952c9f810f667ddf0d16f1bc3d2d6,CAWAILWGYTF,0.024871491111872167,TCRBV30-01,TCRBJ01-02
b7a952c9f810f667ddf0d16f1bc3d2d6,CAWEGPPAFF,0.024864316234186383,TCRBV30-01,TCRBJ01-01
b7a952c9f810f667ddf0d16f1bc3d2d6,CASSGGTHHHGYTF,0.024850996605899844,TCRBV06-X,TCRBJ01-02
b7a952c9f810f667ddf0d16f1bc3d2d6,CASWYSNYGYTF,0.024847450789891975,TCRBV27-01,TCRBJ01-02
b7a952c9f810f667ddf0d16f1bc3d2d6,CASSYPGYGYTF,0.02483334751358227,TCRBV06-05,TCRBJ01-02
b7a952c9f810f667ddf0d16f1bc3d2d6,CSACGGAGVGAGANVLTF,0.02481853794835863,TCRBV20-X,TCRBJ02-06
b7a952c9f810f667ddf0d16f1bc3d2d6,CASSDWGGGNPNYGYTF,0.024816170774638647,TCRBV06-01,TCRBJ01-02
b7a952c9f810f667ddf0d16f1bc3d2d6,CASSWTGGYYGYTF,0.024755236735731965,TCRBV27-01,TCRBJ01-02
b7a952c9f810f667ddf0d16f1bc3d2d6,CATSASTGGYNYGYTF,0.024751035203066245,TCRBV15-01,TCRBJ01-02
b7a952c9f810f667ddf0d16f1bc3d2d6,CASKKGAPGANVLTF,0.024746289170644142,TCRBV03-01/03-02,TCRBJ02-06
b7a952c9f810f667ddf0d16f1bc3d2d6,CAWEGYYGYTF,0.024723750799842428,TCRBV30-01,TCRBJ01-02
b7a952c9f810f667ddf0d16f1bc3d2d6,CAWIKDRYGYTF,0.024720959879488563,TCRBV30-01,TCRBJ01-02
b7a952c9f810f667ddf0d16f1bc3d2d6,CASHRGHNYGYTF,0.024715223792297212,TCRBV06-05,TCRBJ01-02
b7a952c9f810f667ddf0d16f1bc3d2d6,CATTWTHAAFF,0.02470706015248718,TCRBV06-X,TCRBJ01-01
b7a952c9f810f667ddf0d16f1bc3d2d6,CASSPSHGPHYGYTF,0.02470473637324743,TCRBV07-09,TCRBJ01-02
b7a952c9f810f667ddf0d16f1bc3d2d6,CASSHHPPGARYGYTF,0.02469971756476848,TCRBV23-01,TCRBJ01-02
b81a97bc95fb1ec9a43573f6a695ae26,CAKHF,0.0379584285392838,TCRBV03-01/03-02,TCRBJ01-05
b81a97bc95fb1ec9a43573f6a695ae26,CAWSVPGGPNYGYTF,0.031833721890099365,TCRBV30-01,TCRBJ01-02
b81a97bc95fb1ec9a43573f6a695ae26,WETQYF,0.031505436949992326,TCRBV20-01,TCRBJ02-05
b81a97bc95fb1ec9a43573f6a695ae26,CASTNPWGGAAGNTIYF,0.030943682372405502,TCRBV07-08,TCRBJ01-03
b81a97bc95fb1ec9a43573f6a695ae26,CASSYWGYGYTF,0.030494760737097927,TCRBV06-05,TCRBJ01-02
b81a97bc95fb1ec9a43573f6a695ae26,CASSPRLKDRPFYGYTF,0.030064797445975296,TCRBV19-01,TCRBJ01-02
b81a97bc95fb1ec9a43573f6a695ae26,CAWSVPGGANYGYTF,0.029643197032221562,TCRBV30-01,TCRBJ01-02
b81a97bc95fb1ec9a43573f6a695ae26,CASSYYGSNYGYTF,0.029003081554896875,TCRBV06-06,TCRBJ01-02
b81a97bc95fb1ec9a43573f6a695ae26,CASSYSWSSSYGYTF,0.028986550433421073,TCRBV06-05,TCRBJ01-02
b81a97bc95fb1ec9a43573f6a695ae26,SPLHF,0.028702754903381318,TCRBV20-01,TCRBJ01-06
b81a97bc95fb1ec9a43573f6a695ae26,CSAYRPYGYTF,0.028662580407138268,TCRBV20-01,TCRBJ01-02
b81a97bc95fb1ec9a43573f6a695ae26,CASSIGYYYGYTF,0.02847690602864498,TCRBV19-01,TCRBJ01-02
b81a97bc95fb1ec9a43573f6a695ae26,CASSHPYGNFNYGYTF,0.02825950411476368,TCRBV02-01,TCRBJ01-02
b81a97bc95fb1ec9a43573f6a695ae26,CAHWDWPYGYTF,0.02824254528846535,TCRBV06-06,TCRBJ01-02
b81a97bc95fb1ec9a43573f6a695ae26,CASSYYGYGYTF,0.02805400156014541,TCRBV28-01,TCRBJ01-02
b81a97bc95fb1ec9a43573f6a695ae26,CASSWTPGGYYGYTF,0.027801976689994498,TCRBV07-02,TCRBJ01-02
b81a97bc95fb1ec9a43573f6a695ae26,CAWIWAGYGYTF,0.027633808130674887,TCRBV30-01,TCRBJ01-02
b81a97bc95fb1ec9a43573f6a695ae26,CASHPGYGYTF,0.02756645636420182,TCRBV28-01,TCRBJ01-02
b81a97bc95fb1ec9a43573f6a695ae26,CASSYGWNYGYTF,0.027397886964576845,TCRBV06-02/06-03,TCRBJ01-02
b81a97bc95fb1ec9a43573f6a695ae26,CAWSGGGRWYYGYTF,0.027363437167820075,TCRBV30-01,TCRBJ01-02
b81a97bc95fb1ec9a43573f6a695ae26,CAWGYGYTF,0.02727964690931285,TCRBV30-01,TCRBJ01-02
b81a97bc95fb1ec9a43573f6a695ae26,CASSYWGDYGYTF,0.027113026152349153,TCRBV12-03/12-04,TCRBJ01-02
b81a97bc95fb1ec9a43573f6a695ae26,CAWNYGVGYGYTF,0.027003428553455572,TCRBV30-01,TCRBJ01-02
b81a97bc95fb1ec9a43573f6a695ae26,GRGHYGYTF,0.026794985104948356,TCRBV21-01,TCRBJ01-02
b81a97bc95fb1ec9a43573f6a695ae26,CSVWWGNYGYTF,0.026561744924221774,TCRBV29-01,TCRBJ01-02
b81a97bc95fb1ec9a43573f6a695ae26,CASSYFGWNKPYGYTF,0.026494265934028424,TCRBV06-09,TCRBJ01-02
b81a97bc95fb1ec9a43573f6a695ae26,CAWNINKGRGKNTEAFF,0.02647540006014949,TCRBV30-01,TCRBJ01-01
b81a97bc95fb1ec9a43573f6a695ae26,CASSGGWGYGYTF,0.026305762209187716,TCRBV09-01,TCRBJ01-02
b81a97bc95fb1ec9a43573f6a695ae26,CASWHHTGYTF,0.026077020645384228,TCRBV06-05,TCRBJ01-02
b81a97bc95fb1ec9a43573f6a695ae26,CASSYTYYGYTF,0.02607103431534652,TCRBV06-02/06-03,TCRBJ01-02
b81a97bc95fb1ec9a43573f6a695ae26,CAWSWEGGYTF,0.026068709770015897,TCRBV30-01,TCRBJ01-02
b81a97bc95fb1ec9a43573f6a695ae26,CAWSLPGGMNTEAFF,0.026010895706600028,TCRBV30-01,TCRBJ01-01
b81a97bc95fb1ec9a43573f6a695ae26,CAWSPWGDYGYTF,0.025985457545128474,TCRBV30-01,TCRBJ01-02
b81a97bc95fb1ec9a43573f6a695ae26,CAWSVPGGSNYGYTF,0.025953479173266833,TCRBV30-01,TCRBJ01-02
b81a97bc95fb1ec9a43573f6a695ae26,CAWSGGGVWEAFF,0.02588379203622566,TCRBV30-01,TCRBJ01-01
b81a97bc95fb1ec9a43573f6a695ae26,CSAIHPAGTHGYTF,0.025764786113670696,TCRBV20-X,TCRBJ01-02
b81a97bc95fb1ec9a43573f6a695ae26,CAWTLDRVKKAFF,0.025760161967764154,TCRBV30-01,TCRBJ01-01
b81a97bc95fb1ec9a43573f6a695ae26,CASSHWEKIF,0.025750177407277447,TCRBV06-05,TCRBJ01-01
b81a97bc95fb1ec9a43573f6a695ae26,CASTPPYWYGYTF,0.025600335519252334,TCRBV06-04,TCRBJ01-02
b81a97bc95fb1ec9a43573f6a695ae26,CASSLHGAPYYGYTF,0.025509126586200175,TCRBV19-01,TCRBJ01-02
b81a97bc95fb1ec9a43573f6a695ae26,CATCYGTGVYNEQFF,0.025496005180947523,TCRBV06-05,TCRBJ02-01
b81a97bc95fb1ec9a43573f6a695ae26,CASSAGGPYYGYTF,0.025421888815751015,TCRBV02-01,TCRBJ01-02
b81a97bc95fb1ec9a43573f6a695ae26,CASSPWGAFNYGYTF,0.025321981048712094,TCRBV19-01,TCRBJ01-02
b81a97bc95fb1ec9a43573f6a695ae26,CAWSVGDWYYGYTF,0.025293081398036495,TCRBV30-01,TCRBJ01-02
b81a97bc95fb1ec9a43573f6a695ae26,CATPIWPGANVLTF,0.025195657638530242,TCRBV28-01,TCRBJ02-06
b81a97bc95fb1ec9a43573f6a695ae26,CSGWGANYGYTF,0.02519382192300203,TCRBV20-X,TCRBJ01-02
b81a97bc95fb1ec9a43573f6a695ae26,CAWNAPTMNTEAFF,0.025073839677273713,TCRBV30-01,TCRBJ01-01
b81a97bc95fb1ec9a43573f6a695ae26,CASSFGGYNYGYTF,0.024967406221992325,TCRBV28-01,TCRBJ01-02
b81a97bc95fb1ec9a43573f6a695ae26,CASSYRWYGYTF,0.02494635335587807,TCRBV12-03/12-04,TCRBJ01-02
b81a97bc95fb1ec9a43573f6a695ae26,CASSFGGHTNYGYTF,0.024894793015942905,TCRBV11-02,TCRBJ01-02
b81a97bc95fb1ec9a43573f6a695ae26,CASSYHRAYTF,0.02488943424092418,TCRBV05-04,TCRBJ01-02
b81a97bc95fb1ec9a43573f6a695ae26,CASSFYIYGYTF,0.024887342540423983,TCRBV05-06,TCRBJ01-02
b81a97bc95fb1ec9a43573f6a695ae26,CASKAPGHGYGYTF,0.02488555185688181,TCRBV12-X,TCRBJ01-02
b81a97bc95fb1ec9a43573f6a695ae26,CASSYRGYGYTF,0.024885473752379907,TCRBV06-05,TCRBJ01-02
b81a97bc95fb1ec9a43573f6a695ae26,CASNNNGPNQPQHF,0.02486299537467436,TCRBV02-01,TCRBJ01-05
b81a97bc95fb1ec9a43573f6a695ae26,CSAWGGNYGYTF,0.02484606292857451,TCRBV29-01,TCRBJ01-02
b81a97bc95fb1ec9a43573f6a695ae26,CASSWGEGKGITYGYTF,0.02481953768012872,TCRBV05-01,TCRBJ01-02
b81a97bc95fb1ec9a43573f6a695ae26,CASSFWGAGYGYTF,0.0247982920919651,TCRBV07-02,TCRBJ01-02
b81a97bc95fb1ec9a43573f6a695ae26,CAWKWGTGGYTF,0.024775462735301648,TCRBV30-01,TCRBJ01-02
b81a97bc95fb1ec9a43573f6a695ae26,CASSSHNRGYYGYTF,0.024737508688523785,TCRBV12-X,TCRBJ01-02
b81a97bc95fb1ec9a43573f6a695ae26,CAWNPDSFNTEAFF,0.024701169255272142,TCRBV30-01,TCRBJ01-01
b81a97bc95fb1ec9a43573f6a695ae26,CAWSWGWITEAFF,0.024681422770036113,TCRBV30-01,TCRBJ01-01
b81a97bc95fb1ec9a43573f6a695ae26,CACHPGPNYGYTF,0.024631895441094866,TCRBV30-01,TCRBJ01-02
b81a97bc95fb1ec9a43573f6a695ae26,QPQHF,0.024621353740319585,TCRBV20-01,TCRBJ01-05
b81a97bc95fb1ec9a43573f6a695ae26,CAWSFMGPAHWGGYTF,0.024619737725555476,TCRBV30-01,TCRBJ01-02
b81a97bc95fb1ec9a43573f6a695ae26,CASSYPNNAGYNQPQHF,0.024556735193852944,TCRBV06-02/06-03,TCRBJ01-05
b81a97bc95fb1ec9a43573f6a695ae26,CAWSVPGGMNTEAFF,0.024506941653958093,TCRBV30-01,TCRBJ01-01
b81a97bc95fb1ec9a43573f6a695ae26,CASSYYAGVRNYGYTF,0.02447322764927605,TCRBV06-05,TCRBJ01-02
b81a97bc95fb1ec9a43573f6a695ae26,CATYWGLNYGYTF,0.024468697167237773,TCRBV10-03,TCRBJ01-02
b81a97bc95fb1ec9a43573f6a695ae26,CASWGGAEAFF,0.024449050830868006,TCRBV02-01,TCRBJ01-01
b81a97bc95fb1ec9a43573f6a695ae26,CAWGFGGGYIQYF,0.024445289432506935,TCRBV30-01,TCRBJ02-04
b81a97bc95fb1ec9a43573f6a695ae26,CASNAGGGWANVLTF,0.02443898900412608,TCRBV06-05,TCRBJ02-06
b81a97bc95fb1ec9a43573f6a695ae26,CASSFPGHGYGYTF,0.024425350371446164,TCRBV28-01,TCRBJ01-02
b81a97bc95fb1ec9a43573f6a695ae26,CAWTGWTGYTF,0.024406670395033296,TCRBV30-01,TCRBJ01-02
b81a97bc95fb1ec9a43573f6a695ae26,CASSPDWKGYTF,0.02439460971637506,TCRBV05-05,TCRBJ01-02
b81a97bc95fb1ec9a43573f6a695ae26,CASSGGYYGYTF,0.024391721691848403,TCRBV06-X,TCRBJ01-02
b81a97bc95fb1ec9a43573f6a695ae26,CATGCPYGYTF,0.02435893565463955,TCRBV06-05,TCRBJ01-02
b81a97bc95fb1ec9a43573f6a695ae26,CAWSWGEEAFF,0.024325207988429322,TCRBV30-01,TCRBJ01-01
b81a97bc95fb1ec9a43573f6a695ae26,CAWKRAKNIQYF,0.024306339767677827,TCRBV30-01,TCRBJ02-04
b81a97bc95fb1ec9a43573f6a695ae26,CSAPGGGYNYGYTF,0.02429231981845841,TCRBV20-X,TCRBJ01-02
b81a97bc95fb1ec9a43573f6a695ae26,CAWTSPGGANFGYTF,0.02428461439695947,TCRBV30-01,TCRBJ01-02
b81a97bc95fb1ec9a43573f6a695ae26,CASHPGPHNSPLHF,0.024255495181380135,TCRBV19-01,TCRBJ01-06
b81a97bc95fb1ec9a43573f6a695ae26,CRGGPYGYTF,0.024227337169886374,TCRBV20-01,TCRBJ01-02
b81a97bc95fb1ec9a43573f6a695ae26,CASSYTGGAAYGYTF,0.024197064720729886,TCRBV11-02,TCRBJ01-02
b81a97bc95fb1ec9a43573f6a695ae26,CAWSWDTEAFF,0.024151603686911223,TCRBV30-01,TCRBJ01-01
b81a97bc95fb1ec9a43573f6a695ae26,CASTPWAIPQHYGYTF,0.02413415403669396,TCRBV06-X,TCRBJ01-02
b81a97bc95fb1ec9a43573f6a695ae26,CASKLDPVAFF,0.024131510138512214,TCRBV02-01,TCRBJ01-01
b81a97bc95fb1ec9a43573f6a695ae26,CASHGGATYSNYGYTF,0.02410922405311983,TCRBV07-02,TCRBJ01-02
b81a97bc95fb1ec9a43573f6a695ae26,CATSDPHYGYTF,0.02409967851904383,TCRBV24-01,TCRBJ01-02
b81a97bc95fb1ec9a43573f6a695ae26,CAWSVWGGDVFGYTF,0.024082224134228745,TCRBV30-01,TCRBJ01-02
b81a97bc95fb1ec9a43573f6a695ae26,CASMTGPYYGYTF,0.02408209875896507,TCRBV02-01,TCRBJ01-02
b81a97bc95fb1ec9a43573f6a695ae26,CASSLVGTIKGAFF,0.023968448547928907,TCRBV11-02,TCRBJ01-01
b81a97bc95fb1ec9a43573f6a695ae26,CAWSNGGWGYTF,0.023956882724138664,TCRBV30-01,TCRBJ01-02
b81a97bc95fb1ec9a43573f6a695ae26,CASTPDWAPYGYTF,0.023947343781543597,TCRBV07-02,TCRBJ01-02
b81a97bc95fb1ec9a43573f6a695ae26,CAWGDWTEAFF,0.02392958841173382,TCRBV30-01,TCRBJ01-01
b81a97bc95fb1ec9a43573f6a695ae26,CASSYAGAYGYTF,0.02392884151665925,TCRBV06-05,TCRBJ01-02
b81a97bc95fb1ec9a43573f6a695ae26,CASRVFGYSYGYTF,0.023927998589701766,TCRBV19-01,TCRBJ01-02
b81a97bc95fb1ec9a43573f6a695ae26,CATWGGHPQPQHF,0.023911987088672808,TCRBV06-05,TCRBJ01-05
b81a97bc95fb1ec9a43573f6a695ae26,CSAIWDRAWFTEAFF,0.023903907724907494,TCRBV20-X,TCRBJ01-01
b81a97bc95fb1ec9a43573f6a695ae26,CASSAPGGYYGYTF,0.0238967249825578,TCRBV03-01/03-02,TCRBJ01-02
b81fca21b7a4a673e6fe8f22a4702efb,CAAYYPPGYTF,0.03486416927759785,TCRBV06-05,TCRBJ01-02
b81fca21b7a4a673e6fe8f22a4702efb,CASSRPGIGTKFPYGYTF,0.03209286934943663,TCRBV23-01,TCRBJ01-02
b81fca21b7a4a673e6fe8f22a4702efb,CASTDYWGDFWGNYGYTF,0.031472058965300496,TCRBV12-X,TCRBJ01-02
b81fca21b7a4a673e6fe8f22a4702efb,CASSYSWGGGYTF,0.02950326897260344,TCRBV06-05,TCRBJ01-02
b81fca21b7a4a673e6fe8f22a4702efb,CASSATPGHHHGYTF,0.028438975068716732,TCRBV07-09,TCRBJ01-02
b81fca21b7a4a673e6fe8f22a4702efb,CASSWGTGWSYGYTF,0.028396828607142925,TCRBV05-01,TCRBJ01-02
b81fca21b7a4a673e6fe8f22a4702efb,CASSYKWGPIHNYGYTF,0.028393115519157987,TCRBV06-X,TCRBJ01-02
b81fca21b7a4a673e6fe8f22a4702efb,CASSYGYYGYTF,0.028340804233801975,TCRBV06-02/06-03,TCRBJ01-02
b81fca21b7a4a673e6fe8f22a4702efb,CALFWGMGYIRGYGYTF,0.028030864186727057,TCRBV30-01,TCRBJ01-02
b81fca21b7a4a673e6fe8f22a4702efb,CAWKWGAGGYTF,0.02776896266334658,TCRBV30-01,TCRBJ01-02
b81fca21b7a4a673e6fe8f22a4702efb,CASSAGFGAGGGYGYTF,0.02770150278165328,TCRBV02-01,TCRBJ01-02
b81fca21b7a4a673e6fe8f22a4702efb,CAWMWAGANVLTF,0.02757368570835549,TCRBV30-01,TCRBJ02-06
b81fca21b7a4a673e6fe8f22a4702efb,CSANHFGTGGGYGYTF,0.02701176597893107,TCRBV20-X,TCRBJ01-02
b81fca21b7a4a673e6fe8f22a4702efb,CASSLAGALLGNTIYF,0.026898313113601417,TCRBV07-02,TCRBJ01-03
b81fca21b7a4a673e6fe8f22a4702efb,CASSYGWRNYGYTF,0.02689170515293125,TCRBV05-04,TCRBJ01-02
b81fca21b7a4a673e6fe8f22a4702efb,CAWSGGGPGHHQPQHF,0.026856106135006937,TCRBV30-01,TCRBJ01-05
b81fca21b7a4a673e6fe8f22a4702efb,CASSPWGGYGYTF,0.026769062071468293,TCRBV27-01,TCRBJ01-02
b81fca21b7a4a673e6fe8f22a4702efb,CAPPQPQHF,0.026660951325884537,TCRBV04-01,TCRBJ01-05
b81fca21b7a4a673e6fe8f22a4702efb,CRAYKPNYGYTF,0.02665714658698776,TCRBV29-01,TCRBJ01-02
b81fca21b7a4a673e6fe8f22a4702efb,CAWAPGGFYGYTF,0.026487937432137326,TCRBV30-01,TCRBJ01-02
b81fca21b7a4a673e6fe8f22a4702efb,CAWSRFF,0.02618944050850792,TCRBV30-01,TCRBJ02-01
b81fca21b7a4a673e6fe8f22a4702efb,CASSHGHPGYGYTF,0.02610849394427346,TCRBV25-01,TCRBJ01-02
b81fca21b7a4a673e6fe8f22a4702efb,CASTYYGTPYGYTF,0.02607943674677123,TCRBV05-05,TCRBJ01-02
b81fca21b7a4a673e6fe8f22a4702efb,CASSYWGGYTF,0.026047131096727245,TCRBV06-05,TCRBJ01-02
b81fca21b7a4a673e6fe8f22a4702efb,CASNLFSGGANYGYTF,0.02601002593559356,TCRBV06-X,TCRBJ01-02
b81fca21b7a4a673e6fe8f22a4702efb,CASNPWGTGFNYGYTF,0.02596437857231877,TCRBV19-01,TCRBJ01-02
b81fca21b7a4a673e6fe8f22a4702efb,CASSGYNPGQYNYGYTF,0.025874847010404076,TCRBV09-01,TCRBJ01-02
b81fca21b7a4a673e6fe8f22a4702efb,CAWSWWGVPVTEAFF,0.025859395272038257,TCRBV30-01,TCRBJ01-01
b81fca21b7a4a673e6fe8f22a4702efb,CASSDIYPTGGVGAFF,0.025848898984490082,TCRBV10-02,TCRBJ01-01
b81fca21b7a4a673e6fe8f22a4702efb,CASSSPRHHYGYTF,0.025722179136445644,TCRBV28-01,TCRBJ01-02
b81fca21b7a4a673e6fe8f22a4702efb,CASSYYGTGHNYGYTF,0.025657499484644804,TCRBV06-05,TCRBJ01-02
b81fca21b7a4a673e6fe8f22a4702efb,CAPNESTAGGPFAFIGELFF,0.025635017994247687,TCRBV05-X,TCRBJ02-02
b81fca21b7a4a673e6fe8f22a4702efb,CASSHKGGYYGYTF,0.02552472884209487,TCRBV14-01,TCRBJ01-02
b81fca21b7a4a673e6fe8f22a4702efb,CASVKTGYGYGYTF,0.0255127673189825,TCRBV19-01,TCRBJ01-02
b81fca21b7a4a673e6fe8f22a4702efb,CADLVDRLKAFF,0.025507843485552,TCRBV24-01,TCRBJ01-01
b81fca21b7a4a673e6fe8f22a4702efb,CAWSGDNYYYGYTF,0.025493175267968654,TCRBV30-01,TCRBJ01-02
b81fca21b7a4a673e6fe8f22a4702efb,CAWSGGWSYGYTF,0.025488124833466817,TCRBV30-01,TCRBJ01-02
b81fca21b7a4a673e6fe8f22a4702efb,WVRGPLKNIQYF,0.025394930057783045,TCRBV06-06,TCRBJ02-04
b81fca21b7a4a673e6fe8f22a4702efb,CSARDMNYYYGYTF,0.025379248796994307,TCRBV20-X,TCRBJ01-02
b81fca21b7a4a673e6fe8f22a4702efb,CASSIGGAFTEAFF,0.025263488782277056,TCRBV19-01,TCRBJ01-01
b81fca21b7a4a673e6fe8f22a4702efb,CAWSAKGYGYGYTF,0.025253492198930493,TCRBV30-01,TCRBJ01-02
b81fca21b7a4a673e6fe8f22a4702efb,CASSYSWGGYAYGYTF,0.025177926622844248,TCRBV07-09,TCRBJ01-02
b81fca21b7a4a673e6fe8f22a4702efb,CASSPWGGSASNYGYTF,0.02512999266986271,TCRBV05-01,TCRBJ01-02
b81fca21b7a4a673e6fe8f22a4702efb,CASSGWGGYGYTF,0.025052364528281402,TCRBV06-X,TCRBJ01-02
b81fca21b7a4a673e6fe8f22a4702efb,CASNESTAGGPFAFIGELFF,0.024999031786526727,TCRBV05-X,TCRBJ02-02
b81fca21b7a4a673e6fe8f22a4702efb,CASSNYRGRNYGYTF,0.024895530948289606,TCRBV06-05,TCRBJ01-02
b81fca21b7a4a673e6fe8f22a4702efb,CASSYRGYGYTF,0.024885473752379907,TCRBV05-08,TCRBJ01-02
b81fca21b7a4a673e6fe8f22a4702efb,CASSPAWDSHPHSYTF,0.02487174842738681,TCRBV06-X,TCRBJ01-02
b81fca21b7a4a673e6fe8f22a4702efb,CASSHYRGPYGYTF,0.024796027691744143,TCRBV13-01,TCRBJ01-02
b81fca21b7a4a673e6fe8f22a4702efb,CASSYSYGYGYTF,0.024784407614787902,TCRBV06-05,TCRBJ01-02
b81fca21b7a4a673e6fe8f22a4702efb,CASSHPGAGPYGYTF,0.024762575256993567,TCRBV19-01,TCRBJ01-02
b81fca21b7a4a673e6fe8f22a4702efb,CAWGWSTEAFF,0.02471792212060784,TCRBV30-01,TCRBJ01-01
b81fca21b7a4a673e6fe8f22a4702efb,CASSYSWGGYTF,0.024707851549916195,TCRBV06-02/06-03,TCRBJ01-02
b81fca21b7a4a673e6fe8f22a4702efb,CAATPTGGYYGYTF,0.02464403895086299,TCRBV30-01,TCRBJ01-02
b81fca21b7a4a673e6fe8f22a4702efb,CASPGWAIYF,0.024632432451089058,TCRBV24-01,TCRBJ01-03
b81fca21b7a4a673e6fe8f22a4702efb,CASSGYAGGSNYGYTF,0.024594939363952188,TCRBV09-01,TCRBJ01-02
b81fca21b7a4a673e6fe8f22a4702efb,CASSHFWGTANYGYTF,0.024554176792380915,TCRBV04-01,TCRBJ01-02
b81fca21b7a4a673e6fe8f22a4702efb,CASSHPFPRHGYFF,0.024529237433967198,TCRBV07-02,TCRBJ01-01
b81fca21b7a4a673e6fe8f22a4702efb,CASSYGYGYTF,0.024498189835316132,TCRBV06-02/06-03,TCRBJ01-02
b81fca21b7a4a673e6fe8f22a4702efb,CAIKERNIGWGYGYTF,0.024458608969428253,TCRBV10-03,TCRBJ01-02
b81fca21b7a4a673e6fe8f22a4702efb,CATSGGPYNYGYTF,0.024448467961982055,TCRBV24-01,TCRBJ01-02
b81fca21b7a4a673e6fe8f22a4702efb,CAGYSFSYGYTF,0.024435990709849156,TCRBV30-01,TCRBJ01-02
b81fca21b7a4a673e6fe8f22a4702efb,CASHFTGGYGYTF,0.024383616861799896,TCRBV05-01,TCRBJ01-02
b81fca21b7a4a673e6fe8f22a4702efb,CASSYHPGGYTF,0.024366291406914226,TCRBV06-02/06-03,TCRBJ01-02
b81fca21b7a4a673e6fe8f22a4702efb,CASSYWGGSGGGYNEQFF,0.02429783019720851,TCRBV06-X,TCRBJ02-01
b81fca21b7a4a673e6fe8f22a4702efb,WAWRGGDYGYTF,0.02428756774242717,TCRBV30-01,TCRBJ01-02
b81fca21b7a4a673e6fe8f22a4702efb,CASSYYPGGYNQPQHF,0.024211690082548143,TCRBV06-06,TCRBJ01-05
b81fca21b7a4a673e6fe8f22a4702efb,CASSHAYRIGYGYTF,0.024202587108419344,TCRBV03-01/03-02,TCRBJ01-02
b81fca21b7a4a673e6fe8f22a4702efb,CASSYSTQGYYGYTF,0.02406763374841588,TCRBV06-05,TCRBJ01-02
b81fca21b7a4a673e6fe8f22a4702efb,CAWIWKGISYTF,0.024063729410721903,TCRBV30-01,TCRBJ01-02
b81fca21b7a4a673e6fe8f22a4702efb,WAWTTGGGETQYF,0.023997985496815838,TCRBV30-01,TCRBJ02-05
b81fca21b7a4a673e6fe8f22a4702efb,CASSAGYNTNYGYTF,0.023993563858657977,TCRBV25-01,TCRBJ01-02
b81fca21b7a4a673e6fe8f22a4702efb,CASSWYLGGPYGYTF,0.023985795984778617,TCRBV05-05,TCRBJ01-02
b81fca21b7a4a673e6fe8f22a4702efb,CAWSKGAVYTIYF,0.02398310375957831,TCRBV30-01,TCRBJ01-03
b81fca21b7a4a673e6fe8f22a4702efb,CASSYSGYGYTF,0.023964757180891666,TCRBV06-05,TCRBJ01-02
b81fca21b7a4a673e6fe8f22a4702efb,CASKPKGGFNYGYTF,0.023934808959171782,TCRBV12-X,TCRBJ01-02
b81fca21b7a4a673e6fe8f22a4702efb,CASSHAYRVGYGYTF,0.02393463072240858,TCRBV03-01/03-02,TCRBJ01-02
b81fca21b7a4a673e6fe8f22a4702efb,CASSSGWGGYGYTF,0.02392626479881189,TCRBV12-X,TCRBJ01-02
b81fca21b7a4a673e6fe8f22a4702efb,CASTFGHAYYGYTF,0.023906475835077025,TCRBV19-01,TCRBJ01-02
b81fca21b7a4a673e6fe8f22a4702efb,CASSSSGNNNQPQHF,0.023873908672961776,TCRBV07-08,TCRBJ01-05
b81fca21b7a4a673e6fe8f22a4702efb,CATLWTGVKHGYTF,0.023834203044018353,TCRBV06-05,TCRBJ01-02
b81fca21b7a4a673e6fe8f22a4702efb,CASSWDSYYGYTF,0.023832973010312633,TCRBV19-01,TCRBJ01-02
b81fca21b7a4a673e6fe8f22a4702efb,CAWSVWAEHGYTF,0.023829018462535507,TCRBV30-01,TCRBJ01-02
b81fca21b7a4a673e6fe8f22a4702efb,CASGGRYYGYTF,0.023758931673764645,TCRBV06-05,TCRBJ01-02
b81fca21b7a4a673e6fe8f22a4702efb,CASSHAGTMPHGYTF,0.023755606996309717,TCRBV18-01,TCRBJ01-02
b81fca21b7a4a673e6fe8f22a4702efb,CSAYKWTVEGGYTF,0.02374431961373199,TCRBV20-X,TCRBJ01-02
b81fca21b7a4a673e6fe8f22a4702efb,CSAYRNPNYGYTF,0.023725768826507607,TCRBV29-01,TCRBJ01-02
b81fca21b7a4a673e6fe8f22a4702efb,CASHGANYGYTF,0.023711531964019133,TCRBV19-01,TCRBJ01-02
b81fca21b7a4a673e6fe8f22a4702efb,CASSPRGRNNNYGYTF,0.023699926432265043,TCRBV19-01,TCRBJ01-02
b81fca21b7a4a673e6fe8f22a4702efb,CSARDMSYYYGYTF,0.023678660342745596,TCRBV20-X,TCRBJ01-02
b81fca21b7a4a673e6fe8f22a4702efb,CAWVGAHIGYTF,0.02365249086540658,TCRBV30-01,TCRBJ01-02
b81fca21b7a4a673e6fe8f22a4702efb,CASSIPGHPNYGYTF,0.023643723068971546,TCRBV28-01,TCRBJ01-02
b81fca21b7a4a673e6fe8f22a4702efb,CSAYGTGLYYGYTF,0.023636895853349164,TCRBV29-01,TCRBJ01-02
b81fca21b7a4a673e6fe8f22a4702efb,CASSPGHPFHGYTF,0.0236186723157573,TCRBV07-02,TCRBJ01-02
b81fca21b7a4a673e6fe8f22a4702efb,CASTWGGWNTEAFF,0.023547088262265876,TCRBV12-X,TCRBJ01-01
b81fca21b7a4a673e6fe8f22a4702efb,CASGPSGGPNYGYTF,0.023531317971150875,TCRBV19-01,TCRBJ01-02
b81fca21b7a4a673e6fe8f22a4702efb,CAWSVWKGNYGYTF,0.02352521935634139,TCRBV30-01,TCRBJ01-02
bd2f0e54b1942fd933747f3e4075c991,CASKF,0.037442078342051766,TCRBV10-01,TCRBJ01-02
bd2f0e54b1942fd933747f3e4075c991,HWGSRYYGYTF,0.03588697357612756,TCRBV21-01,TCRBJ01-02
bd2f0e54b1942fd933747f3e4075c991,HPAYF,0.034375111923895106,TCRBV06-06,TCRBJ02-07
bd2f0e54b1942fd933747f3e4075c991,CAWAYSYYGYTF,0.032409813510171595,TCRBV30-01,TCRBJ01-02
bd2f0e54b1942fd933747f3e4075c991,WGDKDRVIF,0.03214126747609107,TCRBV12-03/12-04,TCRBJ01-04
bd2f0e54b1942fd933747f3e4075c991,CASMAPVWGYYGYTF,0.03036976987498552,TCRBV06-05,TCRBJ01-02
bd2f0e54b1942fd933747f3e4075c991,CASSQGGWWGGYGYTF,0.030183417755043598,TCRBV03-01/03-02,TCRBJ01-02
bd2f0e54b1942fd933747f3e4075c991,CASSAWGGGSSYGYTF,0.02982921414799873,TCRBV09-01,TCRBJ01-02
bd2f0e54b1942fd933747f3e4075c991,GPHQPQHF,0.029597171758883583,TCRBV21-01,TCRBJ01-05
bd2f0e54b1942fd933747f3e4075c991,CSSYGPYYSGNTIYF,0.02926228531165255,TCRBV20-X,TCRBJ01-03
bd2f0e54b1942fd933747f3e4075c991,CASYYWGSRGYTF,0.029054989657659517,TCRBV12-03/12-04,TCRBJ01-02
bd2f0e54b1942fd933747f3e4075c991,CASSYYGANYGYTF,0.02871446564625694,TCRBV06-05,TCRBJ01-02
bd2f0e54b1942fd933747f3e4075c991,CASGGPWGYGYTF,0.028705722870514924,TCRBV12-03/12-04,TCRBJ01-02
bd2f0e54b1942fd933747f3e4075c991,CSAYVYGYTF,0.02861628805821399,TCRBV20-01,TCRBJ01-02
bd2f0e54b1942fd933747f3e4075c991,CASSYAGWYGYTF,0.02858990287448187,TCRBV06-02/06-03,TCRBJ01-02
bd2f0e54b1942fd933747f3e4075c991,CASSYHHYGYTF,0.0285190638144742,TCRBV12-03/12-04,TCRBJ01-02
bd2f0e54b1942fd933747f3e4075c991,CASAFWAGRVADTQYF,0.028483468214730693,TCRBV05-01,TCRBJ02-03
bd2f0e54b1942fd933747f3e4075c991,CAWSWGGAGYGYTF,0.028338974164679946,TCRBV30-01,TCRBJ01-02
bd2f0e54b1942fd933747f3e4075c991,CASSYSFPYYGYTF,0.02811688536312047,TCRBV06-05,TCRBJ01-02
bd2f0e54b1942fd933747f3e4075c991,CASSYASYYGYTF,0.027866281603800988,TCRBV06-05,TCRBJ01-02
bd2f0e54b1942fd933747f3e4075c991,CASSYYSAYGYTF,0.02782345044568023,TCRBV06-06,TCRBJ01-02
bd2f0e54b1942fd933747f3e4075c991,CASSWGGPNYGYTF,0.027680154151871812,TCRBV19-01,TCRBJ01-02
bd2f0e54b1942fd933747f3e4075c991,CAWMDWGMNTEAFF,0.027630742857234162,TCRBV30-01,TCRBJ01-01
bd2f0e54b1942fd933747f3e4075c991,CASSYSGFYYGYTF,0.027566285400683774,TCRBV06-05,TCRBJ01-02
bd2f0e54b1942fd933747f3e4075c991,CASSPGWGYYGYTF,0.027491307930811643,TCRBV06-04,TCRBJ01-02
bd2f0e54b1942fd933747f3e4075c991,CAAGYPYGYTF,0.027238197531483013,TCRBV27-01,TCRBJ01-02
bd2f0e54b1942fd933747f3e4075c991,CASSWGTGYYGYTF,0.026855582733013077,TCRBV12-X,TCRBJ01-02
bd2f0e54b1942fd933747f3e4075c991,CASSPWGGYGYTF,0.026769038778746455,TCRBV07-03,TCRBJ01-02
bd2f0e54b1942fd933747f3e4075c991,CACIYMNTEAFF,0.02655763806639563,TCRBV30-01,TCRBJ01-01
bd2f0e54b1942fd933747f3e4075c991,CASSSWWGAYGYTF,0.026516288033377296,TCRBV05-06,TCRBJ01-02
bd2f0e54b1942fd933747f3e4075c991,CASSYSNRPYYGYTF,0.026493042237239996,TCRBV06-05,TCRBJ01-02
bd2f0e54b1942fd933747f3e4075c991,CASSYGYNYGYTF,0.026419886540608437,TCRBV06-05,TCRBJ01-02
bd2f0e54b1942fd933747f3e4075c991,CASRSDWEAWWHF,0.02633693246872498,TCRBV02-01,TCRBJ01-05
bd2f0e54b1942fd933747f3e4075c991,CASSPNHGHGNNQPQHF,0.026089544043300886,TCRBV18-01,TCRBJ01-05
bd2f0e54b1942fd933747f3e4075c991,CSAGSGTSGGWGGFF,0.026080119531692928,TCRBV20-X,TCRBJ02-01
bd2f0e54b1942fd933747f3e4075c991,CASSYTYYGYTF,0.02607104036911333,TCRBV06-05,TCRBJ01-02
bd2f0e54b1942fd933747f3e4075c991,RGTGHHSPYGYTF,0.026055609221708076,TCRBV29-01,TCRBJ01-02
bd2f0e54b1942fd933747f3e4075c991,CASSTTFGTYYNYGYTF,0.02603986195036883,TCRBV06-X,TCRBJ01-02
bd2f0e54b1942fd933747f3e4075c991,CIAAGTQTFNPF,0.025960577142194834,TCRBV29-01,TCRBJ01-02
bd2f0e54b1942fd933747f3e4075c991,CASHPGGPYQPQHF,0.0258975001566779,TCRBV06-05,TCRBJ01-05
bd2f0e54b1942fd933747f3e4075c991,CASSGWDRGWYGYTF,0.025878386795155996,TCRBV06-X,TCRBJ01-02
bd2f0e54b1942fd933747f3e4075c991,CSAPWGGYGYTF,0.025860979382722818,TCRBV20-X,TCRBJ01-02
bd2f0e54b1942fd933747f3e4075c991,CASSLGRGIGELFF,0.025766062346674428,TCRBV05-06,TCRBJ02-02
bd2f0e54b1942fd933747f3e4075c991,CASSPWGQGFNYGYTF,0.02575515426057157,TCRBV19-01,TCRBJ01-02
bd2f0e54b1942fd933747f3e4075c991,CASSWGGYGYTF,0.025745645516943964,TCRBV11-02,TCRBJ01-02
bd2f0e54b1942fd933747f3e4075c991,CAWMPPGGVYYGYTF,0.025680751817519328,TCRBV30-01,TCRBJ01-02
bd2f0e54b1942fd933747f3e4075c991,CASSPWDFLTEAFF,0.025597034951900414,TCRBV19-01,TCRBJ01-01
bd2f0e54b1942fd933747f3e4075c991,CASSYFGAPYQPQHF,0.025490585521513145,TCRBV06-02/06-03,TCRBJ01-05
bd2f0e54b1942fd933747f3e4075c991,CASSPWAPPPSYEQYF,0.025487458621987535,TCRBV04-01,TCRBJ02-07
bd2f0e54b1942fd933747f3e4075c991,CAWSAHPYGYTF,0.025480803360120163,TCRBV30-01,TCRBJ01-02
bd2f0e54b1942fd933747f3e4075c991,CASSWKGGWEYF,0.02545305484458936,TCRBV05-05,TCRBJ02-07
bd2f0e54b1942fd933747f3e4075c991,CASSYSVFGSYYGYTF,0.025449404670797295,TCRBV06-05,TCRBJ01-02
bd2f0e54b1942fd933747f3e4075c991,CAWYKKGPRYGYTF,0.025436285109914768,TCRBV30-01,TCRBJ01-02
bd2f0e54b1942fd933747f3e4075c991,CASSYGGYYGYTF,0.025402721840629465,TCRBV06-05,TCRBJ01-02
bd2f0e54b1942fd933747f3e4075c991,WTSPAFF,0.025392912039567166,TCRBV20-01,TCRBJ01-01
bd2f0e54b1942fd933747f3e4075c991,CSASWP,0.025376732238263797,TCRBV20-01,TCRBJ02-X
bd2f0e54b1942fd933747f3e4075c991,CASSSYGPNYGYTF,0.025354958754100827,TCRBV09-01,TCRBJ01-02
bd2f0e54b1942fd933747f3e4075c991,CASSPWRGYNYGYTF,0.02534154506374517,TCRBV07-02,TCRBJ01-02
bd2f0e54b1942fd933747f3e4075c991,CASSYYGKNYGYTF,0.025339335391308795,TCRBV06-05,TCRBJ01-02
bd2f0e54b1942fd933747f3e4075c991,CASSAFHWGGYGYTF,0.02531975391533069,TCRBV09-01,TCRBJ01-02
bd2f0e54b1942fd933747f3e4075c991,CASTAPGPYYGYTF,0.02528754655606619,TCRBV19-01,TCRBJ01-02
bd2f0e54b1942fd933747f3e4075c991,CASLWGWGYTF,0.02523755142838059,TCRBV06-06,TCRBJ01-02
bd2f0e54b1942fd933747f3e4075c991,CATSAGYWYGYTF,0.025235579315062335,TCRBV24-01,TCRBJ01-02
bd2f0e54b1942fd933747f3e4075c991,CASSYWGRDYGYTF,0.025166322291991474,TCRBV06-02/06-03,TCRBJ01-02
bd2f0e54b1942fd933747f3e4075c991,RASSVPGHHSYQPQHF,0.025115563863087914,TCRBV07-03,TCRBJ01-05
bd2f0e54b1942fd933747f3e4075c991,CASSLYSGYYGYTF,0.025113059643760746,TCRBV12-X,TCRBJ01-02
bd2f0e54b1942fd933747f3e4075c991,CSAPDPWYGYTF,0.025008654087598156,TCRBV20-X,TCRBJ01-02
bd2f0e54b1942fd933747f3e4075c991,CASSWDRGWYGYTF,0.02500438303780907,TCRBV18-01,TCRBJ01-02
bd2f0e54b1942fd933747f3e4075c991,CASCSGGWGANSNQPQHF,0.02500332083535761,TCRBV12-X,TCRBJ01-05
bd2f0e54b1942fd933747f3e4075c991,CAWNPGANVLTF,0.02498321993589533,TCRBV30-01,TCRBJ02-06
bd2f0e54b1942fd933747f3e4075c991,CASTPYGGANYGYTF,0.024944664365078792,TCRBV27-01,TCRBJ01-02
bd2f0e54b1942fd933747f3e4075c991,CAWGAFYTF,0.024938206633979484,TCRBV30-01,TCRBJ01-02
bd2f0e54b1942fd933747f3e4075c991,CASWYQPQHF,0.024934480590461643,TCRBV06-04,TCRBJ01-05
bd2f0e54b1942fd933747f3e4075c991,CASAGGYYGYTF,0.024914946222871527,TCRBV19-01,TCRBJ01-02
bd2f0e54b1942fd933747f3e4075c991,CASSYGGANFPYGYTF,0.02490875078192462,TCRBV06-05,TCRBJ01-02
bd2f0e54b1942fd933747f3e4075c991,CASSMPLVGSGTEAFF,0.024891437862954897,TCRBV19-01,TCRBJ01-01
bd2f0e54b1942fd933747f3e4075c991,CASSLADLTGKTF,0.02488574567278879,TCRBV07-09,TCRBJ01-02
bd2f0e54b1942fd933747f3e4075c991,CASSYRGYGYTF,0.024885473752379907,TCRBV06-05,TCRBJ01-02
bd2f0e54b1942fd933747f3e4075c991,CAWRFWASMEAFF,0.02481821048342575,TCRBV30-01,TCRBJ01-01
bd2f0e54b1942fd933747f3e4075c991,CASHRNLGFGYGYTF,0.02478350434161603,TCRBV19-01,TCRBJ01-02
bd2f0e54b1942fd933747f3e4075c991,CACVGPEAFF,0.024777877974737236,TCRBV30-01,TCRBJ01-01
bd2f0e54b1942fd933747f3e4075c991,CATSDPWGGGYTF,0.024774062952006706,TCRBV24-01,TCRBJ01-02
bd2f0e54b1942fd933747f3e4075c991,CASSYTGPNYGYTF,0.024752430840589545,TCRBV07-09,TCRBJ01-02
bd2f0e54b1942fd933747f3e4075c991,CASSPYHPGYTF,0.024721436987262535,TCRBV12-03/12-04,TCRBJ01-02
bd2f0e54b1942fd933747f3e4075c991,CASSYWAPGANVLTF,0.024721310524086864,TCRBV06-06,TCRBJ02-06
bd2f0e54b1942fd933747f3e4075c991,CASSHPHGYTF,0.024708127323971995,TCRBV04-01,TCRBJ01-02
bd2f0e54b1942fd933747f3e4075c991,CASSPPGGWGNYGYTF,0.024705269186375885,TCRBV07-02,TCRBJ01-02
bd2f0e54b1942fd933747f3e4075c991,CSAFNPYGYTF,0.024674938223475103,TCRBV20-01,TCRBJ01-02
bd2f0e54b1942fd933747f3e4075c991,CATWTGYWPEAFF,0.02467365442284335,TCRBV06-05,TCRBJ01-01
bd2f0e54b1942fd933747f3e4075c991,CASNFGGTPNYGYTF,0.02465894915204507,TCRBV11-02,TCRBJ01-02
bd2f0e54b1942fd933747f3e4075c991,CASSARIGEAMKKLFF,0.02465405407129086,TCRBV12-X,TCRBJ01-04
bd2f0e54b1942fd933747f3e4075c991,CASRPGHYYGYTF,0.024593079110364208,TCRBV07-08,TCRBJ01-02
bd2f0e54b1942fd933747f3e4075c991,CASGAYYGYTF,0.024589577744521234,TCRBV12-05,TCRBJ01-02
bd2f0e54b1942fd933747f3e4075c991,CASNPFGNTEAFF,0.024582294916492973,TCRBV07-09,TCRBJ01-01
bd2f0e54b1942fd933747f3e4075c991,CAWAPGVIGANVLTF,0.024546174899455698,TCRBV30-01,TCRBJ02-06
bd2f0e54b1942fd933747f3e4075c991,CASSPHPFPLHF,0.024540894985669248,TCRBV27-01,TCRBJ01-06
bd2f0e54b1942fd933747f3e4075c991,CASSYGGHYGYTF,0.024520359520728563,TCRBV06-05,TCRBJ01-02
c6a6344a4771d389dccd14ea8f3576bc,CASSYWGSYGYTF,0.030815832955154908,TCRBV06-05,TCRBJ01-02
c6a6344a4771d389dccd14ea8f3576bc,CAWSPHRASPPPLHF,0.029087490389791512,TCRBV30-01,TCRBJ01-06
c6a6344a4771d389dccd14ea8f3576bc,CASSYYGYGYTF,0.02805400156014541,TCRBV06-05,TCRBJ01-02
c6a6344a4771d389dccd14ea8f3576bc,CAWSHVWADGYTF,0.027932566192583927,TCRBV30-01,TCRBJ01-02
c6a6344a4771d389dccd14ea8f3576bc,CASSYYSGGYTF,0.027682518836694977,TCRBV09-01,TCRBJ01-02
c6a6344a4771d389dccd14ea8f3576bc,CASSYSYNYGYTF,0.02754397791138111,TCRBV06-02/06-03,TCRBJ01-02
c6a6344a4771d389dccd14ea8f3576bc,CASSYGTYYGYTF,0.02744862313882822,TCRBV19-01,TCRBJ01-02
c6a6344a4771d389dccd14ea8f3576bc,CASSLNPWTVPWGPYGYTF,0.027173483119744518,TCRBV07-06,TCRBJ01-02
c6a6344a4771d389dccd14ea8f3576bc,CASSPYGGYYGYTF,0.027138708028727598,TCRBV07-03,TCRBJ01-02
c6a6344a4771d389dccd14ea8f3576bc,CASGYHYGYTF,0.027073749258638844,TCRBV06-07,TCRBJ01-02
c6a6344a4771d389dccd14ea8f3576bc,CASSNHYPGGRVETQYF,0.027031127287171757,TCRBV19-01,TCRBJ02-05
c6a6344a4771d389dccd14ea8f3576bc,CASSYGGFYGYTF,0.026884746349950795,TCRBV06-05,TCRBJ01-02
c6a6344a4771d389dccd14ea8f3576bc,CSAYDYYGYTF,0.026812747278091794,TCRBV20-01,TCRBJ01-02
c6a6344a4771d389dccd14ea8f3576bc,CAIWGSYYGYTF,0.026614688473477904,TCRBV10-03,TCRBJ01-02
c6a6344a4771d389dccd14ea8f3576bc,CASSPFGGANNYGYTF,0.02656399047315552,TCRBV18-01,TCRBJ01-02
c6a6344a4771d389dccd14ea8f3576bc,CASSWGAYYGYTF,0.026446696043384663,TCRBV07-09,TCRBJ01-02
c6a6344a4771d389dccd14ea8f3576bc,CASSYSSGPYYGYTF,0.02636591534144411,TCRBV06-05,TCRBJ01-02
c6a6344a4771d389dccd14ea8f3576bc,CASSYNTGFNYGYTF,0.026207887527746776,TCRBV05-01,TCRBJ01-02
c6a6344a4771d389dccd14ea8f3576bc,CASSQGWGWDRYYGYTF,0.02620075721661777,TCRBV04-01,TCRBJ01-02
c6a6344a4771d389dccd14ea8f3576bc,CASSYRPYGYTF,0.026047692088384148,TCRBV12-03/12-04,TCRBJ01-02
c6a6344a4771d389dccd14ea8f3576bc,CHVYGYTF,0.025969600769508234,TCRBV19-01,TCRBJ01-02
c6a6344a4771d389dccd14ea8f3576bc,CSAIWGGAHNYGYTF,0.025967125224122128,TCRBV20-X,TCRBJ01-02
c6a6344a4771d389dccd14ea8f3576bc,CASSLPRVGYGYTF,0.025875309739862747,TCRBV05-01,TCRBJ01-02
c6a6344a4771d389dccd14ea8f3576bc,CAIPQGGEGGQGASGYTF,0.025790021459101184,TCRBV10-03,TCRBJ01-02
c6a6344a4771d389dccd14ea8f3576bc,CAWRWGGVYGYTF,0.025784358290638347,TCRBV30-01,TCRBJ01-02
c6a6344a4771d389dccd14ea8f3576bc,CASSAEGMKKYGYTF,0.025769858493691025,TCRBV05-01,TCRBJ01-02
c6a6344a4771d389dccd14ea8f3576bc,CASSYSPGGTGYYGYTF,0.025588171560141704,TCRBV06-X,TCRBJ01-02
c6a6344a4771d389dccd14ea8f3576bc,CSAPYPGGWTF,0.025571231968988226,TCRBV20-01,TCRBJ02-04
c6a6344a4771d389dccd14ea8f3576bc,CASTPGEGWRIYGYTF,0.02551653601770855,TCRBV06-X,TCRBJ01-02
c6a6344a4771d389dccd14ea8f3576bc,CAHTYGGSNYGYTF,0.025512519845741634,TCRBV05-06,TCRBJ01-02
c6a6344a4771d389dccd14ea8f3576bc,CSAGGYYGYTF,0.025352284005174888,TCRBV29-01,TCRBJ01-02
c6a6344a4771d389dccd14ea8f3576bc,CASSYTYGGIYGYTF,0.025343070303559805,TCRBV05-01,TCRBJ01-02
c6a6344a4771d389dccd14ea8f3576bc,CASSYYGYTF,0.025281230020721406,TCRBV06-05,TCRBJ01-02
c6a6344a4771d389dccd14ea8f3576bc,CASSYGAGPYYTQYF,0.025267689905921795,TCRBV06-02/06-03,TCRBJ02-03
c6a6344a4771d389dccd14ea8f3576bc,CASSYFSGTGGYYGYTF,0.025232833269044776,TCRBV06-X,TCRBJ01-02
c6a6344a4771d389dccd14ea8f3576bc,CASSFWDRDYYGYTF,0.025218757208095268,TCRBV28-01,TCRBJ01-02
c6a6344a4771d389dccd14ea8f3576bc,CASAAGYYGYTF,0.025104789860040503,TCRBV19-01,TCRBJ01-02
c6a6344a4771d389dccd14ea8f3576bc,CASSYSYISSYGYTF,0.025005801313727663,TCRBV06-05,TCRBJ01-02
c6a6344a4771d389dccd14ea8f3576bc,WVLKGGYTF,0.02497678731626937,TCRBV07-09,TCRBJ01-02
c6a6344a4771d389dccd14ea8f3576bc,CASSFYAGPYGYTF,0.02496492220035968,TCRBV05-01,TCRBJ01-02
c6a6344a4771d389dccd14ea8f3576bc,CATHHEAGYGYTF,0.024898320814553062,TCRBV12-03/12-04,TCRBJ01-02
c6a6344a4771d389dccd14ea8f3576bc,CAWSVIAYYGYTF,0.02483478087488066,TCRBV30-01,TCRBJ01-02
c6a6344a4771d389dccd14ea8f3576bc,CASSYPGYGYTF,0.02483334751358227,TCRBV06-05,TCRBJ01-02
c6a6344a4771d389dccd14ea8f3576bc,CASKYVPGGYTF,0.024776578872891745,TCRBV02-01,TCRBJ01-02
c6a6344a4771d389dccd14ea8f3576bc,CSVEERGYIGYGYTF,0.024725754358371536,TCRBV29-01,TCRBJ01-02
c6a6344a4771d389dccd14ea8f3576bc,CAPYPPGANVLTF,0.02466368172497392,TCRBV07-09,TCRBJ02-06
c6a6344a4771d389dccd14ea8f3576bc,CASGYRGNYGYTF,0.024623304833018663,TCRBV19-01,TCRBJ01-02
c6a6344a4771d389dccd14ea8f3576bc,CASWRAWPLYVYTF,0.02457041534244572,TCRBV12-X,TCRBJ01-02
c6a6344a4771d389dccd14ea8f3576bc,CASYTHGPAGYTF,0.02453925986397382,TCRBV28-01,TCRBJ01-02
c6a6344a4771d389dccd14ea8f3576bc,CAPYYRGLGYTF,0.024534019914719467,TCRBV27-01,TCRBJ01-02
c6a6344a4771d389dccd14ea8f3576bc,CASSYSAGPYYGYTF,0.024505835932917035,TCRBV06-05,TCRBJ01-02
c6a6344a4771d389dccd14ea8f3576bc,CASSYGYGYTF,0.024498182713149633,TCRBV06-05,TCRBJ01-02
c6a6344a4771d389dccd14ea8f3576bc,CAWSVFGGNPWEQYF,0.0244466625760408,TCRBV30-01,TCRBJ02-07
c6a6344a4771d389dccd14ea8f3576bc,CAWSWGIYGYTF,0.024397774727253227,TCRBV30-01,TCRBJ01-02
c6a6344a4771d389dccd14ea8f3576bc,CSVYRGKGYGYTF,0.024390109025574917,TCRBV20-X,TCRBJ01-02
c6a6344a4771d389dccd14ea8f3576bc,CASSFGRAIGELFF,0.024359465445779018,TCRBV27-01,TCRBJ02-02
c6a6344a4771d389dccd14ea8f3576bc,CAWSPTGYYGYTF,0.024347959890457124,TCRBV30-01,TCRBJ01-02
c6a6344a4771d389dccd14ea8f3576bc,CAIAPEAFF,0.024296268799496396,TCRBV05-01,TCRBJ01-01
c6a6344a4771d389dccd14ea8f3576bc,YASARPGWNGYTF,0.024281386032594256,TCRBV06-05,TCRBJ01-02
c6a6344a4771d389dccd14ea8f3576bc,CAWGEGIAYGYTF,0.024263104104577243,TCRBV30-01,TCRBJ01-02
c6a6344a4771d389dccd14ea8f3576bc,CAWSVYLYGYTF,0.024260558602179925,TCRBV30-01,TCRBJ01-02
c6a6344a4771d389dccd14ea8f3576bc,CAIWIYRGANYGYTF,0.024256111653133558,TCRBV23-01,TCRBJ01-02
c6a6344a4771d389dccd14ea8f3576bc,CASKKWGGGYGYTF,0.024169820551695104,TCRBV02-01,TCRBJ01-02
c6a6344a4771d389dccd14ea8f3576bc,CASSPGHPGPHGYTF,0.02416600968373832,TCRBV12-X,TCRBJ01-02
c6a6344a4771d389dccd14ea8f3576bc,CASGAGTGAYFGANVLTF,0.02416210453870157,TCRBV06-X,TCRBJ02-06
c6a6344a4771d389dccd14ea8f3576bc,CAWGILYGYTF,0.024116374401205877,TCRBV30-01,TCRBJ01-02
c6a6344a4771d389dccd14ea8f3576bc,CASSWGHIGYTF,0.024100691365391686,TCRBV18-01,TCRBJ01-02
c6a6344a4771d389dccd14ea8f3576bc,CYRAFF,0.02408876904653386,TCRBV28-01,TCRBJ01-01
c6a6344a4771d389dccd14ea8f3576bc,CAWSHGVNYGYTF,0.02408771885761464,TCRBV30-01,TCRBJ01-02
c6a6344a4771d389dccd14ea8f3576bc,CSVYRGFNYGYTF,0.024074531194528744,TCRBV29-01,TCRBJ01-02
c6a6344a4771d389dccd14ea8f3576bc,CASSPYGNYGYTF,0.024056396973503293,TCRBV05-01,TCRBJ01-02
c6a6344a4771d389dccd14ea8f3576bc,CASSYGGTNYGYTF,0.02403680505429952,TCRBV06-06,TCRBJ01-02
c6a6344a4771d389dccd14ea8f3576bc,CAWYQGWPYEQYF,0.024031440485610612,TCRBV30-01,TCRBJ02-07
c6a6344a4771d389dccd14ea8f3576bc,CASSYGQYYGYTF,0.02402786894855744,TCRBV06-02/06-03,TCRBJ01-02
c6a6344a4771d389dccd14ea8f3576bc,CASSYYPGYSNQPQHF,0.024020364117876163,TCRBV06-06,TCRBJ01-05
c6a6344a4771d389dccd14ea8f3576bc,CASSYSYQGPAGYTF,0.024010556781611656,TCRBV06-06,TCRBJ01-02
c6a6344a4771d389dccd14ea8f3576bc,CASSYRPNYGYTF,0.023996009446326072,TCRBV27-01,TCRBJ01-02
c6a6344a4771d389dccd14ea8f3576bc,CAWSVYRAYGYTF,0.02399395817926977,TCRBV30-01,TCRBJ01-02
c6a6344a4771d389dccd14ea8f3576bc,CSVWGGNYGYTF,0.023971434812984166,TCRBV29-01,TCRBJ01-02
c6a6344a4771d389dccd14ea8f3576bc,CACDPNKRYTF,0.02390233973148376,TCRBV30-01,TCRBJ01-02
c6a6344a4771d389dccd14ea8f3576bc,CAWSAGGGIGYTF,0.023894318459684035,TCRBV30-01,TCRBJ01-02
c6a6344a4771d389dccd14ea8f3576bc,CASRYSYSNYGYTF,0.023862460937157187,TCRBV27-01,TCRBJ01-02
c6a6344a4771d389dccd14ea8f3576bc,CASSFRGYYGYTF,0.023856162697102133,TCRBV19-01,TCRBJ01-02
c6a6344a4771d389dccd14ea8f3576bc,CASSEWGGLYYGYTF,0.023833222617555414,TCRBV25-01,TCRBJ01-02
c6a6344a4771d389dccd14ea8f3576bc,CASTYGAYGYTF,0.023829754692039237,TCRBV12-03/12-04,TCRBJ01-02
c6a6344a4771d389dccd14ea8f3576bc,CASRPGYFGNYGYTF,0.023823452398325742,TCRBV06-06,TCRBJ01-02
c6a6344a4771d389dccd14ea8f3576bc,CASSFGDRVKAFF,0.02379251768413558,TCRBV12-03/12-04,TCRBJ01-01
c6a6344a4771d389dccd14ea8f3576bc,CASSPGPYYGYTF,0.023792117594853647,TCRBV05-08,TCRBJ01-02
c6a6344a4771d389dccd14ea8f3576bc,CASRLEGYYPYGYTF,0.023791703668560378,TCRBV06-05,TCRBJ01-02
c6a6344a4771d389dccd14ea8f3576bc,CAWTPAGGWAYGYTF,0.023774936564626294,TCRBV30-01,TCRBJ01-02
c6a6344a4771d389dccd14ea8f3576bc,CATSYGPNYGYTF,0.023772024670534384,TCRBV24-01,TCRBJ01-02
c6a6344a4771d389dccd14ea8f3576bc,CAWGEGYGYTF,0.023736212651139232,TCRBV30-01,TCRBJ01-02
c6a6344a4771d389dccd14ea8f3576bc,CASSYSFGYGYTF,0.023728773227823765,TCRBV06-05,TCRBJ01-02
c6a6344a4771d389dccd14ea8f3576bc,CASSYMSYGYTF,0.02372633350412725,TCRBV12-03/12-04,TCRBJ01-02
c6a6344a4771d389dccd14ea8f3576bc,CASSYGANYGYTF,0.023724950136278525,TCRBV06-05,TCRBJ01-02
c6a6344a4771d389dccd14ea8f3576bc,CASRVYYTF,0.023692955846748905,TCRBV28-01,TCRBJ01-02
c6a6344a4771d389dccd14ea8f3576bc,CASSYDWWEKLFF,0.02368814999716301,TCRBV06-02/06-03,TCRBJ01-04
c6a6344a4771d389dccd14ea8f3576bc,CASSWDYYGYTF,0.02365808197428615,TCRBV12-03/12-04,TCRBJ01-02
c6a6344a4771d389dccd14ea8f3576bc,CSARPNYNNYGYTF,0.0236566460451108,TCRBV20-X,TCRBJ01-02
ca03021a276c4af2fbde4a2fb56846f8,CASSFWGAITEAFF,0.035700983464898535,TCRBV05-01,TCRBJ01-01
ca03021a276c4af2fbde4a2fb56846f8,CASGYSWSGYYGYTF,0.034616306095295396,TCRBV06-05,TCRBJ01-02
ca03021a276c4af2fbde4a2fb56846f8,CASSYYYGYTF,0.03404898819011768,TCRBV19-01,TCRBJ01-02
ca03021a276c4af2fbde4a2fb56846f8,CASSYGWNNYGYTF,0.03326238656604871,TCRBV06-02/06-03,TCRBJ01-02
ca03021a276c4af2fbde4a2fb56846f8,CAWSYSYYGYTF,0.03231811816017719,TCRBV30-01,TCRBJ01-02
ca03021a276c4af2fbde4a2fb56846f8,CATHHHWDRGRDWNYGYTF,0.03225213428967955,TCRBV19-01,TCRBJ01-02
ca03021a276c4af2fbde4a2fb56846f8,CASSYSWGSSYGYTF,0.030494933433289947,TCRBV06-02/06-03,TCRBJ01-02
ca03021a276c4af2fbde4a2fb56846f8,CASSAAYHYFRYF,0.030037989759085858,TCRBV19-01,TCRBJ02-07
ca03021a276c4af2fbde4a2fb56846f8,WPGYTF,0.029738019956845045,TCRBV28-01,TCRBJ01-02
ca03021a276c4af2fbde4a2fb56846f8,CASSYRGYYGYTF,0.029339816654641023,TCRBV06-05,TCRBJ01-02
ca03021a276c4af2fbde4a2fb56846f8,LF,0.028849379366655246,TCRBV05-01,TCRBJ01-01
ca03021a276c4af2fbde4a2fb56846f8,CASSYYRGHYGYTF,0.028541673432717803,TCRBV06-02/06-03,TCRBJ01-02
ca03021a276c4af2fbde4a2fb56846f8,CAWSAGWGTGYGYTF,0.02841337385550312,TCRBV30-01,TCRBJ01-02
ca03021a276c4af2fbde4a2fb56846f8,CASSPEGPRSFPLYGYTF,0.028349176416256748,TCRBV03-01/03-02,TCRBJ01-02
ca03021a276c4af2fbde4a2fb56846f8,CASSYSWGANYGYTF,0.028187329147001745,TCRBV06-05,TCRBJ01-02
ca03021a276c4af2fbde4a2fb56846f8,CASSLWDRVTEAFF,0.028008759511056112,TCRBV05-01,TCRBJ01-01
ca03021a276c4af2fbde4a2fb56846f8,CASSWGYYGYTF,0.027818194946336236,TCRBV06-02/06-03,TCRBJ01-02
ca03021a276c4af2fbde4a2fb56846f8,CGGAGYFNYGYTF,0.027589699412694086,TCRBV06-X,TCRBJ01-02
ca03021a276c4af2fbde4a2fb56846f8,CASSYRGAYYGYTF,0.026985819017327016,TCRBV06-02/06-03,TCRBJ01-02
ca03021a276c4af2fbde4a2fb56846f8,CASSYSTGGWNYGYTF,0.0268010724597385,TCRBV06-05,TCRBJ01-02
ca03021a276c4af2fbde4a2fb56846f8,CSAWAQMFF,0.02664984637008447,TCRBV20-01,TCRBJ02-02
ca03021a276c4af2fbde4a2fb56846f8,CASSFTGTGYYYGYTF,0.026498912178000898,TCRBV27-01,TCRBJ01-02
ca03021a276c4af2fbde4a2fb56846f8,CASWHGPTHYGYTF,0.026333696912937615,TCRBV02-01,TCRBJ01-02
ca03021a276c4af2fbde4a2fb56846f8,CAWRGGGPYYGYTF,0.026290275225672788,TCRBV30-01,TCRBJ01-02
ca03021a276c4af2fbde4a2fb56846f8,CSWWGANYGYTF,0.02625777945047747,TCRBV20-X,TCRBJ01-02
ca03021a276c4af2fbde4a2fb56846f8,F,0.026169089102652747,TCRBV27-01,TCRBJ02-03
ca03021a276c4af2fbde4a2fb56846f8,CASSYWGGGYEQYF,0.026116805034757964,TCRBV06-05,TCRBJ02-07
ca03021a276c4af2fbde4a2fb56846f8,CASSYFFGYGYTF,0.026102796052135172,TCRBV06-05,TCRBJ01-02
ca03021a276c4af2fbde4a2fb56846f8,CASSPWGGNSGNTIYF,0.026096664593360647,TCRBV07-02,TCRBJ01-03
ca03021a276c4af2fbde4a2fb56846f8,CATHPKFGGAIYGYTF,0.02608809774699231,TCRBV06-X,TCRBJ01-02
ca03021a276c4af2fbde4a2fb56846f8,CASSIPRGHHYGYTF,0.02602965552030877,TCRBV28-01,TCRBJ01-02
ca03021a276c4af2fbde4a2fb56846f8,CSASWWQGYYGYTF,0.025996932961442516,TCRBV20-01,TCRBJ01-02
ca03021a276c4af2fbde4a2fb56846f8,CASSYHAGGYYGYTF,0.02588393180265341,TCRBV06-06,TCRBJ01-02
ca03021a276c4af2fbde4a2fb56846f8,CAWTGGVWGYTF,0.025712476186685967,TCRBV30-01,TCRBJ01-02
ca03021a276c4af2fbde4a2fb56846f8,CASSLFGNPGGTYYGYTF,0.025693467428244722,TCRBV27-01,TCRBJ01-02
ca03021a276c4af2fbde4a2fb56846f8,CASSSQGAPQYQPQHF,0.02568214182288234,TCRBV27-01,TCRBJ01-05
ca03021a276c4af2fbde4a2fb56846f8,CASSYSNGGWNNQPQHF,0.02566600765591883,TCRBV06-X,TCRBJ01-05
ca03021a276c4af2fbde4a2fb56846f8,CSVAGAYYYGYTF,0.02563509094538715,TCRBV29-01,TCRBJ01-02
ca03021a276c4af2fbde4a2fb56846f8,CASRWYYGYTF,0.02562949216087362,TCRBV02-01,TCRBJ01-02
ca03021a276c4af2fbde4a2fb56846f8,CASSYTTGGWAYGYTF,0.025554236507540407,TCRBV06-05,TCRBJ01-02
ca03021a276c4af2fbde4a2fb56846f8,NSPLHF,0.025506670081322635,TCRBV07-X,TCRBJ01-06
ca03021a276c4af2fbde4a2fb56846f8,CAGWDPFYGYTF,0.025422051257855974,TCRBV19-01,TCRBJ01-02
ca03021a276c4af2fbde4a2fb56846f8,CASSYSWSYGYTF,0.02532499254235521,TCRBV06-05,TCRBJ01-02
ca03021a276c4af2fbde4a2fb56846f8,CAWGYPTGGSGYTF,0.025289020145750407,TCRBV30-01,TCRBJ01-02
ca03021a276c4af2fbde4a2fb56846f8,CASSYYSANYGYTF,0.02527651712406201,TCRBV05-01,TCRBJ01-02
ca03021a276c4af2fbde4a2fb56846f8,CASPWWGFPGNTIYF,0.025219709636400134,TCRBV11-02,TCRBJ01-03
ca03021a276c4af2fbde4a2fb56846f8,CASSHYYGYTF,0.025195326790221365,TCRBV19-01,TCRBJ01-02
ca03021a276c4af2fbde4a2fb56846f8,CAWSPSSGGYYGYTF,0.025132787688039334,TCRBV30-01,TCRBJ01-02
ca03021a276c4af2fbde4a2fb56846f8,CASSYSSYGYSYNSPLHF,0.025132549647003555,TCRBV06-X,TCRBJ01-06
ca03021a276c4af2fbde4a2fb56846f8,CAGGDGFLGGEDLVGQPQHF,0.02507021335021938,TCRBV06-04,TCRBJ01-05
ca03021a276c4af2fbde4a2fb56846f8,CSAHYNYGYTF,0.025046914485305227,TCRBV20-01,TCRBJ01-02
ca03021a276c4af2fbde4a2fb56846f8,CASSYGGGWSGNTIYF,0.025029454182455474,TCRBV06-05,TCRBJ01-03
ca03021a276c4af2fbde4a2fb56846f8,CASSHWGQFYYGYTF,0.024992447051208233,TCRBV03-01/03-02,TCRBJ01-02
ca03021a276c4af2fbde4a2fb56846f8,CAWSVGGVGTF,0.024953590456835335,TCRBV30-01,TCRBJ01-02
ca03021a276c4af2fbde4a2fb56846f8,CASRRPYYQPQHF,0.024944228000162418,TCRBV03-01/03-02,TCRBJ01-05
ca03021a276c4af2fbde4a2fb56846f8,CAWKYRGGGYTF,0.024875634496178172,TCRBV30-01,TCRBJ01-02
ca03021a276c4af2fbde4a2fb56846f8,CSVGPYWGGYGYTF,0.024875343887978033,TCRBV29-01,TCRBJ01-02
ca03021a276c4af2fbde4a2fb56846f8,CSAPPHGYTF,0.024828792471567024,TCRBV20-01,TCRBJ01-02
ca03021a276c4af2fbde4a2fb56846f8,CASSPYGPNYGYTF,0.02482346197059202,TCRBV18-01,TCRBJ01-02
ca03021a276c4af2fbde4a2fb56846f8,WDRGTRGTIYF,0.02476977911481426,TCRBV20-01,TCRBJ01-03
ca03021a276c4af2fbde4a2fb56846f8,CASSSSTGGGNNYGYTF,0.024753794898587075,TCRBV27-01,TCRBJ01-02
ca03021a276c4af2fbde4a2fb56846f8,CAGGYRRYGYTF,0.024720189628046757,TCRBV30-01,TCRBJ01-02
ca03021a276c4af2fbde4a2fb56846f8,CASRYAYGYTF,0.024717068624698215,TCRBV06-X,TCRBJ01-02
ca03021a276c4af2fbde4a2fb56846f8,CASSYYQGTYGYTF,0.02468363248603912,TCRBV06-02/06-03,TCRBJ01-02
ca03021a276c4af2fbde4a2fb56846f8,CASSYDGYYGYTF,0.024682306633299032,TCRBV07-09,TCRBJ01-02
ca03021a276c4af2fbde4a2fb56846f8,CSAIPTGGWNYGYTF,0.024661148304854958,TCRBV20-X,TCRBJ01-02
ca03021a276c4af2fbde4a2fb56846f8,CASKPGPGQHWHGYTF,0.024636950947092957,TCRBV05-01,TCRBJ01-02
ca03021a276c4af2fbde4a2fb56846f8,CASSFGGPNYGYTF,0.02460044514547858,TCRBV12-X,TCRBJ01-02
ca03021a276c4af2fbde4a2fb56846f8,CASSFWGNYNSGNTIYF,0.024597002818723013,TCRBV12-X,TCRBJ01-03
ca03021a276c4af2fbde4a2fb56846f8,CASTHPGGGSYGYTF,0.02457740180871755,TCRBV06-05,TCRBJ01-02
ca03021a276c4af2fbde4a2fb56846f8,CASREREWWFF,0.0245594809103739,TCRBV06-06,TCRBJ02-01
ca03021a276c4af2fbde4a2fb56846f8,CASSGYSSNYGYTF,0.02454291406518756,TCRBV11-02,TCRBJ01-02
ca03021a276c4af2fbde4a2fb56846f8,CASSIPPGAPGANVLTF,0.02444167072087919,TCRBV12-X,TCRBJ02-06
ca03021a276c4af2fbde4a2fb56846f8,CASSYYAGPNGYTF,0.02443751254804707,TCRBV06-05,TCRBJ01-02
ca03021a276c4af2fbde4a2fb56846f8,CSATPGPGPVHGYTF,0.024421119642100482,TCRBV20-X,TCRBJ01-02
ca03021a276c4af2fbde4a2fb56846f8,CASSWWGRANAGGGNTIYF,0.024412931468875822,TCRBV05-05,TCRBJ01-03
ca03021a276c4af2fbde4a2fb56846f8,CASRGPFWYF,0.024338075918192252,TCRBV06-05,TCRBJ02-07
ca03021a276c4af2fbde4a2fb56846f8,CASSFVTPPHTPWPNQPQHF,0.024312831664022132,TCRBV12-X,TCRBJ01-05
ca03021a276c4af2fbde4a2fb56846f8,CASSFPGYYGYTF,0.024260166358338803,TCRBV05-06,TCRBJ01-02
ca03021a276c4af2fbde4a2fb56846f8,CASSWNYYGYTF,0.024235315934878418,TCRBV07-02,TCRBJ01-02
ca03021a276c4af2fbde4a2fb56846f8,CASWDRGWGYTF,0.024227168081335407,TCRBV06-X,TCRBJ01-02
ca03021a276c4af2fbde4a2fb56846f8,CAKMWQFF,0.024226076783328707,TCRBV21-01,TCRBJ02-01
ca03021a276c4af2fbde4a2fb56846f8,CASSDWTGAFANYGYTF,0.02420649511432166,TCRBV06-01,TCRBJ01-02
ca03021a276c4af2fbde4a2fb56846f8,CAIQGPGPWFF,0.024191953719130826,TCRBV02-01,TCRBJ02-01
ca03021a276c4af2fbde4a2fb56846f8,CASSYYRGQNYGYTF,0.024178952993929453,TCRBV06-04,TCRBJ01-02
ca03021a276c4af2fbde4a2fb56846f8,CASYGGRPVYGYTF,0.024175555529268228,TCRBV19-01,TCRBJ01-02
ca03021a276c4af2fbde4a2fb56846f8,CASKWGYGYTF,0.024166521326527576,TCRBV07-09,TCRBJ01-02
ca03021a276c4af2fbde4a2fb56846f8,CAWIRPEAFF,0.024160370365373527,TCRBV30-01,TCRBJ01-01
ca03021a276c4af2fbde4a2fb56846f8,CSGYTLGNYGYTF,0.024140548426589938,TCRBV20-X,TCRBJ01-02
ca03021a276c4af2fbde4a2fb56846f8,CASSPYSYFTRHYGYTF,0.024116106471315114,TCRBV06-06,TCRBJ01-02
ca03021a276c4af2fbde4a2fb56846f8,CASSYGGTYGYTF,0.024110362808868423,TCRBV05-01,TCRBJ01-02
ca03021a276c4af2fbde4a2fb56846f8,CASSYGAYGYTF,0.024101986046741915,TCRBV06-02/06-03,TCRBJ01-02
ca03021a276c4af2fbde4a2fb56846f8,CASITKPGGYYGYTF,0.024056489332701977,TCRBV06-05,TCRBJ01-02
ca03021a276c4af2fbde4a2fb56846f8,CASTPLEGWGGYGYTF,0.024046864146189038,TCRBV19-01,TCRBJ01-02
ca03021a276c4af2fbde4a2fb56846f8,CASHIGVYGYTF,0.024032314927101495,TCRBV02-01,TCRBJ01-02
ca03021a276c4af2fbde4a2fb56846f8,CASSLRHHYQPQHF,0.024015473233467453,TCRBV06-02/06-03,TCRBJ01-05
ca03021a276c4af2fbde4a2fb56846f8,CASRPGGYYGYTF,0.023971148930204054,TCRBV02-01,TCRBJ01-02
ca03021a276c4af2fbde4a2fb56846f8,CASSYLYGIYGYTF,0.023943480070021055,TCRBV06-05,TCRBJ01-02
cbd0263e63f84eb2137c5deb9bf5c015,WKLFF,0.04237554083039827,TCRBV30-01,TCRBJ01-04
cbd0263e63f84eb2137c5deb9bf5c015,CWPKYF,0.03397344959789925,TCRBV10-01,TCRBJ02-07
cbd0263e63f84eb2137c5deb9bf5c015,CASSYSRAGIKAIPFYGYTF,0.03198694626167939,TCRBV06-X,TCRBJ01-02
cbd0263e63f84eb2137c5deb9bf5c015,CASGYGWGYTF,0.029791878397794246,TCRBV12-05,TCRBJ01-02
cbd0263e63f84eb2137c5deb9bf5c015,CASSYNYYGYTF,0.029784881051386956,TCRBV12-03/12-04,TCRBJ01-02
cbd0263e63f84eb2137c5deb9bf5c015,CASSYSTGWGANYGYTF,0.029291697450151456,TCRBV06-X,TCRBJ01-02
cbd0263e63f84eb2137c5deb9bf5c015,CASSGNWGGANYGYTF,0.028390514336181574,TCRBV27-01,TCRBJ01-02
cbd0263e63f84eb2137c5deb9bf5c015,CASSYSGGWTGSYYGYTF,0.028321498272374547,TCRBV06-X,TCRBJ01-02
cbd0263e63f84eb2137c5deb9bf5c015,CASNPWGGTGNPQGYTF,0.027865098071408675,TCRBV07-06,TCRBJ01-02
cbd0263e63f84eb2137c5deb9bf5c015,CASSYSGSHYYGYTF,0.027763527312351793,TCRBV06-05,TCRBJ01-02
cbd0263e63f84eb2137c5deb9bf5c015,CASSYSWGGYGYTF,0.027744069574319182,TCRBV05-01,TCRBJ01-02
cbd0263e63f84eb2137c5deb9bf5c015,CASCPGGPYGYTF,0.027368404494459157,TCRBV03-01/03-02,TCRBJ01-02
cbd0263e63f84eb2137c5deb9bf5c015,RGMTGAYYGYTF,0.027355195655415686,TCRBV07-03,TCRBJ01-02
cbd0263e63f84eb2137c5deb9bf5c015,CSARVGQRVEANEKLFF,0.02730278155502509,TCRBV20-X,TCRBJ01-04
cbd0263e63f84eb2137c5deb9bf5c015,CAWGYGYTF,0.027279656399137236,TCRBV30-01,TCRBJ01-02
cbd0263e63f84eb2137c5deb9bf5c015,CASSYWGAGNYGYTF,0.027165891074999757,TCRBV06-02/06-03,TCRBJ01-02
cbd0263e63f84eb2137c5deb9bf5c015,CASSSNWGGAFF,0.02704311439191442,TCRBV05-04,TCRBJ01-01
cbd0263e63f84eb2137c5deb9bf5c015,CSVWYYGYTF,0.026972306328639967,TCRBV29-01,TCRBJ01-02
cbd0263e63f84eb2137c5deb9bf5c015,CASSYWGGPGAFF,0.026900327326751735,TCRBV06-05,TCRBJ01-01
cbd0263e63f84eb2137c5deb9bf5c015,CATPKGAPGANVLTF,0.026889346886367363,TCRBV21-01,TCRBJ02-06
cbd0263e63f84eb2137c5deb9bf5c015,CASSSGAGANYNYGYTF,0.0267229252697739,TCRBV05-08,TCRBJ01-02
cbd0263e63f84eb2137c5deb9bf5c015,CASSFWGGYGYTF,0.026477965763888285,TCRBV05-06,TCRBJ01-02
cbd0263e63f84eb2137c5deb9bf5c015,CASSYWDVYYGYTF,0.02644331233578211,TCRBV06-06,TCRBJ01-02
cbd0263e63f84eb2137c5deb9bf5c015,CASSGWGGNFGYTF,0.026357455230493005,TCRBV04-02,TCRBJ01-02
cbd0263e63f84eb2137c5deb9bf5c015,CTSSYYTGAPSGYTF,0.026293198864655105,TCRBV06-06,TCRBJ01-02
cbd0263e63f84eb2137c5deb9bf5c015,CASSLWGGPNYGYTF,0.0261842072089013,TCRBV07-08,TCRBJ01-02
cbd0263e63f84eb2137c5deb9bf5c015,ETQYF,0.02611370493799535,TCRBV24-01,TCRBJ02-05
cbd0263e63f84eb2137c5deb9bf5c015,CASSYGGNNYGYTF,0.025771682693348525,TCRBV06-06,TCRBJ01-02
cbd0263e63f84eb2137c5deb9bf5c015,CASSYSGGWGYGYTF,0.025748628313526423,TCRBV06-05,TCRBJ01-02
cbd0263e63f84eb2137c5deb9bf5c015,CAWNDVLGAFF,0.02572632903066061,TCRBV30-01,TCRBJ01-01
cbd0263e63f84eb2137c5deb9bf5c015,CASSYVYGYTF,0.025639553259582785,TCRBV06-06,TCRBJ01-02
cbd0263e63f84eb2137c5deb9bf5c015,CASSYYTGAPSGYTF,0.025634735124393956,TCRBV06-06,TCRBJ01-02
cbd0263e63f84eb2137c5deb9bf5c015,CSAHADARFYTF,0.02560695871814643,TCRBV20-X,TCRBJ01-02
cbd0263e63f84eb2137c5deb9bf5c015,CASSEAHRTLRAYGYTF,0.025527956572338726,TCRBV06-01,TCRBJ01-02
cbd0263e63f84eb2137c5deb9bf5c015,CASSYSTGPFYGYTF,0.025286037792674985,TCRBV06-02/06-03,TCRBJ01-02
cbd0263e63f84eb2137c5deb9bf5c015,CATPGWKNYGYTF,0.025260136591750987,TCRBV19-01,TCRBJ01-02
cbd0263e63f84eb2137c5deb9bf5c015,CARGGHIYGYTF,0.02521672498977122,TCRBV06-05,TCRBJ01-02
cbd0263e63f84eb2137c5deb9bf5c015,CASCPGGGYGYTF,0.025164161133339736,TCRBV07-08,TCRBJ01-02
cbd0263e63f84eb2137c5deb9bf5c015,CASSYRWGAANNYGYTF,0.025108088409409264,TCRBV06-X,TCRBJ01-02
cbd0263e63f84eb2137c5deb9bf5c015,CASSIGRGIGELFF,0.025092710941601218,TCRBV19-01,TCRBJ02-02
cbd0263e63f84eb2137c5deb9bf5c015,CASAPWGYGYTF,0.025087608053756684,TCRBV19-01,TCRBJ01-02
cbd0263e63f84eb2137c5deb9bf5c015,SRPHTIYF,0.025026897244234802,TCRBV02-01,TCRBJ01-03
cbd0263e63f84eb2137c5deb9bf5c015,CSAGHGPHPGYTF,0.025023039047398842,TCRBV20-X,TCRBJ01-02
cbd0263e63f84eb2137c5deb9bf5c015,CASSYGTGTGGFWANVLTF,0.025022580988640238,TCRBV05-01,TCRBJ02-06
cbd0263e63f84eb2137c5deb9bf5c015,CAYTTYGGPNYGYTF,0.024988913518972054,TCRBV30-01,TCRBJ01-02
cbd0263e63f84eb2137c5deb9bf5c015,WYQETQYF,0.024970173461873676,TCRBV10-03,TCRBJ02-05
cbd0263e63f84eb2137c5deb9bf5c015,CASSFGGYNYGYTF,0.024967406221992325,TCRBV27-01,TCRBJ01-02
cbd0263e63f84eb2137c5deb9bf5c015,RSPLHF,0.02495791397281507,TCRBV14-01,TCRBJ01-06
cbd0263e63f84eb2137c5deb9bf5c015,CASSYYYGGPKDTQYF,0.02484073892115285,TCRBV06-02/06-03,TCRBJ02-03
cbd0263e63f84eb2137c5deb9bf5c015,CASTTGGWGYGYTF,0.024838592016077785,TCRBV06-05,TCRBJ01-02
cbd0263e63f84eb2137c5deb9bf5c015,CASSYPGYGYTF,0.024833360504410235,TCRBV06-02/06-03,TCRBJ01-02
cbd0263e63f84eb2137c5deb9bf5c015,CASNWGRGYGYTF,0.024792361260952068,TCRBV19-01,TCRBJ01-02
cbd0263e63f84eb2137c5deb9bf5c015,CASS,0.02478449981672489,TCRBV03-01/03-02,TCRBJ02-07
cbd0263e63f84eb2137c5deb9bf5c015,CATRRWRLYF,0.024746261839288946,TCRBV24-01,TCRBJ02-03
cbd0263e63f84eb2137c5deb9bf5c015,CAAYPGGANYGYTF,0.02472563074831546,TCRBV02-01,TCRBJ01-02
cbd0263e63f84eb2137c5deb9bf5c015,WEDRAHHLGNTIYF,0.024723549590369757,TCRBV02-01,TCRBJ01-03
cbd0263e63f84eb2137c5deb9bf5c015,CASSYWDYRGYTF,0.02468236402808409,TCRBV06-02/06-03,TCRBJ01-02
cbd0263e63f84eb2137c5deb9bf5c015,CAGSGGSYYGYTF,0.024597275956706285,TCRBV02-01,TCRBJ01-02
cbd0263e63f84eb2137c5deb9bf5c015,CASNGGVSANYGYTF,0.024578589271857115,TCRBV10-01,TCRBJ01-02
cbd0263e63f84eb2137c5deb9bf5c015,CASSYMRGVYGYTF,0.024565898744038816,TCRBV06-05,TCRBJ01-02
cbd0263e63f84eb2137c5deb9bf5c015,CASSYPAYGYTF,0.02451539290668595,TCRBV06-06,TCRBJ01-02
cbd0263e63f84eb2137c5deb9bf5c015,CASSYGYGYTF,0.024498182713149633,TCRBV06-05,TCRBJ01-02
cbd0263e63f84eb2137c5deb9bf5c015,CATSDPKF,0.024491960135502453,TCRBV24-01,TCRBJ02-07
cbd0263e63f84eb2137c5deb9bf5c015,CASSGWGSSNGYTF,0.024491524370687537,TCRBV09-01,TCRBJ01-02
cbd0263e63f84eb2137c5deb9bf5c015,CVNMRLYF,0.024479666210533407,TCRBV09-01,TCRBJ02-07
cbd0263e63f84eb2137c5deb9bf5c015,CASSSGTGWYWYF,0.024422357968938355,TCRBV07-09,TCRBJ02-04
cbd0263e63f84eb2137c5deb9bf5c015,CAWSWGIVEAFF,0.02439349191488142,TCRBV30-01,TCRBJ01-01
cbd0263e63f84eb2137c5deb9bf5c015,CASSHAWGNYGYTF,0.02438017859794672,TCRBV03-01/03-02,TCRBJ01-02
cbd0263e63f84eb2137c5deb9bf5c015,CASSYEGWYGYTF,0.024379325131048766,TCRBV02-01,TCRBJ01-02
cbd0263e63f84eb2137c5deb9bf5c015,CASSLDLGFLAGGNYNEQFF,0.02437733193146091,TCRBV11-03,TCRBJ02-01
cbd0263e63f84eb2137c5deb9bf5c015,CASSYGTGYNPNYGYTF,0.02437420210655764,TCRBV06-X,TCRBJ01-02
cbd0263e63f84eb2137c5deb9bf5c015,CATWGPQGAGYYGYTF,0.02437107834236571,TCRBV24-01,TCRBJ01-02
cbd0263e63f84eb2137c5deb9bf5c015,CSVGYNYGYTF,0.024360554810988592,TCRBV29-01,TCRBJ01-02
cbd0263e63f84eb2137c5deb9bf5c015,CAMWGGAEGYTF,0.024359755844084844,TCRBV30-01,TCRBJ01-02
cbd0263e63f84eb2137c5deb9bf5c015,CASSFAPGAHYGYTF,0.024358955486191023,TCRBV27-01,TCRBJ01-02
cbd0263e63f84eb2137c5deb9bf5c015,CSAKGPWAGYTF,0.02435464107807657,TCRBV20-X,TCRBJ01-02
cbd0263e63f84eb2137c5deb9bf5c015,CASSYGPNYGYTF,0.024348111393980826,TCRBV06-05,TCRBJ01-02
cbd0263e63f84eb2137c5deb9bf5c015,CASSHTGGGPYGYTF,0.024335933161127647,TCRBV04-02,TCRBJ01-02
cbd0263e63f84eb2137c5deb9bf5c015,CASSYWDSRWGGYGYTF,0.024306010411204657,TCRBV06-X,TCRBJ01-02
cbd0263e63f84eb2137c5deb9bf5c015,CASSYVWGPDYGYTF,0.024257139375136242,TCRBV06-06,TCRBJ01-02
cbd0263e63f84eb2137c5deb9bf5c015,CASSYGHGWFF,0.024250112635558062,TCRBV04-01,TCRBJ02-01
cbd0263e63f84eb2137c5deb9bf5c015,CASSHRGWYGYTF,0.024239903669022123,TCRBV06-02,TCRBJ01-02
cbd0263e63f84eb2137c5deb9bf5c015,CASHDVWNGYTF,0.024235635195151754,TCRBV12-03/12-04,TCRBJ01-02
cbd0263e63f84eb2137c5deb9bf5c015,CASSPGGGGSNHNYGYTF,0.024224289525326924,TCRBV25-01,TCRBJ01-02
cbd0263e63f84eb2137c5deb9bf5c015,CASSLWGGAPYGYTF,0.024187962185107697,TCRBV06-05,TCRBJ01-02
cbd0263e63f84eb2137c5deb9bf5c015,CASSKKKPEGGYTF,0.02413646618767866,TCRBV21-01,TCRBJ01-02
cbd0263e63f84eb2137c5deb9bf5c015,CASCGTGAGANVLTF,0.024114749331779775,TCRBV07-09,TCRBJ02-06
cbd0263e63f84eb2137c5deb9bf5c015,CAWSLNPGTGVPGEKGHSGNTIYF,0.02411327023972508,TCRBV30-01,TCRBJ01-03
cbd0263e63f84eb2137c5deb9bf5c015,CASSDWGGHYGYTF,0.02410272909970036,TCRBV25-01,TCRBJ01-02
cbd0263e63f84eb2137c5deb9bf5c015,CASSYGGIYGYTF,0.02408840613430621,TCRBV06-02/06-03,TCRBJ01-02
cbd0263e63f84eb2137c5deb9bf5c015,CASSYKGAHYGYTF,0.02407914877168442,TCRBV06-06,TCRBJ01-02
cbd0263e63f84eb2137c5deb9bf5c015,CASSYSSWHRYGYTF,0.024071869162405002,TCRBV06-05,TCRBJ01-02
cbd0263e63f84eb2137c5deb9bf5c015,CASSNPGYNYGYTF,0.024051589175299173,TCRBV09-01,TCRBJ01-02
cbd0263e63f84eb2137c5deb9bf5c015,CASSLGWGGPNYGYTF,0.024031419516171725,TCRBV27-01,TCRBJ01-02
cbd0263e63f84eb2137c5deb9bf5c015,CAWSGGSGGYF,0.024004027709448525,TCRBV30-01,TCRBJ01-03
cbd0263e63f84eb2137c5deb9bf5c015,CSAHKTPYGYTF,0.0240012601849257,TCRBV20-X,TCRBJ01-02
cbd0263e63f84eb2137c5deb9bf5c015,CASSYNRNYGYTF,0.023984664363152566,TCRBV06-05,TCRBJ01-02
cbd0263e63f84eb2137c5deb9bf5c015,CASSYWDRGNYGYTF,0.023972457045447593,TCRBV06-06,TCRBJ01-02
cbd08d47491c6888a4314bf878fd876b,CASMWRWGWYGYTF,0.03725261521503018,TCRBV05-01,TCRBJ01-02
cbd08d47491c6888a4314bf878fd876b,CASSNHNYYRAGYGYTF,0.03421678227737974,TCRBV12-X,TCRBJ01-02
cbd08d47491c6888a4314bf878fd876b,CSPPH,0.034126686841272916,TCRBV20-01,TCRBJ02-04
cbd08d47491c6888a4314bf878fd876b,CASSYWAYYGYTF,0.031634304759449,TCRBV06-02/06-03,TCRBJ01-02
cbd08d47491c6888a4314bf878fd876b,CAWGGGNYYGYTF,0.03065084382664546,TCRBV30-01,TCRBJ01-02
cbd08d47491c6888a4314bf878fd876b,CASSYYGNYGYTF,0.030114861041050926,TCRBV06-05,TCRBJ01-02
cbd08d47491c6888a4314bf878fd876b,ARHQPQHF,0.02986328645571299,TCRBV20-01,TCRBJ01-05
cbd08d47491c6888a4314bf878fd876b,CAIYWGIYGYTF,0.029623044626402088,TCRBV19-01,TCRBJ01-02
cbd08d47491c6888a4314bf878fd876b,CASSYTGYYGYTF,0.029406522969498614,TCRBV06-05,TCRBJ01-02
cbd08d47491c6888a4314bf878fd876b,CASSYRGWYGYTF,0.029206921725997155,TCRBV06-06,TCRBJ01-02
cbd08d47491c6888a4314bf878fd876b,CASSHGGPYYGYTF,0.028854561669532753,TCRBV14-01,TCRBJ01-02
cbd08d47491c6888a4314bf878fd876b,CAWLTGNHEQYF,0.02832581745861499,TCRBV30-01,TCRBJ02-07
cbd08d47491c6888a4314bf878fd876b,YTF,0.028244634335945453,TCRBV25-01,TCRBJ01-02
cbd08d47491c6888a4314bf878fd876b,CAPTPGGYFYGYTF,0.028201699167057226,TCRBV06-X,TCRBJ01-02
cbd08d47491c6888a4314bf878fd876b,CAWGPYGYTF,0.028157716591627066,TCRBV30-01,TCRBJ01-02
cbd08d47491c6888a4314bf878fd876b,CAWSPYGGNYGYTF,0.02811546510531601,TCRBV30-01,TCRBJ01-02
cbd08d47491c6888a4314bf878fd876b,CASSYNWNYGYTF,0.027970317597703246,TCRBV06-05,TCRBJ01-02
cbd08d47491c6888a4314bf878fd876b,CAWSGYYGYTF,0.027864457079023366,TCRBV30-01,TCRBJ01-02
cbd08d47491c6888a4314bf878fd876b,CASSWGGPNYGYTF,0.027680152547674638,TCRBV19-01,TCRBJ01-02
cbd08d47491c6888a4314bf878fd876b,CASSLFGKITEAFF,0.02737769262031656,TCRBV28-01,TCRBJ01-01
cbd08d47491c6888a4314bf878fd876b,CAPP,0.02731997280138699,TCRBV05-04,TCRBJ02-07
cbd08d47491c6888a4314bf878fd876b,CAWSGGSWGYGYTF,0.027221739730073715,TCRBV30-01,TCRBJ01-02
cbd08d47491c6888a4314bf878fd876b,CASSWDSSAAWAFF,0.02721932650065545,TCRBV07-09,TCRBJ01-01
cbd08d47491c6888a4314bf878fd876b,CASSYSYSNYGYTF,0.027002113088375166,TCRBV06-05,TCRBJ01-02
cbd08d47491c6888a4314bf878fd876b,KPNYGYTF,0.0269761141254565,TCRBV24-01,TCRBJ01-02
cbd08d47491c6888a4314bf878fd876b,CASSYVRGYYGYTF,0.02696778583519103,TCRBV06-02/06-03,TCRBJ01-02
cbd08d47491c6888a4314bf878fd876b,CAIKGWGYGYTF,0.026868801670641273,TCRBV10-03,TCRBJ01-02
cbd08d47491c6888a4314bf878fd876b,CACGAYYGYTF,0.026859474214864485,TCRBV06-05,TCRBJ01-02
cbd08d47491c6888a4314bf878fd876b,CASSYWPGGGYGYTF,0.02679416133235383,TCRBV06-05,TCRBJ01-02
cbd08d47491c6888a4314bf878fd876b,CASIRYVYGYTF,0.026737078007752605,TCRBV14-01,TCRBJ01-02
cbd08d47491c6888a4314bf878fd876b,CAWSWGGGWNTEAFF,0.026419291687526943,TCRBV30-01,TCRBJ01-01
cbd08d47491c6888a4314bf878fd876b,CASSHAPF,0.026385663834248986,TCRBV07-04,TCRBJ01-04
cbd08d47491c6888a4314bf878fd876b,CAWSVPQWGPYGYTF,0.026327237656942563,TCRBV30-01,TCRBJ01-02
cbd08d47491c6888a4314bf878fd876b,CAWIPGTVGWWTEAFF,0.026308183663195598,TCRBV30-01,TCRBJ01-01
cbd08d47491c6888a4314bf878fd876b,CASGNPKAFF,0.026307850814921367,TCRBV06-05,TCRBJ01-01
cbd08d47491c6888a4314bf878fd876b,CASSSHPNIHHYGYTF,0.026295631402451877,TCRBV27-01,TCRBJ01-02
cbd08d47491c6888a4314bf878fd876b,FTPGPYNYGYTF,0.02623447247525879,TCRBV27-01,TCRBJ01-02
cbd08d47491c6888a4314bf878fd876b,CASSSWGGYGYTF,0.026211915892900204,TCRBV05-06,TCRBJ01-02
cbd08d47491c6888a4314bf878fd876b,CAQFGPYYGYTF,0.026202427073251836,TCRBV30-01,TCRBJ01-02
cbd08d47491c6888a4314bf878fd876b,CAGGGPFNYGYTF,0.026143398709053123,TCRBV06-X,TCRBJ01-02
cbd08d47491c6888a4314bf878fd876b,CASSPCGGYYGYTF,0.02608183792549792,TCRBV23-01,TCRBJ01-02
cbd08d47491c6888a4314bf878fd876b,CAWSVEALKKLFF,0.026011104093440502,TCRBV30-01,TCRBJ01-04
cbd08d47491c6888a4314bf878fd876b,CASSLWGGAYYGYTF,0.026006171197583125,TCRBV27-01,TCRBJ01-02
cbd08d47491c6888a4314bf878fd876b,WDTGAYGYTF,0.02598266827781922,TCRBV07-04,TCRBJ01-02
cbd08d47491c6888a4314bf878fd876b,CAWRRVWGYTF,0.02594222274613599,TCRBV30-01,TCRBJ01-02
cbd08d47491c6888a4314bf878fd876b,CAWTPRGGFYAIYF,0.025878685805354955,TCRBV30-01,TCRBJ01-03
cbd08d47491c6888a4314bf878fd876b,CASSTPNWGGGYGYTF,0.025850233308041558,TCRBV21-01,TCRBJ01-02
cbd08d47491c6888a4314bf878fd876b,CASSYSTGGTYYGYTF,0.025807884390345565,TCRBV06-06,TCRBJ01-02
cbd08d47491c6888a4314bf878fd876b,CASWGEGVHHF,0.02579631795166857,TCRBV27-01,TCRBJ01-06
cbd08d47491c6888a4314bf878fd876b,CASNHRGGGYYGYTF,0.02571472649954684,TCRBV05-06,TCRBJ01-02
cbd08d47491c6888a4314bf878fd876b,CASSSYRAYYGYTF,0.02570028870673654,TCRBV06-06,TCRBJ01-02
cbd08d47491c6888a4314bf878fd876b,CASSYFPGGTGELFF,0.02568193749346725,TCRBV06-05,TCRBJ02-02
cbd08d47491c6888a4314bf878fd876b,CASMWGRRFF,0.025593501425390873,TCRBV12-03/12-04,TCRBJ01-04
cbd08d47491c6888a4314bf878fd876b,CASHKGPTYGYTF,0.025548930928044052,TCRBV27-01,TCRBJ01-02
cbd08d47491c6888a4314bf878fd876b,CSARDPWAYYGYTF,0.025496119213156546,TCRBV20-X,TCRBJ01-02
cbd08d47491c6888a4314bf878fd876b,CAWIWLTGYMTHF,0.025491359901405455,TCRBV30-01,TCRBJ02-07
cbd08d47491c6888a4314bf878fd876b,CAWGGPAEAFF,0.025473019325591876,TCRBV30-01,TCRBJ01-01
cbd08d47491c6888a4314bf878fd876b,CATIYTIYF,0.02545046758900225,TCRBV24-01,TCRBJ01-03
cbd08d47491c6888a4314bf878fd876b,CASSYGGYYGYTF,0.025402721840629465,TCRBV06-05,TCRBJ01-02
cbd08d47491c6888a4314bf878fd876b,CASSYSWTGPHPNYGYTF,0.025392032893342638,TCRBV06-X,TCRBJ01-02
cbd08d47491c6888a4314bf878fd876b,CSAPHWGGHRGAQYF,0.025363674214717056,TCRBV20-X,TCRBJ02-03
cbd08d47491c6888a4314bf878fd876b,CASSSGGPYYGYTF,0.025316913640956798,TCRBV07-09,TCRBJ01-02
cbd08d47491c6888a4314bf878fd876b,CAWGKWDTEAFF,0.02531121196598219,TCRBV30-01,TCRBJ01-01
cbd08d47491c6888a4314bf878fd876b,CASFGYYGYTF,0.025298560099161642,TCRBV25-01,TCRBJ01-02
cbd08d47491c6888a4314bf878fd876b,CASSYSGGWFRGYTF,0.025296540722354138,TCRBV06-05,TCRBJ01-02
cbd08d47491c6888a4314bf878fd876b,CASLFLAGGTDTQYF,0.02529131517480941,TCRBV06-05,TCRBJ02-03
cbd08d47491c6888a4314bf878fd876b,CASSYNRYTYGYTF,0.02525678776929813,TCRBV06-05,TCRBJ01-02
cbd08d47491c6888a4314bf878fd876b,CASSENIILGGGFSGANVLTF,0.02524329707212868,TCRBV06-01,TCRBJ02-06
cbd08d47491c6888a4314bf878fd876b,CASSYHPKYGYTF,0.025233840460875546,TCRBV06-02/06-03,TCRBJ01-02
cbd08d47491c6888a4314bf878fd876b,CASTPYHNYGYTF,0.025213494574539416,TCRBV06-X,TCRBJ01-02
cbd08d47491c6888a4314bf878fd876b,LGNTIYF,0.025202145169872254,TCRBV27-01,TCRBJ01-03
cbd08d47491c6888a4314bf878fd876b,CAWGPGGHYGYTF,0.025189978175253504,TCRBV30-01,TCRBJ01-02
cbd08d47491c6888a4314bf878fd876b,CASRYKGF,0.02517838013708232,TCRBV12-02,TCRBJ01-02
cbd08d47491c6888a4314bf878fd876b,CASSYTPGGPYGYTF,0.02516282037004191,TCRBV06-06,TCRBJ01-02
cbd08d47491c6888a4314bf878fd876b,WEDRGVETQYF,0.02515733376193946,TCRBV06-04,TCRBJ02-05
cbd08d47491c6888a4314bf878fd876b,CACWVAGANVLTF,0.025129201241155575,TCRBV19-01,TCRBJ02-06
cbd08d47491c6888a4314bf878fd876b,CASSFYTNPNYGYTF,0.025111788655811998,TCRBV05-01,TCRBJ01-02
cbd08d47491c6888a4314bf878fd876b,CAWSVGWAGANVLTF,0.025100078379007063,TCRBV30-01,TCRBJ02-06
cbd08d47491c6888a4314bf878fd876b,CASSWMGAYNYGYTF,0.025094746546959007,TCRBV05-01,TCRBJ01-02
cbd08d47491c6888a4314bf878fd876b,CAWWTEEDAGYTF,0.02508220884158698,TCRBV30-01,TCRBJ01-02
cbd08d47491c6888a4314bf878fd876b,YGYTF,0.025059360734219733,TCRBV11-X,TCRBJ01-02
cbd08d47491c6888a4314bf878fd876b,CASSFSAGYNYGYTF,0.025015128139291076,TCRBV19-01,TCRBJ01-02
cbd08d47491c6888a4314bf878fd876b,CASSILGAITEAFF,0.02500958134371697,TCRBV19-01,TCRBJ01-01
cbd08d47491c6888a4314bf878fd876b,CASSWGGSNYGYTF,0.025002379275417805,TCRBV05-01,TCRBJ01-02
cbd08d47491c6888a4314bf878fd876b,CASRGWVWGEHTIYF,0.024998354786748188,TCRBV10-01,TCRBJ01-03
cbd08d47491c6888a4314bf878fd876b,CARWWQGAPNYGYTF,0.02497251431284998,TCRBV19-01,TCRBJ01-02
cbd08d47491c6888a4314bf878fd876b,CASSPWTGGYYGYTF,0.024961267702149997,TCRBV05-06,TCRBJ01-02
cbd08d47491c6888a4314bf878fd876b,LSWHTEAFF,0.024954106745761838,TCRBV20-01,TCRBJ01-01
cbd08d47491c6888a4314bf878fd876b,NFNYGYTF,0.024893016278054677,TCRBV19-01,TCRBJ01-02
cbd08d47491c6888a4314bf878fd876b,CASSYRGYGYTF,0.024885473752379907,TCRBV28-01,TCRBJ01-02
cbd08d47491c6888a4314bf878fd876b,CASPRRHF,0.0248623219649619,TCRBV19-01,TCRBJ01-05
cbd08d47491c6888a4314bf878fd876b,CASSYYGTPLYGYTF,0.024857845542792092,TCRBV06-02/06-03,TCRBJ01-02
cbd08d47491c6888a4314bf878fd876b,CAWSVPGGVNTEAFF,0.02484822634987834,TCRBV30-01,TCRBJ01-01
cbd08d47491c6888a4314bf878fd876b,CASNPFF,0.02484565279463434,TCRBV21-01,TCRBJ01-04
cbd08d47491c6888a4314bf878fd876b,CASGLPHFYPTAHYGYTF,0.024836757111428045,TCRBV12-05,TCRBJ01-02
cbd08d47491c6888a4314bf878fd876b,CASSWWDRGYGYTF,0.024783793904162736,TCRBV05-06,TCRBJ01-02
d25cf97d86c412cfcf8e03ef152c1b95,CAWSAWGWGYGYTF,0.03754589958960214,TCRBV30-01,TCRBJ01-02
d25cf97d86c412cfcf8e03ef152c1b95,CAWGWGNMWSHYGYTF,0.037182371744547665,TCRBV30-01,TCRBJ01-02
d25cf97d86c412cfcf8e03ef152c1b95,CASSYWGPNYGYTF,0.03390375346534735,TCRBV06-05,TCRBJ01-02
d25cf97d86c412cfcf8e03ef152c1b95,SLNPYF,0.0329031539956555,TCRBV09-01,TCRBJ02-07
d25cf97d86c412cfcf8e03ef152c1b95,CAWSPYYSYGYTF,0.032174032378062246,TCRBV30-01,TCRBJ01-02
d25cf97d86c412cfcf8e03ef152c1b95,CASSYWGSYGYTF,0.030815832955154908,TCRBV28-01,TCRBJ01-02
d25cf97d86c412cfcf8e03ef152c1b95,CAGPF,0.030325836321833322,TCRBV25-01,TCRBJ01-02
d25cf97d86c412cfcf8e03ef152c1b95,WGERVEITIYF,0.02984790075192284,TCRBV06-04,TCRBJ01-03
d25cf97d86c412cfcf8e03ef152c1b95,CASSPYNYYGYTF,0.02983202935365389,TCRBV07-X,TCRBJ01-02
d25cf97d86c412cfcf8e03ef152c1b95,RASHRRYYGYTF,0.029447434322340118,TCRBV07-03,TCRBJ01-02
d25cf97d86c412cfcf8e03ef152c1b95,CAWSVWGSWYGYTF,0.028965213289260338,TCRBV30-01,TCRBJ01-02
d25cf97d86c412cfcf8e03ef152c1b95,CASSYSSGWNYGYTF,0.028950442355919193,TCRBV06-05,TCRBJ01-02
d25cf97d86c412cfcf8e03ef152c1b95,CASYIRAWGYGYTF,0.028942350187003755,TCRBV05-06,TCRBJ01-02
d25cf97d86c412cfcf8e03ef152c1b95,CASSYYGTYGYTF,0.028603594319858188,TCRBV06-02/06-03,TCRBJ01-02
d25cf97d86c412cfcf8e03ef152c1b95,CASSYYNGANYGYTF,0.02834989883469553,TCRBV06-05,TCRBJ01-02
d25cf97d86c412cfcf8e03ef152c1b95,CASSPGGGTYYYGYTF,0.028305690223939806,TCRBV06-X,TCRBJ01-02
d25cf97d86c412cfcf8e03ef152c1b95,CAWIVYKAFF,0.028178121963256562,TCRBV30-01,TCRBJ01-01
d25cf97d86c412cfcf8e03ef152c1b95,CASSFYAGYYGYTF,0.027997965755731276,TCRBV05-06,TCRBJ01-02
d25cf97d86c412cfcf8e03ef152c1b95,CAWHRGPSYFYGYTF,0.027935097490112443,TCRBV30-01,TCRBJ01-02
d25cf97d86c412cfcf8e03ef152c1b95,WWDYEQYF,0.027866633605119658,TCRBV19-01,TCRBJ02-07
d25cf97d86c412cfcf8e03ef152c1b95,CASSFGGWANYGYTF,0.02785379481061371,TCRBV07-09,TCRBJ01-02
d25cf97d86c412cfcf8e03ef152c1b95,CASSKVWGHGYGYTF,0.027692875066387276,TCRBV21-01,TCRBJ01-02
d25cf97d86c412cfcf8e03ef152c1b95,CAWWTGGAFF,0.02763644446600705,TCRBV30-01,TCRBJ01-01
d25cf97d86c412cfcf8e03ef152c1b95,CASSPTHTGTRTHTF,0.027475749482875605,TCRBV12-X,TCRBJ01-02
d25cf97d86c412cfcf8e03ef152c1b95,CASSYGWGAFF,0.027245017784085356,TCRBV06-02/06-03,TCRBJ01-01
d25cf97d86c412cfcf8e03ef152c1b95,CSAKGGLPLIGHF,0.027068477591129323,TCRBV20-X,TCRBJ01-06
d25cf97d86c412cfcf8e03ef152c1b95,CSAHPGTGKPPPYEQYF,0.026999283483593168,TCRBV20-X,TCRBJ02-07
d25cf97d86c412cfcf8e03ef152c1b95,CASHAWAEAFF,0.026975155087127892,TCRBV19-01,TCRBJ01-01
d25cf97d86c412cfcf8e03ef152c1b95,CASSFGWGYGYTF,0.026962782867681997,TCRBV27-01,TCRBJ01-02
d25cf97d86c412cfcf8e03ef152c1b95,CAWSVPRRWRRYF,0.026936105196275227,TCRBV30-01,TCRBJ02-03
d25cf97d86c412cfcf8e03ef152c1b95,CACARTPAYGYTF,0.02692651763873077,TCRBV30-01,TCRBJ01-02
d25cf97d86c412cfcf8e03ef152c1b95,CASKSPYWGYGYTF,0.02671423906492674,TCRBV05-06,TCRBJ01-02
d25cf97d86c412cfcf8e03ef152c1b95,CAWAIPYGYTF,0.026616583197136817,TCRBV30-01,TCRBJ01-02
d25cf97d86c412cfcf8e03ef152c1b95,CASSHRAQHQPQHF,0.026509126860579907,TCRBV12-X,TCRBJ01-05
d25cf97d86c412cfcf8e03ef152c1b95,CSVWDWDYGYTF,0.026497814350637666,TCRBV29-01,TCRBJ01-02
d25cf97d86c412cfcf8e03ef152c1b95,CASYPGGHFNYGYTF,0.026477778321054572,TCRBV28-01,TCRBJ01-02
d25cf97d86c412cfcf8e03ef152c1b95,CASSYPWGDHYGYTF,0.026444065768914088,TCRBV28-01,TCRBJ01-02
d25cf97d86c412cfcf8e03ef152c1b95,CASTGFGNWGGYTF,0.02634830659780742,TCRBV12-X,TCRBJ01-02
d25cf97d86c412cfcf8e03ef152c1b95,APLHF,0.02626583189052542,TCRBV15-01,TCRBJ01-06
d25cf97d86c412cfcf8e03ef152c1b95,CASSLGAGKTFPYGYTF,0.026200442419182002,TCRBV07-09,TCRBJ01-02
d25cf97d86c412cfcf8e03ef152c1b95,F,0.026169089102652747,TCRBV27-01,TCRBJ02-05
d25cf97d86c412cfcf8e03ef152c1b95,CASSYYPGPNYGYTF,0.026164611520258573,TCRBV06-05,TCRBJ01-02
d25cf97d86c412cfcf8e03ef152c1b95,CASSPWGTGPNYGYTF,0.02593829195031664,TCRBV18-01,TCRBJ01-02
d25cf97d86c412cfcf8e03ef152c1b95,CASSYSSTGGYYGYTF,0.025931278200450734,TCRBV06-02/06-03,TCRBJ01-02
d25cf97d86c412cfcf8e03ef152c1b95,CASYWGQGAYGYTF,0.0258846652127245,TCRBV06-05,TCRBJ01-02
d25cf97d86c412cfcf8e03ef152c1b95,CASSANYNNYGYTF,0.0258777557293934,TCRBV02-01,TCRBJ01-02
d25cf97d86c412cfcf8e03ef152c1b95,CASSHYKGSHYGYTF,0.02584481387979908,TCRBV03-01/03-02,TCRBJ01-02
d25cf97d86c412cfcf8e03ef152c1b95,CAWSVWGGGYTF,0.025783639625009323,TCRBV30-01,TCRBJ01-02
d25cf97d86c412cfcf8e03ef152c1b95,CATYPGHNYGYTF,0.025760676552907497,TCRBV06-05,TCRBJ01-02
d25cf97d86c412cfcf8e03ef152c1b95,CASSYSTGYSNYGYTF,0.025667082363705535,TCRBV06-05,TCRBJ01-02
d25cf97d86c412cfcf8e03ef152c1b95,CSAVHPGIHYGYTF,0.025626309973980164,TCRBV20-X,TCRBJ01-02
d25cf97d86c412cfcf8e03ef152c1b95,CASSQVWDPYWGYTF,0.025619152203962724,TCRBV04-02,TCRBJ01-02
d25cf97d86c412cfcf8e03ef152c1b95,CAWGPPGQPQHF,0.02546692838038283,TCRBV30-01,TCRBJ01-05
d25cf97d86c412cfcf8e03ef152c1b95,WGTAYNSPLHF,0.02541540377142319,TCRBV10-03,TCRBJ01-06
d25cf97d86c412cfcf8e03ef152c1b95,CASSYGGYYGYTF,0.025402721840629465,TCRBV06-05,TCRBJ01-02
d25cf97d86c412cfcf8e03ef152c1b95,CAWEWRGVTF,0.025349527062673287,TCRBV30-01,TCRBJ01-02
d25cf97d86c412cfcf8e03ef152c1b95,CAPWGANVLTF,0.025343676890960745,TCRBV06-04,TCRBJ02-06
d25cf97d86c412cfcf8e03ef152c1b95,CAWKKRGFVYYGYTF,0.025326053342045452,TCRBV30-01,TCRBJ01-02
d25cf97d86c412cfcf8e03ef152c1b95,CAWVKWDTYGYTF,0.025311808987573417,TCRBV30-01,TCRBJ01-02
d25cf97d86c412cfcf8e03ef152c1b95,CASSYVAWVYTF,0.025295570771850844,TCRBV06-05,TCRBJ01-02
d25cf97d86c412cfcf8e03ef152c1b95,CAWYAYGNTIYF,0.025290834700592225,TCRBV30-01,TCRBJ01-03
d25cf97d86c412cfcf8e03ef152c1b95,CAWSGGGPYGYTF,0.02528438222041507,TCRBV30-01,TCRBJ01-02
d25cf97d86c412cfcf8e03ef152c1b95,CASSYYGYTF,0.025281230020721406,TCRBV05-01,TCRBJ01-02
d25cf97d86c412cfcf8e03ef152c1b95,GGGTNYGYTF,0.025168603548683527,TCRBV24-01,TCRBJ01-02
d25cf97d86c412cfcf8e03ef152c1b95,CAISELMWGWGYTF,0.025145246286539268,TCRBV10-03,TCRBJ01-02
d25cf97d86c412cfcf8e03ef152c1b95,CATLDPRMWYGYTF,0.025140932058864293,TCRBV06-05,TCRBJ01-02
d25cf97d86c412cfcf8e03ef152c1b95,CAWVRRGMYYGYTF,0.025139503394713148,TCRBV30-01,TCRBJ01-02
d25cf97d86c412cfcf8e03ef152c1b95,CAWSVGFGPGYGYTF,0.02508567213690612,TCRBV30-01,TCRBJ01-02
d25cf97d86c412cfcf8e03ef152c1b95,CASSYYGGTAGYTF,0.0250601951642633,TCRBV06-05,TCRBJ01-02
d25cf97d86c412cfcf8e03ef152c1b95,CASSWGAPGSGGNTIYF,0.025017143074032015,TCRBV07-02,TCRBJ01-03
d25cf97d86c412cfcf8e03ef152c1b95,CAWSVRWAAEAFF,0.024997034252751803,TCRBV30-01,TCRBJ01-01
d25cf97d86c412cfcf8e03ef152c1b95,CAWNPGANVLTF,0.024983212676331166,TCRBV30-01,TCRBJ02-06
d25cf97d86c412cfcf8e03ef152c1b95,CASSSYGGGQWNGYTF,0.02496839728614429,TCRBV07-02,TCRBJ01-02
d25cf97d86c412cfcf8e03ef152c1b95,CAWSAGFGYGYTF,0.024957547004000293,TCRBV30-01,TCRBJ01-02
d25cf97d86c412cfcf8e03ef152c1b95,CASSYYLRGEGHYYGYTF,0.024939242950203108,TCRBV06-X,TCRBJ01-02
d25cf97d86c412cfcf8e03ef152c1b95,CASHRGGAHRYGYTF,0.024902584341783454,TCRBV19-01,TCRBJ01-02
d25cf97d86c412cfcf8e03ef152c1b95,CASSWGAFGYGYTF,0.024892697983016052,TCRBV12-X,TCRBJ01-02
d25cf97d86c412cfcf8e03ef152c1b95,WGDREWNTEAFF,0.02488584692048929,TCRBV09-01,TCRBJ01-01
d25cf97d86c412cfcf8e03ef152c1b95,CASSYRGYGYTF,0.024885473752379907,TCRBV05-08,TCRBJ01-02
d25cf97d86c412cfcf8e03ef152c1b95,CATVWHTEAFF,0.024884527839044615,TCRBV19-01,TCRBJ01-01
d25cf97d86c412cfcf8e03ef152c1b95,CAWSTPGGYYGYTF,0.024864758462825022,TCRBV30-01,TCRBJ01-02
d25cf97d86c412cfcf8e03ef152c1b95,CASWGAEAFF,0.024785851189717715,TCRBV19-01,TCRBJ01-01
d25cf97d86c412cfcf8e03ef152c1b95,CASSFGRRYYYGYTF,0.024743392210712572,TCRBV12-X,TCRBJ01-02
d25cf97d86c412cfcf8e03ef152c1b95,CASSPAPGTGGNSGSFGYTF,0.024674889452205556,TCRBV18-01,TCRBJ01-02
d25cf97d86c412cfcf8e03ef152c1b95,CSAGYYGYTF,0.02467108271419406,TCRBV20-01,TCRBJ01-02
d25cf97d86c412cfcf8e03ef152c1b95,CAWGAYGYTF,0.024668948666916456,TCRBV30-01,TCRBJ01-02
d25cf97d86c412cfcf8e03ef152c1b95,CANYTAPSYGYTF,0.024652997775496614,TCRBV07-02,TCRBJ01-02
d25cf97d86c412cfcf8e03ef152c1b95,CSMCWGYTF,0.024591239009826155,TCRBV29-01,TCRBJ01-02
d25cf97d86c412cfcf8e03ef152c1b95,CASSYYREGYYEQYF,0.024578705020353007,TCRBV05-01,TCRBJ02-07
d25cf97d86c412cfcf8e03ef152c1b95,CASSYSWGSTNYGYTF,0.024570885332288756,TCRBV06-06,TCRBJ01-02
d25cf97d86c412cfcf8e03ef152c1b95,CASGFPAGPNYGYTF,0.024554233896721338,TCRBV12-05,TCRBJ01-02
d25cf97d86c412cfcf8e03ef152c1b95,CASSSYGGPSSGNTIYF,0.0245372196778189,TCRBV04-01,TCRBJ01-03
d25cf97d86c412cfcf8e03ef152c1b95,CASSYSWSYWGGPTEAFF,0.02452821344797612,TCRBV06-02/06-03,TCRBJ01-01
d25cf97d86c412cfcf8e03ef152c1b95,CASRYGYGYTF,0.024510367418087462,TCRBV06-05,TCRBJ01-02
d25cf97d86c412cfcf8e03ef152c1b95,CASSSAGGYTNYGYTF,0.02450232245667942,TCRBV07-09,TCRBJ01-02
d25cf97d86c412cfcf8e03ef152c1b95,CASSYGPYGYTF,0.024499476131687653,TCRBV06-06,TCRBJ01-02
d25cf97d86c412cfcf8e03ef152c1b95,CSAHPPPGANVLTF,0.024496803899739468,TCRBV20-X,TCRBJ02-06
d25cf97d86c412cfcf8e03ef152c1b95,CAWKKGWAFPEAFF,0.02442227276100203,TCRBV30-01,TCRBJ01-01
d4703463106c511075f6b9ee703aa028,CAAF,0.0334522842200254,TCRBV09-01,TCRBJ01-02
d4703463106c511075f6b9ee703aa028,CASSTWDRVKAFF,0.0318798472264258,TCRBV12-03/12-04,TCRBJ01-01
d4703463106c511075f6b9ee703aa028,CAGGPYYGYTF,0.031436373953855484,TCRBV30-01,TCRBJ01-02
d4703463106c511075f6b9ee703aa028,CASSTTNHYYGGYGYTF,0.03100888569256656,TCRBV19-01,TCRBJ01-02
d4703463106c511075f6b9ee703aa028,CAHPHWGQPQHF,0.030210988586176605,TCRBV21-01,TCRBJ01-05
d4703463106c511075f6b9ee703aa028,CAWSGGYNYGYTF,0.029780590753776186,TCRBV30-01,TCRBJ01-02
d4703463106c511075f6b9ee703aa028,CASSSWGTGGSYGYTF,0.02956478580972376,TCRBV05-06,TCRBJ01-02
d4703463106c511075f6b9ee703aa028,CASSYSWGGGYTF,0.02950326897260344,TCRBV06-05,TCRBJ01-02
d4703463106c511075f6b9ee703aa028,CASSYYHSNYGYTF,0.029367360616216604,TCRBV06-05,TCRBJ01-02
d4703463106c511075f6b9ee703aa028,PRGHIYGYTF,0.029087370874372936,TCRBV06-08,TCRBJ01-02
d4703463106c511075f6b9ee703aa028,CASSYNRYYGYTF,0.028917808994319758,TCRBV06-02/06-03,TCRBJ01-02
d4703463106c511075f6b9ee703aa028,CASSYSGYTNYGYTF,0.028898029665451207,TCRBV02-01,TCRBJ01-02
d4703463106c511075f6b9ee703aa028,CASSMWGRYNYGYTF,0.028533199809548326,TCRBV27-01,TCRBJ01-02
d4703463106c511075f6b9ee703aa028,CASYWTGAPNYGYTF,0.028483672739714434,TCRBV06-06,TCRBJ01-02
d4703463106c511075f6b9ee703aa028,CAWSPFYGGYTF,0.02846566680990463,TCRBV30-01,TCRBJ01-02
d4703463106c511075f6b9ee703aa028,CAWRYTYGYTF,0.028304123004780274,TCRBV30-01,TCRBJ01-02
d4703463106c511075f6b9ee703aa028,CRPAGYYGYTF,0.028253358589187243,TCRBV20-01,TCRBJ01-02
d4703463106c511075f6b9ee703aa028,CASSYYRKPNYGYTF,0.028184489953899057,TCRBV06-06,TCRBJ01-02
d4703463106c511075f6b9ee703aa028,CASSYYPYQPQHF,0.02816492519788667,TCRBV06-02/06-03,TCRBJ01-05
d4703463106c511075f6b9ee703aa028,CSAPYYGYTF,0.028122860329746948,TCRBV20-01,TCRBJ01-02
d4703463106c511075f6b9ee703aa028,CAWRYWGGWTEAFF,0.028037953540407834,TCRBV30-01,TCRBJ01-01
d4703463106c511075f6b9ee703aa028,CASSYYGPSGGYTF,0.02796258384745278,TCRBV06-06,TCRBJ01-02
d4703463106c511075f6b9ee703aa028,CASSYYNGGPGNTIYF,0.02789037459298149,TCRBV06-06,TCRBJ01-03
d4703463106c511075f6b9ee703aa028,CAWSVYGGGPFYTQYF,0.027731973473863043,TCRBV30-01,TCRBJ02-03
d4703463106c511075f6b9ee703aa028,CASSYAAYYGYTF,0.027728272528548686,TCRBV06-05,TCRBJ01-02
d4703463106c511075f6b9ee703aa028,CASSYKGYYGYTF,0.027685409986670587,TCRBV06-05,TCRBJ01-02
d4703463106c511075f6b9ee703aa028,CASSYGNNNYGYTF,0.027641855644954097,TCRBV06-06,TCRBJ01-02
d4703463106c511075f6b9ee703aa028,CACAAAGYNYGYTF,0.027443694162421754,TCRBV06-05,TCRBJ01-02
d4703463106c511075f6b9ee703aa028,CASTFPYGGGYTF,0.027391162906759275,TCRBV02-01,TCRBJ01-02
d4703463106c511075f6b9ee703aa028,CAWNYYGGGGYTF,0.027230684223551453,TCRBV30-01,TCRBJ01-02
d4703463106c511075f6b9ee703aa028,KDRVYGYTF,0.02719629686190182,TCRBV20-01,TCRBJ01-02
d4703463106c511075f6b9ee703aa028,CASSYYTSYGYTF,0.027166039146628112,TCRBV06-02/06-03,TCRBJ01-02
d4703463106c511075f6b9ee703aa028,CASMWGNGYGYTF,0.027138885856678233,TCRBV19-01,TCRBJ01-02
d4703463106c511075f6b9ee703aa028,CAWRAYTGWGGYTF,0.027105613997789806,TCRBV30-01,TCRBJ01-02
d4703463106c511075f6b9ee703aa028,WREAKNIQYF,0.027088167450958357,TCRBV20-01,TCRBJ02-04
d4703463106c511075f6b9ee703aa028,CASRGFTVHPAYGYTF,0.02701789964844865,TCRBV19-01,TCRBJ01-02
d4703463106c511075f6b9ee703aa028,CASSLDAGTAISVGGYTF,0.026970892226596925,TCRBV07-02,TCRBJ01-02
d4703463106c511075f6b9ee703aa028,CASSYSFWTGPYGYTF,0.026918605483718494,TCRBV06-05,TCRBJ01-02
d4703463106c511075f6b9ee703aa028,CASTYYSSPANYGYTF,0.026891898564667355,TCRBV19-01,TCRBJ01-02
d4703463106c511075f6b9ee703aa028,CASSWGTGYYGYTF,0.026855573386639048,TCRBV12-X,TCRBJ01-02
d4703463106c511075f6b9ee703aa028,CASTIWGAFLGAFF,0.026825692076122204,TCRBV05-06,TCRBJ01-01
d4703463106c511075f6b9ee703aa028,CATHGGGFNYGYTF,0.026800170774857555,TCRBV05-04,TCRBJ01-02
d4703463106c511075f6b9ee703aa028,CASSPWGGYGYTF,0.026769062071468293,TCRBV12-03/12-04,TCRBJ01-02
d4703463106c511075f6b9ee703aa028,CSARDWWRGKGWGYTF,0.026671963297786053,TCRBV20-X,TCRBJ01-02
d4703463106c511075f6b9ee703aa028,CASSYHTPPYGYTF,0.02666093121815264,TCRBV06-05,TCRBJ01-02
d4703463106c511075f6b9ee703aa028,CASSLDTEGAWNTEAFF,0.026647794742268322,TCRBV13-01,TCRBJ01-01
d4703463106c511075f6b9ee703aa028,CAWNGGGRWTIYF,0.02664472145316135,TCRBV30-01,TCRBJ01-03
d4703463106c511075f6b9ee703aa028,CAWGPEWGTEAFF,0.02662768239575879,TCRBV30-01,TCRBJ01-01
d4703463106c511075f6b9ee703aa028,CASWGYGYTF,0.02658092511320085,TCRBV06-X,TCRBJ01-02
d4703463106c511075f6b9ee703aa028,CAWSVWGNGYGYTF,0.026548760734993525,TCRBV30-01,TCRBJ01-02
d4703463106c511075f6b9ee703aa028,CSVYRGPFYGYTF,0.026522129128136424,TCRBV20-X,TCRBJ01-02
d4703463106c511075f6b9ee703aa028,CASWFPPGYTF,0.02651915764561809,TCRBV02-01,TCRBJ01-02
d4703463106c511075f6b9ee703aa028,CASSNTNGGFNYGYTF,0.026494232112524104,TCRBV19-01,TCRBJ01-02
d4703463106c511075f6b9ee703aa028,CASSYEGYYGYTF,0.026408117617327226,TCRBV06-06,TCRBJ01-02
d4703463106c511075f6b9ee703aa028,CASWRGAYYGYTF,0.02637296694184996,TCRBV07-02,TCRBJ01-02
d4703463106c511075f6b9ee703aa028,CASRDPRDPRAKNIQYF,0.02626814762134442,TCRBV06-X,TCRBJ02-04
d4703463106c511075f6b9ee703aa028,CAWKKYMAGGVLYGYTF,0.026256036062299815,TCRBV30-01,TCRBJ01-02
d4703463106c511075f6b9ee703aa028,CAWGGAPEAFF,0.026225783976971666,TCRBV30-01,TCRBJ01-01
d4703463106c511075f6b9ee703aa028,CAWGVVPEAFF,0.026218122397170807,TCRBV30-01,TCRBJ01-01
d4703463106c511075f6b9ee703aa028,CASSYSIYAYGYTF,0.0261737618933222,TCRBV06-05,TCRBJ01-02
d4703463106c511075f6b9ee703aa028,CASSFGGNPNYGYTF,0.026102712714289798,TCRBV05-01,TCRBJ01-02
d4703463106c511075f6b9ee703aa028,CASVRVYSPYGYTF,0.02609712966847625,TCRBV12-05,TCRBJ01-02
d4703463106c511075f6b9ee703aa028,CASRPYGTYTSYGYTF,0.026096261635776063,TCRBV06-X,TCRBJ01-02
d4703463106c511075f6b9ee703aa028,CAWSPYHTGGPYTF,0.026078472399480294,TCRBV30-01,TCRBJ01-02
d4703463106c511075f6b9ee703aa028,CASSYYRDYGYTF,0.026076722432435372,TCRBV06-02/06-03,TCRBJ01-02
d4703463106c511075f6b9ee703aa028,CASYHSGGAYTIYF,0.0260467999508373,TCRBV06-05,TCRBJ01-03
d4703463106c511075f6b9ee703aa028,CVRSPPEGPHHHYGYTF,0.02601521175992659,TCRBV07-05,TCRBJ01-02
d4703463106c511075f6b9ee703aa028,CASYRGYGYTF,0.02601021619558235,TCRBV06-05,TCRBJ01-02
d4703463106c511075f6b9ee703aa028,CAWNSGGYYGYTF,0.025988944161907293,TCRBV30-01,TCRBJ01-02
d4703463106c511075f6b9ee703aa028,CAWSPWAGGYGYTF,0.025986920933332186,TCRBV30-01,TCRBJ01-02
d4703463106c511075f6b9ee703aa028,CASSPWGGHYGYTF,0.025974008170567928,TCRBV07-02,TCRBJ01-02
d4703463106c511075f6b9ee703aa028,CASNFRGWGNYGYTF,0.025911776495002526,TCRBV19-01,TCRBJ01-02
d4703463106c511075f6b9ee703aa028,CAWKWRRDNFWRLEAFF,0.025907404944166223,TCRBV30-01,TCRBJ01-01
d4703463106c511075f6b9ee703aa028,CASSHHRTPHYTF,0.025899112102897075,TCRBV12-03/12-04,TCRBJ01-02
d4703463106c511075f6b9ee703aa028,CASIWGGITPGANVLTF,0.025879784208370397,TCRBV19-01,TCRBJ02-06
d4703463106c511075f6b9ee703aa028,CASSYAYTGNYGYTF,0.02586769375717942,TCRBV06-05,TCRBJ01-02
d4703463106c511075f6b9ee703aa028,CASSWVNRGPYYGYTF,0.02584200779808081,TCRBV03-01/03-02,TCRBJ01-02
d4703463106c511075f6b9ee703aa028,CAWRRVGVWGYTF,0.025779405882557945,TCRBV30-01,TCRBJ01-02
d4703463106c511075f6b9ee703aa028,CASSWGGYGYTF,0.025745641031788894,TCRBV07-X,TCRBJ01-02
d4703463106c511075f6b9ee703aa028,CASIDTGYWYGYTF,0.02570405601379911,TCRBV19-01,TCRBJ01-02
d4703463106c511075f6b9ee703aa028,CARKGCPNYGYTF,0.025694685011351515,TCRBV09-01,TCRBJ01-02
d4703463106c511075f6b9ee703aa028,CASSYWGRTNYGYTF,0.025663937364563117,TCRBV06-05,TCRBJ01-02
d4703463106c511075f6b9ee703aa028,CASCFGTGTGCYGYTF,0.025660211547903777,TCRBV11-02,TCRBJ01-02
d4703463106c511075f6b9ee703aa028,CASSYYDGHYGYTF,0.025656739560937152,TCRBV06-05,TCRBJ01-02
d4703463106c511075f6b9ee703aa028,CSAAHPWGYNQPQHF,0.025641151062101516,TCRBV20-X,TCRBJ01-05
d4703463106c511075f6b9ee703aa028,CAWNYYARSNYGYTF,0.025634949509688476,TCRBV30-01,TCRBJ01-02
d4703463106c511075f6b9ee703aa028,CASSYTGGSNNYGYTF,0.02558243565702286,TCRBV11-02,TCRBJ01-02
d4703463106c511075f6b9ee703aa028,CCTRGVVYYGYTF,0.02554043384778516,TCRBV06-05,TCRBJ01-02
d4703463106c511075f6b9ee703aa028,CAWSGGGAFIPYGYTF,0.025530349826895817,TCRBV30-01,TCRBJ01-02
d4703463106c511075f6b9ee703aa028,CASIYYGYTF,0.025524230706914567,TCRBV02-01,TCRBJ01-02
d4703463106c511075f6b9ee703aa028,CAGYLYGYTF,0.025493505482760172,TCRBV06-05,TCRBJ01-02
d4703463106c511075f6b9ee703aa028,CSAGGYNYGYTF,0.0254771123143249,TCRBV20-01,TCRBJ01-02
d4703463106c511075f6b9ee703aa028,CAWSYTHYGYTF,0.0254027897209599,TCRBV30-01,TCRBJ01-02
d4703463106c511075f6b9ee703aa028,CASSYGGYYGYTF,0.025402721840629465,TCRBV06-02/06-03,TCRBJ01-02
d4703463106c511075f6b9ee703aa028,CASSYSYRSNYGYTF,0.02540258903179825,TCRBV06-05,TCRBJ01-02
d4703463106c511075f6b9ee703aa028,CAFIPLWGYGYTF,0.025402345550697383,TCRBV30-01,TCRBJ01-02
d5f7b71b5e51d3066631987f0838cd3e,HKAFF,0.036092291137682884,TCRBV27-01,TCRBJ01-01
d5f7b71b5e51d3066631987f0838cd3e,CASSPYYYGYTF,0.03106622440580626,TCRBV28-01,TCRBJ01-02
d5f7b71b5e51d3066631987f0838cd3e,CASSYSGGTGYGANYGYTF,0.02909033028360015,TCRBV06-X,TCRBJ01-02
d5f7b71b5e51d3066631987f0838cd3e,CASSYWNPNYGYTF,0.028958181393262263,TCRBV06-02/06-03,TCRBJ01-02
d5f7b71b5e51d3066631987f0838cd3e,CASSYPWGGYTF,0.028779575748846924,TCRBV06-02/06-03,TCRBJ01-02
d5f7b71b5e51d3066631987f0838cd3e,CAWNPWGVGGGYTF,0.02876165969916332,TCRBV30-01,TCRBJ01-02
d5f7b71b5e51d3066631987f0838cd3e,CAYGGHYGYTF,0.028437695464498522,TCRBV30-01,TCRBJ01-02
d5f7b71b5e51d3066631987f0838cd3e,CASRTYMYGYTF,0.02837988510445019,TCRBV06-05,TCRBJ01-02
d5f7b71b5e51d3066631987f0838cd3e,HRQPQHF,0.028030320173098266,TCRBV23-01,TCRBJ01-05
d5f7b71b5e51d3066631987f0838cd3e,CATPHPYGYTF,0.02793713855143949,TCRBV11-03,TCRBJ01-02
d5f7b71b5e51d3066631987f0838cd3e,CASTVGRAFGELFF,0.02727738842236373,TCRBV06-05,TCRBJ02-02
d5f7b71b5e51d3066631987f0838cd3e,CASSWSSWAFF,0.02707453742571731,TCRBV25-01,TCRBJ01-01
d5f7b71b5e51d3066631987f0838cd3e,MEGYTF,0.027000124348763383,TCRBV20-01,TCRBJ01-02
d5f7b71b5e51d3066631987f0838cd3e,CAWSGGLAGAPWWF,0.026704257351886806,TCRBV30-01,TCRBJ02-X
d5f7b71b5e51d3066631987f0838cd3e,CASSFWGGYGYTF,0.02647794425398934,TCRBV27-01,TCRBJ01-02
d5f7b71b5e51d3066631987f0838cd3e,CASYGYKFF,0.02624800939601514,TCRBV07-06,TCRBJ02-01
d5f7b71b5e51d3066631987f0838cd3e,CAWGSGAYYGYTF,0.026118462103757727,TCRBV30-01,TCRBJ01-02
d5f7b71b5e51d3066631987f0838cd3e,CAWSAPGGANYGYTF,0.026076901057051804,TCRBV30-01,TCRBJ01-02
d5f7b71b5e51d3066631987f0838cd3e,CAPTRHHF,0.02607393271266769,TCRBV27-01,TCRBJ01-05
d5f7b71b5e51d3066631987f0838cd3e,HRNQPQHF,0.02606039088260625,TCRBV09-01,TCRBJ01-05
d5f7b71b5e51d3066631987f0838cd3e,CASSPGGGGWNF,0.026057351759113095,TCRBV06-06,TCRBJ01-06
d5f7b71b5e51d3066631987f0838cd3e,CASSNSYNNRGRSGYTF,0.026013653188612578,TCRBV21-01,TCRBJ01-02
d5f7b71b5e51d3066631987f0838cd3e,CASSFNPYGYTF,0.02577219001977849,TCRBV12-03/12-04,TCRBJ01-02
d5f7b71b5e51d3066631987f0838cd3e,CASSWGYGNGYTF,0.025677125024004807,TCRBV28-01,TCRBJ01-02
d5f7b71b5e51d3066631987f0838cd3e,CASIGAQGAAGANVLTF,0.025611884818778626,TCRBV06-X,TCRBJ02-06
d5f7b71b5e51d3066631987f0838cd3e,CASSSGTGYGANYGYTF,0.025535392094188532,TCRBV05-01,TCRBJ01-02
d5f7b71b5e51d3066631987f0838cd3e,CAWGTVEAFF,0.02530575411880336,TCRBV30-01,TCRBJ01-01
d5f7b71b5e51d3066631987f0838cd3e,WGVFWELNTEAFF,0.025278261780047464,TCRBV27-01,TCRBJ01-01
d5f7b71b5e51d3066631987f0838cd3e,CATYPPGGWSGGNTIYF,0.025256711464623792,TCRBV28-01,TCRBJ01-03
d5f7b71b5e51d3066631987f0838cd3e,CAWSPHPWGYTF,0.025244090534482684,TCRBV30-01,TCRBJ01-02
d5f7b71b5e51d3066631987f0838cd3e,CAYYRGRVNYGYTF,0.025209372534901003,TCRBV30-01,TCRBJ01-02
d5f7b71b5e51d3066631987f0838cd3e,CASSPAGYYTGGYTF,0.025195470254897552,TCRBV07-03,TCRBJ01-02
d5f7b71b5e51d3066631987f0838cd3e,CAAGTPYYGYTF,0.025106848303728037,TCRBV06-05,TCRBJ01-02
d5f7b71b5e51d3066631987f0838cd3e,CAWIPYGGGYEQYF,0.025079028734086784,TCRBV30-01,TCRBJ02-07
d5f7b71b5e51d3066631987f0838cd3e,CASSSWGGHYGYTF,0.02506252093501843,TCRBV09-01,TCRBJ01-02
d5f7b71b5e51d3066631987f0838cd3e,CASSYGGWRGYSYEQYF,0.024986656844383923,TCRBV06-02/06-03,TCRBJ02-07
d5f7b71b5e51d3066631987f0838cd3e,CASSYVWWMTEAFF,0.024946221422112527,TCRBV06-05,TCRBJ01-01
d5f7b71b5e51d3066631987f0838cd3e,CASSGWGYGYTF,0.02494535734524804,TCRBV19-01,TCRBJ01-02
d5f7b71b5e51d3066631987f0838cd3e,CASSYSGPFYGYTF,0.024927012746018353,TCRBV06-05,TCRBJ01-02
d5f7b71b5e51d3066631987f0838cd3e,CASSPYGANYGYTF,0.024922461241200903,TCRBV05-04,TCRBJ01-02
d5f7b71b5e51d3066631987f0838cd3e,CASSYRGYGYTF,0.024885473752379907,TCRBV12-03/12-04,TCRBJ01-02
d5f7b71b5e51d3066631987f0838cd3e,CSAWGGNYGYTF,0.02484606292857451,TCRBV29-01,TCRBJ01-02
d5f7b71b5e51d3066631987f0838cd3e,CASSYWDRGYGYTF,0.02484377117313686,TCRBV06-05,TCRBJ01-02
d5f7b71b5e51d3066631987f0838cd3e,CASGTDHSYYYGYTF,0.02484260154749799,TCRBV06-05,TCRBJ01-02
d5f7b71b5e51d3066631987f0838cd3e,CASSYTQGYYGYTF,0.024796944382005505,TCRBV06-06,TCRBJ01-02
d5f7b71b5e51d3066631987f0838cd3e,CAWSHREAFF,0.024765591012098385,TCRBV30-01,TCRBJ01-01
d5f7b71b5e51d3066631987f0838cd3e,CAWSPVYYGYTF,0.024699674489169328,TCRBV30-01,TCRBJ01-02
d5f7b71b5e51d3066631987f0838cd3e,CSAPGHPYGYTF,0.02468798360734582,TCRBV20-X,TCRBJ01-02
d5f7b71b5e51d3066631987f0838cd3e,CASSDWPNAHGYTF,0.024668099687386768,TCRBV06-01,TCRBJ01-02
d5f7b71b5e51d3066631987f0838cd3e,CAWSSIKEGIKLFF,0.024620857044528304,TCRBV30-01,TCRBJ01-04
d5f7b71b5e51d3066631987f0838cd3e,CASSPGWGGASNYGYTF,0.024574614133682816,TCRBV07-02,TCRBJ01-02
d5f7b71b5e51d3066631987f0838cd3e,WNSEKLFF,0.02455888833572414,TCRBV24-01,TCRBJ01-04
d5f7b71b5e51d3066631987f0838cd3e,CASSYWTGGSGYTF,0.024510622516536337,TCRBV06-05,TCRBJ01-02
d5f7b71b5e51d3066631987f0838cd3e,CSAYGGSNPYGYTF,0.024472635680559175,TCRBV20-X,TCRBJ01-02
d5f7b71b5e51d3066631987f0838cd3e,CASTPWGWANVLTF,0.02446910977151653,TCRBV02-01,TCRBJ02-06
d5f7b71b5e51d3066631987f0838cd3e,CASSSGGGGFYSGNTIYF,0.024429607385181584,TCRBV28-01,TCRBJ01-03
d5f7b71b5e51d3066631987f0838cd3e,CASTSGGWDPYGYTF,0.024422275601261905,TCRBV06-06,TCRBJ01-02
d5f7b71b5e51d3066631987f0838cd3e,CASSYGHRWGGYTF,0.02440942104352181,TCRBV06-05,TCRBJ01-02
d5f7b71b5e51d3066631987f0838cd3e,CAWASGANVLTF,0.024408095357862713,TCRBV30-01,TCRBJ02-06
d5f7b71b5e51d3066631987f0838cd3e,CASSHWGGGGGNQPQHF,0.024402767774718646,TCRBV06-X,TCRBJ01-05
d5f7b71b5e51d3066631987f0838cd3e,CASSHAWGNNHPSFGYTF,0.024397025643245418,TCRBV03-01/03-02,TCRBJ01-02
d5f7b71b5e51d3066631987f0838cd3e,CASSYYPAGGDNYGYTF,0.02433061244649337,TCRBV06-X,TCRBJ01-02
d5f7b71b5e51d3066631987f0838cd3e,CSYWGLNYGYTF,0.024318510631702105,TCRBV06-07,TCRBJ01-02
d5f7b71b5e51d3066631987f0838cd3e,CAERYYGYTF,0.02429808879106964,TCRBV24-01,TCRBJ01-02
d5f7b71b5e51d3066631987f0838cd3e,CASSYSQPQQPQHF,0.024203443691783125,TCRBV06-06,TCRBJ01-05
d5f7b71b5e51d3066631987f0838cd3e,CASSYSTGGGTFGYTF,0.024201122468632322,TCRBV06-05,TCRBJ01-02
d5f7b71b5e51d3066631987f0838cd3e,CAWSGGGGWNTEAFF,0.02419350083990585,TCRBV30-01,TCRBJ01-01
d5f7b71b5e51d3066631987f0838cd3e,CASSYTPGGGYTF,0.024169440984899076,TCRBV06-06,TCRBJ01-02
d5f7b71b5e51d3066631987f0838cd3e,CASIPWGPGVAFF,0.024161663254557618,TCRBV02-01,TCRBJ01-01
d5f7b71b5e51d3066631987f0838cd3e,CAQVWTTEAFF,0.024143462918224803,TCRBV30-01,TCRBJ01-01
d5f7b71b5e51d3066631987f0838cd3e,CAWIRTAGANVLTF,0.024135213921227743,TCRBV30-01,TCRBJ02-06
d5f7b71b5e51d3066631987f0838cd3e,CASTPFKGVNMGAFF,0.024100932492024402,TCRBV07-06,TCRBJ01-01
d5f7b71b5e51d3066631987f0838cd3e,CASSYMSGAYGYTF,0.024099025272695942,TCRBV06-05,TCRBJ01-02
d5f7b71b5e51d3066631987f0838cd3e,CASIGAGNTIYF,0.024088049532697744,TCRBV06-06,TCRBJ01-03
d5f7b71b5e51d3066631987f0838cd3e,CASSPYGNYGYTF,0.024056396973503293,TCRBV07-02,TCRBJ01-02
d5f7b71b5e51d3066631987f0838cd3e,CASSYGGTNYGYTF,0.02403680505429952,TCRBV06-02/06-03,TCRBJ01-02
d5f7b71b5e51d3066631987f0838cd3e,CASSFAGHPNYGYTF,0.023972738759548154,TCRBV12-X,TCRBJ01-02
d5f7b71b5e51d3066631987f0838cd3e,CAWAPWRGMMAEAFF,0.02396765724502874,TCRBV30-01,TCRBJ01-01
d5f7b71b5e51d3066631987f0838cd3e,CASSYSGYGYTF,0.023964757180891666,TCRBV07-02,TCRBJ01-02
d5f7b71b5e51d3066631987f0838cd3e,CASSYLTGGYYGYTF,0.023912383579480754,TCRBV06-05,TCRBJ01-02
d5f7b71b5e51d3066631987f0838cd3e,CAWHPGTYGYTF,0.02387870821929675,TCRBV30-01,TCRBJ01-02
d5f7b71b5e51d3066631987f0838cd3e,CASSSSGTGGFGYTF,0.02387114675584914,TCRBV06-06,TCRBJ01-02
d5f7b71b5e51d3066631987f0838cd3e,CASSIEAFKKLFF,0.023868031726335736,TCRBV19-01,TCRBJ01-04
d5f7b71b5e51d3066631987f0838cd3e,CAWTMGYYGYTF,0.023865862689015842,TCRBV30-01,TCRBJ01-02
d5f7b71b5e51d3066631987f0838cd3e,CATHRGGTHYGYTF,0.023843836751467385,TCRBV12-05,TCRBJ01-02
d5f7b71b5e51d3066631987f0838cd3e,CSAHWGGDGYTF,0.023792815332669078,TCRBV20-X,TCRBJ01-02
d5f7b71b5e51d3066631987f0838cd3e,CASFTPGGGGYTF,0.023749415044413556,TCRBV12-03/12-04,TCRBJ01-02
d5f7b71b5e51d3066631987f0838cd3e,CAWYTQALYGYTF,0.02374857897517538,TCRBV30-01,TCRBJ01-02
d5f7b71b5e51d3066631987f0838cd3e,CAWRNPRAVWEKLFF,0.02367175027335749,TCRBV30-01,TCRBJ01-04
d5f7b71b5e51d3066631987f0838cd3e,YASSQDRQGHQPQHF,0.023619931420383766,TCRBV04-02,TCRBJ01-05
d5f7b71b5e51d3066631987f0838cd3e,VLVPWAGPKYF,0.023619657875709264,TCRBV12-05,TCRBJ02-07
d5f7b71b5e51d3066631987f0838cd3e,CASSWGHAPGYTF,0.02361278453425587,TCRBV05-05,TCRBJ01-02
d5f7b71b5e51d3066631987f0838cd3e,CAAGPGGWYGYTF,0.0236119064375039,TCRBV19-01,TCRBJ01-02
d5f7b71b5e51d3066631987f0838cd3e,CASMGWGGGAFF,0.02360880106143298,TCRBV16-01,TCRBJ01-01
d5f7b71b5e51d3066631987f0838cd3e,CASSHGF,0.02360492951804449,TCRBV14-01,TCRBJ02-07
d5f7b71b5e51d3066631987f0838cd3e,CASFPGHAVGNYGYTF,0.023604257075705883,TCRBV06-X,TCRBJ01-02
d5f7b71b5e51d3066631987f0838cd3e,CSACPGPEQPQHF,0.02360362929656468,TCRBV20-X,TCRBJ01-05
d5f7b71b5e51d3066631987f0838cd3e,CASSYKGFHTF,0.02359980390495399,TCRBV06-05,TCRBJ01-02
d5f7b71b5e51d3066631987f0838cd3e,CASCSGGPGNTIYF,0.02359672411460551,TCRBV07-09,TCRBJ01-03
d65be0b135db0340bd4630f201b9ec0c,FF,0.04636419028842517,TCRBV07-03,TCRBJ02-01
d65be0b135db0340bd4630f201b9ec0c,CASSYYYGYTF,0.0340490058335077,TCRBV12-03/12-04,TCRBJ01-02
d65be0b135db0340bd4630f201b9ec0c,CASSSYWDPWSYGYTF,0.032839383848754705,TCRBV05-04,TCRBJ01-02
d65be0b135db0340bd4630f201b9ec0c,CATYYYGYTF,0.0318556431789577,TCRBV07-09,TCRBJ01-02
d65be0b135db0340bd4630f201b9ec0c,CAACPPGANVLTF,0.031389580926285514,TCRBV06-05,TCRBJ02-06
d65be0b135db0340bd4630f201b9ec0c,CASSYNRGWYGYTF,0.030059593934899903,TCRBV06-05,TCRBJ01-02
d65be0b135db0340bd4630f201b9ec0c,CASSGDRDRGLPWFGNTIYF,0.02999109475281284,TCRBV06-01,TCRBJ01-03
d65be0b135db0340bd4630f201b9ec0c,CAGWGPNYGYTF,0.029794224984371433,TCRBV19-01,TCRBJ01-02
d65be0b135db0340bd4630f201b9ec0c,RGPYVGYTF,0.029654161488103646,TCRBV25-01,TCRBJ01-02
d65be0b135db0340bd4630f201b9ec0c,CAWYMPSYGYTF,0.0295619369169894,TCRBV30-01,TCRBJ01-02
d65be0b135db0340bd4630f201b9ec0c,CAGWGQGFYYGYTF,0.02934518456314958,TCRBV30-01,TCRBJ01-02
d65be0b135db0340bd4630f201b9ec0c,CSGGFGFNYGYTF,0.02919297212987438,TCRBV20-X,TCRBJ01-02
d65be0b135db0340bd4630f201b9ec0c,CAWTYYLGRVTEAFF,0.029011124714455175,TCRBV30-01,TCRBJ01-01
d65be0b135db0340bd4630f201b9ec0c,CATPHF,0.028844905910232616,TCRBV09-01,TCRBJ02-05
d65be0b135db0340bd4630f201b9ec0c,CASSYNPYGYTF,0.028739310220083903,TCRBV06-05,TCRBJ01-02
d65be0b135db0340bd4630f201b9ec0c,CARNTGWGKPGNTGELFF,0.02867386021755012,TCRBV06-04,TCRBJ02-02
d65be0b135db0340bd4630f201b9ec0c,CASSVWLAGGPDYNEQFF,0.028635971422424595,TCRBV09-01,TCRBJ02-01
d65be0b135db0340bd4630f201b9ec0c,CAWWPGGVYGYTF,0.028608564816924472,TCRBV30-01,TCRBJ01-02
d65be0b135db0340bd4630f201b9ec0c,CAWSVGYSSWGVYGYTF,0.028471156457914683,TCRBV30-01,TCRBJ01-02
d65be0b135db0340bd4630f201b9ec0c,CAGGWGNYGYTF,0.028340393894424033,TCRBV30-01,TCRBJ01-02
d65be0b135db0340bd4630f201b9ec0c,CASSPGYYYGYTF,0.027859993133822744,TCRBV12-03/12-04,TCRBJ01-02
d65be0b135db0340bd4630f201b9ec0c,WDEAFF,0.027780812027643712,TCRBV28-01,TCRBJ01-01
d65be0b135db0340bd4630f201b9ec0c,CASSSLFGTGSNSGNYGYTF,0.02768410075034067,TCRBV28-01,TCRBJ01-02
d65be0b135db0340bd4630f201b9ec0c,CASYVPPYGYTF,0.027647881558219147,TCRBV28-01,TCRBJ01-02
d65be0b135db0340bd4630f201b9ec0c,CAWYAGGFGYTF,0.02761049217138845,TCRBV30-01,TCRBJ01-02
d65be0b135db0340bd4630f201b9ec0c,CASSYSAYYGYTF,0.02760993528127876,TCRBV06-05,TCRBJ01-02
d65be0b135db0340bd4630f201b9ec0c,CAWSYTTSWAWYGYTF,0.027591045889918543,TCRBV30-01,TCRBJ01-02
d65be0b135db0340bd4630f201b9ec0c,CASSHWGGVNYGYTF,0.0275634398881765,TCRBV07-09,TCRBJ01-02
d65be0b135db0340bd4630f201b9ec0c,CAWNYGGYGYTF,0.027473997582838482,TCRBV30-01,TCRBJ01-02
d65be0b135db0340bd4630f201b9ec0c,CATNTGGGNNGNQPQHF,0.027287636895523132,TCRBV19-01,TCRBJ01-05
d65be0b135db0340bd4630f201b9ec0c,CASTFTGGAYYYGYTF,0.02713778585947009,TCRBV27-01,TCRBJ01-02
d65be0b135db0340bd4630f201b9ec0c,CAWSVSASSWMVF,0.02698684572486139,TCRBV30-01,TCRBJ01-01
d65be0b135db0340bd4630f201b9ec0c,CSHGVPTYHYGYTF,0.02691578594891346,TCRBV20-X,TCRBJ01-02
d65be0b135db0340bd4630f201b9ec0c,CASSYWAGGYGYTF,0.0268897118430397,TCRBV28-01,TCRBJ01-02
d65be0b135db0340bd4630f201b9ec0c,CASSYSCGTGFYGYTF,0.026825469562829673,TCRBV06-05,TCRBJ01-02
d65be0b135db0340bd4630f201b9ec0c,CASSYWRGNGGYTF,0.026788939497919467,TCRBV06-06,TCRBJ01-02
d65be0b135db0340bd4630f201b9ec0c,CAWTVNKWGGYTF,0.02678322614238528,TCRBV30-01,TCRBJ01-02
d65be0b135db0340bd4630f201b9ec0c,CSAHPGVYTHGYTF,0.026725154613829325,TCRBV20-X,TCRBJ01-02
d65be0b135db0340bd4630f201b9ec0c,CAWSPYKGYTF,0.02653556562503085,TCRBV30-01,TCRBJ01-02
d65be0b135db0340bd4630f201b9ec0c,CASSYTPGGSSGGYTF,0.026433160672005667,TCRBV06-06,TCRBJ01-02
d65be0b135db0340bd4630f201b9ec0c,CSARIPWGKGKEGYGYTF,0.026376859268291832,TCRBV20-X,TCRBJ01-02
d65be0b135db0340bd4630f201b9ec0c,CSVNGGWGNYGYTF,0.026339130483001384,TCRBV29-01,TCRBJ01-02
d65be0b135db0340bd4630f201b9ec0c,CAWGPFRGYGYTF,0.026232995522262718,TCRBV30-01,TCRBJ01-02
d65be0b135db0340bd4630f201b9ec0c,CASSWHPNYGYTF,0.026189328019103793,TCRBV28-01,TCRBJ01-02
d65be0b135db0340bd4630f201b9ec0c,WSNSRRGF,0.026168314433636434,TCRBV11-02,TCRBJ02-X
d65be0b135db0340bd4630f201b9ec0c,CASSEKIGWGHHYGYTF,0.02614293890152788,TCRBV25-01,TCRBJ01-02
d65be0b135db0340bd4630f201b9ec0c,CAGYNTGFPNYGYTF,0.026137409687512554,TCRBV25-01,TCRBJ01-02
d65be0b135db0340bd4630f201b9ec0c,CAWSVGFNYGYTF,0.02608916088076475,TCRBV30-01,TCRBJ01-02
d65be0b135db0340bd4630f201b9ec0c,CASSSSWGGFGGYTF,0.026047704185368805,TCRBV27-01,TCRBJ01-02
d65be0b135db0340bd4630f201b9ec0c,CASSYYPTANYGYTF,0.02603003178776771,TCRBV05-01,TCRBJ01-02
d65be0b135db0340bd4630f201b9ec0c,CAWSVWGEGGYGYTF,0.025925130265794037,TCRBV30-01,TCRBJ01-02
d65be0b135db0340bd4630f201b9ec0c,CASSLGRGIGELFF,0.025766065339086732,TCRBV27-01,TCRBJ02-02
d65be0b135db0340bd4630f201b9ec0c,CASSHYMRPAPYGYTF,0.025751013297673313,TCRBV14-01,TCRBJ01-02
d65be0b135db0340bd4630f201b9ec0c,CASNYNPFGNTEAFF,0.025749863394455622,TCRBV06-05,TCRBJ01-01
d65be0b135db0340bd4630f201b9ec0c,CASSWGGYGYTF,0.025745641031788894,TCRBV28-01,TCRBJ01-02
d65be0b135db0340bd4630f201b9ec0c,CACTGWGAGTEAFF,0.025735623094252185,TCRBV30-01,TCRBJ01-01
d65be0b135db0340bd4630f201b9ec0c,CATAWAGAANVLTF,0.025731824385881254,TCRBV24-01,TCRBJ02-06
d65be0b135db0340bd4630f201b9ec0c,CAWGGVGAFF,0.025670218793374656,TCRBV30-01,TCRBJ01-01
d65be0b135db0340bd4630f201b9ec0c,SLHF,0.02564870508124983,TCRBV13-01,TCRBJ01-06
d65be0b135db0340bd4630f201b9ec0c,CASHGAISHGYTF,0.025637157482034833,TCRBV28-01,TCRBJ01-02
d65be0b135db0340bd4630f201b9ec0c,CVYRVVNYGYTF,0.02563046118193813,TCRBV30-01,TCRBJ01-02
d65be0b135db0340bd4630f201b9ec0c,CASSHPWGYTF,0.025606154149877273,TCRBV28-01,TCRBJ01-02
d65be0b135db0340bd4630f201b9ec0c,CASSGGWSDYYGYTF,0.025544936497569493,TCRBV12-X,TCRBJ01-02
d65be0b135db0340bd4630f201b9ec0c,CAWIHPGANVLTF,0.025530809522857557,TCRBV30-01,TCRBJ02-06
d65be0b135db0340bd4630f201b9ec0c,CAWSVHKWAEAFF,0.025512656178016284,TCRBV30-01,TCRBJ01-01
d65be0b135db0340bd4630f201b9ec0c,CAWGPKGAAGNTIYF,0.025505394508329116,TCRBV30-01,TCRBJ01-03
d65be0b135db0340bd4630f201b9ec0c,CASSYYRPYSGNTIYF,0.025505110068467125,TCRBV06-05,TCRBJ01-03
d65be0b135db0340bd4630f201b9ec0c,CASSYYRGQVHYGYTF,0.025485214354332077,TCRBV06-05,TCRBJ01-02
d65be0b135db0340bd4630f201b9ec0c,CADYEGYYGYTF,0.025419611779197132,TCRBV02-01,TCRBJ01-02
d65be0b135db0340bd4630f201b9ec0c,CASSYRTGNYYGYTF,0.025416382626356693,TCRBV06-05,TCRBJ01-02
d65be0b135db0340bd4630f201b9ec0c,CASHPGAGGHYGYTF,0.025406406817533728,TCRBV06-05,TCRBJ01-02
d65be0b135db0340bd4630f201b9ec0c,CASSASGTGVGANYGYTF,0.02539972495255966,TCRBV05-06,TCRBJ01-02
d65be0b135db0340bd4630f201b9ec0c,CASSWTGHWGYGYTF,0.025337261325921852,TCRBV21-01,TCRBJ01-02
d65be0b135db0340bd4630f201b9ec0c,CASSLAKTGKKAEAFF,0.025327955827702434,TCRBV05-06,TCRBJ01-01
d65be0b135db0340bd4630f201b9ec0c,CASSFSLLWWAFF,0.025299659505672336,TCRBV12-03/12-04,TCRBJ01-01
d65be0b135db0340bd4630f201b9ec0c,CASSINKGAKAFF,0.025188211648106803,TCRBV19-01,TCRBJ01-01
d65be0b135db0340bd4630f201b9ec0c,CASSYYEGSYGYTF,0.02516410264712043,TCRBV06-05,TCRBJ01-02
d65be0b135db0340bd4630f201b9ec0c,CASYPGWGTGGSGNTIYF,0.02515189654752433,TCRBV05-01,TCRBJ01-03
d65be0b135db0340bd4630f201b9ec0c,CASVWGRGYGYTF,0.02515093346144062,TCRBV28-01,TCRBJ01-02
d65be0b135db0340bd4630f201b9ec0c,CASSHSTGGGTGYGYTF,0.025149930954758714,TCRBV28-01,TCRBJ01-02
d65be0b135db0340bd4630f201b9ec0c,CASSYWAGANYGYTF,0.02514240755169339,TCRBV06-05,TCRBJ01-02
d65be0b135db0340bd4630f201b9ec0c,CSAFGYLYGYTF,0.025140590224047046,TCRBV20-X,TCRBJ01-02
d65be0b135db0340bd4630f201b9ec0c,CASSYMDRYYGYTF,0.0251246093895935,TCRBV12-X,TCRBJ01-02
d65be0b135db0340bd4630f201b9ec0c,CATPKGNTGANSGANVLTF,0.02508235022120575,TCRBV10-03,TCRBJ02-06
d65be0b135db0340bd4630f201b9ec0c,CASWGASEAFF,0.025069152793493227,TCRBV02-01,TCRBJ01-01
d65be0b135db0340bd4630f201b9ec0c,CASSSGGPSYYGYTF,0.02504896102730668,TCRBV21-01,TCRBJ01-02
d65be0b135db0340bd4630f201b9ec0c,CAWRWGKEGYTF,0.025029525454572876,TCRBV30-01,TCRBJ01-02
d65be0b135db0340bd4630f201b9ec0c,CSAWWARPFF,0.024991539295064136,TCRBV20-01,TCRBJ02-01
d65be0b135db0340bd4630f201b9ec0c,CASSSHGPHKGYGYTF,0.024963733959747124,TCRBV05-01,TCRBJ01-02
d65be0b135db0340bd4630f201b9ec0c,CASSYRGHNYGYTF,0.024949680921255074,TCRBV27-01,TCRBJ01-02
d65be0b135db0340bd4630f201b9ec0c,CGAWGANYGYTF,0.024945676296399558,TCRBV28-01,TCRBJ01-02
d65be0b135db0340bd4630f201b9ec0c,CASSPPPPAPLHF,0.024887293360039225,TCRBV27-01,TCRBJ01-06
d65be0b135db0340bd4630f201b9ec0c,CASSYRGYGYTF,0.024885473752379907,TCRBV06-05,TCRBJ01-02
d65be0b135db0340bd4630f201b9ec0c,CAWAGGWVPGANVLTF,0.024873720302045918,TCRBV30-01,TCRBJ02-06
d65be0b135db0340bd4630f201b9ec0c,CAWRWDRAEAFF,0.0248675521953884,TCRBV30-01,TCRBJ01-01
d65be0b135db0340bd4630f201b9ec0c,CASSLYMIYYGYTF,0.024830740821435417,TCRBV05-08,TCRBJ01-02
d65be0b135db0340bd4630f201b9ec0c,CACTFFWTGGDYGYTF,0.024814677880602938,TCRBV30-01,TCRBJ01-02
d65be0b135db0340bd4630f201b9ec0c,CASSHGGHYGYTF,0.0248108890633239,TCRBV14-01,TCRBJ01-02
d65be0b135db0340bd4630f201b9ec0c,CAWGRGYGYTF,0.024783036150444,TCRBV30-01,TCRBJ01-02
d73b64c6938e9819d16e38b06b842dfe,SAYF,0.044193735367771804,TCRBV07-08,TCRBJ02-05
d73b64c6938e9819d16e38b06b842dfe,CASNWWGGPFGFF,0.03987032533547798,TCRBV05-06,TCRBJ01-01
d73b64c6938e9819d16e38b06b842dfe,WGTPLHF,0.03506559042126464,TCRBV10-03,TCRBJ01-06
d73b64c6938e9819d16e38b06b842dfe,CAGF,0.034968760660178386,TCRBV27-01,TCRBJ02-07
d73b64c6938e9819d16e38b06b842dfe,CAWNPPY,0.03298858371852508,TCRBV30-01,TCRBJ01-02
d73b64c6938e9819d16e38b06b842dfe,WPQHF,0.032980777428471754,TCRBV29-01,TCRBJ01-05
d73b64c6938e9819d16e38b06b842dfe,CASSAWDKITEAFF,0.03165262552620165,TCRBV19-01,TCRBJ01-01
d73b64c6938e9819d16e38b06b842dfe,CAIPWYGNYGYTF,0.03152741616614838,TCRBV06-X,TCRBJ01-02
d73b64c6938e9819d16e38b06b842dfe,RYGYTF,0.03125411541612113,TCRBV21-01,TCRBJ01-02
d73b64c6938e9819d16e38b06b842dfe,CSAHSYYHGGYTF,0.03107976424504336,TCRBV29-01,TCRBJ01-02
d73b64c6938e9819d16e38b06b842dfe,WPFRFF,0.030729492995568174,TCRBV19-01,TCRBJ02-01
d73b64c6938e9819d16e38b06b842dfe,CASSGWTGGFSGGYTF,0.030238501667174733,TCRBV06-01,TCRBJ01-02
d73b64c6938e9819d16e38b06b842dfe,CPHR,0.030073193727568292,TCRBV25-01,TCRBJ01-02
d73b64c6938e9819d16e38b06b842dfe,CASSFHTYYYTF,0.03003912900508947,TCRBV03-01/03-02,TCRBJ01-02
d73b64c6938e9819d16e38b06b842dfe,CASWGMYYGYTF,0.029841301342559717,TCRBV06-05,TCRBJ01-02
d73b64c6938e9819d16e38b06b842dfe,CASSGWGAYTNYGYTF,0.029816742021439004,TCRBV05-04,TCRBJ01-02
d73b64c6938e9819d16e38b06b842dfe,CARVYAWVSFYKFF,0.029426733420937157,TCRBV11-03,TCRBJ02-01
d73b64c6938e9819d16e38b06b842dfe,CASSYTGYYGYTF,0.0294064821401832,TCRBV03-01/03-02,TCRBJ01-02
d73b64c6938e9819d16e38b06b842dfe,CASNRWGGGGWYF,0.02940255937984035,TCRBV25-01,TCRBJ02-03
d73b64c6938e9819d16e38b06b842dfe,PNWPNHTF,0.028955969077274865,TCRBV05-06,TCRBJ01-02
d73b64c6938e9819d16e38b06b842dfe,WGGTEGYF,0.028910811691617206,TCRBV21-01,TCRBJ02-07
d73b64c6938e9819d16e38b06b842dfe,CASGPQGAAGNTIYF,0.028732198474282506,TCRBV12-05,TCRBJ01-03
d73b64c6938e9819d16e38b06b842dfe,CAWWPDWALGYTF,0.028363493484034823,TCRBV30-01,TCRBJ01-02
d73b64c6938e9819d16e38b06b842dfe,CASSLFSWGGNYGYTF,0.028124300500622524,TCRBV07-02,TCRBJ01-02
d73b64c6938e9819d16e38b06b842dfe,TQYF,0.027884071147928093,TCRBV09-01,TCRBJ02-03
d73b64c6938e9819d16e38b06b842dfe,TIYF,0.02787485196412951,TCRBV25-01,TCRBJ01-03
d73b64c6938e9819d16e38b06b842dfe,WGLYTEAFF,0.027843552758329074,TCRBV24-01,TCRBJ01-01
d73b64c6938e9819d16e38b06b842dfe,CAWGGYGYTF,0.02758627114136823,TCRBV30-01,TCRBJ01-02
d73b64c6938e9819d16e38b06b842dfe,CASGGYYGYTF,0.02755365292959195,TCRBV12-03/12-04,TCRBJ01-02
d73b64c6938e9819d16e38b06b842dfe,CAWAGGHIYGYTF,0.027497494815360637,TCRBV30-01,TCRBJ01-02
d73b64c6938e9819d16e38b06b842dfe,CASRPYPPPWQPQHF,0.027476455051461537,TCRBV19-01,TCRBJ01-05
d73b64c6938e9819d16e38b06b842dfe,CASEYYYGYTF,0.02740873554821397,TCRBV02-01,TCRBJ01-02
d73b64c6938e9819d16e38b06b842dfe,CASSWGYGPNYGYTF,0.027244850337910215,TCRBV05-06,TCRBJ01-02
d73b64c6938e9819d16e38b06b842dfe,CAWNPFAGNGNTIYF,0.026741590366136023,TCRBV30-01,TCRBJ01-03
d73b64c6938e9819d16e38b06b842dfe,CASYRAIIYYGYTF,0.02673347206606024,TCRBV02-01,TCRBJ01-02
d73b64c6938e9819d16e38b06b842dfe,CAWGAGYGYTF,0.0267001615919833,TCRBV30-01,TCRBJ01-02
d73b64c6938e9819d16e38b06b842dfe,PSQAPWPQHF,0.02659963880651085,TCRBV30-01,TCRBJ01-05
d73b64c6938e9819d16e38b06b842dfe,CAWIPTGGYYGYTF,0.026586045807136468,TCRBV30-01,TCRBJ01-02
d73b64c6938e9819d16e38b06b842dfe,CASSKEKGAGGKEENMNTEAFF,0.02658433520355838,TCRBV21-01,TCRBJ01-01
d73b64c6938e9819d16e38b06b842dfe,CASSVWTGPSSWGYGYTF,0.02651641881342424,TCRBV07-09,TCRBJ01-02
d73b64c6938e9819d16e38b06b842dfe,CAWSPGYNYGYTF,0.026501704610566543,TCRBV30-01,TCRBJ01-02
d73b64c6938e9819d16e38b06b842dfe,CAWGAGHAFF,0.026458088652506453,TCRBV30-01,TCRBJ01-01
d73b64c6938e9819d16e38b06b842dfe,CASIKKGKWVWQPQHF,0.026443339956179895,TCRBV21-01,TCRBJ01-05
d73b64c6938e9819d16e38b06b842dfe,CASTKMSGWFGKLFF,0.026384252094292886,TCRBV06-05,TCRBJ01-04
d73b64c6938e9819d16e38b06b842dfe,CAWSVPGGYYGYTF,0.026356044958954997,TCRBV30-01,TCRBJ01-02
d73b64c6938e9819d16e38b06b842dfe,CAWSVGFYYGYTF,0.02632804440664832,TCRBV30-01,TCRBJ01-02
d73b64c6938e9819d16e38b06b842dfe,CASSFGGPHFNYGYTF,0.02626992076084887,TCRBV27-01,TCRBJ01-02
d73b64c6938e9819d16e38b06b842dfe,CASSHPGTGAHFYGYTF,0.026265302913398497,TCRBV03-01/03-02,TCRBJ01-02
d73b64c6938e9819d16e38b06b842dfe,CASSWHPNYGYTF,0.026189337139848775,TCRBV06-05,TCRBJ01-02
d73b64c6938e9819d16e38b06b842dfe,CAWSVGFNYGYTF,0.02608918208329159,TCRBV30-01,TCRBJ01-02
d73b64c6938e9819d16e38b06b842dfe,CASSWYF,0.026068650750983025,TCRBV07-02,TCRBJ02-07
d73b64c6938e9819d16e38b06b842dfe,CASGGWGAYGYTF,0.026041009340346807,TCRBV12-03/12-04,TCRBJ01-02
d73b64c6938e9819d16e38b06b842dfe,CASSYSVGYYGYTF,0.02600749832428316,TCRBV06-05,TCRBJ01-02
d73b64c6938e9819d16e38b06b842dfe,CASSYYTGGNYGYTF,0.025841890759404722,TCRBV06-05,TCRBJ01-02
d73b64c6938e9819d16e38b06b842dfe,CASGKAPWYGYTF,0.025802588971884085,TCRBV12-03/12-04,TCRBJ01-02
d73b64c6938e9819d16e38b06b842dfe,CSASHGGYYGYTF,0.025786190976260556,TCRBV20-X,TCRBJ01-02
d73b64c6938e9819d16e38b06b842dfe,CASSYRSQQYYPSYGYTF,0.025783534821234386,TCRBV07-09,TCRBJ01-02
d73b64c6938e9819d16e38b06b842dfe,CASGAPYPYGYTF,0.025764877377997066,TCRBV07-09,TCRBJ01-02
d73b64c6938e9819d16e38b06b842dfe,CASGGGYGTNYGYTF,0.025751292930589736,TCRBV24-01,TCRBJ01-02
d73b64c6938e9819d16e38b06b842dfe,CASSWGGYGYTF,0.025745641031788894,TCRBV19-01,TCRBJ01-02
d73b64c6938e9819d16e38b06b842dfe,CASSFWGTLKNYGYTF,0.025694626816762954,TCRBV05-06,TCRBJ01-02
d73b64c6938e9819d16e38b06b842dfe,CASSPQHGPHQPQHF,0.025614455324532697,TCRBV07-08,TCRBJ01-05
d73b64c6938e9819d16e38b06b842dfe,CASGHWKGYGYTF,0.025613971847963306,TCRBV03-01/03-02,TCRBJ01-02
d73b64c6938e9819d16e38b06b842dfe,CASSYIWGGNSGNGYTF,0.025601452156335604,TCRBV06-X,TCRBJ01-02
d73b64c6938e9819d16e38b06b842dfe,CASAVTANYGYYGYTF,0.025574535238046415,TCRBV06-X,TCRBJ01-02
d73b64c6938e9819d16e38b06b842dfe,CASRYRPNYYGYTF,0.025494539096789195,TCRBV10-01,TCRBJ01-02
d73b64c6938e9819d16e38b06b842dfe,CASSLGGGAGAYYGYTF,0.025466326316378695,TCRBV05-04,TCRBJ01-02
d73b64c6938e9819d16e38b06b842dfe,CAWSVWASAKAFF,0.025417916682528973,TCRBV30-01,TCRBJ01-01
d73b64c6938e9819d16e38b06b842dfe,CASGWQGWGQYF,0.02541186366449492,TCRBV12-05,TCRBJ02-07
d73b64c6938e9819d16e38b06b842dfe,CSAYAGSYFSNYGYTF,0.02540738533498993,TCRBV20-X,TCRBJ01-02
d73b64c6938e9819d16e38b06b842dfe,CAWAVHKGYTF,0.025386543325262655,TCRBV30-01,TCRBJ01-02
d73b64c6938e9819d16e38b06b842dfe,CASSDNWGFGYGYTF,0.02529889373766298,TCRBV06-01,TCRBJ01-02
d73b64c6938e9819d16e38b06b842dfe,CASSDWDSNWWTDTQYF,0.02528909360704601,TCRBV06-04,TCRBJ02-03
d73b64c6938e9819d16e38b06b842dfe,CASSLKEAGANVLTF,0.02528821796193041,TCRBV12-X,TCRBJ02-06
d73b64c6938e9819d16e38b06b842dfe,CASIWYHEAFF,0.025240975490955206,TCRBV06-05,TCRBJ01-01
d73b64c6938e9819d16e38b06b842dfe,CAWGYGGYTF,0.025240712987916566,TCRBV30-01,TCRBJ01-02
d73b64c6938e9819d16e38b06b842dfe,CASGPSGGYTYGYTF,0.02521611843208803,TCRBV05-06,TCRBJ01-02
d73b64c6938e9819d16e38b06b842dfe,CAWGGIYGYTF,0.02520037488312025,TCRBV30-01,TCRBJ01-02
d73b64c6938e9819d16e38b06b842dfe,CASSFYGYGYTF,0.02511705979779907,TCRBV12-03/12-04,TCRBJ01-02
d73b64c6938e9819d16e38b06b842dfe,CASSPGHPYYGYTF,0.02510446892686931,TCRBV05-04,TCRBJ01-02
d73b64c6938e9819d16e38b06b842dfe,CAYMTGGGYYGYTF,0.025089885274771614,TCRBV30-01,TCRBJ01-02
d73b64c6938e9819d16e38b06b842dfe,CSANPWEQFF,0.025075610046647007,TCRBV20-01,TCRBJ02-01
d73b64c6938e9819d16e38b06b842dfe,CASGGGYYGYTF,0.025072534198944195,TCRBV09-01,TCRBJ01-02
d73b64c6938e9819d16e38b06b842dfe,CGGPPNYGYTF,0.02505864428185608,TCRBV10-01,TCRBJ01-02
d73b64c6938e9819d16e38b06b842dfe,CASTPAPGQGASGANVLTF,0.025049419556566387,TCRBV12-X,TCRBJ02-06
d73b64c6938e9819d16e38b06b842dfe,CASSPYRGNNYGYTF,0.025032482694481384,TCRBV09-01,TCRBJ01-02
d73b64c6938e9819d16e38b06b842dfe,CASWKAGANVLTF,0.025014834489565825,TCRBV19-01,TCRBJ02-06
d73b64c6938e9819d16e38b06b842dfe,CASSLGYIYGYTF,0.02500653518603388,TCRBV07-02,TCRBJ01-02
d73b64c6938e9819d16e38b06b842dfe,CASSYYGSRGYTF,0.024992107183545494,TCRBV06-02/06-03,TCRBJ01-02
d73b64c6938e9819d16e38b06b842dfe,CASSYYGDTNYGYTF,0.02498653196342946,TCRBV06-05,TCRBJ01-02
d73b64c6938e9819d16e38b06b842dfe,CAWDSAWYGYTF,0.02496021598803808,TCRBV30-01,TCRBJ01-02
d73b64c6938e9819d16e38b06b842dfe,CASTPAGGPGANVLTF,0.024942626126286914,TCRBV05-01,TCRBJ02-06
d73b64c6938e9819d16e38b06b842dfe,CASTYRGLYYGYTF,0.02493279962823991,TCRBV02-01,TCRBJ01-02
d8c98632d45e7892d8321e55e382bd96,YPF,0.04147898718133731,TCRBV09-01,TCRBJ01-02
d8c98632d45e7892d8321e55e382bd96,WGHQPQHF,0.035711191392267964,TCRBV20-01,TCRBJ01-05
d8c98632d45e7892d8321e55e382bd96,CSAKF,0.035218492429245414,TCRBV20-01,TCRBJ01-01
d8c98632d45e7892d8321e55e382bd96,WPTIYF,0.033448011857476784,TCRBV07-03,TCRBJ01-03
d8c98632d45e7892d8321e55e382bd96,CACVYGPYGYTF,0.03247392920638929,TCRBV30-01,TCRBJ01-02
d8c98632d45e7892d8321e55e382bd96,CASSYNPYYGYTF,0.03174590588450165,TCRBV06-02/06-03,TCRBJ01-02
d8c98632d45e7892d8321e55e382bd96,CASSSYYYGYTF,0.030622047353440273,TCRBV12-03/12-04,TCRBJ01-02
d8c98632d45e7892d8321e55e382bd96,CASRF,0.030354194549003073,TCRBV07-04,TCRBJ02-07
d8c98632d45e7892d8321e55e382bd96,CASSYSGSTGYSWGYTF,0.030345262760477523,TCRBV06-02/06-03,TCRBJ01-02
d8c98632d45e7892d8321e55e382bd96,CAKHPPRPG,0.030171293964984084,TCRBV06-04,TCRBJ02-07
d8c98632d45e7892d8321e55e382bd96,CASSYSGYYGYTF,0.02997682725380613,TCRBV06-02/06-03,TCRBJ01-02
d8c98632d45e7892d8321e55e382bd96,CAWSVPGGANYGYTF,0.029643248467159444,TCRBV30-01,TCRBJ01-02
d8c98632d45e7892d8321e55e382bd96,CASSFWDKLRGYTF,0.028793712032276438,TCRBV12-X,TCRBJ01-02
d8c98632d45e7892d8321e55e382bd96,WCWGADGYTF,0.02862982600487984,TCRBV20-01,TCRBJ01-02
d8c98632d45e7892d8321e55e382bd96,CAWGWAHEAFF,0.028514839862493004,TCRBV30-01,TCRBJ01-01
d8c98632d45e7892d8321e55e382bd96,CASSWGGGTGGNSYGYTF,0.028384193209190015,TCRBV05-04,TCRBJ01-02
d8c98632d45e7892d8321e55e382bd96,WSSWGGAFF,0.028106974329273116,TCRBV19-01,TCRBJ01-01
d8c98632d45e7892d8321e55e382bd96,CAWTPVWAGGNHEQYF,0.02792194817659223,TCRBV30-01,TCRBJ02-07
d8c98632d45e7892d8321e55e382bd96,TQYF,0.02788408084198733,TCRBV03-01/03-02,TCRBJ02-03
d8c98632d45e7892d8321e55e382bd96,CASCPNPNTF,0.027868099785510903,TCRBV23-01,TCRBJ01-02
d8c98632d45e7892d8321e55e382bd96,CASSMYYGAYNYGYTF,0.02780720665406682,TCRBV19-01,TCRBJ01-02
d8c98632d45e7892d8321e55e382bd96,CASHPAPGAAPSGNTIYF,0.027718200609958037,TCRBV05-01,TCRBJ01-03
d8c98632d45e7892d8321e55e382bd96,CASSYGPYNYGYTF,0.027426638717347206,TCRBV06-05,TCRBJ01-02
d8c98632d45e7892d8321e55e382bd96,CAWSAPGGYSYNEQFF,0.027391723448309327,TCRBV30-01,TCRBJ02-01
d8c98632d45e7892d8321e55e382bd96,CASSYTGHYNYGYTF,0.027340304877773194,TCRBV06-02/06-03,TCRBJ01-02
d8c98632d45e7892d8321e55e382bd96,CAWSGGGWSYGYTF,0.027128754617372682,TCRBV30-01,TCRBJ01-02
d8c98632d45e7892d8321e55e382bd96,CAWSHGYYGYTF,0.027078797368107674,TCRBV30-01,TCRBJ01-02
d8c98632d45e7892d8321e55e382bd96,CAWRGQGYYYGYTF,0.026949692470112193,TCRBV30-01,TCRBJ01-02
d8c98632d45e7892d8321e55e382bd96,CASRPNYYRGSNYGYTF,0.026925869528396026,TCRBV03-01/03-02,TCRBJ01-02
d8c98632d45e7892d8321e55e382bd96,CASSYPWGGSNYGYTF,0.026865063142411074,TCRBV06-02/06-03,TCRBJ01-02
d8c98632d45e7892d8321e55e382bd96,CASSYSWGSGSANYGYTF,0.02683496920972995,TCRBV06-X,TCRBJ01-02
d8c98632d45e7892d8321e55e382bd96,CAWSTGFYYGYTF,0.02671069500197322,TCRBV30-01,TCRBJ01-02
d8c98632d45e7892d8321e55e382bd96,CAWSVPYGGNYGYTF,0.026705413073938124,TCRBV30-01,TCRBJ01-02
d8c98632d45e7892d8321e55e382bd96,CAWSAWAGAFF,0.026671632162491125,TCRBV30-01,TCRBJ01-01
d8c98632d45e7892d8321e55e382bd96,NHRVGNYGYTF,0.026534629519804016,TCRBV19-01,TCRBJ01-02
d8c98632d45e7892d8321e55e382bd96,CAWSVHPGYGYTF,0.02639068820345302,TCRBV30-01,TCRBJ01-02
d8c98632d45e7892d8321e55e382bd96,CASSAAPYYGYTF,0.02636743629971123,TCRBV02-01,TCRBJ01-02
d8c98632d45e7892d8321e55e382bd96,CASSYAPYGYTF,0.026329046765546565,TCRBV06-05,TCRBJ01-02
d8c98632d45e7892d8321e55e382bd96,CASSSSGGWNYGYTF,0.026314555902011594,TCRBV12-X,TCRBJ01-02
d8c98632d45e7892d8321e55e382bd96,CASSYWGKGGKGYNGYTF,0.026314152725227403,TCRBV06-X,TCRBJ01-02
d8c98632d45e7892d8321e55e382bd96,CASWEPGGAFF,0.02623126591522616,TCRBV30-01,TCRBJ01-01
d8c98632d45e7892d8321e55e382bd96,CASWGPGPYGYTF,0.026186815371586944,TCRBV07-09,TCRBJ01-02
d8c98632d45e7892d8321e55e382bd96,CASSYWQGGYGYTF,0.026153522538370253,TCRBV06-02/06-03,TCRBJ01-02
d8c98632d45e7892d8321e55e382bd96,CASSLYRGGKYTEAFF,0.02600010409384086,TCRBV05-01,TCRBJ01-01
d8c98632d45e7892d8321e55e382bd96,CAWSPWGDYGYTF,0.025985445476280906,TCRBV30-01,TCRBJ01-02
d8c98632d45e7892d8321e55e382bd96,CASSYFGYGYTF,0.02589653183295857,TCRBV06-02/06-03,TCRBJ01-02
d8c98632d45e7892d8321e55e382bd96,CASSGWNGPSSYGYTF,0.025881530326817545,TCRBV09-01,TCRBJ01-02
d8c98632d45e7892d8321e55e382bd96,CASIWAYGYTF,0.025877641538141736,TCRBV30-01,TCRBJ01-02
d8c98632d45e7892d8321e55e382bd96,CASYDGWYGYTF,0.025867225152602438,TCRBV06-05,TCRBJ01-02
d8c98632d45e7892d8321e55e382bd96,CASSYAWGEGYGYTF,0.02584250746900193,TCRBV06-05,TCRBJ01-02
d8c98632d45e7892d8321e55e382bd96,CAWYTGGSYGYTF,0.025839953694213495,TCRBV30-01,TCRBJ01-02
d8c98632d45e7892d8321e55e382bd96,CASSHHTPPAAFF,0.02582205416082916,TCRBV03-01/03-02,TCRBJ01-01
d8c98632d45e7892d8321e55e382bd96,CASSWGGYGYTF,0.02574563505158332,TCRBV12-03/12-04,TCRBJ01-02
d8c98632d45e7892d8321e55e382bd96,CASSHGKHF,0.025723392069068433,TCRBV14-01,TCRBJ02-04
d8c98632d45e7892d8321e55e382bd96,CASSYGNNYGYTF,0.025649239842551082,TCRBV06-05,TCRBJ01-02
d8c98632d45e7892d8321e55e382bd96,CASSWNPNGGYGYTF,0.025630272138161585,TCRBV07-06,TCRBJ01-02
d8c98632d45e7892d8321e55e382bd96,CATYGPNYGYTF,0.02559689966721467,TCRBV19-01,TCRBJ01-02
d8c98632d45e7892d8321e55e382bd96,CSARPPHF,0.025589949052623528,TCRBV20-01,TCRBJ01-05
d8c98632d45e7892d8321e55e382bd96,CASSSYSGTGGYGYTF,0.02558533614375926,TCRBV05-05,TCRBJ01-02
d8c98632d45e7892d8321e55e382bd96,CASSYSTGAYYGYTF,0.02558201962985625,TCRBV06-05,TCRBJ01-02
d8c98632d45e7892d8321e55e382bd96,CLLRYF,0.025573771765744883,TCRBV29-01,TCRBJ01-02
d8c98632d45e7892d8321e55e382bd96,CASGHIYGYTF,0.02549689671872862,TCRBV30-01,TCRBJ01-02
d8c98632d45e7892d8321e55e382bd96,CASSPYWGEPNYGYTF,0.02548200964876211,TCRBV11-01,TCRBJ01-02
d8c98632d45e7892d8321e55e382bd96,CASSSFGPGTGGAGYGYTF,0.025475537784441896,TCRBV07-09,TCRBJ01-02
d8c98632d45e7892d8321e55e382bd96,CASSLEAMRAAGYTF,0.02546939447269795,TCRBV05-08,TCRBJ01-02
d8c98632d45e7892d8321e55e382bd96,CSAHRGWGHTF,0.025443484756144063,TCRBV29-01,TCRBJ01-02
d8c98632d45e7892d8321e55e382bd96,CATFGGNTWAGYGYTF,0.0254253136046698,TCRBV06-X,TCRBJ01-02
d8c98632d45e7892d8321e55e382bd96,CAWDWGYGYTF,0.025424520502317416,TCRBV30-01,TCRBJ01-02
d8c98632d45e7892d8321e55e382bd96,CASTGMWASWFF,0.025413239495534957,TCRBV14-01,TCRBJ02-01
d8c98632d45e7892d8321e55e382bd96,CASSYGGYYGYTF,0.025402721840629465,TCRBV06-02/06-03,TCRBJ01-02
d8c98632d45e7892d8321e55e382bd96,CASTHTGFYNYGYTF,0.025400585176182502,TCRBV23-01,TCRBJ01-02
d8c98632d45e7892d8321e55e382bd96,CASSWGTGGSYGYTF,0.025398953283813416,TCRBV12-X,TCRBJ01-02
d8c98632d45e7892d8321e55e382bd96,CASSYSNWNYGYTF,0.025366280874983542,TCRBV06-05,TCRBJ01-02
d8c98632d45e7892d8321e55e382bd96,CASIKSWGGAIYGYTF,0.02533923381860669,TCRBV07-02,TCRBJ01-02
d8c98632d45e7892d8321e55e382bd96,CASSYERWGGYYGYTF,0.02533591305130991,TCRBV05-05,TCRBJ01-02
d8c98632d45e7892d8321e55e382bd96,CASSYYGYTF,0.02528123736463738,TCRBV14-01,TCRBJ01-02
d8c98632d45e7892d8321e55e382bd96,WDRANYGYTF,0.025268476774822704,TCRBV07-03,TCRBJ01-02
d8c98632d45e7892d8321e55e382bd96,CASSSYGSNYGYTF,0.02517002651143541,TCRBV06-05,TCRBJ01-02
d8c98632d45e7892d8321e55e382bd96,CASSFYGYGYTF,0.02511707147372845,TCRBV07-09,TCRBJ01-02
d8c98632d45e7892d8321e55e382bd96,CASSLYSGYYGYTF,0.02511306402155429,TCRBV27-01,TCRBJ01-02
d8c98632d45e7892d8321e55e382bd96,CASSYSSGNNYGYTF,0.025090386815293263,TCRBV06-06,TCRBJ01-02
d8c98632d45e7892d8321e55e382bd96,CASSPYFGTPNYGYTF,0.025048000325851142,TCRBV19-01,TCRBJ01-02
d8c98632d45e7892d8321e55e382bd96,GHSNQPQHF,0.02503869648001286,TCRBV03-01/03-02,TCRBJ01-05
d8c98632d45e7892d8321e55e382bd96,CASSHVYLGGTINYGYTF,0.025037464078578413,TCRBV03-01/03-02,TCRBJ01-02
d8c98632d45e7892d8321e55e382bd96,CASSYTGGGYYGYTF,0.025035723976017846,TCRBV19-01,TCRBJ01-02
d8c98632d45e7892d8321e55e382bd96,CASWKAGANVLTF,0.025014821406240385,TCRBV27-01,TCRBJ02-06
d8c98632d45e7892d8321e55e382bd96,CASSYRYINYGYTF,0.025000403274303695,TCRBV06-02/06-03,TCRBJ01-02
d8c98632d45e7892d8321e55e382bd96,CASSFGGYNYGYTF,0.02496739461385456,TCRBV12-X,TCRBJ01-02
d8c98632d45e7892d8321e55e382bd96,CAWSYGIYGYTF,0.024953442533274715,TCRBV30-01,TCRBJ01-02
d8c98632d45e7892d8321e55e382bd96,CAWAPGAVEAFF,0.024940380772285657,TCRBV30-01,TCRBJ01-01
d8c98632d45e7892d8321e55e382bd96,CASWGGKIYGYTF,0.024925890004877643,TCRBV30-01,TCRBJ01-02
d8c98632d45e7892d8321e55e382bd96,CASKLWWGYGYTF,0.024911550778918618,TCRBV07-02,TCRBJ01-02
d8c98632d45e7892d8321e55e382bd96,CASSIYYGTYGYTF,0.024901665293252908,TCRBV19-01,TCRBJ01-02
d8c98632d45e7892d8321e55e382bd96,CASSYGPVYFNYGYTF,0.02489849157352263,TCRBV06-02/06-03,TCRBJ01-02
d8c98632d45e7892d8321e55e382bd96,CASSYMFNYGYTF,0.02489665380388843,TCRBV06-05,TCRBJ01-02
d8c98632d45e7892d8321e55e382bd96,CASSYRGYGYTF,0.024885473752379907,TCRBV05-08,TCRBJ01-02
d8c98632d45e7892d8321e55e382bd96,CSASVGYFGYGYTF,0.024882448110001294,TCRBV20-X,TCRBJ01-02
d8c98632d45e7892d8321e55e382bd96,CASSYSHRAHGYGYTF,0.024850753943710967,TCRBV06-05,TCRBJ01-02
db44b22f45b1b2c4a844e61e8dd4af05,WANTIYF,0.03318912600359646,TCRBV04-01,TCRBJ01-03
db44b22f45b1b2c4a844e61e8dd4af05,CAWFTPYYGYTF,0.029588476465787383,TCRBV30-01,TCRBJ01-02
db44b22f45b1b2c4a844e61e8dd4af05,CASSYSYRHYGYTF,0.029462991421461943,TCRBV06-07,TCRBJ01-02
db44b22f45b1b2c4a844e61e8dd4af05,CASWFGGNQNYGYTF,0.028881175482310034,TCRBV06-05,TCRBJ01-02
db44b22f45b1b2c4a844e61e8dd4af05,CASWDSWGYGYTF,0.028737157385076362,TCRBV19-01,TCRBJ01-02
db44b22f45b1b2c4a844e61e8dd4af05,CASSYSWRYYGYTF,0.028137017514518834,TCRBV06-02/06-03,TCRBJ01-02
db44b22f45b1b2c4a844e61e8dd4af05,CASSWGYYGYTF,0.02781816915485255,TCRBV05-04,TCRBJ01-02
db44b22f45b1b2c4a844e61e8dd4af05,CASHRGPYYGYTF,0.027760742457510514,TCRBV11-03,TCRBJ01-02
db44b22f45b1b2c4a844e61e8dd4af05,CASYWWGLRPARWGGYTF,0.02725752220435096,TCRBV07-09,TCRBJ01-02
db44b22f45b1b2c4a844e61e8dd4af05,CSAYMYPGNYGYTF,0.027071567000049385,TCRBV20-X,TCRBJ01-02
db44b22f45b1b2c4a844e61e8dd4af05,CASSNGWGSHSGGYTF,0.026985258726489526,TCRBV06-X,TCRBJ01-02
db44b22f45b1b2c4a844e61e8dd4af05,CASSYYGANPNYGYTF,0.026940687714935397,TCRBV06-06,TCRBJ01-02
db44b22f45b1b2c4a844e61e8dd4af05,CAWTHTPSHF,0.026677619520315374,TCRBV30-01,TCRBJ01-05
db44b22f45b1b2c4a844e61e8dd4af05,CASSYGPWGYTF,0.02665367483696962,TCRBV06-05,TCRBJ01-02
db44b22f45b1b2c4a844e61e8dd4af05,RASSF,0.026360701275382113,TCRBV07-03,TCRBJ02-X
db44b22f45b1b2c4a844e61e8dd4af05,CAWTHIRAFF,0.02629395271430978,TCRBV30-01,TCRBJ01-01
db44b22f45b1b2c4a844e61e8dd4af05,CAWGQGHQPQHF,0.026263130709679446,TCRBV30-01,TCRBJ01-05
db44b22f45b1b2c4a844e61e8dd4af05,CASSYAGTYYGYTF,0.02606130616657358,TCRBV06-05,TCRBJ01-02
db44b22f45b1b2c4a844e61e8dd4af05,CASAGYGTNGTTNYGYTF,0.025898814366671127,TCRBV10-02,TCRBJ01-02
db44b22f45b1b2c4a844e61e8dd4af05,CASRKEGGYYYGYTF,0.02582736696522887,TCRBV12-X,TCRBJ01-02
db44b22f45b1b2c4a844e61e8dd4af05,CASSPGWGWGYTF,0.02575612790718312,TCRBV07-09,TCRBJ01-02
db44b22f45b1b2c4a844e61e8dd4af05,CASSWGGYGYTF,0.025745641031788894,TCRBV05-08,TCRBJ01-02
db44b22f45b1b2c4a844e61e8dd4af05,CASSYGGNYYGYTF,0.025704203791555157,TCRBV06-02/06-03,TCRBJ01-02
db44b22f45b1b2c4a844e61e8dd4af05,CAWSYRAYGYTF,0.025599462761370144,TCRBV30-01,TCRBJ01-02
db44b22f45b1b2c4a844e61e8dd4af05,CASSYVGHPYGYTF,0.025451366446479298,TCRBV06-05,TCRBJ01-02
db44b22f45b1b2c4a844e61e8dd4af05,CAWSYGPGGGYTF,0.025249564766621886,TCRBV30-01,TCRBJ01-02
db44b22f45b1b2c4a844e61e8dd4af05,CAWGYSDGYTF,0.02498305877405457,TCRBV30-01,TCRBJ01-02
db44b22f45b1b2c4a844e61e8dd4af05,CASSYPGYGYTF,0.02483334751358227,TCRBV06-05,TCRBJ01-02
db44b22f45b1b2c4a844e61e8dd4af05,CASSFTPSGGYYGYTF,0.024802528834448914,TCRBV27-01,TCRBJ01-02
db44b22f45b1b2c4a844e61e8dd4af05,CASSYWGQGPGYTF,0.024748734726771526,TCRBV06-06,TCRBJ01-02
db44b22f45b1b2c4a844e61e8dd4af05,CASSLKELGYTIYF,0.02468212727543417,TCRBV07-02,TCRBJ01-03
db44b22f45b1b2c4a844e61e8dd4af05,CASRGWGYGYTF,0.024673437832730925,TCRBV02-01,TCRBJ01-02
db44b22f45b1b2c4a844e61e8dd4af05,CASSIGEGIAAFF,0.024661751886743154,TCRBV19-01,TCRBJ01-01
db44b22f45b1b2c4a844e61e8dd4af05,CASSYVRPGTVYYYGYTF,0.02464297161220684,TCRBV06-02/06-03,TCRBJ01-02
db44b22f45b1b2c4a844e61e8dd4af05,CALRYF,0.024638218562538686,TCRBV05-06,TCRBJ02-04
db44b22f45b1b2c4a844e61e8dd4af05,CASNSWGGAYGYTF,0.024634805455872336,TCRBV11-02,TCRBJ01-02
db44b22f45b1b2c4a844e61e8dd4af05,CASSYATSYYGYTF,0.02463306398944363,TCRBV06-06,TCRBJ01-02
db44b22f45b1b2c4a844e61e8dd4af05,CASSSTWTGPYYGYTF,0.024591636471616152,TCRBV12-X,TCRBJ01-02
db44b22f45b1b2c4a844e61e8dd4af05,CSAREPPGQHHQPQHF,0.024586006823379247,TCRBV20-X,TCRBJ01-05
db44b22f45b1b2c4a844e61e8dd4af05,CAPSNGAGATTGANVLTF,0.024578283469745315,TCRBV05-04,TCRBJ02-06
db44b22f45b1b2c4a844e61e8dd4af05,CASIFSPGGYYGYTF,0.024529884934080575,TCRBV06-06,TCRBJ01-02
db44b22f45b1b2c4a844e61e8dd4af05,CAWSPWEGYGYTF,0.024507970474172063,TCRBV30-01,TCRBJ01-02
db44b22f45b1b2c4a844e61e8dd4af05,CASSYSWGGMRGYTF,0.024499379265438184,TCRBV06-02/06-03,TCRBJ01-02
db44b22f45b1b2c4a844e61e8dd4af05,CASSFGGFFNGYTF,0.02447585610204751,TCRBV05-01,TCRBJ01-02
db44b22f45b1b2c4a844e61e8dd4af05,CAWVRAGANVLTF,0.024472154716255565,TCRBV30-01,TCRBJ02-06
db44b22f45b1b2c4a844e61e8dd4af05,CSVEKGWWTGF,0.024440684406961455,TCRBV29-01,TCRBJ01-02
db44b22f45b1b2c4a844e61e8dd4af05,CASSFSFGGNYGYTF,0.024434392239817262,TCRBV07-09,TCRBJ01-02
db44b22f45b1b2c4a844e61e8dd4af05,CASRYHWGGYTF,0.024395807010929155,TCRBV06-05,TCRBJ01-02
db44b22f45b1b2c4a844e61e8dd4af05,CASSYSPAYYGYTF,0.024375911554751623,TCRBV06-02/06-03,TCRBJ01-02
db44b22f45b1b2c4a844e61e8dd4af05,EASPLHF,0.02430578990028996,TCRBV23-01,TCRBJ01-06
db44b22f45b1b2c4a844e61e8dd4af05,CASSYWQASPYGYTF,0.024284586150487033,TCRBV06-05,TCRBJ01-02
db44b22f45b1b2c4a844e61e8dd4af05,CASSWGPGGYGYTF,0.024281709415061494,TCRBV05-01,TCRBJ01-02
db44b22f45b1b2c4a844e61e8dd4af05,CASSYSQPQQPQHF,0.024203443691783125,TCRBV06-06,TCRBJ01-05
db44b22f45b1b2c4a844e61e8dd4af05,CASIPWGRGYGYTF,0.024192773350452175,TCRBV06-05,TCRBJ01-02
db44b22f45b1b2c4a844e61e8dd4af05,CSAPIWAYSGYGYTF,0.024183523993368365,TCRBV20-X,TCRBJ01-02
db44b22f45b1b2c4a844e61e8dd4af05,CAWREAWTGIFYGYTF,0.024174446813446247,TCRBV30-01,TCRBJ01-02
db44b22f45b1b2c4a844e61e8dd4af05,CASSYRPSYGYTF,0.024171545545150146,TCRBV06-02/06-03,TCRBJ01-02
db44b22f45b1b2c4a844e61e8dd4af05,CAWATRAHYTF,0.024157558564353702,TCRBV30-01,TCRBJ01-02
db44b22f45b1b2c4a844e61e8dd4af05,CASTYPYGGGAGANVLTF,0.024126197227765593,TCRBV06-X,TCRBJ02-06
db44b22f45b1b2c4a844e61e8dd4af05,CASSYKGVHYGYTF,0.024109231065002106,TCRBV07-02,TCRBJ01-02
db44b22f45b1b2c4a844e61e8dd4af05,CASSFRYRYGYTF,0.024098341204903565,TCRBV05-04,TCRBJ01-02
db44b22f45b1b2c4a844e61e8dd4af05,CASSYGGIYGYTF,0.02408840613430621,TCRBV06-02/06-03,TCRBJ01-02
db44b22f45b1b2c4a844e61e8dd4af05,CAWGWTGGTEAFF,0.024062938539112993,TCRBV30-01,TCRBJ01-01
db44b22f45b1b2c4a844e61e8dd4af05,CASSYWGGAKAFF,0.024059664040554728,TCRBV05-04,TCRBJ01-01
db44b22f45b1b2c4a844e61e8dd4af05,CASSPPGGWDYYGYTF,0.024045408697890132,TCRBV05-06,TCRBJ01-02
db44b22f45b1b2c4a844e61e8dd4af05,CAWGRAGGYGVRRGYTF,0.024036475764486663,TCRBV30-01,TCRBJ01-02
db44b22f45b1b2c4a844e61e8dd4af05,CASSYVGGPNYGYTF,0.02402400025120031,TCRBV06-05,TCRBJ01-02
db44b22f45b1b2c4a844e61e8dd4af05,CAWNPGQWNTGELFF,0.02401977584699032,TCRBV30-01,TCRBJ02-02
db44b22f45b1b2c4a844e61e8dd4af05,CAWSPTGGYYGYTF,0.02401548510845645,TCRBV30-01,TCRBJ01-02
db44b22f45b1b2c4a844e61e8dd4af05,CAISDWDVDWNTEAFF,0.02401151289487268,TCRBV10-03,TCRBJ01-01
db44b22f45b1b2c4a844e61e8dd4af05,CASSYAVPHYGYTF,0.023975363597609527,TCRBV06-X,TCRBJ01-02
db44b22f45b1b2c4a844e61e8dd4af05,CASNPGGAHVGGNTIYF,0.02396910043333816,TCRBV06-X,TCRBJ01-03
db44b22f45b1b2c4a844e61e8dd4af05,CASSSWGGGYTF,0.02396160584066813,TCRBV02-01,TCRBJ01-02
db44b22f45b1b2c4a844e61e8dd4af05,CAWSVHWDTIYF,0.023959386692135796,TCRBV30-01,TCRBJ01-03
db44b22f45b1b2c4a844e61e8dd4af05,CASTGLPTGANVLTF,0.023957684133377146,TCRBV06-05,TCRBJ02-06
db44b22f45b1b2c4a844e61e8dd4af05,CASNPYPWQPQHF,0.023913443006556605,TCRBV27-01,TCRBJ01-05
db44b22f45b1b2c4a844e61e8dd4af05,CASSPGPHYGYTF,0.023890084331990122,TCRBV03-01/03-02,TCRBJ01-02
db44b22f45b1b2c4a844e61e8dd4af05,CSAHLGGPPYGYTF,0.023885786315212973,TCRBV20-X,TCRBJ01-02
db44b22f45b1b2c4a844e61e8dd4af05,CASSYSGGFYGYTF,0.023874649728151055,TCRBV06-02/06-03,TCRBJ01-02
db44b22f45b1b2c4a844e61e8dd4af05,CARVLKWKAGHGYTF,0.023869081598351934,TCRBV27-01,TCRBJ01-02
db44b22f45b1b2c4a844e61e8dd4af05,CASSNVGGFFSGNTIYF,0.023867659560299053,TCRBV21-01,TCRBJ01-03
db44b22f45b1b2c4a844e61e8dd4af05,CASSYYGQPGGNTIYF,0.023864124265289707,TCRBV05-06,TCRBJ01-03
db44b22f45b1b2c4a844e61e8dd4af05,CASSYPGGYTQYF,0.023853853147354515,TCRBV06-05,TCRBJ02-03
db44b22f45b1b2c4a844e61e8dd4af05,CASSDWVKGYTF,0.02384693482549724,TCRBV25-01,TCRBJ01-02
db44b22f45b1b2c4a844e61e8dd4af05,CASSTPGTGGGFNYGYTF,0.02384301061846766,TCRBV19-01,TCRBJ01-02
db44b22f45b1b2c4a844e61e8dd4af05,CASSGYSGGYTF,0.0238247692852544,TCRBV07-09,TCRBJ01-02
db44b22f45b1b2c4a844e61e8dd4af05,CASSQWGYYGYTF,0.02378066315178783,TCRBV09-01,TCRBJ01-02
db44b22f45b1b2c4a844e61e8dd4af05,CASHRWGVNYGYTF,0.023753576470685378,TCRBV07-04,TCRBJ01-02
db44b22f45b1b2c4a844e61e8dd4af05,CASNPFGGAGNTIYF,0.023745305453154755,TCRBV12-X,TCRBJ01-03
db44b22f45b1b2c4a844e61e8dd4af05,LPKCRAYYTF,0.02373276678423431,TCRBV06-07,TCRBJ01-02
db44b22f45b1b2c4a844e61e8dd4af05,CASSYTPGFYGYTF,0.023710045958911144,TCRBV06-02/06-03,TCRBJ01-02
db44b22f45b1b2c4a844e61e8dd4af05,CASSPWVPYGYTF,0.023706945923253793,TCRBV12-03/12-04,TCRBJ01-02
db44b22f45b1b2c4a844e61e8dd4af05,CAWSYYRFGNTIYF,0.023683889495852865,TCRBV30-01,TCRBJ01-03
db44b22f45b1b2c4a844e61e8dd4af05,CASSYSGGWGQFF,0.023682166762005245,TCRBV06-02/06-03,TCRBJ02-01
db44b22f45b1b2c4a844e61e8dd4af05,CASSYSNYRGYTF,0.023682115770946553,TCRBV06-02/06-03,TCRBJ01-02
db44b22f45b1b2c4a844e61e8dd4af05,CAWAKGPGHTIYF,0.02365981057134647,TCRBV30-01,TCRBJ01-03
db44b22f45b1b2c4a844e61e8dd4af05,CASSIAFYYGYTF,0.023631641067776682,TCRBV19-01,TCRBJ01-02
db44b22f45b1b2c4a844e61e8dd4af05,CASIHRDWGYGYTF,0.02360152285257791,TCRBV07-02,TCRBJ01-02
db44b22f45b1b2c4a844e61e8dd4af05,CASSWGWGGGPTDTQYF,0.023575750776139846,TCRBV05-01,TCRBJ02-03
db44b22f45b1b2c4a844e61e8dd4af05,CAWSRGYYGYTF,0.023551859329944046,TCRBV30-01,TCRBJ01-02
df7de7dab796de096f0b5b4038416edd,CASSSYYNSGGTNYGYTF,0.031418422790080655,TCRBV06-X,TCRBJ01-02
df7de7dab796de096f0b5b4038416edd,CAWYVPYGYTF,0.03138178562366304,TCRBV30-01,TCRBJ01-02
df7de7dab796de096f0b5b4038416edd,TPLHF,0.03124671171432082,TCRBV03-01/03-02,TCRBJ01-06
df7de7dab796de096f0b5b4038416edd,CASSYVPYYGYTF,0.031208035459107823,TCRBV06-05,TCRBJ01-02
df7de7dab796de096f0b5b4038416edd,SPQHF,0.03038535294252808,TCRBV03-01/03-02,TCRBJ01-05
df7de7dab796de096f0b5b4038416edd,CAGWDPYYGYTF,0.03017651446610119,TCRBV02-01,TCRBJ01-02
df7de7dab796de096f0b5b4038416edd,CASSYYSNYGYTF,0.02907676956404389,TCRBV06-02/06-03,TCRBJ01-02
df7de7dab796de096f0b5b4038416edd,CSVHHAHYGYTF,0.028654896470255743,TCRBV29-01,TCRBJ01-02
df7de7dab796de096f0b5b4038416edd,CATTGAYYGYGYTF,0.0285982454711428,TCRBV30-01,TCRBJ01-02
df7de7dab796de096f0b5b4038416edd,CASSYWTGGGGSYGYTF,0.028316515516620094,TCRBV06-02/06-03,TCRBJ01-02
df7de7dab796de096f0b5b4038416edd,YASIRSYGYTF,0.027430842776858373,TCRBV06-04,TCRBJ01-02
df7de7dab796de096f0b5b4038416edd,CAWSPYTGGYGYTF,0.027057096203216092,TCRBV30-01,TCRBJ01-02
df7de7dab796de096f0b5b4038416edd,CASSAPWGFNYGYTF,0.026948073211255048,TCRBV07-09,TCRBJ01-02
df7de7dab796de096f0b5b4038416edd,CSHCRIHF,0.026879931421911186,TCRBV20-01,TCRBJ01-05
df7de7dab796de096f0b5b4038416edd,CASSHYPGSGNGLSEAFF,0.026507318019887236,TCRBV25-01,TCRBJ01-01
df7de7dab796de096f0b5b4038416edd,CSVYGGPFNYGYTF,0.0264764263126212,TCRBV29-01,TCRBJ01-02
df7de7dab796de096f0b5b4038416edd,CASSWAGYYGYTF,0.026465967417312147,TCRBV05-01,TCRBJ01-02
df7de7dab796de096f0b5b4038416edd,CATHPGGIHGYTF,0.026341833154071452,TCRBV07-08,TCRBJ01-02
df7de7dab796de096f0b5b4038416edd,CAWTHTPGAYGYTF,0.02634021427061364,TCRBV30-01,TCRBJ01-02
df7de7dab796de096f0b5b4038416edd,CAWSVGFYYGYTF,0.026328059686230892,TCRBV30-01,TCRBJ01-02
df7de7dab796de096f0b5b4038416edd,CAWWGGGDYGYTF,0.026225057905482296,TCRBV30-01,TCRBJ01-02
df7de7dab796de096f0b5b4038416edd,CSANYRYYGYTF,0.02613900582014489,TCRBV20-X,TCRBJ01-02
df7de7dab796de096f0b5b4038416edd,CAIWGKPGYTF,0.026100227850236024,TCRBV02-01,TCRBJ01-02
df7de7dab796de096f0b5b4038416edd,CASSYYRDYGYTF,0.026076722432435372,TCRBV06-06,TCRBJ01-02
df7de7dab796de096f0b5b4038416edd,CASSLAYYYGYTF,0.02600870623295597,TCRBV07-02,TCRBJ01-02
df7de7dab796de096f0b5b4038416edd,WDYGYTF,0.0259491022807882,TCRBV30-01,TCRBJ01-02
df7de7dab796de096f0b5b4038416edd,CASSEGPPPSYEQYF,0.025938903369365246,TCRBV06-01,TCRBJ02-07
df7de7dab796de096f0b5b4038416edd,CASSWGGYGYTF,0.025745641031788894,TCRBV19-01,TCRBJ01-02
df7de7dab796de096f0b5b4038416edd,CAWGPGFYERYF,0.025639833203065662,TCRBV30-01,TCRBJ02-07
df7de7dab796de096f0b5b4038416edd,CAAHHMSYGYTF,0.02563961431083328,TCRBV06-05,TCRBJ01-02
df7de7dab796de096f0b5b4038416edd,CASSYSNPHGTYNYGYTF,0.025591887191467197,TCRBV06-X,TCRBJ01-02
df7de7dab796de096f0b5b4038416edd,CASSYWSTGGNYGYTF,0.025565519066715187,TCRBV06-06,TCRBJ01-02
df7de7dab796de096f0b5b4038416edd,CSAEYRGYYGYTF,0.025544252519760568,TCRBV20-X,TCRBJ01-02
df7de7dab796de096f0b5b4038416edd,CASSYWGPGGHQPQHF,0.025458843832481086,TCRBV06-02/06-03,TCRBJ01-05
df7de7dab796de096f0b5b4038416edd,CAWANLGYFYGYTF,0.025456207207231185,TCRBV30-01,TCRBJ01-02
df7de7dab796de096f0b5b4038416edd,CASSDWGGAFF,0.025431083152438538,TCRBV02-01,TCRBJ01-01
df7de7dab796de096f0b5b4038416edd,CASSDPYYYGYTF,0.02538929386439141,TCRBV02-01,TCRBJ01-02
df7de7dab796de096f0b5b4038416edd,YRYHEKLFF,0.025381103569366514,TCRBV19-01,TCRBJ01-04
df7de7dab796de096f0b5b4038416edd,CASSLGSWGTGGWNGYTF,0.025299852053579923,TCRBV07-08,TCRBJ01-02
df7de7dab796de096f0b5b4038416edd,CASSWEGHHTF,0.025287379074595932,TCRBV06-05,TCRBJ01-02
df7de7dab796de096f0b5b4038416edd,CAWIFHPWTAGGYTF,0.025278532006616405,TCRBV30-01,TCRBJ01-02
df7de7dab796de096f0b5b4038416edd,CASIPWGRFHYGYTF,0.025251625970871654,TCRBV05-06,TCRBJ01-02
df7de7dab796de096f0b5b4038416edd,CASSYSSGWGYGYTF,0.025182359700035045,TCRBV06-05,TCRBJ01-02
df7de7dab796de096f0b5b4038416edd,CSSWTGC,0.0251685275035483,TCRBV29-01,TCRBJ01-02
df7de7dab796de096f0b5b4038416edd,CAGGVYYGYTF,0.025154753865581768,TCRBV07-02,TCRBJ01-02
df7de7dab796de096f0b5b4038416edd,CASSYGGEHYYGYTF,0.025127714822612886,TCRBV06-05,TCRBJ01-02
df7de7dab796de096f0b5b4038416edd,CAWGVGYGYTF,0.025095181102463997,TCRBV30-01,TCRBJ01-02
df7de7dab796de096f0b5b4038416edd,CASSWWGGGANVLTF,0.025039713583090303,TCRBV05-04,TCRBJ02-06
df7de7dab796de096f0b5b4038416edd,CASDYRYYGYTF,0.025015756153936263,TCRBV02-01,TCRBJ01-02
df7de7dab796de096f0b5b4038416edd,CASSYRGYGYTF,0.024885473752379907,TCRBV07-02,TCRBJ01-02
df7de7dab796de096f0b5b4038416edd,CARSWGPWHGYTF,0.024884321015567566,TCRBV05-03,TCRBJ01-02
df7de7dab796de096f0b5b4038416edd,CAWSPSYYGYTF,0.0248454852770354,TCRBV30-01,TCRBJ01-02
df7de7dab796de096f0b5b4038416edd,CASSYWGGTADYGYTF,0.024823245541762014,TCRBV06-05,TCRBJ01-02
df7de7dab796de096f0b5b4038416edd,CATHGGYGYGYTF,0.02482044079047264,TCRBV02-01,TCRBJ01-02
df7de7dab796de096f0b5b4038416edd,CAIYRGGHYGYTF,0.024806578833547983,TCRBV02-01,TCRBJ01-02
df7de7dab796de096f0b5b4038416edd,AKINYGYTF,0.02480170132403988,TCRBV30-01,TCRBJ01-02
df7de7dab796de096f0b5b4038416edd,CASSGWGGWNTEAFF,0.02474136280957309,TCRBV05-01,TCRBJ01-01
df7de7dab796de096f0b5b4038416edd,CASSYNPGPGDWRAFF,0.02472037931466371,TCRBV06-06,TCRBJ01-01
df7de7dab796de096f0b5b4038416edd,CASSVDWWGGYTF,0.02467042584445251,TCRBV09-01,TCRBJ01-02
df7de7dab796de096f0b5b4038416edd,CASWGVTEAFF,0.024657187387226363,TCRBV10-02,TCRBJ01-01
df7de7dab796de096f0b5b4038416edd,CASSYVGVWYF,0.024600027522024604,TCRBV06-05,TCRBJ01-03
df7de7dab796de096f0b5b4038416edd,CASYRGPNYGYTF,0.024599998917931326,TCRBV21-01,TCRBJ01-02
df7de7dab796de096f0b5b4038416edd,CASSLGEAITSAFF,0.02456612155533969,TCRBV05-01,TCRBJ01-01
df7de7dab796de096f0b5b4038416edd,CASSYSWGGQGGNTIYF,0.024565605950132335,TCRBV06-X,TCRBJ01-03
df7de7dab796de096f0b5b4038416edd,CAWSVRFFVHFHQPQHF,0.024560533300191947,TCRBV30-01,TCRBJ01-05
df7de7dab796de096f0b5b4038416edd,GVKNIQYF,0.024554205344534945,TCRBV21-01,TCRBJ02-04
df7de7dab796de096f0b5b4038416edd,CASHPPGQAWQPQHF,0.024538118480712055,TCRBV19-01,TCRBJ01-05
df7de7dab796de096f0b5b4038416edd,CASSYPGYNYGYTF,0.024495265643489562,TCRBV06-02/06-03,TCRBJ01-02
df7de7dab796de096f0b5b4038416edd,CASSFPGGGYYGYTF,0.024474879828124175,TCRBV07-09,TCRBJ01-02
df7de7dab796de096f0b5b4038416edd,CASSDYWGYGYTF,0.024467247414958374,TCRBV06-X,TCRBJ01-02
df7de7dab796de096f0b5b4038416edd,CASSYSVGPFYGYTF,0.02442875791326599,TCRBV06-02/06-03,TCRBJ01-02
df7de7dab796de096f0b5b4038416edd,CASSVGWGAPHYGYTF,0.02442423545735165,TCRBV09-01,TCRBJ01-02
df7de7dab796de096f0b5b4038416edd,CASWGAPAYGYTF,0.024415323609577634,TCRBV05-01,TCRBJ01-02
df7de7dab796de096f0b5b4038416edd,CAWASGANVLTF,0.024408095357862713,TCRBV30-01,TCRBJ02-06
df7de7dab796de096f0b5b4038416edd,CASSWGGNYGYTF,0.024376651501411307,TCRBV06-05,TCRBJ01-02
df7de7dab796de096f0b5b4038416edd,CASSLWGFGYGYTF,0.024353907447873694,TCRBV11-02,TCRBJ01-02
df7de7dab796de096f0b5b4038416edd,CASYMGGEVGAHPNYGYTF,0.024323002683390663,TCRBV11-02,TCRBJ01-02
df7de7dab796de096f0b5b4038416edd,CSVPVYYGYTF,0.02430840505917977,TCRBV29-01,TCRBJ01-02
df7de7dab796de096f0b5b4038416edd,CSAEMGPYIYGYTF,0.024275067501875,TCRBV29-01,TCRBJ01-02
df7de7dab796de096f0b5b4038416edd,CASSPWGGGYTF,0.02427420068219498,TCRBV07-02,TCRBJ01-02
df7de7dab796de096f0b5b4038416edd,CASSPWEKTAKAFF,0.024238395945657954,TCRBV11-02,TCRBJ01-01
df7de7dab796de096f0b5b4038416edd,CAWSVWGVAGANVLTF,0.024212442770758763,TCRBV30-01,TCRBJ02-06
df7de7dab796de096f0b5b4038416edd,CATGGQGANGYTF,0.024182446568063065,TCRBV10-03,TCRBJ01-02
df7de7dab796de096f0b5b4038416edd,CSAYKPGVPQHF,0.024181220104326922,TCRBV20-X,TCRBJ01-05
df7de7dab796de096f0b5b4038416edd,CASNGPITFF,0.024135159873037236,TCRBV19-01,TCRBJ01-01
df7de7dab796de096f0b5b4038416edd,CASSHPGGTHGYTF,0.02412131198499414,TCRBV05-04,TCRBJ01-02
df7de7dab796de096f0b5b4038416edd,CASSEVWGAFF,0.024092311574123254,TCRBV02-01,TCRBJ01-01
df7de7dab796de096f0b5b4038416edd,CASSESYRGPWGYGYTF,0.024075566117764284,TCRBV10-02,TCRBJ01-02
df7de7dab796de096f0b5b4038416edd,CAFYLGPYGYTF,0.024051948048701425,TCRBV30-01,TCRBJ01-02
df7de7dab796de096f0b5b4038416edd,CASSYRGNPYGYTF,0.024048785525472585,TCRBV07-02,TCRBJ01-02
df7de7dab796de096f0b5b4038416edd,CSVFHGGTYYGYTF,0.024036530296253585,TCRBV29-01,TCRBJ01-02
df7de7dab796de096f0b5b4038416edd,CSARAPYYGYTF,0.024004089849671634,TCRBV20-X,TCRBJ01-02
df7de7dab796de096f0b5b4038416edd,CASSHGGHLAYGYTF,0.023984929473288993,TCRBV16-01,TCRBJ01-02
df7de7dab796de096f0b5b4038416edd,CASSYNGNYGYTF,0.023979820327558205,TCRBV06-05,TCRBJ01-02
df7de7dab796de096f0b5b4038416edd,CASGWGGGYGYTF,0.02395094474808752,TCRBV12-05,TCRBJ01-02
df7de7dab796de096f0b5b4038416edd,CASSYAGAYGYTF,0.02392884151665925,TCRBV06-05,TCRBJ01-02
df7de7dab796de096f0b5b4038416edd,CASSPHHYGYTF,0.023916869937169273,TCRBV21-01,TCRBJ01-02
df7de7dab796de096f0b5b4038416edd,CASSIHPPHGYTF,0.023902455154629396,TCRBV05-04,TCRBJ01-02
df7de7dab796de096f0b5b4038416edd,CASSQGGGAPYHNYGYTF,0.02389355109136206,TCRBV03-01/03-02,TCRBJ01-02
e1a291c846659e1b70cef06aadb3db0b,HYGYTF,0.03325836950824076,TCRBV21-01,TCRBJ01-02
e1a291c846659e1b70cef06aadb3db0b,CAWTWAAGANVLTF,0.03127846233380004,TCRBV30-01,TCRBJ02-06
e1a291c846659e1b70cef06aadb3db0b,CASSYSWGGGYTF,0.02950326897260344,TCRBV06-05,TCRBJ01-02
e1a291c846659e1b70cef06aadb3db0b,CASSYHNQGPWNYGYTF,0.028823751693139485,TCRBV06-X,TCRBJ01-02
e1a291c846659e1b70cef06aadb3db0b,CASSWYRGPNYGYTF,0.02850597946296949,TCRBV05-08,TCRBJ01-02
e1a291c846659e1b70cef06aadb3db0b,CATWGGSYYGYTF,0.028450866367569834,TCRBV02-01,TCRBJ01-02
e1a291c846659e1b70cef06aadb3db0b,CASSYSTGGGWGYTF,0.028303013215388154,TCRBV06-02/06-03,TCRBJ01-02
e1a291c846659e1b70cef06aadb3db0b,CASSYYANYGYTF,0.028213142780891737,TCRBV06-02/06-03,TCRBJ01-02
e1a291c846659e1b70cef06aadb3db0b,CASTYVGAYGYTF,0.02808117043530503,TCRBV12-05,TCRBJ01-02
e1a291c846659e1b70cef06aadb3db0b,CAWSGYYGYTF,0.027864458693595762,TCRBV30-01,TCRBJ01-02
e1a291c846659e1b70cef06aadb3db0b,CASGFLGQAGPNGYTF,0.027679903898205006,TCRBV12-05,TCRBJ01-02
e1a291c846659e1b70cef06aadb3db0b,CASSPGGWNPYGYTF,0.027086048462211135,TCRBV05-04,TCRBJ01-02
e1a291c846659e1b70cef06aadb3db0b,WGERRQPQHF,0.02702912863240886,TCRBV21-01,TCRBJ01-05
e1a291c846659e1b70cef06aadb3db0b,CAWSEWGAWTEAFF,0.026794926041187994,TCRBV30-01,TCRBJ01-01
e1a291c846659e1b70cef06aadb3db0b,CAWSYHYGYTF,0.0267721244595992,TCRBV30-01,TCRBJ01-02
e1a291c846659e1b70cef06aadb3db0b,CASSYWGTGGYYEQYF,0.026717458096415164,TCRBV06-02/06-03,TCRBJ02-07
e1a291c846659e1b70cef06aadb3db0b,CASSYLGFYYGYTF,0.026503220886035538,TCRBV06-06,TCRBJ01-02
e1a291c846659e1b70cef06aadb3db0b,CASNHRGWGYGYTF,0.026364911616948813,TCRBV06-05,TCRBJ01-02
e1a291c846659e1b70cef06aadb3db0b,CAWSPGQGYYYGYTF,0.02617013873882422,TCRBV30-01,TCRBJ01-02
e1a291c846659e1b70cef06aadb3db0b,CASSYAGTYYGYTF,0.026061315243926627,TCRBV06-02/06-03,TCRBJ01-02
e1a291c846659e1b70cef06aadb3db0b,CASSILGAVTEAFF,0.0260282864954309,TCRBV19-01,TCRBJ01-01
e1a291c846659e1b70cef06aadb3db0b,CASSYNPGGNFYGYTF,0.02596108808800246,TCRBV06-05,TCRBJ01-02
e1a291c846659e1b70cef06aadb3db0b,CSAHPGGWSYGYTF,0.025917698639228486,TCRBV20-X,TCRBJ01-02
e1a291c846659e1b70cef06aadb3db0b,WTGMGYGYTF,0.025857800746067635,TCRBV20-01,TCRBJ01-02
e1a291c846659e1b70cef06aadb3db0b,WAGPNQPQHF,0.02583216034857206,TCRBV19-01,TCRBJ01-05
e1a291c846659e1b70cef06aadb3db0b,CASSYTPGHPFYGYTF,0.02582706403329853,TCRBV06-07,TCRBJ01-02
e1a291c846659e1b70cef06aadb3db0b,CASSPEGWWNTEAFF,0.025612708900326922,TCRBV14-01,TCRBJ01-01
e1a291c846659e1b70cef06aadb3db0b,CASIHPS,0.025549147582448084,TCRBV19-01,TCRBJ01-06
e1a291c846659e1b70cef06aadb3db0b,CASCYYPPTGDYGYTF,0.02544917553554154,TCRBV27-01,TCRBJ01-02
e1a291c846659e1b70cef06aadb3db0b,CASSYSGGNHYGYTF,0.025345352441286016,TCRBV06-05,TCRBJ01-02
e1a291c846659e1b70cef06aadb3db0b,CASSIYFWWAGANSYYGYTF,0.025311441361818267,TCRBV19-01,TCRBJ01-02
e1a291c846659e1b70cef06aadb3db0b,CASTPSYWYGYTF,0.025251036200319262,TCRBV05-08,TCRBJ01-02
e1a291c846659e1b70cef06aadb3db0b,CAWSVAWGAGGGELFF,0.025238642386780006,TCRBV30-01,TCRBJ02-02
e1a291c846659e1b70cef06aadb3db0b,CAISLWWGGIYGYTF,0.025202108562219844,TCRBV10-03,TCRBJ01-02
e1a291c846659e1b70cef06aadb3db0b,CAWSVPGHRWPQHF,0.025182482608055827,TCRBV30-01,TCRBJ01-05
e1a291c846659e1b70cef06aadb3db0b,CASSPVAGWGNYGYTF,0.025134630754934936,TCRBV18-01,TCRBJ01-02
e1a291c846659e1b70cef06aadb3db0b,CASSPIPGHHNYGYTF,0.025123240022655927,TCRBV18-01,TCRBJ01-02
e1a291c846659e1b70cef06aadb3db0b,CASSFHGGPYGYTF,0.025071931020387943,TCRBV11-02,TCRBJ01-02
e1a291c846659e1b70cef06aadb3db0b,CASSYSGTYYGYTF,0.025051540542743545,TCRBV06-05,TCRBJ01-02
e1a291c846659e1b70cef06aadb3db0b,CAWSVQDGAWGVNTEAFF,0.024886885455792353,TCRBV30-01,TCRBJ01-01
e1a291c846659e1b70cef06aadb3db0b,CSARVWGYGYTF,0.024884410687079195,TCRBV20-X,TCRBJ01-02
e1a291c846659e1b70cef06aadb3db0b,GKNIQYF,0.024869666848181007,TCRBV24-01,TCRBJ02-04
e1a291c846659e1b70cef06aadb3db0b,CASYQGATYRPYGYTF,0.024853494138437727,TCRBV05-06,TCRBJ01-02
e1a291c846659e1b70cef06aadb3db0b,CASSYPGYGYTF,0.02483334751358227,TCRBV06-06,TCRBJ01-02
e1a291c846659e1b70cef06aadb3db0b,CASIPVYEGKWYGYTF,0.024828679904794104,TCRBV07-09,TCRBJ01-02
e1a291c846659e1b70cef06aadb3db0b,CASSYKRSGGWFF,0.02475866754357802,TCRBV06-05,TCRBJ02-01
e1a291c846659e1b70cef06aadb3db0b,CASSHWGGKGGYTF,0.024730500865134095,TCRBV14-01,TCRBJ01-02
e1a291c846659e1b70cef06aadb3db0b,CAWSSYYGYTF,0.024696958002633135,TCRBV30-01,TCRBJ01-02
e1a291c846659e1b70cef06aadb3db0b,CAPGQPYF,0.024692230689601,TCRBV21-01,TCRBJ01-05
e1a291c846659e1b70cef06aadb3db0b,CASSQGPQGGTGAYSGNTIYF,0.024620938633656442,TCRBV04-01,TCRBJ01-03
e1a291c846659e1b70cef06aadb3db0b,CAWGSGGPNYGYTF,0.024530682209311188,TCRBV30-01,TCRBJ01-02
e1a291c846659e1b70cef06aadb3db0b,CASRDRVKVKAFF,0.02452615276683852,TCRBV10-02,TCRBJ01-01
e1a291c846659e1b70cef06aadb3db0b,CSARHPPGPPFF,0.024525193074684336,TCRBV20-X,TCRBJ02-01
e1a291c846659e1b70cef06aadb3db0b,CASSYGYGYTF,0.024498189835316132,TCRBV06-06,TCRBJ01-02
e1a291c846659e1b70cef06aadb3db0b,CASSWWGWNTEAFF,0.024496553214520402,TCRBV07-02,TCRBJ01-01
e1a291c846659e1b70cef06aadb3db0b,RASSHYHGNQPQHF,0.024465897328431335,TCRBV07-03,TCRBJ01-05
e1a291c846659e1b70cef06aadb3db0b,CASSTYRGGYYGYTF,0.02442113952301113,TCRBV21-01,TCRBJ01-02
e1a291c846659e1b70cef06aadb3db0b,CASSYTGTYNYGYTF,0.024401751774133444,TCRBV06-02/06-03,TCRBJ01-02
e1a291c846659e1b70cef06aadb3db0b,CASSYSWGQGANYGYTF,0.024394896267439414,TCRBV06-X,TCRBJ01-02
e1a291c846659e1b70cef06aadb3db0b,EAFF,0.024367485929288273,TCRBV14-01,TCRBJ01-01
e1a291c846659e1b70cef06aadb3db0b,CATYYSGGGSNYGYTF,0.024334427397004095,TCRBV05-06,TCRBJ01-02
e1a291c846659e1b70cef06aadb3db0b,CASLWAPGYPGANVLTF,0.02426861931231721,TCRBV05-01,TCRBJ02-06
e1a291c846659e1b70cef06aadb3db0b,CAWSVREGLAGAGKTQYF,0.02422951921997293,TCRBV30-01,TCRBJ02-05
e1a291c846659e1b70cef06aadb3db0b,CASSPFYGANYGYTF,0.024139292443375062,TCRBV03-01/03-02,TCRBJ01-02
e1a291c846659e1b70cef06aadb3db0b,CSASWYQGGYGYTF,0.0241216003159165,TCRBV20-X,TCRBJ01-02
e1a291c846659e1b70cef06aadb3db0b,CASGYPYTFF,0.024116436123686382,TCRBV10-02,TCRBJ01-01
e1a291c846659e1b70cef06aadb3db0b,CASSMAKGGIKAFF,0.024108266248692792,TCRBV19-01,TCRBJ01-01
e1a291c846659e1b70cef06aadb3db0b,CASSFYVWAGDTEAFF,0.02409836503481566,TCRBV05-08,TCRBJ01-01
e1a291c846659e1b70cef06aadb3db0b,CASSYRGPHYGYTF,0.024098133745463397,TCRBV06-02/06-03,TCRBJ01-02
e1a291c846659e1b70cef06aadb3db0b,CASSYSSDYYGYTF,0.02407930144518799,TCRBV06-06,TCRBJ01-02
e1a291c846659e1b70cef06aadb3db0b,CASSTGWKAFF,0.02406061856203869,TCRBV27-01,TCRBJ01-01
e1a291c846659e1b70cef06aadb3db0b,CASSHWGGKVGYTF,0.024036347825045618,TCRBV14-01,TCRBJ01-02
e1a291c846659e1b70cef06aadb3db0b,CASSFGNPYGYTF,0.024008528743178662,TCRBV12-03/12-04,TCRBJ01-02
e1a291c846659e1b70cef06aadb3db0b,CSQMPQHF,0.023994094273691563,TCRBV29-01,TCRBJ01-05
e1a291c846659e1b70cef06aadb3db0b,CASIPFQGYYGYTF,0.023993951200088945,TCRBV06-02,TCRBJ01-02
e1a291c846659e1b70cef06aadb3db0b,CASSYSGYGYTF,0.023964757180891666,TCRBV06-05,TCRBJ01-02
e1a291c846659e1b70cef06aadb3db0b,CASSSHGAPGGGNTIYF,0.023957184469069453,TCRBV07-02,TCRBJ01-03
e1a291c846659e1b70cef06aadb3db0b,CASSSSGGWDNYGYTF,0.023947015687225053,TCRBV07-08,TCRBJ01-02
e1a291c846659e1b70cef06aadb3db0b,CASSLWGTGYYGYTF,0.023946202087961388,TCRBV05-06,TCRBJ01-02
e1a291c846659e1b70cef06aadb3db0b,CATLKKKTGGFGANVLTF,0.023907198403617793,TCRBV24-01,TCRBJ02-06
e1a291c846659e1b70cef06aadb3db0b,CASVPRGVHNYGYTF,0.02390266166607191,TCRBV02-01,TCRBJ01-02
e1a291c846659e1b70cef06aadb3db0b,CASSTSVYRQGPYYGYTF,0.023889867502081337,TCRBV19-01,TCRBJ01-02
e1a291c846659e1b70cef06aadb3db0b,CATWGHTGEGGYTF,0.02388704819307985,TCRBV28-01,TCRBJ01-02
e1a291c846659e1b70cef06aadb3db0b,CASTLLGGDRWKMIWTIYF,0.02388191075557138,TCRBV02-01,TCRBJ01-03
e1a291c846659e1b70cef06aadb3db0b,CASSPWATLHFHTIYF,0.023865017066516926,TCRBV11-03,TCRBJ01-03
e1a291c846659e1b70cef06aadb3db0b,CATSEDRGPWVAFF,0.02385024907558865,TCRBV15-01,TCRBJ01-01
e1a291c846659e1b70cef06aadb3db0b,RASGLYYRSTNYGYTF,0.02381201094763686,TCRBV07-03,TCRBJ01-02
e1a291c846659e1b70cef06aadb3db0b,CASSYAHRTRFAYGYTF,0.02380756732914458,TCRBV06-02/06-03,TCRBJ01-02
e1a291c846659e1b70cef06aadb3db0b,CASSYRFRAHYGYTF,0.023804695166413786,TCRBV06-02/06-03,TCRBJ01-02
e1a291c846659e1b70cef06aadb3db0b,CASIDLPYKGWGGYTF,0.023780185769486973,TCRBV02-01,TCRBJ01-02
e1a291c846659e1b70cef06aadb3db0b,CAWGHTGANVLTF,0.023775500308792802,TCRBV30-01,TCRBJ02-06
e1a291c846659e1b70cef06aadb3db0b,CSVRWYTGIHGYTF,0.023774983600450713,TCRBV29-01,TCRBJ01-02
e1a291c846659e1b70cef06aadb3db0b,CASSHKGKGVYGYTF,0.023772796530655026,TCRBV03-01/03-02,TCRBJ01-02
e1a291c846659e1b70cef06aadb3db0b,CASSIGHYYGYTF,0.023740606666746548,TCRBV19-01,TCRBJ01-02
e1a291c846659e1b70cef06aadb3db0b,CAWSVGAGAFF,0.023722851764430765,TCRBV30-01,TCRBJ01-01
e1a291c846659e1b70cef06aadb3db0b,CAWSVFRAVSVSYTF,0.0237099645554999,TCRBV30-01,TCRBJ01-02
e1a291c846659e1b70cef06aadb3db0b,WDNQPQHF,0.023704984978986394,TCRBV05-06,TCRBJ01-05
e1a291c846659e1b70cef06aadb3db0b,CASSFYYGYTF,0.023683150772604654,TCRBV28-01,TCRBJ01-02
e1a291c846659e1b70cef06aadb3db0b,CASSYPGAYGYTF,0.02366989754379795,TCRBV06-02/06-03,TCRBJ01-02
e32da966925543093063d7a1f932b475,CAHHPGFGYGYTF,0.03059392053531772,TCRBV06-05,TCRBJ01-02
e32da966925543093063d7a1f932b475,CASSGGWGAGYGYTF,0.030233765340526547,TCRBV09-01,TCRBJ01-02
e32da966925543093063d7a1f932b475,CASSYWGRNYGYTF,0.029193298154938877,TCRBV06-02/06-03,TCRBJ01-02
e32da966925543093063d7a1f932b475,CASSYSNNNYGYTF,0.028832285675952814,TCRBV06-05,TCRBJ01-02
e32da966925543093063d7a1f932b475,CASSYTWGAGYGYTF,0.028298261433999834,TCRBV05-01,TCRBJ01-02
e32da966925543093063d7a1f932b475,CAWRFGYNYGYTF,0.02791502317508592,TCRBV30-01,TCRBJ01-02
e32da966925543093063d7a1f932b475,CASTYNAWGTGYGYTF,0.027684052617798452,TCRBV06-X,TCRBJ01-02
e32da966925543093063d7a1f932b475,CASSTGGGACSGNTIYF,0.027664721143447837,TCRBV21-01,TCRBJ01-03
e32da966925543093063d7a1f932b475,CASSYSWGSGYGYTF,0.027608514300796857,TCRBV06-05,TCRBJ01-02
e32da966925543093063d7a1f932b475,CASRGTGYGFNYGYTF,0.026999914521551073,TCRBV19-01,TCRBJ01-02
e32da966925543093063d7a1f932b475,CASSFNPCGCYGYTF,0.0267322252182181,TCRBV11-03,TCRBJ01-02
e32da966925543093063d7a1f932b475,WWTGANTEAFF,0.02659242642355503,TCRBV19-01,TCRBJ01-01
e32da966925543093063d7a1f932b475,CASSSWGTGGTNYGYTF,0.026526242957685492,TCRBV04-03,TCRBJ01-02
e32da966925543093063d7a1f932b475,CASSSFGGGGANYGYTF,0.026516923476428696,TCRBV05-04,TCRBJ01-02
e32da966925543093063d7a1f932b475,CASSYSYPGNNNYGYTF,0.02648272601533566,TCRBV06-X,TCRBJ01-02
e32da966925543093063d7a1f932b475,CASSYWGQGNYGYTF,0.026309725811879105,TCRBV06-05,TCRBJ01-02
e32da966925543093063d7a1f932b475,CAPWGELRYWHGYTF,0.026300518504615063,TCRBV24-01,TCRBJ01-02
e32da966925543093063d7a1f932b475,CAWSMWKGGYTF,0.026111666194275168,TCRBV30-01,TCRBJ01-02
e32da966925543093063d7a1f932b475,CAIPYGYTF,0.026066155424196467,TCRBV10-01,TCRBJ01-02
e32da966925543093063d7a1f932b475,CASSYWGGYTF,0.026047131096727245,TCRBV06-05,TCRBJ01-02
e32da966925543093063d7a1f932b475,CASAWGANVLTF,0.02601850590005227,TCRBV02-01,TCRBJ02-06
e32da966925543093063d7a1f932b475,CASSWTGGPYGYGYTF,0.025656277657235486,TCRBV12-X,TCRBJ01-02
e32da966925543093063d7a1f932b475,CASSYWGAAFF,0.02550085717208834,TCRBV06-02/06-03,TCRBJ01-01
e32da966925543093063d7a1f932b475,CASSSHPPHGYTF,0.025440134427600892,TCRBV07-08,TCRBJ01-02
e32da966925543093063d7a1f932b475,GYQPQHF,0.025415430346185378,TCRBV20-01,TCRBJ01-05
e32da966925543093063d7a1f932b475,CASSYSIGYTYGYTF,0.025389357285070507,TCRBV06-05,TCRBJ01-02
e32da966925543093063d7a1f932b475,CSAYYRVNYGYTF,0.025311956039331687,TCRBV20-X,TCRBJ01-02
e32da966925543093063d7a1f932b475,CASAYGGYGNTIYF,0.025308347629520958,TCRBV07-09,TCRBJ01-03
e32da966925543093063d7a1f932b475,CASSLAYIYGYTF,0.0251420277137932,TCRBV05-08,TCRBJ01-02
e32da966925543093063d7a1f932b475,CASSLGQGGWYNYGYTF,0.02513257739400506,TCRBV05-04,TCRBJ01-02
e32da966925543093063d7a1f932b475,CASSSYRNNYGYTF,0.025071137002539896,TCRBV12-X,TCRBJ01-02
e32da966925543093063d7a1f932b475,CSAGPWGYGYTF,0.025037071235762362,TCRBV20-X,TCRBJ01-02
e32da966925543093063d7a1f932b475,CASRAPPGWYHF,0.024924836846046197,TCRBV05-01,TCRBJ02-07
e32da966925543093063d7a1f932b475,IGPQHF,0.024912600494883867,TCRBV09-01,TCRBJ01-05
e32da966925543093063d7a1f932b475,CSAWGGNYGYTF,0.02484606292857451,TCRBV20-X,TCRBJ01-02
e32da966925543093063d7a1f932b475,CASSYPGHPAYGYTF,0.024802828705489867,TCRBV06-02/06-03,TCRBJ01-02
e32da966925543093063d7a1f932b475,CAPARF,0.024770497597113198,TCRBV02-01,TCRBJ02-07
e32da966925543093063d7a1f932b475,CATSPFGGTNYGYTF,0.02476614669862882,TCRBV15-01,TCRBJ01-02
e32da966925543093063d7a1f932b475,CASSWTGGYYGYTF,0.024755236735731965,TCRBV06-02/06-03,TCRBJ01-02
e32da966925543093063d7a1f932b475,CASSYYGGVSYTF,0.024753317182176257,TCRBV06-05,TCRBJ01-02
e32da966925543093063d7a1f932b475,CATLGNGYFYGYTF,0.024731400817852668,TCRBV10-03,TCRBJ01-02
e32da966925543093063d7a1f932b475,CASTPGGYNYGYTF,0.02469152446773026,TCRBV06-05,TCRBJ01-02
e32da966925543093063d7a1f932b475,CASSYYSTGGYGYTF,0.02467201211360569,TCRBV06-05,TCRBJ01-02
e32da966925543093063d7a1f932b475,CASIPPEKLFF,0.02462328192863519,TCRBV07-03,TCRBJ01-04
e32da966925543093063d7a1f932b475,CASSFNGGGGGPSNTIYF,0.024606236807738442,TCRBV09-01,TCRBJ01-03
e32da966925543093063d7a1f932b475,CSVVWAGYVPYGYTF,0.02459229415595753,TCRBV29-01,TCRBJ01-02
e32da966925543093063d7a1f932b475,SNQPQHF,0.024490950482806726,TCRBV03-01/03-02,TCRBJ01-05
e32da966925543093063d7a1f932b475,CVVYHADYGYTF,0.024486140593156593,TCRBV27-01,TCRBJ01-02
e32da966925543093063d7a1f932b475,CASSHPAPYGYTF,0.024473697249774006,TCRBV23-01,TCRBJ01-02
e32da966925543093063d7a1f932b475,CASYEGGHFNYGYTF,0.024444371202494382,TCRBV06-X,TCRBJ01-02
e32da966925543093063d7a1f932b475,CASSEGGWGIFGYTF,0.024428792005229634,TCRBV10-02,TCRBJ01-02
e32da966925543093063d7a1f932b475,CASSYYGGGYTF,0.02438649118777275,TCRBV06-05,TCRBJ01-02
e32da966925543093063d7a1f932b475,CASSWGGNYGYTF,0.024376651501411307,TCRBV05-04,TCRBJ01-02
e32da966925543093063d7a1f932b475,CASSHPHQPQHF,0.024365769972581896,TCRBV23-01,TCRBJ01-05
e32da966925543093063d7a1f932b475,CASRGYGNANYGYTF,0.024305289517373128,TCRBV19-01,TCRBJ01-02
e32da966925543093063d7a1f932b475,CASSSWGGGYGYTF,0.024294385361236254,TCRBV05-06,TCRBJ01-02
e32da966925543093063d7a1f932b475,CASSSYRGNHYGYTF,0.024254901295124292,TCRBV07-09,TCRBJ01-02
e32da966925543093063d7a1f932b475,CASAPGAGANVLTF,0.024252501208075105,TCRBV27-01,TCRBJ02-06
e32da966925543093063d7a1f932b475,CASSYWRANYGYTF,0.024241819645799616,TCRBV06-02/06-03,TCRBJ01-02
e32da966925543093063d7a1f932b475,CASTYRGYGYTF,0.024168631261829592,TCRBV07-X,TCRBJ01-02
e32da966925543093063d7a1f932b475,CASTHPGGGIYGYTF,0.024146067364018097,TCRBV12-X,TCRBJ01-02
e32da966925543093063d7a1f932b475,CASTHPSAGGGPNYGYTF,0.02413877855469761,TCRBV06-X,TCRBJ01-02
e32da966925543093063d7a1f932b475,CASSYSGGPYGYTF,0.02411407955651632,TCRBV06-06,TCRBJ01-02
e32da966925543093063d7a1f932b475,CASSYGGTYGYTF,0.024110362808868423,TCRBV06-05,TCRBJ01-02
e32da966925543093063d7a1f932b475,CASSYGAYGYTF,0.024101986046741915,TCRBV06-02/06-03,TCRBJ01-02
e32da966925543093063d7a1f932b475,CASHYTGNYGYTF,0.024089032476510373,TCRBV19-01,TCRBJ01-02
e32da966925543093063d7a1f932b475,CASSHIPYTF,0.02408670724353797,TCRBV21-01,TCRBJ01-02
e32da966925543093063d7a1f932b475,CAGGTPLPWGYTF,0.02405973961715571,TCRBV21-01,TCRBJ01-02
e32da966925543093063d7a1f932b475,CAWGVVGYTF,0.024047015221189356,TCRBV30-01,TCRBJ01-02
e32da966925543093063d7a1f932b475,CASGGGSSYYGYTF,0.02403206398508126,TCRBV05-01,TCRBJ01-02
e32da966925543093063d7a1f932b475,CSACGNYGYTF,0.024011114102431376,TCRBV20-01,TCRBJ01-02
e32da966925543093063d7a1f932b475,CATRGGYSNYGYTF,0.024009375135597474,TCRBV15-01,TCRBJ01-02
e32da966925543093063d7a1f932b475,GNTIYF,0.02400590664779501,TCRBV05-01,TCRBJ01-03
e32da966925543093063d7a1f932b475,CGAGPNYGYTF,0.023999988233408005,TCRBV06-05,TCRBJ01-02
e32da966925543093063d7a1f932b475,CASSYFGGPANANVLTF,0.02390415318928037,TCRBV07-03,TCRBJ02-06
e32da966925543093063d7a1f932b475,CASSLAGYYYGYTF,0.023890897461246688,TCRBV12-X,TCRBJ01-02
e32da966925543093063d7a1f932b475,CASSPGPHYGYTF,0.023890099621351017,TCRBV04-01,TCRBJ01-02
e32da966925543093063d7a1f932b475,CASSYSGGFYGYTF,0.023874649728151055,TCRBV06-05,TCRBJ01-02
e32da966925543093063d7a1f932b475,CASWWDRASEAFF,0.023851221858939307,TCRBV06-06,TCRBJ01-01
e32da966925543093063d7a1f932b475,CASSWDSYYGYTF,0.023832973010312633,TCRBV06-02/06-03,TCRBJ01-02
e32da966925543093063d7a1f932b475,CASSSSGGNCYF,0.02381513131540587,TCRBV12-03/12-04,TCRBJ02-05
e32da966925543093063d7a1f932b475,CASSYHNYGYTF,0.02380942018161016,TCRBV06-05,TCRBJ01-02
e32da966925543093063d7a1f932b475,CASSYSGGPGYTF,0.02378836898027028,TCRBV06-06,TCRBJ01-02
e32da966925543093063d7a1f932b475,CASSVGGYNYGYTF,0.023770090977812006,TCRBV09-01,TCRBJ01-02
e32da966925543093063d7a1f932b475,CSEIWKRSF,0.023768728632677854,TCRBV29-01,TCRBJ01-01
e32da966925543093063d7a1f932b475,CASKYRKIYF,0.02375634654226474,TCRBV12-03/12-04,TCRBJ02-05
e32da966925543093063d7a1f932b475,CASSWGYGGGYGYTF,0.023747841047013087,TCRBV27-01,TCRBJ01-02
e32da966925543093063d7a1f932b475,CASHPGGKNYGYTF,0.0237325271799778,TCRBV06-05,TCRBJ01-02
e32da966925543093063d7a1f932b475,CAWSVWGVATEAFF,0.023722394840361396,TCRBV30-01,TCRBJ01-01
e32da966925543093063d7a1f932b475,CASSPPHTF,0.02372008619370742,TCRBV03-01/03-02,TCRBJ01-02
e32da966925543093063d7a1f932b475,CASSYRDYYGYTF,0.023719076531657276,TCRBV11-03,TCRBJ01-02
e32da966925543093063d7a1f932b475,CASSPVGGNPWGAFF,0.02368189802655006,TCRBV28-01,TCRBJ01-01
e32da966925543093063d7a1f932b475,CASSSQGPPHQPQHF,0.02367664036814613,TCRBV06-05,TCRBJ01-05
e32da966925543093063d7a1f932b475,CASSAWYYGYTF,0.02367569795457824,TCRBV25-01,TCRBJ01-02
e32da966925543093063d7a1f932b475,CASSYPGAWSPYF,0.02366422108293758,TCRBV06-02/06-03,TCRBJ02-05
e32da966925543093063d7a1f932b475,CAWNLGKGFGYGYTF,0.02365394375516667,TCRBV30-01,TCRBJ01-02
e32da966925543093063d7a1f932b475,CATSDPWGYGYTF,0.023647891883796065,TCRBV24-01,TCRBJ01-02
e32da966925543093063d7a1f932b475,CAWRVGGPRG,0.023643632944074212,TCRBV30-01,TCRBJ02-03
e3384e8a2fb4ac2d1403560ef1419d24,RAQHF,0.03489220662126203,TCRBV25-01,TCRBJ01-05
e3384e8a2fb4ac2d1403560ef1419d24,CASGIIQGFTEAFF,0.032756941013539626,TCRBV06-05,TCRBJ01-01
e3384e8a2fb4ac2d1403560ef1419d24,CAGWGGPNYGYTF,0.03266670371347653,TCRBV07-09,TCRBJ01-02
e3384e8a2fb4ac2d1403560ef1419d24,SAHAIYF,0.031122882092050705,TCRBV21-01,TCRBJ01-03
e3384e8a2fb4ac2d1403560ef1419d24,CASSYNWGYGYTF,0.030082341827892968,TCRBV06-05,TCRBJ01-02
e3384e8a2fb4ac2d1403560ef1419d24,CSSYYGGYTF,0.02988366638266725,TCRBV29-01,TCRBJ01-02
e3384e8a2fb4ac2d1403560ef1419d24,CASSYGGWNGYTF,0.029731961654770885,TCRBV06-05,TCRBJ01-02
e3384e8a2fb4ac2d1403560ef1419d24,CASSYSWGGGYTF,0.02950326897260344,TCRBV06-05,TCRBJ01-02
e3384e8a2fb4ac2d1403560ef1419d24,CASSYAYYGYTF,0.02928723542344876,TCRBV06-02/06-03,TCRBJ01-02
e3384e8a2fb4ac2d1403560ef1419d24,CASSFGGNFGTGVTNGYTF,0.02873332792168532,TCRBV12-X,TCRBJ01-02
e3384e8a2fb4ac2d1403560ef1419d24,CAWSYWGTGNYGYTF,0.028440995870281434,TCRBV30-01,TCRBJ01-02
e3384e8a2fb4ac2d1403560ef1419d24,CASSYYGGYTF,0.02834118831668581,TCRBV25-01,TCRBJ01-02
e3384e8a2fb4ac2d1403560ef1419d24,CSASYRGYYGYTF,0.02832540897040457,TCRBV20-01,TCRBJ01-02
e3384e8a2fb4ac2d1403560ef1419d24,HGYTF,0.028172954813325917,TCRBV07-03,TCRBJ01-02
e3384e8a2fb4ac2d1403560ef1419d24,CASCGPGANVLTF,0.02813447170939714,TCRBV12-03/12-04,TCRBJ02-06
e3384e8a2fb4ac2d1403560ef1419d24,CASSYSTGYYGYTF,0.027645729643180673,TCRBV06-02/06-03,TCRBJ01-02
e3384e8a2fb4ac2d1403560ef1419d24,CAWMHHTIYF,0.027623963274468647,TCRBV30-01,TCRBJ01-03
e3384e8a2fb4ac2d1403560ef1419d24,CASSDGWWGYGYTF,0.027541391652841533,TCRBV06-01,TCRBJ01-02
e3384e8a2fb4ac2d1403560ef1419d24,CASIWAPGANVLTF,0.027395356917105516,TCRBV07-02,TCRBJ02-06
e3384e8a2fb4ac2d1403560ef1419d24,CASSYFGPNYGYTF,0.027232681575179572,TCRBV06-02/06-03,TCRBJ01-02
e3384e8a2fb4ac2d1403560ef1419d24,CSASYSTGYYGYTF,0.02723089579397692,TCRBV20-01,TCRBJ01-02
e3384e8a2fb4ac2d1403560ef1419d24,CASSPWGDPYGYTF,0.02713770403022246,TCRBV19-01,TCRBJ01-02
e3384e8a2fb4ac2d1403560ef1419d24,CASNGGGWGAFF,0.02685664668259687,TCRBV19-01,TCRBJ01-01
e3384e8a2fb4ac2d1403560ef1419d24,CAWVWNTEAFF,0.026761213540032098,TCRBV30-01,TCRBJ01-01
e3384e8a2fb4ac2d1403560ef1419d24,CASTPFWGGPFNQPQHF,0.026710132518947258,TCRBV06-02,TCRBJ01-05
e3384e8a2fb4ac2d1403560ef1419d24,CAWGAGYGYTF,0.02670013835756947,TCRBV30-01,TCRBJ01-02
e3384e8a2fb4ac2d1403560ef1419d24,CASSYYRGYYEQYF,0.026631900220821913,TCRBV06-05,TCRBJ02-07
e3384e8a2fb4ac2d1403560ef1419d24,CASWWTWSTEAFF,0.02660314075414764,TCRBV06-05,TCRBJ01-01
e3384e8a2fb4ac2d1403560ef1419d24,CAWTWGGWNTEAFF,0.02659517289195778,TCRBV30-01,TCRBJ01-01
e3384e8a2fb4ac2d1403560ef1419d24,CASSSYRGTYYGYTF,0.02657408153932548,TCRBV27-01,TCRBJ01-02
e3384e8a2fb4ac2d1403560ef1419d24,CASSWYVGGGSNYGYTF,0.02644308677025072,TCRBV05-01,TCRBJ01-02
e3384e8a2fb4ac2d1403560ef1419d24,CAWTPPHGYTF,0.026387856617289138,TCRBV30-01,TCRBJ01-02
e3384e8a2fb4ac2d1403560ef1419d24,CAWMPEAFF,0.026297490289707008,TCRBV30-01,TCRBJ01-01
e3384e8a2fb4ac2d1403560ef1419d24,CASTPAPGANVLTF,0.026294727950057023,TCRBV09-01,TCRBJ02-06
e3384e8a2fb4ac2d1403560ef1419d24,CASSHYPGTHNYGYTF,0.026174595971581484,TCRBV06-06,TCRBJ01-02
e3384e8a2fb4ac2d1403560ef1419d24,CASSYYPHQPQHF,0.026160236421420468,TCRBV06-06,TCRBJ01-05
e3384e8a2fb4ac2d1403560ef1419d24,CASCSGGGCSGPQHF,0.02613624147564814,TCRBV27-01,TCRBJ01-05
e3384e8a2fb4ac2d1403560ef1419d24,CASSFGGNPNYGYTF,0.026102712714289798,TCRBV07-09,TCRBJ01-02
e3384e8a2fb4ac2d1403560ef1419d24,CAWSWEGGYTF,0.02606873095636711,TCRBV30-01,TCRBJ01-02
e3384e8a2fb4ac2d1403560ef1419d24,CASSPPWYF,0.026054925548774963,TCRBV28-01,TCRBJ02-07
e3384e8a2fb4ac2d1403560ef1419d24,CSARGRWVHYYGYTF,0.026028792694035685,TCRBV20-X,TCRBJ01-02
e3384e8a2fb4ac2d1403560ef1419d24,CASSSYWGRTMPGYGYTF,0.02601624783726841,TCRBV13-01,TCRBJ01-02
e3384e8a2fb4ac2d1403560ef1419d24,WGPWVLGYGYTF,0.026014514016183793,TCRBV10-01,TCRBJ01-02
e3384e8a2fb4ac2d1403560ef1419d24,CAGAPGANVLTF,0.02588715414851634,TCRBV06-06,TCRBJ02-06
e3384e8a2fb4ac2d1403560ef1419d24,CASSYGGWGFYEQFF,0.025826953059100603,TCRBV06-02/06-03,TCRBJ02-01
e3384e8a2fb4ac2d1403560ef1419d24,CASSYRGSTYYGYTF,0.025816604506159833,TCRBV06-02/06-03,TCRBJ01-02
e3384e8a2fb4ac2d1403560ef1419d24,CASSPWKPGGNWNGYTF,0.025769074380871452,TCRBV05-01,TCRBJ01-02
e3384e8a2fb4ac2d1403560ef1419d24,CAWNPNGGGRYYGYTF,0.025747533834804173,TCRBV30-01,TCRBJ01-02
e3384e8a2fb4ac2d1403560ef1419d24,CSAYTGTYYGYTF,0.0256802000116681,TCRBV20-X,TCRBJ01-02
e3384e8a2fb4ac2d1403560ef1419d24,CASSYKRHYGYTF,0.025643419125341585,TCRBV06-05,TCRBJ01-02
e3384e8a2fb4ac2d1403560ef1419d24,CASSKWYLSAGGNYGYTF,0.025615121792955206,TCRBV21-01,TCRBJ01-02
e3384e8a2fb4ac2d1403560ef1419d24,TGPLKYGYTF,0.025517878830965936,TCRBV05-06,TCRBJ01-02
e3384e8a2fb4ac2d1403560ef1419d24,CSAWARWVTF,0.025499082743820064,TCRBV20-01,TCRBJ01-02
e3384e8a2fb4ac2d1403560ef1419d24,CASSYWRGGYTF,0.025470305817006534,TCRBV06-05,TCRBJ01-02
e3384e8a2fb4ac2d1403560ef1419d24,CASSLFPGNKMNTEAFF,0.025467178381548383,TCRBV05-01,TCRBJ01-01
e3384e8a2fb4ac2d1403560ef1419d24,CASSYYGQTNYGYTF,0.02545220619652858,TCRBV06-05,TCRBJ01-02
e3384e8a2fb4ac2d1403560ef1419d24,CASSPPPRPPRAFF,0.025440412250594662,TCRBV28-01,TCRBJ01-01
e3384e8a2fb4ac2d1403560ef1419d24,CASTPNPHYGYTF,0.025381615203099755,TCRBV06-05,TCRBJ01-02
e3384e8a2fb4ac2d1403560ef1419d24,CASSHPGWPYGYTF,0.025340923804428605,TCRBV07-09,TCRBJ01-02
e3384e8a2fb4ac2d1403560ef1419d24,CAWIWRDYTPYGYTF,0.025326747814104038,TCRBV30-01,TCRBJ01-02
e3384e8a2fb4ac2d1403560ef1419d24,CASSYFRGYGYTF,0.02532056737059696,TCRBV06-02/06-03,TCRBJ01-02
e3384e8a2fb4ac2d1403560ef1419d24,CASSWGQSWGYGYTF,0.025307312546581695,TCRBV06-05,TCRBJ01-02
e3384e8a2fb4ac2d1403560ef1419d24,CASMGGWIAFF,0.025305041095754006,TCRBV19-01,TCRBJ01-01
e3384e8a2fb4ac2d1403560ef1419d24,CASHHPRRYGYTF,0.02526930183837116,TCRBV06-07,TCRBJ01-02
e3384e8a2fb4ac2d1403560ef1419d24,CASSTHHTGYNYGYTF,0.025253499534997698,TCRBV11-02,TCRBJ01-02
e3384e8a2fb4ac2d1403560ef1419d24,CASSWGDYYGYTF,0.025188394588563853,TCRBV28-01,TCRBJ01-02
e3384e8a2fb4ac2d1403560ef1419d24,CACPGGAGANVLTF,0.02517440557498886,TCRBV30-01,TCRBJ02-06
e3384e8a2fb4ac2d1403560ef1419d24,CASHPAANYGYTF,0.02513914989288676,TCRBV06-05,TCRBJ01-02
e3384e8a2fb4ac2d1403560ef1419d24,CASSYFAPGSNYGYTF,0.02511483417033694,TCRBV06-05,TCRBJ01-02
e3384e8a2fb4ac2d1403560ef1419d24,CAWKPGYGWEAFF,0.025068121414867688,TCRBV30-01,TCRBJ01-01
e3384e8a2fb4ac2d1403560ef1419d24,CAWNSFGGYGYTF,0.02504341128836765,TCRBV30-01,TCRBJ01-02
e3384e8a2fb4ac2d1403560ef1419d24,CASTPKPGPGANVLTF,0.0249674773219509,TCRBV28-01,TCRBJ02-06
e3384e8a2fb4ac2d1403560ef1419d24,CASWAGWDYGYTF,0.02494153169091925,TCRBV23-01,TCRBJ01-02
e3384e8a2fb4ac2d1403560ef1419d24,CARWWGTGGGWGTDTQYF,0.02493577906445959,TCRBV27-01,TCRBJ02-03
e3384e8a2fb4ac2d1403560ef1419d24,CASSPYGGGYTF,0.02489557001589029,TCRBV27-01,TCRBJ01-02
e3384e8a2fb4ac2d1403560ef1419d24,CASSSWGTGGSGYTF,0.024861641347884586,TCRBV27-01,TCRBJ01-02
e3384e8a2fb4ac2d1403560ef1419d24,CASSQDWKGAIGAFF,0.024854670042374658,TCRBV04-03,TCRBJ01-01
e3384e8a2fb4ac2d1403560ef1419d24,CASGFWGGIYGYTF,0.024826357965255792,TCRBV12-05,TCRBJ01-02
e3384e8a2fb4ac2d1403560ef1419d24,CAWSVLWVTEAFF,0.024818888499186696,TCRBV30-01,TCRBJ01-01
e3384e8a2fb4ac2d1403560ef1419d24,CATYGGPQGGYTF,0.024795786993958305,TCRBV06-X,TCRBJ01-02
e3384e8a2fb4ac2d1403560ef1419d24,CASNGGPPNYNYGYTF,0.02478412812970885,TCRBV06-04,TCRBJ01-02
e3384e8a2fb4ac2d1403560ef1419d24,CASSWGVYYGYTF,0.02478411228270876,TCRBV06-05,TCRBJ01-02
e3384e8a2fb4ac2d1403560ef1419d24,CASHPGHGLYGYTF,0.024767367524145507,TCRBV12-X,TCRBJ01-02
e3384e8a2fb4ac2d1403560ef1419d24,CASSYHPGGNYGYTF,0.02474553972677217,TCRBV06-02/06-03,TCRBJ01-02
e3384e8a2fb4ac2d1403560ef1419d24,CASSYPPSHTF,0.02472633217150522,TCRBV06-05,TCRBJ01-02
e3384e8a2fb4ac2d1403560ef1419d24,CAWGAYIQYF,0.024710720034038444,TCRBV30-01,TCRBJ02-04
e3384e8a2fb4ac2d1403560ef1419d24,CASSYYRAANYGYTF,0.024638159835447006,TCRBV06-02/06-03,TCRBJ01-02
e3384e8a2fb4ac2d1403560ef1419d24,CASSYSGNNYGYTF,0.02463499020729555,TCRBV06-02/06-03,TCRBJ01-02
e3384e8a2fb4ac2d1403560ef1419d24,CASSYKPGGGYTF,0.024631324074991603,TCRBV06-02/06-03,TCRBJ01-02
e3384e8a2fb4ac2d1403560ef1419d24,CAWNPWGGGETDTQYF,0.02461443666350822,TCRBV30-01,TCRBJ02-03
e3384e8a2fb4ac2d1403560ef1419d24,CASSYGFGASGGYTF,0.024588975884520064,TCRBV06-06,TCRBJ01-02
e3384e8a2fb4ac2d1403560ef1419d24,CASSYSWGRGYTF,0.024553510108785308,TCRBV06-05,TCRBJ01-02
e3384e8a2fb4ac2d1403560ef1419d24,CAWGPPGEAFF,0.024516490495280544,TCRBV30-01,TCRBJ01-01
e3384e8a2fb4ac2d1403560ef1419d24,CASSYGYGYTF,0.024498189835316132,TCRBV06-02/06-03,TCRBJ01-02
e3384e8a2fb4ac2d1403560ef1419d24,CSAPDWEKLFF,0.024477403132783643,TCRBV20-01,TCRBJ01-04
e3384e8a2fb4ac2d1403560ef1419d24,CAWGDGYGYTF,0.024450407119688225,TCRBV30-01,TCRBJ01-02
e3384e8a2fb4ac2d1403560ef1419d24,CASIAYGYQGNYGYTF,0.02443997667247267,TCRBV06-X,TCRBJ01-02
e3384e8a2fb4ac2d1403560ef1419d24,CASSKNPHYAYTF,0.024438272791278564,TCRBV21-01,TCRBJ01-02
e3384e8a2fb4ac2d1403560ef1419d24,CAAGYRYGYTF,0.02442002621631529,TCRBV28-01,TCRBJ01-02
e92623a0d22596f523ec5f392ad09491,CASTSFPGSWYWWGSNYGYTF,0.037251456592385435,TCRBV28-01,TCRBJ01-02
e92623a0d22596f523ec5f392ad09491,CASSFWGNPYGYTF,0.03504574666122607,TCRBV11-02,TCRBJ01-02
e92623a0d22596f523ec5f392ad09491,RQYF,0.034126115120624315,TCRBV25-01,TCRBJ02-07
e92623a0d22596f523ec5f392ad09491,CAWSGGPYYGYTF,0.03193033897832834,TCRBV30-01,TCRBJ01-02
e92623a0d22596f523ec5f392ad09491,CSAYYTPNYGYTF,0.031894663088868166,TCRBV20-X,TCRBJ01-02
e92623a0d22596f523ec5f392ad09491,CASNWGGPNYGYTF,0.031010142971658217,TCRBV02-01,TCRBJ01-02
e92623a0d22596f523ec5f392ad09491,CASSRTSHPPPHPPQYF,0.030519774540900865,TCRBV23-01,TCRBJ02-03
e92623a0d22596f523ec5f392ad09491,WTQYF,0.0302923120062712,TCRBV10-01,TCRBJ02-05
e92623a0d22596f523ec5f392ad09491,CSASYSYYGYTF,0.029186158507515752,TCRBV20-X,TCRBJ01-02
e92623a0d22596f523ec5f392ad09491,WRVNYGYTF,0.02887863622570202,TCRBV20-01,TCRBJ01-02
e92623a0d22596f523ec5f392ad09491,CSAYVYGYTF,0.02861624663689506,TCRBV20-01,TCRBJ01-02
e92623a0d22596f523ec5f392ad09491,WDTEAFF,0.0284305540927459,TCRBV05-08,TCRBJ01-01
e92623a0d22596f523ec5f392ad09491,RWGQPQHF,0.02830836911786202,TCRBV19-01,TCRBJ01-05
e92623a0d22596f523ec5f392ad09491,CASSYSWGNYGYTF,0.028068599887691476,TCRBV06-05,TCRBJ01-02
e92623a0d22596f523ec5f392ad09491,CATSDWYWYGYTF,0.027922318656994044,TCRBV24-01,TCRBJ01-02
e92623a0d22596f523ec5f392ad09491,CASSLSPRGLWLVGNEKLFF,0.027881720435208417,unresolved,TCRBJ01-04
e92623a0d22596f523ec5f392ad09491,CASSSNWGGPYGYTF,0.027815266149427035,TCRBV05-06,TCRBJ01-02
e92623a0d22596f523ec5f392ad09491,CAWSVPGGFTDTQYF,0.027807161536304192,TCRBV30-01,TCRBJ02-03
e92623a0d22596f523ec5f392ad09491,CASSLPVWGNTEAFF,0.027736656990378146,TCRBV07-02,TCRBJ01-01
e92623a0d22596f523ec5f392ad09491,CASSYYGGTGYTF,0.02745175471074197,TCRBV06-05,TCRBJ01-02
e92623a0d22596f523ec5f392ad09491,KTQYF,0.02741550353048668,TCRBV15-01,TCRBJ02-05
e92623a0d22596f523ec5f392ad09491,CASSYKWGPGYGYTF,0.027276746336706414,TCRBV06-05,TCRBJ01-02
e92623a0d22596f523ec5f392ad09491,CASSYSGGTGASYGYTF,0.02725737522843677,TCRBV06-X,TCRBJ01-02
e92623a0d22596f523ec5f392ad09491,CASSYSTWGSYGYTF,0.027220155087705547,TCRBV06-05,TCRBJ01-02
e92623a0d22596f523ec5f392ad09491,CAIGWGYGYTF,0.027197686180288304,TCRBV30-01,TCRBJ01-02
e92623a0d22596f523ec5f392ad09491,CAWNNRGGGAFF,0.027171497866394678,TCRBV30-01,TCRBJ01-01
e92623a0d22596f523ec5f392ad09491,CAWWGGYGNTIYF,0.027147599239782758,TCRBV30-01,TCRBJ01-03
e92623a0d22596f523ec5f392ad09491,CASSLPFLGNTEAFF,0.027084762068044128,TCRBV13-01,TCRBJ01-01
e92623a0d22596f523ec5f392ad09491,CASGHMGGYYGYTF,0.027064258464438253,TCRBV12-05,TCRBJ01-02
e92623a0d22596f523ec5f392ad09491,CASSYSSSAGYYGYTF,0.026966256229493366,TCRBV06-06,TCRBJ01-02
e92623a0d22596f523ec5f392ad09491,CAWSWAWGGTEAFF,0.026841600980069186,TCRBV30-01,TCRBJ01-01
e92623a0d22596f523ec5f392ad09491,CASTPPHF,0.026825587821419018,TCRBV03-01/03-02,TCRBJ02-07
e92623a0d22596f523ec5f392ad09491,CASSPEWGGWYGYTF,0.026787786476227968,TCRBV04-01,TCRBJ01-02
e92623a0d22596f523ec5f392ad09491,CASSPASGGGNNNYGYTF,0.026774236649916634,TCRBV14-01,TCRBJ01-02
e92623a0d22596f523ec5f392ad09491,CASAPGGYTNYGYTF,0.02676654346597972,TCRBV06-06,TCRBJ01-02
e92623a0d22596f523ec5f392ad09491,CAWSWAYPGGYTF,0.02668981957505982,TCRBV30-01,TCRBJ01-02
e92623a0d22596f523ec5f392ad09491,CASSGYNGPHYQPQHF,0.02649536054357103,TCRBV09-01,TCRBJ01-05
e92623a0d22596f523ec5f392ad09491,CAWRHRGWYGYTF,0.02648486978321923,TCRBV30-01,TCRBJ01-02
e92623a0d22596f523ec5f392ad09491,CASTAAPYYGYTF,0.02645448707740978,TCRBV12-03/12-04,TCRBJ01-02
e92623a0d22596f523ec5f392ad09491,CASNFGMGAGVGYTF,0.026443204923390855,TCRBV06-05,TCRBJ01-02
e92623a0d22596f523ec5f392ad09491,CATYGGWGYGYTF,0.026405429782480807,TCRBV06-X,TCRBJ01-02
e92623a0d22596f523ec5f392ad09491,CASSYAWGTGPNYGYTF,0.026392542907111124,TCRBV06-X,TCRBJ01-02
e92623a0d22596f523ec5f392ad09491,CAIHSGPHPNYGYTF,0.026170656736460688,TCRBV25-01,TCRBJ01-02
e92623a0d22596f523ec5f392ad09491,CASCPGGAGANVLTF,0.026104196166654835,TCRBV06-05,TCRBJ02-06
e92623a0d22596f523ec5f392ad09491,CASNYPGAGYYGYTF,0.02607719927198871,TCRBV12-X,TCRBJ01-02
e92623a0d22596f523ec5f392ad09491,CASSNNNRGPGANVLTF,0.02598502156147137,TCRBV19-01,TCRBJ02-06
e92623a0d22596f523ec5f392ad09491,CAWSAGFGTGYGYTF,0.02597543624624508,TCRBV30-01,TCRBJ01-02
e92623a0d22596f523ec5f392ad09491,CASAYYGYTF,0.02596499360479107,TCRBV07-02,TCRBJ01-02
e92623a0d22596f523ec5f392ad09491,CASSYGGHNYGYTF,0.025953168774432885,TCRBV28-01,TCRBJ01-02
e92623a0d22596f523ec5f392ad09491,CAWRVWAGGYTF,0.025928609003595556,TCRBV30-01,TCRBJ01-02
e92623a0d22596f523ec5f392ad09491,CASSFAPYYGYTF,0.02587905393810842,TCRBV12-03/12-04,TCRBJ01-02
e92623a0d22596f523ec5f392ad09491,CASSFGGYYGYTF,0.02587800815390079,TCRBV07-03,TCRBJ01-02
e92623a0d22596f523ec5f392ad09491,CSAHVPGGAPYGYTF,0.02586427703835269,TCRBV20-X,TCRBJ01-02
e92623a0d22596f523ec5f392ad09491,CASSIYGYANYGYTF,0.025848175566005743,TCRBV05-01,TCRBJ01-02
e92623a0d22596f523ec5f392ad09491,CASSYPLYYGYTF,0.025753181651711143,TCRBV06-06,TCRBJ01-02
e92623a0d22596f523ec5f392ad09491,CAWIGGQGANGYTF,0.02571000210911186,TCRBV30-01,TCRBJ01-02
e92623a0d22596f523ec5f392ad09491,CASSSGYSYGGGYTF,0.02569992304985063,TCRBV06-05,TCRBJ01-02
e92623a0d22596f523ec5f392ad09491,CASSYSWGTNYGYTF,0.025687765231554693,TCRBV06-05,TCRBJ01-02
e92623a0d22596f523ec5f392ad09491,CAWIWGPNYGYTF,0.025667319371735418,TCRBV30-01,TCRBJ01-02
e92623a0d22596f523ec5f392ad09491,WGATEAFF,0.02561386771571141,TCRBV21-01,TCRBJ01-01
e92623a0d22596f523ec5f392ad09491,CASSFYRGYGYTF,0.025582991360729352,TCRBV27-01,TCRBJ01-02
e92623a0d22596f523ec5f392ad09491,CASSFSWGGYGYTF,0.02550797386704461,TCRBV05-04,TCRBJ01-02
e92623a0d22596f523ec5f392ad09491,CAWSAHPYGYTF,0.025480787079304127,TCRBV30-01,TCRBJ01-02
e92623a0d22596f523ec5f392ad09491,CASETWGAWYGYTF,0.025418242994846425,TCRBV23-01,TCRBJ01-02
e92623a0d22596f523ec5f392ad09491,CAWGAIEAFF,0.025390295339179518,TCRBV30-01,TCRBJ01-01
e92623a0d22596f523ec5f392ad09491,WPGSQYF,0.02536043725027922,TCRBV18-01,TCRBJ02-03
e92623a0d22596f523ec5f392ad09491,CASSYWGRGYTF,0.025327106828118867,TCRBV06-02/06-03,TCRBJ01-02
e92623a0d22596f523ec5f392ad09491,CAWTPTWSYYGYTF,0.025297739983968913,TCRBV30-01,TCRBJ01-02
e92623a0d22596f523ec5f392ad09491,CAWNPGGFYGYTF,0.025269856789112737,TCRBV30-01,TCRBJ01-02
e92623a0d22596f523ec5f392ad09491,KAGGGPHF,0.02517964709321766,TCRBV19-01,TCRBJ01-06
e92623a0d22596f523ec5f392ad09491,CAWSYAGGVYF,0.02515357728455738,TCRBV30-01,TCRBJ02-04
e92623a0d22596f523ec5f392ad09491,CASHSGHPYGYTF,0.025136462268787216,TCRBV09-01,TCRBJ01-02
e92623a0d22596f523ec5f392ad09491,CASSPGTGYYYGYTF,0.02510745521858204,TCRBV07-02,TCRBJ01-02
e92623a0d22596f523ec5f392ad09491,CASSQGQGGNSYSGSYGYTF,0.025065144050905257,TCRBV09-01,TCRBJ01-02
e92623a0d22596f523ec5f392ad09491,CAWSVGGWYGYTF,0.025049374431101838,TCRBV30-01,TCRBJ01-02
e92623a0d22596f523ec5f392ad09491,CASTYPSGGFYGYTF,0.025015802674150715,TCRBV05-05,TCRBJ01-02
e92623a0d22596f523ec5f392ad09491,CASSWGGSNYGYTF,0.025002379275417805,TCRBV05-01,TCRBJ01-02
e92623a0d22596f523ec5f392ad09491,CASSPNWGPYGYTF,0.024982313958165817,TCRBV18-01,TCRBJ01-02
e92623a0d22596f523ec5f392ad09491,CASWGWAPEKLFF,0.024947687229933728,TCRBV19-01,TCRBJ01-04
e92623a0d22596f523ec5f392ad09491,CSVATGGWGANYGYTF,0.02490535471322616,TCRBV29-01,TCRBJ01-02
e92623a0d22596f523ec5f392ad09491,CSGGTGYYGYTF,0.024857068245457054,TCRBV29-01,TCRBJ01-02
e92623a0d22596f523ec5f392ad09491,IDDVHFYGYTF,0.0248497876511148,TCRBV12-02,TCRBJ01-02
e92623a0d22596f523ec5f392ad09491,CASSLLCWWFF,0.02484070426892905,TCRBV07-02,TCRBJ02-01
e92623a0d22596f523ec5f392ad09491,CASNPGAPVGGANVLTF,0.024831147828886773,TCRBV27-01,TCRBJ02-06
e92623a0d22596f523ec5f392ad09491,CATPPFGGWYF,0.024830928448176182,TCRBV12-03/12-04,TCRBJ02-03
e92623a0d22596f523ec5f392ad09491,CASSPYDYYGYTF,0.024824870245757205,TCRBV18-01,TCRBJ01-02
e92623a0d22596f523ec5f392ad09491,RAWGNAFF,0.024807944357643854,TCRBV05-01,TCRBJ01-01
e92623a0d22596f523ec5f392ad09491,CASSYHSHRPSHRGAVF,0.02480781457923648,TCRBV06-X,TCRBJ02-02
e92623a0d22596f523ec5f392ad09491,CAWSWGAGTEAFF,0.024807454087132016,TCRBV30-01,TCRBJ01-01
e92623a0d22596f523ec5f392ad09491,CAWRREWAEAFF,0.024779339903755342,TCRBV30-01,TCRBJ01-01
e92623a0d22596f523ec5f392ad09491,CATHLGGPTFYGYTF,0.02476760939276516,TCRBV06-06,TCRBJ01-02
e92623a0d22596f523ec5f392ad09491,CAWRMFEALGYTF,0.02475000938645296,TCRBV30-01,TCRBJ01-02
e92623a0d22596f523ec5f392ad09491,CASSWGPPAHQPQHF,0.024746992603539925,TCRBV06-02/06-03,TCRBJ01-05
e92623a0d22596f523ec5f392ad09491,CASYIDRLLTGGKGYTF,0.024696228678460337,TCRBV02-01,TCRBJ01-02
e92623a0d22596f523ec5f392ad09491,CASSLYWYGDYGYTF,0.024691787145516793,TCRBV27-01,TCRBJ01-02
e92623a0d22596f523ec5f392ad09491,CASAFWAEAFF,0.024677999525893488,TCRBV07-09,TCRBJ01-01
e92623a0d22596f523ec5f392ad09491,CASSNWGANYGYTF,0.02466232107335391,TCRBV19-01,TCRBJ01-02
e9d348110b86784afb0ef1c895003b19,YF,0.043498104297022874,TCRBV01-01,TCRBJ02-07
e9d348110b86784afb0ef1c895003b19,CASSFWGAITEAFF,0.03570100603662742,TCRBV07-07,TCRBJ01-01
e9d348110b86784afb0ef1c895003b19,CSYIYGYTF,0.033103921594561,TCRBV29-01,TCRBJ01-02
e9d348110b86784afb0ef1c895003b19,CATYWGGNNYGYTF,0.03296445196873931,TCRBV06-05,TCRBJ01-02
e9d348110b86784afb0ef1c895003b19,CASSWGPYYGYTF,0.031748033060690635,TCRBV06-05,TCRBJ01-02
e9d348110b86784afb0ef1c895003b19,CSAWFLSGGSNPDTQYF,0.0308414936952179,TCRBV20-X,TCRBJ02-03
e9d348110b86784afb0ef1c895003b19,CIHVPYF,0.030602753451608528,TCRBV29-01,TCRBJ02-05
e9d348110b86784afb0ef1c895003b19,CASSYWGGYGYTF,0.029104491680632637,TCRBV10-01,TCRBJ01-02
e9d348110b86784afb0ef1c895003b19,LWHGPDTF,0.028760514186455477,TCRBV21-01,TCRBJ01-02
e9d348110b86784afb0ef1c895003b19,CSGGWGGSNYGYTF,0.028678400909549758,TCRBV29-01,TCRBJ01-02
e9d348110b86784afb0ef1c895003b19,CASSFGAGWNYGYTF,0.028614326408429248,TCRBV11-02,TCRBJ01-02
e9d348110b86784afb0ef1c895003b19,CASPPY,0.02859280157208156,TCRBV18-01,TCRBJ01-03
e9d348110b86784afb0ef1c895003b19,CASSYSWGNYGYTF,0.028068599887691476,TCRBV06-02/06-03,TCRBJ01-02
e9d348110b86784afb0ef1c895003b19,CASSYYSSGGGYTF,0.027988283531288644,TCRBV06-05,TCRBJ01-02
e9d348110b86784afb0ef1c895003b19,CASSPWGGWGNTIYF,0.027939076156027302,TCRBV07-08,TCRBJ01-03
e9d348110b86784afb0ef1c895003b19,CASSYNSWGGYTF,0.02779760945166252,TCRBV14-01,TCRBJ01-02
e9d348110b86784afb0ef1c895003b19,WFEAFF,0.027776489869060027,TCRBV21-01,TCRBJ01-01
e9d348110b86784afb0ef1c895003b19,CASSLYHYYGYTF,0.027632148934338917,TCRBV27-01,TCRBJ01-02
e9d348110b86784afb0ef1c895003b19,CAWNRPGGYYGYTF,0.027464453227398614,TCRBV30-01,TCRBJ01-02
e9d348110b86784afb0ef1c895003b19,CSARIPFIGHNEQFF,0.027346176534738864,TCRBV20-X,TCRBJ02-01
e9d348110b86784afb0ef1c895003b19,CASFPWGGTSNYGYTF,0.027301827057940743,TCRBV05-06,TCRBJ01-02
e9d348110b86784afb0ef1c895003b19,CASSWGGGSNYGYTF,0.027234156391008138,TCRBV11-02,TCRBJ01-02
e9d348110b86784afb0ef1c895003b19,CASSRVGYYYGYTF,0.02714691447341653,TCRBV04-01,TCRBJ01-02
e9d348110b86784afb0ef1c895003b19,CAYHMLIYGYTF,0.027126228280788294,TCRBV30-01,TCRBJ01-02
e9d348110b86784afb0ef1c895003b19,CAWGWPLHF,0.02703288935767353,TCRBV30-01,TCRBJ01-06
e9d348110b86784afb0ef1c895003b19,WHRPAEAFF,0.02701893694428297,TCRBV07-09,TCRBJ01-01
e9d348110b86784afb0ef1c895003b19,CAWSVFSGGGNNYGYTF,0.02694536788460484,TCRBV30-01,TCRBJ01-02
e9d348110b86784afb0ef1c895003b19,RGPLHF,0.02691497729812681,TCRBV19-01,TCRBJ01-06
e9d348110b86784afb0ef1c895003b19,CARALKLAGVPYEQYF,0.02689494965778452,TCRBV28-01,TCRBJ02-07
e9d348110b86784afb0ef1c895003b19,CASSIPTVGYGYTF,0.026793777431652496,TCRBV19-01,TCRBJ01-02
e9d348110b86784afb0ef1c895003b19,CAWARWGGATGANVLTF,0.02673540758369959,TCRBV30-01,TCRBJ02-06
e9d348110b86784afb0ef1c895003b19,CASAVGTVKKAFF,0.02672365544530046,TCRBV12-05,TCRBJ01-01
e9d348110b86784afb0ef1c895003b19,CASSWGWGPASNYGYTF,0.026594577286056607,TCRBV12-X,TCRBJ01-02
e9d348110b86784afb0ef1c895003b19,CASGGQWGSYYGYTF,0.0264168817460068,TCRBV06-X,TCRBJ01-02
e9d348110b86784afb0ef1c895003b19,CASSQGPPPSYEQYF,0.0262331112393699,TCRBV04-03,TCRBJ02-07
e9d348110b86784afb0ef1c895003b19,CASSTWDRAKAFF,0.026120116242647085,TCRBV02-01,TCRBJ01-01
e9d348110b86784afb0ef1c895003b19,CASWKKPLHF,0.025991409660326883,TCRBV25-01,TCRBJ01-06
e9d348110b86784afb0ef1c895003b19,CAWSGYSYGYTF,0.025985804526829342,TCRBV30-01,TCRBJ01-02
e9d348110b86784afb0ef1c895003b19,CAWGHNYGYTF,0.025919278702132755,TCRBV30-01,TCRBJ01-02
e9d348110b86784afb0ef1c895003b19,CASVRGGFNANYGYTF,0.0258895380940689,TCRBV06-X,TCRBJ01-02
e9d348110b86784afb0ef1c895003b19,CASSYSGAYYGYTF,0.02585597511635235,TCRBV06-05,TCRBJ01-02
e9d348110b86784afb0ef1c895003b19,CASSYSNRGYYSNQPQHF,0.02582575486725719,TCRBV06-X,TCRBJ01-05
e9d348110b86784afb0ef1c895003b19,CAWGSEGWWTEAFF,0.02582365103929891,TCRBV30-01,TCRBJ01-01
e9d348110b86784afb0ef1c895003b19,CASSPLTRGHHHGYTF,0.025818964136638638,TCRBV07-02,TCRBJ01-02
e9d348110b86784afb0ef1c895003b19,CATPFHF,0.025816808379541395,TCRBV24-01,TCRBJ01-05
e9d348110b86784afb0ef1c895003b19,CAWSVPVWYGYTF,0.025760150000786866,TCRBV30-01,TCRBJ01-02
e9d348110b86784afb0ef1c895003b19,CAWKKGAFF,0.025747327503725964,TCRBV30-01,TCRBJ01-01
e9d348110b86784afb0ef1c895003b19,CAWSAARVAF,0.025674552867925426,TCRBV30-01,TCRBJ01-02
e9d348110b86784afb0ef1c895003b19,CAWGGPGPQHF,0.025652768943496534,TCRBV30-01,TCRBJ01-05
e9d348110b86784afb0ef1c895003b19,CASSYGGGFGYTF,0.025565190913305072,TCRBV06-02/06-03,TCRBJ01-02
e9d348110b86784afb0ef1c895003b19,CAPPRPPQPQHF,0.025554269160581646,TCRBV21-01,TCRBJ01-05
e9d348110b86784afb0ef1c895003b19,CAWRWAVYGYTF,0.025513411945884332,TCRBV30-01,TCRBJ01-02
e9d348110b86784afb0ef1c895003b19,CASSYPYGYTF,0.025505150067636057,TCRBV06-02/06-03,TCRBJ01-02
e9d348110b86784afb0ef1c895003b19,CSYTGWGSGYTF,0.02549788159226656,TCRBV20-X,TCRBJ01-02
e9d348110b86784afb0ef1c895003b19,CASYSTYYGYTF,0.025478595181933867,TCRBV05-01,TCRBJ01-02
e9d348110b86784afb0ef1c895003b19,CAWTEGGYWAFF,0.02546903497385623,TCRBV30-01,TCRBJ01-01
e9d348110b86784afb0ef1c895003b19,CASSYNYSPNYGYTF,0.025441888604263076,TCRBV06-05,TCRBJ01-02
e9d348110b86784afb0ef1c895003b19,CASSFWTGGSANYGYTF,0.02535063746272496,TCRBV05-06,TCRBJ01-02
e9d348110b86784afb0ef1c895003b19,CAGSVWGPYGYTF,0.025332834066092633,TCRBV06-05,TCRBJ01-02
e9d348110b86784afb0ef1c895003b19,CASTFGYGANYYGYTF,0.02529471842101103,TCRBV06-X,TCRBJ01-02
e9d348110b86784afb0ef1c895003b19,CAWSAAVWSEAFF,0.02527448624552415,TCRBV30-01,TCRBJ01-01
e9d348110b86784afb0ef1c895003b19,CASSWGGPQGYGYTF,0.025260283351092722,TCRBV28-01,TCRBJ01-02
e9d348110b86784afb0ef1c895003b19,CAWGYGGYTF,0.02524073351878462,TCRBV30-01,TCRBJ01-02
e9d348110b86784afb0ef1c895003b19,CASSPFWGGYGYTF,0.02521301993525196,TCRBV12-X,TCRBJ01-02
e9d348110b86784afb0ef1c895003b19,CAWSPYSYGYTF,0.025140869242724954,TCRBV30-01,TCRBJ01-02
e9d348110b86784afb0ef1c895003b19,CASSFYGYGYTF,0.02511705979779907,TCRBV05-01,TCRBJ01-02
e9d348110b86784afb0ef1c895003b19,CASSSTGGWNYGYTF,0.025061482540499717,TCRBV11-02,TCRBJ01-02
e9d348110b86784afb0ef1c895003b19,CAGGPNYGYTF,0.024953452684864316,TCRBV30-01,TCRBJ01-02
e9d348110b86784afb0ef1c895003b19,CAWSGGPGYGYTF,0.024908687083389367,TCRBV30-01,TCRBJ01-02
e9d348110b86784afb0ef1c895003b19,CASSPYGGGYTF,0.02489557001589029,TCRBV11-02,TCRBJ01-02
e9d348110b86784afb0ef1c895003b19,CASWAAEAFF,0.02486551576103963,TCRBV19-01,TCRBJ01-01
e9d348110b86784afb0ef1c895003b19,CASSYPHYEGAPCYTF,0.024839287899596402,TCRBV06-05,TCRBJ01-02
e9d348110b86784afb0ef1c895003b19,CASSGWNKITEAFF,0.02481998923129761,TCRBV06-X,TCRBJ01-01
e9d348110b86784afb0ef1c895003b19,CASIPGGAHVYGYTF,0.024720198250134932,TCRBV05-04,TCRBJ01-02
e9d348110b86784afb0ef1c895003b19,CAWGHYGYTF,0.02471553987554854,TCRBV30-01,TCRBJ01-02
e9d348110b86784afb0ef1c895003b19,CASSGWGHYGYTF,0.024672244468790783,TCRBV06-X,TCRBJ01-02
e9d348110b86784afb0ef1c895003b19,CASSYSWGDYGYTF,0.024642159318889093,TCRBV06-05,TCRBJ01-02
e9d348110b86784afb0ef1c895003b19,CASSYSGNNYGYTF,0.02463499020729555,TCRBV06-02/06-03,TCRBJ01-02
e9d348110b86784afb0ef1c895003b19,CASHAHGGTYGYTF,0.02457144247445732,TCRBV06-05,TCRBJ01-02
e9d348110b86784afb0ef1c895003b19,CASSSTWGGYGYTF,0.02455742623524872,TCRBV27-01,TCRBJ01-02
e9d348110b86784afb0ef1c895003b19,CAWNPGWQGGQYF,0.024507020025207535,TCRBV30-01,TCRBJ02-05
e9d348110b86784afb0ef1c895003b19,CAWTWGKRVDGYTF,0.024500034544405924,TCRBV30-01,TCRBJ01-02
e9d348110b86784afb0ef1c895003b19,CASSYGYGYTF,0.024498189835316132,TCRBV06-05,TCRBJ01-02
e9d348110b86784afb0ef1c895003b19,CACWRPQHF,0.024457511062929503,TCRBV30-01,TCRBJ01-05
e9d348110b86784afb0ef1c895003b19,CASSPQGHHNQPQHF,0.02444686016706514,TCRBV18-01,TCRBJ01-05
e9d348110b86784afb0ef1c895003b19,CAWWTGGTEAFF,0.02442106709976974,TCRBV30-01,TCRBJ01-01
e9d348110b86784afb0ef1c895003b19,CAGGTYFNYGYTF,0.024417771353860914,TCRBV02-01,TCRBJ01-02
e9d348110b86784afb0ef1c895003b19,CASSPPWRGHPQPQHF,0.02440086351691148,TCRBV12-X,TCRBJ01-05
e9d348110b86784afb0ef1c895003b19,CASIRAF,0.024398884207268764,TCRBV02-01,TCRBJ01-02
e9d348110b86784afb0ef1c895003b19,CSVYFRGGYGYTF,0.024394748735788497,TCRBV29-01,TCRBJ01-02
e9d348110b86784afb0ef1c895003b19,CASSGGYYGYTF,0.024391721691848403,TCRBV28-01,TCRBJ01-02
e9d348110b86784afb0ef1c895003b19,CASRYYGYTF,0.02438905524616964,TCRBV05-08,TCRBJ01-02
e9d348110b86784afb0ef1c895003b19,CASSWWGANVLTF,0.02436868901130904,TCRBV13-01,TCRBJ02-06
e9d348110b86784afb0ef1c895003b19,CASTGGFPHYGYTF,0.024339893301504274,TCRBV28-01,TCRBJ01-02
e9d348110b86784afb0ef1c895003b19,CASSYGHYGYTF,0.024322946103401927,TCRBV12-03/12-04,TCRBJ01-02
e9d348110b86784afb0ef1c895003b19,CAWGGNYGYTF,0.024309750912726958,TCRBV30-01,TCRBJ01-02
e9d348110b86784afb0ef1c895003b19,CASSYYPGGEEKLFF,0.0242749559712666,TCRBV07-02,TCRBJ01-04
e9d348110b86784afb0ef1c895003b19,CASGAWGWTEAFF,0.02427188695793365,TCRBV06-05,TCRBJ01-01
e9d348110b86784afb0ef1c895003b19,CASSYSGHSYGYTF,0.02426500634622503,TCRBV06-02/06-03,TCRBJ01-02
e9d348110b86784afb0ef1c895003b19,CAWSHPPGGYTF,0.024255786487066673,TCRBV30-01,TCRBJ01-02
f1cfae35bb4d92629fb74a25b7c56928,CASSSGWGTPYCSYGYTF,0.03221389572177905,TCRBV07-03,TCRBJ01-02
f1cfae35bb4d92629fb74a25b7c56928,CASNPWGGYGYTF,0.031003366427178797,TCRBV19-01,TCRBJ01-02
f1cfae35bb4d92629fb74a25b7c56928,CASSIWKGVTEAFF,0.03048774091016527,TCRBV19-01,TCRBJ01-01
f1cfae35bb4d92629fb74a25b7c56928,WLPGGHTIYF,0.030368678156723044,TCRBV19-01,TCRBJ01-03
f1cfae35bb4d92629fb74a25b7c56928,CASYHPGYGYTF,0.030344701539083804,TCRBV28-01,TCRBJ01-02
f1cfae35bb4d92629fb74a25b7c56928,CASSYSYYGYTF,0.030263355563056,TCRBV06-05,TCRBJ01-02
f1cfae35bb4d92629fb74a25b7c56928,CASSIWGRITEAFF,0.029955031320752282,TCRBV19-01,TCRBJ01-01
f1cfae35bb4d92629fb74a25b7c56928,CASSRNNNRGGVRNQPQHF,0.029850847126915447,TCRBV06-02,TCRBJ01-05
f1cfae35bb4d92629fb74a25b7c56928,CASIPVVGNTGELFF,0.02968948571848939,TCRBV19-01,TCRBJ02-02
f1cfae35bb4d92629fb74a25b7c56928,CAGHRYF,0.028862335982148744,TCRBV15-01,TCRBJ02-07
f1cfae35bb4d92629fb74a25b7c56928,CANPYF,0.02877048729284568,TCRBV05-04,TCRBJ02-07
f1cfae35bb4d92629fb74a25b7c56928,CAWIWHTEAFF,0.02841214144011537,TCRBV30-01,TCRBJ01-01
f1cfae35bb4d92629fb74a25b7c56928,CASSPWGGPYGYTF,0.02820343077801763,TCRBV05-05,TCRBJ01-02
f1cfae35bb4d92629fb74a25b7c56928,CASHHSSHKGYGYTF,0.028157525756745013,TCRBV23-01,TCRBJ01-02
f1cfae35bb4d92629fb74a25b7c56928,CASYHYGYTF,0.02772127691561435,TCRBV25-01,TCRBJ01-02
f1cfae35bb4d92629fb74a25b7c56928,CASSYYGGTGYTF,0.02745175471074197,TCRBV06-05,TCRBJ01-02
f1cfae35bb4d92629fb74a25b7c56928,CASSAAGGIGANYGYTF,0.02727438055181266,TCRBV03-01/03-02,TCRBJ01-02
f1cfae35bb4d92629fb74a25b7c56928,CAWIPDWGYGYTF,0.02721420558761611,TCRBV30-01,TCRBJ01-02
f1cfae35bb4d92629fb74a25b7c56928,CASSYPGYYGYTF,0.02719719100101016,TCRBV06-02/06-03,TCRBJ01-02
f1cfae35bb4d92629fb74a25b7c56928,CAWFTGWGAGANVLTF,0.026981883135302705,TCRBV30-01,TCRBJ02-06
f1cfae35bb4d92629fb74a25b7c56928,CASSYWGAPPGNSGYTF,0.02689672025724671,TCRBV28-01,TCRBJ01-02
f1cfae35bb4d92629fb74a25b7c56928,GAWIQPQHF,0.02670721337060155,TCRBV20-01,TCRBJ01-05
f1cfae35bb4d92629fb74a25b7c56928,CASGLVGLAGQPGANVLTF,0.0266326635157389,TCRBV12-05,TCRBJ02-06
f1cfae35bb4d92629fb74a25b7c56928,CASKGGWYYGYTF,0.026585944000861495,TCRBV28-01,TCRBJ01-02
f1cfae35bb4d92629fb74a25b7c56928,CANHHSNGGNQPQHF,0.026352479838486622,TCRBV19-01,TCRBJ01-05
f1cfae35bb4d92629fb74a25b7c56928,CASSYYGQNYGYTF,0.026320320154547282,TCRBV06-02/06-03,TCRBJ01-02
f1cfae35bb4d92629fb74a25b7c56928,CASSYYGGPLYF,0.02628829477732474,TCRBV06-05,TCRBJ02-04
f1cfae35bb4d92629fb74a25b7c56928,CAWYNGPQGGYGYTF,0.026271206092982332,TCRBV30-01,TCRBJ01-02
f1cfae35bb4d92629fb74a25b7c56928,CASHMGGWANVLTF,0.026223581468235786,TCRBV07-02,TCRBJ02-06
f1cfae35bb4d92629fb74a25b7c56928,CASSGGYNYGYTF,0.026185755964997486,TCRBV06-X,TCRBJ01-02
f1cfae35bb4d92629fb74a25b7c56928,CAHRHYGYTF,0.026153950646386537,TCRBV30-01,TCRBJ01-02
f1cfae35bb4d92629fb74a25b7c56928,CAWSHGPPHTQPQHF,0.026139310795442627,TCRBV30-01,TCRBJ01-05
f1cfae35bb4d92629fb74a25b7c56928,CATHGAFF,0.026050946374355257,TCRBV21-01,TCRBJ01-01
f1cfae35bb4d92629fb74a25b7c56928,CASSYNYRANYGYTF,0.0260394840329536,TCRBV06-02/06-03,TCRBJ01-02
f1cfae35bb4d92629fb74a25b7c56928,CASYHHRGAAFF,0.025989208203791112,TCRBV12-03/12-04,TCRBJ01-01
f1cfae35bb4d92629fb74a25b7c56928,CAKHVHYGYTF,0.025973570865951062,TCRBV02-01,TCRBJ01-02
f1cfae35bb4d92629fb74a25b7c56928,CARGQGAPWYQPQHF,0.02596115289893717,TCRBV12-05,TCRBJ01-05
f1cfae35bb4d92629fb74a25b7c56928,CASSSPGTGGCYYGYTF,0.025913624014469023,TCRBV21-01,TCRBJ01-02
f1cfae35bb4d92629fb74a25b7c56928,CAWKPGHPYGYTF,0.025858261677355873,TCRBV30-01,TCRBJ01-02
f1cfae35bb4d92629fb74a25b7c56928,CAWSGPGGWNWLF,0.025787478723383446,TCRBV30-01,TCRBJ01-04
f1cfae35bb4d92629fb74a25b7c56928,CASFWWRPQHF,0.02577346960307453,TCRBV06-X,TCRBJ01-05
f1cfae35bb4d92629fb74a25b7c56928,CAWRPWGGGANVLTF,0.025603840223819084,TCRBV30-01,TCRBJ02-06
f1cfae35bb4d92629fb74a25b7c56928,CASGWGGTHWF,0.02556091786916978,TCRBV28-01,TCRBJ02-07
f1cfae35bb4d92629fb74a25b7c56928,CSASGGFGGHSNYGYTF,0.025527105492342328,TCRBV20-01,TCRBJ01-02
f1cfae35bb4d92629fb74a25b7c56928,WRAHEQFF,0.025484012358718423,TCRBV03-01/03-02,TCRBJ02-01
f1cfae35bb4d92629fb74a25b7c56928,CASSPGGGYIYYGYTF,0.025443647332641203,TCRBV03-01/03-02,TCRBJ01-02
f1cfae35bb4d92629fb74a25b7c56928,CASSDWGDTWGYF,0.02539780836422822,TCRBV11-X,TCRBJ02-03
f1cfae35bb4d92629fb74a25b7c56928,CSALKSAGANVLTF,0.025354052902513836,TCRBV20-X,TCRBJ02-06
f1cfae35bb4d92629fb74a25b7c56928,CASSYRAGYTNYGYTF,0.02527868180733971,TCRBV06-05,TCRBJ01-02
f1cfae35bb4d92629fb74a25b7c56928,CASPGPPHQPQHF,0.025269419287273193,TCRBV28-01,TCRBJ01-05
f1cfae35bb4d92629fb74a25b7c56928,CASSGWGRRNYGYTF,0.02526004853654461,TCRBV11-02,TCRBJ01-02
f1cfae35bb4d92629fb74a25b7c56928,CASWGPVWAFF,0.025238588131042964,TCRBV30-01,TCRBJ01-01
f1cfae35bb4d92629fb74a25b7c56928,CASSSTGGGYNYGYTF,0.025223025825536816,TCRBV06-05,TCRBJ01-02
f1cfae35bb4d92629fb74a25b7c56928,CSAPPGGAPGANVLTF,0.025186272558836684,TCRBV20-X,TCRBJ02-06
f1cfae35bb4d92629fb74a25b7c56928,CAWSVWGVQAEAFF,0.025156550264744806,TCRBV30-01,TCRBJ01-01
f1cfae35bb4d92629fb74a25b7c56928,CATWGPIHGANVLTF,0.025139276977696565,TCRBV06-X,TCRBJ02-06
f1cfae35bb4d92629fb74a25b7c56928,CASYDRYYGYTF,0.02511425334967078,TCRBV25-01,TCRBJ01-02
f1cfae35bb4d92629fb74a25b7c56928,CASTWDKGYTF,0.025109918038987142,TCRBV06-05,TCRBJ01-02
f1cfae35bb4d92629fb74a25b7c56928,CASIIAKAFF,0.025099569357240552,TCRBV02-01,TCRBJ01-01
f1cfae35bb4d92629fb74a25b7c56928,CASSSTGTGGWGYGYTF,0.02506465756723481,TCRBV27-01,TCRBJ01-02
f1cfae35bb4d92629fb74a25b7c56928,YGYTF,0.025059363646668442,TCRBV07-03,TCRBJ01-02
f1cfae35bb4d92629fb74a25b7c56928,CASIKGWLNNYGYTF,0.0250448302657454,TCRBV28-01,TCRBJ01-02
f1cfae35bb4d92629fb74a25b7c56928,CAWSGYGSTASYGYTF,0.025023031776561084,TCRBV30-01,TCRBJ01-02
f1cfae35bb4d92629fb74a25b7c56928,CASSYIGTGYYGYTF,0.024989476992514126,TCRBV06-06,TCRBJ01-02
f1cfae35bb4d92629fb74a25b7c56928,CASSPWTGGYYGYTF,0.024961267702149997,TCRBV03-01/03-02,TCRBJ01-02
f1cfae35bb4d92629fb74a25b7c56928,CASSWGWGAGANVLTF,0.024923430287507896,TCRBV11-02,TCRBJ02-06
f1cfae35bb4d92629fb74a25b7c56928,CYPGGFYGYTF,0.024875056174660973,TCRBV02-01,TCRBJ01-02
f1cfae35bb4d92629fb74a25b7c56928,CASTPGPYYGYTF,0.02482835086630955,TCRBV06-05,TCRBJ01-02
f1cfae35bb4d92629fb74a25b7c56928,CASWKGANYGYTF,0.024823297484513503,TCRBV28-01,TCRBJ01-02
f1cfae35bb4d92629fb74a25b7c56928,CSAHWDYGYTF,0.02479415117412429,TCRBV20-01,TCRBJ01-02
f1cfae35bb4d92629fb74a25b7c56928,CASSHRGGYYGYTF,0.024789634839762476,TCRBV03-01/03-02,TCRBJ01-02
f1cfae35bb4d92629fb74a25b7c56928,CAWVGYRYGYTF,0.02476729841924842,TCRBV30-01,TCRBJ01-02
f1cfae35bb4d92629fb74a25b7c56928,CASSQPFVGNTGELFF,0.02474345981226681,TCRBV14-01,TCRBJ02-02
f1cfae35bb4d92629fb74a25b7c56928,WGAGKVGYGYTF,0.02474204740869208,TCRBV21-01,TCRBJ01-02
f1cfae35bb4d92629fb74a25b7c56928,CASSSGGWNYGYTF,0.024715795618517198,TCRBV06-05,TCRBJ01-02
f1cfae35bb4d92629fb74a25b7c56928,CASSYRRNNYGYTF,0.0247133905871329,TCRBV06-05,TCRBJ01-02
f1cfae35bb4d92629fb74a25b7c56928,CASTNPGHPYYGYTF,0.024700846171556434,TCRBV06-06,TCRBJ01-02
f1cfae35bb4d92629fb74a25b7c56928,CASSGTGFNGCTF,0.02466948789843315,TCRBV05-01,TCRBJ01-02
f1cfae35bb4d92629fb74a25b7c56928,CASSWGSGGNYGYTF,0.024653039338540787,TCRBV07-09,TCRBJ01-02
f1cfae35bb4d92629fb74a25b7c56928,CAWSEGAFF,0.02463536973964993,TCRBV30-01,TCRBJ01-01
f1cfae35bb4d92629fb74a25b7c56928,CASGGYFGHGYTF,0.024596020404450247,TCRBV06-05,TCRBJ01-02
f1cfae35bb4d92629fb74a25b7c56928,CATGWHNYGYTF,0.024526128524535493,TCRBV24-01,TCRBJ01-02
f1cfae35bb4d92629fb74a25b7c56928,CASSYGPYGYTF,0.024499481829713954,TCRBV06-05,TCRBJ01-02
f1cfae35bb4d92629fb74a25b7c56928,CASSFPYSYGYTF,0.02449848754368139,TCRBV07-09,TCRBJ01-02
f1cfae35bb4d92629fb74a25b7c56928,CASSSLGGGWGGSNYGYTF,0.024493575094550562,TCRBV27-01,TCRBJ01-02
f1cfae35bb4d92629fb74a25b7c56928,CASTWGAHGYTF,0.024478780881614693,TCRBV07-09,TCRBJ01-02
f1cfae35bb4d92629fb74a25b7c56928,CASTPPHTF,0.024474536860436578,TCRBV12-03/12-04,TCRBJ01-02
f1cfae35bb4d92629fb74a25b7c56928,CASHHWEYGYTF,0.024449864026680354,TCRBV19-01,TCRBJ01-02
f1cfae35bb4d92629fb74a25b7c56928,CASTPGGYYGYTF,0.024449096323643695,TCRBV25-01,TCRBJ01-02
f1cfae35bb4d92629fb74a25b7c56928,CASSYRDRYYGYTF,0.024445997316987815,TCRBV06-02/06-03,TCRBJ01-02
f1cfae35bb4d92629fb74a25b7c56928,CASSVWGEWYGYTF,0.02439320821686456,TCRBV03-01/03-02,TCRBJ01-02
f1cfae35bb4d92629fb74a25b7c56928,CAWGNPFGVTYGYTF,0.02439025936649738,TCRBV30-01,TCRBJ01-02
f1cfae35bb4d92629fb74a25b7c56928,CATGPPHQPQHF,0.02438982962078883,TCRBV24-01,TCRBJ01-05
f1cfae35bb4d92629fb74a25b7c56928,CASWGKGYTF,0.02432930932738304,TCRBV02-01,TCRBJ01-02
f1cfae35bb4d92629fb74a25b7c56928,CAWSVRVYWTGANVLTF,0.024303446385592915,TCRBV30-01,TCRBJ02-06
f1cfae35bb4d92629fb74a25b7c56928,CASRWDHYTF,0.024274604441352595,TCRBV06-05,TCRBJ01-02
f43976f51226b37ab76106a178e03cf3,FF,0.04636419028842517,TCRBV29-01,TCRBJ01-01
f43976f51226b37ab76106a178e03cf3,CASSFWGGPNYGYTF,0.03429274992964884,TCRBV12-X,TCRBJ01-02
f43976f51226b37ab76106a178e03cf3,CAAHKHF,0.03290815393665768,TCRBV10-01,TCRBJ01-05
f43976f51226b37ab76106a178e03cf3,CASSYYWQPNYGYTF,0.0318751308056098,TCRBV06-06,TCRBJ01-02
f43976f51226b37ab76106a178e03cf3,CASSYWGGPYFF,0.030880693406348525,TCRBV06-02/06-03,TCRBJ02-04
f43976f51226b37ab76106a178e03cf3,CAWKGVWVTF,0.03028784936264169,TCRBV30-01,TCRBJ01-02
f43976f51226b37ab76106a178e03cf3,CASSFGGGWNYGYTF,0.0298888472910563,TCRBV11-02,TCRBJ01-02
f43976f51226b37ab76106a178e03cf3,CSARPWLRPRGPRWQPQHF,0.02926326226334969,TCRBV20-X,TCRBJ01-05
f43976f51226b37ab76106a178e03cf3,CAWIRDYYYGYTF,0.028602390330229824,TCRBV30-01,TCRBJ01-02
f43976f51226b37ab76106a178e03cf3,CASSPQGQKGADGYTF,0.028385534587719703,TCRBV05-01,TCRBJ01-02
f43976f51226b37ab76106a178e03cf3,CASSNNNNYGYTF,0.027987743563275682,TCRBV12-03/12-04,TCRBJ01-02
f43976f51226b37ab76106a178e03cf3,CASSLWYGLGWGWGYTF,0.027727004707573336,TCRBV05-01,TCRBJ01-02
f43976f51226b37ab76106a178e03cf3,CASSYHPTAYYGYTF,0.027656171877572962,TCRBV09-01,TCRBJ01-02
f43976f51226b37ab76106a178e03cf3,CASSFGYNNYGYTF,0.02729743330725858,TCRBV27-01,TCRBJ01-02
f43976f51226b37ab76106a178e03cf3,CARGEKGPYGYTF,0.027253144864847402,TCRBV30-01,TCRBJ01-02
f43976f51226b37ab76106a178e03cf3,WKGETQYF,0.02713345238665029,TCRBV27-01,TCRBJ02-05
f43976f51226b37ab76106a178e03cf3,CASSPYWTGYGYTF,0.02663984014633392,TCRBV05-01,TCRBJ01-02
f43976f51226b37ab76106a178e03cf3,CAWYMTGPYGYTF,0.026634188624168807,TCRBV30-01,TCRBJ01-02
f43976f51226b37ab76106a178e03cf3,CATKW,0.026593765678175937,TCRBV05-01,TCRBJ01-01
f43976f51226b37ab76106a178e03cf3,CAGWGNYGYTF,0.026414442894455815,TCRBV07-07,TCRBJ01-02
f43976f51226b37ab76106a178e03cf3,GGGNYGYTF,0.026347996191894936,TCRBV02-01,TCRBJ01-02
f43976f51226b37ab76106a178e03cf3,CASSIPGYGWYGYTF,0.026287162721829082,TCRBV19-01,TCRBJ01-02
f43976f51226b37ab76106a178e03cf3,CAWPPWWRWGTDTQYF,0.02623984652613934,TCRBV30-01,TCRBJ02-03
f43976f51226b37ab76106a178e03cf3,CASSYFGGTNYGYTF,0.026179061540794784,TCRBV06-05,TCRBJ01-02
f43976f51226b37ab76106a178e03cf3,CAWGIAYGYTF,0.026141243903484244,TCRBV30-01,TCRBJ01-02
f43976f51226b37ab76106a178e03cf3,CASSFFGNNYGYTF,0.026125402286359612,TCRBV27-01,TCRBJ01-02
f43976f51226b37ab76106a178e03cf3,CASCPPYNYQNFGVYGYTF,0.026106673821107512,TCRBV12-X,TCRBJ01-02
f43976f51226b37ab76106a178e03cf3,CASIHWGINYGYTF,0.026091035854749936,TCRBV05-05,TCRBJ01-02
f43976f51226b37ab76106a178e03cf3,CASSYWGGYTF,0.026047131096727245,TCRBV06-06,TCRBJ01-02
f43976f51226b37ab76106a178e03cf3,CASSAWGGYGYTF,0.025937764876189262,TCRBV28-01,TCRBJ01-02
f43976f51226b37ab76106a178e03cf3,CSAYDPKGQGWGAFF,0.02585101682285528,TCRBV20-X,TCRBJ01-01
f43976f51226b37ab76106a178e03cf3,CASSYHFGYGYTF,0.02577581641480343,TCRBV06-05,TCRBJ01-02
f43976f51226b37ab76106a178e03cf3,CASSYYRGRYTF,0.025709112274278027,TCRBV12-03/12-04,TCRBJ01-02
f43976f51226b37ab76106a178e03cf3,CAWTGGYYGYTF,0.025693398791654012,TCRBV30-01,TCRBJ01-02
f43976f51226b37ab76106a178e03cf3,CAWIRASAFF,0.025544233232141635,TCRBV30-01,TCRBJ01-01
f43976f51226b37ab76106a178e03cf3,CASSYFSTGTGGTTNYGYTF,0.025521605275849672,TCRBV06-X,TCRBJ01-02
f43976f51226b37ab76106a178e03cf3,CASSYSGGFNYGYTF,0.025515408167031635,TCRBV06-05,TCRBJ01-02
f43976f51226b37ab76106a178e03cf3,CASSDAWGYYGYTF,0.02550873098149254,TCRBV06-01,TCRBJ01-02
f43976f51226b37ab76106a178e03cf3,CASSYGGYYGYTF,0.025402721840629465,TCRBV06-02/06-03,TCRBJ01-02
f43976f51226b37ab76106a178e03cf3,CASVWGDYYGYTF,0.025339197017000895,TCRBV09-01,TCRBJ01-02
f43976f51226b37ab76106a178e03cf3,CASHSTPTPTPTSPLHF,0.02532845317482226,TCRBV02-01,TCRBJ01-06
f43976f51226b37ab76106a178e03cf3,CASSKNCPNSPLHF,0.025257351256922148,TCRBV21-01,TCRBJ01-06
f43976f51226b37ab76106a178e03cf3,CASIHYTF,0.02522186225344909,TCRBV28-01,TCRBJ01-02
f43976f51226b37ab76106a178e03cf3,CASGYHTIYF,0.02518840044267985,TCRBV25-01,TCRBJ01-03
f43976f51226b37ab76106a178e03cf3,CATSGGYNYGYTF,0.025152381757764453,TCRBV24-01,TCRBJ01-02
f43976f51226b37ab76106a178e03cf3,CAWSVPGGLMNTEAFF,0.02514259308993077,TCRBV30-01,TCRBJ01-01
f43976f51226b37ab76106a178e03cf3,YGYTF,0.025059360734219733,TCRBV27-01,TCRBJ01-02
f43976f51226b37ab76106a178e03cf3,CAWSVAGMWEAFF,0.025057346854896374,TCRBV30-01,TCRBJ01-01
f43976f51226b37ab76106a178e03cf3,PLHF,0.025051012099485466,TCRBV10-01,TCRBJ01-06
f43976f51226b37ab76106a178e03cf3,CASSPWTGYPNYGYTF,0.02501549157181957,TCRBV28-01,TCRBJ01-02
f43976f51226b37ab76106a178e03cf3,CASGAPYFNYGYTF,0.024989876369145108,TCRBV06-X,TCRBJ01-02
f43976f51226b37ab76106a178e03cf3,CASSEWGGAFF,0.02496918232902587,TCRBV02-01,TCRBJ01-01
f43976f51226b37ab76106a178e03cf3,CASGHPYGYTF,0.024957924126177183,TCRBV25-01,TCRBJ01-02
f43976f51226b37ab76106a178e03cf3,CATWTGGYYGYTF,0.024950933763808265,TCRBV02-01,TCRBJ01-02
f43976f51226b37ab76106a178e03cf3,CASNPFGWTPQPQHF,0.0249204334604106,TCRBV19-01,TCRBJ01-05
f43976f51226b37ab76106a178e03cf3,CAWSAWGVTEAFF,0.024916527538727383,TCRBV30-01,TCRBJ01-01
f43976f51226b37ab76106a178e03cf3,CASGGGNYYGYTF,0.024906643023764354,TCRBV30-01,TCRBJ01-02
f43976f51226b37ab76106a178e03cf3,CASRYYGTGNNYGYTF,0.02490470913484157,TCRBV05-06,TCRBJ01-02
f43976f51226b37ab76106a178e03cf3,CASSYRGYGYTF,0.024885473752379907,TCRBV12-03/12-04,TCRBJ01-02
f43976f51226b37ab76106a178e03cf3,CAGPYQPQHF,0.024880586910604283,TCRBV27-01,TCRBJ01-05
f43976f51226b37ab76106a178e03cf3,CASSPRRHHYGYTF,0.02487918423148559,TCRBV28-01,TCRBJ01-02
f43976f51226b37ab76106a178e03cf3,CASSPYKGWNYGYTF,0.02483132246882907,TCRBV11-01,TCRBJ01-02
f43976f51226b37ab76106a178e03cf3,CATRGWGYGYTF,0.02479390040575598,TCRBV06-05,TCRBJ01-02
f43976f51226b37ab76106a178e03cf3,CASSHPAYYGYTF,0.024788832243957296,TCRBV04-02,TCRBJ01-02
f43976f51226b37ab76106a178e03cf3,CAWGKLWGQGFGYTF,0.02473469037344841,TCRBV30-01,TCRBJ01-02
f43976f51226b37ab76106a178e03cf3,CASGGWTGGTNYGYTF,0.024716107398546443,TCRBV10-02,TCRBJ01-02
f43976f51226b37ab76106a178e03cf3,CASSYSWGDYGYTF,0.024642159318889093,TCRBV06-05,TCRBJ01-02
f43976f51226b37ab76106a178e03cf3,QPQHF,0.024621363760219915,TCRBV23-01,TCRBJ01-05
f43976f51226b37ab76106a178e03cf3,CASSFGGPNYGYTF,0.024600456587314305,TCRBV05-01,TCRBJ01-02
f43976f51226b37ab76106a178e03cf3,CAWSEGWYGYTF,0.024594513252249737,TCRBV30-01,TCRBJ01-02
f43976f51226b37ab76106a178e03cf3,CASSAPAGANVLTF,0.02459078150760462,TCRBV09-01,TCRBJ02-06
f43976f51226b37ab76106a178e03cf3,CASSYSGPYGYTF,0.02456671858507507,TCRBV06-05,TCRBJ01-02
f43976f51226b37ab76106a178e03cf3,CASSLGRAVKAFF,0.024552006923373164,TCRBV05-08,TCRBJ01-01
f43976f51226b37ab76106a178e03cf3,CANGVGANSGANVLTF,0.02450557090906867,TCRBV12-X,TCRBJ02-06
f43976f51226b37ab76106a178e03cf3,KGIGYTF,0.02444899680830407,TCRBV20-01,TCRBJ01-02
f43976f51226b37ab76106a178e03cf3,CAWSPQGYYGYTF,0.024435307262630688,TCRBV30-01,TCRBJ01-02
f43976f51226b37ab76106a178e03cf3,CSAYWDRGGYYEQYF,0.024434362402679263,TCRBV20-X,TCRBJ02-07
f43976f51226b37ab76106a178e03cf3,CAWSVGKWAEAFF,0.024432553770130882,TCRBV30-01,TCRBJ01-01
f43976f51226b37ab76106a178e03cf3,CASSYSYGSNYGYTF,0.02442664430210991,TCRBV06-05,TCRBJ01-02
f43976f51226b37ab76106a178e03cf3,CTSSHKGGFCGYTF,0.02440311685706494,TCRBV01-01,TCRBJ01-02
f43976f51226b37ab76106a178e03cf3,CASKNF,0.024395639613221724,TCRBV09-01,TCRBJ02-03
f43976f51226b37ab76106a178e03cf3,CASAPGANVLTF,0.02437808893165167,TCRBV06-06,TCRBJ02-06
f43976f51226b37ab76106a178e03cf3,CAWTVRGWYNYGYTF,0.02433531612649694,TCRBV30-01,TCRBJ01-02
f43976f51226b37ab76106a178e03cf3,CAWRTGGYYGYTF,0.024305176437879477,TCRBV30-01,TCRBJ01-02
f43976f51226b37ab76106a178e03cf3,CASSFPGYYGYTF,0.024260166358338803,TCRBV12-03/12-04,TCRBJ01-02
f43976f51226b37ab76106a178e03cf3,CASSSGTGGYWYGYTF,0.024257004647321584,TCRBV06-02,TCRBJ01-02
f43976f51226b37ab76106a178e03cf3,CASSYRGWSYGYTF,0.02420218944418641,TCRBV12-X,TCRBJ01-02
f43976f51226b37ab76106a178e03cf3,CASWEAGANVLTF,0.02419933770970099,TCRBV12-03/12-04,TCRBJ02-06
f43976f51226b37ab76106a178e03cf3,CASSARHHQPQHF,0.024143425703810457,TCRBV03-01/03-02,TCRBJ01-05
f43976f51226b37ab76106a178e03cf3,CAWSVASGGAWFF,0.024121389153524714,TCRBV30-01,TCRBJ02-01
f43976f51226b37ab76106a178e03cf3,CATSGPYTHYGYTF,0.024097594078727663,TCRBV24-01,TCRBJ01-02
f43976f51226b37ab76106a178e03cf3,CSAHPGAPNGHTF,0.024087082740880138,TCRBV20-X,TCRBJ01-02
f43976f51226b37ab76106a178e03cf3,CASSGGGGWANVLTF,0.024064322931023313,TCRBV27-01,TCRBJ02-06
f43976f51226b37ab76106a178e03cf3,CASSLFGGASNYGYTF,0.024047446769229094,TCRBV28-01,TCRBJ01-02
f43976f51226b37ab76106a178e03cf3,CAWRWWGAGTEAFF,0.024015679300265637,TCRBV30-01,TCRBJ01-01
f43976f51226b37ab76106a178e03cf3,CASSYRPNYGYTF,0.02399600805037335,TCRBV05-01,TCRBJ01-02
f43976f51226b37ab76106a178e03cf3,CASGGPSFNYGYTF,0.02399215831413124,TCRBV27-01,TCRBJ01-02
f43976f51226b37ab76106a178e03cf3,CASWGGWGNTEAFF,0.023977773200244183,TCRBV11-02,TCRBJ01-01
f50e012281538c2942d075ef2df42830,CASVWGGYYGYTF,0.0332884378940565,TCRBV07-02,TCRBJ01-02
f50e012281538c2942d075ef2df42830,CASSIWGTVAEAFF,0.03274717505162396,TCRBV19-01,TCRBJ01-01
f50e012281538c2942d075ef2df42830,CASSYSWGPYGYTF,0.03237203277780348,TCRBV06-05,TCRBJ01-02
f50e012281538c2942d075ef2df42830,CASSYWYRGYSGYTF,0.03172522394933383,TCRBV06-05,TCRBJ01-02
f50e012281538c2942d075ef2df42830,CASIGTIGNHEQYF,0.030826668885179168,TCRBV05-05,TCRBJ02-07
f50e012281538c2942d075ef2df42830,CASSYSTWGPYGYTF,0.03072661175645533,TCRBV06-05,TCRBJ01-02
f50e012281538c2942d075ef2df42830,CFRR,0.030033349848174386,TCRBV20-01,TCRBJ01-02
f50e012281538c2942d075ef2df42830,CAPGFYYGYTF,0.02994084277088474,TCRBV10-01,TCRBJ01-02
f50e012281538c2942d075ef2df42830,CASSNGWGYNYGYTF,0.02973134952844482,TCRBV19-01,TCRBJ01-02
f50e012281538c2942d075ef2df42830,CASSYYQGWNYGYTF,0.02961371505703596,TCRBV06-05,TCRBJ01-02
f50e012281538c2942d075ef2df42830,CASSYWPGPYF,0.029589566664944358,TCRBV21-01,TCRBJ01-03
f50e012281538c2942d075ef2df42830,CASNWGGNNYGYTF,0.029565184265518237,TCRBV05-01,TCRBJ01-02
f50e012281538c2942d075ef2df42830,CASSYSFWGGGYGYTF,0.029489284488458774,TCRBV06-06,TCRBJ01-02
f50e012281538c2942d075ef2df42830,CASSFHYRYHQPQHF,0.02925588088152844,TCRBV11-02,TCRBJ01-05
f50e012281538c2942d075ef2df42830,CASSQVGPKGANGYTF,0.02904712129689262,TCRBV03-01/03-02,TCRBJ01-02
f50e012281538c2942d075ef2df42830,CASSYWDRFYYGYTF,0.028840259504958755,TCRBV19-01,TCRBJ01-02
f50e012281538c2942d075ef2df42830,CAWGTGYGYGYTF,0.028774904574202457,TCRBV30-01,TCRBJ01-02
f50e012281538c2942d075ef2df42830,WGTGGFYGYTF,0.028697683792123774,TCRBV30-01,TCRBJ01-02
f50e012281538c2942d075ef2df42830,CAWKWGFWGNGYTF,0.028687253529237067,TCRBV30-01,TCRBJ01-02
f50e012281538c2942d075ef2df42830,CASSNPWGNGNTIYF,0.028686803444642497,TCRBV05-05,TCRBJ01-03
f50e012281538c2942d075ef2df42830,CASSYGGNYGFTNYGYTF,0.02860840414462983,TCRBV06-X,TCRBJ01-02
f50e012281538c2942d075ef2df42830,CASTRQGAPWGGNTGPAYNYGYTF,0.028504500513697878,TCRBV21-01,TCRBJ01-02
f50e012281538c2942d075ef2df42830,CASSYGYYGYTF,0.028340804233801975,TCRBV06-05,TCRBJ01-02
f50e012281538c2942d075ef2df42830,CAWGAGYYGYTF,0.028307869060838726,TCRBV30-01,TCRBJ01-02
f50e012281538c2942d075ef2df42830,CASTLTGGQGATGANVLTF,0.02827509387374804,TCRBV03-01/03-02,TCRBJ02-06
f50e012281538c2942d075ef2df42830,CAWSIPWGGLPVHYGYTF,0.028195691604231556,TCRBV30-01,TCRBJ01-02
f50e012281538c2942d075ef2df42830,CSAYYRVGYGYTF,0.02814932267538001,TCRBV20-X,TCRBJ01-02
f50e012281538c2942d075ef2df42830,CAWSLPYGPYNEQFF,0.028015913228347736,TCRBV30-01,TCRBJ02-01
f50e012281538c2942d075ef2df42830,CAWSGGYYGYTF,0.027991781406963925,TCRBV30-01,TCRBJ01-02
f50e012281538c2942d075ef2df42830,CAWSYRYNYGYTF,0.027810972626564283,TCRBV30-01,TCRBJ01-02
f50e012281538c2942d075ef2df42830,CAWSGYTGAYGYTF,0.02777195914539412,TCRBV30-01,TCRBJ01-02
f50e012281538c2942d075ef2df42830,CASSYYGTTNYGYTF,0.02777172739766011,TCRBV06-06,TCRBJ01-02
f50e012281538c2942d075ef2df42830,CAWSHATF,0.027748853167179992,TCRBV30-01,TCRBJ01-02
f50e012281538c2942d075ef2df42830,CASSYYSGYGYTF,0.027727080228918385,TCRBV07-09,TCRBJ01-02
f50e012281538c2942d075ef2df42830,CASSPENRGWFEKLFF,0.027637645793399303,TCRBV05-01,TCRBJ01-04
f50e012281538c2942d075ef2df42830,CASSYTPGTGYYGYTF,0.02759999630870365,TCRBV06-05,TCRBJ01-02
f50e012281538c2942d075ef2df42830,CASSSWGRYNYGYTF,0.02758107196014702,TCRBV06-02/06-03,TCRBJ01-02
f50e012281538c2942d075ef2df42830,CASMGFIYYGYTF,0.02751264101814743,TCRBV02-01,TCRBJ01-02
f50e012281538c2942d075ef2df42830,CASSYGTHTHFNYGYTF,0.02745791225335138,TCRBV07-02,TCRBJ01-02
f50e012281538c2942d075ef2df42830,CASSYYTGTNYGYTF,0.027359674576852084,TCRBV06-05,TCRBJ01-02
f50e012281538c2942d075ef2df42830,CAWTPGGYNYGYTF,0.02731785044277714,TCRBV30-01,TCRBJ01-02
f50e012281538c2942d075ef2df42830,CASSYYRGNYGYTF,0.027306072681718935,TCRBV06-05,TCRBJ01-02
f50e012281538c2942d075ef2df42830,CASSYTPGHTYGYTF,0.027291366123140332,TCRBV05-01,TCRBJ01-02
f50e012281538c2942d075ef2df42830,CASSYMWPPAYGYTF,0.02723694675281111,TCRBV05-01,TCRBJ01-02
f50e012281538c2942d075ef2df42830,CAAAPPGANVLTF,0.027236795147068785,TCRBV07-09,TCRBJ02-06
f50e012281538c2942d075ef2df42830,CASSYFGPNYGYTF,0.027232681575179572,TCRBV06-05,TCRBJ01-02
f50e012281538c2942d075ef2df42830,CARGYFYGYTF,0.027216073941667928,TCRBV06-X,TCRBJ01-02
f50e012281538c2942d075ef2df42830,CASINWGYANYGYTF,0.027101812004836134,TCRBV06-06,TCRBJ01-02
f50e012281538c2942d075ef2df42830,CGTGYYGYTF,0.02705252110454017,TCRBV03-01/03-02,TCRBJ01-02
f50e012281538c2942d075ef2df42830,CASSYSWSSYGYTF,0.027027678717900756,TCRBV06-05,TCRBJ01-02
f50e012281538c2942d075ef2df42830,RGGNYGYTF,0.027015596426047478,TCRBV21-01,TCRBJ01-02
f50e012281538c2942d075ef2df42830,CASSYGWSYGYTF,0.026796167961121574,TCRBV06-05,TCRBJ01-02
f50e012281538c2942d075ef2df42830,CASSYSNRNNRGRYYGYTF,0.026785141856761865,TCRBV06-X,TCRBJ01-02
f50e012281538c2942d075ef2df42830,CACTPGAYPPNYGYTF,0.026775095550117606,TCRBV05-05,TCRBJ01-02
f50e012281538c2942d075ef2df42830,CSAYRGWGYGYTF,0.02674877692187187,TCRBV20-X,TCRBJ01-02
f50e012281538c2942d075ef2df42830,CATSAYPGGSYYGYTF,0.026658222996126812,TCRBV24-01,TCRBJ01-02
f50e012281538c2942d075ef2df42830,CASSYSYSGTYGYTF,0.026640977700585083,TCRBV06-05,TCRBJ01-02
f50e012281538c2942d075ef2df42830,CSAFWGPYGYTF,0.02657291746966032,TCRBV20-X,TCRBJ01-02
f50e012281538c2942d075ef2df42830,CASSVRVGAWAGANYGYTF,0.026550482976554855,TCRBV07-08,TCRBJ01-02
f50e012281538c2942d075ef2df42830,CASSSYSYGGYTF,0.02647654614701975,TCRBV07-02,TCRBJ01-02
f50e012281538c2942d075ef2df42830,CASSGWGNYGYTF,0.026464900095706134,TCRBV05-06,TCRBJ01-02
f50e012281538c2942d075ef2df42830,RASSSNQTGGNSNQPQHF,0.02644517217191259,TCRBV07-03,TCRBJ01-05
f50e012281538c2942d075ef2df42830,CAWTGPGGWYGYTF,0.026444966540209048,TCRBV30-01,TCRBJ01-02
f50e012281538c2942d075ef2df42830,CASSVYGHFANTEAFF,0.026429571600218225,TCRBV02-01,TCRBJ01-01
f50e012281538c2942d075ef2df42830,CAWSDWTYPYGYTF,0.026407175159186516,TCRBV30-01,TCRBJ01-02
f50e012281538c2942d075ef2df42830,CAWSAPGGSNYGYTF,0.02631985120946112,TCRBV30-01,TCRBJ01-02
f50e012281538c2942d075ef2df42830,CASSHYHHPSQQAFF,0.02629153863836151,TCRBV04-01,TCRBJ01-01
f50e012281538c2942d075ef2df42830,CASSWWGGADGYTF,0.026287156619232584,TCRBV12-X,TCRBJ01-02
f50e012281538c2942d075ef2df42830,CASSFWGSNNYGYTF,0.026269074579146626,TCRBV05-06,TCRBJ01-02
f50e012281538c2942d075ef2df42830,CASSPRGGHPYPPLHF,0.026256474946617127,TCRBV09-01,TCRBJ01-06
f50e012281538c2942d075ef2df42830,CAWRPYSGYGYTF,0.026242994703704864,TCRBV30-01,TCRBJ01-02
f50e012281538c2942d075ef2df42830,HIARCGYTF,0.026240770989128644,TCRBV30-01,TCRBJ01-02
f50e012281538c2942d075ef2df42830,CASSFLGPHPYYGYTF,0.026224214652035494,TCRBV07-09,TCRBJ01-02
f50e012281538c2942d075ef2df42830,F,0.026169089102652747,TCRBV05-01,TCRBJ02-01
f50e012281538c2942d075ef2df42830,CASGYYGYTF,0.0261636334773338,TCRBV02-01,TCRBJ01-02
f50e012281538c2942d075ef2df42830,CASSWGSSSWGYGYTF,0.026153973418280543,TCRBV11-03,TCRBJ01-02
f50e012281538c2942d075ef2df42830,CASSYPSWGGYTF,0.026153724446620445,TCRBV06-02/06-03,TCRBJ01-02
f50e012281538c2942d075ef2df42830,CASSVGGWGPWGGYTF,0.026138391328197057,TCRBV09-01,TCRBJ01-02
f50e012281538c2942d075ef2df42830,CASSYWGWGPEANYGYTF,0.02613523715749799,TCRBV06-X,TCRBJ01-02
f50e012281538c2942d075ef2df42830,CYTF,0.02611913526988529,TCRBV20-01,TCRBJ01-02
f50e012281538c2942d075ef2df42830,CASSYYRTSYGYTF,0.02611720830105051,TCRBV06-05,TCRBJ01-02
f50e012281538c2942d075ef2df42830,CASSPHAHYGYTF,0.02611311679379744,TCRBV03-01/03-02,TCRBJ01-02
f50e012281538c2942d075ef2df42830,CAWSVWGAGGYTF,0.0260951982204008,TCRBV30-01,TCRBJ01-02
f50e012281538c2942d075ef2df42830,RGPVYGYTF,0.026092765551233313,TCRBV30-01,TCRBJ01-02
f50e012281538c2942d075ef2df42830,CAWSVGFNYGYTF,0.02608916088076475,TCRBV30-01,TCRBJ01-02
f50e012281538c2942d075ef2df42830,CAGQGGGQGHYQPQHF,0.026063324440447518,TCRBV28-01,TCRBJ01-05
f50e012281538c2942d075ef2df42830,CASSSNPWGDGYTF,0.026029572409736437,TCRBV07-09,TCRBJ01-02
f50e012281538c2942d075ef2df42830,CASSRYRYYGYTF,0.02597715999164137,TCRBV19-01,TCRBJ01-02
f50e012281538c2942d075ef2df42830,CASSSYGPYGYTF,0.02597645570076197,TCRBV19-01,TCRBJ01-02
f50e012281538c2942d075ef2df42830,WSGANVLTF,0.025968228788452678,TCRBV10-03,TCRBJ02-06
f50e012281538c2942d075ef2df42830,CRYYALIVYGYTF,0.02593737635393589,TCRBV29-01,TCRBJ01-02
f50e012281538c2942d075ef2df42830,CASSYSTGWYGYTF,0.025921754322537065,TCRBV06-02/06-03,TCRBJ01-02
f50e012281538c2942d075ef2df42830,CSGWGGGHGYTF,0.02589985645803868,TCRBV20-X,TCRBJ01-02
f50e012281538c2942d075ef2df42830,CASSYFGYGYTF,0.02589653183295857,TCRBV06-05,TCRBJ01-02
f50e012281538c2942d075ef2df42830,CAWMYTEAFF,0.0258853866194136,TCRBV30-01,TCRBJ01-01
f50e012281538c2942d075ef2df42830,CAWRAWDG,0.02586162656791543,TCRBV30-01,TCRBJ02-07
f50e012281538c2942d075ef2df42830,CAIHLGPWGYGYTF,0.025852279200903824,TCRBV06-05,TCRBJ01-02
f50e012281538c2942d075ef2df42830,CASGWWGFGYTF,0.025810682368725833,TCRBV12-05,TCRBJ01-02
f50e012281538c2942d075ef2df42830,WTGFHEQYF,0.025796614540786685,TCRBV05-06,TCRBJ02-07
f7a8eb7b7ba93a3b9930e432dd7293e0,CAPF,0.04414168268142047,TCRBV07-02,TCRBJ01-02
f7a8eb7b7ba93a3b9930e432dd7293e0,CAWYYPYGYTF,0.04075963229140555,TCRBV30-01,TCRBJ01-02
f7a8eb7b7ba93a3b9930e432dd7293e0,CSAYYYGYTF,0.03530455149428811,TCRBV20-01,TCRBJ01-02
f7a8eb7b7ba93a3b9930e432dd7293e0,CASSNWGGSNYGYTF,0.03163992902546066,TCRBV06-05,TCRBJ01-02
f7a8eb7b7ba93a3b9930e432dd7293e0,CASSYMRFYYGYTF,0.031484770265421666,TCRBV06-02/06-03,TCRBJ01-02
f7a8eb7b7ba93a3b9930e432dd7293e0,CASSYVPYYGYTF,0.031208035459107823,TCRBV06-06,TCRBJ01-02
f7a8eb7b7ba93a3b9930e432dd7293e0,CSAPWGGYYGYTF,0.03073191109497082,TCRBV20-X,TCRBJ01-02
f7a8eb7b7ba93a3b9930e432dd7293e0,CASWGWYGYTF,0.030177430280704905,TCRBV19-01,TCRBJ01-02
f7a8eb7b7ba93a3b9930e432dd7293e0,CASSYMGTNYNYGYTF,0.029661019271559366,TCRBV06-05,TCRBJ01-02
f7a8eb7b7ba93a3b9930e432dd7293e0,CAWYHRAALHF,0.029584603749783715,TCRBV30-01,TCRBJ01-06
f7a8eb7b7ba93a3b9930e432dd7293e0,CASSYYRFYGYTF,0.02957767584338694,TCRBV06-05,TCRBJ01-02
f7a8eb7b7ba93a3b9930e432dd7293e0,CAWDYWDGYTF,0.029326541877777806,TCRBV30-01,TCRBJ01-02
f7a8eb7b7ba93a3b9930e432dd7293e0,CASPHYF,0.02926642868468433,TCRBV10-01,TCRBJ02-07
f7a8eb7b7ba93a3b9930e432dd7293e0,CAWGPPGPLHF,0.029193201867376183,TCRBV30-01,TCRBJ01-06
f7a8eb7b7ba93a3b9930e432dd7293e0,CASSFVYWYGYTF,0.029046398452910988,TCRBV07-02,TCRBJ01-02
f7a8eb7b7ba93a3b9930e432dd7293e0,CASSNPWGSGYGYTF,0.028903168585328605,TCRBV06-05,TCRBJ01-02
f7a8eb7b7ba93a3b9930e432dd7293e0,CASSYSYSPGAYYGYTF,0.02878693717401283,TCRBV06-X,TCRBJ01-02
f7a8eb7b7ba93a3b9930e432dd7293e0,CAWGDWFF,0.02856082078054762,TCRBV30-01,TCRBJ01-04
f7a8eb7b7ba93a3b9930e432dd7293e0,CAWMYPHGYTF,0.0285125448500339,TCRBV30-01,TCRBJ01-02
f7a8eb7b7ba93a3b9930e432dd7293e0,CASMTWGWGSYGYTF,0.02831595136092344,TCRBV06-05,TCRBJ01-02
f7a8eb7b7ba93a3b9930e432dd7293e0,CASSYTTGYYGYTF,0.028195871257740666,TCRBV06-05,TCRBJ01-02
f7a8eb7b7ba93a3b9930e432dd7293e0,CAWSAFGGYYGYTF,0.02816516828915735,TCRBV30-01,TCRBJ01-02
f7a8eb7b7ba93a3b9930e432dd7293e0,CAWGPYGYTF,0.028157716591627066,TCRBV30-01,TCRBJ01-02
f7a8eb7b7ba93a3b9930e432dd7293e0,CASSYYGYGYTF,0.02805400156014541,TCRBV06-05,TCRBJ01-02
f7a8eb7b7ba93a3b9930e432dd7293e0,CASSYRGNYYGYTF,0.028020355982487394,TCRBV27-01,TCRBJ01-02
f7a8eb7b7ba93a3b9930e432dd7293e0,CASSYYGHRHGYTF,0.02797692687661944,TCRBV07-09,TCRBJ01-02
f7a8eb7b7ba93a3b9930e432dd7293e0,CASAWGWYGYTF,0.0279376047300935,TCRBV12-03/12-04,TCRBJ01-02
f7a8eb7b7ba93a3b9930e432dd7293e0,CASRPGTGYFYYGYTF,0.027854464616916836,TCRBV05-01,TCRBJ01-02
f7a8eb7b7ba93a3b9930e432dd7293e0,CASTNGGFFNGYGYTF,0.027838793635926777,TCRBV06-X,TCRBJ01-02
f7a8eb7b7ba93a3b9930e432dd7293e0,CASSSWGGPYGYTF,0.027737920417765065,TCRBV11-03,TCRBJ01-02
f7a8eb7b7ba93a3b9930e432dd7293e0,CAWGWSYANYGYTF,0.0277105410060173,TCRBV30-01,TCRBJ01-02
f7a8eb7b7ba93a3b9930e432dd7293e0,CASSYSTGYYGYTF,0.027645729643180673,TCRBV06-02/06-03,TCRBJ01-02
f7a8eb7b7ba93a3b9930e432dd7293e0,CASYAGHHYGYTF,0.02759642443991508,TCRBV06-06,TCRBJ01-02
f7a8eb7b7ba93a3b9930e432dd7293e0,CAWSSGWGYGYTF,0.027579812277257715,TCRBV30-01,TCRBJ01-02
f7a8eb7b7ba93a3b9930e432dd7293e0,CASSYGSYYGYTF,0.02755420552244958,TCRBV06-02/06-03,TCRBJ01-02
f7a8eb7b7ba93a3b9930e432dd7293e0,CSAHWGWYTEAFF,0.02742964064447831,TCRBV20-X,TCRBJ01-01
f7a8eb7b7ba93a3b9930e432dd7293e0,CATYAKMAGANVLTF,0.02740585500036208,TCRBV05-04,TCRBJ02-06
f7a8eb7b7ba93a3b9930e432dd7293e0,CASSYRSHSGYYGYTF,0.02737681334646051,TCRBV06-05,TCRBJ01-02
f7a8eb7b7ba93a3b9930e432dd7293e0,CASSPAGRHHHQPQHF,0.027376610196837223,TCRBV18-01,TCRBJ01-05
f7a8eb7b7ba93a3b9930e432dd7293e0,CAWNINRGWNTEAFF,0.02733638689431183,TCRBV30-01,TCRBJ01-01
f7a8eb7b7ba93a3b9930e432dd7293e0,CASSGSYYTNYGYTF,0.027266829086537873,TCRBV13-01,TCRBJ01-02
f7a8eb7b7ba93a3b9930e432dd7293e0,CASSEGWGGYYGYTF,0.027247488521274708,TCRBV06-01,TCRBJ01-02
f7a8eb7b7ba93a3b9930e432dd7293e0,CAGNWTPFF,0.027214655306716604,TCRBV12-03/12-04,TCRBJ02-01
f7a8eb7b7ba93a3b9930e432dd7293e0,CASRSWGYSYGYTF,0.02721196498957925,TCRBV19-01,TCRBJ01-02
f7a8eb7b7ba93a3b9930e432dd7293e0,CASHPSYGYTF,0.027109389784537054,TCRBV12-03/12-04,TCRBJ01-02
f7a8eb7b7ba93a3b9930e432dd7293e0,CASTHTGGHTNYGYTF,0.027097612969087526,TCRBV06-X,TCRBJ01-02
f7a8eb7b7ba93a3b9930e432dd7293e0,CAWSHGYYGYTF,0.027078805219690385,TCRBV30-01,TCRBJ01-02
f7a8eb7b7ba93a3b9930e432dd7293e0,CASGYPGGYYGYTF,0.02705033737203261,TCRBV06-05,TCRBJ01-02
f7a8eb7b7ba93a3b9930e432dd7293e0,CASSEYRWWGRYF,0.026952471688925964,TCRBV06-01,TCRBJ02-07
f7a8eb7b7ba93a3b9930e432dd7293e0,CAGYYQGVYGYTF,0.026951546293786835,TCRBV30-01,TCRBJ01-02
f7a8eb7b7ba93a3b9930e432dd7293e0,CSAMPWGHYGYTF,0.026936209868603678,TCRBV20-X,TCRBJ01-02
f7a8eb7b7ba93a3b9930e432dd7293e0,CASSWGPHYGYTF,0.026721626194408692,TCRBV12-03/12-04,TCRBJ01-02
f7a8eb7b7ba93a3b9930e432dd7293e0,CASSKVVWDIANYGYTF,0.026713634666798207,TCRBV21-01,TCRBJ01-02
f7a8eb7b7ba93a3b9930e432dd7293e0,WGTGWVHKFWETQYF,0.026677395106229157,TCRBV18-01,TCRBJ02-05
f7a8eb7b7ba93a3b9930e432dd7293e0,CASSGGAWWVTEAFF,0.026614143397981103,TCRBV25-01,TCRBJ01-01
f7a8eb7b7ba93a3b9930e432dd7293e0,CASSHNNNYGYTF,0.02660383378856044,TCRBV07-02,TCRBJ01-02
f7a8eb7b7ba93a3b9930e432dd7293e0,CATRAWGAHMYGYTF,0.02655459646184049,TCRBV21-01,TCRBJ01-02
f7a8eb7b7ba93a3b9930e432dd7293e0,CATWGPYGYTF,0.026541971417422407,TCRBV24-01,TCRBJ01-02
f7a8eb7b7ba93a3b9930e432dd7293e0,CASMYYGYTF,0.026489156288392542,TCRBV19-01,TCRBJ01-02
f7a8eb7b7ba93a3b9930e432dd7293e0,CASSYGGTYYGYTF,0.0264745028890935,TCRBV06-05,TCRBJ01-02
f7a8eb7b7ba93a3b9930e432dd7293e0,CASSYWKHNYGYTF,0.026454262954230194,TCRBV06-05,TCRBJ01-02
f7a8eb7b7ba93a3b9930e432dd7293e0,CASSYSGPAYYTF,0.026430856862886713,TCRBV07-09,TCRBJ01-02
f7a8eb7b7ba93a3b9930e432dd7293e0,CASWGKYYGYTF,0.026392859950071953,TCRBV09-01,TCRBJ01-02
f7a8eb7b7ba93a3b9930e432dd7293e0,CAWSPGAYYGYTF,0.026382725599184583,TCRBV30-01,TCRBJ01-02
f7a8eb7b7ba93a3b9930e432dd7293e0,CASSSYQGYYGYTF,0.026314803308923045,TCRBV06-02/06-03,TCRBJ01-02
f7a8eb7b7ba93a3b9930e432dd7293e0,CASGGHYYGYTF,0.026303792838423986,TCRBV19-01,TCRBJ01-02
f7a8eb7b7ba93a3b9930e432dd7293e0,CASSYWGGQGPGGGYTF,0.0262099746568372,TCRBV06-X,TCRBJ01-02
f7a8eb7b7ba93a3b9930e432dd7293e0,CASSFPGTGWHNYGYTF,0.026147982039292195,TCRBV06-X,TCRBJ01-02
f7a8eb7b7ba93a3b9930e432dd7293e0,CASSSGYFGYGYTF,0.02614184935603973,TCRBV06-05,TCRBJ01-02
f7a8eb7b7ba93a3b9930e432dd7293e0,CASNYNTGGGYTF,0.02604290362409068,TCRBV19-01,TCRBJ01-02
f7a8eb7b7ba93a3b9930e432dd7293e0,CAWSSHHPGGYTF,0.025966859893057512,TCRBV30-01,TCRBJ01-02
f7a8eb7b7ba93a3b9930e432dd7293e0,CSAWGGPNYGYTF,0.025954223542474706,TCRBV20-X,TCRBJ01-02
f7a8eb7b7ba93a3b9930e432dd7293e0,GRTGWYF,0.025947970884331782,TCRBV27-01,TCRBJ02-03
f7a8eb7b7ba93a3b9930e432dd7293e0,CASSGGFGYYGYTF,0.025909282246243222,TCRBV12-X,TCRBJ01-02
f7a8eb7b7ba93a3b9930e432dd7293e0,CASSRAGYYYGYTF,0.025862389395763494,TCRBV19-01,TCRBJ01-02
f7a8eb7b7ba93a3b9930e432dd7293e0,CASSYSGAYYGYTF,0.0258559691111985,TCRBV06-02/06-03,TCRBJ01-02
f7a8eb7b7ba93a3b9930e432dd7293e0,CASTTPPGHHPPTF,0.025829490585177264,TCRBV06-05,TCRBJ01-02
f7a8eb7b7ba93a3b9930e432dd7293e0,CASHHAGHSNQPQHF,0.025817701843139328,TCRBV19-01,TCRBJ01-05
f7a8eb7b7ba93a3b9930e432dd7293e0,CASSYGAPPSYEQYF,0.025780190301430098,TCRBV06-05,TCRBJ02-07
f7a8eb7b7ba93a3b9930e432dd7293e0,CASSWGGYGYTF,0.025745641031788894,TCRBV05-06,TCRBJ01-02
f7a8eb7b7ba93a3b9930e432dd7293e0,CASSYYGGGNTIYF,0.025680134392280864,TCRBV07-02,TCRBJ01-03
f7a8eb7b7ba93a3b9930e432dd7293e0,CATYPVWGGYTF,0.025658049325462444,TCRBV28-01,TCRBJ01-02
f7a8eb7b7ba93a3b9930e432dd7293e0,CASWGAFGYGYTF,0.025618705837900036,TCRBV27-01,TCRBJ01-02
f7a8eb7b7ba93a3b9930e432dd7293e0,CASSSYSGTGGYGYTF,0.025585321283892362,TCRBV05-01,TCRBJ01-02
f7a8eb7b7ba93a3b9930e432dd7293e0,CASSYYPSGAYSGNTIYF,0.025562806356068106,TCRBV05-01,TCRBJ01-03
f7a8eb7b7ba93a3b9930e432dd7293e0,CASSYNNDNYGYTF,0.025562681640479423,TCRBV06-05,TCRBJ01-02
f7a8eb7b7ba93a3b9930e432dd7293e0,CASYNPGYF,0.02554467536727751,TCRBV24-01,TCRBJ02-07
f7a8eb7b7ba93a3b9930e432dd7293e0,RVRYRGYTF,0.025526764475010733,TCRBV02-01,TCRBJ01-02
f7a8eb7b7ba93a3b9930e432dd7293e0,CASSFGGYFYGYTF,0.025515314799177746,TCRBV07-08,TCRBJ01-02
f7a8eb7b7ba93a3b9930e432dd7293e0,CASSHQHHYGYTF,0.02547706347879734,TCRBV03-01/03-02,TCRBJ01-02
f7a8eb7b7ba93a3b9930e432dd7293e0,CASSYWGGYEQYF,0.02546828492428275,TCRBV06-05,TCRBJ02-07
f7a8eb7b7ba93a3b9930e432dd7293e0,CASWEGYNYGYTF,0.025461116896742957,TCRBV28-01,TCRBJ01-02
f7a8eb7b7ba93a3b9930e432dd7293e0,CASKGYWPGANVLTF,0.025383350704157644,TCRBV06-05,TCRBJ02-06
f7a8eb7b7ba93a3b9930e432dd7293e0,CASTHPMGFNYGYTF,0.025375560285957787,TCRBV06-X,TCRBJ01-02
f7a8eb7b7ba93a3b9930e432dd7293e0,CASSPTGGWGGNYGYTF,0.025362438021043068,TCRBV09-01,TCRBJ01-02
f7a8eb7b7ba93a3b9930e432dd7293e0,CASSEGWGMGYGYTF,0.025356377248447307,TCRBV06-05,TCRBJ01-02
f7a8eb7b7ba93a3b9930e432dd7293e0,CAWRGAYRGRGNGYTF,0.025323388919028536,TCRBV30-01,TCRBJ01-02
f7a8eb7b7ba93a3b9930e432dd7293e0,CAWSPEAFF,0.02532234293913098,TCRBV30-01,TCRBJ01-01
f7a8eb7b7ba93a3b9930e432dd7293e0,CASSYYQPQGWVYGYTF,0.02531286777880623,TCRBV06-X,TCRBJ01-02
f7a8eb7b7ba93a3b9930e432dd7293e0,CAWSPPPHGYTF,0.025306958216583707,TCRBV30-01,TCRBJ01-02
f836e383335a71da81561d25a2da287a,FF,0.04636412703904203,TCRBV10-01,TCRBJ02-01
f836e383335a71da81561d25a2da287a,CASYHRGWYF,0.037664568988517284,TCRBV12-03/12-04,TCRBJ02-07
f836e383335a71da81561d25a2da287a,CTYGTYYGYTF,0.034275004937614914,TCRBV29-01,TCRBJ01-02
f836e383335a71da81561d25a2da287a,CASSYYYGYTF,0.0340490058335077,TCRBV02-01,TCRBJ01-02
f836e383335a71da81561d25a2da287a,WGGLHYGYTF,0.03306071935613726,TCRBV06-07,TCRBJ01-02
f836e383335a71da81561d25a2da287a,CSAYRGYYGYTF,0.03234304986952268,TCRBV20-X,TCRBJ01-02
f836e383335a71da81561d25a2da287a,CASSYSWGYGNGYTF,0.03214961981304208,TCRBV06-05,TCRBJ01-02
f836e383335a71da81561d25a2da287a,CSARSLPIVGTDTQYF,0.03185529023520219,TCRBV20-X,TCRBJ02-03
f836e383335a71da81561d25a2da287a,CASSPWGGYYGYTF,0.030818239829612803,TCRBV03-01/03-02,TCRBJ01-02
f836e383335a71da81561d25a2da287a,CASSYWGSYGYTF,0.030815832955154908,TCRBV06-09,TCRBJ01-02
f836e383335a71da81561d25a2da287a,CASSPWGGFSNYGYTF,0.030704569972105043,TCRBV19-01,TCRBJ01-02
f836e383335a71da81561d25a2da287a,CASIPNTF,0.030581114011460533,TCRBV12-03/12-04,TCRBJ01-02
f836e383335a71da81561d25a2da287a,YNSPLHF,0.030455088646171774,TCRBV05-04,TCRBJ01-06
f836e383335a71da81561d25a2da287a,CASSYSYQGYYGYTF,0.030395719021439227,TCRBV28-01,TCRBJ01-02
f836e383335a71da81561d25a2da287a,CASSYWGNYGYTF,0.030370147246248907,TCRBV06-05,TCRBJ01-02
f836e383335a71da81561d25a2da287a,CASSYWGGGYTF,0.030049373679866747,TCRBV06-05,TCRBJ01-02
f836e383335a71da81561d25a2da287a,WGYGYTF,0.02992324514167351,TCRBV09-01,TCRBJ01-02
f836e383335a71da81561d25a2da287a,CAWYGGYGYTF,0.029564315535978443,TCRBV30-01,TCRBJ01-02
f836e383335a71da81561d25a2da287a,CASSVHNNNPNGGGNTIYF,0.029545500278028186,TCRBV09-01,TCRBJ01-03
f836e383335a71da81561d25a2da287a,CASSGDWKAFF,0.029378132654583472,TCRBV06-05,TCRBJ01-01
f836e383335a71da81561d25a2da287a,CASSYRGYYGYTF,0.029339816654641023,TCRBV07-09,TCRBJ01-02
f836e383335a71da81561d25a2da287a,CAWSPYSGTYHYGYTF,0.029132254607239283,TCRBV30-01,TCRBJ01-02
f836e383335a71da81561d25a2da287a,CAWGPNWGAVF,0.02911380378927721,TCRBV30-01,TCRBJ02-01
f836e383335a71da81561d25a2da287a,CASYGWNYGYTF,0.029073887207961085,TCRBV28-01,TCRBJ01-02
f836e383335a71da81561d25a2da287a,CAWYRAWGYTF,0.02898937405518469,TCRBV30-01,TCRBJ01-02
f836e383335a71da81561d25a2da287a,CASSWGGNPWEAFF,0.028977329803327824,TCRBV27-01,TCRBJ01-01
f836e383335a71da81561d25a2da287a,CAWSLYPYYGYTF,0.028780042240358072,TCRBV30-01,TCRBJ01-02
f836e383335a71da81561d25a2da287a,CSAYYRGNYGYTF,0.028759496915048765,TCRBV20-X,TCRBJ01-02
f836e383335a71da81561d25a2da287a,CAWGGWIMGGYTF,0.028731496541935447,TCRBV30-01,TCRBJ01-02
f836e383335a71da81561d25a2da287a,CASSDYDWWGYTF,0.028672972083340326,TCRBV02-01,TCRBJ01-02
f836e383335a71da81561d25a2da287a,CASSQGWTGGWNYGYTF,0.028501892726581924,TCRBV14-01,TCRBJ01-02
f836e383335a71da81561d25a2da287a,CASSYGYYGYTF,0.028340804233801975,TCRBV05-06,TCRBJ01-02
f836e383335a71da81561d25a2da287a,CASSYGWYSPNYGYTF,0.02825525366214503,TCRBV06-05,TCRBJ01-02
f836e383335a71da81561d25a2da287a,CASSPWGGPYGYTF,0.02820343077801763,TCRBV03-01/03-02,TCRBJ01-02
f836e383335a71da81561d25a2da287a,CAWSGGYYGYTF,0.02799175870264682,TCRBV30-01,TCRBJ01-02
f836e383335a71da81561d25a2da287a,CASNYYSGGGYTF,0.027861224887276055,TCRBV19-01,TCRBJ01-02
f836e383335a71da81561d25a2da287a,CASSGGSYGANYGYTF,0.027692159283972412,TCRBV05-01,TCRBJ01-02
f836e383335a71da81561d25a2da287a,CAKGGQGARGYTF,0.027623884823949767,TCRBV02-01,TCRBJ01-02
f836e383335a71da81561d25a2da287a,CAWITPGPYYGYTF,0.027549587071658888,TCRBV30-01,TCRBJ01-02
f836e383335a71da81561d25a2da287a,CASSYGWGYGYTF,0.027505918292496677,TCRBV06-02/06-03,TCRBJ01-02
f836e383335a71da81561d25a2da287a,CAWHGWHYGYTF,0.027403255927851873,TCRBV30-01,TCRBJ01-02
f836e383335a71da81561d25a2da287a,CAWWSPPGYTF,0.02732921801729053,TCRBV30-01,TCRBJ01-02
f836e383335a71da81561d25a2da287a,CAWGYGYTF,0.02727965007258729,TCRBV30-01,TCRBJ01-02
f836e383335a71da81561d25a2da287a,CSYHRAGYGYTF,0.0272530405755619,TCRBV29-01,TCRBJ01-02
f836e383335a71da81561d25a2da287a,CAPPLHF,0.02721731431988741,TCRBV10-03,TCRBJ01-06
f836e383335a71da81561d25a2da287a,CASSYRAYYGYTF,0.02699719004348762,TCRBV12-03/12-04,TCRBJ01-02
f836e383335a71da81561d25a2da287a,CASFPDSYHGYYGYTF,0.026972852278914716,TCRBV06-X,TCRBJ01-02
f836e383335a71da81561d25a2da287a,CAWAGYSYGYTF,0.02694181900904828,TCRBV30-01,TCRBJ01-02
f836e383335a71da81561d25a2da287a,CSANTGGWGYGYTF,0.026920176179693625,TCRBV20-X,TCRBJ01-02
f836e383335a71da81561d25a2da287a,CASHWGPNYGYTF,0.02691292455522476,TCRBV06-05,TCRBJ01-02
f836e383335a71da81561d25a2da287a,EGPQHF,0.026912816848964172,TCRBV06-04,TCRBJ01-05
f836e383335a71da81561d25a2da287a,CASSPYRGYYGYTF,0.026873418258758563,TCRBV28-01,TCRBJ01-02
f836e383335a71da81561d25a2da287a,CASSWGKWYGYTF,0.026867958548611404,TCRBV28-01,TCRBJ01-02
f836e383335a71da81561d25a2da287a,CASSPYWGSYGYTF,0.026826975841703595,TCRBV13-01,TCRBJ01-02
f836e383335a71da81561d25a2da287a,WELFF,0.02672182461722056,TCRBV25-01,TCRBJ02-02
f836e383335a71da81561d25a2da287a,CASSGGPYYGYTF,0.02665718988998757,TCRBV07-02,TCRBJ01-02
f836e383335a71da81561d25a2da287a,CAWSWGPGHSYGYTF,0.026652481089582906,TCRBV30-01,TCRBJ01-02
f836e383335a71da81561d25a2da287a,CASMYLFTFGPTYGYTF,0.02663693001538269,TCRBV21-01,TCRBJ01-02
f836e383335a71da81561d25a2da287a,WERGVFYGYTF,0.026613145922497715,TCRBV25-01,TCRBJ01-02
f836e383335a71da81561d25a2da287a,CASSLWWGQGYYGYTF,0.026599510713798524,TCRBV05-08,TCRBJ01-02
f836e383335a71da81561d25a2da287a,CASSYRVYYGYTF,0.026585704911858223,TCRBV06-05,TCRBJ01-02
f836e383335a71da81561d25a2da287a,CASWGGGYGYTF,0.026568149156357614,TCRBV04-01,TCRBJ01-02
f836e383335a71da81561d25a2da287a,CASSYRSNWGNYGYTF,0.026564845895543664,TCRBV06-05,TCRBJ01-02
f836e383335a71da81561d25a2da287a,CASAHYYGYTF,0.026562000756440822,TCRBV19-01,TCRBJ01-02
f836e383335a71da81561d25a2da287a,CAWKGIGAFF,0.026556161905956437,TCRBV30-01,TCRBJ01-01
f836e383335a71da81561d25a2da287a,CASSSGGTGATYNYGYTF,0.026555949271467674,TCRBV07-09,TCRBJ01-02
f836e383335a71da81561d25a2da287a,CAWKDPWDTEAFF,0.026540258952551493,TCRBV28-01,TCRBJ01-01
f836e383335a71da81561d25a2da287a,CASSPPYHF,0.02650202908026859,TCRBV28-01,TCRBJ01-05
f836e383335a71da81561d25a2da287a,CASSFFGGNNYGYTF,0.026493896974433197,TCRBV19-01,TCRBJ01-02
f836e383335a71da81561d25a2da287a,WGSGANVLTF,0.02646221278071625,TCRBV21-01,TCRBJ02-06
f836e383335a71da81561d25a2da287a,CSAYHIYGYTF,0.02644256199238022,TCRBV20-01,TCRBJ01-02
f836e383335a71da81561d25a2da287a,CAWMWGAGNYGYTF,0.02639976689229372,TCRBV30-01,TCRBJ01-02
f836e383335a71da81561d25a2da287a,CAWSTPGGATYEQYF,0.026392074241695224,TCRBV30-01,TCRBJ02-07
f836e383335a71da81561d25a2da287a,CASSFYRPYGYTF,0.026303519580481525,TCRBV28-01,TCRBJ01-02
f836e383335a71da81561d25a2da287a,CASIGWLWGYGYTF,0.026284183293052522,TCRBV02-01,TCRBJ01-02
f836e383335a71da81561d25a2da287a,CASSRFGGGNVWNYGYTF,0.026273365222754082,TCRBV04-01,TCRBJ01-02
f836e383335a71da81561d25a2da287a,CASSYSGFYPTNYGYTF,0.02625246429707001,TCRBV06-X,TCRBJ01-02
f836e383335a71da81561d25a2da287a,CASSKPHKGF,0.026243485164064776,TCRBV21-01,TCRBJ02-07
f836e383335a71da81561d25a2da287a,CASSMGWGRWIGYGYTF,0.02622511879122899,TCRBV19-01,TCRBJ01-02
f836e383335a71da81561d25a2da287a,CAWSVGYPYGYTF,0.026211397100599033,TCRBV30-01,TCRBJ01-02
f836e383335a71da81561d25a2da287a,CASTYRVYYGYTF,0.02619254023259815,TCRBV12-03/12-04,TCRBJ01-02
f836e383335a71da81561d25a2da287a,CASSHYTPPYGYTF,0.026174893754420333,TCRBV03-01/03-02,TCRBJ01-02
f836e383335a71da81561d25a2da287a,F,0.026169052647139833,TCRBVA-01,TCRBJ01-01
f836e383335a71da81561d25a2da287a,CASSFGGWYGYTF,0.02614698031757232,TCRBV07-03,TCRBJ01-02
f836e383335a71da81561d25a2da287a,CAWNPGFWEGGYTF,0.026126017997685536,TCRBV30-01,TCRBJ01-02
f836e383335a71da81561d25a2da287a,CATSRGFWWRPNYGYTF,0.026068988220540445,TCRBV15-01,TCRBJ01-02
f836e383335a71da81561d25a2da287a,CASSPWTGGWSYGYTF,0.026055970728390845,TCRBV18-01,TCRBJ01-02
f836e383335a71da81561d25a2da287a,CASSYWGGYTF,0.026047112951640868,TCRBV06-05,TCRBJ01-02
f836e383335a71da81561d25a2da287a,CASSKVAGYHYYGYTF,0.026046940573933853,TCRBV21-01,TCRBJ01-02
f836e383335a71da81561d25a2da287a,CASSYRPGYKYF,0.025985193540333528,TCRBV12-03/12-04,TCRBJ02-04
f836e383335a71da81561d25a2da287a,CASSYWGGAGYGYTF,0.025950935817480137,TCRBV06-05,TCRBJ01-02
f836e383335a71da81561d25a2da287a,CASSYRAGYYGYTF,0.025842623009863043,TCRBV06-02/06-03,TCRBJ01-02
f836e383335a71da81561d25a2da287a,CASGYRGRKGNSGNTIYF,0.025839054979981894,TCRBV06-X,TCRBJ01-03
f836e383335a71da81561d25a2da287a,CASGPPGHPGSPLHF,0.025837103119494758,TCRBV12-05,TCRBJ01-06
f836e383335a71da81561d25a2da287a,CASGWGPGGGYGYTF,0.025785732792966472,TCRBV11-03,TCRBJ01-02
f836e383335a71da81561d25a2da287a,CASSFNPYGYTF,0.025772209474967903,TCRBV28-01,TCRBJ01-02
f836e383335a71da81561d25a2da287a,CAWSVPVWYGYTF,0.025760150000786866,TCRBV30-01,TCRBJ01-02
f836e383335a71da81561d25a2da287a,CASGVWTGGYYGYTF,0.025755649305292415,TCRBV25-01,TCRBJ01-02
fa66964d2640d686aeb896c4ba28c80c,WRPHQPQHF,0.04156327238098247,TCRBV14-01,TCRBJ01-05
fa66964d2640d686aeb896c4ba28c80c,CARVWYIWGYTF,0.03450800454224757,TCRBV27-01,TCRBJ01-02
fa66964d2640d686aeb896c4ba28c80c,CASGLPLLGNTEAFF,0.031512417896567925,TCRBV12-05,TCRBJ01-01
fa66964d2640d686aeb896c4ba28c80c,CASSPWGAYANYGYTF,0.0311901006183085,TCRBV05-06,TCRBJ01-02
fa66964d2640d686aeb896c4ba28c80c,CASSYYTTPTYGYTF,0.03112741888120665,TCRBV07-08,TCRBJ01-02
fa66964d2640d686aeb896c4ba28c80c,YLFGIYF,0.031108122185225656,TCRBV27-01,TCRBJ01-03
fa66964d2640d686aeb896c4ba28c80c,CTYHGGYGYTF,0.030699296482653782,TCRBV20-01,TCRBJ01-02
fa66964d2640d686aeb896c4ba28c80c,CSAYTGGYNYGYTF,0.030049345883697693,TCRBV20-X,TCRBJ01-02
fa66964d2640d686aeb896c4ba28c80c,CASSFYPYTHYGYTF,0.03004026829296291,TCRBV07-09,TCRBJ01-02
fa66964d2640d686aeb896c4ba28c80c,CAIYMSGGTDTQYF,0.029982145158656485,TCRBV12-X,TCRBJ02-03
fa66964d2640d686aeb896c4ba28c80c,CASSYSWGPNYGYTF,0.02977534366107127,TCRBV06-06,TCRBJ01-02
fa66964d2640d686aeb896c4ba28c80c,CAWMWVTEAFF,0.02961774564334721,TCRBV30-01,TCRBJ01-01
fa66964d2640d686aeb896c4ba28c80c,CAWIWTGVYGYTF,0.029266195001593703,TCRBV30-01,TCRBJ01-02
fa66964d2640d686aeb896c4ba28c80c,CASSPYYGCGYTF,0.029255891038152435,TCRBV06-06,TCRBJ01-02
fa66964d2640d686aeb896c4ba28c80c,CAFF,0.029154826259210537,TCRBV04-01,TCRBJ02-07
fa66964d2640d686aeb896c4ba28c80c,SPLHF,0.028702754903381318,TCRBV29-01,TCRBJ01-06
fa66964d2640d686aeb896c4ba28c80c,SYNSPLHF,0.028046885518096098,TCRBV10-01,TCRBJ01-06
fa66964d2640d686aeb896c4ba28c80c,CASYGGNNYGYTF,0.02801372050982458,TCRBV19-01,TCRBJ01-02
fa66964d2640d686aeb896c4ba28c80c,CASSYSTGGWYGYTF,0.027716669809640743,TCRBV06-05,TCRBJ01-02
fa66964d2640d686aeb896c4ba28c80c,CACRTGYYYGYTF,0.027701157622909478,TCRBV30-01,TCRBJ01-02
fa66964d2640d686aeb896c4ba28c80c,CAWSVWGGYGYTF,0.027586901119140438,TCRBV30-01,TCRBJ01-02
fa66964d2640d686aeb896c4ba28c80c,CSAYYSGAYGYTF,0.027150598241995946,TCRBV29-01,TCRBJ01-02
fa66964d2640d686aeb896c4ba28c80c,CASRYRAYYGYTF,0.02714926321331405,TCRBV12-03/12-04,TCRBJ01-02
fa66964d2640d686aeb896c4ba28c80c,CSASWGYYGYTF,0.02712768176156803,TCRBV20-X,TCRBJ01-02
fa66964d2640d686aeb896c4ba28c80c,CASTWEGAWGYTF,0.027094219001283608,TCRBV28-01,TCRBJ01-02
fa66964d2640d686aeb896c4ba28c80c,CAIMPYF,0.02709016720785089,TCRBV10-03,TCRBJ02-04
fa66964d2640d686aeb896c4ba28c80c,CAYGPVYGYTF,0.0270820732405724,TCRBV30-01,TCRBJ01-02
fa66964d2640d686aeb896c4ba28c80c,CASGYSPGPGGGNNYGYTF,0.02701523294172229,TCRBV12-05,TCRBJ01-02
fa66964d2640d686aeb896c4ba28c80c,CASSYNPAYYGYTF,0.02696284698253174,TCRBV06-05,TCRBJ01-02
fa66964d2640d686aeb896c4ba28c80c,CASTWGFGGNYGYTF,0.02668524449931515,TCRBV12-X,TCRBJ01-02
fa66964d2640d686aeb896c4ba28c80c,CAWSWGAEAFF,0.026502653426206977,TCRBV30-01,TCRBJ01-01
fa66964d2640d686aeb896c4ba28c80c,CASSYEGYYGYTF,0.026408117617327226,TCRBV06-05,TCRBJ01-02
fa66964d2640d686aeb896c4ba28c80c,WPQWGYTF,0.026355956245846315,TCRBV21-01,TCRBJ01-02
fa66964d2640d686aeb896c4ba28c80c,CASSFWGAYTNYGYTF,0.026353779806610723,TCRBV05-06,TCRBJ01-02
fa66964d2640d686aeb896c4ba28c80c,CASTYRYTYGYTF,0.026287687550284933,TCRBV12-03/12-04,TCRBJ01-02
fa66964d2640d686aeb896c4ba28c80c,CAWTPGAGFYYGYTF,0.026114576567151923,TCRBV30-01,TCRBJ01-02
fa66964d2640d686aeb896c4ba28c80c,CAWSVFLGGGAYNEQFF,0.026087610112842892,TCRBV30-01,TCRBJ02-01
fa66964d2640d686aeb896c4ba28c80c,CAWSAHPNYGYTF,0.026059109537610654,TCRBV30-01,TCRBJ01-02
fa66964d2640d686aeb896c4ba28c80c,CSAIPRGWGYGYTF,0.02593432559700997,TCRBV20-X,TCRBJ01-02
fa66964d2640d686aeb896c4ba28c80c,CASTSWGYYGYTF,0.025888230354727235,TCRBV06-05,TCRBJ01-02
fa66964d2640d686aeb896c4ba28c80c,CASIPQGAPGANVLTF,0.02586872411553351,TCRBV28-01,TCRBJ02-06
fa66964d2640d686aeb896c4ba28c80c,CAWSYGPNYGYTF,0.025823866962638987,TCRBV30-01,TCRBJ01-02
fa66964d2640d686aeb896c4ba28c80c,CASSFWGQPNYGYTF,0.02575971320981998,TCRBV09-01,TCRBJ01-02
fa66964d2640d686aeb896c4ba28c80c,CASSSGGSGWSNYGYTF,0.025698647021624537,TCRBV11-03,TCRBJ01-02
fa66964d2640d686aeb896c4ba28c80c,CASSRYTGPNYYGYTF,0.025629938709927795,TCRBV03-01/03-02,TCRBJ01-02
fa66964d2640d686aeb896c4ba28c80c,CAWSVPGGLNGYTF,0.025598988480906658,TCRBV30-01,TCRBJ01-02
fa66964d2640d686aeb896c4ba28c80c,CAWSVWVYGYTF,0.025550824488687576,TCRBV30-01,TCRBJ01-02
fa66964d2640d686aeb896c4ba28c80c,CATPRPSW,0.025519266180509495,TCRBV15-01,TCRBJ01-01
fa66964d2640d686aeb896c4ba28c80c,NSPLHF,0.025506683415166324,TCRBV20-01,TCRBJ01-06
fa66964d2640d686aeb896c4ba28c80c,CASKGGWGNYGYTF,0.02548006925339467,TCRBV06-05,TCRBJ01-02
fa66964d2640d686aeb896c4ba28c80c,CASHPPWGNYGYTF,0.025467412112610492,TCRBV06-X,TCRBJ01-02
fa66964d2640d686aeb896c4ba28c80c,CASSYYGGGTQYF,0.025431295879028728,TCRBV06-05,TCRBJ02-05
fa66964d2640d686aeb896c4ba28c80c,CAWGPYSGYEQYF,0.02540814987341555,TCRBV30-01,TCRBJ02-07
fa66964d2640d686aeb896c4ba28c80c,CASSKYKGYYGYTF,0.02537805609181962,TCRBV21-01,TCRBJ01-02
fa66964d2640d686aeb896c4ba28c80c,CASYDPWGGQYF,0.025323202081276194,TCRBV27-01,TCRBJ02-07
fa66964d2640d686aeb896c4ba28c80c,CASSYSPYGYTF,0.02520917772837959,TCRBV06-06,TCRBJ01-02
fa66964d2640d686aeb896c4ba28c80c,CATSNYRNGNYGYTF,0.025191214962435315,TCRBV24-01,TCRBJ01-02
fa66964d2640d686aeb896c4ba28c80c,CASSYWGRDYGYTF,0.025166312056037213,TCRBV06-02/06-03,TCRBJ01-02
fa66964d2640d686aeb896c4ba28c80c,CASRYHTIYF,0.025145870177991192,TCRBV12-03/12-04,TCRBJ01-03
fa66964d2640d686aeb896c4ba28c80c,CASPWDRITKGAEKLFF,0.02513436056652788,TCRBV10-01,TCRBJ01-04
fa66964d2640d686aeb896c4ba28c80c,CASSSTWGSYGGYTF,0.02512090438330561,TCRBV07-02,TCRBJ01-02
fa66964d2640d686aeb896c4ba28c80c,CASSYGGYQYF,0.025112735689101752,TCRBV06-05,TCRBJ02-07
fa66964d2640d686aeb896c4ba28c80c,CAWGPGAHQPQHF,0.025097177527158464,TCRBV30-01,TCRBJ01-05
fa66964d2640d686aeb896c4ba28c80c,CAWSGGIYGYGYTF,0.025075388561673993,TCRBV30-01,TCRBJ01-02
fa66964d2640d686aeb896c4ba28c80c,CATHRAGGPMYTF,0.025072270488705608,TCRBV28-01,TCRBJ01-02
fa66964d2640d686aeb896c4ba28c80c,CASSECKGPKPGGGYTF,0.025052315030171482,TCRBV25-01,TCRBJ01-02
fa66964d2640d686aeb896c4ba28c80c,CAWSACLVFF,0.02504131280080231,TCRBV30-01,TCRBJ01-04
fa66964d2640d686aeb896c4ba28c80c,CASSFPLGHHYGYTF,0.025035689058777823,TCRBV28-01,TCRBJ01-02
fa66964d2640d686aeb896c4ba28c80c,CASKKGPYYGYTF,0.025034461166010467,TCRBV19-01,TCRBJ01-02
fa66964d2640d686aeb896c4ba28c80c,CASHKIGQVKVWNYGYTF,0.025023773412615413,TCRBV21-01,TCRBJ01-02
fa66964d2640d686aeb896c4ba28c80c,CVRSCYGGNYGYTF,0.02501940679322254,TCRBV07-05,TCRBJ01-02
fa66964d2640d686aeb896c4ba28c80c,CSAHHPGGNQPQHF,0.025009863305980918,TCRBV20-X,TCRBJ01-05
fa66964d2640d686aeb896c4ba28c80c,CAWKDPWGGYEAFF,0.024989845871073963,TCRBV30-01,TCRBJ01-01
fa66964d2640d686aeb896c4ba28c80c,CASSYYGSGYTF,0.02496557800510391,TCRBV06-06,TCRBJ01-02
fa66964d2640d686aeb896c4ba28c80c,CAPHPGAQHTEAFF,0.024964594304282287,TCRBV27-01,TCRBJ01-01
fa66964d2640d686aeb896c4ba28c80c,CASSYYMTGASYGYTF,0.024960619260896873,TCRBV06-05,TCRBJ01-02
fa66964d2640d686aeb896c4ba28c80c,CAWSVWGGRITEAFF,0.024913114509455565,TCRBV30-01,TCRBJ01-01
fa66964d2640d686aeb896c4ba28c80c,CASNLYPGGSTEAFF,0.024886885455792353,TCRBV19-01,TCRBJ01-01
fa66964d2640d686aeb896c4ba28c80c,CASSYRGYGYTF,0.02488549689442964,TCRBV06-05,TCRBJ01-02
fa66964d2640d686aeb896c4ba28c80c,CAWNTGWYGYTF,0.02488219502519049,TCRBV30-01,TCRBJ01-02
fa66964d2640d686aeb896c4ba28c80c,CASSPWWGSNYGYTF,0.024828808346408347,TCRBV09-01,TCRBJ01-02
fa66964d2640d686aeb896c4ba28c80c,ANVLTF,0.02480157446071135,TCRBV21-01,TCRBJ02-06
fa66964d2640d686aeb896c4ba28c80c,CASSYRGRYYGYTF,0.024748177982405164,TCRBV12-X,TCRBJ01-02
fa66964d2640d686aeb896c4ba28c80c,CASSHPYAYGYTF,0.024744069672722767,TCRBV14-01,TCRBJ01-02
fa66964d2640d686aeb896c4ba28c80c,CAWSGWGGEVGYTF,0.024715805675877663,TCRBV30-01,TCRBJ01-02
fa66964d2640d686aeb896c4ba28c80c,CASSTPGWGNYGYTF,0.024715128968090097,TCRBV18-01,TCRBJ01-02
fa66964d2640d686aeb896c4ba28c80c,CAQWWWAEKLFF,0.02468169538690811,TCRBV19-01,TCRBJ01-04
fa66964d2640d686aeb896c4ba28c80c,CASSCKGF,0.0246779607910765,TCRBV07-09,TCRBJ02-04
fa66964d2640d686aeb896c4ba28c80c,CAWIYPGLYGYTF,0.02467308498128476,TCRBV30-01,TCRBJ01-02
fa66964d2640d686aeb896c4ba28c80c,CASWWNTEAFF,0.024667640791390357,TCRBV25-01,TCRBJ01-01
fa66964d2640d686aeb896c4ba28c80c,CASSQGWAPGGYYGYTF,0.024663974224445055,TCRBV04-02,TCRBJ01-02
fa66964d2640d686aeb896c4ba28c80c,CSAYHGGTNYGYTF,0.024660103181671625,TCRBV20-X,TCRBJ01-02
fa66964d2640d686aeb896c4ba28c80c,CASRAPWEAYF,0.02462348091116009,TCRBV02-01,TCRBJ02-07
fa66964d2640d686aeb896c4ba28c80c,CAWGTAYYGYTF,0.024618086033433847,TCRBV30-01,TCRBJ01-02
fa66964d2640d686aeb896c4ba28c80c,CAWYRADLIYGYTF,0.02458485045648647,TCRBV30-01,TCRBJ01-02
fc469fe1fde676f637f6cf145d45a94a,CASSYWGPNYGYTF,0.03390375346534735,TCRBV06-06,TCRBJ01-02
fc469fe1fde676f637f6cf145d45a94a,CSAPPGGWGFNYGYTF,0.033852059279995766,TCRBV20-X,TCRBJ01-02
fc469fe1fde676f637f6cf145d45a94a,YYGYTF,0.03255509614159671,TCRBV20-01,TCRBJ01-02
fc469fe1fde676f637f6cf145d45a94a,CASSYGGWANYGYTF,0.030935447485542857,TCRBV06-02/06-03,TCRBJ01-02
fc469fe1fde676f637f6cf145d45a94a,CSAYRFYYGYTF,0.03060600011583105,TCRBV20-X,TCRBJ01-02
fc469fe1fde676f637f6cf145d45a94a,CAWYHSGGADTQYF,0.03036397472501101,TCRBV30-01,TCRBJ02-03
fc469fe1fde676f637f6cf145d45a94a,CATTPYYGGYTF,0.030296540637990158,TCRBV12-03/12-04,TCRBJ01-02
fc469fe1fde676f637f6cf145d45a94a,CASSYSYYGYTF,0.030263376554019988,TCRBV06-02/06-03,TCRBJ01-02
fc469fe1fde676f637f6cf145d45a94a,CASSYYYNREGYGYTF,0.02987995836834932,TCRBV06-05,TCRBJ01-02
fc469fe1fde676f637f6cf145d45a94a,CASSYFGRYYGYTF,0.02986513422372292,TCRBV06-02/06-03,TCRBJ01-02
fc469fe1fde676f637f6cf145d45a94a,CASSYNYYGYTF,0.029784881051386956,TCRBV07-X,TCRBJ01-02
fc469fe1fde676f637f6cf145d45a94a,CASGLLAGIGELFF,0.02951278673804094,TCRBV12-05,TCRBJ02-02
fc469fe1fde676f637f6cf145d45a94a,CASGLHGGQGEDGYTF,0.029163377692562515,TCRBV12-05,TCRBJ01-02
fc469fe1fde676f637f6cf145d45a94a,CASTSWGGPFSNYGYTF,0.028992823832825552,TCRBV19-01,TCRBJ01-02
fc469fe1fde676f637f6cf145d45a94a,CARPPF,0.028665054758357397,TCRBV07-03,TCRBJ02-07
fc469fe1fde676f637f6cf145d45a94a,CASHAPGHTF,0.028372475203155594,TCRBV06-05,TCRBJ01-02
fc469fe1fde676f637f6cf145d45a94a,CAWGHWGAEGYTF,0.02832184109364574,TCRBV30-01,TCRBJ01-02
fc469fe1fde676f637f6cf145d45a94a,YFYSPLHF,0.02828348488701944,TCRBV01-01,TCRBJ01-06
fc469fe1fde676f637f6cf145d45a94a,CAWSWGGGNYGYTF,0.02818661728181858,TCRBV30-01,TCRBJ01-02
fc469fe1fde676f637f6cf145d45a94a,CASSYSWGNYGYTF,0.028068599887691476,TCRBV06-02/06-03,TCRBJ01-02
fc469fe1fde676f637f6cf145d45a94a,CASNSWGGGYGYTF,0.028047069125371315,TCRBV02-01,TCRBJ01-02
fc469fe1fde676f637f6cf145d45a94a,CASSHGGYNYGYTF,0.02774901558220956,TCRBV07-09,TCRBJ01-02
fc469fe1fde676f637f6cf145d45a94a,CASSYAAYYGYTF,0.027728272528548686,TCRBV06-05,TCRBJ01-02
fc469fe1fde676f637f6cf145d45a94a,CASSYSGSYYGYTF,0.027661724680623955,TCRBV06-05,TCRBJ01-02
fc469fe1fde676f637f6cf145d45a94a,CAWTGVWGAHGYTF,0.027660722723550055,TCRBV30-01,TCRBJ01-02
fc469fe1fde676f637f6cf145d45a94a,CASSYSYNYGYTF,0.02754397791138111,TCRBV06-05,TCRBJ01-02
fc469fe1fde676f637f6cf145d45a94a,CSGYRDWYGYTF,0.027489974150757598,TCRBV29-01,TCRBJ01-02
fc469fe1fde676f637f6cf145d45a94a,CASSNKGKWSAFF,0.027417618957332007,TCRBV25-01,TCRBJ01-01
fc469fe1fde676f637f6cf145d45a94a,CASSYSYRNYGYTF,0.02729129966672266,TCRBV06-05,TCRBJ01-02
fc469fe1fde676f637f6cf145d45a94a,CAWSATNPWGSGGGDTQYF,0.02711607490387329,TCRBV30-01,TCRBJ02-03
fc469fe1fde676f637f6cf145d45a94a,CASSFFGGKSNYGYTF,0.027106544535557258,TCRBV05-04,TCRBJ01-02
fc469fe1fde676f637f6cf145d45a94a,CASSHAALWWGYGYTF,0.02691399383576337,TCRBV07-03,TCRBJ01-02
fc469fe1fde676f637f6cf145d45a94a,CASSWGNWGSGNTIYF,0.026911533771836044,TCRBV12-X,TCRBJ01-03
fc469fe1fde676f637f6cf145d45a94a,CASSSGGYSPWGYTF,0.02683512797997727,TCRBV05-01,TCRBJ01-02
fc469fe1fde676f637f6cf145d45a94a,CASHAPGDHYYGYTF,0.02680452400892386,TCRBV18-01,TCRBJ01-02
fc469fe1fde676f637f6cf145d45a94a,CAWKGGWGYTF,0.026789309345288764,TCRBV30-01,TCRBJ01-02
fc469fe1fde676f637f6cf145d45a94a,CATGYHYGYTF,0.026788305485410134,TCRBV19-01,TCRBJ01-02
fc469fe1fde676f637f6cf145d45a94a,CASSWGGGPYGYTF,0.026728556339850017,TCRBV27-01,TCRBJ01-02
fc469fe1fde676f637f6cf145d45a94a,CASSWKYF,0.026594654436348612,TCRBV07-03,TCRBJ02-05
fc469fe1fde676f637f6cf145d45a94a,CAWNPKGLRENGYTF,0.026593443201884857,TCRBV30-01,TCRBJ01-02
fc469fe1fde676f637f6cf145d45a94a,CASSYYRNGGYTF,0.02656298557873974,TCRBV06-05,TCRBJ01-02
fc469fe1fde676f637f6cf145d45a94a,CAWSWGPEAFF,0.026497128615379388,TCRBV30-01,TCRBJ01-01
fc469fe1fde676f637f6cf145d45a94a,CSFYTGPYGYTF,0.026481598107752646,TCRBV29-01,TCRBJ01-02
fc469fe1fde676f637f6cf145d45a94a,CASSFWGGWGNSYEQYF,0.02644523662396075,TCRBV12-X,TCRBJ02-07
fc469fe1fde676f637f6cf145d45a94a,CASGFLQGIGELFF,0.02636571336950306,TCRBV12-05,TCRBJ02-02
fc469fe1fde676f637f6cf145d45a94a,CSARVYGGYNYGYTF,0.026356240740636697,TCRBV20-X,TCRBJ01-02
fc469fe1fde676f637f6cf145d45a94a,CASSLGYYYGYTF,0.026292899772238598,TCRBV05-08,TCRBJ01-02
fc469fe1fde676f637f6cf145d45a94a,CASSDPAHGIGKFF,0.026278682968455137,TCRBV06-04,TCRBJ02-01
fc469fe1fde676f637f6cf145d45a94a,CASHFAPYGYTF,0.02623222205751241,TCRBV19-01,TCRBJ01-02
fc469fe1fde676f637f6cf145d45a94a,RHWGFPDTQYF,0.026220351853504163,TCRBV05-06,TCRBJ02-03
fc469fe1fde676f637f6cf145d45a94a,CASSLWGGPNYGYTF,0.0261842072089013,TCRBV07-08,TCRBJ01-02
fc469fe1fde676f637f6cf145d45a94a,ETQYF,0.02611368220022237,TCRBV10-03,TCRBJ02-05
fc469fe1fde676f637f6cf145d45a94a,CSARYIYGYTF,0.026090039285206337,TCRBV20-01,TCRBJ01-02
fc469fe1fde676f637f6cf145d45a94a,CASSYYRDYGYTF,0.026076722432435372,TCRBV06-05,TCRBJ01-02
fc469fe1fde676f637f6cf145d45a94a,CASSYPYNTGNYGYTF,0.02607217093404966,TCRBV06-02/06-03,TCRBJ01-02
fc469fe1fde676f637f6cf145d45a94a,CASSYGWGGAAAAFF,0.026063546853245117,TCRBV06-05,TCRBJ01-01
fc469fe1fde676f637f6cf145d45a94a,CASSYMGYGYTF,0.026023019576430852,TCRBV06-05,TCRBJ01-02
fc469fe1fde676f637f6cf145d45a94a,CAWSHVWDYGYTF,0.025978550530560373,TCRBV30-01,TCRBJ01-02
fc469fe1fde676f637f6cf145d45a94a,CSAHPLGGYYGYTF,0.02594764096551289,TCRBV20-X,TCRBJ01-02
fc469fe1fde676f637f6cf145d45a94a,CASSYHKFF,0.025893409078726046,TCRBV06-09,TCRBJ02-01
fc469fe1fde676f637f6cf145d45a94a,CASSYSGAYYGYTF,0.02585597511635235,TCRBV06-05,TCRBJ01-02
fc469fe1fde676f637f6cf145d45a94a,CGGEEGIINYGYTF,0.02582887717749447,TCRBV20-X,TCRBJ01-02
fc469fe1fde676f637f6cf145d45a94a,CSAAGHYYGYTF,0.025797397971442752,TCRBV20-X,TCRBJ01-02
fc469fe1fde676f637f6cf145d45a94a,CAWSVGPGAPYHYGYTF,0.02569647716907002,TCRBV30-01,TCRBJ01-02
fc469fe1fde676f637f6cf145d45a94a,CASGLWDRVTEAFF,0.025691778423130054,TCRBV12-05,TCRBJ01-01
fc469fe1fde676f637f6cf145d45a94a,CASSPWGGNYGYTF,0.02567197350828471,TCRBV13-01,TCRBJ01-02
fc469fe1fde676f637f6cf145d45a94a,CASSYKGAWGYGYTF,0.02565592750982479,TCRBV06-02/06-03,TCRBJ01-02
fc469fe1fde676f637f6cf145d45a94a,CAWKKGDWTPLHF,0.025645522061035507,TCRBV30-01,TCRBJ01-06
fc469fe1fde676f637f6cf145d45a94a,CASSTWGGSSNGYTF,0.025631498714081106,TCRBV12-X,TCRBJ01-02
fc469fe1fde676f637f6cf145d45a94a,CASIVVSPWGGHPGYTF,0.02559043803276132,TCRBV06-X,TCRBJ01-02
fc469fe1fde676f637f6cf145d45a94a,CAYYPRVNYGYTF,0.0255717800096108,TCRBV30-01,TCRBJ01-02
fc469fe1fde676f637f6cf145d45a94a,CASSFGGWSSSNYGYTF,0.02553080359124543,TCRBV05-04,TCRBJ01-02
fc469fe1fde676f637f6cf145d45a94a,CASSHPGGYYGYTF,0.025493059767814085,TCRBV04-01,TCRBJ01-02
fc469fe1fde676f637f6cf145d45a94a,CASSWTVPPGYTF,0.025481741744272056,TCRBV06-02,TCRBJ01-02
fc469fe1fde676f637f6cf145d45a94a,CAWATGTGGAWGANVLTF,0.02542252825278833,TCRBV30-01,TCRBJ02-06
fc469fe1fde676f637f6cf145d45a94a,CASSGYTGTGSHSNYGYTF,0.02540687467122542,TCRBV19-01,TCRBJ01-02
fc469fe1fde676f637f6cf145d45a94a,CSAAHYYGYTF,0.02539897541548618,TCRBV29-01,TCRBJ01-02
fc469fe1fde676f637f6cf145d45a94a,CASSWDNYNYGYTF,0.025383916941911458,TCRBV06-05,TCRBJ01-02
fc469fe1fde676f637f6cf145d45a94a,CASSYYHQPQHF,0.0253733639387112,TCRBV06-02/06-03,TCRBJ01-05
fc469fe1fde676f637f6cf145d45a94a,CAWSSGWAYGYTF,0.025294944732126835,TCRBV30-01,TCRBJ01-02
fc469fe1fde676f637f6cf145d45a94a,CASSFYNTPNYGYTF,0.0252854119827621,TCRBV05-04,TCRBJ01-02
fc469fe1fde676f637f6cf145d45a94a,CASSYKGGNNYGYTF,0.02523141710922244,TCRBV03-01/03-02,TCRBJ01-02
fc469fe1fde676f637f6cf145d45a94a,CASSGWYAFF,0.025215185181478094,TCRBV06-X,TCRBJ01-01
fc469fe1fde676f637f6cf145d45a94a,CASSQDPPPWHLHQPQHF,0.02521412451049186,TCRBV04-02,TCRBJ01-05
fc469fe1fde676f637f6cf145d45a94a,CASSYSPYGYTF,0.025209182122495483,TCRBV06-05,TCRBJ01-02
fc469fe1fde676f637f6cf145d45a94a,CAWMGEWRTEAFF,0.025197929773103058,TCRBV30-01,TCRBJ01-01
fc469fe1fde676f637f6cf145d45a94a,CSAGTFGPYANYGYTF,0.02519553027606962,TCRBV20-X,TCRBJ01-02
fc469fe1fde676f637f6cf145d45a94a,CAWSVVAAFF,0.025125787570512297,TCRBV30-01,TCRBJ01-01
fc469fe1fde676f637f6cf145d45a94a,CASSFYGYGYTF,0.02511705979779907,TCRBV12-03/12-04,TCRBJ01-02
fc469fe1fde676f637f6cf145d45a94a,CASVF,0.025106683447113646,TCRBV15-01,TCRBJ01-04
fc469fe1fde676f637f6cf145d45a94a,CASSGGCPYGYTF,0.025062437920170287,TCRBV21-01,TCRBJ01-02
fc469fe1fde676f637f6cf145d45a94a,CAWKWWGGGTEAFF,0.025057862323091352,TCRBV30-01,TCRBJ01-01
fcfa0407128165806a2c1282f7dc4679,CAYHAGYYGYTF,0.03642898647847575,TCRBV10-03,TCRBJ01-02
fcfa0407128165806a2c1282f7dc4679,CAWNPNWGYGYTF,0.033459321180434494,TCRBV30-01,TCRBJ01-02
fcfa0407128165806a2c1282f7dc4679,IYF,0.03337645449027785,TCRBV29-01,TCRBJ01-03
fcfa0407128165806a2c1282f7dc4679,YYGYTF,0.03255509989612471,TCRBV12-02,TCRBJ01-02
fcfa0407128165806a2c1282f7dc4679,CASIIQGNHEQYF,0.031100380167296212,TCRBV12-03/12-04,TCRBJ02-07
fcfa0407128165806a2c1282f7dc4679,WPPPAGGGPGE,0.03074027821710656,TCRBV24-01,TCRBJ02-07
fcfa0407128165806a2c1282f7dc4679,CSAHKVF,0.030476203180776935,TCRBV20-01,TCRBJ02-01
fcfa0407128165806a2c1282f7dc4679,WAPPAGGGPGE,0.030403136505173626,TCRBV24-01,TCRBJ02-07
fcfa0407128165806a2c1282f7dc4679,CASSKWWGKYF,0.02996656843030529,TCRBV23-01,TCRBJ02-03
fcfa0407128165806a2c1282f7dc4679,WARWGPGGGQPQHF,0.029955549185771164,TCRBV06-X,TCRBJ01-05
fcfa0407128165806a2c1282f7dc4679,CASNYGGPTYYGYTF,0.029848404739845073,TCRBV06-06,TCRBJ01-02
fcfa0407128165806a2c1282f7dc4679,CAWGGQGGWYGYTF,0.02976291057980147,TCRBV30-01,TCRBJ01-02
fcfa0407128165806a2c1282f7dc4679,CASSYNWGAGGYTF,0.029422906765070242,TCRBV06-05,TCRBJ01-02
fcfa0407128165806a2c1282f7dc4679,CASSYTGGWGGYTF,0.029075441929524,TCRBV12-X,TCRBJ01-02
fcfa0407128165806a2c1282f7dc4679,CASSSWTGAGGGYGYTF,0.028747868205089008,unresolved,TCRBJ01-02
fcfa0407128165806a2c1282f7dc4679,KNSPLHF,0.02859182813411089,TCRBV28-01,TCRBJ01-06
fcfa0407128165806a2c1282f7dc4679,CAWYPGGNYGYTF,0.028369138156593282,TCRBV30-01,TCRBJ01-02
fcfa0407128165806a2c1282f7dc4679,YTF,0.028244634335945453,TCRBV29-01,TCRBJ01-02
fcfa0407128165806a2c1282f7dc4679,CSASCCGGAF,0.02803584847841187,TCRBV20-01,TCRBJ01-02
fcfa0407128165806a2c1282f7dc4679,CASPPHF,0.02746326239951907,TCRBV07-09,TCRBJ02-07
fcfa0407128165806a2c1282f7dc4679,CASSEVWWWSFF,0.027373983667620453,TCRBV02-01,TCRBJ02-01
fcfa0407128165806a2c1282f7dc4679,CASSSQPQAPYQPQHF,0.027301483573559285,TCRBV06-X,TCRBJ01-05
fcfa0407128165806a2c1282f7dc4679,CAWTPWGTPHYGYTF,0.027230207406510547,TCRBV30-01,TCRBJ01-02
fcfa0407128165806a2c1282f7dc4679,CAWSDGWTYGYTF,0.027182736890433705,TCRBV30-01,TCRBJ01-02
fcfa0407128165806a2c1282f7dc4679,CAWKWAYYGYTF,0.02715390775097957,TCRBV30-01,TCRBJ01-02
fcfa0407128165806a2c1282f7dc4679,CAWSGPGYYGYTF,0.027149905530469122,TCRBV30-01,TCRBJ01-02
fcfa0407128165806a2c1282f7dc4679,CASSYSTGGWGGYTF,0.027024036239307984,TCRBV06-05,TCRBJ01-02
fcfa0407128165806a2c1282f7dc4679,CASSLWGGFNYGYTF,0.02695678487547321,TCRBV27-01,TCRBJ01-02
fcfa0407128165806a2c1282f7dc4679,CASSPGQANWYAGANYGYTF,0.02692009654982096,TCRBV06-06,TCRBJ01-02
fcfa0407128165806a2c1282f7dc4679,CASSPWGGSNYGYTF,0.026897005747770437,TCRBV07-02,TCRBJ01-02
fcfa0407128165806a2c1282f7dc4679,CAIKAGYGYGYTF,0.026850084496073796,TCRBV10-03,TCRBJ01-02
fcfa0407128165806a2c1282f7dc4679,EVWNSPLHF,0.026808003981174593,TCRBV07-02,TCRBJ01-06
fcfa0407128165806a2c1282f7dc4679,CASTLGYYYGYTF,0.026689735962772135,TCRBV12-03/12-04,TCRBJ01-02
fcfa0407128165806a2c1282f7dc4679,CASKWKGGKEGAFF,0.026584558856192993,TCRBV19-01,TCRBJ01-01
fcfa0407128165806a2c1282f7dc4679,RRGNYGYTF,0.026581350772879386,TCRBV25-01,TCRBJ01-02
fcfa0407128165806a2c1282f7dc4679,CASSSAGGTGGFGYTF,0.026504528087793633,TCRBV12-X,TCRBJ01-02
fcfa0407128165806a2c1282f7dc4679,CAWSHPLPGHQPQHF,0.02645936605202819,TCRBV30-01,TCRBJ01-05
fcfa0407128165806a2c1282f7dc4679,CSASGGAGHSVNYGYTF,0.026342493576255836,TCRBV20-X,TCRBJ01-02
fcfa0407128165806a2c1282f7dc4679,CASSYWGGSPYEQYF,0.026306824812995813,TCRBV06-05,TCRBJ02-07
fcfa0407128165806a2c1282f7dc4679,KNIQYF,0.026278103409909125,TCRBV21-01,TCRBJ02-04
fcfa0407128165806a2c1282f7dc4679,CASSDTDSWWGGYTF,0.02622340795411842,TCRBV06-04,TCRBJ01-02
fcfa0407128165806a2c1282f7dc4679,CASSFGGGFNYGYTF,0.026084793517761145,TCRBV03-01/03-02,TCRBJ01-02
fcfa0407128165806a2c1282f7dc4679,CSAPPYTF,0.026069257593911172,TCRBV20-01,TCRBJ01-02
fcfa0407128165806a2c1282f7dc4679,CASWGPEAFF,0.026066353649661485,TCRBV06-05,TCRBJ01-01
fcfa0407128165806a2c1282f7dc4679,CASSYRWGGGYTF,0.02603482248278979,TCRBV05-04,TCRBJ01-02
fcfa0407128165806a2c1282f7dc4679,CASSYSWGMGAYYGYTF,0.02600427951431101,TCRBV06-X,TCRBJ01-02
fcfa0407128165806a2c1282f7dc4679,CASSYWHYTIYF,0.025987445962258954,TCRBV06-09,TCRBJ01-03
fcfa0407128165806a2c1282f7dc4679,CASSHKGHKAFF,0.02597428111259894,TCRBV03-01/03-02,TCRBJ01-01
fcfa0407128165806a2c1282f7dc4679,CAWGGQGYYGYTF,0.025876373447211307,TCRBV30-01,TCRBJ01-02
fcfa0407128165806a2c1282f7dc4679,CASVYGVGYGYTF,0.025863236340528704,TCRBV06-05,TCRBJ01-02
fcfa0407128165806a2c1282f7dc4679,CAKTPHPYGYTF,0.02584955338001359,TCRBV24-01,TCRBJ01-02
fcfa0407128165806a2c1282f7dc4679,CASSYHGQAYYSNQPQHF,0.02582957757323395,TCRBV28-01,TCRBJ01-05
fcfa0407128165806a2c1282f7dc4679,CASWGGPNYGYTF,0.025791343838040687,TCRBV04-01,TCRBJ01-02
fcfa0407128165806a2c1282f7dc4679,CASSFTKAPWDGDWWDGYTF,0.025742041192668562,TCRBV28-01,TCRBJ01-02
fcfa0407128165806a2c1282f7dc4679,CASGAPGANVLTF,0.025659990996070255,TCRBV07-03,TCRBJ02-06
fcfa0407128165806a2c1282f7dc4679,CASSAGPRRAWAWGNEKLFF,0.02565990009348683,TCRBV21-01,TCRBJ01-04
fcfa0407128165806a2c1282f7dc4679,CAWPLYWGGPTALPHGYTF,0.025648842122108658,TCRBV30-01,TCRBJ01-02
fcfa0407128165806a2c1282f7dc4679,CAWKLWGAGYTF,0.025620433316617935,TCRBV30-01,TCRBJ01-02
fcfa0407128165806a2c1282f7dc4679,CSGGHNYGYTF,0.025524255909955242,TCRBV29-01,TCRBJ01-02
fcfa0407128165806a2c1282f7dc4679,CASSTYYRGSNYGYTF,0.025512164199668865,TCRBV05-08,TCRBJ01-02
fcfa0407128165806a2c1282f7dc4679,CSVYHVYGYTF,0.02549999808495649,TCRBV29-01,TCRBJ01-02
fcfa0407128165806a2c1282f7dc4679,CAWGGWTAEAFF,0.02546363568867864,TCRBV30-01,TCRBJ01-01
fcfa0407128165806a2c1282f7dc4679,CASSHWGGGPGNTIYF,0.02536130354452189,TCRBV07-09,TCRBJ01-03
fcfa0407128165806a2c1282f7dc4679,CAWGQGGHQPQHF,0.025330158647385657,TCRBV30-01,TCRBJ01-05
fcfa0407128165806a2c1282f7dc4679,CASSYYGYTF,0.025281230020721406,TCRBV06-05,TCRBJ01-02
fcfa0407128165806a2c1282f7dc4679,CASSYWDRGPYGYTF,0.02528068804545802,TCRBV06-05,TCRBJ01-02
fcfa0407128165806a2c1282f7dc4679,CASIGVYTIYF,0.025263964347025204,TCRBV28-01,TCRBJ01-03
fcfa0407128165806a2c1282f7dc4679,CASSNPFSWGNRAFF,0.025252517987648528,TCRBV06-05,TCRBJ01-01
fcfa0407128165806a2c1282f7dc4679,CASSLGGTGGDGANVLTF,0.02523547081653033,TCRBV05-01,TCRBJ02-06
fcfa0407128165806a2c1282f7dc4679,CASSWSWLAFF,0.025105695788421253,TCRBV12-03/12-04,TCRBJ01-01
fcfa0407128165806a2c1282f7dc4679,CASSVWWGFYGYTF,0.025079734095245863,TCRBV02-01,TCRBJ01-02
fcfa0407128165806a2c1282f7dc4679,CSASWGGYGYTF,0.025065467407416338,TCRBV20-01,TCRBJ01-02
fcfa0407128165806a2c1282f7dc4679,WGVKNIQYF,0.025012626409368535,TCRBV05-06,TCRBJ02-04
fcfa0407128165806a2c1282f7dc4679,CAWVVGANVLTF,0.025007569908976308,TCRBV30-01,TCRBJ02-06
fcfa0407128165806a2c1282f7dc4679,CASTMFGGYYGYTF,0.024997395976427132,TCRBV06-05,TCRBJ01-02
fcfa0407128165806a2c1282f7dc4679,CAWSSVF,0.024987731426564495,TCRBV30-01,TCRBJ02-01
fcfa0407128165806a2c1282f7dc4679,CAWWDRHLYGYTF,0.02498567523839516,TCRBV30-01,TCRBJ01-02
fcfa0407128165806a2c1282f7dc4679,CASSFHYYGYTF,0.0249406126912725,TCRBV28-01,TCRBJ01-02
fcfa0407128165806a2c1282f7dc4679,CASSLPGPYYNYGYTF,0.024934355963610363,TCRBV11-03,TCRBJ01-02
fcfa0407128165806a2c1282f7dc4679,CASSYAPANNYGYTF,0.024931359305361046,TCRBV06-06,TCRBJ01-02
fcfa0407128165806a2c1282f7dc4679,CATHPVGKGYGYTF,0.02492875707645365,TCRBV10-03,TCRBJ01-02
fcfa0407128165806a2c1282f7dc4679,CASSYSGGYSGNTIYF,0.024918373979074194,TCRBV06-05,TCRBJ01-03
fcfa0407128165806a2c1282f7dc4679,PYF,0.024917609319367883,TCRBV11-02,TCRBJ02-07
fcfa0407128165806a2c1282f7dc4679,CASSIPRPHQPQHF,0.024855778099750807,TCRBV19-01,TCRBJ01-05
fcfa0407128165806a2c1282f7dc4679,CASIGGHYYGYTF,0.024847512891591855,TCRBV10-02,TCRBJ01-02
fcfa0407128165806a2c1282f7dc4679,VRYGYTF,0.024843037623869534,TCRBV20-01,TCRBJ01-02
fcfa0407128165806a2c1282f7dc4679,CAWGRVYGYTF,0.02483257384954752,TCRBV30-01,TCRBJ01-02
